patient_id	cohort	disease_id	disease	gene	allele_1	allele_2	PMID	filename
PAVS_MASTER_0001	439_2017_1821_MOESM1_ESM.tsv			CEP152	CEP152:NM_001194998:exon16:c.2021G>T:p.C674F			generated/PAVS_MASTER_0001.json
PAVS_MASTER_0002	439_2017_1821_MOESM1_ESM.tsv			ASXL3	ASXL3:NM_030632:exon12:c.4117_4118insAGAT:p.K1373fs (het)			generated/PAVS_MASTER_0002.json
PAVS_MASTER_0003	439_2017_1821_MOESM1_ESM.tsv			CEP97	CEP97:NM_001303401:exon11:c.1737G>A:p.W579X			generated/PAVS_MASTER_0003.json
PAVS_MASTER_0004	439_2017_1821_MOESM1_ESM.tsv							generated/PAVS_MASTER_0004.json
PAVS_MASTER_0005	439_2017_1821_MOESM1_ESM.tsv			COL6A2	COL6A2:NM_058175:exon26:c.2422+1G>A			generated/PAVS_MASTER_0005.json
PAVS_MASTER_0006	439_2017_1821_MOESM1_ESM.tsv			SH3TC2	SH3TC2:NM_024577:exon11:c.2238dupC:p.C747fs			generated/PAVS_MASTER_0006.json
PAVS_MASTER_0007	439_2017_1821_MOESM1_ESM.tsv			RYR1	RYR1:NM_001042723:exon97:c.14194C>T:p.R4732W			generated/PAVS_MASTER_0007.json
PAVS_MASTER_0008	439_2017_1821_MOESM1_ESM.tsv			CYP7B1	CYP7B1:NM_004820:exon4:c.1057G>T:p.E353X			generated/PAVS_MASTER_0008.json
PAVS_MASTER_0009	439_2017_1821_MOESM1_ESM.tsv							generated/PAVS_MASTER_0009.json
PAVS_MASTER_0010	439_2017_1821_MOESM1_ESM.tsv			ARSA	ARSA:NM_000487:exon5:c.877C>T:p.R293X			generated/PAVS_MASTER_0010.json
PAVS_MASTER_0011	439_2017_1821_MOESM1_ESM.tsv			ADAT3	ADAT3:NM_138422:exon2:c.430G>A:p.V144M			generated/PAVS_MASTER_0011.json
PAVS_MASTER_0012	439_2017_1821_MOESM1_ESM.tsv			LAMA2	LAMA2:NM_000426:exon26:c.3924+2T>C, Hom			generated/PAVS_MASTER_0012.json
PAVS_MASTER_0013	439_2017_1821_MOESM1_ESM.tsv							generated/PAVS_MASTER_0013.json
PAVS_MASTER_0014	439_2017_1821_MOESM1_ESM.tsv							generated/PAVS_MASTER_0014.json
PAVS_MASTER_0015	439_2017_1821_MOESM1_ESM.tsv							generated/PAVS_MASTER_0015.json
PAVS_MASTER_0016	439_2017_1821_MOESM1_ESM.tsv			SETX	SETX:NM_015046:exon10:c.1202T>C:p.M401T			generated/PAVS_MASTER_0016.json
PAVS_MASTER_0017	439_2017_1821_MOESM1_ESM.tsv			G6PC	G6PC:NM_000151:exon2:c.247C>T:p.R83C;GAA:NM_000152:exon2:c.266G>A:p.R89H			generated/PAVS_MASTER_0017.json
PAVS_MASTER_0018	439_2017_1821_MOESM1_ESM.tsv			CIT	CIT:NM_001206999:exon10:c.1154C>A:p.T385N			generated/PAVS_MASTER_0018.json
PAVS_MASTER_0019	439_2017_1821_MOESM1_ESM.tsv							generated/PAVS_MASTER_0019.json
PAVS_MASTER_0020	439_2017_1821_MOESM1_ESM.tsv			RNASEH2A	RNASEH2A:NM_006397:exon6:c.557G>A:p.R186Q			generated/PAVS_MASTER_0020.json
PAVS_MASTER_0021	439_2017_1821_MOESM1_ESM.tsv			HUWE1	HUWE1:NM_031407:exon68:c.10540G>C:p.A3514P			generated/PAVS_MASTER_0021.json
PAVS_MASTER_0022	439_2017_1821_MOESM1_ESM.tsv			WNT5A	WNT5A:NM_001256105:exon5:c.784C>T:p.R262W			generated/PAVS_MASTER_0022.json
PAVS_MASTER_0023	439_2017_1821_MOESM1_ESM.tsv							generated/PAVS_MASTER_0023.json
PAVS_MASTER_0024	439_2017_1821_MOESM1_ESM.tsv							generated/PAVS_MASTER_0024.json
PAVS_MASTER_0025	439_2017_1821_MOESM1_ESM.tsv							generated/PAVS_MASTER_0025.json
PAVS_MASTER_0026	439_2017_1821_MOESM1_ESM.tsv							generated/PAVS_MASTER_0026.json
PAVS_MASTER_0027	439_2017_1821_MOESM1_ESM.tsv							generated/PAVS_MASTER_0027.json
PAVS_MASTER_0028	439_2017_1821_MOESM1_ESM.tsv							generated/PAVS_MASTER_0028.json
PAVS_MASTER_0029	439_2017_1821_MOESM1_ESM.tsv			MECP2	MECP2:NM_001110792:exon3:c.538C>T:p.R180X			generated/PAVS_MASTER_0029.json
PAVS_MASTER_0030	439_2017_1821_MOESM1_ESM.tsv							generated/PAVS_MASTER_0030.json
PAVS_MASTER_0031	439_2017_1821_MOESM1_ESM.tsv							generated/PAVS_MASTER_0031.json
PAVS_MASTER_0032	439_2017_1821_MOESM1_ESM.tsv			SSTR1	SSTR1:NM_001049:exon3:c.1169_1170insGCTCTGAGCCCGGGCCACGCAGGG:p.T390delinsTLX			generated/PAVS_MASTER_0032.json
PAVS_MASTER_0033	439_2017_1821_MOESM1_ESM.tsv			CTNNA2	CTNNA2:NM_001164883:exon4:c.299G>C:p.G100A			generated/PAVS_MASTER_0033.json
PAVS_MASTER_0034	439_2017_1821_MOESM1_ESM.tsv			SLC13A5	SLC13A5:NM_001284510:exon8:c.1098dupC:p.I367fs			generated/PAVS_MASTER_0034.json
PAVS_MASTER_0035	439_2017_1821_MOESM1_ESM.tsv			TUBGCP6	TUBGCP6:NM_020461:exon23:c.5001delG:p.Q1667fs			generated/PAVS_MASTER_0035.json
PAVS_MASTER_0036	439_2017_1821_MOESM1_ESM.tsv			ATL1	ATL1:NM_015915:exon12:c.1283T>C:p.L428P			generated/PAVS_MASTER_0036.json
PAVS_MASTER_0037	439_2017_1821_MOESM1_ESM.tsv			GALC	GALC:NM_000153:exon1:c.157C>T:p.R53W			generated/PAVS_MASTER_0037.json
PAVS_MASTER_0038	439_2017_1821_MOESM1_ESM.tsv			ELOVL4	ELOVL4:NM_022726:exon5:c.575A>G:p.H192R			generated/PAVS_MASTER_0038.json
PAVS_MASTER_0039	439_2017_1821_MOESM1_ESM.tsv			ELOVL4	ELOVL4:NM_022726:exon5:c.575A>G:p.H192R			generated/PAVS_MASTER_0039.json
PAVS_MASTER_0040	439_2017_1821_MOESM1_ESM.tsv			CHD8	CHD8:NM_001170629:exon26:c.4984C>T:p.R1662X			generated/PAVS_MASTER_0040.json
PAVS_MASTER_0041	439_2017_1821_MOESM1_ESM.tsv			GAA	GAA:NM_000152:exon14:c.1969delC:p.L657fs			generated/PAVS_MASTER_0041.json
PAVS_MASTER_0042	439_2017_1821_MOESM1_ESM.tsv			COG6	COG6: chr13:40273614, deep intronic			generated/PAVS_MASTER_0042.json
PAVS_MASTER_0043	439_2017_1821_MOESM1_ESM.tsv			ITPA	ITPA:NM_001267623:exon2:c.92A>G:p.D31G			generated/PAVS_MASTER_0043.json
PAVS_MASTER_0044	439_2017_1821_MOESM1_ESM.tsv							generated/PAVS_MASTER_0044.json
PAVS_MASTER_0045	439_2017_1821_MOESM1_ESM.tsv							generated/PAVS_MASTER_0045.json
PAVS_MASTER_0046	439_2017_1821_MOESM1_ESM.tsv			CHD7	CHD7:NM_017780:exon2:c.817C>T:p.P273S			generated/PAVS_MASTER_0046.json
PAVS_MASTER_0047	439_2017_1821_MOESM1_ESM.tsv							generated/PAVS_MASTER_0047.json
PAVS_MASTER_0048	439_2017_1821_MOESM1_ESM.tsv							generated/PAVS_MASTER_0048.json
PAVS_MASTER_0049	439_2017_1821_MOESM1_ESM.tsv							generated/PAVS_MASTER_0049.json
PAVS_MASTER_0050	439_2017_1821_MOESM1_ESM.tsv			PYCR1	PYCR1: NM_006907:exon4:c.540+1G>A			generated/PAVS_MASTER_0050.json
PAVS_MASTER_0051	439_2017_1821_MOESM1_ESM.tsv			SPG21	SPG21:NM_001127889:exon3:c.118C>T:p.R40X			generated/PAVS_MASTER_0051.json
PAVS_MASTER_0052	439_2017_1821_MOESM1_ESM.tsv							generated/PAVS_MASTER_0052.json
PAVS_MASTER_0053	439_2017_1821_MOESM1_ESM.tsv			KIF7	KIF7:NM_198525:exon17:c.3365C>G:p.S1122W			generated/PAVS_MASTER_0053.json
PAVS_MASTER_0054	439_2017_1821_MOESM1_ESM.tsv			DFNB31	DFNB31:NM_001083885:exon9:c.991C>T:p.Q331X			generated/PAVS_MASTER_0054.json
PAVS_MASTER_0055	439_2017_1821_MOESM1_ESM.tsv			FANCA	FANCA:NM_000135:exon11:c.964C>T:p.H322Y (het)			generated/PAVS_MASTER_0055.json
PAVS_MASTER_0056	439_2017_1821_MOESM1_ESM.tsv							generated/PAVS_MASTER_0056.json
PAVS_MASTER_0057	439_2017_1821_MOESM1_ESM.tsv							generated/PAVS_MASTER_0057.json
PAVS_MASTER_0058	439_2017_1821_MOESM1_ESM.tsv			DLD	DLD:NM_001289750:exon7:c.388G>T:p.G130C			generated/PAVS_MASTER_0058.json
PAVS_MASTER_0059	439_2017_1821_MOESM1_ESM.tsv			CYP2U1	CYP2U1:NM_183075:exon2:c.947A>T:p.D316V			generated/PAVS_MASTER_0059.json
PAVS_MASTER_0060	439_2017_1821_MOESM1_ESM.tsv							generated/PAVS_MASTER_0060.json
PAVS_MASTER_0061	439_2017_1821_MOESM1_ESM.tsv			DMXL1	DMXL1:NM_001290321:exon18:c.4256delG:p.C1419fs			generated/PAVS_MASTER_0061.json
PAVS_MASTER_0062	439_2017_1821_MOESM1_ESM.tsv			CDHR1	CDHR1:NM_033100:exon17:c.2516_2522del:p.T839fs; JAG1:NM_000214:exon20:c.2429C>G:p.P810R			generated/PAVS_MASTER_0062.json
PAVS_MASTER_0063	439_2017_1821_MOESM1_ESM.tsv			RDH12	RDH12:NM_152443:exon4:c.139G>A:p.A47T			generated/PAVS_MASTER_0063.json
PAVS_MASTER_0064	439_2017_1821_MOESM1_ESM.tsv			COG6	COG6: NM_001145079:exon12:c.1075-1G>T			generated/PAVS_MASTER_0064.json
PAVS_MASTER_0065	439_2017_1821_MOESM1_ESM.tsv							generated/PAVS_MASTER_0065.json
PAVS_MASTER_0066	439_2017_1821_MOESM1_ESM.tsv			MCPH1	MCPH1:NM_024596:exon14:c.2477G>T:p.C826F (het)			generated/PAVS_MASTER_0066.json
PAVS_MASTER_0067	439_2017_1821_MOESM1_ESM.tsv							generated/PAVS_MASTER_0067.json
PAVS_MASTER_0068	439_2017_1821_MOESM1_ESM.tsv			ATXN1L	ATXN1L:NM_001137675:exon3:c.982C>T:p.R328W			generated/PAVS_MASTER_0068.json
PAVS_MASTER_0069	439_2017_1821_MOESM1_ESM.tsv							generated/PAVS_MASTER_0069.json
PAVS_MASTER_0070	439_2017_1821_MOESM1_ESM.tsv							generated/PAVS_MASTER_0070.json
PAVS_MASTER_0071	439_2017_1821_MOESM1_ESM.tsv							generated/PAVS_MASTER_0071.json
PAVS_MASTER_0072	439_2017_1821_MOESM1_ESM.tsv							generated/PAVS_MASTER_0072.json
PAVS_MASTER_0073	439_2017_1821_MOESM1_ESM.tsv							generated/PAVS_MASTER_0073.json
PAVS_MASTER_0074	439_2017_1821_MOESM1_ESM.tsv			SEC16A	SEC16A:NM_001276418:exon5:c.3820C>T:p.R1274C			generated/PAVS_MASTER_0074.json
PAVS_MASTER_0075	439_2017_1821_MOESM1_ESM.tsv							generated/PAVS_MASTER_0075.json
PAVS_MASTER_0076	439_2017_1821_MOESM1_ESM.tsv							generated/PAVS_MASTER_0076.json
PAVS_MASTER_0077	439_2017_1821_MOESM1_ESM.tsv			COL1A1	COL1A1:NM_000088:exon31:c.2050G>A:p.E684K			generated/PAVS_MASTER_0077.json
PAVS_MASTER_0078	439_2017_1821_MOESM1_ESM.tsv			LAMA2	LAMA2: NM_000426:exon26:c.3924+2T>C			generated/PAVS_MASTER_0078.json
PAVS_MASTER_0079	439_2017_1821_MOESM1_ESM.tsv			SLC2A10	SLC2A10:NM_030777:exon2:c.243C>G:p.S81R			generated/PAVS_MASTER_0079.json
PAVS_MASTER_0080	439_2017_1821_MOESM1_ESM.tsv			GJC2	GJC2:NM_020435:exon2:c.755A>G:p.H252R			generated/PAVS_MASTER_0080.json
PAVS_MASTER_0081	439_2017_1821_MOESM1_ESM.tsv			ABHD6	ABHD6:NM_020676:exon3:c.185A>C:p.Y62S			generated/PAVS_MASTER_0081.json
PAVS_MASTER_0082	439_2017_1821_MOESM1_ESM.tsv			C12orf57	C12orf57:NM_001301837:exon1:c.1A>G:p.?			generated/PAVS_MASTER_0082.json
PAVS_MASTER_0083	439_2017_1821_MOESM1_ESM.tsv							generated/PAVS_MASTER_0083.json
PAVS_MASTER_0084	439_2017_1821_MOESM1_ESM.tsv			GAP43	GAP43:NM_002045:exon3:c.629-3C>T			generated/PAVS_MASTER_0084.json
PAVS_MASTER_0085	439_2017_1821_MOESM1_ESM.tsv			WDR62	WDR62:NM_001083961:exon2:c.269G>T:p.G90V			generated/PAVS_MASTER_0085.json
PAVS_MASTER_0086	439_2017_1821_MOESM1_ESM.tsv							generated/PAVS_MASTER_0086.json
PAVS_MASTER_0087	439_2017_1821_MOESM1_ESM.tsv			ALDH7A1	ALDH7A1:NM_001202404:exon12:c.1168G>C:p.E390Q			generated/PAVS_MASTER_0087.json
PAVS_MASTER_0088	439_2017_1821_MOESM1_ESM.tsv			SIRT2	SIRT2:NM_001193286:exon3:c.70G>T:p.E24X			generated/PAVS_MASTER_0088.json
PAVS_MASTER_0089	439_2017_1821_MOESM1_ESM.tsv			SEC24D	SEC24D:NM_014822:exon15:c.1984A>C:p.N662H			generated/PAVS_MASTER_0089.json
PAVS_MASTER_0090	439_2017_1821_MOESM1_ESM.tsv			COG6	COG6:NM_020751:exon19:c.1961C>T:p.T654M			generated/PAVS_MASTER_0090.json
PAVS_MASTER_0091	439_2017_1821_MOESM1_ESM.tsv			SCN1A	SCN1A:NM_001165963:exon17:c.3521C>G:p.T1174S,			generated/PAVS_MASTER_0091.json
PAVS_MASTER_0092	439_2017_1821_MOESM1_ESM.tsv			ATP6V1B2	ATP6V1B2:NM_001693:exon10:c.1001T>C:p.I334T (hom)			generated/PAVS_MASTER_0092.json
PAVS_MASTER_0093	439_2017_1821_MOESM1_ESM.tsv			MECP2	MECP2:NM_001110792:exon3:c.509C>T:p.T170M (het)			generated/PAVS_MASTER_0093.json
PAVS_MASTER_0094	439_2017_1821_MOESM1_ESM.tsv			NPAT	NPAT:NM_002519:exon17:c.3644C>T:p.S1215L			generated/PAVS_MASTER_0094.json
PAVS_MASTER_0095	439_2017_1821_MOESM1_ESM.tsv			ANKRD11	ANKRD11:NM_001256183:exon9:c.4970C>A:p.S1657X			generated/PAVS_MASTER_0095.json
PAVS_MASTER_0096	439_2017_1821_MOESM1_ESM.tsv			COL5A1	COL5A1:NM_000093:exon49:c.3883C>T:p.L1295F			generated/PAVS_MASTER_0096.json
PAVS_MASTER_0097	439_2017_1821_MOESM1_ESM.tsv			IFNL1	IFNL1:NM_172140:exon3:c.305T>C:p.L102P			generated/PAVS_MASTER_0097.json
PAVS_MASTER_0098	439_2017_1821_MOESM1_ESM.tsv			RIMS2	RIMS2:NM_014677:exon2:c.418C>T:p.R140C			generated/PAVS_MASTER_0098.json
PAVS_MASTER_0099	439_2017_1821_MOESM1_ESM.tsv			UBR4	UBR4:NM_020765:exon22:c.2873C>A:p.S958Y			generated/PAVS_MASTER_0099.json
PAVS_MASTER_0100	439_2017_1821_MOESM1_ESM.tsv			MFSD8	MFSD8:NM_152778:exon9:c.863+1G>A			generated/PAVS_MASTER_0100.json
PAVS_MASTER_0101	439_2017_1821_MOESM1_ESM.tsv							generated/PAVS_MASTER_0101.json
PAVS_MASTER_0102	439_2017_1821_MOESM1_ESM.tsv							generated/PAVS_MASTER_0102.json
PAVS_MASTER_0103	439_2017_1821_MOESM1_ESM.tsv							generated/PAVS_MASTER_0103.json
PAVS_MASTER_0104	439_2017_1821_MOESM1_ESM.tsv			TECPR2	TECPR2:NM_001172631:exon13:c.2998G>T:p.D1000Y			generated/PAVS_MASTER_0104.json
PAVS_MASTER_0105	439_2017_1821_MOESM1_ESM.tsv			RLBP1	RLBP1:NM_000326:exon8:c.773T>G:p.L258W/SYT9:NM_175733:exon7:c.1471C>T:p.R491X			generated/PAVS_MASTER_0105.json
PAVS_MASTER_0106	439_2017_1821_MOESM1_ESM.tsv			SLC5A1	SLC5A1:NM_001256314:exon7:c.384C>G:p.C128W			generated/PAVS_MASTER_0106.json
PAVS_MASTER_0107	439_2017_1821_MOESM1_ESM.tsv							generated/PAVS_MASTER_0107.json
PAVS_MASTER_0108	439_2017_1821_MOESM1_ESM.tsv			ABCB4	ABCB4:NM_018849:exon13:c.1560+3A>G			generated/PAVS_MASTER_0108.json
PAVS_MASTER_0109	439_2017_1821_MOESM1_ESM.tsv			FOXP2	FOXP2:NM_001172767:exon2:c.199C>G:p.Q67E			generated/PAVS_MASTER_0109.json
PAVS_MASTER_0110	439_2017_1821_MOESM1_ESM.tsv							generated/PAVS_MASTER_0110.json
PAVS_MASTER_0111	439_2017_1821_MOESM1_ESM.tsv							generated/PAVS_MASTER_0111.json
PAVS_MASTER_0112	439_2017_1821_MOESM1_ESM.tsv							generated/PAVS_MASTER_0112.json
PAVS_MASTER_0113	439_2017_1821_MOESM1_ESM.tsv			UBR4	UBR4:NM_020765:exon66:c.9787G>A:p.A3263T			generated/PAVS_MASTER_0113.json
PAVS_MASTER_0114	439_2017_1821_MOESM1_ESM.tsv			MYO18B	MYO18B:NM_032608:exon32:c.5259+3A>G (het)			generated/PAVS_MASTER_0114.json
PAVS_MASTER_0115	439_2017_1821_MOESM1_ESM.tsv							generated/PAVS_MASTER_0115.json
PAVS_MASTER_0116	439_2017_1821_MOESM1_ESM.tsv							generated/PAVS_MASTER_0116.json
PAVS_MASTER_0117	439_2017_1821_MOESM1_ESM.tsv			LCA5	LCA5:NM_001122769:exon4:c.763C>T:p.R255X (hom)			generated/PAVS_MASTER_0117.json
PAVS_MASTER_0118	439_2017_1821_MOESM1_ESM.tsv							generated/PAVS_MASTER_0118.json
PAVS_MASTER_0119	439_2017_1821_MOESM1_ESM.tsv			COL1A1	COL1A1:NM_000088:exon21:c.1426G>A:p.G476R			generated/PAVS_MASTER_0119.json
PAVS_MASTER_0120	439_2017_1821_MOESM1_ESM.tsv							generated/PAVS_MASTER_0120.json
PAVS_MASTER_0121	439_2017_1821_MOESM1_ESM.tsv							generated/PAVS_MASTER_0121.json
PAVS_MASTER_0122	439_2017_1821_MOESM1_ESM.tsv			ASPM	ASPM:NM_001206846:exon3:c.1138C>T:p.Q380X			generated/PAVS_MASTER_0122.json
PAVS_MASTER_0123	439_2017_1821_MOESM1_ESM.tsv			NSDHL	NSDHL:NM_015922:exon6:c.664G>A:p.G222S			generated/PAVS_MASTER_0123.json
PAVS_MASTER_0124	439_2017_1821_MOESM1_ESM.tsv			ATP7B	ATP7B:NM_001005918:exon15:c.3400G>A:p.G1134S			generated/PAVS_MASTER_0124.json
PAVS_MASTER_0125	439_2017_1821_MOESM1_ESM.tsv			GAMT	GAMT:NM_000156:exon4:c.403G>C:p.D135H			generated/PAVS_MASTER_0125.json
PAVS_MASTER_0126	439_2017_1821_MOESM1_ESM.tsv			MTPAP	MTPAP:NM_018109:exon6:c.1034C>G:p.A345G (hom)			generated/PAVS_MASTER_0126.json
PAVS_MASTER_0127	439_2017_1821_MOESM1_ESM.tsv			EPHA6	EPHA6:NM_001080448:exon3:c.793A>G:p.T265A			generated/PAVS_MASTER_0127.json
PAVS_MASTER_0128	439_2017_1821_MOESM1_ESM.tsv			FBN1	FBN1:NM_000138:exon42:c.5087A>G:p.Y1696C			generated/PAVS_MASTER_0128.json
PAVS_MASTER_0129	439_2017_1821_MOESM1_ESM.tsv			RNASEH2B	RNASEH2B:NM_001142279:exon5:c.356A>G:p.D119G			generated/PAVS_MASTER_0129.json
PAVS_MASTER_0130	439_2017_1821_MOESM1_ESM.tsv							generated/PAVS_MASTER_0130.json
PAVS_MASTER_0131	439_2017_1821_MOESM1_ESM.tsv							generated/PAVS_MASTER_0131.json
PAVS_MASTER_0132	439_2017_1821_MOESM1_ESM.tsv			ABCD4	ABCD4:NM_005050:exon19:c.1776_1777del:p.L592fs			generated/PAVS_MASTER_0132.json
PAVS_MASTER_0133	439_2017_1821_MOESM1_ESM.tsv			IL17RA	IL17RA:NM_001289905:exon1:c.111_118del:p.D37fs			generated/PAVS_MASTER_0133.json
PAVS_MASTER_0134	439_2017_1821_MOESM1_ESM.tsv							generated/PAVS_MASTER_0134.json
PAVS_MASTER_0135	439_2017_1821_MOESM1_ESM.tsv			PAH	PAH:NM_000277:exon11:c.1066-11G>A (hom)			generated/PAVS_MASTER_0135.json
PAVS_MASTER_0136	439_2017_1821_MOESM1_ESM.tsv							generated/PAVS_MASTER_0136.json
PAVS_MASTER_0137	439_2017_1821_MOESM1_ESM.tsv							generated/PAVS_MASTER_0137.json
PAVS_MASTER_0138	439_2017_1821_MOESM1_ESM.tsv							generated/PAVS_MASTER_0138.json
PAVS_MASTER_0139	439_2017_1821_MOESM1_ESM.tsv							generated/PAVS_MASTER_0139.json
PAVS_MASTER_0140	439_2017_1821_MOESM1_ESM.tsv							generated/PAVS_MASTER_0140.json
PAVS_MASTER_0141	439_2017_1821_MOESM1_ESM.tsv			ABCB4	ABCB4:NM_000443:exon6:c.526C>T:p.R176W			generated/PAVS_MASTER_0141.json
PAVS_MASTER_0142	439_2017_1821_MOESM1_ESM.tsv							generated/PAVS_MASTER_0142.json
PAVS_MASTER_0143	439_2017_1821_MOESM1_ESM.tsv							generated/PAVS_MASTER_0143.json
PAVS_MASTER_0144	439_2017_1821_MOESM1_ESM.tsv			SLC1A1	SLC1A1:NM_004170:exon3:c.271delG:p.G91fs (het)			generated/PAVS_MASTER_0144.json
PAVS_MASTER_0145	439_2017_1821_MOESM1_ESM.tsv							generated/PAVS_MASTER_0145.json
PAVS_MASTER_0146	439_2017_1821_MOESM1_ESM.tsv			COL6A2	COL6A2:NM_058175:exon15:c.1332+2T>C (HOM)			generated/PAVS_MASTER_0146.json
PAVS_MASTER_0147	439_2017_1821_MOESM1_ESM.tsv							generated/PAVS_MASTER_0147.json
PAVS_MASTER_0148	439_2017_1821_MOESM1_ESM.tsv							generated/PAVS_MASTER_0148.json
PAVS_MASTER_0149	439_2017_1821_MOESM1_ESM.tsv							generated/PAVS_MASTER_0149.json
PAVS_MASTER_0150	439_2017_1821_MOESM1_ESM.tsv			EIF2B3	EIF2B3:NM_001166588:exon4:c.350T>C:p.V117A			generated/PAVS_MASTER_0150.json
PAVS_MASTER_0151	439_2017_1821_MOESM1_ESM.tsv			GBA	GBA:NM_001171811:exon9:c.1187T>C:p.L396P			generated/PAVS_MASTER_0151.json
PAVS_MASTER_0152	439_2017_1821_MOESM1_ESM.tsv							generated/PAVS_MASTER_0152.json
PAVS_MASTER_0153	439_2017_1821_MOESM1_ESM.tsv			AKR1D1	AKR1D1:NM_001190907:exon5:c.509A>G:p.N170S			generated/PAVS_MASTER_0153.json
PAVS_MASTER_0154	439_2017_1821_MOESM1_ESM.tsv							generated/PAVS_MASTER_0154.json
PAVS_MASTER_0155	439_2017_1821_MOESM1_ESM.tsv							generated/PAVS_MASTER_0155.json
PAVS_MASTER_0156	439_2017_1821_MOESM1_ESM.tsv			CHRNA2	CHRNA2:NM_000742:exon7:c.1568C>T:p.P523L			generated/PAVS_MASTER_0156.json
PAVS_MASTER_0157	439_2017_1821_MOESM1_ESM.tsv			RPS6KA3	RPS6KA3:NM_004586:exon8:c.631+13T>C			generated/PAVS_MASTER_0157.json
PAVS_MASTER_0158	439_2017_1821_MOESM1_ESM.tsv			CYP7B1	CYP7B1:NM_004820:exon4:c.1057G>T:p.E353X			generated/PAVS_MASTER_0158.json
PAVS_MASTER_0159	439_2017_1821_MOESM1_ESM.tsv							generated/PAVS_MASTER_0159.json
PAVS_MASTER_0160	439_2017_1821_MOESM1_ESM.tsv							generated/PAVS_MASTER_0160.json
PAVS_MASTER_0161	439_2017_1821_MOESM1_ESM.tsv							generated/PAVS_MASTER_0161.json
PAVS_MASTER_0162	439_2017_1821_MOESM1_ESM.tsv							generated/PAVS_MASTER_0162.json
PAVS_MASTER_0163	439_2017_1821_MOESM1_ESM.tsv							generated/PAVS_MASTER_0163.json
PAVS_MASTER_0164	439_2017_1821_MOESM1_ESM.tsv			IL12B	IL12B:NM_002187:exon3:c.320dupA:p.K107fs			generated/PAVS_MASTER_0164.json
PAVS_MASTER_0165	439_2017_1821_MOESM1_ESM.tsv							generated/PAVS_MASTER_0165.json
PAVS_MASTER_0166	439_2017_1821_MOESM1_ESM.tsv			SLC4A4	SLC4A4:NM_003759:exon6:c.883G>A:p.E295K			generated/PAVS_MASTER_0166.json
PAVS_MASTER_0167	439_2017_1821_MOESM1_ESM.tsv			WDR35	WDR35:NM_001006657:exon3:c.206G>A:p.G69D			generated/PAVS_MASTER_0167.json
PAVS_MASTER_0168	439_2017_1821_MOESM1_ESM.tsv			MGAT2	MGAT2:NM_002408:exon1:c.711G>C:p.K237N			generated/PAVS_MASTER_0168.json
PAVS_MASTER_0169	439_2017_1821_MOESM1_ESM.tsv							generated/PAVS_MASTER_0169.json
PAVS_MASTER_0170	439_2017_1821_MOESM1_ESM.tsv			LPIN2	LPIN2:NM_014646:exon12:c.1684C>T:p.R562X			generated/PAVS_MASTER_0170.json
PAVS_MASTER_0171	439_2017_1821_MOESM1_ESM.tsv							generated/PAVS_MASTER_0171.json
PAVS_MASTER_0172	439_2017_1821_MOESM1_ESM.tsv							generated/PAVS_MASTER_0172.json
PAVS_MASTER_0173	439_2017_1821_MOESM1_ESM.tsv							generated/PAVS_MASTER_0173.json
PAVS_MASTER_0174	439_2017_1821_MOESM1_ESM.tsv							generated/PAVS_MASTER_0174.json
PAVS_MASTER_0175	439_2017_1821_MOESM1_ESM.tsv			CAMTA1	CAMTA1:NM_015215:exon9:c.2603G>T:p.G868V			generated/PAVS_MASTER_0175.json
PAVS_MASTER_0176	439_2017_1821_MOESM1_ESM.tsv							generated/PAVS_MASTER_0176.json
PAVS_MASTER_0177	439_2017_1821_MOESM1_ESM.tsv			HSD3B7	HSD3B7:NM_025193:exon6:c.694+2T>			generated/PAVS_MASTER_0177.json
PAVS_MASTER_0178	439_2017_1821_MOESM1_ESM.tsv							generated/PAVS_MASTER_0178.json
PAVS_MASTER_0179	439_2017_1821_MOESM1_ESM.tsv							generated/PAVS_MASTER_0179.json
PAVS_MASTER_0180	439_2017_1821_MOESM1_ESM.tsv			CANT1	CANT1:NM_138793:exon4:c.906_907insGCGCC:p.S303fs			generated/PAVS_MASTER_0180.json
PAVS_MASTER_0181	439_2017_1821_MOESM1_ESM.tsv			ANKRD11	ANKRD11:NM_001256183:exon9:c.4892G>A:p.R1631Q			generated/PAVS_MASTER_0181.json
PAVS_MASTER_0182	439_2017_1821_MOESM1_ESM.tsv							generated/PAVS_MASTER_0182.json
PAVS_MASTER_0183	439_2017_1821_MOESM1_ESM.tsv							generated/PAVS_MASTER_0183.json
PAVS_MASTER_0184	439_2017_1821_MOESM1_ESM.tsv			STAT2	STAT2:NM_005419:exon21:c.2000G>A:p.R667Q			generated/PAVS_MASTER_0184.json
PAVS_MASTER_0185	439_2017_1821_MOESM1_ESM.tsv							generated/PAVS_MASTER_0185.json
PAVS_MASTER_0186	439_2017_1821_MOESM1_ESM.tsv							generated/PAVS_MASTER_0186.json
PAVS_MASTER_0187	439_2017_1821_MOESM1_ESM.tsv							generated/PAVS_MASTER_0187.json
PAVS_MASTER_0188	439_2017_1821_MOESM1_ESM.tsv			KMT2D	KMT2D:NM_003482:exon39:c.12952A>G:p.K4318E	NC_000012.11:g.49425536T>C		generated/PAVS_MASTER_0188.json
PAVS_MASTER_0189	439_2017_1821_MOESM1_ESM.tsv							generated/PAVS_MASTER_0189.json
PAVS_MASTER_0190	439_2017_1821_MOESM1_ESM.tsv							generated/PAVS_MASTER_0190.json
PAVS_MASTER_0191	439_2017_1821_MOESM1_ESM.tsv							generated/PAVS_MASTER_0191.json
PAVS_MASTER_0192	439_2017_1821_MOESM1_ESM.tsv			NDST1	NDST1:NM_001543:exon3:c.985C>T:p.R329C	NC_000005.9:g.149907837C>T		generated/PAVS_MASTER_0192.json
PAVS_MASTER_0193	439_2017_1821_MOESM1_ESM.tsv			ALS2	ALS2:NM_020919:exon6:c.1501C>T:p.R501W	NC_000002.11:g.202619365G>A		generated/PAVS_MASTER_0193.json
PAVS_MASTER_0194	439_2017_1821_MOESM1_ESM.tsv			ATP2B3	ATP2B3:NM_001001344:exon20:c.3626C>A:p.P1209H	NC_000023.10:g.152845719C>A		generated/PAVS_MASTER_0194.json
PAVS_MASTER_0195	439_2017_1821_MOESM1_ESM.tsv							generated/PAVS_MASTER_0195.json
PAVS_MASTER_0196	439_2017_1821_MOESM1_ESM.tsv			NOTCH2	NOTCH2: NM_024408:exon29:c.5213+11T>A	NC_000001.10:g.120464848A>T		generated/PAVS_MASTER_0196.json
PAVS_MASTER_0197	439_2017_1821_MOESM1_ESM.tsv							generated/PAVS_MASTER_0197.json
PAVS_MASTER_0198	439_2017_1821_MOESM1_ESM.tsv			CREBBP	CREBBP:NM_001079846:exon30:c.5855_5863del:p.1952_1955del	NC_000016.9:g.3779071_3779079del		generated/PAVS_MASTER_0198.json
PAVS_MASTER_0199	439_2017_1821_MOESM1_ESM.tsv							generated/PAVS_MASTER_0199.json
PAVS_MASTER_0200	439_2017_1821_MOESM1_ESM.tsv							generated/PAVS_MASTER_0200.json
PAVS_MASTER_0201	439_2017_1821_MOESM1_ESM.tsv							generated/PAVS_MASTER_0201.json
PAVS_MASTER_0202	439_2017_1821_MOESM1_ESM.tsv			KCTD7	KCTD7:NM_001167961:exon4:c.550C>T:p.R184C	NC_000007.13:g.66103899C>T		generated/PAVS_MASTER_0202.json
PAVS_MASTER_0203	439_2017_1821_MOESM1_ESM.tsv			DYNC1H1	DYNC1H1:NM_001376:exon8:c.1792C>T:p.R598C	NC_000014.8:g.102452354C>T		generated/PAVS_MASTER_0203.json
PAVS_MASTER_0204	439_2017_1821_MOESM1_ESM.tsv							generated/PAVS_MASTER_0204.json
PAVS_MASTER_0205	439_2017_1821_MOESM1_ESM.tsv			TSC2	TSC2:NM_001077183:exon28:c.3163G>A:p.G1055R;	NC_000016.9:g.2130263G>A;		generated/PAVS_MASTER_0205.json
PAVS_MASTER_0206	439_2017_1821_MOESM1_ESM.tsv			KDM6A	KDM6A:NM_001291416:exon17:c.2236A>G:p.N746D	NC_000023.11:g.45069870A>G		generated/PAVS_MASTER_0206.json
PAVS_MASTER_0207	439_2017_1821_MOESM1_ESM.tsv			POLR3A	POLR3A:NM_007055:exon13:c.1672T>G:p.F558V	NC_000010.10:g.79769720A>C		generated/PAVS_MASTER_0207.json
PAVS_MASTER_0208	439_2017_1821_MOESM1_ESM.tsv			C12orf57	C12orf57:NM_001301837:exon1:c.1A>G:p.M1V,	NC_000012.12:g.6944122A>G		generated/PAVS_MASTER_0208.json
PAVS_MASTER_0209	439_2017_1821_MOESM1_ESM.tsv			MEGF10	MEGF10:NM_001256545:exon24:c.3132dupA:p.S1044fs	NC_000005.10:g.127455507dupA		generated/PAVS_MASTER_0209.json
PAVS_MASTER_0210	439_2017_1821_MOESM1_ESM.tsv			CDK5RAP2	CDK5RAP2:NM_001011649:exon13:c.1316T>A:p.L439H	NC_000009.11:g.123253751A>T		generated/PAVS_MASTER_0210.json
PAVS_MASTER_0211	439_2017_1821_MOESM1_ESM.tsv			TTN	TTN:NM_003319:exon186:c.75610G>C:p.A25204P	NC_000002.12:g.178533810C>G		generated/PAVS_MASTER_0211.json
PAVS_MASTER_0212	439_2017_1821_MOESM1_ESM.tsv							generated/PAVS_MASTER_0212.json
PAVS_MASTER_0213	439_2017_1821_MOESM1_ESM.tsv							generated/PAVS_MASTER_0213.json
PAVS_MASTER_0214	439_2017_1821_MOESM1_ESM.tsv							generated/PAVS_MASTER_0214.json
PAVS_MASTER_0215	439_2017_1821_MOESM1_ESM.tsv							generated/PAVS_MASTER_0215.json
PAVS_MASTER_0216	439_2017_1821_MOESM1_ESM.tsv							generated/PAVS_MASTER_0216.json
PAVS_MASTER_0217	439_2017_1821_MOESM1_ESM.tsv			DMD	DMD:NM_000109:exon25:c.3365A>G:p.E1122G			generated/PAVS_MASTER_0217.json
PAVS_MASTER_0218	439_2017_1821_MOESM1_ESM.tsv							generated/PAVS_MASTER_0218.json
PAVS_MASTER_0219	439_2017_1821_MOESM1_ESM.tsv							generated/PAVS_MASTER_0219.json
PAVS_MASTER_0220	439_2017_1821_MOESM1_ESM.tsv			CENPJ	CENPJ: NM_018451:exon8:c.2693-3T>C			generated/PAVS_MASTER_0220.json
PAVS_MASTER_0221	439_2017_1821_MOESM1_ESM.tsv							generated/PAVS_MASTER_0221.json
PAVS_MASTER_0222	439_2017_1821_MOESM1_ESM.tsv			CHRNA2	CHRNA2:NM_000742:exon6:c.537C>G:p.Y179X			generated/PAVS_MASTER_0222.json
PAVS_MASTER_0223	439_2017_1821_MOESM1_ESM.tsv							generated/PAVS_MASTER_0223.json
PAVS_MASTER_0224	439_2017_1821_MOESM1_ESM.tsv							generated/PAVS_MASTER_0224.json
PAVS_MASTER_0225	439_2017_1821_MOESM1_ESM.tsv			TFG	TFG:NM_001007565:exon4:c.320G>C:p.R107P			generated/PAVS_MASTER_0225.json
PAVS_MASTER_0226	439_2017_1821_MOESM1_ESM.tsv			CUL7	CUL7:NM_001168370:exon9:c.2398C>T:p.R800W			generated/PAVS_MASTER_0226.json
PAVS_MASTER_0227	439_2017_1821_MOESM1_ESM.tsv			KMT2A	KMT2A:NM_001197104:exon7:c.3790C>T:p.R1264X			generated/PAVS_MASTER_0227.json
PAVS_MASTER_0228	439_2017_1821_MOESM1_ESM.tsv							generated/PAVS_MASTER_0228.json
PAVS_MASTER_0229	439_2017_1821_MOESM1_ESM.tsv							generated/PAVS_MASTER_0229.json
PAVS_MASTER_0230	439_2017_1821_MOESM1_ESM.tsv							generated/PAVS_MASTER_0230.json
PAVS_MASTER_0231	439_2017_1821_MOESM1_ESM.tsv							generated/PAVS_MASTER_0231.json
PAVS_MASTER_0232	439_2017_1821_MOESM1_ESM.tsv			SCN1A	SCN1A:NM_001165963:exon26:c.5864T>C:p.I1955T			generated/PAVS_MASTER_0232.json
PAVS_MASTER_0233	439_2017_1821_MOESM1_ESM.tsv							generated/PAVS_MASTER_0233.json
PAVS_MASTER_0234	439_2017_1821_MOESM1_ESM.tsv			FGFR2	FGFR2:NM_001144916:exon4:c.521A>C:p.Q174P	NC_000010.10:g.123279566T>G		generated/PAVS_MASTER_0234.json
PAVS_MASTER_0235	439_2017_1821_MOESM1_ESM.tsv							generated/PAVS_MASTER_0235.json
PAVS_MASTER_0236	439_2017_1821_MOESM1_ESM.tsv							generated/PAVS_MASTER_0236.json
PAVS_MASTER_0237	439_2017_1821_MOESM1_ESM.tsv							generated/PAVS_MASTER_0237.json
PAVS_MASTER_0238	439_2017_1821_MOESM1_ESM.tsv			PLEKHG5	PLEKHG5:NM_001042664:exon5:c.292A>T:p.K98X			generated/PAVS_MASTER_0238.json
PAVS_MASTER_0239	439_2017_1821_MOESM1_ESM.tsv							generated/PAVS_MASTER_0239.json
PAVS_MASTER_0240	439_2017_1821_MOESM1_ESM.tsv			SCN1A	SCN1A:NM_001165963:exon9:c.1177_1178insTTAC:p.R393fs			generated/PAVS_MASTER_0240.json
PAVS_MASTER_0241	439_2017_1821_MOESM1_ESM.tsv							generated/PAVS_MASTER_0241.json
PAVS_MASTER_0242	439_2017_1821_MOESM1_ESM.tsv			PMP22	PMP22:NM_153322:exon3:c.277G>C:p.G93R; SHANK2:NM_133266:exon7:c.647G>A:p.R216Q			generated/PAVS_MASTER_0242.json
PAVS_MASTER_0243	439_2017_1821_MOESM1_ESM.tsv			MRE11A	MRE11A:NM_005590:exon7:c.630G>C:p.W210C			generated/PAVS_MASTER_0243.json
PAVS_MASTER_0244	439_2017_1821_MOESM1_ESM.tsv			COL1A2	COL1A2:NM_000089:exon7:c.292C>T:p.P98S			generated/PAVS_MASTER_0244.json
PAVS_MASTER_0245	439_2017_1821_MOESM1_ESM.tsv			ITPR1	ITPR1:NM_002222:exon50:c.6862C>T:p.R2288X			generated/PAVS_MASTER_0245.json
PAVS_MASTER_0246	439_2017_1821_MOESM1_ESM.tsv			EP300	EP300:NM_001429:exon31:c.6677G>A:p.R2226Q			generated/PAVS_MASTER_0246.json
PAVS_MASTER_0247	439_2017_1821_MOESM1_ESM.tsv							generated/PAVS_MASTER_0247.json
PAVS_MASTER_0248	439_2017_1821_MOESM1_ESM.tsv							generated/PAVS_MASTER_0248.json
PAVS_MASTER_0249	439_2017_1821_MOESM1_ESM.tsv							generated/PAVS_MASTER_0249.json
PAVS_MASTER_0250	439_2017_1821_MOESM1_ESM.tsv			PRG4	PRG4:NM_001127710:exon8:c.3502_3506del:p.R1168fs			generated/PAVS_MASTER_0250.json
PAVS_MASTER_0251	439_2017_1821_MOESM1_ESM.tsv							generated/PAVS_MASTER_0251.json
PAVS_MASTER_0252	439_2017_1821_MOESM1_ESM.tsv							generated/PAVS_MASTER_0252.json
PAVS_MASTER_0253	439_2017_1821_MOESM1_ESM.tsv							generated/PAVS_MASTER_0253.json
PAVS_MASTER_0254	439_2017_1821_MOESM1_ESM.tsv			ESCO2	ESCO2:NM_001017420:exon7:c.1132-7A>G			generated/PAVS_MASTER_0254.json
PAVS_MASTER_0255	439_2017_1821_MOESM1_ESM.tsv							generated/PAVS_MASTER_0255.json
PAVS_MASTER_0256	439_2017_1821_MOESM1_ESM.tsv							generated/PAVS_MASTER_0256.json
PAVS_MASTER_0257	439_2017_1821_MOESM1_ESM.tsv			ELP2	ELP2:NM_001242879:exon16:c.1855C>T:p.R619X; KDM5C:NM_001146702:exon17:c.2447A>G:p.Y816C			generated/PAVS_MASTER_0257.json
PAVS_MASTER_0258	439_2017_1821_MOESM1_ESM.tsv			CBL	CBL:NM_005188:exon8:c.1096-1G>T			generated/PAVS_MASTER_0258.json
PAVS_MASTER_0259	439_2017_1821_MOESM1_ESM.tsv			DMD	DMD:NM_004011:exon7:c.982G>A:p.E328K			generated/PAVS_MASTER_0259.json
PAVS_MASTER_0260	439_2017_1821_MOESM1_ESM.tsv			SCN4A	SCN4A:NM_000334:exon24:c.4390G>C:p.G1464R			generated/PAVS_MASTER_0260.json
PAVS_MASTER_0261	439_2017_1821_MOESM1_ESM.tsv			DRD5	DRD5:NM_000798:exon1:c.656C>T:p.S219F			generated/PAVS_MASTER_0261.json
PAVS_MASTER_0262	439_2017_1821_MOESM1_ESM.tsv							generated/PAVS_MASTER_0262.json
PAVS_MASTER_0263	439_2017_1821_MOESM1_ESM.tsv			FIG4	FIG4:NM_014845:exon7:c.773C>G:p.S258X/FIG4:NM_014845:exon8:c.847C>T:p.R283C			generated/PAVS_MASTER_0263.json
PAVS_MASTER_0264	439_2017_1821_MOESM1_ESM.tsv							generated/PAVS_MASTER_0264.json
PAVS_MASTER_0265	439_2017_1821_MOESM1_ESM.tsv							generated/PAVS_MASTER_0265.json
PAVS_MASTER_0266	439_2017_1821_MOESM1_ESM.tsv							generated/PAVS_MASTER_0266.json
PAVS_MASTER_0267	439_2017_1821_MOESM1_ESM.tsv			UBE3B	UBE3B: NM_183415:exon8:c.630+1G>T			generated/PAVS_MASTER_0267.json
PAVS_MASTER_0268	439_2017_1821_MOESM1_ESM.tsv							generated/PAVS_MASTER_0268.json
PAVS_MASTER_0269	439_2017_1821_MOESM1_ESM.tsv			CYP2U1	CYP2U1:uc011cfi.2:exon4:c.320A>T:p.D107V			generated/PAVS_MASTER_0269.json
PAVS_MASTER_0270	439_2017_1821_MOESM1_ESM.tsv			ERCC6	ERCC6:NM_000124:exon10:c.2047C>T:p.R683X			generated/PAVS_MASTER_0270.json
PAVS_MASTER_0271	439_2017_1821_MOESM1_ESM.tsv							generated/PAVS_MASTER_0271.json
PAVS_MASTER_0272	439_2017_1821_MOESM1_ESM.tsv							generated/PAVS_MASTER_0272.json
PAVS_MASTER_0273	439_2017_1821_MOESM1_ESM.tsv			KCNMA1	KCNMA1:NM_001271520:exon2:c.495C>A:p.C165X			generated/PAVS_MASTER_0273.json
PAVS_MASTER_0274	439_2017_1821_MOESM1_ESM.tsv			MAN2B1	MAN2B1:NM_000528:exon9:c.1153C>A:p.H385N			generated/PAVS_MASTER_0274.json
PAVS_MASTER_0275	439_2017_1821_MOESM1_ESM.tsv							generated/PAVS_MASTER_0275.json
PAVS_MASTER_0276	439_2017_1821_MOESM1_ESM.tsv							generated/PAVS_MASTER_0276.json
PAVS_MASTER_0277	439_2017_1821_MOESM1_ESM.tsv			ERCC6	ERCC6:NM_000124:exon13:c.2569C>T:p.R857X			generated/PAVS_MASTER_0277.json
PAVS_MASTER_0278	439_2017_1821_MOESM1_ESM.tsv			LMNA	LMNA:NM_001257374:exon8:c.1151C>T:p.T384M			generated/PAVS_MASTER_0278.json
PAVS_MASTER_0279	439_2017_1821_MOESM1_ESM.tsv			CYP27A1	CYP27A1:NM_000784:exon3:c.472C>T:p.R158C			generated/PAVS_MASTER_0279.json
PAVS_MASTER_0280	439_2017_1821_MOESM1_ESM.tsv							generated/PAVS_MASTER_0280.json
PAVS_MASTER_0281	439_2017_1821_MOESM1_ESM.tsv							generated/PAVS_MASTER_0281.json
PAVS_MASTER_0282	439_2017_1821_MOESM1_ESM.tsv			INPPL1	INPPL1:NM_001567:exon19:c.2164delT:p.F722fs			generated/PAVS_MASTER_0282.json
PAVS_MASTER_0283	439_2017_1821_MOESM1_ESM.tsv			GRIN2A	GRIN2A:NM_001134407:exon3:c.905C>T:p.A302V			generated/PAVS_MASTER_0283.json
PAVS_MASTER_0284	439_2017_1821_MOESM1_ESM.tsv							generated/PAVS_MASTER_0284.json
PAVS_MASTER_0285	439_2017_1821_MOESM1_ESM.tsv							generated/PAVS_MASTER_0285.json
PAVS_MASTER_0286	439_2017_1821_MOESM1_ESM.tsv							generated/PAVS_MASTER_0286.json
PAVS_MASTER_0287	439_2017_1821_MOESM1_ESM.tsv							generated/PAVS_MASTER_0287.json
PAVS_MASTER_0288	439_2017_1821_MOESM1_ESM.tsv			LBR	LBR:NM_002296:exon12:c.1535G>A:p.R512Q			generated/PAVS_MASTER_0288.json
PAVS_MASTER_0289	439_2017_1821_MOESM1_ESM.tsv			LBR	LBR:NM_002296:exon12:c.1535G>A:p.R512Q			generated/PAVS_MASTER_0289.json
PAVS_MASTER_0290	439_2017_1821_MOESM1_ESM.tsv							generated/PAVS_MASTER_0290.json
PAVS_MASTER_0291	439_2017_1821_MOESM1_ESM.tsv							generated/PAVS_MASTER_0291.json
PAVS_MASTER_0292	439_2017_1821_MOESM1_ESM.tsv			TSC2	TSC2:NM_001077183:exon38:c.4937G>A:p.R1646H			generated/PAVS_MASTER_0292.json
PAVS_MASTER_0293	439_2017_1821_MOESM1_ESM.tsv							generated/PAVS_MASTER_0293.json
PAVS_MASTER_0294	439_2017_1821_MOESM1_ESM.tsv							generated/PAVS_MASTER_0294.json
PAVS_MASTER_0295	439_2017_1821_MOESM1_ESM.tsv							generated/PAVS_MASTER_0295.json
PAVS_MASTER_0296	439_2017_1821_MOESM1_ESM.tsv							generated/PAVS_MASTER_0296.json
PAVS_MASTER_0297	439_2017_1821_MOESM1_ESM.tsv							generated/PAVS_MASTER_0297.json
PAVS_MASTER_0298	439_2017_1821_MOESM1_ESM.tsv							generated/PAVS_MASTER_0298.json
PAVS_MASTER_0299	439_2017_1821_MOESM1_ESM.tsv			SYNGAP1	SYNGAP1:NM_006772:exon5:c.490C>T:p.R164X			generated/PAVS_MASTER_0299.json
PAVS_MASTER_0300	439_2017_1821_MOESM1_ESM.tsv							generated/PAVS_MASTER_0300.json
PAVS_MASTER_0301	439_2017_1821_MOESM1_ESM.tsv							generated/PAVS_MASTER_0301.json
PAVS_MASTER_0302	439_2017_1821_MOESM1_ESM.tsv			KDM6B	KDM6B:NM_001080424:exon11:c.2032C>A:p.L678M			generated/PAVS_MASTER_0302.json
PAVS_MASTER_0303	439_2017_1821_MOESM1_ESM.tsv			WDR81	WDR81:NM_001163673:exon8:c.1582C>T:p.R528C			generated/PAVS_MASTER_0303.json
PAVS_MASTER_0304	439_2017_1821_MOESM1_ESM.tsv							generated/PAVS_MASTER_0304.json
PAVS_MASTER_0305	439_2017_1821_MOESM1_ESM.tsv							generated/PAVS_MASTER_0305.json
PAVS_MASTER_0306	439_2017_1821_MOESM1_ESM.tsv							generated/PAVS_MASTER_0306.json
PAVS_MASTER_0307	439_2017_1821_MOESM1_ESM.tsv			PPIB	PPIB:NM_000942:exon4:c.451C>T:p.Q151X			generated/PAVS_MASTER_0307.json
PAVS_MASTER_0308	439_2017_1821_MOESM1_ESM.tsv							generated/PAVS_MASTER_0308.json
PAVS_MASTER_0309	439_2017_1821_MOESM1_ESM.tsv							generated/PAVS_MASTER_0309.json
PAVS_MASTER_0310	439_2017_1821_MOESM1_ESM.tsv							generated/PAVS_MASTER_0310.json
PAVS_MASTER_0311	439_2017_1821_MOESM1_ESM.tsv							generated/PAVS_MASTER_0311.json
PAVS_MASTER_0312	439_2017_1821_MOESM1_ESM.tsv			SYNE1	SYNE1:NM_033071:exon50:c.7553A>T:p.Q2518L			generated/PAVS_MASTER_0312.json
PAVS_MASTER_0313	439_2017_1821_MOESM1_ESM.tsv							generated/PAVS_MASTER_0313.json
PAVS_MASTER_0314	439_2017_1821_MOESM1_ESM.tsv			PPIB	PPIB:NM_000942:exon4:c.451C>T:p.Q151X			generated/PAVS_MASTER_0314.json
PAVS_MASTER_0315	439_2017_1821_MOESM1_ESM.tsv			SCN8A	SCN8A:NM_001177984:exon18:c.3377T>G:p.L1126R			generated/PAVS_MASTER_0315.json
PAVS_MASTER_0316	439_2017_1821_MOESM1_ESM.tsv							generated/PAVS_MASTER_0316.json
PAVS_MASTER_0317	439_2017_1821_MOESM1_ESM.tsv							generated/PAVS_MASTER_0317.json
PAVS_MASTER_0318	439_2017_1821_MOESM1_ESM.tsv							generated/PAVS_MASTER_0318.json
PAVS_MASTER_0319	439_2017_1821_MOESM1_ESM.tsv							generated/PAVS_MASTER_0319.json
PAVS_MASTER_0320	439_2017_1821_MOESM1_ESM.tsv							generated/PAVS_MASTER_0320.json
PAVS_MASTER_0321	439_2017_1821_MOESM1_ESM.tsv			MEGF8	MEGF8:NM_001410:exon31:c.5377G>A:p.G1793R			generated/PAVS_MASTER_0321.json
PAVS_MASTER_0322	439_2017_1821_MOESM1_ESM.tsv			KMT2A	KMT2A:NM_001197104:exon4:c.3248G>A:p.R1083Q			generated/PAVS_MASTER_0322.json
PAVS_MASTER_0323	439_2017_1821_MOESM1_ESM.tsv							generated/PAVS_MASTER_0323.json
PAVS_MASTER_0324	439_2017_1821_MOESM1_ESM.tsv							generated/PAVS_MASTER_0324.json
PAVS_MASTER_0325	439_2017_1821_MOESM1_ESM.tsv							generated/PAVS_MASTER_0325.json
PAVS_MASTER_0326	439_2017_1821_MOESM1_ESM.tsv			CSF1R	CSF1R:NM_001288705:exon18:c.2512G>A:p.V838I			generated/PAVS_MASTER_0326.json
PAVS_MASTER_0327	439_2017_1821_MOESM1_ESM.tsv							generated/PAVS_MASTER_0327.json
PAVS_MASTER_0328	439_2017_1821_MOESM1_ESM.tsv			ARID1A	ARID1A:NM_006015:exon12:c.3302A>G:p.Y1101C			generated/PAVS_MASTER_0328.json
PAVS_MASTER_0329	439_2017_1821_MOESM1_ESM.tsv			KMT2A	KMT2A:NM_001197104:exon3:c.3094G>T:p.A1032S			generated/PAVS_MASTER_0329.json
PAVS_MASTER_0330	439_2017_1821_MOESM1_ESM.tsv							generated/PAVS_MASTER_0330.json
PAVS_MASTER_0331	439_2017_1821_MOESM1_ESM.tsv							generated/PAVS_MASTER_0331.json
PAVS_MASTER_0332	439_2017_1821_MOESM1_ESM.tsv			FGFR2	FGFR2:NM_001144916:exon5:c.598G>A:p.A200T			generated/PAVS_MASTER_0332.json
PAVS_MASTER_0333	439_2017_1821_MOESM1_ESM.tsv							generated/PAVS_MASTER_0333.json
PAVS_MASTER_0334	439_2017_1821_MOESM1_ESM.tsv							generated/PAVS_MASTER_0334.json
PAVS_MASTER_0335	439_2017_1821_MOESM1_ESM.tsv			LAMB1	LAMB1:NM_002291:exon22:c.2951C>G:p.T984R			generated/PAVS_MASTER_0335.json
PAVS_MASTER_0336	439_2017_1821_MOESM1_ESM.tsv			SYNGAP1	SYNGAP1:NM_006772:exon7:c.739C>T:p.Q247X			generated/PAVS_MASTER_0336.json
PAVS_MASTER_0337	439_2017_1821_MOESM1_ESM.tsv			FLNB	FLNB:NM_001164317:exon21:c.3482C>T:p.A1161V	NC_000003.11:g.58109175C>T		generated/PAVS_MASTER_0337.json
PAVS_MASTER_0338	439_2017_1821_MOESM1_ESM.tsv			ARID1B	ARID1B:NM_020732:exon3:c.1776+4A>G			generated/PAVS_MASTER_0338.json
PAVS_MASTER_0339	439_2017_1821_MOESM1_ESM.tsv							generated/PAVS_MASTER_0339.json
PAVS_MASTER_0340	439_2017_1821_MOESM1_ESM.tsv			SEPSECS	SEPSECS:NM_016955:exon11:c.1339G>A:p.V447M			generated/PAVS_MASTER_0340.json
PAVS_MASTER_0341	439_2017_1821_MOESM1_ESM.tsv							generated/PAVS_MASTER_0341.json
PAVS_MASTER_0342	439_2017_1821_MOESM1_ESM.tsv							generated/PAVS_MASTER_0342.json
PAVS_MASTER_0343	439_2017_1821_MOESM1_ESM.tsv			FOXP2	FOXP2:NM_001172767:exon2:c.199C>G:p.Q67E			generated/PAVS_MASTER_0343.json
PAVS_MASTER_0344	439_2017_1821_MOESM1_ESM.tsv							generated/PAVS_MASTER_0344.json
PAVS_MASTER_0345	439_2017_1821_MOESM1_ESM.tsv							generated/PAVS_MASTER_0345.json
PAVS_MASTER_0346	439_2017_1821_MOESM1_ESM.tsv							generated/PAVS_MASTER_0346.json
PAVS_MASTER_0347	439_2017_1821_MOESM1_ESM.tsv							generated/PAVS_MASTER_0347.json
PAVS_MASTER_0348	439_2017_1821_MOESM1_ESM.tsv							generated/PAVS_MASTER_0348.json
PAVS_MASTER_0349	439_2017_1821_MOESM1_ESM.tsv			PLA2G6	PLA2G6:NM_001004426:exon13:c.1771C>T:p.R591X			generated/PAVS_MASTER_0349.json
PAVS_MASTER_0350	439_2017_1821_MOESM1_ESM.tsv			GABRD	GABRD:NM_000815:exon8:c.875C>T:p.T292M			generated/PAVS_MASTER_0350.json
PAVS_MASTER_0351	439_2017_1821_MOESM1_ESM.tsv							generated/PAVS_MASTER_0351.json
PAVS_MASTER_0352	439_2017_1821_MOESM1_ESM.tsv			KAT6B	KAT6B:NM_001256468:exon18:c.4807G>A:p.E1603K			generated/PAVS_MASTER_0352.json
PAVS_MASTER_0353	439_2017_1821_MOESM1_ESM.tsv							generated/PAVS_MASTER_0353.json
PAVS_MASTER_0354	439_2017_1821_MOESM1_ESM.tsv			SCO2	SCO2:NM_001169109:exon2:c.667G>A:p.D223N			generated/PAVS_MASTER_0354.json
PAVS_MASTER_0355	439_2017_1821_MOESM1_ESM.tsv							generated/PAVS_MASTER_0355.json
PAVS_MASTER_0356	439_2017_1821_MOESM1_ESM.tsv							generated/PAVS_MASTER_0356.json
PAVS_MASTER_0357	439_2017_1821_MOESM1_ESM.tsv			DMD	DMD:NM_004011:exon16:c.2269C>T:p.R757X			generated/PAVS_MASTER_0357.json
PAVS_MASTER_0358	439_2017_1821_MOESM1_ESM.tsv			GLDC	GLDC:NM_000170:exon3:c.411_412insAATA:p.Y138fs			generated/PAVS_MASTER_0358.json
PAVS_MASTER_0359	439_2017_1821_MOESM1_ESM.tsv							generated/PAVS_MASTER_0359.json
PAVS_MASTER_0360	439_2017_1821_MOESM1_ESM.tsv							generated/PAVS_MASTER_0360.json
PAVS_MASTER_0361	439_2017_1821_MOESM1_ESM.tsv							generated/PAVS_MASTER_0361.json
PAVS_MASTER_0362	439_2017_1821_MOESM1_ESM.tsv			TUBA8	TUBA8:NM_001193414:exon5:c.1066A>T:p.R356W			generated/PAVS_MASTER_0362.json
PAVS_MASTER_0363	439_2017_1821_MOESM1_ESM.tsv							generated/PAVS_MASTER_0363.json
PAVS_MASTER_0364	439_2017_1821_MOESM1_ESM.tsv							generated/PAVS_MASTER_0364.json
PAVS_MASTER_0365	439_2017_1821_MOESM1_ESM.tsv							generated/PAVS_MASTER_0365.json
PAVS_MASTER_0366	439_2017_1821_MOESM1_ESM.tsv			PMP22	PMP22:NM_153322:exon4:c.449G>T:p.G150V			generated/PAVS_MASTER_0366.json
PAVS_MASTER_0367	439_2017_1821_MOESM1_ESM.tsv							generated/PAVS_MASTER_0367.json
PAVS_MASTER_0368	439_2017_1821_MOESM1_ESM.tsv							generated/PAVS_MASTER_0368.json
PAVS_MASTER_0369	439_2017_1821_MOESM1_ESM.tsv			EP300	EP300:NM_001429:exon7:c.1552G>C:p.G518R			generated/PAVS_MASTER_0369.json
PAVS_MASTER_0370	439_2017_1821_MOESM1_ESM.tsv							generated/PAVS_MASTER_0370.json
PAVS_MASTER_0371	439_2017_1821_MOESM1_ESM.tsv			GRIK2	GRIK2:NM_001166247:exon14:c.2179C>T:p.R727X			generated/PAVS_MASTER_0371.json
PAVS_MASTER_0372	439_2017_1821_MOESM1_ESM.tsv			CYP2U1	CYP2U1:uc003hyp.3:exon2:c.947A>T:p.D316V,CYP2U			generated/PAVS_MASTER_0372.json
PAVS_MASTER_0373	439_2017_1821_MOESM1_ESM.tsv							generated/PAVS_MASTER_0373.json
PAVS_MASTER_0374	439_2017_1821_MOESM1_ESM.tsv							generated/PAVS_MASTER_0374.json
PAVS_MASTER_0375	439_2017_1821_MOESM1_ESM.tsv							generated/PAVS_MASTER_0375.json
PAVS_MASTER_0376	439_2017_1821_MOESM1_ESM.tsv			FLVCR2	FLVCR2:NM_001195283:exon7:c.661G>A:p.A221T			generated/PAVS_MASTER_0376.json
PAVS_MASTER_0377	439_2017_1821_MOESM1_ESM.tsv							generated/PAVS_MASTER_0377.json
PAVS_MASTER_0378	439_2017_1821_MOESM1_ESM.tsv			HSPG2	HSPG2:NM_001291860:exon22:c.2750G>A:p.R917Q,			generated/PAVS_MASTER_0378.json
PAVS_MASTER_0379	439_2017_1821_MOESM1_ESM.tsv			KCNT1	KCNT1:NM_001272003:exon18:c.2043C>A:p.D681E			generated/PAVS_MASTER_0379.json
PAVS_MASTER_0380	439_2017_1821_MOESM1_ESM.tsv							generated/PAVS_MASTER_0380.json
PAVS_MASTER_0381	439_2017_1821_MOESM1_ESM.tsv							generated/PAVS_MASTER_0381.json
PAVS_MASTER_0382	439_2017_1821_MOESM1_ESM.tsv							generated/PAVS_MASTER_0382.json
PAVS_MASTER_0383	439_2017_1821_MOESM1_ESM.tsv							generated/PAVS_MASTER_0383.json
PAVS_MASTER_0384	439_2017_1821_MOESM1_ESM.tsv							generated/PAVS_MASTER_0384.json
PAVS_MASTER_0385	439_2017_1821_MOESM1_ESM.tsv			CHRNA1	CHRNA1:NM_000079:exon5:c.440_444del:p.Y147fs			generated/PAVS_MASTER_0385.json
PAVS_MASTER_0386	439_2017_1821_MOESM1_ESM.tsv			FGFR3	FGFR3:NM_000142:exon9:c.1118A>G:p.Y373C			generated/PAVS_MASTER_0386.json
PAVS_MASTER_0387	439_2017_1821_MOESM1_ESM.tsv			COX7A2L	COX7A2L:NM_004718:exon2:c.130A>T:p.K44X			generated/PAVS_MASTER_0387.json
PAVS_MASTER_0388	439_2017_1821_MOESM1_ESM.tsv			COL1A2	COL1A2:NM_000089:exon30:c.1747G>C:p.G583R			generated/PAVS_MASTER_0388.json
PAVS_MASTER_0389	439_2017_1821_MOESM1_ESM.tsv			SALL1	SALL1:NM_001127892:exon2:c.186_187insAGCAGCAGCAGCAGC:p.G63delinsSSSSSG	NC_000016.9:g.51175655_51175656insGCTGCTGCTGCTGCT		generated/PAVS_MASTER_0389.json
PAVS_MASTER_0390	439_2017_1821_MOESM1_ESM.tsv			CACNA1B	CACNA1B:NM_000718:exon45:c.6377G>A:p.R2126H; CACNA1B:NM_000718:exon46:c.6935A>G:p.N2312S			generated/PAVS_MASTER_0390.json
PAVS_MASTER_0391	439_2017_1821_MOESM1_ESM.tsv			HSPG2	HSPG2: NM_005529:exon82:c.11208-7G>A			generated/PAVS_MASTER_0391.json
PAVS_MASTER_0392	439_2017_1821_MOESM1_ESM.tsv							generated/PAVS_MASTER_0392.json
PAVS_MASTER_0393	439_2017_1821_MOESM1_ESM.tsv			WNT10B	WNT10B:NM_003394:exon4:c.338-1G>C			generated/PAVS_MASTER_0393.json
PAVS_MASTER_0394	439_2017_1821_MOESM1_ESM.tsv			SLC26A2	SLC26A2:NM_000112:exon3:c.1010_1012del:p.337_338del			generated/PAVS_MASTER_0394.json
PAVS_MASTER_0395	439_2017_1821_MOESM1_ESM.tsv			NEB	NEB:NM_001271208:exon79:c.11806-1G>A	NC_000002.11:g.152467381C>T		generated/PAVS_MASTER_0395.json
PAVS_MASTER_0396	439_2017_1821_MOESM1_ESM.tsv			BTBD9	BTBD9:NM_001172418:exon6:c.1015C>T:p.R339X	NC_000006.11:g.38370642G>A		generated/PAVS_MASTER_0396.json
PAVS_MASTER_0397	439_2017_1821_MOESM1_ESM.tsv			ADAT3	ADAT3:NM_138422:exon2:c.430G>A:p.V144M	NC_000019.10:g.1912477G>A		generated/PAVS_MASTER_0397.json
PAVS_MASTER_0398	439_2017_1821_MOESM1_ESM.tsv			AHI1	AHI1:NM_001134830:exon14:c.2172A>G:p.I724M (pathogenic but het)			generated/PAVS_MASTER_0398.json
PAVS_MASTER_0399	439_2017_1821_MOESM1_ESM.tsv			DHCR7	DHCR7:NM_001163817:exon4:c.99-4G>A			generated/PAVS_MASTER_0399.json
PAVS_MASTER_0400	439_2017_1821_MOESM1_ESM.tsv			KMT2C	KMT2C:NM_170606:exon36:c.6589C>A:p.Q2197K			generated/PAVS_MASTER_0400.json
PAVS_MASTER_0401	439_2017_1821_MOESM1_ESM.tsv							generated/PAVS_MASTER_0401.json
PAVS_MASTER_0402	439_2017_1821_MOESM1_ESM.tsv			RILPL2	RILPL2:NM_145058:exon1:c.161C>T:p.A54V			generated/PAVS_MASTER_0402.json
PAVS_MASTER_0403	439_2017_1821_MOESM1_ESM.tsv			POLR1D	POLR1D:NM_015972:exon2:c.388G>T:p.E130X			generated/PAVS_MASTER_0403.json
PAVS_MASTER_0404	439_2017_1821_MOESM1_ESM.tsv							generated/PAVS_MASTER_0404.json
PAVS_MASTER_0405	439_2017_1821_MOESM1_ESM.tsv			COL1A2	COL1A2:NM_000089:exon30:c.1747G>C:p.G583R			generated/PAVS_MASTER_0405.json
PAVS_MASTER_0406	439_2017_1821_MOESM1_ESM.tsv			ADGRG7	ADGRG7:NM_032787:exon2:c.170C>A:p.T57N			generated/PAVS_MASTER_0406.json
PAVS_MASTER_0407	439_2017_1821_MOESM1_ESM.tsv			CCDC88C	CCDC88C:NM_001080414:exon25:c.4334C>T:p.P1445L	NC_000014.8:g.91755556G>A		generated/PAVS_MASTER_0407.json
PAVS_MASTER_0408	439_2017_1821_MOESM1_ESM.tsv			DENND4B	DENND4B:NM_014856:exon18:c.2702_2703insGCAGC:p.Q901fs			generated/PAVS_MASTER_0408.json
PAVS_MASTER_0409	439_2017_1821_MOESM1_ESM.tsv							generated/PAVS_MASTER_0409.json
PAVS_MASTER_0410	439_2017_1821_MOESM1_ESM.tsv							generated/PAVS_MASTER_0410.json
PAVS_MASTER_0411	439_2017_1821_MOESM1_ESM.tsv							generated/PAVS_MASTER_0411.json
PAVS_MASTER_0412	439_2017_1821_MOESM1_ESM.tsv			TRIP11	TRIP11:NM_004239:exon6:c.763C>T:p.R255X			generated/PAVS_MASTER_0412.json
PAVS_MASTER_0413	439_2017_1821_MOESM1_ESM.tsv			C12orf57	C12orf57:NM_001301837:exon1:c.1A>G:p.M1V			generated/PAVS_MASTER_0413.json
PAVS_MASTER_0414	439_2017_1821_MOESM1_ESM.tsv			DPAGT1	DPAGT1:NM_001382:exon6:c.729-4A>C			generated/PAVS_MASTER_0414.json
PAVS_MASTER_0415	439_2017_1821_MOESM1_ESM.tsv			DPAGT1	DPAGT1:NM_001382:exon6:c.729-4A>C			generated/PAVS_MASTER_0415.json
PAVS_MASTER_0416	439_2017_1821_MOESM1_ESM.tsv			DNHD1	DNHD1:NM_144666:exon36:c.11815G>A:p.A3939T			generated/PAVS_MASTER_0416.json
PAVS_MASTER_0417	439_2017_1821_MOESM1_ESM.tsv							generated/PAVS_MASTER_0417.json
PAVS_MASTER_0418	439_2017_1821_MOESM1_ESM.tsv			RGS7	RGS7:NM_001282773:exon12:c.817A>G:p.R273G			generated/PAVS_MASTER_0418.json
PAVS_MASTER_0419	439_2017_1821_MOESM1_ESM.tsv							generated/PAVS_MASTER_0419.json
PAVS_MASTER_0420	439_2017_1821_MOESM1_ESM.tsv			PTPN11	PTPN11:NM_002834:exon13:c.1530G>T:p.Q510H			generated/PAVS_MASTER_0420.json
PAVS_MASTER_0421	439_2017_1821_MOESM1_ESM.tsv							generated/PAVS_MASTER_0421.json
PAVS_MASTER_0422	439_2017_1821_MOESM1_ESM.tsv			LBR	LBR:NM_002296:exon12:c.1535G>A:p.R512Q			generated/PAVS_MASTER_0422.json
PAVS_MASTER_0423	439_2017_1821_MOESM1_ESM.tsv			KIAA1109	KIAA1109:NM_015312:exon32:c.5194T>C:p.C1732R			generated/PAVS_MASTER_0423.json
PAVS_MASTER_0424	439_2017_1821_MOESM1_ESM.tsv			ITGB4	"ITGB4:NM_001005619:exon24:c.2854delC:p.P952fs (explains the EB)
P3H1:NM_001146289:exon2:c.570_571del:p.S190fs (explains OI)
THSD1:NM_018676:exon4:c.1091G>A:p.R364H (explains the cystic hygroma)"			generated/PAVS_MASTER_0424.json
PAVS_MASTER_0425	439_2017_1821_MOESM1_ESM.tsv			ADAT3	ADAT3:NM_138422:exon2:c.430G>A:p.V144M			generated/PAVS_MASTER_0425.json
PAVS_MASTER_0426	439_2017_1821_MOESM1_ESM.tsv			EP400	EP400:NM_015409:exon47:c.8226_8227insGCAACAG:p.Q2742fs			generated/PAVS_MASTER_0426.json
PAVS_MASTER_0427	439_2017_1821_MOESM1_ESM.tsv			GALC	GALC:NM_001201401:exon8:c.847G>A:p.A283T			generated/PAVS_MASTER_0427.json
PAVS_MASTER_0428	439_2017_1821_MOESM1_ESM.tsv			NM_015243.2	NM_015243.2:c.1219C>T			generated/PAVS_MASTER_0428.json
PAVS_MASTER_0429	439_2017_1821_MOESM1_ESM.tsv			NRXN2	NRXN2:NM_138732:exon8:c.1625G>A:p.G542D			generated/PAVS_MASTER_0429.json
PAVS_MASTER_0430	439_2017_1821_MOESM1_ESM.tsv							generated/PAVS_MASTER_0430.json
PAVS_MASTER_0431	439_2017_1821_MOESM1_ESM.tsv			IDS	IDS:NM_000202:exon7:c.937C>T:p.R313C			generated/PAVS_MASTER_0431.json
PAVS_MASTER_0432	439_2017_1821_MOESM1_ESM.tsv							generated/PAVS_MASTER_0432.json
PAVS_MASTER_0433	439_2017_1821_MOESM1_ESM.tsv							generated/PAVS_MASTER_0433.json
PAVS_MASTER_0434	439_2017_1821_MOESM1_ESM.tsv							generated/PAVS_MASTER_0434.json
PAVS_MASTER_0435	439_2017_1821_MOESM1_ESM.tsv			SPG11	SPG11:NM_001160227:exon6:c.1270C>A:p.P424T			generated/PAVS_MASTER_0435.json
PAVS_MASTER_0436	439_2017_1821_MOESM1_ESM.tsv			CDK5RAP2	CDK5RAP2:NM_001272039:exon28:c.3982C>T:p.R1328X			generated/PAVS_MASTER_0436.json
PAVS_MASTER_0437	439_2017_1821_MOESM1_ESM.tsv							generated/PAVS_MASTER_0437.json
PAVS_MASTER_0438	439_2017_1821_MOESM1_ESM.tsv			PTPN12	PTPN12:NM_001131009:exon12:c.904C>T:p.R302X			generated/PAVS_MASTER_0438.json
PAVS_MASTER_0439	439_2017_1821_MOESM1_ESM.tsv							generated/PAVS_MASTER_0439.json
PAVS_MASTER_0440	439_2017_1821_MOESM1_ESM.tsv			WDYHV1	WDYHV1:NM_001283024:exon5:c.256C>T:p.R86X			generated/PAVS_MASTER_0440.json
PAVS_MASTER_0441	439_2017_1821_MOESM1_ESM.tsv			SURF1	SURF1:NM_001280787:exon8:c.518_519del:p.S173fs			generated/PAVS_MASTER_0441.json
PAVS_MASTER_0442	439_2017_1821_MOESM1_ESM.tsv			KPNA7	KPNA7:NM_001145715:exon6:c.865G>C:p.V289L			generated/PAVS_MASTER_0442.json
PAVS_MASTER_0443	439_2017_1821_MOESM1_ESM.tsv			COL1A1	COL1A1:NM_000088:exon35:c.2399G>A:p.G800E			generated/PAVS_MASTER_0443.json
PAVS_MASTER_0444	439_2017_1821_MOESM1_ESM.tsv			RAB33B	RAB33B:NM_031296:exon1:c.136A>C:p.K46Q			generated/PAVS_MASTER_0444.json
PAVS_MASTER_0445	439_2017_1821_MOESM1_ESM.tsv			SOX10	SOX10:NM_006941:exon2:c.404delG:p.S135fs			generated/PAVS_MASTER_0445.json
PAVS_MASTER_0446	439_2017_1821_MOESM1_ESM.tsv			DMAP1	DMAP1:NM_019100:exon9:c.1175G>A:p.R392Q			generated/PAVS_MASTER_0446.json
PAVS_MASTER_0447	439_2017_1821_MOESM1_ESM.tsv			SIAH1	SIAH1:NM_001006610:exon1:c.91_91del:p.E31fs			generated/PAVS_MASTER_0447.json
PAVS_MASTER_0448	439_2017_1821_MOESM1_ESM.tsv			PHF8	PHF8:NM_001184896:exon13:c.1568A>G:p.K523R			generated/PAVS_MASTER_0448.json
PAVS_MASTER_0449	439_2017_1821_MOESM1_ESM.tsv			AHI1	AHI1:NM_001134830:exon8:c.1328T>A:p.V443D			generated/PAVS_MASTER_0449.json
PAVS_MASTER_0450	439_2017_1821_MOESM1_ESM.tsv			MFN2	MFN2:NM_001127660:exon8:c.820C>T:p.R274W			generated/PAVS_MASTER_0450.json
PAVS_MASTER_0451	439_2017_1821_MOESM1_ESM.tsv							generated/PAVS_MASTER_0451.json
PAVS_MASTER_0452	439_2017_1821_MOESM1_ESM.tsv			NDST1	NDST1:NM_001301063:exon3:c.985C>T:p.R329C			generated/PAVS_MASTER_0452.json
PAVS_MASTER_0453	439_2017_1821_MOESM1_ESM.tsv							generated/PAVS_MASTER_0453.json
PAVS_MASTER_0454	439_2017_1821_MOESM1_ESM.tsv							generated/PAVS_MASTER_0454.json
PAVS_MASTER_0455	439_2017_1821_MOESM1_ESM.tsv							generated/PAVS_MASTER_0455.json
PAVS_MASTER_0456	439_2017_1821_MOESM1_ESM.tsv			SPG11	SPG11:NM_001160227:exon26:c.4561T>C:p.S1521P			generated/PAVS_MASTER_0456.json
PAVS_MASTER_0457	439_2017_1821_MOESM1_ESM.tsv			CABP1	CABP1:NM_001033677:exon4:c.922C>T:p.R308X			generated/PAVS_MASTER_0457.json
PAVS_MASTER_0458	439_2017_1821_MOESM1_ESM.tsv			FBXL4	FBXL4:NM_012160:exon8:c.1698A>G:p.I566M C19orf47:NM_001256440:exon7:c.602G>A:p.R201H			generated/PAVS_MASTER_0458.json
PAVS_MASTER_0459	439_2017_1821_MOESM1_ESM.tsv							generated/PAVS_MASTER_0459.json
PAVS_MASTER_0460	439_2017_1821_MOESM1_ESM.tsv			G6PD	G6PD:NM_000402:exon6:c.653C>T:p.S218F,G6PD:NM_001042351:exon6:c.563C>T:p.S188F			generated/PAVS_MASTER_0460.json
PAVS_MASTER_0461	439_2017_1821_MOESM1_ESM.tsv			FBXL4	FBXL4:NM_012160:exon8:c.1698A>G:p.I566M			generated/PAVS_MASTER_0461.json
PAVS_MASTER_0462	439_2017_1821_MOESM1_ESM.tsv							generated/PAVS_MASTER_0462.json
PAVS_MASTER_0463	439_2017_1821_MOESM1_ESM.tsv			KRAS	KRAS:NM_004985:exon5:c.458A>T:p.D153V			generated/PAVS_MASTER_0463.json
PAVS_MASTER_0464	439_2017_1821_MOESM1_ESM.tsv			MED25	MED25:NM_030973:exon1:c.116A>G:p.Y39C			generated/PAVS_MASTER_0464.json
PAVS_MASTER_0465	439_2017_1821_MOESM1_ESM.tsv							generated/PAVS_MASTER_0465.json
PAVS_MASTER_0466	439_2017_1821_MOESM1_ESM.tsv			CCP110	CCP110: NM_001199022:exon4:c.1355A>G:p.D452G			generated/PAVS_MASTER_0466.json
PAVS_MASTER_0467	439_2017_1821_MOESM1_ESM.tsv			NBAS	NBAS:NM_015909:exon40:c.4733_4734insCTA:p.Y1578delinsYY			generated/PAVS_MASTER_0467.json
PAVS_MASTER_0468	439_2017_1821_MOESM1_ESM.tsv							generated/PAVS_MASTER_0468.json
PAVS_MASTER_0469	439_2017_1821_MOESM1_ESM.tsv			TGDS	TGDS:NM_001304430:exon3:c.107A>C:p.Q36P: Despite the benign prediction, I really think we should report:			generated/PAVS_MASTER_0469.json
PAVS_MASTER_0470	439_2017_1821_MOESM1_ESM.tsv			NECAP2	NECAP2:NM_001145277:exon3:c.212C>A:p.A71D			generated/PAVS_MASTER_0470.json
PAVS_MASTER_0471	439_2017_1821_MOESM1_ESM.tsv			SIL1	SIL1:NM_001037633:exon11:c.1030-9G>A			generated/PAVS_MASTER_0471.json
PAVS_MASTER_0472	439_2017_1821_MOESM1_ESM.tsv			CHRNG	CHRNG:NM_005199:exon7:c.753_754del:p.P251fs  KSM			generated/PAVS_MASTER_0472.json
PAVS_MASTER_0473	439_2017_1821_MOESM1_ESM.tsv							generated/PAVS_MASTER_0473.json
PAVS_MASTER_0474	439_2017_1821_MOESM1_ESM.tsv			ARID1B	ARID1B:NM_017519:exon11:c.3199A>T:p.M1067L	NC_000006.11:g.157502205A>T		generated/PAVS_MASTER_0474.json
PAVS_MASTER_0475	439_2017_1821_MOESM1_ESM.tsv			AMPD1	AMPD1:NM_001172626:exon7:c.1017G>T:p.M339I			generated/PAVS_MASTER_0475.json
PAVS_MASTER_0476	439_2017_1821_MOESM1_ESM.tsv			RYR1	RYR1:NM_001042723:exon97:c.14194C>T:p.R4732W			generated/PAVS_MASTER_0476.json
PAVS_MASTER_0477	439_2017_1821_MOESM1_ESM.tsv			ASPM	ASPM:NM_001206846:exon17:c.4039C>T:p.Q1347X			generated/PAVS_MASTER_0477.json
PAVS_MASTER_0478	439_2017_1821_MOESM1_ESM.tsv			TCOF1	TCOF1:NM_000356:exon7:c.785C>G:p.S262X			generated/PAVS_MASTER_0478.json
PAVS_MASTER_0479	439_2017_1821_MOESM1_ESM.tsv							generated/PAVS_MASTER_0479.json
PAVS_MASTER_0480	439_2017_1821_MOESM1_ESM.tsv			LRSAM1	LRSAM1:NM_001005374:exon21:c.1660C>T:p.R554W			generated/PAVS_MASTER_0480.json
PAVS_MASTER_0481	439_2017_1821_MOESM1_ESM.tsv			NDUFA11	NDUFA11:NM_001193375:exon4:c.590_600del:p.H197fs			generated/PAVS_MASTER_0481.json
PAVS_MASTER_0482	439_2017_1821_MOESM1_ESM.tsv			MECP2	MECP2:NM_001110792:exon3:c.961C>T:p.R321W			generated/PAVS_MASTER_0482.json
PAVS_MASTER_0483	439_2017_1821_MOESM1_ESM.tsv			LAMA2	LAMA2:NM_000426:exon46:c.6487delA:p.K2163fs			generated/PAVS_MASTER_0483.json
PAVS_MASTER_0484	439_2017_1821_MOESM1_ESM.tsv			TTN	TTN:NM_003319:exon186:c.78965C>G:p.S26322X			generated/PAVS_MASTER_0484.json
PAVS_MASTER_0485	439_2017_1821_MOESM1_ESM.tsv							generated/PAVS_MASTER_0485.json
PAVS_MASTER_0486	439_2017_1821_MOESM1_ESM.tsv							generated/PAVS_MASTER_0486.json
PAVS_MASTER_0487	439_2017_1821_MOESM1_ESM.tsv							generated/PAVS_MASTER_0487.json
PAVS_MASTER_0488	439_2017_1821_MOESM1_ESM.tsv							generated/PAVS_MASTER_0488.json
PAVS_MASTER_0489	439_2017_1821_MOESM1_ESM.tsv							generated/PAVS_MASTER_0489.json
PAVS_MASTER_0490	439_2017_1821_MOESM1_ESM.tsv							generated/PAVS_MASTER_0490.json
PAVS_MASTER_0491	439_2017_1821_MOESM1_ESM.tsv							generated/PAVS_MASTER_0491.json
PAVS_MASTER_0492	439_2017_1821_MOESM1_ESM.tsv							generated/PAVS_MASTER_0492.json
PAVS_MASTER_0493	439_2017_1821_MOESM1_ESM.tsv							generated/PAVS_MASTER_0493.json
PAVS_MASTER_0494	439_2017_1821_MOESM1_ESM.tsv			ABCD1	ABCD1:NM_000033:exon8:c.1825G>A:p.E609K			generated/PAVS_MASTER_0494.json
PAVS_MASTER_0495	439_2017_1821_MOESM1_ESM.tsv			CHRNB2	CHRNB2: NM_000748:exon4:c.256-1G>A			generated/PAVS_MASTER_0495.json
PAVS_MASTER_0496	439_2017_1821_MOESM1_ESM.tsv							generated/PAVS_MASTER_0496.json
PAVS_MASTER_0497	439_2017_1821_MOESM1_ESM.tsv							generated/PAVS_MASTER_0497.json
PAVS_MASTER_0498	439_2017_1821_MOESM1_ESM.tsv							generated/PAVS_MASTER_0498.json
PAVS_MASTER_0499	439_2017_1821_MOESM1_ESM.tsv							generated/PAVS_MASTER_0499.json
PAVS_MASTER_0500	439_2017_1821_MOESM1_ESM.tsv							generated/PAVS_MASTER_0500.json
PAVS_MASTER_0501	439_2017_1821_MOESM1_ESM.tsv							generated/PAVS_MASTER_0501.json
PAVS_MASTER_0502	439_2017_1821_MOESM1_ESM.tsv							generated/PAVS_MASTER_0502.json
PAVS_MASTER_0503	439_2017_1821_MOESM1_ESM.tsv							generated/PAVS_MASTER_0503.json
PAVS_MASTER_0504	439_2017_1821_MOESM1_ESM.tsv							generated/PAVS_MASTER_0504.json
PAVS_MASTER_0505	439_2017_1821_MOESM1_ESM.tsv			FARS2	FARS2:NM_006567:exon6:c.1138G>T:p.D380Y			generated/PAVS_MASTER_0505.json
PAVS_MASTER_0506	439_2017_1821_MOESM1_ESM.tsv							generated/PAVS_MASTER_0506.json
PAVS_MASTER_0507	439_2017_1821_MOESM1_ESM.tsv			MYH7	MYH7:NM_000257:exon27:c.3461G>T:p.G1154V			generated/PAVS_MASTER_0507.json
PAVS_MASTER_0508	439_2017_1821_MOESM1_ESM.tsv			SCN9A	SCN9A:NM_002977:exon16:c.2687G>A:p.R896Q			generated/PAVS_MASTER_0508.json
PAVS_MASTER_0509	439_2017_1821_MOESM1_ESM.tsv							generated/PAVS_MASTER_0509.json
PAVS_MASTER_0510	439_2017_1821_MOESM1_ESM.tsv							generated/PAVS_MASTER_0510.json
PAVS_MASTER_0511	439_2017_1821_MOESM1_ESM.tsv							generated/PAVS_MASTER_0511.json
PAVS_MASTER_0512	439_2017_1821_MOESM1_ESM.tsv							generated/PAVS_MASTER_0512.json
PAVS_MASTER_0513	439_2017_1821_MOESM1_ESM.tsv							generated/PAVS_MASTER_0513.json
PAVS_MASTER_0514	439_2017_1821_MOESM1_ESM.tsv			FKRP	FKRP:NM_001039885:exon4:c.646C>G:p.R216G			generated/PAVS_MASTER_0514.json
PAVS_MASTER_0515	439_2017_1821_MOESM1_ESM.tsv			PLEKHG5	PLEKHG5:NM_001042664:exon2:c.22C>A:p.R8S			generated/PAVS_MASTER_0515.json
PAVS_MASTER_0516	439_2017_1821_MOESM1_ESM.tsv			SPG11	SPG11:NM_001160227:exon10:c.1951C>T:p.R651X			generated/PAVS_MASTER_0516.json
PAVS_MASTER_0517	439_2017_1821_MOESM1_ESM.tsv							generated/PAVS_MASTER_0517.json
PAVS_MASTER_0518	439_2017_1821_MOESM1_ESM.tsv							generated/PAVS_MASTER_0518.json
PAVS_MASTER_0519	439_2017_1821_MOESM1_ESM.tsv							generated/PAVS_MASTER_0519.json
PAVS_MASTER_0520	439_2017_1821_MOESM1_ESM.tsv			SPTAN1	SPTAN1:NM_001130438:exon12:c.1511C>T:p.A504V			generated/PAVS_MASTER_0520.json
PAVS_MASTER_0521	439_2017_1821_MOESM1_ESM.tsv			SMPD1	SMPD1:NM_000543:exon4:c.1267C>T:p.H423Y			generated/PAVS_MASTER_0521.json
PAVS_MASTER_0522	439_2017_1821_MOESM1_ESM.tsv			SLC1A3	SLC1A3:NM_001166695:exon5:c.525-16A>G			generated/PAVS_MASTER_0522.json
PAVS_MASTER_0523	439_2017_1821_MOESM1_ESM.tsv			ABCB4	ABCB4:NM_000443:exon5:c.296C>T:p.S99F			generated/PAVS_MASTER_0523.json
PAVS_MASTER_0524	439_2017_1821_MOESM1_ESM.tsv							generated/PAVS_MASTER_0524.json
PAVS_MASTER_0525	439_2017_1821_MOESM1_ESM.tsv			SNCA	SNCA:NM_000345:exon4:c.287A>T:p.K96I			generated/PAVS_MASTER_0525.json
PAVS_MASTER_0526	439_2017_1821_MOESM1_ESM.tsv							generated/PAVS_MASTER_0526.json
PAVS_MASTER_0527	439_2017_1821_MOESM1_ESM.tsv			MRPL3	MRPL3:NM_007208:exon3:c.314G>A:p.G105D			generated/PAVS_MASTER_0527.json
PAVS_MASTER_0528	439_2017_1821_MOESM1_ESM.tsv			CLN6	CLN6:NM_017882:exon7:c.794_796del:p.265_266del			generated/PAVS_MASTER_0528.json
PAVS_MASTER_0529	439_2017_1821_MOESM1_ESM.tsv			CYP2U1	CYP2U1:NM_183075:exon2:c.947A>T:p.D316V			generated/PAVS_MASTER_0529.json
PAVS_MASTER_0530	439_2017_1821_MOESM1_ESM.tsv							generated/PAVS_MASTER_0530.json
PAVS_MASTER_0531	439_2017_1821_MOESM1_ESM.tsv			CLN5	CLN5:NM_006493:exon3:c.595C>T:p.R199X			generated/PAVS_MASTER_0531.json
PAVS_MASTER_0532	439_2017_1821_MOESM1_ESM.tsv			TRPV4	TRPV4:NM_001177428:exon5:c.1118A>G:p.D373G			generated/PAVS_MASTER_0532.json
PAVS_MASTER_0533	439_2017_1821_MOESM1_ESM.tsv			ABCC2	ABCC2:NM_000392:exon18:c.2273G>T:p.G758V			generated/PAVS_MASTER_0533.json
PAVS_MASTER_0534	439_2017_1821_MOESM1_ESM.tsv			NDRG1	NDRG1:NM_001258432:exon10:c.563delC:p.P188fs			generated/PAVS_MASTER_0534.json
PAVS_MASTER_0535	439_2017_1821_MOESM1_ESM.tsv			ABCB4	ABCB4: NM_018849:exon14:c.1560+3A>G			generated/PAVS_MASTER_0535.json
PAVS_MASTER_0536	439_2017_1821_MOESM1_ESM.tsv			UBA1	UBA1:NM_003334:exon13:c.1400G>A:p.G467D			generated/PAVS_MASTER_0536.json
PAVS_MASTER_0537	439_2017_1821_MOESM1_ESM.tsv			CLN5	CLN5:NM_006493:exon3:c.595C>T:p.R199X;			generated/PAVS_MASTER_0537.json
PAVS_MASTER_0538	439_2017_1821_MOESM1_ESM.tsv							generated/PAVS_MASTER_0538.json
PAVS_MASTER_0539	439_2017_1821_MOESM1_ESM.tsv			CNKSR1	CNKSR1:NM_001297647:exon4:c.439C>T:p.R147X, CYP2U1:NM_183075:exon2:c.850T>C:p.F284L			generated/PAVS_MASTER_0539.json
PAVS_MASTER_0540	439_2017_1821_MOESM1_ESM.tsv			SPG7	SPG7:NM_003119:exon17:c.2201delA:p.E734fs			generated/PAVS_MASTER_0540.json
PAVS_MASTER_0541	439_2017_1821_MOESM1_ESM.tsv			GABRD	GABRD:NM_000815:exon8:c.875C>T:p.T292M			generated/PAVS_MASTER_0541.json
PAVS_MASTER_0542	439_2017_1821_MOESM1_ESM.tsv							generated/PAVS_MASTER_0542.json
PAVS_MASTER_0543	439_2017_1821_MOESM1_ESM.tsv							generated/PAVS_MASTER_0543.json
PAVS_MASTER_0544	439_2017_1821_MOESM1_ESM.tsv							generated/PAVS_MASTER_0544.json
PAVS_MASTER_0545	439_2017_1821_MOESM1_ESM.tsv			NM_012330.3	NM_012330.3:c.4117_4119delGAA			generated/PAVS_MASTER_0545.json
PAVS_MASTER_0546	439_2017_1821_MOESM1_ESM.tsv							generated/PAVS_MASTER_0546.json
PAVS_MASTER_0547	439_2017_1821_MOESM1_ESM.tsv							generated/PAVS_MASTER_0547.json
PAVS_MASTER_0548	439_2017_1821_MOESM1_ESM.tsv			ABCB4	ABCB4:NM_000443:exon23:c.2906G>A:p.R969H			generated/PAVS_MASTER_0548.json
PAVS_MASTER_0549	439_2017_1821_MOESM1_ESM.tsv							generated/PAVS_MASTER_0549.json
PAVS_MASTER_0550	439_2017_1821_MOESM1_ESM.tsv							generated/PAVS_MASTER_0550.json
PAVS_MASTER_0551	439_2017_1821_MOESM1_ESM.tsv							generated/PAVS_MASTER_0551.json
PAVS_MASTER_0552	439_2017_1821_MOESM1_ESM.tsv			KCTD7	KCTD7:NM_001167961:exon2:c.172G>A:p.G58R,			generated/PAVS_MASTER_0552.json
PAVS_MASTER_0553	439_2017_1821_MOESM1_ESM.tsv							generated/PAVS_MASTER_0553.json
PAVS_MASTER_0554	439_2017_1821_MOESM1_ESM.tsv			ACADVL	ACADVL:NM_001033859:exon17:c.1633C>T:p.R545W			generated/PAVS_MASTER_0554.json
PAVS_MASTER_0555	439_2017_1821_MOESM1_ESM.tsv			PAH	PAH:NM_000277:exon8:c.898G>T:p.A300S                                                 PAH:NM_000277:exon5:c.464G>A:p.R155H			generated/PAVS_MASTER_0555.json
PAVS_MASTER_0556	439_2017_1821_MOESM1_ESM.tsv							generated/PAVS_MASTER_0556.json
PAVS_MASTER_0557	439_2017_1821_MOESM1_ESM.tsv							generated/PAVS_MASTER_0557.json
PAVS_MASTER_0558	439_2017_1821_MOESM1_ESM.tsv			SLC6A8	SLC6A8:NM_001142805:exon4:c.737_742del:p.246_248del			generated/PAVS_MASTER_0558.json
PAVS_MASTER_0559	439_2017_1821_MOESM1_ESM.tsv							generated/PAVS_MASTER_0559.json
PAVS_MASTER_0560	439_2017_1821_MOESM1_ESM.tsv			RAD21	RAD21:NM_006265:exon2:c.68G>A:p.W23X			generated/PAVS_MASTER_0560.json
PAVS_MASTER_0561	439_2017_1821_MOESM1_ESM.tsv							generated/PAVS_MASTER_0561.json
PAVS_MASTER_0562	439_2017_1821_MOESM1_ESM.tsv							generated/PAVS_MASTER_0562.json
PAVS_MASTER_0563	439_2017_1821_MOESM1_ESM.tsv							generated/PAVS_MASTER_0563.json
PAVS_MASTER_0564	439_2017_1821_MOESM1_ESM.tsv			AP4B1	AP4B1:NM_001253852:exon2:c.230C>T:p.P77L			generated/PAVS_MASTER_0564.json
PAVS_MASTER_0565	439_2017_1821_MOESM1_ESM.tsv							generated/PAVS_MASTER_0565.json
PAVS_MASTER_0566	439_2017_1821_MOESM1_ESM.tsv							generated/PAVS_MASTER_0566.json
PAVS_MASTER_0567	439_2017_1821_MOESM1_ESM.tsv			ACAT1	ACAT1:NM_000019:exon4:c.248_250del:p.83_84del			generated/PAVS_MASTER_0567.json
PAVS_MASTER_0568	439_2017_1821_MOESM1_ESM.tsv							generated/PAVS_MASTER_0568.json
PAVS_MASTER_0569	439_2017_1821_MOESM1_ESM.tsv							generated/PAVS_MASTER_0569.json
PAVS_MASTER_0570	439_2017_1821_MOESM1_ESM.tsv							generated/PAVS_MASTER_0570.json
PAVS_MASTER_0571	439_2017_1821_MOESM1_ESM.tsv							generated/PAVS_MASTER_0571.json
PAVS_MASTER_0572	439_2017_1821_MOESM1_ESM.tsv			GUSB	GUSB:NM_001284290:exon7:c.991C>T:p.R331W			generated/PAVS_MASTER_0572.json
PAVS_MASTER_0573	439_2017_1821_MOESM1_ESM.tsv							generated/PAVS_MASTER_0573.json
PAVS_MASTER_0574	439_2017_1821_MOESM1_ESM.tsv							generated/PAVS_MASTER_0574.json
PAVS_MASTER_0575	439_2017_1821_MOESM1_ESM.tsv							generated/PAVS_MASTER_0575.json
PAVS_MASTER_0576	439_2017_1821_MOESM1_ESM.tsv			IL12B	IL12B:NM_002187:exon3:c.320dupA:p.K107fs			generated/PAVS_MASTER_0576.json
PAVS_MASTER_0577	439_2017_1821_MOESM1_ESM.tsv			BCKDHA	BCKDHA:NM_000709:exon3:c.347A>G:p.D116G			generated/PAVS_MASTER_0577.json
PAVS_MASTER_0578	439_2017_1821_MOESM1_ESM.tsv							generated/PAVS_MASTER_0578.json
PAVS_MASTER_0579	439_2017_1821_MOESM1_ESM.tsv			SLC26A2	SLC26A2:NM_000112:exon3:c.1723delA:p.K575fs			generated/PAVS_MASTER_0579.json
PAVS_MASTER_0580	439_2017_1821_MOESM1_ESM.tsv							generated/PAVS_MASTER_0580.json
PAVS_MASTER_0581	439_2017_1821_MOESM1_ESM.tsv			ASL	ASL:NM_001024943:exon6:c.485A>G:p.Q162R			generated/PAVS_MASTER_0581.json
PAVS_MASTER_0582	439_2017_1821_MOESM1_ESM.tsv			SLC2A1	SLC2A1: NM_006516:exon7:c.972+1G>			generated/PAVS_MASTER_0582.json
PAVS_MASTER_0583	439_2017_1821_MOESM1_ESM.tsv							generated/PAVS_MASTER_0583.json
PAVS_MASTER_0584	439_2017_1821_MOESM1_ESM.tsv							generated/PAVS_MASTER_0584.json
PAVS_MASTER_0585	439_2017_1821_MOESM1_ESM.tsv			IL17RA	IL17RA:NM_001289905:exon7:c.720delG:p.M240fs			generated/PAVS_MASTER_0585.json
PAVS_MASTER_0586	439_2017_1821_MOESM1_ESM.tsv			BTK	BTK:NM_001287345:exon15:c.1107T>A:p.Y369X			generated/PAVS_MASTER_0586.json
PAVS_MASTER_0587	439_2017_1821_MOESM1_ESM.tsv			SLC39A4	SLC39A4:NM_017767:exon5:c.913G>A:p.G305S			generated/PAVS_MASTER_0587.json
PAVS_MASTER_0588	439_2017_1821_MOESM1_ESM.tsv							generated/PAVS_MASTER_0588.json
PAVS_MASTER_0589	439_2017_1821_MOESM1_ESM.tsv							generated/PAVS_MASTER_0589.json
PAVS_MASTER_0590	439_2017_1821_MOESM1_ESM.tsv							generated/PAVS_MASTER_0590.json
PAVS_MASTER_0591	439_2017_1821_MOESM1_ESM.tsv							generated/PAVS_MASTER_0591.json
PAVS_MASTER_0592	439_2017_1821_MOESM1_ESM.tsv			HSD3B7	HSD3B7:NM_025193:exon6:c.694+2T>-			generated/PAVS_MASTER_0592.json
PAVS_MASTER_0593	439_2017_1821_MOESM1_ESM.tsv							generated/PAVS_MASTER_0593.json
PAVS_MASTER_0594	439_2017_1821_MOESM1_ESM.tsv							generated/PAVS_MASTER_0594.json
PAVS_MASTER_0595	439_2017_1821_MOESM1_ESM.tsv							generated/PAVS_MASTER_0595.json
PAVS_MASTER_0596	439_2017_1821_MOESM1_ESM.tsv			UMOD	UMOD:NM_001008389:exon3:c.306delC:p.P102fs			generated/PAVS_MASTER_0596.json
PAVS_MASTER_0597	439_2017_1821_MOESM1_ESM.tsv			COL4A3	COL4A3:NM_000091:exon30:c.2275G>C:p.G759R			generated/PAVS_MASTER_0597.json
PAVS_MASTER_0598	439_2017_1821_MOESM1_ESM.tsv							generated/PAVS_MASTER_0598.json
PAVS_MASTER_0599	439_2017_1821_MOESM1_ESM.tsv							generated/PAVS_MASTER_0599.json
PAVS_MASTER_0600	439_2017_1821_MOESM1_ESM.tsv			PEX1	PEX1:NM_001282677:exon14:c.2309delG:p.R770fs			generated/PAVS_MASTER_0600.json
PAVS_MASTER_0601	439_2017_1821_MOESM1_ESM.tsv			WAS	WAS:NM_000377:exon8:c.777C>T:p.D259D			generated/PAVS_MASTER_0601.json
PAVS_MASTER_0602	439_2017_1821_MOESM1_ESM.tsv							generated/PAVS_MASTER_0602.json
PAVS_MASTER_0603	439_2017_1821_MOESM1_ESM.tsv							generated/PAVS_MASTER_0603.json
PAVS_MASTER_0604	439_2017_1821_MOESM1_ESM.tsv			HSPD1	HSPD1:NM_002156:exon2:c.130G>A:p.V44I			generated/PAVS_MASTER_0604.json
PAVS_MASTER_0605	439_2017_1821_MOESM1_ESM.tsv			UGT1A1	UGT1A1:NM_000463:exon3:c.1070A>G:p.Q357R			generated/PAVS_MASTER_0605.json
PAVS_MASTER_0606	439_2017_1821_MOESM1_ESM.tsv							generated/PAVS_MASTER_0606.json
PAVS_MASTER_0607	439_2017_1821_MOESM1_ESM.tsv			PTPN11	PTPN11:NM_002834:exon4:c.417G>C:p.E139D			generated/PAVS_MASTER_0607.json
PAVS_MASTER_0608	439_2017_1821_MOESM1_ESM.tsv							generated/PAVS_MASTER_0608.json
PAVS_MASTER_0609	439_2017_1821_MOESM1_ESM.tsv			UNC119	UNC119:NM_005148:exon1:c.185C>T:p.P62L			generated/PAVS_MASTER_0609.json
PAVS_MASTER_0610	439_2017_1821_MOESM1_ESM.tsv							generated/PAVS_MASTER_0610.json
PAVS_MASTER_0611	439_2017_1821_MOESM1_ESM.tsv			SYNGAP1  NM_006772	SYNGAP1  NM_006772:exon11:c.1677-2A>G			generated/PAVS_MASTER_0611.json
PAVS_MASTER_0612	439_2017_1821_MOESM1_ESM.tsv			CLN6	CLN6:NM_017882:exon2:c.198+1G>A			generated/PAVS_MASTER_0612.json
PAVS_MASTER_0613	439_2017_1821_MOESM1_ESM.tsv			IFT122	IFT122:NM_052990:exon17:c.2203C>T:p.R735C			generated/PAVS_MASTER_0613.json
PAVS_MASTER_0614	439_2017_1821_MOESM1_ESM.tsv							generated/PAVS_MASTER_0614.json
PAVS_MASTER_0615	439_2017_1821_MOESM1_ESM.tsv			DCC	DCC:NM_005215:exon9:c.1423C>T:p.R475X			generated/PAVS_MASTER_0615.json
PAVS_MASTER_0616	439_2017_1821_MOESM1_ESM.tsv							generated/PAVS_MASTER_0616.json
PAVS_MASTER_0617	439_2017_1821_MOESM1_ESM.tsv			AP4B1	AP4B1:NM_001308312:exon5:c.956G>C:p.R319P,			generated/PAVS_MASTER_0617.json
PAVS_MASTER_0618	439_2017_1821_MOESM1_ESM.tsv							generated/PAVS_MASTER_0618.json
PAVS_MASTER_0619	439_2017_1821_MOESM1_ESM.tsv							generated/PAVS_MASTER_0619.json
PAVS_MASTER_0620	439_2017_1821_MOESM1_ESM.tsv			GATAD2B	GATAD2B: NM_020699:exon10:c.1531-8C>T			generated/PAVS_MASTER_0620.json
PAVS_MASTER_0621	439_2017_1821_MOESM1_ESM.tsv			INPP4A	INPP4A:NM_001134225:exon24:c.2687G>C:p.R896P			generated/PAVS_MASTER_0621.json
PAVS_MASTER_0622	439_2017_1821_MOESM1_ESM.tsv							generated/PAVS_MASTER_0622.json
PAVS_MASTER_0623	439_2017_1821_MOESM1_ESM.tsv			MED25	MED25:NM_030973:exon6:c.679G>A:p.V227M			generated/PAVS_MASTER_0623.json
PAVS_MASTER_0624	439_2017_1821_MOESM1_ESM.tsv			SCN2A	SCN2A:NM_001040143:exon2:c.304C>T:p.R102X			generated/PAVS_MASTER_0624.json
PAVS_MASTER_0625	439_2017_1821_MOESM1_ESM.tsv			IGHMBP2	IGHMBP2:NM_002180:exon4:c.541G>T:p.E181X			generated/PAVS_MASTER_0625.json
PAVS_MASTER_0626	439_2017_1821_MOESM1_ESM.tsv							generated/PAVS_MASTER_0626.json
PAVS_MASTER_0627	439_2017_1821_MOESM1_ESM.tsv			PLCE1	PLCE1:NM_001288989:exon26:c.5575-4C>T			generated/PAVS_MASTER_0627.json
PAVS_MASTER_0628	439_2017_1821_MOESM1_ESM.tsv			ABCA4	ABCA4:NM_000350:exon49:c.6764G>T:p.S2255I			generated/PAVS_MASTER_0628.json
PAVS_MASTER_0629	439_2017_1821_MOESM1_ESM.tsv							generated/PAVS_MASTER_0629.json
PAVS_MASTER_0630	439_2017_1821_MOESM1_ESM.tsv							generated/PAVS_MASTER_0630.json
PAVS_MASTER_0631	439_2017_1821_MOESM1_ESM.tsv							generated/PAVS_MASTER_0631.json
PAVS_MASTER_0632	439_2017_1821_MOESM1_ESM.tsv			ABCB4	ABCB4:NM_018849:exon13:c.1560+3A>G			generated/PAVS_MASTER_0632.json
PAVS_MASTER_0633	439_2017_1821_MOESM1_ESM.tsv			SMARCAL1	SMARCAL1:NM_001127207:exon15:c.2290C>T:p.R764W			generated/PAVS_MASTER_0633.json
PAVS_MASTER_0634	439_2017_1821_MOESM1_ESM.tsv							generated/PAVS_MASTER_0634.json
PAVS_MASTER_0635	439_2017_1821_MOESM1_ESM.tsv			C2	C2:NM_001145903:exon4:c.443_453del:p.M148fs	NC_000006.11:g.31902066_31902076del		generated/PAVS_MASTER_0635.json
PAVS_MASTER_0636	439_2017_1821_MOESM1_ESM.tsv			FAN1	FAN1:NM_001146094:exon4:c.1480C>T:p.Q494X			generated/PAVS_MASTER_0636.json
PAVS_MASTER_0637	439_2017_1821_MOESM1_ESM.tsv							generated/PAVS_MASTER_0637.json
PAVS_MASTER_0638	439_2017_1821_MOESM1_ESM.tsv			FARS2	FARS2:NM_006567:exon5:c.973G>A:p.D325N			generated/PAVS_MASTER_0638.json
PAVS_MASTER_0639	439_2017_1821_MOESM1_ESM.tsv			NM_001013838	NM_001013838:exon37:c.4118-3T>C			generated/PAVS_MASTER_0639.json
PAVS_MASTER_0640	439_2017_1821_MOESM1_ESM.tsv			ABCB4	ABCB4:NM_000443:exon6:c.526C>T:p.R176W			generated/PAVS_MASTER_0640.json
PAVS_MASTER_0641	439_2017_1821_MOESM1_ESM.tsv			ABCB11	ABCB11:NM_003742:exon8:c.677C>T:p.S226L			generated/PAVS_MASTER_0641.json
PAVS_MASTER_0642	439_2017_1821_MOESM1_ESM.tsv							generated/PAVS_MASTER_0642.json
PAVS_MASTER_0643	439_2017_1821_MOESM1_ESM.tsv							generated/PAVS_MASTER_0643.json
PAVS_MASTER_0644	439_2017_1821_MOESM1_ESM.tsv							generated/PAVS_MASTER_0644.json
PAVS_MASTER_0645	439_2017_1821_MOESM1_ESM.tsv							generated/PAVS_MASTER_0645.json
PAVS_MASTER_0646	439_2017_1821_MOESM1_ESM.tsv							generated/PAVS_MASTER_0646.json
PAVS_MASTER_0647	439_2017_1821_MOESM1_ESM.tsv			COL6A2	COL6A2:NM_058175:exon26:c.2422+1G>A			generated/PAVS_MASTER_0647.json
PAVS_MASTER_0648	439_2017_1821_MOESM1_ESM.tsv							generated/PAVS_MASTER_0648.json
PAVS_MASTER_0649	439_2017_1821_MOESM1_ESM.tsv			CHRNE	CHRNE:NM_000080:exon10:c.1198_1199insGC:p.H400fs	NC_000017.10:g.4802513_4802514insGC		generated/PAVS_MASTER_0649.json
PAVS_MASTER_0650	439_2017_1821_MOESM1_ESM.tsv			AHI1	AHI1:NM_001134830:exon20:c.2988delA:p.K996fs			generated/PAVS_MASTER_0650.json
PAVS_MASTER_0651	439_2017_1821_MOESM1_ESM.tsv			INPPL1	INPPL1:NM_001567:exon19:c.2164delT:p.F722fs			generated/PAVS_MASTER_0651.json
PAVS_MASTER_0652	439_2017_1821_MOESM1_ESM.tsv			ATP7B	ATP7B:NM_001005918:exon9:c.2376dupC:p.G793fs			generated/PAVS_MASTER_0652.json
PAVS_MASTER_0653	439_2017_1821_MOESM1_ESM.tsv			COL6A2	COL6A2:NM_058175:exon26:c.2422+1G>A	NC_000021.8:g.47546152G>A		generated/PAVS_MASTER_0653.json
PAVS_MASTER_0654	439_2017_1821_MOESM1_ESM.tsv			TRAF3IP2	TRAF3IP2:NM_001164283:exon4:c.200G>C:p.W67S	NC_000006.11:g.111880738C>G		generated/PAVS_MASTER_0654.json
PAVS_MASTER_0655	439_2017_1821_MOESM1_ESM.tsv							generated/PAVS_MASTER_0655.json
PAVS_MASTER_0656	439_2017_1821_MOESM1_ESM.tsv							generated/PAVS_MASTER_0656.json
PAVS_MASTER_0657	439_2017_1821_MOESM1_ESM.tsv			ATP7B	ATP7B:NM_001005918:exon9:c.2376dupC:p.G793fs			generated/PAVS_MASTER_0657.json
PAVS_MASTER_0658	439_2017_1821_MOESM1_ESM.tsv			ATP7B	ATP7B:NM_001005918:exon9:c.2376dupC:p.G793fs			generated/PAVS_MASTER_0658.json
PAVS_MASTER_0659	439_2017_1821_MOESM1_ESM.tsv							generated/PAVS_MASTER_0659.json
PAVS_MASTER_0660	439_2017_1821_MOESM1_ESM.tsv							generated/PAVS_MASTER_0660.json
PAVS_MASTER_0661	439_2017_1821_MOESM1_ESM.tsv							generated/PAVS_MASTER_0661.json
PAVS_MASTER_0662	439_2017_1821_MOESM1_ESM.tsv			PHOX2B	PHOX2B:NM_003924:exon2:c.296G>T:p.R99L			generated/PAVS_MASTER_0662.json
PAVS_MASTER_0663	439_2017_1821_MOESM1_ESM.tsv							generated/PAVS_MASTER_0663.json
PAVS_MASTER_0664	439_2017_1821_MOESM1_ESM.tsv			MED25	MED25:NM_030973:exon4:c.368A>G:p.Q123R			generated/PAVS_MASTER_0664.json
PAVS_MASTER_0665	439_2017_1821_MOESM1_ESM.tsv			TECPR2	TECPR2:NM_001172631:exon13:c.3046C>T:p.P1016S			generated/PAVS_MASTER_0665.json
PAVS_MASTER_0666	439_2017_1821_MOESM1_ESM.tsv			DBT	DBT:NM_001918:exon7:c.773-2A>G			generated/PAVS_MASTER_0666.json
PAVS_MASTER_0667	439_2017_1821_MOESM1_ESM.tsv			DYSF	DYSF:NM_001130976; :exon42:c.4714C>T:p.R1572X	NC_000002.11:g.71886125C>T		generated/PAVS_MASTER_0667.json
PAVS_MASTER_0668	439_2017_1821_MOESM1_ESM.tsv			EXT1	EXT1:NM_000127:exon2:c.1018C>G:p.R340G			generated/PAVS_MASTER_0668.json
PAVS_MASTER_0669	439_2017_1821_MOESM1_ESM.tsv			ABCD1	ABCD1:NM_000033:exon5:c.1415_1416del:p.Q472fs			generated/PAVS_MASTER_0669.json
PAVS_MASTER_0670	439_2017_1821_MOESM1_ESM.tsv			JAG1	JAG1:NM_000214:exon18:c.2236_2237del:p.S746fs			generated/PAVS_MASTER_0670.json
PAVS_MASTER_0671	439_2017_1821_MOESM1_ESM.tsv							generated/PAVS_MASTER_0671.json
PAVS_MASTER_0672	439_2017_1821_MOESM1_ESM.tsv			TTC37	TTC37:NM_014639:exon21:c.2210T>C:p.V737A			generated/PAVS_MASTER_0672.json
PAVS_MASTER_0673	439_2017_1821_MOESM1_ESM.tsv							generated/PAVS_MASTER_0673.json
PAVS_MASTER_0674	439_2017_1821_MOESM1_ESM.tsv			LMNA	LMNA:NM_001282626:exon1:c.139G>A:p.D47N			generated/PAVS_MASTER_0674.json
PAVS_MASTER_0675	439_2017_1821_MOESM1_ESM.tsv							generated/PAVS_MASTER_0675.json
PAVS_MASTER_0676	439_2017_1821_MOESM1_ESM.tsv							generated/PAVS_MASTER_0676.json
PAVS_MASTER_0677	439_2017_1821_MOESM1_ESM.tsv							generated/PAVS_MASTER_0677.json
PAVS_MASTER_0678	439_2017_1821_MOESM1_ESM.tsv							generated/PAVS_MASTER_0678.json
PAVS_MASTER_0679	439_2017_1821_MOESM1_ESM.tsv							generated/PAVS_MASTER_0679.json
PAVS_MASTER_0680	439_2017_1821_MOESM1_ESM.tsv			CLN5	CLN5:NM_006493:exon4:c.726C>A:p.N242K			generated/PAVS_MASTER_0680.json
PAVS_MASTER_0681	439_2017_1821_MOESM1_ESM.tsv			GJB3	GJB3:NM_001005752:exon2:c.185A>G:p.N62S			generated/PAVS_MASTER_0681.json
PAVS_MASTER_0682	439_2017_1821_MOESM1_ESM.tsv							generated/PAVS_MASTER_0682.json
PAVS_MASTER_0683	439_2017_1821_MOESM1_ESM.tsv							generated/PAVS_MASTER_0683.json
PAVS_MASTER_0684	439_2017_1821_MOESM1_ESM.tsv			MUT	MUT:NM_000255:exon11:c.1820T>G:p.F607C			generated/PAVS_MASTER_0684.json
PAVS_MASTER_0685	439_2017_1821_MOESM1_ESM.tsv			PHKA2	PHKA2:NM_000292:exon9:c.884G>A:p.R295H			generated/PAVS_MASTER_0685.json
PAVS_MASTER_0686	439_2017_1821_MOESM1_ESM.tsv							generated/PAVS_MASTER_0686.json
PAVS_MASTER_0687	439_2017_1821_MOESM1_ESM.tsv			MUT	MUT:NM_000255:exon11:c.1820T>G:p.F607C			generated/PAVS_MASTER_0687.json
PAVS_MASTER_0688	439_2017_1821_MOESM1_ESM.tsv							generated/PAVS_MASTER_0688.json
PAVS_MASTER_0689	439_2017_1821_MOESM1_ESM.tsv			CEP290	CEP290:NM_025114:exon41:c.5668G>T:p.G1890X			generated/PAVS_MASTER_0689.json
PAVS_MASTER_0690	439_2017_1821_MOESM1_ESM.tsv			PTS	PTS:NM_000317:exon3:c.166_168del:p.56_56del			generated/PAVS_MASTER_0690.json
PAVS_MASTER_0691	439_2017_1821_MOESM1_ESM.tsv							generated/PAVS_MASTER_0691.json
PAVS_MASTER_0692	439_2017_1821_MOESM1_ESM.tsv			ABCD1	ABCD1:NM_000033:exon1:c.664G>A:p.V222M			generated/PAVS_MASTER_0692.json
PAVS_MASTER_0693	439_2017_1821_MOESM1_ESM.tsv			HAMP	HAMP:NM_021175:exon3:c.232T>C:p.C78R			generated/PAVS_MASTER_0693.json
PAVS_MASTER_0694	439_2017_1821_MOESM1_ESM.tsv			HAMP	HAMP:NM_021175:exon3:c.232T>C:p.C78R			generated/PAVS_MASTER_0694.json
PAVS_MASTER_0695	439_2017_1821_MOESM1_ESM.tsv			TRIP11	TRIP11:NM_004239:exon11:c.4459_4460del:p.M1487fs			generated/PAVS_MASTER_0695.json
PAVS_MASTER_0696	439_2017_1821_MOESM1_ESM.tsv							generated/PAVS_MASTER_0696.json
PAVS_MASTER_0697	439_2017_1821_MOESM1_ESM.tsv			TRAPPC9	TRAPPC9:NM_001160372:exon13:c.1975G>A:p.V659M	NC_000008.10:g.141297713C>T		generated/PAVS_MASTER_0697.json
PAVS_MASTER_0698	439_2017_1821_MOESM1_ESM.tsv							generated/PAVS_MASTER_0698.json
PAVS_MASTER_0699	439_2017_1821_MOESM1_ESM.tsv			RAG2	RAG2:NM_000536:exon2:c.442C>T:p.R148X	NC_000011.9:g.36615277G>A		generated/PAVS_MASTER_0699.json
PAVS_MASTER_0700	439_2017_1821_MOESM1_ESM.tsv			UBE3B	UBE3B:NM_130466:exon15:c.1597_1598del:p.C533fs	NC_000012.11:g.109945515_109945516del		generated/PAVS_MASTER_0700.json
PAVS_MASTER_0701	439_2017_1821_MOESM1_ESM.tsv							generated/PAVS_MASTER_0701.json
PAVS_MASTER_0702	439_2017_1821_MOESM1_ESM.tsv							generated/PAVS_MASTER_0702.json
PAVS_MASTER_0703	439_2017_1821_MOESM1_ESM.tsv							generated/PAVS_MASTER_0703.json
PAVS_MASTER_0704	439_2017_1821_MOESM1_ESM.tsv							generated/PAVS_MASTER_0704.json
PAVS_MASTER_0705	439_2017_1821_MOESM1_ESM.tsv			NM_001127610	NM_001127610:exon2:c.466+5G>C			generated/PAVS_MASTER_0705.json
PAVS_MASTER_0706	439_2017_1821_MOESM1_ESM.tsv							generated/PAVS_MASTER_0706.json
PAVS_MASTER_0707	439_2017_1821_MOESM1_ESM.tsv							generated/PAVS_MASTER_0707.json
PAVS_MASTER_0708	439_2017_1821_MOESM1_ESM.tsv							generated/PAVS_MASTER_0708.json
PAVS_MASTER_0709	439_2017_1821_MOESM1_ESM.tsv			PTEN	PTEN:NM_000314:exon1:c.1A>T:p.?	NC_000010.10:g.89624227A>T		generated/PAVS_MASTER_0709.json
PAVS_MASTER_0710	439_2017_1821_MOESM1_ESM.tsv			PRKCSH	PRKCSH:NM_001289103:exon17:c.1462-1G>C			generated/PAVS_MASTER_0710.json
PAVS_MASTER_0711	439_2017_1821_MOESM1_ESM.tsv							generated/PAVS_MASTER_0711.json
PAVS_MASTER_0712	439_2017_1821_MOESM1_ESM.tsv							generated/PAVS_MASTER_0712.json
PAVS_MASTER_0713	439_2017_1821_MOESM1_ESM.tsv			IL17RA	IL17RA:NM_001289905:exon12:c.1472T>C:p.L491P			generated/PAVS_MASTER_0713.json
PAVS_MASTER_0714	439_2017_1821_MOESM1_ESM.tsv			EIF2B3	EIF2B3:NM_001166588:exon4:c.350T>C:p.V117A	NC_000001.10:g.45407282A>G		generated/PAVS_MASTER_0714.json
PAVS_MASTER_0715	439_2017_1821_MOESM1_ESM.tsv							generated/PAVS_MASTER_0715.json
PAVS_MASTER_0716	439_2017_1821_MOESM1_ESM.tsv			PAX3	PAX3:NM_000438:exon3:c.449C>A:p.S150X			generated/PAVS_MASTER_0716.json
PAVS_MASTER_0717	439_2017_1821_MOESM1_ESM.tsv							generated/PAVS_MASTER_0717.json
PAVS_MASTER_0718	439_2017_1821_MOESM1_ESM.tsv							generated/PAVS_MASTER_0718.json
PAVS_MASTER_0719	439_2017_1821_MOESM1_ESM.tsv			GUCY2D	GUCY2D:NM_000180:exon12:c.2285delG:p.S762fs			generated/PAVS_MASTER_0719.json
PAVS_MASTER_0720	439_2017_1821_MOESM1_ESM.tsv							generated/PAVS_MASTER_0720.json
PAVS_MASTER_0721	439_2017_1821_MOESM1_ESM.tsv							generated/PAVS_MASTER_0721.json
PAVS_MASTER_0722	439_2017_1821_MOESM1_ESM.tsv							generated/PAVS_MASTER_0722.json
PAVS_MASTER_0723	439_2017_1821_MOESM1_ESM.tsv							generated/PAVS_MASTER_0723.json
PAVS_MASTER_0724	439_2017_1821_MOESM1_ESM.tsv							generated/PAVS_MASTER_0724.json
PAVS_MASTER_0725	439_2017_1821_MOESM1_ESM.tsv							generated/PAVS_MASTER_0725.json
PAVS_MASTER_0726	439_2017_1821_MOESM1_ESM.tsv			IVD	IVD:NM_001159508:exon11:c.1091G>T:p.G364V	NC_000015.9:g.40710362G>T		generated/PAVS_MASTER_0726.json
PAVS_MASTER_0727	439_2017_1821_MOESM1_ESM.tsv							generated/PAVS_MASTER_0727.json
PAVS_MASTER_0728	439_2017_1821_MOESM1_ESM.tsv							generated/PAVS_MASTER_0728.json
PAVS_MASTER_0729	439_2017_1821_MOESM1_ESM.tsv			RUNX2	RUNX2:NM_001278478:exon2:c.487A>C:p.N163H	NC_000006.11:g.45399705A>C		generated/PAVS_MASTER_0729.json
PAVS_MASTER_0730	439_2017_1821_MOESM1_ESM.tsv			KIF7	KIF7:NM_198525:exon10:c.2176G>C:p.E726Q	NC_000015.9:g.90188259C>G		generated/PAVS_MASTER_0730.json
PAVS_MASTER_0731	439_2017_1821_MOESM1_ESM.tsv							generated/PAVS_MASTER_0731.json
PAVS_MASTER_0732	439_2017_1821_MOESM1_ESM.tsv			SKIV2L	SKIV2L:NM_006929:exon28:c.3559_3579del:p.1187_1193del			generated/PAVS_MASTER_0732.json
PAVS_MASTER_0733	439_2017_1821_MOESM1_ESM.tsv			ACAT1	ACAT1:NM_000019:exon5:c.410C>T:p.S137F			generated/PAVS_MASTER_0733.json
PAVS_MASTER_0734	439_2017_1821_MOESM1_ESM.tsv			ATP7B	ATP7B:NM_001005918:exon10:c.2485G>A:p.V829I ATP7B:NM_000053:exon2:c.1100G>C:p.G367A			generated/PAVS_MASTER_0734.json
PAVS_MASTER_0735	439_2017_1821_MOESM1_ESM.tsv			JAG1	JAG1:NM_000214:exon24:c.2938T>G:p.C980G			generated/PAVS_MASTER_0735.json
PAVS_MASTER_0736	439_2017_1821_MOESM1_ESM.tsv			IVD	IVD:NM_001159508:exon7:c.791C>T:p.P264L,IVD:NM_002225:exon8:c.881C>T:p.P294L			generated/PAVS_MASTER_0736.json
PAVS_MASTER_0737	439_2017_1821_MOESM1_ESM.tsv			PANK2	PANK2:NM_153638:exon2:c.824_825del:p.L275fs			generated/PAVS_MASTER_0737.json
PAVS_MASTER_0738	439_2017_1821_MOESM1_ESM.tsv							generated/PAVS_MASTER_0738.json
PAVS_MASTER_0739	439_2017_1821_MOESM1_ESM.tsv							generated/PAVS_MASTER_0739.json
PAVS_MASTER_0740	439_2017_1821_MOESM1_ESM.tsv							generated/PAVS_MASTER_0740.json
PAVS_MASTER_0741	439_2017_1821_MOESM1_ESM.tsv							generated/PAVS_MASTER_0741.json
PAVS_MASTER_0742	439_2017_1821_MOESM1_ESM.tsv							generated/PAVS_MASTER_0742.json
PAVS_MASTER_0743	439_2017_1821_MOESM1_ESM.tsv							generated/PAVS_MASTER_0743.json
PAVS_MASTER_0744	439_2017_1821_MOESM1_ESM.tsv			ITGB2	ITGB2:NM_000211:exon13:c.1756C>T:p.R586W			generated/PAVS_MASTER_0744.json
PAVS_MASTER_0745	439_2017_1821_MOESM1_ESM.tsv			Hom	Hom:IL12B:NM_002187:exon3:c.320dupA:p.K107fs			generated/PAVS_MASTER_0745.json
PAVS_MASTER_0746	439_2017_1821_MOESM1_ESM.tsv			GAMT	GAMT:NM_000156:exon5:c.491G>T:p.G164V			generated/PAVS_MASTER_0746.json
PAVS_MASTER_0747	439_2017_1821_MOESM1_ESM.tsv			MTTP	MTTP:NM_001300785:exon13:c.1915G>C:p.G639R			generated/PAVS_MASTER_0747.json
PAVS_MASTER_0748	439_2017_1821_MOESM1_ESM.tsv			FLNC	FLNC:NM_001127487:exon21:c.3503G>A:p.G1168D,			generated/PAVS_MASTER_0748.json
PAVS_MASTER_0749	439_2017_1821_MOESM1_ESM.tsv			MBD5	MBD5:NM_018328:exon7:c.118A>G:p.S40G;			generated/PAVS_MASTER_0749.json
PAVS_MASTER_0750	439_2017_1821_MOESM1_ESM.tsv			COL6A3	COL6A3:NM_004369:exon34:c.7162+1G>A,			generated/PAVS_MASTER_0750.json
PAVS_MASTER_0751	439_2017_1821_MOESM1_ESM.tsv			STAT1	STAT1:NM_007315:exon4:c.185C>A:p.S62X,			generated/PAVS_MASTER_0751.json
PAVS_MASTER_0752	439_2017_1821_MOESM1_ESM.tsv							generated/PAVS_MASTER_0752.json
PAVS_MASTER_0753	439_2017_1821_MOESM1_ESM.tsv			POLR1D	POLR1D:NM_015972:exon2:c.388G>T:p.E130X			generated/PAVS_MASTER_0753.json
PAVS_MASTER_0754	439_2017_1821_MOESM1_ESM.tsv			PRCD	PRCD:NM_001077620:exon1:c.64C>T:p.R22X			generated/PAVS_MASTER_0754.json
PAVS_MASTER_0755	439_2017_1821_MOESM1_ESM.tsv							generated/PAVS_MASTER_0755.json
PAVS_MASTER_0756	439_2017_1821_MOESM1_ESM.tsv			ATP7B	ATP7B:NM_001005918:exon17:c.3574delC:p.Q1192fs			generated/PAVS_MASTER_0756.json
PAVS_MASTER_0757	439_2017_1821_MOESM1_ESM.tsv			ATP7B	ATP7B:NM_001005918:exon17:c.3574delC:p.Q1192fs			generated/PAVS_MASTER_0757.json
PAVS_MASTER_0758	439_2017_1821_MOESM1_ESM.tsv							generated/PAVS_MASTER_0758.json
PAVS_MASTER_0759	439_2017_1821_MOESM1_ESM.tsv							generated/PAVS_MASTER_0759.json
PAVS_MASTER_0760	439_2017_1821_MOESM1_ESM.tsv							generated/PAVS_MASTER_0760.json
PAVS_MASTER_0761	439_2017_1821_MOESM1_ESM.tsv			TNFRSF13B	TNFRSF13B:NM_012452:exon4:c.515G>A:p.C172Y			generated/PAVS_MASTER_0761.json
PAVS_MASTER_0762	439_2017_1821_MOESM1_ESM.tsv							generated/PAVS_MASTER_0762.json
PAVS_MASTER_0763	439_2017_1821_MOESM1_ESM.tsv							generated/PAVS_MASTER_0763.json
PAVS_MASTER_0764	439_2017_1821_MOESM1_ESM.tsv			SLC26A3	SLC26A3:NM_000111:exon5:c.559G>T:p.G187X			generated/PAVS_MASTER_0764.json
PAVS_MASTER_0765	439_2017_1821_MOESM1_ESM.tsv			ACADVL	ACADVL:NM_000018:exon2:c.65C>A:p.S22X			generated/PAVS_MASTER_0765.json
PAVS_MASTER_0766	439_2017_1821_MOESM1_ESM.tsv			TSC2	TSC2:NM_001077183:exon35:c.4629G>A:p.W1543X			generated/PAVS_MASTER_0766.json
PAVS_MASTER_0767	439_2017_1821_MOESM1_ESM.tsv							generated/PAVS_MASTER_0767.json
PAVS_MASTER_0768	439_2017_1821_MOESM1_ESM.tsv							generated/PAVS_MASTER_0768.json
PAVS_MASTER_0769	439_2017_1821_MOESM1_ESM.tsv			TMEM237	TMEM237:NM_001044385:exon5:c.325C>T:p.R109X,			generated/PAVS_MASTER_0769.json
PAVS_MASTER_0770	439_2017_1821_MOESM1_ESM.tsv			MTTP	MTTP:NM_001300785:exon13:c.1915G>C:p.G639R			generated/PAVS_MASTER_0770.json
PAVS_MASTER_0771	439_2017_1821_MOESM1_ESM.tsv							generated/PAVS_MASTER_0771.json
PAVS_MASTER_0772	439_2017_1821_MOESM1_ESM.tsv			PROM1	PROM1: NM_001145848:exon11:c.1115-1G>A			generated/PAVS_MASTER_0772.json
PAVS_MASTER_0773	439_2017_1821_MOESM1_ESM.tsv							generated/PAVS_MASTER_0773.json
PAVS_MASTER_0774	439_2017_1821_MOESM1_ESM.tsv							generated/PAVS_MASTER_0774.json
PAVS_MASTER_0775	439_2017_1821_MOESM1_ESM.tsv							generated/PAVS_MASTER_0775.json
PAVS_MASTER_0776	439_2017_1821_MOESM1_ESM.tsv							generated/PAVS_MASTER_0776.json
PAVS_MASTER_0777	439_2017_1821_MOESM1_ESM.tsv			C12orf57	C12orf57:NM_001301837:exon1:c.43C>T:p.Q15X			generated/PAVS_MASTER_0777.json
PAVS_MASTER_0778	439_2017_1821_MOESM1_ESM.tsv			SLC9A6	SLC9A6:NM_001042537:exon9:c.1211C>T			generated/PAVS_MASTER_0778.json
PAVS_MASTER_0779	439_2017_1821_MOESM1_ESM.tsv							generated/PAVS_MASTER_0779.json
PAVS_MASTER_0780	439_2017_1821_MOESM1_ESM.tsv			SPG11	SPG11:NM_001160227:exon10:c.1951C>T:p.R651X			generated/PAVS_MASTER_0780.json
PAVS_MASTER_0781	439_2017_1821_MOESM1_ESM.tsv			CLN8	CLN8:NM_018941:exon3:c.779C>T:p.P260L			generated/PAVS_MASTER_0781.json
PAVS_MASTER_0782	439_2017_1821_MOESM1_ESM.tsv			MAOA	MAOA:NM_000240:exon3:c.299A>G:p.Y100C			generated/PAVS_MASTER_0782.json
PAVS_MASTER_0783	439_2017_1821_MOESM1_ESM.tsv			ABCB11	ABCB11:NM_003742:exon5:c.379delA:p.T127fs			generated/PAVS_MASTER_0783.json
PAVS_MASTER_0784	439_2017_1821_MOESM1_ESM.tsv			CHKB	CHKB:NM_005198:exon8:c.927+1G>A			generated/PAVS_MASTER_0784.json
PAVS_MASTER_0785	439_2017_1821_MOESM1_ESM.tsv							generated/PAVS_MASTER_0785.json
PAVS_MASTER_0786	439_2017_1821_MOESM1_ESM.tsv							generated/PAVS_MASTER_0786.json
PAVS_MASTER_0787	439_2017_1821_MOESM1_ESM.tsv							generated/PAVS_MASTER_0787.json
PAVS_MASTER_0788	439_2017_1821_MOESM1_ESM.tsv			C12orf57	C12orf57:NM_001301837:exon1:c.1A>G:p.M1V			generated/PAVS_MASTER_0788.json
PAVS_MASTER_0789	439_2017_1821_MOESM1_ESM.tsv			PKD2	PKD2:NM_000297:exon1:c.567G>A:p.W189X			generated/PAVS_MASTER_0789.json
PAVS_MASTER_0790	439_2017_1821_MOESM1_ESM.tsv							generated/PAVS_MASTER_0790.json
PAVS_MASTER_0791	439_2017_1821_MOESM1_ESM.tsv							generated/PAVS_MASTER_0791.json
PAVS_MASTER_0792	439_2017_1821_MOESM1_ESM.tsv							generated/PAVS_MASTER_0792.json
PAVS_MASTER_0793	439_2017_1821_MOESM1_ESM.tsv							generated/PAVS_MASTER_0793.json
PAVS_MASTER_0794	439_2017_1821_MOESM1_ESM.tsv							generated/PAVS_MASTER_0794.json
PAVS_MASTER_0795	439_2017_1821_MOESM1_ESM.tsv							generated/PAVS_MASTER_0795.json
PAVS_MASTER_0796	439_2017_1821_MOESM1_ESM.tsv			ISCA2	ISCA2:NM_194279:exon3:c.229G>A:p.G77S			generated/PAVS_MASTER_0796.json
PAVS_MASTER_0797	439_2017_1821_MOESM1_ESM.tsv			VWA3B	VWA3B:NM_144992:exon5:c.655G>T:p.E219X			generated/PAVS_MASTER_0797.json
PAVS_MASTER_0798	439_2017_1821_MOESM1_ESM.tsv			CRLF1	CRLF1:NM_004750:exon4:c.605delC:p.A202fs			generated/PAVS_MASTER_0798.json
PAVS_MASTER_0799	439_2017_1821_MOESM1_ESM.tsv			KIF1A	KIF1A:NM_004321:exon39:c.4088G>C:p.G1363A			generated/PAVS_MASTER_0799.json
PAVS_MASTER_0800	439_2017_1821_MOESM1_ESM.tsv			SOS1	SOS1:NM_005633:exon10:c.1490G>A:p.R497Q			generated/PAVS_MASTER_0800.json
PAVS_MASTER_0801	439_2017_1821_MOESM1_ESM.tsv			ADAT3	ADAT3:NM_138422:exon2:c.430G>A:p.V144M			generated/PAVS_MASTER_0801.json
PAVS_MASTER_0802	439_2017_1821_MOESM1_ESM.tsv			RNF213	RNF213:NM_001256071:exon60:c.14394delC:p.F4798fs			generated/PAVS_MASTER_0802.json
PAVS_MASTER_0803	439_2017_1821_MOESM1_ESM.tsv							generated/PAVS_MASTER_0803.json
PAVS_MASTER_0804	439_2017_1821_MOESM1_ESM.tsv			BMPER	BMPER:NM_133468:exon9:c.712T>G:p.C238G			generated/PAVS_MASTER_0804.json
PAVS_MASTER_0805	439_2017_1821_MOESM1_ESM.tsv			DMKN	DMKN:NM_001126057:exon5:c.850_851insCA:p.G284fs			generated/PAVS_MASTER_0805.json
PAVS_MASTER_0806	439_2017_1821_MOESM1_ESM.tsv			NALCN	NALCN:NM_052867:exon39:c.4355T>C:p.L1452S			generated/PAVS_MASTER_0806.json
PAVS_MASTER_0807	439_2017_1821_MOESM1_ESM.tsv			PLA2G6	PLA2G6:NM_001004426:exon16:c.2208T>G:p.Y736X			generated/PAVS_MASTER_0807.json
PAVS_MASTER_0808	439_2017_1821_MOESM1_ESM.tsv			VAMP1	VAMP1:NM_001297438:exon2:c.128_129del:p.E43fs			generated/PAVS_MASTER_0808.json
PAVS_MASTER_0809	439_2017_1821_MOESM1_ESM.tsv			PLEKHF1	PLEKHF1:NM_024310:exon2:c.514C>T:p.R172C			generated/PAVS_MASTER_0809.json
PAVS_MASTER_0810	439_2017_1821_MOESM1_ESM.tsv			PLEKHG2	PLEKHG2:NM_022835:exon18:c.1708G>A:p.G570R			generated/PAVS_MASTER_0810.json
PAVS_MASTER_0811	439_2017_1821_MOESM1_ESM.tsv			AHNAK2	AHNAK2:NM_138420:exon7:c.6436_6437insGG:p.L2146fs			generated/PAVS_MASTER_0811.json
PAVS_MASTER_0812	439_2017_1821_MOESM1_ESM.tsv			NRAP	NRAP:NM_001261463:exon5:c.400_407del:p.C134fs			generated/PAVS_MASTER_0812.json
PAVS_MASTER_0813	439_2017_1821_MOESM1_ESM.tsv			ASPM	ASPM:NM_018136:exon18:c.6232C>T:p.R2078X			generated/PAVS_MASTER_0813.json
PAVS_MASTER_0814	439_2017_1821_MOESM1_ESM.tsv			SLC13A5	SLC13A5:NM_001284510:exon8:c.1098dupC:p.I367fs			generated/PAVS_MASTER_0814.json
PAVS_MASTER_0815	439_2017_1821_MOESM1_ESM.tsv			CLN5	CLN5:NM_006493:exon3:c.595C>T:p.R199X; CLN5:NM_006493:exon3:c.656_657insTGATG:p.I219fs			generated/PAVS_MASTER_0815.json
PAVS_MASTER_0816	439_2017_1821_MOESM1_ESM.tsv			CCDC174	CCDC174:NM_016474:exon9:c.884G>C:p.R295T			generated/PAVS_MASTER_0816.json
PAVS_MASTER_0817	439_2017_1821_MOESM1_ESM.tsv			VAMP1	VAMP1:NM_014231:exon2:c.129+1G>A			generated/PAVS_MASTER_0817.json
PAVS_MASTER_0818	439_2017_1821_MOESM1_ESM.tsv			MOCS1	MOCS1:NM_001075098:exon9:c.1102+1G>T			generated/PAVS_MASTER_0818.json
PAVS_MASTER_0819	439_2017_1821_MOESM1_ESM.tsv			GALC	GALC:NM_001201401:exon8:c.928G>A:p.G310R			generated/PAVS_MASTER_0819.json
PAVS_MASTER_0820	439_2017_1821_MOESM1_ESM.tsv							generated/PAVS_MASTER_0820.json
PAVS_MASTER_0821	439_2017_1821_MOESM1_ESM.tsv			C10orf2	C10orf2:NM_001163812:exon4:c.1721T>C:p.F574S			generated/PAVS_MASTER_0821.json
PAVS_MASTER_0822	439_2017_1821_MOESM1_ESM.tsv			QKI	QKI:NM_206853:exon6:c.635-2A>T			generated/PAVS_MASTER_0822.json
PAVS_MASTER_0823	439_2017_1821_MOESM1_ESM.tsv			CA2	CA2:NM_000067:exon2:c.232+1G>A			generated/PAVS_MASTER_0823.json
PAVS_MASTER_0824	439_2017_1821_MOESM1_ESM.tsv							generated/PAVS_MASTER_0824.json
PAVS_MASTER_0825	439_2017_1821_MOESM1_ESM.tsv			NADK2	NADK2:NM_001287341:exon8:c.380A>G:p.Y127C			generated/PAVS_MASTER_0825.json
PAVS_MASTER_0826	439_2017_1821_MOESM1_ESM.tsv			ECI1	ECI1:NM_001919:exon5:c.563+1G>T			generated/PAVS_MASTER_0826.json
PAVS_MASTER_0827	439_2017_1821_MOESM1_ESM.tsv							generated/PAVS_MASTER_0827.json
PAVS_MASTER_0828	439_2017_1821_MOESM1_ESM.tsv			FBN1	FBN1:NM_000138:exon42:c.5087A>G:p.Y1696C			generated/PAVS_MASTER_0828.json
PAVS_MASTER_0829	439_2017_1821_MOESM1_ESM.tsv							generated/PAVS_MASTER_0829.json
PAVS_MASTER_0830	439_2017_1821_MOESM1_ESM.tsv							generated/PAVS_MASTER_0830.json
PAVS_MASTER_0831	439_2017_1821_MOESM1_ESM.tsv							generated/PAVS_MASTER_0831.json
PAVS_MASTER_0832	439_2017_1821_MOESM1_ESM.tsv							generated/PAVS_MASTER_0832.json
PAVS_MASTER_0833	439_2017_1821_MOESM1_ESM.tsv			ESCO2	ESCO2: NM_001017420:exon7:c.1132-7A>G			generated/PAVS_MASTER_0833.json
PAVS_MASTER_0834	439_2017_1821_MOESM1_ESM.tsv			SIL1	SIL1: NM_001037633:exon11:c.1030-9G>A			generated/PAVS_MASTER_0834.json
PAVS_MASTER_0835	439_2017_1821_MOESM1_ESM.tsv							generated/PAVS_MASTER_0835.json
PAVS_MASTER_0836	439_2017_1821_MOESM1_ESM.tsv							generated/PAVS_MASTER_0836.json
PAVS_MASTER_0837	439_2017_1821_MOESM1_ESM.tsv			GRTP1	GRTP1:NM_001286732:exon6:c.698G>A:p.W233X			generated/PAVS_MASTER_0837.json
PAVS_MASTER_0838	439_2017_1821_MOESM1_ESM.tsv			PCDH19	PCDH19:NM_001105243:exon1:c.577_578del:p.E193fs			generated/PAVS_MASTER_0838.json
PAVS_MASTER_0839	439_2017_1821_MOESM1_ESM.tsv			SPG11	SPG11:NM_001160227:exon36:c.6559_6560del:p.L2187fs			generated/PAVS_MASTER_0839.json
PAVS_MASTER_0840	439_2017_1821_MOESM1_ESM.tsv			VRK1	VRK1:NM_003384:exon8:c.709+3A>C			generated/PAVS_MASTER_0840.json
PAVS_MASTER_0841	439_2017_1821_MOESM1_ESM.tsv			ARSE	ARSE:NM_001282631:exon6:c.814G>A:p.G272R			generated/PAVS_MASTER_0841.json
PAVS_MASTER_0842	439_2017_1821_MOESM1_ESM.tsv							generated/PAVS_MASTER_0842.json
PAVS_MASTER_0843	439_2017_1821_MOESM1_ESM.tsv			CLCN1	CLCN1:NM_000083:exon3:c.378dupG:p.L126fs			generated/PAVS_MASTER_0843.json
PAVS_MASTER_0844	439_2017_1821_MOESM1_ESM.tsv			KCNA2	KCNA2:NM_004974:exon3:c.1214C>T:p.P405L			generated/PAVS_MASTER_0844.json
PAVS_MASTER_0845	439_2017_1821_MOESM1_ESM.tsv			CHD8	CHD8:NM_001170629:exon26:c.4984C>T:p.R1662X,			generated/PAVS_MASTER_0845.json
PAVS_MASTER_0846	439_2017_1821_MOESM1_ESM.tsv			CRTAP	CRTAP:NM_006371:exon4:c.826C>T:p.Q276X-HGMD			generated/PAVS_MASTER_0846.json
PAVS_MASTER_0847	439_2017_1821_MOESM1_ESM.tsv			DVL3	DVL3:NM_004423:exon8:c.903G>C:p.Q301H			generated/PAVS_MASTER_0847.json
PAVS_MASTER_0848	439_2017_1821_MOESM1_ESM.tsv			RNASEH2B	RNASEH2B:NM_001142279:exon5:c.356A>G:p.D119G			generated/PAVS_MASTER_0848.json
PAVS_MASTER_0849	439_2017_1821_MOESM1_ESM.tsv							generated/PAVS_MASTER_0849.json
PAVS_MASTER_0850	439_2017_1821_MOESM1_ESM.tsv			TRMT1	TRMT1:NM_001142554:exon10:c.1245_1246del:p.L415fs			generated/PAVS_MASTER_0850.json
PAVS_MASTER_0851	439_2017_1821_MOESM1_ESM.tsv			KIF14	KIF14:NM_001305792:exon23:c.2598G>A:p.? (splicing)			generated/PAVS_MASTER_0851.json
PAVS_MASTER_0852	439_2017_1821_MOESM1_ESM.tsv			PURA	PURA:NM_005859:exon1:c.302_303del:p.T101fs			generated/PAVS_MASTER_0852.json
PAVS_MASTER_0853	439_2017_1821_MOESM1_ESM.tsv			C12orf57	C12orf57:NM_001301837:exon1:c.1A>G:p.M1V			generated/PAVS_MASTER_0853.json
PAVS_MASTER_0854	439_2017_1821_MOESM1_ESM.tsv			PURA	PURA:NM_005859:exon1:c.302_303del:p.T101fs			generated/PAVS_MASTER_0854.json
PAVS_MASTER_0855	439_2017_1821_MOESM1_ESM.tsv							generated/PAVS_MASTER_0855.json
PAVS_MASTER_0856	439_2017_1821_MOESM1_ESM.tsv			C12orf57	C12orf57:NM_001301836:exon2:c.14-2A>G			generated/PAVS_MASTER_0856.json
PAVS_MASTER_0857	439_2017_1821_MOESM1_ESM.tsv			ISCA2	ISCA2:NM_194279:exon3:c.229G>A:p.G77S			generated/PAVS_MASTER_0857.json
PAVS_MASTER_0858	439_2017_1821_MOESM1_ESM.tsv			ARMC9	ARMC9:NM_001291656:exon17:c.1559C>T:p.Pro522Leu			generated/PAVS_MASTER_0858.json
PAVS_MASTER_0859	439_2017_1821_MOESM1_ESM.tsv			GALNS	GALNS:NM_000512:exon3:c.245C>T:p.S82L			generated/PAVS_MASTER_0859.json
PAVS_MASTER_0860	439_2017_1821_MOESM1_ESM.tsv			OPA1	OPA1:NM_130831:exon16:c.1597+1G>C			generated/PAVS_MASTER_0860.json
PAVS_MASTER_0861	439_2017_1821_MOESM1_ESM.tsv			STAMBP	STAMBP:NM_201647:exon10:c.1271G>A:p.R424Q			generated/PAVS_MASTER_0861.json
PAVS_MASTER_0862	439_2017_1821_MOESM1_ESM.tsv			CCDC82	CCDC82:NM_024725:exon5:c.904G>T:p.D302Y			generated/PAVS_MASTER_0862.json
PAVS_MASTER_0863	439_2017_1821_MOESM1_ESM.tsv			NDUFAF5	NDUFAF5:NM_024120:exon1:c.222+8->GCGGGGCGGCGGGGCG,NM_001039375:exon1:c.222+8->GCGGGGCGGCGGGGCG			generated/PAVS_MASTER_0863.json
PAVS_MASTER_0864	439_2017_1821_MOESM1_ESM.tsv			SETX	SETX:NM_015046:exon11:c.5308_5311del:p.E1770fs			generated/PAVS_MASTER_0864.json
PAVS_MASTER_0865	439_2017_1821_MOESM1_ESM.tsv			SLAIN2	SLAIN2:NM_020846:exon5:c.938C>T:p.T313I			generated/PAVS_MASTER_0865.json
PAVS_MASTER_0866	439_2017_1821_MOESM1_ESM.tsv			PLCH2	PLCH2:NM_001303012:exon16:c.2132G>A:p.C711Y			generated/PAVS_MASTER_0866.json
PAVS_MASTER_0867	439_2017_1821_MOESM1_ESM.tsv			TTN	TTN:NM_003319:exon154:c.58829C>T:p.P19610L			generated/PAVS_MASTER_0867.json
PAVS_MASTER_0868	439_2017_1821_MOESM1_ESM.tsv			PCNX	PCNX:NM_001308160:exon26:c.4804A>G:p.K1602E			generated/PAVS_MASTER_0868.json
PAVS_MASTER_0869	439_2017_1821_MOESM1_ESM.tsv			CHD7	CHD7:NM_017780:exon8:c.2500_2504del:p.S834fs			generated/PAVS_MASTER_0869.json
PAVS_MASTER_0870	439_2017_1821_MOESM1_ESM.tsv			ROBO1	ROBO1:NM_133631:exon21:c.2990A>T:p.D997V			generated/PAVS_MASTER_0870.json
PAVS_MASTER_0871	439_2017_1821_MOESM1_ESM.tsv			C5orf42	C5orf42:NM_023073:exon20:c.3610T>C:p.S1204P			generated/PAVS_MASTER_0871.json
PAVS_MASTER_0872	439_2017_1821_MOESM1_ESM.tsv			RIMKLA	RIMKLA:NM_173642:exon1:c.18G>A:p.W6X			generated/PAVS_MASTER_0872.json
PAVS_MASTER_0873	439_2017_1821_MOESM1_ESM.tsv			ASB3	ASB3:NM_001201965:exon5:c.386-3T>C			generated/PAVS_MASTER_0873.json
PAVS_MASTER_0874	439_2017_1821_MOESM1_ESM.tsv			MAP7D3	MAP7D3:NM_001173517:exon7:c.804_805insTA:p.D269_A270delinsX			generated/PAVS_MASTER_0874.json
PAVS_MASTER_0875	439_2017_1821_MOESM1_ESM.tsv			ISCA2	ISCA2:NM_194279:exon3:c.229G>A:p.G77S			generated/PAVS_MASTER_0875.json
PAVS_MASTER_0876	439_2017_1821_MOESM1_ESM.tsv							generated/PAVS_MASTER_0876.json
PAVS_MASTER_0877	439_2017_1821_MOESM1_ESM.tsv			DHCR7	DHCR7:NM_001163817:exon5:c.376G>A:p.V126I			generated/PAVS_MASTER_0877.json
PAVS_MASTER_0878	439_2017_1821_MOESM1_ESM.tsv							generated/PAVS_MASTER_0878.json
PAVS_MASTER_0879	439_2017_1821_MOESM1_ESM.tsv			SMARCA2	SMARCA2:NM_001289396:exon7:c.1217T>G:p.L406R			generated/PAVS_MASTER_0879.json
PAVS_MASTER_0880	439_2017_1821_MOESM1_ESM.tsv			PC	PC:NM_022172:exon11:c.1480C>T:p.Q494X			generated/PAVS_MASTER_0880.json
PAVS_MASTER_0881	439_2017_1821_MOESM1_ESM.tsv			NDUFA6	NDUFA6:NM_002490:exon1:c.81G>A:p.M27I			generated/PAVS_MASTER_0881.json
PAVS_MASTER_0882	439_2017_1821_MOESM1_ESM.tsv			CSF1R	CSF1R:NM_005211:exon14:c.1905G>T:p.K635N			generated/PAVS_MASTER_0882.json
PAVS_MASTER_0883	439_2017_1821_MOESM1_ESM.tsv							generated/PAVS_MASTER_0883.json
PAVS_MASTER_0884	439_2017_1821_MOESM1_ESM.tsv			PCGF2	PCGF2:NM_007144:exon11:c.1026delC:p.P342fs			generated/PAVS_MASTER_0884.json
PAVS_MASTER_0885	439_2017_1821_MOESM1_ESM.tsv			KDM6A	KDM6A:NM_001291415:exon6:c.548A>G:p.Y183C			generated/PAVS_MASTER_0885.json
PAVS_MASTER_0886	439_2017_1821_MOESM1_ESM.tsv							generated/PAVS_MASTER_0886.json
PAVS_MASTER_0887	439_2017_1821_MOESM1_ESM.tsv			PDX1	PDX1:NM_000209:exon1:c.98C>A:p.P33H			generated/PAVS_MASTER_0887.json
PAVS_MASTER_0888	439_2017_1821_MOESM1_ESM.tsv							generated/PAVS_MASTER_0888.json
PAVS_MASTER_0889	439_2017_1821_MOESM1_ESM.tsv			MED26	MED26:NM_004831:exon3:c.1771T>G:p.L591V			generated/PAVS_MASTER_0889.json
PAVS_MASTER_0890	439_2017_1821_MOESM1_ESM.tsv			SNIP1	SNIP1:NM_024700:exon4:c.1082G>C:p.G361A			generated/PAVS_MASTER_0890.json
PAVS_MASTER_0891	439_2017_1821_MOESM1_ESM.tsv			ACOX1	ACOX1:NM_001185039:exon10:c.1247_1250del:p.Y416fs			generated/PAVS_MASTER_0891.json
PAVS_MASTER_0892	439_2017_1821_MOESM1_ESM.tsv			DYNC1H1	DYNC1H1:NM_001376:exon55:c.10414-2A>G			generated/PAVS_MASTER_0892.json
PAVS_MASTER_0893	439_2017_1821_MOESM1_ESM.tsv			ITPA	ITPA:NM_001267623:exon2:c.130G>A:p.G44S,			generated/PAVS_MASTER_0893.json
PAVS_MASTER_0894	439_2017_1821_MOESM1_ESM.tsv			DVL2 NM_004422	DVL2 NM_004422:exon14:c.1690C>T:p.Q564X			generated/PAVS_MASTER_0894.json
PAVS_MASTER_0895	439_2017_1821_MOESM1_ESM.tsv			CNTN5	CNTN5:NM_175566:exon15:c.1955T>G:p.I652R			generated/PAVS_MASTER_0895.json
PAVS_MASTER_0896	439_2017_1821_MOESM1_ESM.tsv			OPA3	OPA3:NM_025136:exon2:c.194delG:p.G65fs			generated/PAVS_MASTER_0896.json
PAVS_MASTER_0897	439_2017_1821_MOESM1_ESM.tsv			DNM1	DNM1:uc022bnx.1:exon1:c.127G>A:p.G43S			generated/PAVS_MASTER_0897.json
PAVS_MASTER_0898	439_2017_1821_MOESM1_ESM.tsv			NTRK1	NTRK1:NM_001007792:exon2:c.13G>A:p.A5T			generated/PAVS_MASTER_0898.json
PAVS_MASTER_0899	439_2017_1821_MOESM1_ESM.tsv							generated/PAVS_MASTER_0899.json
PAVS_MASTER_0900	439_2017_1821_MOESM1_ESM.tsv			ARID1B	ARID1B:NM_020732:exon3:c.1776+4A>G; NHS:NM_001291868:exon6:c.1578T>A:p.N526K			generated/PAVS_MASTER_0900.json
PAVS_MASTER_0901	439_2017_1821_MOESM1_ESM.tsv			MCTP2	MCTP2:NM_001159644:exon5:c.384dupT:p.N128fs			generated/PAVS_MASTER_0901.json
PAVS_MASTER_0902	439_2017_1821_MOESM1_ESM.tsv			GORAB	GORAB:NM_001146039:exon2:c.302dupA:p.Q101fs			generated/PAVS_MASTER_0902.json
PAVS_MASTER_0903	439_2017_1821_MOESM1_ESM.tsv			SRRT	SRRT:NM_001128852:exon5:c.497C>T:p.T166M			generated/PAVS_MASTER_0903.json
PAVS_MASTER_0904	439_2017_1821_MOESM1_ESM.tsv			GDI1	GDI1:NM_001493:exon4:c.340G>T:p.G114C			generated/PAVS_MASTER_0904.json
PAVS_MASTER_0905	439_2017_1821_MOESM1_ESM.tsv			CLCNKB	CLCNKB:NM_001165945:exon7:c.817G>A:p.E273K,CLCNKB:NM_000085:exon14:c.1324G>A:p.E442K			generated/PAVS_MASTER_0905.json
PAVS_MASTER_0906	439_2017_1821_MOESM1_ESM.tsv			PORCN	PORCN:NM_203474:exon4:c.496G>A:p.V166I			generated/PAVS_MASTER_0906.json
PAVS_MASTER_0907	439_2017_1821_MOESM1_ESM.tsv			WDR59	WDR59:NM_030581:exon4:c.270G>A:p.W90X			generated/PAVS_MASTER_0907.json
PAVS_MASTER_0908	439_2017_1821_MOESM1_ESM.tsv							generated/PAVS_MASTER_0908.json
PAVS_MASTER_0909	439_2017_1821_MOESM1_ESM.tsv			ALS2	ALS2:NM_020919:exon22:c.3520A>T:p.K1174X			generated/PAVS_MASTER_0909.json
PAVS_MASTER_0910	439_2017_1821_MOESM1_ESM.tsv			ALS2	ALS2:NM_020919:exon22:c.3520A>T:p.K1174X			generated/PAVS_MASTER_0910.json
PAVS_MASTER_0911	439_2017_1821_MOESM1_ESM.tsv							generated/PAVS_MASTER_0911.json
PAVS_MASTER_0912	439_2017_1821_MOESM1_ESM.tsv			MPP7	MPP7:NM_173496:exon16:c.1251C>G:p.Y417X			generated/PAVS_MASTER_0912.json
PAVS_MASTER_0913	439_2017_1821_MOESM1_ESM.tsv			CTNNB1	CTNNB1:NM_001098209:exon7:c.999C>G:p.Y333X			generated/PAVS_MASTER_0913.json
PAVS_MASTER_0914	439_2017_1821_MOESM1_ESM.tsv			MYBPC1	MYBPC1:NM_001254722:exon19:c.2357T>G:p.V786G			generated/PAVS_MASTER_0914.json
PAVS_MASTER_0915	439_2017_1821_MOESM1_ESM.tsv							generated/PAVS_MASTER_0915.json
PAVS_MASTER_0916	439_2017_1821_MOESM1_ESM.tsv			CCDC186	CCDC186:NM_018017:exon2:c.610C>T:p.Q204X			generated/PAVS_MASTER_0916.json
PAVS_MASTER_0917	439_2017_1821_MOESM1_ESM.tsv			AGTPBP1	AGTPBP1:NM_001286715:exon20:c.2908C>T:p.R970W			generated/PAVS_MASTER_0917.json
PAVS_MASTER_0918	439_2017_1821_MOESM1_ESM.tsv			PAX7	PAX7:NM_001135254:exon3:c.433C>T:p.R145X			generated/PAVS_MASTER_0918.json
PAVS_MASTER_0919	439_2017_1821_MOESM1_ESM.tsv							generated/PAVS_MASTER_0919.json
PAVS_MASTER_0920	439_2017_1821_MOESM1_ESM.tsv			AKAP6	AKAP6:NM_004274:exon4:c.1874A>T:p.Y625F			generated/PAVS_MASTER_0920.json
PAVS_MASTER_0921	439_2017_1821_MOESM1_ESM.tsv			EPB41L5	EPB41L5:NM_001184939:exon14:c.1178+1G>T			generated/PAVS_MASTER_0921.json
PAVS_MASTER_0922	439_2017_1821_MOESM1_ESM.tsv			GRSF1	GRSF1:NM_001098477:exon3:c.88C>T:p.R30X			generated/PAVS_MASTER_0922.json
PAVS_MASTER_0923	439_2017_1821_MOESM1_ESM.tsv			MTDH	MTDH:NM_178812:exon6:c.862delG:p.E288fs			generated/PAVS_MASTER_0923.json
PAVS_MASTER_0924	439_2017_1821_MOESM1_ESM.tsv			SURF1	SURF1:NM_001280787:exon6:c.330_331del:p.E110fs			generated/PAVS_MASTER_0924.json
PAVS_MASTER_0925	439_2017_1821_MOESM1_ESM.tsv			CACNA1G	CACNA1G:NM_001256324:exon5:c.719G>A:p.R240Q			generated/PAVS_MASTER_0925.json
PAVS_MASTER_0926	439_2017_1821_MOESM1_ESM.tsv			KCNC4	KCNC4:NM_001039574:exon1:c.23C>T:p.S8F			generated/PAVS_MASTER_0926.json
PAVS_MASTER_0927	439_2017_1821_MOESM1_ESM.tsv			LAMA2	LAMA2:NM_000426:exon12:c.1761delG:p.P587fs			generated/PAVS_MASTER_0927.json
PAVS_MASTER_0928	439_2017_1821_MOESM1_ESM.tsv			KMT2D	KMT2D:NM_003482:exon48:c.15535C>T:p.R5179C			generated/PAVS_MASTER_0928.json
PAVS_MASTER_0929	439_2017_1821_MOESM1_ESM.tsv			TTN	TTN:NM_003319:exon154:c.57359G>A:p.R19120Q; TTN:NM_003319:exon154:c.44167G>A:p.A14723T; Cmp Het			generated/PAVS_MASTER_0929.json
PAVS_MASTER_0930	439_2017_1821_MOESM1_ESM.tsv			MYO7A	MYO7A:NM_000260:exon17:c.2005C>T:p.R669X;			generated/PAVS_MASTER_0930.json
PAVS_MASTER_0931	439_2017_1821_MOESM1_ESM.tsv			FBXL22	FBXL22:NM_203373:exon1:c.279G>C:p.K93N			generated/PAVS_MASTER_0931.json
PAVS_MASTER_0932	439_2017_1821_MOESM1_ESM.tsv			VPS36	VPS36:NM_001282169:exon14:c.894-2->T			generated/PAVS_MASTER_0932.json
PAVS_MASTER_0933	439_2017_1821_MOESM1_ESM.tsv			TRNT1	TRNT1:NM_182916:exon6:c.644A>G:p.H215R			generated/PAVS_MASTER_0933.json
PAVS_MASTER_0934	439_2017_1821_MOESM1_ESM.tsv			RFT1	RFT1: NM_052859:exon7:c.775+1G>C			generated/PAVS_MASTER_0934.json
PAVS_MASTER_0935	439_2017_1821_MOESM1_ESM.tsv			PLA2G6	PLA2G6:NM_001004426:exon13:c.1771C>T:p.R591X, PLA2G6:NM_001004426:exon8:c.1125delA:p.E375fs			generated/PAVS_MASTER_0935.json
PAVS_MASTER_0936	439_2017_1821_MOESM1_ESM.tsv							generated/PAVS_MASTER_0936.json
PAVS_MASTER_0937	439_2017_1821_MOESM1_ESM.tsv			NDUFS8	NDUFS8:NM_002496:exon5:c.329G>A:p.R110H			generated/PAVS_MASTER_0937.json
PAVS_MASTER_0938	439_2017_1821_MOESM1_ESM.tsv			KIF7	KIF7:NM_198525:exon17:c.3331C>T:p.R1111X			generated/PAVS_MASTER_0938.json
PAVS_MASTER_0939	439_2017_1821_MOESM1_ESM.tsv			CEP290	CEP290:NM_025114:exon32:c.4150C>T:p.R1384C			generated/PAVS_MASTER_0939.json
PAVS_MASTER_0940	439_2017_1821_MOESM1_ESM.tsv			WNK1	WNK1:NM_213655:exon9:c.2226dupC:p.H742fs			generated/PAVS_MASTER_0940.json
PAVS_MASTER_0941	439_2017_1821_MOESM1_ESM.tsv							generated/PAVS_MASTER_0941.json
PAVS_MASTER_0942	439_2017_1821_MOESM1_ESM.tsv			C17orf62	C17orf62:NM_001033046:exon3:c.127G>A:p.D43N			generated/PAVS_MASTER_0942.json
PAVS_MASTER_0943	439_2017_1821_MOESM1_ESM.tsv			L2HGDH	L2HGDH:NM_024884:exon2:c.208C>T:p.R70X			generated/PAVS_MASTER_0943.json
PAVS_MASTER_0944	439_2017_1821_MOESM1_ESM.tsv			SGCD	SGCD:NM_001128209:exon4:c.336delC:p.N112fs			generated/PAVS_MASTER_0944.json
PAVS_MASTER_0945	439_2017_1821_MOESM1_ESM.tsv							generated/PAVS_MASTER_0945.json
PAVS_MASTER_0946	439_2017_1821_MOESM1_ESM.tsv			NF1	NF1:NM_000267:exon28:c.3827G>A:p.R1276			generated/PAVS_MASTER_0946.json
PAVS_MASTER_0947	439_2017_1821_MOESM1_ESM.tsv			MED12	MED12:NM_005120:exon28:c.4012A>T:p.N1338Y			generated/PAVS_MASTER_0947.json
PAVS_MASTER_0948	439_2017_1821_MOESM1_ESM.tsv			TPM2	TPM2:NM_001301226:exon2:c.121G>A:p.E41K			generated/PAVS_MASTER_0948.json
PAVS_MASTER_0949	439_2017_1821_MOESM1_ESM.tsv			PSAT1	PSAT1:NM_021154:exon4:c.233G>C:p.G78A			generated/PAVS_MASTER_0949.json
PAVS_MASTER_0950	439_2017_1821_MOESM1_ESM.tsv			FAM134B	FAM134B:NM_019000:exon6:c.503C>G:p.S168X			generated/PAVS_MASTER_0950.json
PAVS_MASTER_0951	439_2017_1821_MOESM1_ESM.tsv			SBF2	SBF2:NM_030962:exon7:c.659C>G:p.T220R			generated/PAVS_MASTER_0951.json
PAVS_MASTER_0952	439_2017_1821_MOESM1_ESM.tsv			TSPAN6	TSPAN6: NM_001278740:exon7:c.513+4C>T			generated/PAVS_MASTER_0952.json
PAVS_MASTER_0953	439_2017_1821_MOESM1_ESM.tsv							generated/PAVS_MASTER_0953.json
PAVS_MASTER_0954	439_2017_1821_MOESM1_ESM.tsv			MRPS22	MRPS22:NM_020191:exon5:c.716C>A:p.S239Y, shared by parents			generated/PAVS_MASTER_0954.json
PAVS_MASTER_0955	439_2017_1821_MOESM1_ESM.tsv			CPT2	CPT2:NM_000098:exon4:c.887G>A:p.R296Q			generated/PAVS_MASTER_0955.json
PAVS_MASTER_0956	439_2017_1821_MOESM1_ESM.tsv			ARNT2	ARNT2:NM_014862:exon3:c.147-1G>A			generated/PAVS_MASTER_0956.json
PAVS_MASTER_0957	439_2017_1821_MOESM1_ESM.tsv			CRB1	CRB1:NM_001193640:exon5:c.1898C>T:p.T633M; ADIPOR1:NM_001290553:exon4:c.346C>A:p.P116T			generated/PAVS_MASTER_0957.json
PAVS_MASTER_0958	439_2017_1821_MOESM1_ESM.tsv			SCYL1	SCYL1:NM_001048218:exon11:c.1450C>T:p.R484W			generated/PAVS_MASTER_0958.json
PAVS_MASTER_0959	439_2017_1821_MOESM1_ESM.tsv			ST20	ST20:NM_001100879:exon3:c.135T>A:p.C45X			generated/PAVS_MASTER_0959.json
PAVS_MASTER_0960	439_2017_1821_MOESM1_ESM.tsv			CUL7	CUL7:NM_001168370:exon11:c.2689C>T:p.Q897X			generated/PAVS_MASTER_0960.json
PAVS_MASTER_0961	439_2017_1821_MOESM1_ESM.tsv			DSCAM	DSCAM:NM_001271534:exon23:c.4132+2T>A			generated/PAVS_MASTER_0961.json
PAVS_MASTER_0962	439_2017_1821_MOESM1_ESM.tsv			C19orf12	C19orf12:NM_001256047:exon3:c.161-1G>T			generated/PAVS_MASTER_0962.json
PAVS_MASTER_0963	439_2017_1821_MOESM1_ESM.tsv			ADGRB2	ADGRB2:NM_001294336:exon3:c.21+1G>C			generated/PAVS_MASTER_0963.json
PAVS_MASTER_0964	439_2017_1821_MOESM1_ESM.tsv							generated/PAVS_MASTER_0964.json
PAVS_MASTER_0965	439_2017_1821_MOESM1_ESM.tsv			SLC26A3	SLC26A3:NM_000111:exon5:c.559G>T:p.G187X			generated/PAVS_MASTER_0965.json
PAVS_MASTER_0966	439_2017_1821_MOESM1_ESM.tsv			NEFL	NEFL:NM_006158:exon1:c.293A>G:p.N98S			generated/PAVS_MASTER_0966.json
PAVS_MASTER_0967	439_2017_1821_MOESM1_ESM.tsv			DES	DES:NM_001927:exon3:c.640G>T:p.D214Y			generated/PAVS_MASTER_0967.json
PAVS_MASTER_0968	439_2017_1821_MOESM1_ESM.tsv			SGCA	SGCA:NM_001135697:exon6:c.608_609insCG:p.S203fs			generated/PAVS_MASTER_0968.json
PAVS_MASTER_0969	439_2017_1821_MOESM1_ESM.tsv							generated/PAVS_MASTER_0969.json
PAVS_MASTER_0970	439_2017_1821_MOESM1_ESM.tsv			GUSB	GUSB:NM_001284290:exon7:c.991C>T:p.R331W			generated/PAVS_MASTER_0970.json
PAVS_MASTER_0971	439_2017_1821_MOESM1_ESM.tsv			EIF2AK3	EIF2AK3:NM_001313915:exon8:c.956C>G:p.S319X			generated/PAVS_MASTER_0971.json
PAVS_MASTER_0972	439_2017_1821_MOESM1_ESM.tsv			HID1	HID1:NM_030630:exon19:c.2318dupC:p.P773fs			generated/PAVS_MASTER_0972.json
PAVS_MASTER_0973	439_2017_1821_MOESM1_ESM.tsv			GALC	GALC:NM_001201401:exon7:c.788G>A:p.G263D			generated/PAVS_MASTER_0973.json
PAVS_MASTER_0974	439_2017_1821_MOESM1_ESM.tsv							generated/PAVS_MASTER_0974.json
PAVS_MASTER_0975	439_2017_1821_MOESM1_ESM.tsv							generated/PAVS_MASTER_0975.json
PAVS_MASTER_0976	439_2017_1821_MOESM1_ESM.tsv							generated/PAVS_MASTER_0976.json
PAVS_MASTER_0977	439_2017_1821_MOESM1_ESM.tsv			VAMP4	VAMP4:NM_001185127:exon5:c.175G>A:p.V59M			generated/PAVS_MASTER_0977.json
PAVS_MASTER_0978	439_2017_1821_MOESM1_ESM.tsv			SMDT1	SMDT1:NM_033318:exon2:c.255C>G:p.S85R			generated/PAVS_MASTER_0978.json
PAVS_MASTER_0979	439_2017_1821_MOESM1_ESM.tsv							generated/PAVS_MASTER_0979.json
PAVS_MASTER_0980	439_2017_1821_MOESM1_ESM.tsv							generated/PAVS_MASTER_0980.json
PAVS_MASTER_0981	439_2017_1821_MOESM1_ESM.tsv			AMPD2	AMPD2:NM_203404:exon12:c.1664G>A:p.R555H			generated/PAVS_MASTER_0981.json
PAVS_MASTER_0982	439_2017_1821_MOESM1_ESM.tsv			MRPS35	MRPS35:NM_021821:exon1:c.112+1->T			generated/PAVS_MASTER_0982.json
PAVS_MASTER_0983	439_2017_1821_MOESM1_ESM.tsv			CLN8	CLN8:NM_018941:exon3:c.601T>A:p.F201I			generated/PAVS_MASTER_0983.json
PAVS_MASTER_0984	439_2017_1821_MOESM1_ESM.tsv							generated/PAVS_MASTER_0984.json
PAVS_MASTER_0985	439_2017_1821_MOESM1_ESM.tsv			PHKA1	PHKA1:NM_001122670:exon12:c.1174C>T:p.R392X			generated/PAVS_MASTER_0985.json
PAVS_MASTER_0986	439_2017_1821_MOESM1_ESM.tsv			LRRC52	LRRC52:NM_001005214:exon2:c.659delT:p.L220fs			generated/PAVS_MASTER_0986.json
PAVS_MASTER_0987	439_2017_1821_MOESM1_ESM.tsv			TUBB4A	TUBB4A:NM_001289130:exon4:c.632C>A:p.A211D			generated/PAVS_MASTER_0987.json
PAVS_MASTER_0988	439_2017_1821_MOESM1_ESM.tsv			WHSC1	WHSC1:NM_001042424:exon13:c.2518+1G>A			generated/PAVS_MASTER_0988.json
PAVS_MASTER_0989	439_2017_1821_MOESM1_ESM.tsv							generated/PAVS_MASTER_0989.json
PAVS_MASTER_0990	439_2017_1821_MOESM1_ESM.tsv			CREBBP	CREBBP:NM_001079846:exon30:c.5524C>T:p.Q1842X			generated/PAVS_MASTER_0990.json
PAVS_MASTER_0991	439_2017_1821_MOESM1_ESM.tsv			SCN1A	SCN1A:NM_001165963:exon15:c.2738G>T:p.G913V			generated/PAVS_MASTER_0991.json
PAVS_MASTER_0992	439_2017_1821_MOESM1_ESM.tsv			ARV1	ARV1:NM_022786:exon4:c.565G>A:p.G189R			generated/PAVS_MASTER_0992.json
PAVS_MASTER_0993	439_2017_1821_MOESM1_ESM.tsv			KMT2A	KMT2A:NM_001197104:exon27:c.8842A>C			generated/PAVS_MASTER_0993.json
PAVS_MASTER_0994	439_2017_1821_MOESM1_ESM.tsv			MTMR9	MTMR9:NM_015458:exon9:c.1415A>T:p.N472I			generated/PAVS_MASTER_0994.json
PAVS_MASTER_0995	439_2017_1821_MOESM1_ESM.tsv							generated/PAVS_MASTER_0995.json
PAVS_MASTER_0996	439_2017_1821_MOESM1_ESM.tsv			CHMP2B	CHMP2B:NM_014043:exon2:c.85A>G:p.I29V			generated/PAVS_MASTER_0996.json
PAVS_MASTER_0997	439_2017_1821_MOESM1_ESM.tsv			CNTN3	CNTN3:NM_020872:exon17:c.2309C>T:p.P770L			generated/PAVS_MASTER_0997.json
PAVS_MASTER_0998	439_2017_1821_MOESM1_ESM.tsv			SMARCA4	SMARCA4:NM_001128845:exon18:c.2681C>T:p.T894M			generated/PAVS_MASTER_0998.json
PAVS_MASTER_0999	439_2017_1821_MOESM1_ESM.tsv			GEMIN7	GEMIN7:NM_001007269:exon2:c.154G>A:p.E52K			generated/PAVS_MASTER_0999.json
PAVS_MASTER_1000	439_2017_1821_MOESM1_ESM.tsv			GRIK4	GRIK4:NM_001282470:exon19:c.2479T>G:p.F827V			generated/PAVS_MASTER_1000.json
PAVS_MASTER_1001	439_2017_1821_MOESM1_ESM.tsv			BRPF1	BRPF1:NM_001003694:exon8:c.2600C>T:p.A867V			generated/PAVS_MASTER_1001.json
PAVS_MASTER_1002	439_2017_1821_MOESM1_ESM.tsv			MFSD8	MFSD8:NM_152778:exon12:c.1235C>T:p.P412L			generated/PAVS_MASTER_1002.json
PAVS_MASTER_1003	439_2017_1821_MOESM1_ESM.tsv							generated/PAVS_MASTER_1003.json
PAVS_MASTER_1004	439_2017_1821_MOESM1_ESM.tsv							generated/PAVS_MASTER_1004.json
PAVS_MASTER_1005	439_2017_1821_MOESM1_ESM.tsv			CWC22	CWC22:NM_020943:exon20:c.2305_2306del:p.D769fs			generated/PAVS_MASTER_1005.json
PAVS_MASTER_1006	439_2017_1821_MOESM1_ESM.tsv			SLC22A20	SLC22A20:NM_001004326:exon4:c.763+1G>A			generated/PAVS_MASTER_1006.json
PAVS_MASTER_1007	439_2017_1821_MOESM1_ESM.tsv			GIT1	GIT1:NM_001085454:exon5:c.611T>A:p.I204N			generated/PAVS_MASTER_1007.json
PAVS_MASTER_1008	439_2017_1821_MOESM1_ESM.tsv			PIEZO2	PIEZO2:NM_022068:exon3:c.273_279del:p.A91fs			generated/PAVS_MASTER_1008.json
PAVS_MASTER_1009	439_2017_1821_MOESM1_ESM.tsv			ACY3	ACY3:NM_080658:exon5:c.512C>A:p.A171D			generated/PAVS_MASTER_1009.json
PAVS_MASTER_1010	439_2017_1821_MOESM1_ESM.tsv			VDR	VDR:NM_000376:exon8:c.885C>A:p.Y295X			generated/PAVS_MASTER_1010.json
PAVS_MASTER_1011	439_2017_1821_MOESM1_ESM.tsv			AGRN	AGRN:NM_198576:exon24:c.4178C>T:p.T1393M			generated/PAVS_MASTER_1011.json
PAVS_MASTER_1012	439_2017_1821_MOESM1_ESM.tsv			EOGT	EOGT:NM_001278689:exon8:c.562A>T:p.K188X; EOGT:NM_001278689:exon4:c.122G>T:p.R41L			generated/PAVS_MASTER_1012.json
PAVS_MASTER_1013	439_2017_1821_MOESM1_ESM.tsv			TYRP1	TYRP1:NM_000550:exon8:c.1557T>G:p.Y519X; TGIF1:NM_170695:exon1:c.90G>A:p.W30X			generated/PAVS_MASTER_1013.json
PAVS_MASTER_1014	439_2017_1821_MOESM1_ESM.tsv			DEAF1 (chr11	DEAF1 (chr11:680960_680961del)			generated/PAVS_MASTER_1014.json
PAVS_MASTER_1015	439_2017_1821_MOESM1_ESM.tsv			TBP	TBP:NM_001172085:exon2:c.171delG:p.Q57fs			generated/PAVS_MASTER_1015.json
PAVS_MASTER_1016	439_2017_1821_MOESM1_ESM.tsv			CLSTN2	CLSTN2:NM_022131:exon14:c.2296C>T:p.R766C			generated/PAVS_MASTER_1016.json
PAVS_MASTER_1017	439_2017_1821_MOESM1_ESM.tsv			SLC17A5	SLC17A5:NM_012434:exon3:c.308G>A:p.W103X			generated/PAVS_MASTER_1017.json
PAVS_MASTER_1018	439_2017_1821_MOESM1_ESM.tsv							generated/PAVS_MASTER_1018.json
PAVS_MASTER_1019	439_2017_1821_MOESM1_ESM.tsv							generated/PAVS_MASTER_1019.json
PAVS_MASTER_1020	Manually curated Data.tsv			chr2	chr2:112,309,575–112,815,205 Hom Del of ex8			generated/PAVS_MASTER_1020.json
PAVS_MASTER_1021	Manually curated Data.tsv			NM_033100.3	NM_033100.3:c.476C>A			generated/PAVS_MASTER_1021.json
PAVS_MASTER_1022	Manually curated Data.tsv	OMIM:204000		NM_000180.3	NM_000180.3:c.416T>C			generated/PAVS_MASTER_1022.json
PAVS_MASTER_1023	Manually curated Data.tsv			NM_000390.2	NM_000390.2:c.1144G>T			generated/PAVS_MASTER_1023.json
PAVS_MASTER_1024	Manually curated Data.tsv			NM_033100.3	NM_033100.3:c.1536T>A			generated/PAVS_MASTER_1024.json
PAVS_MASTER_1025	Manually curated Data.tsv			NM_000350.2	NM_000350.2:c.5391_5392del			generated/PAVS_MASTER_1025.json
PAVS_MASTER_1026	Manually curated Data.tsv			NM_000350.2	NM_000350.2:c.4867G>C			generated/PAVS_MASTER_1026.json
PAVS_MASTER_1027	Manually curated Data.tsv			NM_000554.4	NM_000554.4:c.695del			generated/PAVS_MASTER_1027.json
PAVS_MASTER_1028	Manually curated Data.tsv			NM_000350.2	NM_000350.2:c.1630_1633dup			generated/PAVS_MASTER_1028.json
PAVS_MASTER_1029	Manually curated Data.tsv			NM_000350.2	NM_000350.2:c.1630_1633dup			generated/PAVS_MASTER_1029.json
PAVS_MASTER_1030	Manually curated Data.tsv			NM_006017.2	NM_006017.2:c.2130+2delT			generated/PAVS_MASTER_1030.json
PAVS_MASTER_1031	Manually curated Data.tsv			NM_014336.4	NM_014336.4:c.178dup			generated/PAVS_MASTER_1031.json
PAVS_MASTER_1032	Manually curated Data.tsv			NM_000554.4	NM_000554.4:c.274G>A			generated/PAVS_MASTER_1032.json
PAVS_MASTER_1033	Manually curated Data.tsv			NM_003322.4	NM_003322.4:c.180del			generated/PAVS_MASTER_1033.json
PAVS_MASTER_1034	Manually curated Data.tsv	OMIM:613826		NM_020366.3	NM_020366.3:c.2876del			generated/PAVS_MASTER_1034.json
PAVS_MASTER_1035	Manually curated Data.tsv			NM_014249.3	NM_014249.3:c.926G>T			generated/PAVS_MASTER_1035.json
PAVS_MASTER_1036	Manually curated Data.tsv			NM_006204.3	NM_006204.3:c.1613T>C			generated/PAVS_MASTER_1036.json
PAVS_MASTER_1037	Manually curated Data.tsv			NM_014249.3	NM_014249.3:c.646G>A			generated/PAVS_MASTER_1037.json
PAVS_MASTER_1038	Manually curated Data.tsv			NM_033100.3	NM_033100.3:c.709del			generated/PAVS_MASTER_1038.json
PAVS_MASTER_1039	Manually curated Data.tsv			NM_201253.3	NM_201253.3:c.2330_2336del			generated/PAVS_MASTER_1039.json
PAVS_MASTER_1040	Manually curated Data.tsv			NM_000326.4	NM_000326.4:c.286_297del			generated/PAVS_MASTER_1040.json
PAVS_MASTER_1041	Manually curated Data.tsv			NM_020184.3	NM_020184.3:c.734C>T			generated/PAVS_MASTER_1041.json
PAVS_MASTER_1042	Manually curated Data.tsv			NM_000322.4	NM_000322.4:c.497G>A			generated/PAVS_MASTER_1042.json
PAVS_MASTER_1043	Manually curated Data.tsv			NM_000350.2	NM_000350.2:c.2815G>T			generated/PAVS_MASTER_1043.json
PAVS_MASTER_1044	Manually curated Data.tsv			NM_006204.3	NM_006204.3:c.939+5G>A			generated/PAVS_MASTER_1044.json
PAVS_MASTER_1045	Manually curated Data.tsv			NM_001142800.1	NM_001142800.1:c.179del			generated/PAVS_MASTER_1045.json
PAVS_MASTER_1046	Manually curated Data.tsv			NM_000283.3	NM_000283.3:c.922+1G>A			generated/PAVS_MASTER_1046.json
PAVS_MASTER_1047	Manually curated Data.tsv	OMIM:601813		NM_002335.3	NM_002335.3:c.685C>T			generated/PAVS_MASTER_1047.json
PAVS_MASTER_1048	Manually curated Data.tsv			NM_014014.4	NM_014014.4:c.6308A>G			generated/PAVS_MASTER_1048.json
PAVS_MASTER_1049	Manually curated Data.tsv			NM_000350.2	NM_000350.2:c.1630_1633dup			generated/PAVS_MASTER_1049.json
PAVS_MASTER_1050	Manually curated Data.tsv	OMIM:604232		NM_018418.4	NM_018418.4:c.288T>A			generated/PAVS_MASTER_1050.json
PAVS_MASTER_1051	Manually curated Data.tsv	OMIM:604232		NM_018418.4	NM_018418.4:c.288T>A			generated/PAVS_MASTER_1051.json
PAVS_MASTER_1052	Manually curated Data.tsv			NM_018418.4	NM_018418.4:c.288T>A			generated/PAVS_MASTER_1052.json
PAVS_MASTER_1053	Manually curated Data.tsv	OMIM:604232		NM_018418.4	NM_018418.4:c.288T>A			generated/PAVS_MASTER_1053.json
PAVS_MASTER_1054	Manually curated Data.tsv			NM_001004334.2	NM_001004334.2:c.864G>A			generated/PAVS_MASTER_1054.json
PAVS_MASTER_1055	Manually curated Data.tsv			NM_015120.4	NM_015120.4:c.767G>A			generated/PAVS_MASTER_1055.json
PAVS_MASTER_1056	Manually curated Data.tsv			NM_177976.2	NM_177976.2:c.362G>A			generated/PAVS_MASTER_1056.json
PAVS_MASTER_1057	Manually curated Data.tsv			NM_016247.3	NM_016247.3:c.2274G>A			generated/PAVS_MASTER_1057.json
PAVS_MASTER_1058	Manually curated Data.tsv			NM_000350.2	NM_000350.2:c.1140T>A			generated/PAVS_MASTER_1058.json
PAVS_MASTER_1059	Manually curated Data.tsv			NM_001030311.2	NM_001030311.2:c.890T>C			generated/PAVS_MASTER_1059.json
PAVS_MASTER_1060	Manually curated Data.tsv			NM_000329.2	NM_000329.2:c.1366del			generated/PAVS_MASTER_1060.json
PAVS_MASTER_1061	Manually curated Data.tsv	OMIM:604393		NM_014336.4	NM_014336.4:c.178dup			generated/PAVS_MASTER_1061.json
PAVS_MASTER_1062	Manually curated Data.tsv			NM_014014.4	NM_014014.4:c.2593G>A			generated/PAVS_MASTER_1062.json
PAVS_MASTER_1063	Manually curated Data.tsv			NM_033028.4	NM_033028.4:c.1311_1312insT			generated/PAVS_MASTER_1063.json
PAVS_MASTER_1064	Manually curated Data.tsv			NM_006017.2	NM_006017.2:c.604C>G			generated/PAVS_MASTER_1064.json
PAVS_MASTER_1065	Manually curated Data.tsv			NM_002420.5	NM_002420.5:c.2_3inv			generated/PAVS_MASTER_1065.json
PAVS_MASTER_1066	Manually curated Data.tsv			NM_016247.3	NM_016247.3:c.2274G>A			generated/PAVS_MASTER_1066.json
PAVS_MASTER_1067	Manually curated Data.tsv	OMIM:604537		NM_181714.3	NM_181714.3:c.1020del			generated/PAVS_MASTER_1067.json
PAVS_MASTER_1068	Manually curated Data.tsv			NM_006343.2	NM_006343.2:c.325A>T			generated/PAVS_MASTER_1068.json
PAVS_MASTER_1069	Manually curated Data.tsv			NM_006204.3	NM_006204.3:c.1946T>C			generated/PAVS_MASTER_1069.json
PAVS_MASTER_1070	Manually curated Data.tsv			NM_207391.2	NM_207391.2:c.330_342del			generated/PAVS_MASTER_1070.json
PAVS_MASTER_1071	Manually curated Data.tsv			NM_001298.2	NM_001298.2:c.955T>C			generated/PAVS_MASTER_1071.json
PAVS_MASTER_1072	Manually curated Data.tsv			NM_016247.3	NM_016247.3:c.513T>G			generated/PAVS_MASTER_1072.json
PAVS_MASTER_1073	Manually curated Data.tsv			NM_025132.3	NM_025132.3:c.2777G>T			generated/PAVS_MASTER_1073.json
PAVS_MASTER_1074	Manually curated Data.tsv			NM_003322.4	NM_003322.4:c.1256G>A			generated/PAVS_MASTER_1074.json
PAVS_MASTER_1075	Manually curated Data.tsv			NM_006915.2	NM_006915.2:c.2T>C			generated/PAVS_MASTER_1075.json
PAVS_MASTER_1076	Manually curated Data.tsv			NM_001297.4	NM_001297.4:c.2294G>T			generated/PAVS_MASTER_1076.json
PAVS_MASTER_1077	Manually curated Data.tsv			NM_016247.3	NM_016247.3:c.2274G>A			generated/PAVS_MASTER_1077.json
PAVS_MASTER_1078	Manually curated Data.tsv	OMIM:204000		NM_000180.3	NM_000180.3:c.527T>C			generated/PAVS_MASTER_1078.json
PAVS_MASTER_1079	Manually curated Data.tsv			NM_178857.5	NM_178857.5:c.5959C>T			generated/PAVS_MASTER_1079.json
PAVS_MASTER_1080	Manually curated Data.tsv			NM_006343.2	NM_006343.2:c.1604+2T>G			generated/PAVS_MASTER_1080.json
PAVS_MASTER_1081	Manually curated Data.tsv			NM_001298.2	NM_001298.2:c.2050G>A			generated/PAVS_MASTER_1081.json
PAVS_MASTER_1082	Manually curated Data.tsv			NM_000350.2	NM_000350.2:c.4852T>A			generated/PAVS_MASTER_1082.json
PAVS_MASTER_1083	Manually curated Data.tsv			NM_000350.2	NM_000350.2:c.4867G>C			generated/PAVS_MASTER_1083.json
PAVS_MASTER_1084	Manually curated Data.tsv	OMIM:204000		NM_000180.3	NM_000180.3:c.914del			generated/PAVS_MASTER_1084.json
PAVS_MASTER_1085	Manually curated Data.tsv			NM_006343.2	NM_006343.2:c.2262C>G			generated/PAVS_MASTER_1085.json
PAVS_MASTER_1086	Manually curated Data.tsv	OMIM:613826		NM_020366.3	NM_020366.3:c.487del			generated/PAVS_MASTER_1086.json
PAVS_MASTER_1087	Manually curated Data.tsv			NM_016247.3	NM_016247.3:c.380G>C			generated/PAVS_MASTER_1087.json
PAVS_MASTER_1088	Manually curated Data.tsv			NM_000350.2	NM_000350.2:c.5391_5392del			generated/PAVS_MASTER_1088.json
PAVS_MASTER_1089	Manually curated Data.tsv			NM_001004334.3	NM_001004334.3:c.349G>A			generated/PAVS_MASTER_1089.json
PAVS_MASTER_1090	Manually curated Data.tsv			NM_000283.3	NM_000283.3:c.992+1G>A			generated/PAVS_MASTER_1090.json
PAVS_MASTER_1091	Manually curated Data.tsv	OMIM:276901		NM_206933.2	NM_206933.2:c.4429G>T			generated/PAVS_MASTER_1091.json
PAVS_MASTER_1092	Manually curated Data.tsv	OMIM:203800		NM_015120.4	NM_015120.4:c.849dup			generated/PAVS_MASTER_1092.json
PAVS_MASTER_1093	Manually curated Data.tsv	OMIM:203800		NM_015120.4	NM_015120.4:c.2729C>G			generated/PAVS_MASTER_1093.json
PAVS_MASTER_1094	Manually curated Data.tsv	OMIM:276900		NM_000260.3	NM_000260.3:c.3591_3592del			generated/PAVS_MASTER_1094.json
PAVS_MASTER_1095	Manually curated Data.tsv	OMIM:203800		NM_015120.4	NM_015120.4:c.1674del			generated/PAVS_MASTER_1095.json
PAVS_MASTER_1096	Manually curated Data.tsv	OMIM:615981		NM_031885.3	NM_031885.3:c.508G>A			generated/PAVS_MASTER_1096.json
PAVS_MASTER_1097	Manually curated Data.tsv	OMIM:615983		NM_152384.2	NM_152384.2:c.955_957del			generated/PAVS_MASTER_1097.json
PAVS_MASTER_1098	Manually curated Data.tsv			NM_000214.2	NM_000214.2:c.1481dup			generated/PAVS_MASTER_1098.json
PAVS_MASTER_1099	Manually curated Data.tsv			NM_000326.4	NM_000326.4:c.773T>G			generated/PAVS_MASTER_1099.json
PAVS_MASTER_1100	Manually curated Data.tsv	OMIM:615986		NM_198428.2	NM_198428.2:c.263C>A			generated/PAVS_MASTER_1100.json
PAVS_MASTER_1101	Manually curated Data.tsv	OMIM:615987		NM_024685.3	NM_024685.3:c.1892_1896del			generated/PAVS_MASTER_1101.json
PAVS_MASTER_1102	Manually curated Data.tsv	OMIM:615458		NM_199355.2	NM_199355.2:c.1298C>A			generated/PAVS_MASTER_1102.json
PAVS_MASTER_1103	Manually curated Data.tsv			DNAJC17	DNAJC17:NM_018163:c.681G>A			generated/PAVS_MASTER_1103.json
PAVS_MASTER_1104	Manually curated Data.tsv	OMIM:615987		NM_024685.3	NM_024685.3:c.1892_1896del			generated/PAVS_MASTER_1104.json
PAVS_MASTER_1105	Manually curated Data.tsv	OMIM:615960		NM_005559.3	NM_005559.3:c.7160G>A			generated/PAVS_MASTER_1105.json
PAVS_MASTER_1106	Manually curated Data.tsv	OMIM:252940		NM_002076.4	NM_002076.4:c.83del			generated/PAVS_MASTER_1106.json
PAVS_MASTER_1107	Manually curated Data.tsv			NM_001271441.1	NM_001271441.1:c.1000-23A>T			generated/PAVS_MASTER_1107.json
PAVS_MASTER_1108	Manually curated Data.tsv	OMIM:300029		NM_000328.3	NM_000328.3:c.1544T>G			generated/PAVS_MASTER_1108.json
PAVS_MASTER_1109	Manually curated Data.tsv	OMIM:611755		NM_025114.4	NM_025114.4:c.6012-2A>G			generated/PAVS_MASTER_1109.json
PAVS_MASTER_1110	Manually curated Data.tsv	OMIM:613835		NM_201253.3	NM_201253.3:c.1180T>C			generated/PAVS_MASTER_1110.json
PAVS_MASTER_1111	Manually curated Data.tsv	OMIM:204000		NM_000180.4	NM_000180.4:c.1401dupT	NM_152443.1:c.917T>G		generated/PAVS_MASTER_1111.json
PAVS_MASTER_1112	Manually curated Data.tsv	OMIM:204000		NM_000180.4	NM_000180.4:c.1401dupT	NM_152443.1:c.917T>G		generated/PAVS_MASTER_1112.json
PAVS_MASTER_1113	Manually curated Data.tsv	OMIM:604537		NM_181714.4	NM_181714.4:c.763C>T	NM_000350.3:c.1927G>A		generated/PAVS_MASTER_1113.json
PAVS_MASTER_1114	Manually curated Data.tsv	OMIM:613341		NM_004744.5	NM_004744.5:c.233_242del			generated/PAVS_MASTER_1114.json
PAVS_MASTER_1115	Manually curated Data.tsv	OMIM:612712		NM_152443.1	NM_152443.1:c.188G>T	NM_000350.3:c.3482G>T		generated/PAVS_MASTER_1115.json
PAVS_MASTER_1116	Manually curated Data.tsv			NM_000329.3	NM_000329.3:c.271C>T	NM_033100.4:c.1202G>C		generated/PAVS_MASTER_1116.json
PAVS_MASTER_1117	Manually curated Data.tsv	OMIM:613826		NM_020366.4	NM_020366.4:c.3565C>T	NM_144596.4:c.512A>T		generated/PAVS_MASTER_1117.json
PAVS_MASTER_1118	Manually curated Data.tsv	OMIM:613826		NM_020366.4	NM_020366.4:c.1107delA	NM_006343.3:c.2435A>C		generated/PAVS_MASTER_1118.json
PAVS_MASTER_1119	Manually curated Data.tsv	OMIM:613826		NM_020366.4	NM_020366.4:c.2662C>T			generated/PAVS_MASTER_1119.json
PAVS_MASTER_1120	Manually curated Data.tsv	OMIM:613826		NM_020366.4	NM_020366.4:c.1107delA	RBP3:NM_002900:c.490G>A		generated/PAVS_MASTER_1120.json
PAVS_MASTER_1121	Manually curated Data.tsv	OMIM:613826		NM_020366.4	NM_020366.4:c.1107delA	NM_006017.3:c.2094C>A		generated/PAVS_MASTER_1121.json
PAVS_MASTER_1122	Manually curated Data.tsv	OMIM:613843		NM_003322.6	NM_003322.6:c.901C>T			generated/PAVS_MASTER_1122.json
PAVS_MASTER_1123	Manually curated Data.tsv	OMIM:613843		NM_003322.6	NM_003322.6:c.901C>T			generated/PAVS_MASTER_1123.json
PAVS_MASTER_1124	Manually curated Data.tsv	OMIM:613843		NM_003322.6	NM_003322.6:c.901C>T			generated/PAVS_MASTER_1124.json
PAVS_MASTER_1125	Manually curated Data.tsv	OMIM:613843		NM_003322.6	NM_003322.6:c.901C>T			generated/PAVS_MASTER_1125.json
PAVS_MASTER_1126	Manually curated Data.tsv	OMIM:613843		NM_003322.6	NM_003322.6:c.901C>T	NM_006269.1:c.5248G>T		generated/PAVS_MASTER_1126.json
PAVS_MASTER_1127	Manually curated Data.tsv	OMIM:612712		NM_152443.1	NM_152443.1:c.226G>C			generated/PAVS_MASTER_1127.json
PAVS_MASTER_1128	Manually curated Data.tsv			NM_006269.1	NM_006269.1:c.662delC			generated/PAVS_MASTER_1128.json
PAVS_MASTER_1129	Manually curated Data.tsv			NM_006269.1	NM_006269.1:c.606C>A			generated/PAVS_MASTER_1129.json
PAVS_MASTER_1130	Manually curated Data.tsv			CRB1	CRB1:NM_001257965:c.3159T>G			generated/PAVS_MASTER_1130.json
PAVS_MASTER_1131	Manually curated Data.tsv			NM_201253.3	NM_201253.3:c.80G>C			generated/PAVS_MASTER_1131.json
PAVS_MASTER_1132	Manually curated Data.tsv			NM_001278293.3	NM_001278293.3:c.619C>T			generated/PAVS_MASTER_1132.json
PAVS_MASTER_1133	Manually curated Data.tsv			NM_006343.3	NM_006343.3:c.1335del			generated/PAVS_MASTER_1133.json
PAVS_MASTER_1134	Manually curated Data.tsv			NM_003322.6	NM_003322.6:c.901C>T			generated/PAVS_MASTER_1134.json
PAVS_MASTER_1135	Manually curated Data.tsv			NM_003322.6	NM_003322.6:c.901C>T			generated/PAVS_MASTER_1135.json
PAVS_MASTER_1136	Manually curated Data.tsv			NM_003322.6	NM_003322.6:c.901C>T			generated/PAVS_MASTER_1136.json
PAVS_MASTER_1137	Manually curated Data.tsv			NM_003322.6	NM_003322.6:c.901C>T			generated/PAVS_MASTER_1137.json
PAVS_MASTER_1138	Manually curated Data.tsv			NM_003322.6	NM_003322.6:c.901C>T			generated/PAVS_MASTER_1138.json
PAVS_MASTER_1139	Manually curated Data.tsv			NM_003322.6	NM_003322.6:c.901C>T			generated/PAVS_MASTER_1139.json
PAVS_MASTER_1140	Manually curated Data.tsv			NM_003322.6	NM_003322.6:c.901C>T			generated/PAVS_MASTER_1140.json
PAVS_MASTER_1141	Manually curated Data.tsv			NM_003322.6	NM_003322.6:c.901C>T			generated/PAVS_MASTER_1141.json
PAVS_MASTER_1142	Manually curated Data.tsv			NM_003322.6	NM_003322.6:c.901C>T			generated/PAVS_MASTER_1142.json
PAVS_MASTER_1143	Manually curated Data.tsv			NM_003322.6	NM_003322.6:c.901C>T			generated/PAVS_MASTER_1143.json
PAVS_MASTER_1144	Manually curated Data.tsv			NM_003322.6	NM_003322.6:c.901C>T			generated/PAVS_MASTER_1144.json
PAVS_MASTER_1145	Manually curated Data.tsv			NM_003322.6	NM_003322.6:c.901C>T			generated/PAVS_MASTER_1145.json
PAVS_MASTER_1146	Manually curated Data.tsv			NM_003322.6	NM_003322.6:c.901C>T			generated/PAVS_MASTER_1146.json
PAVS_MASTER_1147	Manually curated Data.tsv			NM_003322.6	NM_003322.6:c.901C>T			generated/PAVS_MASTER_1147.json
PAVS_MASTER_1148	Manually curated Data.tsv			NM_003322.6	NM_003322.6:c.901C>T			generated/PAVS_MASTER_1148.json
PAVS_MASTER_1149	Manually curated Data.tsv			NM_003322.6	NM_003322.6:c.901C>T			generated/PAVS_MASTER_1149.json
PAVS_MASTER_1150	Manually curated Data.tsv			NM_003322.6	NM_003322.6:c.901C>T			generated/PAVS_MASTER_1150.json
PAVS_MASTER_1151	Manually curated Data.tsv			NM_003322.6	NM_003322.6:c.901C>T			generated/PAVS_MASTER_1151.json
PAVS_MASTER_1152	Manually curated Data.tsv			NM_003322.6	NM_003322.6:c.901C>T			generated/PAVS_MASTER_1152.json
PAVS_MASTER_1153	Manually curated Data.tsv			NM_003322.6	NM_003322.6:c.901C>T			generated/PAVS_MASTER_1153.json
PAVS_MASTER_1154	Manually curated Data.tsv			NM_003322.6	NM_003322.6:c.901C>T			generated/PAVS_MASTER_1154.json
PAVS_MASTER_1155	Manually curated Data.tsv			NM_003322.6	NM_003322.6:c.901C>T			generated/PAVS_MASTER_1155.json
PAVS_MASTER_1156	Manually curated Data.tsv			NM_003322.6	NM_003322.6:c.901C>T			generated/PAVS_MASTER_1156.json
PAVS_MASTER_1157	Manually curated Data.tsv			NM_003322.6	NM_003322.6:c.901C>T			generated/PAVS_MASTER_1157.json
PAVS_MASTER_1158	Manually curated Data.tsv			NM_003322.6	NM_003322.6:c.901C>T			generated/PAVS_MASTER_1158.json
PAVS_MASTER_1159	Manually curated Data.tsv			NM_003322.6	NM_003322.6:c.901C>T			generated/PAVS_MASTER_1159.json
PAVS_MASTER_1160	Manually curated Data.tsv			NM_003322.6	NM_003322.6:c.901C>T			generated/PAVS_MASTER_1160.json
PAVS_MASTER_1161	Manually curated Data.tsv			NM_003322.6	NM_003322.6:c.901C>T			generated/PAVS_MASTER_1161.json
PAVS_MASTER_1162	Manually curated Data.tsv			NM_003322.6	NM_003322.6:c.901C>T			generated/PAVS_MASTER_1162.json
PAVS_MASTER_1163	Manually curated Data.tsv			NM_003322.6	NM_003322.6:c.901C>T			generated/PAVS_MASTER_1163.json
PAVS_MASTER_1164	Manually curated Data.tsv			NM_003322.6	NM_003322.6:c.901C>T			generated/PAVS_MASTER_1164.json
PAVS_MASTER_1165	Manually curated Data.tsv			NM_003322.6	NM_003322.6:c.901C>T			generated/PAVS_MASTER_1165.json
PAVS_MASTER_1166	Manually curated Data.tsv	OMIM:204000		NM_000180.4	NM_000180.4:c.1978C>T			generated/PAVS_MASTER_1166.json
PAVS_MASTER_1167	Manually curated Data.tsv			NM_000180.4	NM_000180.4:c.1978C>T			generated/PAVS_MASTER_1167.json
PAVS_MASTER_1168	Manually curated Data.tsv			NM_000180.4	NM_000180.4:c.1978C>T			generated/PAVS_MASTER_1168.json
PAVS_MASTER_1169	Manually curated Data.tsv			NM_000329.3	NM_000329.3:c.271C>T			generated/PAVS_MASTER_1169.json
PAVS_MASTER_1170	Manually curated Data.tsv			NM_000329.3	NM_000329.3:c.271C>T			generated/PAVS_MASTER_1170.json
PAVS_MASTER_1171	Manually curated Data.tsv			NM_000329.3	NM_000329.3:c.271C>T			generated/PAVS_MASTER_1171.json
PAVS_MASTER_1172	Manually curated Data.tsv			NM_000317.3	NM_000317.3:c.238A>G			generated/PAVS_MASTER_1172.json
PAVS_MASTER_1173	Manually curated Data.tsv			NM_000317.3	NM_000317.3:c.238A>G			generated/PAVS_MASTER_1173.json
PAVS_MASTER_1174	Manually curated Data.tsv			NM_000317.3	NM_000317.3:c.169_171del			generated/PAVS_MASTER_1174.json
PAVS_MASTER_1175	Manually curated Data.tsv			NM_000317.3	NM_000317.3:c.169_171del			generated/PAVS_MASTER_1175.json
PAVS_MASTER_1176	Manually curated Data.tsv			NM_000317.3	NM_000317.3:c.238A>G			generated/PAVS_MASTER_1176.json
PAVS_MASTER_1177	Manually curated Data.tsv			NM_000317.3	NM_000317.3:c.2T>G			generated/PAVS_MASTER_1177.json
PAVS_MASTER_1178	Manually curated Data.tsv			NM_000317.3	NM_000317.3:c.238A>G			generated/PAVS_MASTER_1178.json
PAVS_MASTER_1179	Manually curated Data.tsv			NM_000317.3	NM_000317.3:c.342C>G			generated/PAVS_MASTER_1179.json
PAVS_MASTER_1180	Manually curated Data.tsv			NM_000317.3	NM_000317.3:c.342C>G			generated/PAVS_MASTER_1180.json
PAVS_MASTER_1181	Manually curated Data.tsv			NM_000317.3	NM_000317.3:c.342C>G			generated/PAVS_MASTER_1181.json
PAVS_MASTER_1182	Manually curated Data.tsv			NM_000317.3	NM_000317.3:c.342C>G			generated/PAVS_MASTER_1182.json
PAVS_MASTER_1183	Manually curated Data.tsv			NM_000317.3	NM_000317.3:c.238A>G			generated/PAVS_MASTER_1183.json
PAVS_MASTER_1184	Manually curated Data.tsv			NM_000317.3	NM_000317.3:c.155A>G			generated/PAVS_MASTER_1184.json
PAVS_MASTER_1185	Manually curated Data.tsv			NM_000317.3	NM_000317.3:c.155A>G			generated/PAVS_MASTER_1185.json
PAVS_MASTER_1186	Manually curated Data.tsv			NM_000317.3	NM_000317.3:c.238A>G			generated/PAVS_MASTER_1186.json
PAVS_MASTER_1187	Manually curated Data.tsv			NM_000317.3	NM_000317.3:c.238A>G			generated/PAVS_MASTER_1187.json
PAVS_MASTER_1188	Manually curated Data.tsv			NM_000317.3	NM_000317.3:c.238A>G			generated/PAVS_MASTER_1188.json
PAVS_MASTER_1189	Manually curated Data.tsv			NM_000317.3	NM_000317.3:c.169_171del			generated/PAVS_MASTER_1189.json
PAVS_MASTER_1190	Manually curated Data.tsv			NM_000317.3	NM_000317.3:c.169_171del			generated/PAVS_MASTER_1190.json
PAVS_MASTER_1191	Manually curated Data.tsv			NM_000317.3	NM_000317.3:c.238A>G			generated/PAVS_MASTER_1191.json
PAVS_MASTER_1192	Manually curated Data.tsv	OMIM:245200		GALC	GALC:NM_000512:c.860C>T			generated/PAVS_MASTER_1192.json
PAVS_MASTER_1193	Manually curated Data.tsv	OMIM:161200		NM_001174146.2	NM_001174146.2:c.268C>T			generated/PAVS_MASTER_1193.json
PAVS_MASTER_1194	Manually curated Data.tsv	OMIM:161200		NM_001174146.2	NM_001174146.2:c.268C>T			generated/PAVS_MASTER_1194.json
PAVS_MASTER_1195	Manually curated Data.tsv			NM_152629.4	NM_152629.4:c.2067insC			generated/PAVS_MASTER_1195.json
PAVS_MASTER_1196	Manually curated Data.tsv			NM_152629.4	NM_152629.4:c.2067insC			generated/PAVS_MASTER_1196.json
PAVS_MASTER_1197	Manually curated Data.tsv			NM_152629.4	NM_152629.4:c.2067insC			generated/PAVS_MASTER_1197.json
PAVS_MASTER_1198	Manually curated Data.tsv			NM_152629.4	NM_152629.4:c.4176077_4601776del			generated/PAVS_MASTER_1198.json
PAVS_MASTER_1199	Manually curated Data.tsv	OMIM:226980		NM_004836.7	NM_004836.7:c.1044_1057del14			generated/PAVS_MASTER_1199.json
PAVS_MASTER_1200	Manually curated Data.tsv	OMIM:226980		NM_004836.7	NM_004836.7:c.1044_1057del14			generated/PAVS_MASTER_1200.json
PAVS_MASTER_1201	Manually curated Data.tsv	OMIM:226980		NM_004836.7	NM_004836.7:c.1044_1057del14			generated/PAVS_MASTER_1201.json
PAVS_MASTER_1202	Manually curated Data.tsv	OMIM:226980		NM_004836.7	NM_004836.7:c.1044_1057del14			generated/PAVS_MASTER_1202.json
PAVS_MASTER_1203	Manually curated Data.tsv	OMIM:226980		NM_004836.7	NM_004836.7:c.1044_1057del14			generated/PAVS_MASTER_1203.json
PAVS_MASTER_1204	Manually curated Data.tsv	OMIM:226980		NM_004836.7	NM_004836.7:c.1044_1057del14			generated/PAVS_MASTER_1204.json
PAVS_MASTER_1205	Manually curated Data.tsv	OMIM:226980		NM_004836.7	NM_004836.7:c.1044_1057del14			generated/PAVS_MASTER_1205.json
PAVS_MASTER_1206	Manually curated Data.tsv	OMIM:610199		NM_001042413.2	NM_001042413.2:c.1608C>G			generated/PAVS_MASTER_1206.json
PAVS_MASTER_1207	Manually curated Data.tsv	OMIM:249270		NM_006996.3	NM_006996.3:c.428C>T			generated/PAVS_MASTER_1207.json
PAVS_MASTER_1208	Manually curated Data.tsv	OMIM:227810		NM_000340.2	NM_000340.2:c.339delC			generated/PAVS_MASTER_1208.json
PAVS_MASTER_1209	Manually curated Data.tsv			NM_000153.4	NM_000153.4:c.334A>G			generated/PAVS_MASTER_1209.json
PAVS_MASTER_1210	Manually curated Data.tsv			NM_000642.3	NM_000642.3:c.4260-12A>G			generated/PAVS_MASTER_1210.json
PAVS_MASTER_1211	Manually curated Data.tsv			NM_000642.3	NM_000642.3:c.4260-12A>G			generated/PAVS_MASTER_1211.json
PAVS_MASTER_1212	Manually curated Data.tsv			NM_000642.3	NM_000642.3:c.4260-12A>G			generated/PAVS_MASTER_1212.json
PAVS_MASTER_1213	Manually curated Data.tsv			NM_000642.3	NM_000642.3:c.4260-12A>G			generated/PAVS_MASTER_1213.json
PAVS_MASTER_1214	Manually curated Data.tsv			NM_000642.3	NM_000642.3:c.4260-12A>G			generated/PAVS_MASTER_1214.json
PAVS_MASTER_1215	Manually curated Data.tsv			NM_000642.3	NM_000642.3:c.4260-12A>G			generated/PAVS_MASTER_1215.json
PAVS_MASTER_1216	Manually curated Data.tsv			NM_000642.3	NM_000642.3:c.4260-12A>G			generated/PAVS_MASTER_1216.json
PAVS_MASTER_1217	Manually curated Data.tsv			NM_000642.3	NM_000642.3:c.4260-12A>G			generated/PAVS_MASTER_1217.json
PAVS_MASTER_1218	Manually curated Data.tsv			NM_000642.3	NM_000642.3:c.4260-12A>G			generated/PAVS_MASTER_1218.json
PAVS_MASTER_1219	Manually curated Data.tsv			NM_000642.3	NM_000642.3:c.4260-12A>G			generated/PAVS_MASTER_1219.json
PAVS_MASTER_1220	Manually curated Data.tsv			NM_000642.3	NM_000642.3:c.4260-12A>G			generated/PAVS_MASTER_1220.json
PAVS_MASTER_1221	Manually curated Data.tsv			NM_000642.3	NM_000642.3:c.4260-12A>G			generated/PAVS_MASTER_1221.json
PAVS_MASTER_1222	Manually curated Data.tsv			NM_000642.3	NM_000642.3:c.4260-12A>G			generated/PAVS_MASTER_1222.json
PAVS_MASTER_1223	Manually curated Data.tsv	OMIM:232300		NM_000152.5	NM_000152.5:c.1753_2799del			generated/PAVS_MASTER_1223.json
PAVS_MASTER_1224	Manually curated Data.tsv	OMIM:232300		NM_000152.5	NM_000152.5:c.1927G>A			generated/PAVS_MASTER_1224.json
PAVS_MASTER_1225	Manually curated Data.tsv	OMIM:232300		NM_000152.5	NM_000152.5:c.1657C>T			generated/PAVS_MASTER_1225.json
PAVS_MASTER_1226	Manually curated Data.tsv	OMIM:232300		NM_000152.5	NM_000152.5:c.1657C>T			generated/PAVS_MASTER_1226.json
PAVS_MASTER_1227	Manually curated Data.tsv	OMIM:232300		NM_000152.5	NM_000152.5:c.784G>A	NM_000152.5:c.1802C>T		generated/PAVS_MASTER_1227.json
PAVS_MASTER_1228	Manually curated Data.tsv	OMIM:232300		NM_000152.5	NM_000152.5:c.1657C>T			generated/PAVS_MASTER_1228.json
PAVS_MASTER_1229	Manually curated Data.tsv	OMIM:232300		NM_000152.5	NM_000152.5:c.655G>A			generated/PAVS_MASTER_1229.json
PAVS_MASTER_1230	Manually curated Data.tsv	OMIM:232300		NM_000152.5	NM_000152.5:c.1064T>C			generated/PAVS_MASTER_1230.json
PAVS_MASTER_1231	Manually curated Data.tsv	OMIM:232300		NM_000152.5	NM_000152.5:c.1657C>T			generated/PAVS_MASTER_1231.json
PAVS_MASTER_1232	Manually curated Data.tsv	OMIM:232300		NM_000152.5	NM_000152.5:c.655G>A			generated/PAVS_MASTER_1232.json
PAVS_MASTER_1233	Manually curated Data.tsv	OMIM:232300		NM_000152.5	NM_000152.5:c.1064T>C			generated/PAVS_MASTER_1233.json
PAVS_MASTER_1234	Manually curated Data.tsv	OMIM:232300		NM_000152.5	NM_000152.5:c.1657C>T			generated/PAVS_MASTER_1234.json
PAVS_MASTER_1235	Manually curated Data.tsv	OMIM:232300		NM_000152.5	NM_000152.5:c.1064T>C			generated/PAVS_MASTER_1235.json
PAVS_MASTER_1236	Manually curated Data.tsv	OMIM:232300		NM_000152.5	NM_000152.5:c.1802C>T			generated/PAVS_MASTER_1236.json
PAVS_MASTER_1237	Manually curated Data.tsv	OMIM:232300		NM_000152.5	NM_000152.5:c.1082C>T			generated/PAVS_MASTER_1237.json
PAVS_MASTER_1238	Manually curated Data.tsv	OMIM:232300		NM_000152.5	NM_000152.5:c.1431delT			generated/PAVS_MASTER_1238.json
PAVS_MASTER_1239	Manually curated Data.tsv	OMIM:232300		NM_000152.5	NM_000152.5:c.655G>A			generated/PAVS_MASTER_1239.json
PAVS_MASTER_1240	Manually curated Data.tsv	OMIM:232300		NM_000152.5	NM_000152.5:c.1657C>T			generated/PAVS_MASTER_1240.json
PAVS_MASTER_1241	Manually curated Data.tsv	OMIM:248360		NM_012213.3	NM_012213.3:c.953_954delAG			generated/PAVS_MASTER_1241.json
PAVS_MASTER_1242	Manually curated Data.tsv	OMIM:243500		NM_002225.5	NM_002225.5:c.358C>T			generated/PAVS_MASTER_1242.json
PAVS_MASTER_1243	Manually curated Data.tsv	OMIM:203750		NM_000019.4	NM_000019.4:c.412-419del			generated/PAVS_MASTER_1243.json
PAVS_MASTER_1244	Manually curated Data.tsv	OMIM:602473		NM_014297.5	NM_014297.5:c.263C>T			generated/PAVS_MASTER_1244.json
PAVS_MASTER_1245	Manually curated Data.tsv	OMIM:258501		NM_025136.4	NM_025136.4:c.194delG			generated/PAVS_MASTER_1245.json
PAVS_MASTER_1246	Manually curated Data.tsv	OMIM:253260		NM_000060.4	NM_000060.4:c.755A>G	NM_000060.4:c.1330G>C		generated/PAVS_MASTER_1246.json
PAVS_MASTER_1247	Manually curated Data.tsv	OMIM:210200		NM_020166.5	NM_020166.5:c.1808dupA			generated/PAVS_MASTER_1247.json
PAVS_MASTER_1248	Manually curated Data.tsv	OMIM:210210		NM_022132.5	NM_022132.5:c.1147A>T			generated/PAVS_MASTER_1248.json
PAVS_MASTER_1249	Manually curated Data.tsv	OMIM:246450		NM_000191.3	NM_000191.3:c.122G>A			generated/PAVS_MASTER_1249.json
PAVS_MASTER_1250	Manually curated Data.tsv	OMIM:231670		NM_000159.4	NM_000159.4:c.1144G>A			generated/PAVS_MASTER_1250.json
PAVS_MASTER_1251	Manually curated Data.tsv	OMIM:231670		NM_000159.4	NM_000159.4:c.853-2A>G			generated/PAVS_MASTER_1251.json
PAVS_MASTER_1252	Manually curated Data.tsv	OMIM:231670		NM_000159.4	NM_000159.4:c.278A>G			generated/PAVS_MASTER_1252.json
PAVS_MASTER_1253	Manually curated Data.tsv	OMIM:277400		NM_015506.3	NM_015506.3:c.394C>T			generated/PAVS_MASTER_1253.json
PAVS_MASTER_1254	Manually curated Data.tsv	OMIM:251100		NM_172250.3	NM_172250.3:c.586C>T			generated/PAVS_MASTER_1254.json
PAVS_MASTER_1255	Manually curated Data.tsv	OMIM:251000		NM_000255.4	NM_000255.4:c.329A>G			generated/PAVS_MASTER_1255.json
PAVS_MASTER_1256	Manually curated Data.tsv	OMIM:606054		NM_000282.4	NM_000282.4:c.425G>A			generated/PAVS_MASTER_1256.json
PAVS_MASTER_1257	Manually curated Data.tsv	OMIM:606054		NM_000282.4	NM_000282.4:c.350G>A			generated/PAVS_MASTER_1257.json
PAVS_MASTER_1258	Manually curated Data.tsv	OMIM:606054		PCCB	PCCB:NM_001178014:c.1050dupT			generated/PAVS_MASTER_1258.json
PAVS_MASTER_1259	Manually curated Data.tsv	OMIM:236200		NM_000071.3	NM_000071.3:c.969G>A			generated/PAVS_MASTER_1259.json
PAVS_MASTER_1260	Manually curated Data.tsv	OMIM:236200		NM_000071.3	NM_000071.3:c.1006C>T			generated/PAVS_MASTER_1260.json
PAVS_MASTER_1261	Manually curated Data.tsv	OMIM:236250		NM_005957.5	NM_005957.5:c.680C>T			generated/PAVS_MASTER_1261.json
PAVS_MASTER_1262	Manually curated Data.tsv	OMIM:250850		NM_000429.3	NM_000429.3:c.1081G>T			generated/PAVS_MASTER_1262.json
PAVS_MASTER_1263	Manually curated Data.tsv	OMIM:261600		NM_000277.3	NM_000277.3:c.1169A>G			generated/PAVS_MASTER_1263.json
PAVS_MASTER_1264	Manually curated Data.tsv	OMIM:261640		NM_000317.3	NM_000317.3:c.238A>G			generated/PAVS_MASTER_1264.json
PAVS_MASTER_1265	Manually curated Data.tsv	OMIM:261640		NM_000317.3	NM_000317.3:c.169_171delGTG			generated/PAVS_MASTER_1265.json
PAVS_MASTER_1266	Manually curated Data.tsv			NM_000709.4	NM_000709.4:c.347A>G			generated/PAVS_MASTER_1266.json
PAVS_MASTER_1267	Manually curated Data.tsv			NM_000709.4	NM_000709.4:c.905A>C			generated/PAVS_MASTER_1267.json
PAVS_MASTER_1268	Manually curated Data.tsv			NM_000056.5	NM_000056.5:c.674T>C			generated/PAVS_MASTER_1268.json
PAVS_MASTER_1269	Manually curated Data.tsv			NM_000056.5	NM_000056.5:c.1144T>C			generated/PAVS_MASTER_1269.json
PAVS_MASTER_1270	Manually curated Data.tsv			NM_001673.5	NM_001673.5:c.1160A>G			generated/PAVS_MASTER_1270.json
PAVS_MASTER_1271	Manually curated Data.tsv			NM_025243.4	NM_025243.4:c.1264A>G			generated/PAVS_MASTER_1271.json
PAVS_MASTER_1272	Manually curated Data.tsv			NM_001182.5	NM_001182.5:c.877dupAA			generated/PAVS_MASTER_1272.json
PAVS_MASTER_1273	Manually curated Data.tsv			NM_000155.4	NM_000155.4:c.691C>T			generated/PAVS_MASTER_1273.json
PAVS_MASTER_1274	Manually curated Data.tsv			NM_000155.4	NM_000155.4:c.404C>T			generated/PAVS_MASTER_1274.json
PAVS_MASTER_1275	Manually curated Data.tsv			NM_000155.4	NM_000155.4:c.563A>G			generated/PAVS_MASTER_1275.json
PAVS_MASTER_1276	Manually curated Data.tsv			NM_006755.2	NM_006755.2:c.793delC			generated/PAVS_MASTER_1276.json
PAVS_MASTER_1277	Manually curated Data.tsv			NM_000035.4	NM_000035.4:c.360_363delCAAA			generated/PAVS_MASTER_1277.json
PAVS_MASTER_1278	Manually curated Data.tsv			NM_000507.4	NM_000507.4:c.114_119dup			generated/PAVS_MASTER_1278.json
PAVS_MASTER_1279	Manually curated Data.tsv			NM_000050.4	NM_000050.4:c.364-2A>G			generated/PAVS_MASTER_1279.json
PAVS_MASTER_1280	Manually curated Data.tsv			NM_000050.4	NM_000050.4:c.370G>A			generated/PAVS_MASTER_1280.json
PAVS_MASTER_1281	Manually curated Data.tsv			NM_000018.4	NM_000018.4:c.65C>A			generated/PAVS_MASTER_1281.json
PAVS_MASTER_1282	Manually curated Data.tsv			NM_000018.4	NM_000018.4:c.65C>A			generated/PAVS_MASTER_1282.json
PAVS_MASTER_1283	Manually curated Data.tsv			ACADM	ACADM:NM_001286044:c.255G>T			generated/PAVS_MASTER_1283.json
PAVS_MASTER_1284	Manually curated Data.tsv			NM_000016.6	NM_000016.6:c.938T>G			generated/PAVS_MASTER_1284.json
PAVS_MASTER_1285	Manually curated Data.tsv			NM_003060.4	NM_003060.4:c.1385G>A			generated/PAVS_MASTER_1285.json
PAVS_MASTER_1286	Manually curated Data.tsv			NM_000341.4	NM_000341.4:c.1711T>A			generated/PAVS_MASTER_1286.json
PAVS_MASTER_1287	Manually curated Data.tsv			NM_000341.4	NM_000341.4:c.1400T>A			generated/PAVS_MASTER_1287.json
PAVS_MASTER_1288	Manually curated Data.tsv			NM_001126335.2	NM_001126335.2:c.1166C>T			generated/PAVS_MASTER_1288.json
PAVS_MASTER_1289	Manually curated Data.tsv			NM_000053.4	NM_000053.4:c.2230T>C			generated/PAVS_MASTER_1289.json
PAVS_MASTER_1290	Manually curated Data.tsv			NM_000190.4	NM_000190.4:c.760delC			generated/PAVS_MASTER_1290.json
PAVS_MASTER_1291	Manually curated Data.tsv			NM_015922.3	NM_015922.3:c.314C>T			generated/PAVS_MASTER_1291.json
PAVS_MASTER_1292	Manually curated Data.tsv			NM_000169.3	NM_000169.3:c.782G>T			generated/PAVS_MASTER_1292.json
PAVS_MASTER_1293	Manually curated Data.tsv			NM_000521.4	NM_000521.4:c.1169+3_1169+10delAAGTTGTT			generated/PAVS_MASTER_1293.json
PAVS_MASTER_1294	Manually curated Data.tsv			NM_000543.5	NM_000543.5:c.1267C>T			generated/PAVS_MASTER_1294.json
PAVS_MASTER_1295	Manually curated Data.tsv			NM_000271.5	NM_000271.5:c.2130+1G>A			generated/PAVS_MASTER_1295.json
PAVS_MASTER_1296	Manually curated Data.tsv			NM_000271.5	NM_000271.5:c.2443_2444del			generated/PAVS_MASTER_1296.json
PAVS_MASTER_1297	Manually curated Data.tsv			NM_000404.4	NM_000404.4:c.950G>A			generated/PAVS_MASTER_1297.json
PAVS_MASTER_1298	Manually curated Data.tsv			NM_000404.4	NM_000404.4:c.171C>G			generated/PAVS_MASTER_1298.json
PAVS_MASTER_1299	Manually curated Data.tsv			NM_000487.6	NM_000487.6:c.1108-2A>G			generated/PAVS_MASTER_1299.json
PAVS_MASTER_1300	Manually curated Data.tsv			NM_002778.4	NM_002778.4:c.722G>C			generated/PAVS_MASTER_1300.json
PAVS_MASTER_1301	Manually curated Data.tsv			NM_000153.4	NM_000153.4:c.396G>A			generated/PAVS_MASTER_1301.json
PAVS_MASTER_1302	Manually curated Data.tsv			NM_000203.5	NM_000203.5:c.1868T>C			generated/PAVS_MASTER_1302.json
PAVS_MASTER_1303	Manually curated Data.tsv			NM_000202.8	NM_000202.8:c.405A>C			generated/PAVS_MASTER_1303.json
PAVS_MASTER_1304	Manually curated Data.tsv			NM_000199.5	NM_000199.5:c.664-13C>G			generated/PAVS_MASTER_1304.json
PAVS_MASTER_1305	Manually curated Data.tsv			NM_000199.5	NM_000199.5:c.535G>A			generated/PAVS_MASTER_1305.json
PAVS_MASTER_1306	Manually curated Data.tsv			NM_000512.5	NM_000512.5:c.120+1G>C			generated/PAVS_MASTER_1306.json
PAVS_MASTER_1307	Manually curated Data.tsv			NM_000512.5	NM_000512.5:c.860C>T			generated/PAVS_MASTER_1307.json
PAVS_MASTER_1308	Manually curated Data.tsv			NM_000512.5	NM_000512.5:c.697G>A			generated/PAVS_MASTER_1308.json
PAVS_MASTER_1309	Manually curated Data.tsv			NM_000046.5	NM_000046.5:c.753C>G			generated/PAVS_MASTER_1309.json
PAVS_MASTER_1310	Manually curated Data.tsv			NM_000046.5	NM_000046.5:c.430A>G			generated/PAVS_MASTER_1310.json
PAVS_MASTER_1311	Manually curated Data.tsv			NM_000046.5	NM_000046.5:c.1079T>C			generated/PAVS_MASTER_1311.json
PAVS_MASTER_1312	Manually curated Data.tsv			NM_024312.5	NM_024312.5:c.3503_3504delTC			generated/PAVS_MASTER_1312.json
PAVS_MASTER_1313	Manually curated Data.tsv			NM_000528.4	NM_000528.4:c.1340A>T			generated/PAVS_MASTER_1313.json
PAVS_MASTER_1314	Manually curated Data.tsv			NM_017882.3	NM_017882.3:c.794_796del			generated/PAVS_MASTER_1314.json
PAVS_MASTER_1315	Manually curated Data.tsv			NM_017882.3	NM_017882.3:c.794_796delCCT			generated/PAVS_MASTER_1315.json
PAVS_MASTER_1316	Manually curated Data.tsv			NM_018941.4	NM_018941.4:c.98_763del9318			generated/PAVS_MASTER_1316.json
PAVS_MASTER_1317	Manually curated Data.tsv			NM_000152.5	NM_000152.5:c.1431delT			generated/PAVS_MASTER_1317.json
PAVS_MASTER_1318	Manually curated Data.tsv			NM_000152.5	NM_000152.5:c.1657C>T			generated/PAVS_MASTER_1318.json
PAVS_MASTER_1319	Manually curated Data.tsv			NM_000028.2	NM_000028.2:c.4353G>T			generated/PAVS_MASTER_1319.json
PAVS_MASTER_1320	Manually curated Data.tsv			NM_000158.4	NM_000158.4:c.998A>T			generated/PAVS_MASTER_1320.json
PAVS_MASTER_1321	Manually curated Data.tsv			NM_000294.3	NM_000294.3:c.130C>T			generated/PAVS_MASTER_1321.json
PAVS_MASTER_1322	Manually curated Data.tsv			NM_000293.3	NM_000293.3:c.426_614del			generated/PAVS_MASTER_1322.json
PAVS_MASTER_1323	Manually curated Data.tsv			MTATP6	MTATP6:YP_003024031.1:m.8993T>G			generated/PAVS_MASTER_1323.json
PAVS_MASTER_1324	Manually curated Data.tsv			NM_078470.6	NM_078470.6:c.649C>T			generated/PAVS_MASTER_1324.json
PAVS_MASTER_1325	Manually curated Data.tsv			PDHA1	PDHA1:NM_001173454:c.1256_1259dup			generated/PAVS_MASTER_1325.json
PAVS_MASTER_1326	Manually curated Data.tsv			NM_000284.4	NM_000284.4:c.1132C>T			generated/PAVS_MASTER_1326.json
PAVS_MASTER_1327	Manually curated Data.tsv			NM_001040716.2	NM_001040716.2:c.3116_3126del			generated/PAVS_MASTER_1327.json
PAVS_MASTER_1328	Manually curated Data.tsv			NM_080916.3	NM_080916.3:c.617G>A			generated/PAVS_MASTER_1328.json
PAVS_MASTER_1329	Manually curated Data.tsv			NM_003850.3	NM_003850.3:c.362_363del			generated/PAVS_MASTER_1329.json
PAVS_MASTER_1330	Manually curated Data.tsv			NM_005138.3	NM_005138.3:c.2T>C			generated/PAVS_MASTER_1330.json
PAVS_MASTER_1331	Manually curated Data.tsv			NM_032861.4	NM_032861.4:c.438delC			generated/PAVS_MASTER_1331.json
PAVS_MASTER_1332	Manually curated Data.tsv			NM_020312.4	NM_020312.4:c.184C>T			generated/PAVS_MASTER_1332.json
PAVS_MASTER_1333	Manually curated Data.tsv			NM_000030.3	NM_000030.3:c.187G>C			generated/PAVS_MASTER_1333.json
PAVS_MASTER_1334	Manually curated Data.tsv			NM_000319.5	NM_000319.5:c.1578T>G			generated/PAVS_MASTER_1334.json
PAVS_MASTER_1335	Manually curated Data.tsv	OMIM:215100		NM_000288.4	NM_000288.4:c.321_322delTA			generated/PAVS_MASTER_1335.json
PAVS_MASTER_1336	Manually curated Data.tsv	OMIM:608776		ALG9	ALG9:NM_001077691:c.1075G>A			generated/PAVS_MASTER_1336.json
PAVS_MASTER_1337	Manually curated Data.tsv			NM_001301010.1	NM_001301010.1:c.1660C>T			generated/PAVS_MASTER_1337.json
PAVS_MASTER_1338	Manually curated Data.tsv			NM_001301010.1	NM_001301010.1:c.1660C>T			generated/PAVS_MASTER_1338.json
PAVS_MASTER_1339	Manually curated Data.tsv			NM_001301010.1	NM_001301010.1:c.1794delC			generated/PAVS_MASTER_1339.json
PAVS_MASTER_1340	Manually curated Data.tsv			NM_001301010.1	NM_001301010.1:c.1794delC			generated/PAVS_MASTER_1340.json
PAVS_MASTER_1341	Manually curated Data.tsv			NM_001301010.1	NM_001301010.1:c.1794delC			generated/PAVS_MASTER_1341.json
PAVS_MASTER_1342	Manually curated Data.tsv			NM_001301010.1	NM_001301010.1:c.1794delC			generated/PAVS_MASTER_1342.json
PAVS_MASTER_1343	Manually curated Data.tsv			NM_001301010.1	NM_001301010.1:c.1794delC			generated/PAVS_MASTER_1343.json
PAVS_MASTER_1344	Manually curated Data.tsv			NM_012229.5	NM_012229.5:c.539+1G>T			generated/PAVS_MASTER_1344.json
PAVS_MASTER_1345	Manually curated Data.tsv			NM_012229.5	NM_012229.5:c.539+1G>T			generated/PAVS_MASTER_1345.json
PAVS_MASTER_1346	Manually curated Data.tsv	OMIM:241500		NM_000478.6	NM_000478.6:c.293C>T			generated/PAVS_MASTER_1346.json
PAVS_MASTER_1347	Manually curated Data.tsv	OMIM:101400		NM_000474.4	NM_000474.4:c.404T>G			generated/PAVS_MASTER_1347.json
PAVS_MASTER_1348	Manually curated Data.tsv	OMIM:241500		NM_000478.6	NM_000478.6:c.977G>T			generated/PAVS_MASTER_1348.json
PAVS_MASTER_1349	Manually curated Data.tsv	OMIM:101200		NM_000141.5	NM_000141.5:c.758C>G			generated/PAVS_MASTER_1349.json
PAVS_MASTER_1350	Manually curated Data.tsv	OMIM:101200		NM_000141.5	NM_000141.5:c.758C>G			generated/PAVS_MASTER_1350.json
PAVS_MASTER_1351	Manually curated Data.tsv			NM_144966.7	NM_144966.7:c.4023C>G	NM_144966.7:c.4564G>A		generated/PAVS_MASTER_1351.json
PAVS_MASTER_1352	Manually curated Data.tsv	OMIM:101200		NM_000141.5	NM_000141.5:c.755C>G			generated/PAVS_MASTER_1352.json
PAVS_MASTER_1353	Manually curated Data.tsv	OMIM:101400		NM_000474.4	NM_000474.4:c.397_417dup			generated/PAVS_MASTER_1353.json
PAVS_MASTER_1354	Manually curated Data.tsv	OMIM:101400		NM_000474.4	NM_000474.4:c.419C>T			generated/PAVS_MASTER_1354.json
PAVS_MASTER_1355	Manually curated Data.tsv			NM_000141.5	NM_000141.5:c.334T>C			generated/PAVS_MASTER_1355.json
PAVS_MASTER_1356	Manually curated Data.tsv	OMIM:123500		NM_000141.5	NM_000141.5:c.1070T>C			generated/PAVS_MASTER_1356.json
PAVS_MASTER_1357	Manually curated Data.tsv			NM_144966.7	NM_144966.7:c.916_936dup			generated/PAVS_MASTER_1357.json
PAVS_MASTER_1358	Manually curated Data.tsv			NM_207037.2	NM_207037.2:c.1115-1G>A			generated/PAVS_MASTER_1358.json
PAVS_MASTER_1359	Manually curated Data.tsv	OMIM:123500		NM_000141.5	NM_000141.5:c.1648A>C			generated/PAVS_MASTER_1359.json
PAVS_MASTER_1360	Manually curated Data.tsv	OMIM:615314		NM_207037.2	NM_207037.2:c.641C>G			generated/PAVS_MASTER_1360.json
PAVS_MASTER_1361	Manually curated Data.tsv			NM_001127487.2	NM_001127487.2:c.2122_2127del			generated/PAVS_MASTER_1361.json
PAVS_MASTER_1362	Manually curated Data.tsv			NM_001127487.2	NM_001127487.2:c.6589C>T			generated/PAVS_MASTER_1362.json
PAVS_MASTER_1363	Manually curated Data.tsv			NM_182493.3	NM_182493.3:c.1320delT			generated/PAVS_MASTER_1363.json
PAVS_MASTER_1364	Manually curated Data.tsv			NM_182493.3	NM_182493.3:c.1320delT			generated/PAVS_MASTER_1364.json
PAVS_MASTER_1365	Manually curated Data.tsv			NM_182493.3	NM_182493.3:c.1499G>A			generated/PAVS_MASTER_1365.json
PAVS_MASTER_1366	Manually curated Data.tsv			NM_144573.4	NM_144573.4:c.461_462insA			generated/PAVS_MASTER_1366.json
PAVS_MASTER_1367	Manually curated Data.tsv			NM_144573.4	NM_144573.4:c.1171C>T			generated/PAVS_MASTER_1367.json
PAVS_MASTER_1368	Manually curated Data.tsv			NM_144573.4	NM_144573.4:c.157G>A			generated/PAVS_MASTER_1368.json
PAVS_MASTER_1369	Manually curated Data.tsv			NM_003373.4	NM_003373.4:c.160C>G			generated/PAVS_MASTER_1369.json
PAVS_MASTER_1370	Manually curated Data.tsv			NM_181806.4	NM_181806.4:c.3176_3177insTGTT			generated/PAVS_MASTER_1370.json
PAVS_MASTER_1371	Manually curated Data.tsv			NM_001093.4	NM_001093.4:c.6305G>A			generated/PAVS_MASTER_1371.json
PAVS_MASTER_1372	Manually curated Data.tsv			NM_001079843.3	NM_001079843.3:c.710C>G			generated/PAVS_MASTER_1372.json
PAVS_MASTER_1373	Manually curated Data.tsv			NM_002018.4	NM_002018.4:c.2020C>G			generated/PAVS_MASTER_1373.json
PAVS_MASTER_1374	Manually curated Data.tsv			NM_002018.4	NM_002018.4:c.3718C>T			generated/PAVS_MASTER_1374.json
PAVS_MASTER_1375	Manually curated Data.tsv			NM_022450.5	NM_022450.5:c.1993G>T			generated/PAVS_MASTER_1375.json
PAVS_MASTER_1376	Manually curated Data.tsv			NM_022450.5	NM_022450.5:c.1212delC			generated/PAVS_MASTER_1376.json
PAVS_MASTER_1377	Manually curated Data.tsv			NM_022450.5	NM_022450.5:c.1212delC			generated/PAVS_MASTER_1377.json
PAVS_MASTER_1378	Manually curated Data.tsv			NM_005061.3	NM_005061.3:c.347G>A			generated/PAVS_MASTER_1378.json
PAVS_MASTER_1379	Manually curated Data.tsv			NM_003565.4	NM_003565.4:c.2071C>T			generated/PAVS_MASTER_1379.json
PAVS_MASTER_1380	Manually curated Data.tsv			ALMS1	ALMS1:NM_015120:c.12148_12160delCGCTCTGGGGAGC			generated/PAVS_MASTER_1380.json
PAVS_MASTER_1381	Manually curated Data.tsv			NM_004415.4	NM_004415.4:c.1459A>G			generated/PAVS_MASTER_1381.json
PAVS_MASTER_1382	Manually curated Data.tsv			NM_004415.4	NM_004415.4:c.5242delA			generated/PAVS_MASTER_1382.json
PAVS_MASTER_1383	Manually curated Data.tsv			NM_020433.5	NM_020433.5:c.35G>C			generated/PAVS_MASTER_1383.json
PAVS_MASTER_1384	Manually curated Data.tsv			NM_020433.5	NM_020433.5:c.2029_2030insCTCA			generated/PAVS_MASTER_1384.json
PAVS_MASTER_1385	Manually curated Data.tsv			NM_017644.3	NM_017644.3:c.1161G>A			generated/PAVS_MASTER_1385.json
PAVS_MASTER_1386	Manually curated Data.tsv			LDB3	LDB3:NM_001171610:c.1636C>T			generated/PAVS_MASTER_1386.json
PAVS_MASTER_1387	Manually curated Data.tsv			NM_000256.3	NM_000256.3:c.1906_1906insA			generated/PAVS_MASTER_1387.json
PAVS_MASTER_1388	Manually curated Data.tsv			NM_198060.4	NM_198060.4:c.400_407delTGCCCAGG			generated/PAVS_MASTER_1388.json
PAVS_MASTER_1389	Manually curated Data.tsv			NM_198060.4	NM_198060.4:c.400_407delTGCCCAGG			generated/PAVS_MASTER_1389.json
PAVS_MASTER_1390	Manually curated Data.tsv			NM_198060.4	NM_198060.4:c.760delA			generated/PAVS_MASTER_1390.json
PAVS_MASTER_1391	Manually curated Data.tsv			NM_198060.4	NM_198060.4:c.760delA			generated/PAVS_MASTER_1391.json
PAVS_MASTER_1392	Manually curated Data.tsv			NM_198060.4	NM_198060.4:c.1019_1019delA			generated/PAVS_MASTER_1392.json
PAVS_MASTER_1393	Manually curated Data.tsv			NM_198060.4	NM_198060.4:c.1579delC			generated/PAVS_MASTER_1393.json
PAVS_MASTER_1394	Manually curated Data.tsv			NM_198060.4	NM_198060.4:c.3568G>T			generated/PAVS_MASTER_1394.json
PAVS_MASTER_1395	Manually curated Data.tsv			PKP2	PKP2:NM_004572:c.2507C>A			generated/PAVS_MASTER_1395.json
PAVS_MASTER_1396	Manually curated Data.tsv			NM_006663.4	NM_006663.4:c.988_989insC			generated/PAVS_MASTER_1396.json
PAVS_MASTER_1397	Manually curated Data.tsv			NM_001354689.3	NM_001354689.3:c.781_804delCCTAATGTCCACATGGTCAGCACC			generated/PAVS_MASTER_1397.json
PAVS_MASTER_1398	Manually curated Data.tsv			NM_017866.6	NM_017866.6:c.479A>C			generated/PAVS_MASTER_1398.json
PAVS_MASTER_1399	Manually curated Data.tsv			NM_000018.4	NM_000018.4:c.65C>A			generated/PAVS_MASTER_1399.json
PAVS_MASTER_1400	Manually curated Data.tsv			NM_000018.4	NM_000018.4:c.779C>T			generated/PAVS_MASTER_1400.json
PAVS_MASTER_1401	Manually curated Data.tsv			NM_000018.4	NM_000018.4:c.1748-6G>A			generated/PAVS_MASTER_1401.json
PAVS_MASTER_1402	Manually curated Data.tsv			NM_018127.7	NM_018127.7:c.460T>C			generated/PAVS_MASTER_1402.json
PAVS_MASTER_1403	Manually curated Data.tsv			NM_018127.7	NM_018127.7:c.460T>C			generated/PAVS_MASTER_1403.json
PAVS_MASTER_1404	Manually curated Data.tsv			NM_018127.7	NM_018127.7:c.460T>C			generated/PAVS_MASTER_1404.json
PAVS_MASTER_1405	Manually curated Data.tsv			NM_018127.7	NM_018127.7:c.460T>C			generated/PAVS_MASTER_1405.json
PAVS_MASTER_1406	Manually curated Data.tsv			NM_018127.7	NM_018127.7:c.460T>C			generated/PAVS_MASTER_1406.json
PAVS_MASTER_1407	Manually curated Data.tsv			NM_018127.7	NM_018127.7:c.460T>C			generated/PAVS_MASTER_1407.json
PAVS_MASTER_1408	Manually curated Data.tsv			NM_018127.7	NM_018127.7:c.460T>C			generated/PAVS_MASTER_1408.json
PAVS_MASTER_1409	Manually curated Data.tsv			NM_018127.7	NM_018127.7:c.460T>C			generated/PAVS_MASTER_1409.json
PAVS_MASTER_1410	Manually curated Data.tsv			NM_018127.7	NM_018127.7:c.460T>C			generated/PAVS_MASTER_1410.json
PAVS_MASTER_1411	Manually curated Data.tsv			NM_018127.7	NM_018127.7:c.460T>C			generated/PAVS_MASTER_1411.json
PAVS_MASTER_1412	Manually curated Data.tsv			NM_018127.7	NM_018127.7:c.460T>C			generated/PAVS_MASTER_1412.json
PAVS_MASTER_1413	Manually curated Data.tsv			NM_018127.7	NM_018127.7:c.460T>C			generated/PAVS_MASTER_1413.json
PAVS_MASTER_1414	Manually curated Data.tsv			NM_018127.7	NM_018127.7:c.460T>C			generated/PAVS_MASTER_1414.json
PAVS_MASTER_1415	Manually curated Data.tsv			NM_018127.7	NM_018127.7:c.460T>C			generated/PAVS_MASTER_1415.json
PAVS_MASTER_1416	Manually curated Data.tsv			NM_018127.7	NM_018127.7:c.460T>C			generated/PAVS_MASTER_1416.json
PAVS_MASTER_1417	Manually curated Data.tsv			NM_018127.7	NM_018127.7:c.460T>C			generated/PAVS_MASTER_1417.json
PAVS_MASTER_1418	Manually curated Data.tsv			NM_018127.7	NM_018127.7:c.460T>C			generated/PAVS_MASTER_1418.json
PAVS_MASTER_1419	Manually curated Data.tsv			NM_018127.7	NM_018127.7:c.460T>C			generated/PAVS_MASTER_1419.json
PAVS_MASTER_1420	Manually curated Data.tsv			NM_018127.7	NM_018127.7:c.460T>C			generated/PAVS_MASTER_1420.json
PAVS_MASTER_1421	Manually curated Data.tsv			NM_018127.7	NM_018127.7:c.460T>C			generated/PAVS_MASTER_1421.json
PAVS_MASTER_1422	Manually curated Data.tsv			NM_018127.7	NM_018127.7:c.460T>C			generated/PAVS_MASTER_1422.json
PAVS_MASTER_1423	Manually curated Data.tsv			NM_018127.7	NM_018127.7:c.460T>C			generated/PAVS_MASTER_1423.json
PAVS_MASTER_1424	Manually curated Data.tsv			NM_018127.7	NM_018127.7:c.460T>C			generated/PAVS_MASTER_1424.json
PAVS_MASTER_1425	Manually curated Data.tsv			NM_018127.7	NM_018127.7:c.460T>C			generated/PAVS_MASTER_1425.json
PAVS_MASTER_1426	Manually curated Data.tsv			NM_018127.7	NM_018127.7:c.460T>C			generated/PAVS_MASTER_1426.json
PAVS_MASTER_1427	Manually curated Data.tsv			NM_018127.7	NM_018127.7:c.460T>C			generated/PAVS_MASTER_1427.json
PAVS_MASTER_1428	Manually curated Data.tsv			NM_018127.7	NM_018127.7:c.460T>C			generated/PAVS_MASTER_1428.json
PAVS_MASTER_1429	Manually curated Data.tsv			NM_018127.7	NM_018127.7:c.460T>C			generated/PAVS_MASTER_1429.json
PAVS_MASTER_1430	Manually curated Data.tsv			NM_018127.7	NM_018127.7:c.460T>C			generated/PAVS_MASTER_1430.json
PAVS_MASTER_1431	Manually curated Data.tsv			NM_018127.7	NM_018127.7:c.460T>C			generated/PAVS_MASTER_1431.json
PAVS_MASTER_1432	Manually curated Data.tsv			NM_018127.7	NM_018127.7:c.460T>C			generated/PAVS_MASTER_1432.json
PAVS_MASTER_1433	Manually curated Data.tsv			NM_000018.4	NM_000018.4:c.65C>A			generated/PAVS_MASTER_1433.json
PAVS_MASTER_1434	Manually curated Data.tsv			NM_000018.4	NM_000018.4:c.65C>A			generated/PAVS_MASTER_1434.json
PAVS_MASTER_1435	Manually curated Data.tsv			NM_000018.4	NM_000018.4:c.65C>A			generated/PAVS_MASTER_1435.json
PAVS_MASTER_1436	Manually curated Data.tsv			NM_000018.4	NM_000018.4:c.65C>A			generated/PAVS_MASTER_1436.json
PAVS_MASTER_1437	Manually curated Data.tsv			NM_000018.4	NM_000018.4:c.65C>A			generated/PAVS_MASTER_1437.json
PAVS_MASTER_1438	Manually curated Data.tsv			NM_000018.4	NM_000018.4:c.65C>A			generated/PAVS_MASTER_1438.json
PAVS_MASTER_1439	Manually curated Data.tsv			NM_000018.4	NM_000018.4:c.65C>A			generated/PAVS_MASTER_1439.json
PAVS_MASTER_1440	Manually curated Data.tsv			NM_000018.4	NM_000018.4:c.65C>A			generated/PAVS_MASTER_1440.json
PAVS_MASTER_1441	Manually curated Data.tsv			NM_000018.4	NM_000018.4:c.65C>A			generated/PAVS_MASTER_1441.json
PAVS_MASTER_1442	Manually curated Data.tsv			NM_000018.4	NM_000018.4:c.65C>A			generated/PAVS_MASTER_1442.json
PAVS_MASTER_1443	Manually curated Data.tsv			NM_000018.4	NM_000018.4:c.65C>A			generated/PAVS_MASTER_1443.json
PAVS_MASTER_1444	Manually curated Data.tsv			NM_000018.4	NM_000018.4:c.65C>A			generated/PAVS_MASTER_1444.json
PAVS_MASTER_1445	Manually curated Data.tsv			NM_000018.4	NM_000018.4:c.65C>A			generated/PAVS_MASTER_1445.json
PAVS_MASTER_1446	Manually curated Data.tsv			NM_000018.4	NM_000018.4:c.65C>A			generated/PAVS_MASTER_1446.json
PAVS_MASTER_1447	Manually curated Data.tsv			NM_000018.4	NM_000018.4:c.65C>A			generated/PAVS_MASTER_1447.json
PAVS_MASTER_1448	Manually curated Data.tsv			NM_000018.4	NM_000018.4:c.65C>A			generated/PAVS_MASTER_1448.json
PAVS_MASTER_1449	Manually curated Data.tsv			NM_018127.7	NM_018127.7:c.460T>C			generated/PAVS_MASTER_1449.json
PAVS_MASTER_1450	Manually curated Data.tsv			NM_018127.7	NM_018127.7:c.460T>C			generated/PAVS_MASTER_1450.json
PAVS_MASTER_1451	Manually curated Data.tsv			NM_018127.7	NM_018127.7:c.460T>C			generated/PAVS_MASTER_1451.json
PAVS_MASTER_1452	Manually curated Data.tsv			NM_018127.7	NM_018127.7:c.460T>C			generated/PAVS_MASTER_1452.json
PAVS_MASTER_1453	Manually curated Data.tsv			NM_018127.7	NM_018127.7:c.460T>C			generated/PAVS_MASTER_1453.json
PAVS_MASTER_1454	Manually curated Data.tsv			NM_018127.7	NM_018127.7:c.460T>C			generated/PAVS_MASTER_1454.json
PAVS_MASTER_1455	Manually curated Data.tsv			NM_018127.7	NM_018127.7:c.460T>C			generated/PAVS_MASTER_1455.json
PAVS_MASTER_1456	Manually curated Data.tsv			NM_018127.7	NM_018127.7:c.460T>C			generated/PAVS_MASTER_1456.json
PAVS_MASTER_1457	Manually curated Data.tsv			NM_018127.7	NM_018127.7:c.460T>C			generated/PAVS_MASTER_1457.json
PAVS_MASTER_1458	Manually curated Data.tsv			NM_018127.7	NM_018127.7:c.460T>C			generated/PAVS_MASTER_1458.json
PAVS_MASTER_1459	Manually curated Data.tsv			NM_018127.7	NM_018127.7:c.460T>C			generated/PAVS_MASTER_1459.json
PAVS_MASTER_1460	Manually curated Data.tsv			NM_018127.7	NM_018127.7:c.460T>C			generated/PAVS_MASTER_1460.json
PAVS_MASTER_1461	Manually curated Data.tsv			NM_018127.7	NM_018127.7:c.460T>C			generated/PAVS_MASTER_1461.json
PAVS_MASTER_1462	Manually curated Data.tsv			NM_018127.7	NM_018127.7:c.460T>C			generated/PAVS_MASTER_1462.json
PAVS_MASTER_1463	Manually curated Data.tsv			NM_018127.7	NM_018127.7:c.460T>C			generated/PAVS_MASTER_1463.json
PAVS_MASTER_1464	Manually curated Data.tsv			NM_018127.7	NM_018127.7:c.460T>C			generated/PAVS_MASTER_1464.json
PAVS_MASTER_1465	Manually curated Data.tsv	OMIM:201475		NM_000018.4	NM_000018.4:c.65C>A			generated/PAVS_MASTER_1465.json
PAVS_MASTER_1466	Manually curated Data.tsv	OMIM:201475		NM_000018.4	NM_000018.4:c.134C>A			generated/PAVS_MASTER_1466.json
PAVS_MASTER_1467	Manually curated Data.tsv	OMIM:201475		NM_000018.4	NM_000018.4:c.134C>A			generated/PAVS_MASTER_1467.json
PAVS_MASTER_1468	Manually curated Data.tsv	OMIM:201475		ACADVL	ACADVL:NM_001270447:c.494T>C	NM_015069.5:c.3250G>A		generated/PAVS_MASTER_1468.json
PAVS_MASTER_1469	Manually curated Data.tsv	OMIM:201475		NM_000018.4	NM_000018.4:c.1349G>A			generated/PAVS_MASTER_1469.json
PAVS_MASTER_1470	Manually curated Data.tsv	OMIM:600974		NM_138691.3	NM_138691.3:c.100C>T			generated/PAVS_MASTER_1470.json
PAVS_MASTER_1471	Manually curated Data.tsv	OMIM:600974		NM_138691.3	NM_138691.3:c.100C>T			generated/PAVS_MASTER_1471.json
PAVS_MASTER_1472	Manually curated Data.tsv	OMIM:600974		NM_138691.3	NM_138691.3:c.100C>T			generated/PAVS_MASTER_1472.json
PAVS_MASTER_1473	Manually curated Data.tsv	OMIM:606705		NM_138691.3	NM_138691.3:c.1714G>A			generated/PAVS_MASTER_1473.json
PAVS_MASTER_1474	Manually curated Data.tsv	OMIM:600974		NM_138691.3	NM_138691.3:c.100C>T			generated/PAVS_MASTER_1474.json
PAVS_MASTER_1475	Manually curated Data.tsv	OMIM:600974		NM_138691.3	NM_138691.3:c.100C>T			generated/PAVS_MASTER_1475.json
PAVS_MASTER_1476	Manually curated Data.tsv	OMIM:600974		NM_138691.3	NM_138691.3:c.1396_1398del			generated/PAVS_MASTER_1476.json
PAVS_MASTER_1477	Manually curated Data.tsv	OMIM:600974		NM_138691.3	NM_138691.3:c.100C>T			generated/PAVS_MASTER_1477.json
PAVS_MASTER_1478	Manually curated Data.tsv	OMIM:600974		NM_138691.3	NM_138691.3:c.100C>T			generated/PAVS_MASTER_1478.json
PAVS_MASTER_1479	Manually curated Data.tsv	OMIM:600974		NM_138691.3	NM_138691.3:c.100C>T			generated/PAVS_MASTER_1479.json
PAVS_MASTER_1480	Manually curated Data.tsv	OMIM:600974		NM_138691.3	NM_138691.3:c.758C>T			generated/PAVS_MASTER_1480.json
PAVS_MASTER_1481	Manually curated Data.tsv	OMIM:600974		NM_138691.3	NM_138691.3:c.758C>T			generated/PAVS_MASTER_1481.json
PAVS_MASTER_1482	Manually curated Data.tsv	OMIM:600974		NM_138691.3	NM_138691.3:c.100C>T			generated/PAVS_MASTER_1482.json
PAVS_MASTER_1483	Manually curated Data.tsv	OMIM:600974		NM_138691.3	NM_138691.3:c.100C>T			generated/PAVS_MASTER_1483.json
PAVS_MASTER_1484	Manually curated Data.tsv	OMIM:600974		NM_138691.3	NM_138691.3:c.100C>T			generated/PAVS_MASTER_1484.json
PAVS_MASTER_1485	Manually curated Data.tsv	OMIM:600974		NM_138691.3	NM_138691.3:c.362+3A>G			generated/PAVS_MASTER_1485.json
PAVS_MASTER_1486	Manually curated Data.tsv	OMIM:600974		NM_138691.3	NM_138691.3:c.362+3A>G			generated/PAVS_MASTER_1486.json
PAVS_MASTER_1487	Manually curated Data.tsv	OMIM:600974		NM_138691.3	NM_138691.3:c.100C>T			generated/PAVS_MASTER_1487.json
PAVS_MASTER_1488	Manually curated Data.tsv	OMIM:600974		NM_138691.3	NM_138691.3:c.100C>T			generated/PAVS_MASTER_1488.json
PAVS_MASTER_1489	Manually curated Data.tsv	OMIM:236670		NM_007171.3	NM_007171.3:c.280+1G>T			generated/PAVS_MASTER_1489.json
PAVS_MASTER_1490	Manually curated Data.tsv	OMIM:236670		NM_007171.3	NM_007171.3:c.1241+4_1241+7del			generated/PAVS_MASTER_1490.json
PAVS_MASTER_1491	Manually curated Data.tsv	OMIM:236670		NM_007171.3	NM_007171.3:c.1241+4_1241+7del			generated/PAVS_MASTER_1491.json
PAVS_MASTER_1492	Manually curated Data.tsv	OMIM:236670		NM_007171.3	NM_007171.3:c.280+1G>T			generated/PAVS_MASTER_1492.json
PAVS_MASTER_1493	Manually curated Data.tsv	OMIM:236670		NM_007171.3	NM_007171.3:c.1241+4_1241+7del			generated/PAVS_MASTER_1493.json
PAVS_MASTER_1494	Manually curated Data.tsv	OMIM:615041		NM_014254.3	NM_014254.3:c.997G>A			generated/PAVS_MASTER_1494.json
PAVS_MASTER_1495	Manually curated Data.tsv	OMIM:615041		NM_014254.3	NM_014254.3:c.389G>A			generated/PAVS_MASTER_1495.json
PAVS_MASTER_1496	Manually curated Data.tsv	OMIM:615041		NM_014254.3	NM_014254.3:c.389G>A			generated/PAVS_MASTER_1496.json
PAVS_MASTER_1497	Manually curated Data.tsv	OMIM:614643		NM_001101426.4	NM_001101426.4:c.641C>T	GRCh37:NC_000007.13:g.16312789_16323521del		generated/PAVS_MASTER_1497.json
PAVS_MASTER_1498	Manually curated Data.tsv	OMIM:614643		NM_001101426.4	NM_001101426.4:c.790-1G>C	PGAP2:NM_001256236:c.362C>T		generated/PAVS_MASTER_1498.json
PAVS_MASTER_1499	Manually curated Data.tsv	OMIM:613150		NM_013382.7	NM_013382.7:c.1159delA			generated/PAVS_MASTER_1499.json
PAVS_MASTER_1500	Manually curated Data.tsv			NM_015272.5	NM_015272.5:c.1649A>G			generated/PAVS_MASTER_1500.json
PAVS_MASTER_1501	Manually curated Data.tsv			NM_001134831.2	NM_001134831.2:c.1328T>A			generated/PAVS_MASTER_1501.json
PAVS_MASTER_1502	Manually curated Data.tsv			NM_025114.4	NM_025114.4:c.4714G>T			generated/PAVS_MASTER_1502.json
PAVS_MASTER_1503	Manually curated Data.tsv			NM_001044385.3	NM_001044385.3:c.869+1G>A			generated/PAVS_MASTER_1503.json
PAVS_MASTER_1504	Manually curated Data.tsv			NM_023073.4	NM_023073.4:c.7978C>T			generated/PAVS_MASTER_1504.json
PAVS_MASTER_1505	Manually curated Data.tsv			NM_023073.4	NM_023073.4:c.7988_7989delGA			generated/PAVS_MASTER_1505.json
PAVS_MASTER_1506	Manually curated Data.tsv			NM_023073.4	NM_023073.4:c.7988_7989delGA			generated/PAVS_MASTER_1506.json
PAVS_MASTER_1507	Manually curated Data.tsv			NM_001082538.3	NM_001082538.3:c.342-2A>G			generated/PAVS_MASTER_1507.json
PAVS_MASTER_1508	Manually curated Data.tsv			NM_001082538.3	NM_001082538.3:c.342-2A>G			generated/PAVS_MASTER_1508.json
PAVS_MASTER_1509	Manually curated Data.tsv			NM_001082538.3	NM_001082538.3:c.342-2A>G			generated/PAVS_MASTER_1509.json
PAVS_MASTER_1510	Manually curated Data.tsv			NM_001134831.3	NM_001134831.3:c.1328T>A			generated/PAVS_MASTER_1510.json
PAVS_MASTER_1511	Manually curated Data.tsv			NM_025114.4	NM_025114.4:c.5668G>T			generated/PAVS_MASTER_1511.json
PAVS_MASTER_1512	Manually curated Data.tsv			NM_025114.4	NM_025114.4:c.5668G>T			generated/PAVS_MASTER_1512.json
PAVS_MASTER_1513	Manually curated Data.tsv			NM_000405.5	NM_000405.5:c.164C>T			generated/PAVS_MASTER_1513.json
PAVS_MASTER_1514	Manually curated Data.tsv			NM_015087.5	NM_015087.5:c.1450_1451insA			generated/PAVS_MASTER_1514.json
PAVS_MASTER_1515	Manually curated Data.tsv			CYP27A1	CYP27A1:NM_000784:c.1342C>T			generated/PAVS_MASTER_1515.json
PAVS_MASTER_1516	Manually curated Data.tsv			NPC2	NPC2:NM_006432:c.88G>A			generated/PAVS_MASTER_1516.json
PAVS_MASTER_1517	Manually curated Data.tsv			ARFGEF2	ARFGEF2:NM_006420:c.656_657insC			generated/PAVS_MASTER_1517.json
PAVS_MASTER_1518	Manually curated Data.tsv			PNKP	PNKP:NM_007254:c.1250_1251insAACGGGTCGCCATCGAC			generated/PAVS_MASTER_1518.json
PAVS_MASTER_1519	Manually curated Data.tsv			RYR1	RYR1:NM_000540:c.6617C>T			generated/PAVS_MASTER_1519.json
PAVS_MASTER_1520	Manually curated Data.tsv			FBN2	FBN2:NM_001999:c.1064G>A			generated/PAVS_MASTER_1520.json
PAVS_MASTER_1521	Manually curated Data.tsv			NM_000059.3	NM_000059.3:c.9152delC			generated/PAVS_MASTER_1521.json
PAVS_MASTER_1522	Manually curated Data.tsv			NM_147127.4	NM_147127.4:c.3870_3893dup			generated/PAVS_MASTER_1522.json
PAVS_MASTER_1523	Manually curated Data.tsv			NM_015214.2	NM_015214.2:c.1249_1891del			generated/PAVS_MASTER_1523.json
PAVS_MASTER_1524	Manually curated Data.tsv			WDR81	WDR81:NM_001163809:c.845G>A			generated/PAVS_MASTER_1524.json
PAVS_MASTER_1525	Manually curated Data.tsv			ZNF526	ZNF526:NM_133444:c.479A>C			generated/PAVS_MASTER_1525.json
PAVS_MASTER_1526	Manually curated Data.tsv			ADCK3	ADCK3:NM_020247:c.1744dup			generated/PAVS_MASTER_1526.json
PAVS_MASTER_1527	Manually curated Data.tsv			SBF1	SBF1:NM_002972:c.1327G>A			generated/PAVS_MASTER_1527.json
PAVS_MASTER_1528	Manually curated Data.tsv			AP4M1	AP4M1:NM_004722:c.952C>T			generated/PAVS_MASTER_1528.json
PAVS_MASTER_1529	Manually curated Data.tsv			CCDC99	CCDC99:NM_017785:c.1724_1747del			generated/PAVS_MASTER_1529.json
PAVS_MASTER_1530	Manually curated Data.tsv			TUBA3E	TUBA3E:NM_207312:c.643C>T			generated/PAVS_MASTER_1530.json
PAVS_MASTER_1531	Manually curated Data.tsv			INO80	INO80:NM_017553:c.1501T>C	INO80:NM_017553:c.3737G>A		generated/PAVS_MASTER_1531.json
PAVS_MASTER_1532	Manually curated Data.tsv			NM_002508.2	NM_002508.2:c.3385+1G>A			generated/PAVS_MASTER_1532.json
PAVS_MASTER_1533	Manually curated Data.tsv			TSEN15	TSEN15:NM_001127394:c.226T>G			generated/PAVS_MASTER_1533.json
PAVS_MASTER_1534	Manually curated Data.tsv			DMBX1	DMBX1:NM_147192:c.367C>T			generated/PAVS_MASTER_1534.json
PAVS_MASTER_1535	Manually curated Data.tsv			CLHC1	CLHC1:NM_001135598:c.779G>A			generated/PAVS_MASTER_1535.json
PAVS_MASTER_1536	Manually curated Data.tsv			C12orf4	C12orf4:NM_020374:c.637_638insAAAC			generated/PAVS_MASTER_1536.json
PAVS_MASTER_1537	Manually curated Data.tsv			WDR93	WDR93:NM_020212:c.280T>C			generated/PAVS_MASTER_1537.json
PAVS_MASTER_1538	Manually curated Data.tsv			ST7	ST7:NM_021908:c.489T>G			generated/PAVS_MASTER_1538.json
PAVS_MASTER_1539	Manually curated Data.tsv			MATN4	MATN4:NM_030590:c.515G>C			generated/PAVS_MASTER_1539.json
PAVS_MASTER_1540	Manually curated Data.tsv			SEC24D	SEC24D:NM_014822:c.697G>C			generated/PAVS_MASTER_1540.json
PAVS_MASTER_1541	Manually curated Data.tsv			NM_018938.2	NM_018938.2:c.915del			generated/PAVS_MASTER_1541.json
PAVS_MASTER_1542	Manually curated Data.tsv			PTPN23	PTPN23:NM_015466:c.3995G>T			generated/PAVS_MASTER_1542.json
PAVS_MASTER_1543	Manually curated Data.tsv			NM_005641.3	NM_005641.3:c.212T>C			generated/PAVS_MASTER_1543.json
PAVS_MASTER_1544	Manually curated Data.tsv			TBCK	TBCK:NM_033115:c.1708+1G>A			generated/PAVS_MASTER_1544.json
PAVS_MASTER_1545	Manually curated Data.tsv			GUSB	GUSB:NM_000181:c.307C>T			generated/PAVS_MASTER_1545.json
PAVS_MASTER_1546	Manually curated Data.tsv			GUSB	GUSB:NM_000181:c.1586A>G			generated/PAVS_MASTER_1546.json
PAVS_MASTER_1547	Manually curated Data.tsv			CHRNA1	CHRNA1:NM_001039523:c.762C>T			generated/PAVS_MASTER_1547.json
PAVS_MASTER_1548	Manually curated Data.tsv			PIGC	PIGC:NM_002642:c.659T>C			generated/PAVS_MASTER_1548.json
PAVS_MASTER_1549	Manually curated Data.tsv			UBN1	UBN1:NM_016936:c.2356T>A			generated/PAVS_MASTER_1549.json
PAVS_MASTER_1550	Manually curated Data.tsv			GUSB	GUSB:NM_000181:c.1144C>T			generated/PAVS_MASTER_1550.json
PAVS_MASTER_1551	Manually curated Data.tsv			DNAH14	DNAH14:NM_001373:c.3755T>A			generated/PAVS_MASTER_1551.json
PAVS_MASTER_1552	Manually curated Data.tsv			THSD1	THSD1:NM_018676:c.617G>A			generated/PAVS_MASTER_1552.json
PAVS_MASTER_1553	Manually curated Data.tsv			NEB	NEB:NM_001164507:c.21076C>T			generated/PAVS_MASTER_1553.json
PAVS_MASTER_1554	Manually curated Data.tsv			CTSA	CTSA:NM_000308:c.649delC			generated/PAVS_MASTER_1554.json
PAVS_MASTER_1555	Manually curated Data.tsv			MYOM1	MYOM1:NM_003803:c.4987G>A			generated/PAVS_MASTER_1555.json
PAVS_MASTER_1556	Manually curated Data.tsv			GUSB	GUSB:NM_000181:c.398G>C			generated/PAVS_MASTER_1556.json
PAVS_MASTER_1557	Manually curated Data.tsv			FZD6	FZD6:NM_001164616:c.773A>G			generated/PAVS_MASTER_1557.json
PAVS_MASTER_1558	Manually curated Data.tsv			THSD1	THSD1:NM_018676:c.617G>A			generated/PAVS_MASTER_1558.json
PAVS_MASTER_1559	Manually curated Data.tsv			GUSB	GUSB:NM_000181:c.1069C>T			generated/PAVS_MASTER_1559.json
PAVS_MASTER_1560	Manually curated Data.tsv			NM_024572.4	NM_024572.4:c.1273C>T			generated/PAVS_MASTER_1560.json
PAVS_MASTER_1561	Manually curated Data.tsv			NM_018676.4	NM_018676.4:c.617G>A			generated/PAVS_MASTER_1561.json
PAVS_MASTER_1562	Manually curated Data.tsv			NM_018676.4	NM_018676.4:c.670G>A			generated/PAVS_MASTER_1562.json
PAVS_MASTER_1563	Manually curated Data.tsv			NM_024572.4	NM_024572.4:c.1273C>T			generated/PAVS_MASTER_1563.json
PAVS_MASTER_1564	Manually curated Data.tsv			NM_018676.4	NM_018676.4:c.617G>A			generated/PAVS_MASTER_1564.json
PAVS_MASTER_1565	Manually curated Data.tsv			NM_018676.4	NM_018676.4:c.670G>A			generated/PAVS_MASTER_1565.json
PAVS_MASTER_1566	Manually curated Data.tsv			NM_004092.4	NM_004092.4:c.88+5G>A			generated/PAVS_MASTER_1566.json
PAVS_MASTER_1567	Manually curated Data.tsv			NM_004092.4	NM_004092.4:c.88+5G>A			generated/PAVS_MASTER_1567.json
PAVS_MASTER_1568	Manually curated Data.tsv			NM_000053.4	NM_000053.4:c.4193delC			generated/PAVS_MASTER_1568.json
PAVS_MASTER_1569	Manually curated Data.tsv			NM_000053.4	NM_000053.4:c.4193delC			generated/PAVS_MASTER_1569.json
PAVS_MASTER_1570	Manually curated Data.tsv			NM_000053.4	NM_000053.4:c.4193delC			generated/PAVS_MASTER_1570.json
PAVS_MASTER_1571	Manually curated Data.tsv			NM_000053.4	NM_000053.4:c.4193delC			generated/PAVS_MASTER_1571.json
PAVS_MASTER_1572	Manually curated Data.tsv			NM_000053.4	NM_000053.4:c.4193delC			generated/PAVS_MASTER_1572.json
PAVS_MASTER_1573	Manually curated Data.tsv			NM_000053.4	NM_000053.4:c.4193delC			generated/PAVS_MASTER_1573.json
PAVS_MASTER_1574	Manually curated Data.tsv			NM_000053.4	NM_000053.4:c.4193delC			generated/PAVS_MASTER_1574.json
PAVS_MASTER_1575	Manually curated Data.tsv			NM_000053.4	NM_000053.4:c.4193delC			generated/PAVS_MASTER_1575.json
PAVS_MASTER_1576	Manually curated Data.tsv			NM_000053.4	NM_000053.4:c.4193delC			generated/PAVS_MASTER_1576.json
PAVS_MASTER_1577	Manually curated Data.tsv			NM_000053.4	NM_000053.4:c.4193delC			generated/PAVS_MASTER_1577.json
PAVS_MASTER_1578	Manually curated Data.tsv			NM_000053.4	NM_000053.4:c.4193delC			generated/PAVS_MASTER_1578.json
PAVS_MASTER_1579	Manually curated Data.tsv			NM_000053.4	NM_000053.4:c.2230T>C			generated/PAVS_MASTER_1579.json
PAVS_MASTER_1580	Manually curated Data.tsv			NM_000053.4	NM_000053.4:c.2230T>C			generated/PAVS_MASTER_1580.json
PAVS_MASTER_1581	Manually curated Data.tsv			NM_000053.4	NM_000053.4:c.2230T>C			generated/PAVS_MASTER_1581.json
PAVS_MASTER_1582	Manually curated Data.tsv			NM_000053.4	NM_000053.4:c.2230T>C			generated/PAVS_MASTER_1582.json
PAVS_MASTER_1583	Manually curated Data.tsv			NM_000053.4	NM_000053.4:c.2230T>C			generated/PAVS_MASTER_1583.json
PAVS_MASTER_1584	Manually curated Data.tsv			NM_000053.4	NM_000053.4:c.4021G>A			generated/PAVS_MASTER_1584.json
PAVS_MASTER_1585	Manually curated Data.tsv			NM_000053.4	NM_000053.4:c.4193delC			generated/PAVS_MASTER_1585.json
PAVS_MASTER_1586	Manually curated Data.tsv			NM_000053.4	NM_000053.4:c.4193delC			generated/PAVS_MASTER_1586.json
PAVS_MASTER_1587	Manually curated Data.tsv			NM_000053.4	NM_000053.4:c.4193delC			generated/PAVS_MASTER_1587.json
PAVS_MASTER_1588	Manually curated Data.tsv			NM_000053.4	NM_000053.4:c.4193delC			generated/PAVS_MASTER_1588.json
PAVS_MASTER_1589	Manually curated Data.tsv			NM_000053.4	NM_000053.4:c.4193delC			generated/PAVS_MASTER_1589.json
PAVS_MASTER_1590	Manually curated Data.tsv			NM_000053.4	NM_000053.4:c.4193delC			generated/PAVS_MASTER_1590.json
PAVS_MASTER_1591	Manually curated Data.tsv			NM_000053.4	NM_000053.4:c.4193delC			generated/PAVS_MASTER_1591.json
PAVS_MASTER_1592	Manually curated Data.tsv			NM_000053.4	NM_000053.4:c.4193delC			generated/PAVS_MASTER_1592.json
PAVS_MASTER_1593	Manually curated Data.tsv			NM_000053.4	NM_000053.4:c.4193delC			generated/PAVS_MASTER_1593.json
PAVS_MASTER_1594	Manually curated Data.tsv			NM_000053.4	NM_000053.4:c.4193delC			generated/PAVS_MASTER_1594.json
PAVS_MASTER_1595	Manually curated Data.tsv			NM_000053.4	NM_000053.4:c.4193delC			generated/PAVS_MASTER_1595.json
PAVS_MASTER_1596	Manually curated Data.tsv			NM_000053.4	NM_000053.4:c.4193delC			generated/PAVS_MASTER_1596.json
PAVS_MASTER_1597	Manually curated Data.tsv			NM_000053.4	NM_000053.4:c.4193delC			generated/PAVS_MASTER_1597.json
PAVS_MASTER_1598	Manually curated Data.tsv			NM_000053.4	NM_000053.4:c.4193delC			generated/PAVS_MASTER_1598.json
PAVS_MASTER_1599	Manually curated Data.tsv			NM_000053.4	NM_000053.4:c.4193delC			generated/PAVS_MASTER_1599.json
PAVS_MASTER_1600	Manually curated Data.tsv			NM_000053.4	NM_000053.4:c.4193delC			generated/PAVS_MASTER_1600.json
PAVS_MASTER_1601	Manually curated Data.tsv			NM_000048.4	NM_000048.4:c.1060C>T			generated/PAVS_MASTER_1601.json
PAVS_MASTER_1602	Manually curated Data.tsv			NM_000048.4	NM_000048.4:c.1060C>T			generated/PAVS_MASTER_1602.json
PAVS_MASTER_1603	Manually curated Data.tsv	OMIM:201450		NM_000016.6	NM_000016.6:c.362C>T			generated/PAVS_MASTER_1603.json
PAVS_MASTER_1604	Manually curated Data.tsv	OMIM:201450		NM_000016.6	NM_000016.6:c.362C>T	NM_000016.6:c.347G>A		generated/PAVS_MASTER_1604.json
PAVS_MASTER_1605	Manually curated Data.tsv			NM_000071.3	NM_000071.3:c.770C>T			generated/PAVS_MASTER_1605.json
PAVS_MASTER_1606	Manually curated Data.tsv			NM_000071.3	NM_000071.3:c.969G>A			generated/PAVS_MASTER_1606.json
PAVS_MASTER_1607	Manually curated Data.tsv			NM_000071.3	NM_000071.3:c.969G>A			generated/PAVS_MASTER_1607.json
PAVS_MASTER_1608	Manually curated Data.tsv			NM_000071.3	NM_000071.3:c.969G>A			generated/PAVS_MASTER_1608.json
PAVS_MASTER_1609	Manually curated Data.tsv			NM_000071.3	NM_000071.3:c.969G>A			generated/PAVS_MASTER_1609.json
PAVS_MASTER_1610	Manually curated Data.tsv			NM_000071.3	NM_000071.3:c.969G>A			generated/PAVS_MASTER_1610.json
PAVS_MASTER_1611	Manually curated Data.tsv			NM_000071.3	NM_000071.3:c.969G>A			generated/PAVS_MASTER_1611.json
PAVS_MASTER_1612	Manually curated Data.tsv			NM_000071.3	NM_000071.3:c.969G>A			generated/PAVS_MASTER_1612.json
PAVS_MASTER_1613	Manually curated Data.tsv			NM_000071.3	NM_000071.3:c.969G>A			generated/PAVS_MASTER_1613.json
PAVS_MASTER_1614	Manually curated Data.tsv			NM_000071.3	NM_000071.3:c.969G>A			generated/PAVS_MASTER_1614.json
PAVS_MASTER_1615	Manually curated Data.tsv			NM_000071.3	NM_000071.3:c.969G>A			generated/PAVS_MASTER_1615.json
PAVS_MASTER_1616	Manually curated Data.tsv			NM_000071.3	NM_000071.3:c.1006C>T			generated/PAVS_MASTER_1616.json
PAVS_MASTER_1617	Manually curated Data.tsv			NM_000071.3	NM_000071.3:c.1006C>T			generated/PAVS_MASTER_1617.json
PAVS_MASTER_1618	Manually curated Data.tsv			NM_000071.3	NM_000071.3:c.1006C>T			generated/PAVS_MASTER_1618.json
PAVS_MASTER_1619	Manually curated Data.tsv			NM_000071.3	NM_000071.3:c.1006C>T			generated/PAVS_MASTER_1619.json
PAVS_MASTER_1620	Manually curated Data.tsv			NM_000071.3	NM_000071.3:c.969G>A			generated/PAVS_MASTER_1620.json
PAVS_MASTER_1621	Manually curated Data.tsv			NM_000071.3	NM_000071.3:c.969G>A			generated/PAVS_MASTER_1621.json
PAVS_MASTER_1622	Manually curated Data.tsv			NM_000071.3	NM_000071.3:c.969G>A			generated/PAVS_MASTER_1622.json
PAVS_MASTER_1623	Manually curated Data.tsv			NM_000071.3	NM_000071.3:c.969G>A			generated/PAVS_MASTER_1623.json
PAVS_MASTER_1624	Manually curated Data.tsv			NM_000071.3	NM_000071.3:c.457G>A			generated/PAVS_MASTER_1624.json
PAVS_MASTER_1625	Manually curated Data.tsv			NM_000071.3	NM_000071.3:c.457G>A			generated/PAVS_MASTER_1625.json
PAVS_MASTER_1626	Manually curated Data.tsv			NM_000071.3	NM_000071.3:c.969G>A			generated/PAVS_MASTER_1626.json
PAVS_MASTER_1627	Manually curated Data.tsv	OMIM:214700		NM_000111.3	NM_000111.3:c.559G>T			generated/PAVS_MASTER_1627.json
PAVS_MASTER_1628	Manually curated Data.tsv	OMIM:214700		NM_000111.3	NM_000111.3:c.559G>T			generated/PAVS_MASTER_1628.json
PAVS_MASTER_1629	Manually curated Data.tsv	OMIM:214700		NM_000111.3	NM_000111.3:c.559G>T			generated/PAVS_MASTER_1629.json
PAVS_MASTER_1630	Manually curated Data.tsv	OMIM:214700		NM_000111.3	NM_000111.3:c.559G>T			generated/PAVS_MASTER_1630.json
PAVS_MASTER_1631	Manually curated Data.tsv			NM_000191.3	NM_000191.3:c.122G>A			generated/PAVS_MASTER_1631.json
PAVS_MASTER_1632	Manually curated Data.tsv			NM_000191.3	NM_000191.3:c.IVS6+1G>A			generated/PAVS_MASTER_1632.json
PAVS_MASTER_1633	Manually curated Data.tsv			NM_000191.3	NM_000191.3:c.914_915del			generated/PAVS_MASTER_1633.json
PAVS_MASTER_1634	Manually curated Data.tsv	OMIM:613898		NM_000191.3	NM_000191.3:c.122G>A			generated/PAVS_MASTER_1634.json
PAVS_MASTER_1635	Manually curated Data.tsv			NM_000191.3	NM_000191.3:c.122G>A			generated/PAVS_MASTER_1635.json
PAVS_MASTER_1636	Manually curated Data.tsv	OMIM:613898		NM_000191.3	NM_000191.3:c.122G>A			generated/PAVS_MASTER_1636.json
PAVS_MASTER_1637	Manually curated Data.tsv			NM_000191.3	NM_000191.3:c.914_915del			generated/PAVS_MASTER_1637.json
PAVS_MASTER_1638	Manually curated Data.tsv			NM_000191.3	NM_000191.3:c.914_915del			generated/PAVS_MASTER_1638.json
PAVS_MASTER_1639	Manually curated Data.tsv			NM_000191.3	NM_000191.3:c.122G>A			generated/PAVS_MASTER_1639.json
PAVS_MASTER_1640	Manually curated Data.tsv			NM_000191.3	NM_000191.3:c.122G>A			generated/PAVS_MASTER_1640.json
PAVS_MASTER_1641	Manually curated Data.tsv			ALG9	ALG9:NM_001077691:c.1075G>A			generated/PAVS_MASTER_1641.json
PAVS_MASTER_1642	Manually curated Data.tsv			ALG9	ALG9:NM_001077691:c.1075G>A			generated/PAVS_MASTER_1642.json
PAVS_MASTER_1643	Manually curated Data.tsv			ALG9	ALG9:NM_001077691:c.1075G>A			generated/PAVS_MASTER_1643.json
PAVS_MASTER_1644	Manually curated Data.tsv			ALG9	ALG9:NM_001077691:c.1075G>A			generated/PAVS_MASTER_1644.json
PAVS_MASTER_1645	Manually curated Data.tsv			ALG9	ALG9:NM_001077691:c.1075G>A			generated/PAVS_MASTER_1645.json
PAVS_MASTER_1646	Manually curated Data.tsv			ALG9	ALG9:NM_001077691:c.1075G>A			generated/PAVS_MASTER_1646.json
PAVS_MASTER_1647	Manually curated Data.tsv			ALG9	ALG9:NM_001077691:c.1075G>A			generated/PAVS_MASTER_1647.json
PAVS_MASTER_1648	Manually curated Data.tsv			ALG9	ALG9:NM_001077691:c.1075G>A			generated/PAVS_MASTER_1648.json
PAVS_MASTER_1649	Manually curated Data.tsv			NM_005787.6	NM_005787.6:c.512G>A			generated/PAVS_MASTER_1649.json
PAVS_MASTER_1650	Manually curated Data.tsv			NM_005787.6	NM_005787.6:c.512G>A			generated/PAVS_MASTER_1650.json
PAVS_MASTER_1651	Manually curated Data.tsv			NM_005787.6	NM_005787.6:c.512G>A			generated/PAVS_MASTER_1651.json
PAVS_MASTER_1652	Manually curated Data.tsv			NM_005787.6	NM_005787.6:c.512G>A			generated/PAVS_MASTER_1652.json
PAVS_MASTER_1653	Manually curated Data.tsv			NM_005787.6	NM_005787.6:c.512G>A			generated/PAVS_MASTER_1653.json
PAVS_MASTER_1654	Manually curated Data.tsv			NM_005787.6	NM_005787.6:c.512G>A			generated/PAVS_MASTER_1654.json
PAVS_MASTER_1655	Manually curated Data.tsv			NM_005787.6	NM_005787.6:c.512G>A			generated/PAVS_MASTER_1655.json
PAVS_MASTER_1656	Manually curated Data.tsv			NM_020751.3	NM_020751.3:c.1378G>T			generated/PAVS_MASTER_1656.json
PAVS_MASTER_1657	Manually curated Data.tsv			NM_020751.3	NM_020751.3:c.1167-24A>G			generated/PAVS_MASTER_1657.json
PAVS_MASTER_1658	Manually curated Data.tsv			NM_020751.3	NM_020751.3:c.1167-24A>G			generated/PAVS_MASTER_1658.json
PAVS_MASTER_1659	Manually curated Data.tsv			NM_020751.3	NM_020751.3:c.1167-24A>G			generated/PAVS_MASTER_1659.json
PAVS_MASTER_1660	Manually curated Data.tsv			NM_020751.3	NM_020751.3:c.1167-24A>G			generated/PAVS_MASTER_1660.json
PAVS_MASTER_1661	Manually curated Data.tsv			NM_020751.3	NM_020751.3:c.1075-9T>G			generated/PAVS_MASTER_1661.json
PAVS_MASTER_1662	Manually curated Data.tsv			NM_020751.3	NM_020751.3:c.1167-24A>G			generated/PAVS_MASTER_1662.json
PAVS_MASTER_1663	Manually curated Data.tsv			NM_002408.3	NM_002408.3:c.711G>C			generated/PAVS_MASTER_1663.json
PAVS_MASTER_1664	Manually curated Data.tsv			NM_002408.3	NM_002408.3:c.711G<C			generated/PAVS_MASTER_1664.json
PAVS_MASTER_1665	Manually curated Data.tsv			NM_002408.3	NM_002408.3:c.711G<C			generated/PAVS_MASTER_1665.json
PAVS_MASTER_1666	Manually curated Data.tsv			NM_000282.4	NM_000282.4:c.111_130del20			generated/PAVS_MASTER_1666.json
PAVS_MASTER_1667	Manually curated Data.tsv			NM_000282.4	NM_000282.4:c.266C>G			generated/PAVS_MASTER_1667.json
PAVS_MASTER_1668	Manually curated Data.tsv			NM_000282.4	NM_000282.4:c.955C>T			generated/PAVS_MASTER_1668.json
PAVS_MASTER_1669	Manually curated Data.tsv			NM_000282.4	NM_000282.4:c.1375_1391dup	NM_000282.4:c.1391ins		generated/PAVS_MASTER_1669.json
PAVS_MASTER_1670	Manually curated Data.tsv			NM_000282.4	NM_000282.4:c.2120T>G			generated/PAVS_MASTER_1670.json
PAVS_MASTER_1671	Manually curated Data.tsv			NM_000532.5	NM_000532.5:c.90_108delins14			generated/PAVS_MASTER_1671.json
PAVS_MASTER_1672	Manually curated Data.tsv			NM_000532.5	NM_000532.5:c.518_543del26			generated/PAVS_MASTER_1672.json
PAVS_MASTER_1673	Manually curated Data.tsv			NM_000532.5	NM_000532.5:c.629T>C			generated/PAVS_MASTER_1673.json
PAVS_MASTER_1674	Manually curated Data.tsv			NM_000532.5	NM_000532.5:c.866G>C	NM_000532.5:c.990dupT		generated/PAVS_MASTER_1674.json
PAVS_MASTER_1675	Manually curated Data.tsv			NM_000532.5	NM_000532.5:c.1088C>T			generated/PAVS_MASTER_1675.json
PAVS_MASTER_1676	Manually curated Data.tsv			NM_000532.5	NM_000532.5:c.1163T>A			generated/PAVS_MASTER_1676.json
PAVS_MASTER_1677	Manually curated Data.tsv	OMIM:606054		NM_000282.4	NM_000282.4:c.111_130del20			generated/PAVS_MASTER_1677.json
PAVS_MASTER_1678	Manually curated Data.tsv	OMIM:606054		NM_000282.4	NM_000282.4:c.266C>G			generated/PAVS_MASTER_1678.json
PAVS_MASTER_1679	Manually curated Data.tsv	OMIM:606054		NM_000282.4	NM_000282.4:c.955C>T			generated/PAVS_MASTER_1679.json
PAVS_MASTER_1680	Manually curated Data.tsv	OMIM:606054		NM_000282.4	NM_000282.4:c.1375_1391dup	NM_000282.4:c.1391ins		generated/PAVS_MASTER_1680.json
PAVS_MASTER_1681	Manually curated Data.tsv	OMIM:606054		NM_000282.4	NM_000282.4:c.2120T>G			generated/PAVS_MASTER_1681.json
PAVS_MASTER_1682	Manually curated Data.tsv	OMIM:606054		NM_000532.5	NM_000532.5:c.90_108delins14			generated/PAVS_MASTER_1682.json
PAVS_MASTER_1683	Manually curated Data.tsv	OMIM:606054		NM_000532.5	NM_000532.5:c.518_543del26			generated/PAVS_MASTER_1683.json
PAVS_MASTER_1684	Manually curated Data.tsv	OMIM:606054		NM_000532.5	NM_000532.5:c.629T>C			generated/PAVS_MASTER_1684.json
PAVS_MASTER_1685	Manually curated Data.tsv	OMIM:606054		NM_000532.5	NM_000532.5:c.866G>C	NM_000532.5:c.990dupT		generated/PAVS_MASTER_1685.json
PAVS_MASTER_1686	Manually curated Data.tsv	OMIM:606054		NM_000532.5	NM_000532.5:c.1088C>T			generated/PAVS_MASTER_1686.json
PAVS_MASTER_1687	Manually curated Data.tsv	OMIM:606054		NM_000532.5	NM_000532.5:c.1163T>A			generated/PAVS_MASTER_1687.json
PAVS_MASTER_1688	Manually curated Data.tsv	OMIM:606054		NM_000282.4	NM_000282.4:c.425G>A			generated/PAVS_MASTER_1688.json
PAVS_MASTER_1689	Manually curated Data.tsv	OMIM:606054		NM_000282.4	NM_000282.4:c.1288C>T			generated/PAVS_MASTER_1689.json
PAVS_MASTER_1690	Manually curated Data.tsv	OMIM:606054		NM_000532.5	NM_000532.5:c.337C>T			generated/PAVS_MASTER_1690.json
PAVS_MASTER_1691	Manually curated Data.tsv	OMIM:606054		NM_000532.5	NM_000532.5:c.990dupT			generated/PAVS_MASTER_1691.json
PAVS_MASTER_1692	Manually curated Data.tsv	OMIM:606054		NM_000532.5	NM_000532.5:c.1210G>A			generated/PAVS_MASTER_1692.json
PAVS_MASTER_1693	Manually curated Data.tsv			NM_000282.4	NM_000282.4:c.425G>A			generated/PAVS_MASTER_1693.json
PAVS_MASTER_1694	Manually curated Data.tsv			NM_000282.4	NM_000282.4:c.425G>A			generated/PAVS_MASTER_1694.json
PAVS_MASTER_1695	Manually curated Data.tsv			NM_025243.4	NM_025243.4:c.1264A>G			generated/PAVS_MASTER_1695.json
PAVS_MASTER_1696	Manually curated Data.tsv			NM_025243.4	NM_025243.4:c.1264A>G			generated/PAVS_MASTER_1696.json
PAVS_MASTER_1697	Manually curated Data.tsv			NM_025243.4	NM_025243.4:c.1264A>G			generated/PAVS_MASTER_1697.json
PAVS_MASTER_1698	Manually curated Data.tsv			NM_025243.4	NM_025243.4:c.1264A>G			generated/PAVS_MASTER_1698.json
PAVS_MASTER_1699	Manually curated Data.tsv			NM_025243.4	NM_025243.4:c.1264A>G			generated/PAVS_MASTER_1699.json
PAVS_MASTER_1700	Manually curated Data.tsv			NM_025243.4	NM_025243.4:c.1264A>G			generated/PAVS_MASTER_1700.json
PAVS_MASTER_1701	Manually curated Data.tsv			NM_025243.4	NM_025243.4:c.1264A>G			generated/PAVS_MASTER_1701.json
PAVS_MASTER_1702	Manually curated Data.tsv			NM_025243.4	NM_025243.4:c.1264A>G			generated/PAVS_MASTER_1702.json
PAVS_MASTER_1703	Manually curated Data.tsv			NM_025243.4	NM_025243.4:c.1264A>G			generated/PAVS_MASTER_1703.json
PAVS_MASTER_1704	Manually curated Data.tsv			NM_025243.4	NM_025243.4:c.1264A>G			generated/PAVS_MASTER_1704.json
PAVS_MASTER_1705	Manually curated Data.tsv			NM_025243.4	NM_025243.4:c.1264A>G			generated/PAVS_MASTER_1705.json
PAVS_MASTER_1706	Manually curated Data.tsv			NM_025243.4	NM_025243.4:c.1264A>G			generated/PAVS_MASTER_1706.json
PAVS_MASTER_1707	Manually curated Data.tsv			NM_025243.4	NM_025243.4:c.1264A>G			generated/PAVS_MASTER_1707.json
PAVS_MASTER_1708	Manually curated Data.tsv			NM_025243.4	NM_025243.4:c.1264A>G			generated/PAVS_MASTER_1708.json
PAVS_MASTER_1709	Manually curated Data.tsv			NM_025243.4	NM_025243.4:c.1264A>G			generated/PAVS_MASTER_1709.json
PAVS_MASTER_1710	Manually curated Data.tsv			NM_025243.4	NM_025243.4:c.1264A>G			generated/PAVS_MASTER_1710.json
PAVS_MASTER_1711	Manually curated Data.tsv			NM_025243.4	NM_025243.4:c.1264A>G			generated/PAVS_MASTER_1711.json
PAVS_MASTER_1712	Manually curated Data.tsv			NM_025243.4	NM_025243.4:c.1264A>G			generated/PAVS_MASTER_1712.json
PAVS_MASTER_1713	Manually curated Data.tsv			NM_194279.4	NM_194279.4:c.229G>A			generated/PAVS_MASTER_1713.json
PAVS_MASTER_1714	Manually curated Data.tsv			NM_194279.4	NM_194279.4:c.229G>A			generated/PAVS_MASTER_1714.json
PAVS_MASTER_1715	Manually curated Data.tsv			NM_194279.4	NM_194279.4:c.229G>A			generated/PAVS_MASTER_1715.json
PAVS_MASTER_1716	Manually curated Data.tsv			NM_194279.4	NM_194279.4:c.229G>A			generated/PAVS_MASTER_1716.json
PAVS_MASTER_1717	Manually curated Data.tsv			NM_194279.4	NM_194279.4:c.229G>A			generated/PAVS_MASTER_1717.json
PAVS_MASTER_1718	Manually curated Data.tsv			NM_194279.4	NM_194279.4:c.229G>A			generated/PAVS_MASTER_1718.json
PAVS_MASTER_1719	Manually curated Data.tsv			NM_194279.4	NM_194279.4:c.229G>A			generated/PAVS_MASTER_1719.json
PAVS_MASTER_1720	Manually curated Data.tsv			NM_194279.4	NM_194279.4:c.229G>A			generated/PAVS_MASTER_1720.json
PAVS_MASTER_1721	Manually curated Data.tsv			NM_194279.4	NM_194279.4:c.229G>A			generated/PAVS_MASTER_1721.json
PAVS_MASTER_1722	Manually curated Data.tsv			NM_194279.4	NM_194279.4:c.229G>A			generated/PAVS_MASTER_1722.json
PAVS_MASTER_1723	Manually curated Data.tsv			NM_194279.4	NM_194279.4:c.229G>A			generated/PAVS_MASTER_1723.json
PAVS_MASTER_1724	Manually curated Data.tsv			NM_194279.4	NM_194279.4:c.229G>A			generated/PAVS_MASTER_1724.json
PAVS_MASTER_1725	Manually curated Data.tsv			NM_194279.4	NM_194279.4:c.229G>A			generated/PAVS_MASTER_1725.json
PAVS_MASTER_1726	Manually curated Data.tsv			NM_194279.4	NM_194279.4:c.229G>A			generated/PAVS_MASTER_1726.json
PAVS_MASTER_1727	Manually curated Data.tsv			NM_194279.4	NM_194279.4:c.229G>A			generated/PAVS_MASTER_1727.json
PAVS_MASTER_1728	Manually curated Data.tsv			NM_194279.4	NM_194279.4:c.229G>A			generated/PAVS_MASTER_1728.json
PAVS_MASTER_1729	Manually curated Data.tsv			NM_194279.4	NM_194279.4:c.229G>A			generated/PAVS_MASTER_1729.json
PAVS_MASTER_1730	Manually curated Data.tsv			NM_194279.4	NM_194279.4:c.229G>A			generated/PAVS_MASTER_1730.json
PAVS_MASTER_1731	Manually curated Data.tsv			NM_194279.4	NM_194279.4:c.229G>A			generated/PAVS_MASTER_1731.json
PAVS_MASTER_1732	Manually curated Data.tsv			NM_000282.4	NM_000282.4:c.1288C>T			generated/PAVS_MASTER_1732.json
PAVS_MASTER_1733	Manually curated Data.tsv			GRCh36	GRCh36:NC_000013.9:g.99764629_99837596delins99764629_99764647			generated/PAVS_MASTER_1733.json
PAVS_MASTER_1734	Manually curated Data.tsv			GRCh36	GRCh36:NC_000013.9:g.99764629_99837596delins99764629_99764647			generated/PAVS_MASTER_1734.json
PAVS_MASTER_1735	Manually curated Data.tsv			NM_006408.4	NM_006408.4:c.349C>T			generated/PAVS_MASTER_1735.json
PAVS_MASTER_1736	Manually curated Data.tsv			NM_006408.4	NM_006408.4:c.349C>T			generated/PAVS_MASTER_1736.json
PAVS_MASTER_1737	Manually curated Data.tsv			NM_006408.4	NM_006408.4:c.330+1delintron			generated/PAVS_MASTER_1737.json
PAVS_MASTER_1738	Manually curated Data.tsv			DLD	DLD:NM_000108:3:c.685G>T			generated/PAVS_MASTER_1738.json
PAVS_MASTER_1739	Manually curated Data.tsv			DLD	DLD:NM_000108:3:c.685G>T			generated/PAVS_MASTER_1739.json
PAVS_MASTER_1740	Manually curated Data.tsv			DLD	DLD:NM_000108:3:c.685G>T			generated/PAVS_MASTER_1740.json
PAVS_MASTER_1741	Manually curated Data.tsv			DLD	DLD:NM_000108:3:c.685G>T			generated/PAVS_MASTER_1741.json
PAVS_MASTER_1742	Manually curated Data.tsv			DLD	DLD:NM_000108:3:c.685G>T			generated/PAVS_MASTER_1742.json
PAVS_MASTER_1743	Manually curated Data.tsv			DLD	DLD:NM_000108:3:c.1436A>T			generated/PAVS_MASTER_1743.json
PAVS_MASTER_1744	Manually curated Data.tsv			DLD	DLD:NM_000108:3:c.1436A>T			generated/PAVS_MASTER_1744.json
PAVS_MASTER_1745	Manually curated Data.tsv			DLD	DLD:NM_000108:3:c.623C>T			generated/PAVS_MASTER_1745.json
PAVS_MASTER_1746	Manually curated Data.tsv			NM_001144061.2	NM_001144061.2:c.1651T>G			generated/PAVS_MASTER_1746.json
PAVS_MASTER_1747	Manually curated Data.tsv			NM_001144061.2	NM_001144061.2:c.1651T>G			generated/PAVS_MASTER_1747.json
PAVS_MASTER_1748	Manually curated Data.tsv			NM_001144061.2	NM_001144061.2:c.1651T>G			generated/PAVS_MASTER_1748.json
PAVS_MASTER_1749	Manually curated Data.tsv			NM_001144061.2	NM_001144061.2:c.1651T>G			generated/PAVS_MASTER_1749.json
PAVS_MASTER_1750	Manually curated Data.tsv			NM_020318.2	NM_020318.2:c.2656G>T			generated/PAVS_MASTER_1750.json
PAVS_MASTER_1751	Manually curated Data.tsv			NM_020318.2	NM_020318.2:c.2656G>T			generated/PAVS_MASTER_1751.json
PAVS_MASTER_1752	Manually curated Data.tsv			NM_000891.3	NM_000891.3:c.412G			generated/PAVS_MASTER_1752.json
PAVS_MASTER_1753	Manually curated Data.tsv			NM_000891.3	NM_000891.3:c.921G>A			generated/PAVS_MASTER_1753.json
PAVS_MASTER_1754	Manually curated Data.tsv			NM_000891.3	NM_000891.3:c.366T>A			generated/PAVS_MASTER_1754.json
PAVS_MASTER_1755	Manually curated Data.tsv			NM_000891.3	NM_000891.3:c.919			generated/PAVS_MASTER_1755.json
PAVS_MASTER_1756	Manually curated Data.tsv			NM_080759.6	NM_080759.6:c.563G>A			generated/PAVS_MASTER_1756.json
PAVS_MASTER_1757	Manually curated Data.tsv			NM_080759.6	NM_080759.6:c.563G>A			generated/PAVS_MASTER_1757.json
PAVS_MASTER_1758	Manually curated Data.tsv			NM_080927.3	NM_080927.3:c.80			generated/PAVS_MASTER_1758.json
PAVS_MASTER_1759	Manually curated Data.tsv			NM_006260.5	NM_006260.5:c.1177C>T			generated/PAVS_MASTER_1759.json
PAVS_MASTER_1760	Manually curated Data.tsv			NM_006260.5	NM_006260.5:c.1177C>T			generated/PAVS_MASTER_1760.json
PAVS_MASTER_1761	Manually curated Data.tsv			NM_004713.6	NM_004713.6:c.574+1G>T			generated/PAVS_MASTER_1761.json
PAVS_MASTER_1762	Manually curated Data.tsv			NM_004713.6	NM_004713.6:c.1234_1235insC			generated/PAVS_MASTER_1762.json
PAVS_MASTER_1763	Manually curated Data.tsv			NM_004713.6	NM_004713.6:c.1234_1235insCsC			generated/PAVS_MASTER_1763.json
PAVS_MASTER_1764	Manually curated Data.tsv			NM_001791.4	NM_001791.4:c.101C>A			generated/PAVS_MASTER_1764.json
PAVS_MASTER_1765	Manually curated Data.tsv			NM_005269.3	NM_005269.3:c.1010C>T			generated/PAVS_MASTER_1765.json
PAVS_MASTER_1766	Manually curated Data.tsv			NM_005269.3	NM_005269.3:c.1010C>T			generated/PAVS_MASTER_1766.json
PAVS_MASTER_1767	Manually curated Data.tsv			NM_005269.3	NM_005269.3:c.1010C>T			generated/PAVS_MASTER_1767.json
PAVS_MASTER_1768	Manually curated Data.tsv			NM_015058.2	NM_015058.2:c.947A>G			generated/PAVS_MASTER_1768.json
PAVS_MASTER_1769	Manually curated Data.tsv			NM_015058.2	NM_015058.2:c.947A>G			generated/PAVS_MASTER_1769.json
PAVS_MASTER_1770	Manually curated Data.tsv			NM_015058.2	NM_015058.2:c.947A>G			generated/PAVS_MASTER_1770.json
PAVS_MASTER_1771	Manually curated Data.tsv			NM_015058.2	NM_015058.2:c.947A>G			generated/PAVS_MASTER_1771.json
PAVS_MASTER_1772	Manually curated Data.tsv	OMIM:216340		NM_014845.6	NM_014845.6:c.968A>G			generated/PAVS_MASTER_1772.json
PAVS_MASTER_1773	Manually curated Data.tsv			NM_024926.3	NM_024926.3:c.4-1G>C			generated/PAVS_MASTER_1773.json
PAVS_MASTER_1774	Manually curated Data.tsv			NM_024926.3	NM_024926.3:c.4-1G>C			generated/PAVS_MASTER_1774.json
PAVS_MASTER_1775	Manually curated Data.tsv			NM_024926.3	NM_024926.3:c.4-1G>C			generated/PAVS_MASTER_1775.json
PAVS_MASTER_1776	Manually curated Data.tsv			NM_024926.3	NM_024926.3:c.695A>G			generated/PAVS_MASTER_1776.json
PAVS_MASTER_1777	Manually curated Data.tsv			NM_024926.3	NM_024926.3:c.695A>G			generated/PAVS_MASTER_1777.json
PAVS_MASTER_1778	Manually curated Data.tsv			NM_024926.3	NM_024926.3:c.695A>G			generated/PAVS_MASTER_1778.json
PAVS_MASTER_1779	Manually curated Data.tsv			NM_024926.3	NM_024926.3:c.1238C>T			generated/PAVS_MASTER_1779.json
PAVS_MASTER_1780	Manually curated Data.tsv			NM_024926.3	NM_024926.3:c.695A>G			generated/PAVS_MASTER_1780.json
PAVS_MASTER_1781	Manually curated Data.tsv			NM_001085425.3	NM_001085425.3:c.809T>C			generated/PAVS_MASTER_1781.json
PAVS_MASTER_1782	Manually curated Data.tsv			EIF2B4	EIF2B4:c.1132C>T			generated/PAVS_MASTER_1782.json
PAVS_MASTER_1783	Manually curated Data.tsv			EIF2B4	EIF2B4:c.1132C>T			generated/PAVS_MASTER_1783.json
PAVS_MASTER_1784	Manually curated Data.tsv			EIF2B4	EIF2B4:c.1132C>T			generated/PAVS_MASTER_1784.json
PAVS_MASTER_1785	Manually curated Data.tsv			EIF2B4	EIF2B4:c.1132C>T			generated/PAVS_MASTER_1785.json
PAVS_MASTER_1786	Manually curated Data.tsv			EIF2B4	EIF2B4:c.1132C>T			generated/PAVS_MASTER_1786.json
PAVS_MASTER_1787	Manually curated Data.tsv			EIF2B4	EIF2B4:c.1132C>T			generated/PAVS_MASTER_1787.json
PAVS_MASTER_1788	Manually curated Data.tsv			EIF2B4	EIF2B4:c.1132C>T			generated/PAVS_MASTER_1788.json
PAVS_MASTER_1789	Manually curated Data.tsv			EIF2B2	EIF2B2:c.591C>G			generated/PAVS_MASTER_1789.json
PAVS_MASTER_1790	Manually curated Data.tsv			EIF2B2	EIF2B2:c.591C>G			generated/PAVS_MASTER_1790.json
PAVS_MASTER_1791	Manually curated Data.tsv			PEX13	PEX13:c.1A>G			generated/PAVS_MASTER_1791.json
PAVS_MASTER_1792	Manually curated Data.tsv			PEX16	PEX16:c.113-1G>C			generated/PAVS_MASTER_1792.json
PAVS_MASTER_1793	Manually curated Data.tsv			PEX6	PEX6:c.1931G>A			generated/PAVS_MASTER_1793.json
PAVS_MASTER_1794	Manually curated Data.tsv			RNASEH2A	RNASEH2A:c.202T>G			generated/PAVS_MASTER_1794.json
PAVS_MASTER_1795	Manually curated Data.tsv			RNASEH2C	RNASEH2C:c.202C>G			generated/PAVS_MASTER_1795.json
PAVS_MASTER_1796	Manually curated Data.tsv			IFIH1	IFIH1:c.1850T>C			generated/PAVS_MASTER_1796.json
PAVS_MASTER_1797	Manually curated Data.tsv			GALC	GALC:c.1886C>G			generated/PAVS_MASTER_1797.json
PAVS_MASTER_1798	Manually curated Data.tsv			GJC2	GJC2:c.107delT			generated/PAVS_MASTER_1798.json
PAVS_MASTER_1799	Manually curated Data.tsv			MLC1	MLC1:c.686_687delCinsAG			generated/PAVS_MASTER_1799.json
PAVS_MASTER_1800	Manually curated Data.tsv			HEPACAM	HEPACAM:c.416T>C	HEPACAM:c.949-2A>G		generated/PAVS_MASTER_1800.json
PAVS_MASTER_1801	Manually curated Data.tsv			ASPA	ASPA:c.312_313delCA			generated/PAVS_MASTER_1801.json
PAVS_MASTER_1802	Manually curated Data.tsv			ABCD1	ABCD1:c.542A>G			generated/PAVS_MASTER_1802.json
PAVS_MASTER_1803	Manually curated Data.tsv			SLC17A5	SLC17A5:c.406A>G	SLC17A5:c.116G>A		generated/PAVS_MASTER_1803.json
PAVS_MASTER_1804	Manually curated Data.tsv			GJA1	GJA1:c.125A>G			generated/PAVS_MASTER_1804.json
PAVS_MASTER_1805	Manually curated Data.tsv			NM_177938.2	NM_177938.2:c.888-3C>A			generated/PAVS_MASTER_1805.json
PAVS_MASTER_1806	Manually curated Data.tsv			NM_177938.2	NM_177938.2:c.819dupG			generated/PAVS_MASTER_1806.json
PAVS_MASTER_1807	Manually curated Data.tsv			NM_177938.2	NM_177938.2:c.819dupG			generated/PAVS_MASTER_1807.json
PAVS_MASTER_1808	Manually curated Data.tsv			NM_016373.4	NM_016373.4:c.409+1G>T			generated/PAVS_MASTER_1808.json
PAVS_MASTER_1809	Manually curated Data.tsv			NM_016373.4	NM_016373.4:c.160G>T			generated/PAVS_MASTER_1809.json
PAVS_MASTER_1810	Manually curated Data.tsv			NM_016373.4	NM_016373.4:c.160G>T			generated/PAVS_MASTER_1810.json
PAVS_MASTER_1811	Manually curated Data.tsv			NM_016373.4	NM_016373.4:c.606-1G>A			generated/PAVS_MASTER_1811.json
PAVS_MASTER_1812	Manually curated Data.tsv			NM_016373.4	NM_016373.4:c.606-1G>A			generated/PAVS_MASTER_1812.json
PAVS_MASTER_1813	Manually curated Data.tsv			NM_016373.4	NM_016373.4:c.606-1G>A			generated/PAVS_MASTER_1813.json
PAVS_MASTER_1814	Manually curated Data.tsv			NM_016373.4	NM_016373.4:c.606-1G>A			generated/PAVS_MASTER_1814.json
PAVS_MASTER_1815	Manually curated Data.tsv			NM_016373.4	NM_016373.4:c.606-1G>A			generated/PAVS_MASTER_1815.json
PAVS_MASTER_1816	Manually curated Data.tsv			NM_016373.4	NM_016373.4:c.139C>A			generated/PAVS_MASTER_1816.json
PAVS_MASTER_1817	Manually curated Data.tsv			NM_016373.4	NM_016373.4:c.139C>A			generated/PAVS_MASTER_1817.json
PAVS_MASTER_1818	Manually curated Data.tsv			NM_016373.4	NM_016373.4:c.139C>A			generated/PAVS_MASTER_1818.json
PAVS_MASTER_1819	Manually curated Data.tsv			NM_016373.4	NM_016373.4:c.139C>A			generated/PAVS_MASTER_1819.json
PAVS_MASTER_1820	Manually curated Data.tsv			NM_001394966.1	NM_001394966.1:c.3402T>A			generated/PAVS_MASTER_1820.json
PAVS_MASTER_1821	Manually curated Data.tsv			NM_001394966.1	NM_001394966.1:c.3402T>A			generated/PAVS_MASTER_1821.json
PAVS_MASTER_1822	Manually curated Data.tsv			NM_000341.4	NM_000341.4:c.592del			generated/PAVS_MASTER_1822.json
PAVS_MASTER_1823	Manually curated Data.tsv			NM_014270.5	NM_014270.5:c.997_1012del			generated/PAVS_MASTER_1823.json
PAVS_MASTER_1824	Manually curated Data.tsv			NM_000341.4	NM_000341.4:c.1400T>A			generated/PAVS_MASTER_1824.json
PAVS_MASTER_1825	Manually curated Data.tsv			NM_014270.5	NM_014270.5:c.376G>A	NM_014270.5:c.1166C>T		generated/PAVS_MASTER_1825.json
PAVS_MASTER_1826	Manually curated Data.tsv			NM_014270.5	NM_014270.5:c.313G>A			generated/PAVS_MASTER_1826.json
PAVS_MASTER_1827	Manually curated Data.tsv			SLC3A1	SLC3A1:NM_000341.4:Duplication (4 copies) encompassing exon 5 to exon 9			generated/PAVS_MASTER_1827.json
PAVS_MASTER_1828	Manually curated Data.tsv			SLC7A9	SLC7A9:NM_014270.5:C368 >T			generated/PAVS_MASTER_1828.json
PAVS_MASTER_1829	Manually curated Data.tsv			NM_000341.4	NM_000341.4:c.1617+1097T			generated/PAVS_MASTER_1829.json
PAVS_MASTER_1830	Manually curated Data.tsv			NM_000341.4	NM_000341.4:c.1400T>A			generated/PAVS_MASTER_1830.json
PAVS_MASTER_1831	Manually curated Data.tsv			NM_000341.4	NM_000341.4:c.1400T>A			generated/PAVS_MASTER_1831.json
PAVS_MASTER_1832	Manually curated Data.tsv			NM_014270.5	NM_014270.5:c.460_471del			generated/PAVS_MASTER_1832.json
PAVS_MASTER_1833	Manually curated Data.tsv			NM_014270.5	NM_014270.5:c.1060G>A			generated/PAVS_MASTER_1833.json
PAVS_MASTER_1834	Manually curated Data.tsv			NM_000341.4	NM_000341.4:c.1229A>T			generated/PAVS_MASTER_1834.json
PAVS_MASTER_1835	Manually curated Data.tsv			NM_000341.4	NM_000341.4:c.1400T>A			generated/PAVS_MASTER_1835.json
PAVS_MASTER_1836	Manually curated Data.tsv			NM_000341.4	NM_000341.4:c.1229A>T			generated/PAVS_MASTER_1836.json
PAVS_MASTER_1837	Manually curated Data.tsv							generated/PAVS_MASTER_1837.json
PAVS_MASTER_1838	Manually curated Data.tsv			NM_000341.4	NM_000341.4:c.1711T>A			generated/PAVS_MASTER_1838.json
PAVS_MASTER_1839	Manually curated Data.tsv							generated/PAVS_MASTER_1839.json
PAVS_MASTER_1840	Manually curated Data.tsv			NM_014270.5	NM_014270.5:c.1166C>T			generated/PAVS_MASTER_1840.json
PAVS_MASTER_1841	Manually curated Data.tsv			NM_000341.4	NM_000341.4:c.1400T>A			generated/PAVS_MASTER_1841.json
PAVS_MASTER_1842	Manually curated Data.tsv			NM_000341.4	NM_000341.4:c.1400T>A			generated/PAVS_MASTER_1842.json
PAVS_MASTER_1843	Manually curated Data.tsv			NM_000341.4	NM_000341.4:c.1400T>A			generated/PAVS_MASTER_1843.json
PAVS_MASTER_1844	Manually curated Data.tsv			NM_000341.4	NM_000341.4:c.1711T>A			generated/PAVS_MASTER_1844.json
PAVS_MASTER_1845	Manually curated Data.tsv			NM_005618.4	NM_005618.4:c.1534G			generated/PAVS_MASTER_1845.json
PAVS_MASTER_1846	Manually curated Data.tsv			NM_005618.4	NM_005618.4:c.1534G			generated/PAVS_MASTER_1846.json
PAVS_MASTER_1847	Manually curated Data.tsv			NM_177400.3	NM_177400.3:c.545C>T			generated/PAVS_MASTER_1847.json
PAVS_MASTER_1848	Manually curated Data.tsv			NM_177400.3	NM_177400.3:c.545C>T			generated/PAVS_MASTER_1848.json
PAVS_MASTER_1849	Manually curated Data.tsv			NM_177400.3	NM_177400.3:c.545C>T			generated/PAVS_MASTER_1849.json
PAVS_MASTER_1850	Manually curated Data.tsv			NM_177400.3	NM_177400.3:c.545C>T			generated/PAVS_MASTER_1850.json
PAVS_MASTER_1851	Manually curated Data.tsv			NM_001100427.2	NM_001100427.2:c.1444‐1G>A			generated/PAVS_MASTER_1851.json
PAVS_MASTER_1852	Manually curated Data.tsv			NM_001100427.2	NM_001100427.2:c.1444‐1G>A			generated/PAVS_MASTER_1852.json
PAVS_MASTER_1853	Manually curated Data.tsv			NM_001100427.2	NM_001100427.2:c.1444‐1G>A			generated/PAVS_MASTER_1853.json
PAVS_MASTER_1854	Manually curated Data.tsv			NM_001100427.2	NM_001100427.2:c.1444‐1G>A			generated/PAVS_MASTER_1854.json
PAVS_MASTER_1855	Manually curated Data.tsv			NM_020822.3	NM_020822.3:c.1885A>G			generated/PAVS_MASTER_1855.json
PAVS_MASTER_1856	Manually curated Data.tsv			NM_020822.3	NM_020822.3:c.1421G>A			generated/PAVS_MASTER_1856.json
PAVS_MASTER_1857	Manually curated Data.tsv			NM_020822.3	NM_020822.3:c.862G>A			generated/PAVS_MASTER_1857.json
PAVS_MASTER_1858	Manually curated Data.tsv			NM_020822.3	NM_020822.3:c.2800G>A			generated/PAVS_MASTER_1858.json
PAVS_MASTER_1859	Manually curated Data.tsv			NM_003359.3	NM_003359.3:c.950G>A			generated/PAVS_MASTER_1859.json
PAVS_MASTER_1860	Manually curated Data.tsv			NM_172107.2	NM_172107.2:c.1464C			generated/PAVS_MASTER_1860.json
PAVS_MASTER_1861	Manually curated Data.tsv			NM_001105243.1	NM_001105243.1:c.3263_3264delAA			generated/PAVS_MASTER_1861.json
PAVS_MASTER_1862	Manually curated Data.tsv			NM_020988.2	NM_020988.2:c.683			generated/PAVS_MASTER_1862.json
PAVS_MASTER_1863	Manually curated Data.tsv			KCNB1 NM_004975	KCNB1 NM_004975:c.1222C > T			generated/PAVS_MASTER_1863.json
PAVS_MASTER_1864	Manually curated Data.tsv			NM_001191060.1	NM_001191060.1:c.754C			generated/PAVS_MASTER_1864.json
PAVS_MASTER_1865	Manually curated Data.tsv			NM_020822.2	NM_020822.2:c.1130			generated/PAVS_MASTER_1865.json
PAVS_MASTER_1866	Manually curated Data.tsv			NM_003159.2	NM_003159.2:c.119C			generated/PAVS_MASTER_1866.json
PAVS_MASTER_1867	Manually curated Data.tsv			NM_016373.3	NM_016373.3:c.409			generated/PAVS_MASTER_1867.json
PAVS_MASTER_1868	Manually curated Data.tsv			NM_177550.4	NM_177550.4:c.1227dupC			generated/PAVS_MASTER_1868.json
PAVS_MASTER_1869	Manually curated Data.tsv			NM_001165963.1	NM_001165963.1:c.1244			generated/PAVS_MASTER_1869.json
PAVS_MASTER_1870	Manually curated Data.tsv			NM_021007.2	NM_021007.2:c.4390			generated/PAVS_MASTER_1870.json
PAVS_MASTER_1871	Manually curated Data.tsv			NM_003159.2	NM_003159.2:c.291C			generated/PAVS_MASTER_1871.json
PAVS_MASTER_1872	Manually curated Data.tsv			NM_172107.2	NM_172107.2:c.1744			generated/PAVS_MASTER_1872.json
PAVS_MASTER_1873	Manually curated Data.tsv			NM_015192.3	NM_015192.3:c.550C			generated/PAVS_MASTER_1873.json
PAVS_MASTER_1874	Manually curated Data.tsv			NM_015192.3	NM_015192.3:c.550C			generated/PAVS_MASTER_1874.json
PAVS_MASTER_1875	Manually curated Data.tsv			NM_014191.3	NM_014191.3:c.82C			generated/PAVS_MASTER_1875.json
PAVS_MASTER_1876	Manually curated Data.tsv			NM_014191.3	NM_014191.3:c.82C			generated/PAVS_MASTER_1876.json
PAVS_MASTER_1877	Manually curated Data.tsv			NM_177550.4	NM_177550.4:c.785			generated/PAVS_MASTER_1877.json
PAVS_MASTER_1878	Manually curated Data.tsv			NM_177550.4	NM_177550.4:c.1227dupC			generated/PAVS_MASTER_1878.json
PAVS_MASTER_1879	Manually curated Data.tsv			NM_177550.4	NM_177550.4:c.1227_1228insC			generated/PAVS_MASTER_1879.json
PAVS_MASTER_1880	Manually curated Data.tsv			NM_177550.4	NM_177550.4:c.1227_1228insC			generated/PAVS_MASTER_1880.json
PAVS_MASTER_1881	Manually curated Data.tsv			NM_177550.4	NM_177550.4:c.1227_1228insC			generated/PAVS_MASTER_1881.json
PAVS_MASTER_1882	Manually curated Data.tsv			NM_177550.4	NM_177550.4:c.785			generated/PAVS_MASTER_1882.json
PAVS_MASTER_1883	Manually curated Data.tsv			NM_001040143.1	NM_001040143.1:c.638			generated/PAVS_MASTER_1883.json
PAVS_MASTER_1884	Manually curated Data.tsv			NM_014191.3	NM_014191.3:c.82C			generated/PAVS_MASTER_1884.json
PAVS_MASTER_1885	Manually curated Data.tsv			NM_015185.2	NM_015185.2:c.1476			generated/PAVS_MASTER_1885.json
PAVS_MASTER_1886	Manually curated Data.tsv			NM_001191060.1	NM_001191060.1:c.55			generated/PAVS_MASTER_1886.json
PAVS_MASTER_1887	Manually curated Data.tsv			NM_001165963.1	NM_001165963.1:c.1498C			generated/PAVS_MASTER_1887.json
PAVS_MASTER_1888	Manually curated Data.tsv			NM_003705.4	NM_003705.4:c.1385C			generated/PAVS_MASTER_1888.json
PAVS_MASTER_1889	Manually curated Data.tsv			NM_001202435.1	NM_001202435.1:c.671			generated/PAVS_MASTER_1889.json
PAVS_MASTER_1890	Manually curated Data.tsv			NM_004974.3	NM_004974.3:c.1265_1266del			generated/PAVS_MASTER_1890.json
PAVS_MASTER_1891	Manually curated Data.tsv			NM_177550.4	NM_177550.4:c.785			generated/PAVS_MASTER_1891.json
PAVS_MASTER_1892	Manually curated Data.tsv			NM_177550.3	NM_177550.3:c.1654			generated/PAVS_MASTER_1892.json
PAVS_MASTER_1893	Manually curated Data.tsv			NM_139058.2	NM_139058.2:c.1019			generated/PAVS_MASTER_1893.json
PAVS_MASTER_1894	Manually curated Data.tsv			NM_000405.4	NM_000405.4:c.164C			generated/PAVS_MASTER_1894.json
PAVS_MASTER_1895	Manually curated Data.tsv			SPG20	SPG20:NM_001142294:c.1450_1451insA:p.T484fs			generated/PAVS_MASTER_1895.json
PAVS_MASTER_1896	Manually curated Data.tsv			CYP27A1	CYP27A1:NM_000784:c.1342C > T:p.R448C			generated/PAVS_MASTER_1896.json
PAVS_MASTER_1897	Manually curated Data.tsv			NPC2	NPC2:NM_006432:c.88G > A: p.V30M			generated/PAVS_MASTER_1897.json
PAVS_MASTER_1898	Manually curated Data.tsv			ARFGEF2	ARFGEF2:NM_006420:c.656_657insC:p.P219fs			generated/PAVS_MASTER_1898.json
PAVS_MASTER_1899	Manually curated Data.tsv			PNKP	PNKP:NM_007254:c.1250_1251insAACGGGTCGCCATCGAC			generated/PAVS_MASTER_1899.json
PAVS_MASTER_1900	Manually curated Data.tsv			RYR1	RYR1:NM_000540:c.6617C > T:p.T2206M			generated/PAVS_MASTER_1900.json
PAVS_MASTER_1901	Manually curated Data.tsv			FBN2	FBN2:NM_001999:c.1064G > A:p.G355D			generated/PAVS_MASTER_1901.json
PAVS_MASTER_1902	Manually curated Data.tsv			DDHD2 23 (large scale deletion)	DDHD2 23 (large scale deletion)			generated/PAVS_MASTER_1902.json
PAVS_MASTER_1903	Manually curated Data.tsv			WDR81	WDR81:NM_001163809:c.845G > A:p.G282E			generated/PAVS_MASTER_1903.json
PAVS_MASTER_1904	Manually curated Data.tsv			ZNF526	ZNF526:NM_133444:c.479A > C:p.K160T			generated/PAVS_MASTER_1904.json
PAVS_MASTER_1905	Manually curated Data.tsv			ADCK3	ADCK3:NM_020247:c.1744dup			generated/PAVS_MASTER_1905.json
PAVS_MASTER_1906	Manually curated Data.tsv			AP4M1	AP4M1:NM_004722:c.C952T:p.R31			generated/PAVS_MASTER_1906.json
PAVS_MASTER_1907	Manually curated Data.tsv			CCDC99	CCDC99:NM_017785:c.1724_1747 del:p.S575_T582 del			generated/PAVS_MASTER_1907.json
PAVS_MASTER_1908	Manually curated Data.tsv			TUBA3E	TUBA3E:NM_207312:c.643C > T:p.R215C			generated/PAVS_MASTER_1908.json
PAVS_MASTER_1909	Manually curated Data.tsv			INO80	INO80:NM_017553:c.1501T > C:p.S501P, INO80:NM_017553:c.3737G > A:p.R1246Q			generated/PAVS_MASTER_1909.json
PAVS_MASTER_1910	Manually curated Data.tsv			NM_002508.2	NM_002508.2:c.3385+1G			generated/PAVS_MASTER_1910.json
PAVS_MASTER_1911	Manually curated Data.tsv			TSEN15	TSEN15:NM_001127394:c.226T > G:p.W76G			generated/PAVS_MASTER_1911.json
PAVS_MASTER_1912	Manually curated Data.tsv			DMBX1	DMBX1:NM_147192:c.367C > T:p.R123W			generated/PAVS_MASTER_1912.json
PAVS_MASTER_1913	Manually curated Data.tsv			CLHC1	CLHC1:NM_001135598:c.779G > A:p.R260Q			generated/PAVS_MASTER_1913.json
PAVS_MASTER_1914	Manually curated Data.tsv			C12orf4	C12orf4:NM_020374:exon6:c.637_638insAAAC:p.K213fs			generated/PAVS_MASTER_1914.json
PAVS_MASTER_1915	Manually curated Data.tsv			WDR93	WDR93:NM_020212:c.280T > C:p.Y94H			generated/PAVS_MASTER_1915.json
PAVS_MASTER_1916	Manually curated Data.tsv			ST7	ST7:NM_021908:c.489T > G:p.Y163X			generated/PAVS_MASTER_1916.json
PAVS_MASTER_1917	Manually curated Data.tsv			MATN4	MATN4:NM_030590:c.515G > C:p.G172A			generated/PAVS_MASTER_1917.json
PAVS_MASTER_1918	Manually curated Data.tsv			SEC24D	SEC24D:NM_014822:c.697G > C:p.G233R			generated/PAVS_MASTER_1918.json
PAVS_MASTER_1919	Manually curated Data.tsv			KCTD3	KCTD3:NM_016121:c.1036_1073del			generated/PAVS_MASTER_1919.json
PAVS_MASTER_1920	Manually curated Data.tsv			PTPN23	PTPN23:NM_015466:c.3995G > T:p.R1332L			generated/PAVS_MASTER_1920.json
PAVS_MASTER_1921	Manually curated Data.tsv			NM_005641.3	NM_005641.3:c.212T			generated/PAVS_MASTER_1921.json
PAVS_MASTER_1922	Manually curated Data.tsv			TBCK	TBCK:NM_033115:c.1708+1G > A			generated/PAVS_MASTER_1922.json
PAVS_MASTER_1923	Manually curated Data.tsv			FAM177A1	FAM177A1:NM_001079519:c.297_298insA:p.L99fs			generated/PAVS_MASTER_1923.json
PAVS_MASTER_1924	Manually curated Data.tsv			NM_015312.3	NM_015312.3:c.1557T			generated/PAVS_MASTER_1924.json
PAVS_MASTER_1925	Manually curated Data.tsv			MTSS1L	MTSS1L:NM_138383:c.1790C > T:p.T597M			generated/PAVS_MASTER_1925.json
PAVS_MASTER_1926	Manually curated Data.tsv			XIRP1	XIRP1:NM_194293:c.4495G > A:p.E1499K			generated/PAVS_MASTER_1926.json
PAVS_MASTER_1927	Manually curated Data.tsv			NM_018938.2	NM_018938.2:c.915			generated/PAVS_MASTER_1927.json
PAVS_MASTER_1928	Manually curated Data.tsv			CHAF1B	CHAF1B:NM_005441:c.496A > G:p.I166V			generated/PAVS_MASTER_1928.json
PAVS_MASTER_1929	Manually curated Data.tsv			ARV1	ARV1:NM_022786:c.565G > A:p.G189R			generated/PAVS_MASTER_1929.json
PAVS_MASTER_1930	Manually curated Data.tsv			ISCA2	ISCA2:NM_194279:c.229G > A:p.G77S			generated/PAVS_MASTER_1930.json
PAVS_MASTER_1931	Manually curated Data.tsv			NM_016077.3	NM_016077.3:c.254A			generated/PAVS_MASTER_1931.json
PAVS_MASTER_1932	Manually curated Data.tsv			GEMIN4	GEMIN4:NM_015721:c.2452T > C:p.W818R			generated/PAVS_MASTER_1932.json
PAVS_MASTER_1933	Manually curated Data.tsv			MYOCD	MYOCD:NM_001146312:c.1252A > G:p.I418V			generated/PAVS_MASTER_1933.json
PAVS_MASTER_1934	Manually curated Data.tsv			PDPR	PDPR:NM_017990:c.1360G > T:p.G454C			generated/PAVS_MASTER_1934.json
PAVS_MASTER_1935	Manually curated Data.tsv			NM_001383.3	NM_001383.3:c.701T			generated/PAVS_MASTER_1935.json
PAVS_MASTER_1936	Manually curated Data.tsv			NUP107	NUP107:NM_020401:c.303G > A:p.M101I			generated/PAVS_MASTER_1936.json
PAVS_MASTER_1937	Manually curated Data.tsv			TMEM92	TMEM92:NM_001168215:c.95+3A > G			generated/PAVS_MASTER_1937.json
PAVS_MASTER_1938	Manually curated Data.tsv			EPB41L4A	EPB41L4A:NM_022140:c.1298C > T:p.S433L			generated/PAVS_MASTER_1938.json
PAVS_MASTER_1939	Manually curated Data.tsv			FAM120AOS	FAM120AOS:NM_198841:c.743C > T:p.T248I			generated/PAVS_MASTER_1939.json
PAVS_MASTER_1940	Manually curated Data.tsv			NM_006031.5	NM_006031.5:c.196G>T			generated/PAVS_MASTER_1940.json
PAVS_MASTER_1941	Manually curated Data.tsv			NM_203291.1	NM_203291.1:c.298C>T			generated/PAVS_MASTER_1941.json
PAVS_MASTER_1942	Manually curated Data.tsv			NM_014171.4	NM_014171.4:c.133_134insGG			generated/PAVS_MASTER_1942.json
PAVS_MASTER_1943	Manually curated Data.tsv			NM_014171.4	NM_014171.4:c.141delT			generated/PAVS_MASTER_1943.json
PAVS_MASTER_1944	Manually curated Data.tsv			NM_001080449.2	NM_001080449.2:c.3372+6delC			generated/PAVS_MASTER_1944.json
PAVS_MASTER_1945	Manually curated Data.tsv			NM_001080449.2	NM_001080449.2:c.3372+6delC			generated/PAVS_MASTER_1945.json
PAVS_MASTER_1946	Manually curated Data.tsv			NM_003401.3	NM_003401.3:c.127T>C			generated/PAVS_MASTER_1946.json
PAVS_MASTER_1947	Manually curated Data.tsv			NM_000059.3	NM_000059.3:c.9152delC			generated/PAVS_MASTER_1947.json
PAVS_MASTER_1948	Manually curated Data.tsv			NM_001111285.1	NM_001111285.1:c.292C>T			generated/PAVS_MASTER_1948.json
PAVS_MASTER_1949	Manually curated Data.tsv			NM_014780.4	NM_014780.4:c.2592T>G			generated/PAVS_MASTER_1949.json
PAVS_MASTER_1950	Manually curated Data.tsv			NM_000405.4	NM_000405.4:c.164C>T			generated/PAVS_MASTER_1950.json
PAVS_MASTER_1951	Manually curated Data.tsv			C12orf4	C12orf4:NM_020374:c.639_640insACAA			generated/PAVS_MASTER_1951.json
PAVS_MASTER_1952	Manually curated Data.tsv			NM_001142294.1	NM_001142294.1:c.1450dup			generated/PAVS_MASTER_1952.json
PAVS_MASTER_1953	Manually curated Data.tsv			NM_000784.3	NM_000784.3:c.1342C>T			generated/PAVS_MASTER_1953.json
PAVS_MASTER_1954	Manually curated Data.tsv			NM_001135598.1	NM_001135598.1:c.779G>A			generated/PAVS_MASTER_1954.json
PAVS_MASTER_1955	Manually curated Data.tsv			NM_006432.3	NM_006432.3:c.88G>A			generated/PAVS_MASTER_1955.json
PAVS_MASTER_1956	Manually curated Data.tsv			NM_002972.2	NM_002972.2:c.1327G>A			generated/PAVS_MASTER_1956.json
PAVS_MASTER_1957	Manually curated Data.tsv			ARFGEF2	ARFGEF2:NM_006420:c.656dup			generated/PAVS_MASTER_1957.json
PAVS_MASTER_1958	Manually curated Data.tsv			NM_147192.2	NM_147192.2:c.367C>T			generated/PAVS_MASTER_1958.json
PAVS_MASTER_1959	Manually curated Data.tsv			NM_020212.1	NM_020212.1:c.280T>C			generated/PAVS_MASTER_1959.json
PAVS_MASTER_1960	Manually curated Data.tsv			NM_133444.1	NM_133444.1:c.479A>C			generated/PAVS_MASTER_1960.json
PAVS_MASTER_1961	Manually curated Data.tsv			NM_001163809.1	NM_001163809.1:c.845G>A			generated/PAVS_MASTER_1961.json
PAVS_MASTER_1962	Manually curated Data.tsv			NM_021908.2	NM_021908.2:c.489T>G			generated/PAVS_MASTER_1962.json
PAVS_MASTER_1963	Manually curated Data.tsv			NM_022140.3	NM_022140.3:c.1298C>T			generated/PAVS_MASTER_1963.json
PAVS_MASTER_1964	Manually curated Data.tsv			NM_030590.3	NM_030590.3:c.515G>C			generated/PAVS_MASTER_1964.json
PAVS_MASTER_1965	Manually curated Data.tsv			NM_014822.2	NM_014822.2:c.697G>C			generated/PAVS_MASTER_1965.json
PAVS_MASTER_1966	Manually curated Data.tsv			NM_207312.2	NM_207312.2:c.643C>T			generated/PAVS_MASTER_1966.json
PAVS_MASTER_1967	Manually curated Data.tsv			NM_018938.2	NM_018938.2:c.915del			generated/PAVS_MASTER_1967.json
PAVS_MASTER_1968	Manually curated Data.tsv			NUP107	NUP107:NM_020401:c.303G>A:p.M101I (splice site mutation)			generated/PAVS_MASTER_1968.json
PAVS_MASTER_1969	Manually curated Data.tsv			GEMIN4	GEMIN4:NM_015721:c.2452T>C:p.W818R			generated/PAVS_MASTER_1969.json
PAVS_MASTER_1970	Manually curated Data.tsv			NM_001127394.3	NM_001127394.3:c.226T>G			generated/PAVS_MASTER_1970.json
PAVS_MASTER_1971	Manually curated Data.tsv			PDPR	PDPR:NM_017990:c.1360G>T:p.G454C			generated/PAVS_MASTER_1971.json
PAVS_MASTER_1972	Manually curated Data.tsv			NM_015214.2	NM_015214.2:c.1249_1891del			generated/PAVS_MASTER_1972.json
PAVS_MASTER_1973	Manually curated Data.tsv			NM_007254.3	NM_007254.3:c.1250_1251insAACGGGTCGCCATCGAC			generated/PAVS_MASTER_1973.json
PAVS_MASTER_1974	Manually curated Data.tsv			NM_002508.2	NM_002508.2:c.3385+1G>A			generated/PAVS_MASTER_1974.json
PAVS_MASTER_1975	Manually curated Data.tsv			INO80	INO80:NM_017553:c.1501T > C	INO80:NM_017553:c.3737G >		generated/PAVS_MASTER_1975.json
PAVS_MASTER_1976	Manually curated Data.tsv			NM_017785.4	NM_017785.4:c.1724_1747del			generated/PAVS_MASTER_1976.json
PAVS_MASTER_1977	Manually curated Data.tsv			NM_015466.2	NM_015466.2:c.3995G>T			generated/PAVS_MASTER_1977.json
PAVS_MASTER_1978	Manually curated Data.tsv			NM_000540.2	NM_000540.2:c.6617C>T			generated/PAVS_MASTER_1978.json
PAVS_MASTER_1979	Manually curated Data.tsv			NM_001999.3	NM_001999.3:c.1064G>A			generated/PAVS_MASTER_1979.json
PAVS_MASTER_1980	Manually curated Data.tsv			NM_001190415.1	NM_001190415.1:c.323T>C			generated/PAVS_MASTER_1980.json
PAVS_MASTER_1981	Manually curated Data.tsv			NM_016077.3	NM_016077.3:c.254A>C			generated/PAVS_MASTER_1981.json
PAVS_MASTER_1982	Manually curated Data.tsv			ADCK3	ADCK3:NM_020247:c.1744dup			generated/PAVS_MASTER_1982.json
PAVS_MASTER_1983	Manually curated Data.tsv			TBCK	TBCK:NM_033115:c.1708+1G>A			generated/PAVS_MASTER_1983.json
PAVS_MASTER_1984	Manually curated Data.tsv			NM_022786.1	NM_022786.1:c.565G>A			generated/PAVS_MASTER_1984.json
PAVS_MASTER_1985	Manually curated Data.tsv			NM_198841.2	NM_198841.2:c.743C>T			generated/PAVS_MASTER_1985.json
PAVS_MASTER_1986	Manually curated Data.tsv			NM_194293.2	NM_194293.2:c.4495G>A			generated/PAVS_MASTER_1986.json
PAVS_MASTER_1987	Manually curated Data.tsv			NM_016121.3	NM_016121.3:c.1036_1073del			generated/PAVS_MASTER_1987.json
PAVS_MASTER_1988	Manually curated Data.tsv			NM_001079519.1	NM_001079519.1:c.297dup			generated/PAVS_MASTER_1988.json
PAVS_MASTER_1989	Manually curated Data.tsv			NM_015312.3	NM_015312.3:c.1557T>A			generated/PAVS_MASTER_1989.json
PAVS_MASTER_1990	Manually curated Data.tsv			NM_005441.2	NM_005441.2:c.496A>G			generated/PAVS_MASTER_1990.json
PAVS_MASTER_1991	Manually curated Data.tsv			NM_138383.2	NM_138383.2:c.1790C>T			generated/PAVS_MASTER_1991.json
PAVS_MASTER_1992	Manually curated Data.tsv			NM_194279.3	NM_194279.3:c.229G>A			generated/PAVS_MASTER_1992.json
PAVS_MASTER_1993	Manually curated Data.tsv			NM_001146312.2	NM_001146312.2:c.1252A>G			generated/PAVS_MASTER_1993.json
PAVS_MASTER_1994	Manually curated Data.tsv			GEMIN4	GEMIN4:NM_015721:c.2452T>C			generated/PAVS_MASTER_1994.json
PAVS_MASTER_1995	Manually curated Data.tsv			GEMIN4	GEMIN4:NM_015721:c.2452T>C			generated/PAVS_MASTER_1995.json
PAVS_MASTER_1996	Manually curated Data.tsv			NM_004722.2	NM_004722.2:c.952C>T			generated/PAVS_MASTER_1996.json
PAVS_MASTER_1997	Manually curated Data.tsv			NM_001383.3	NM_001383.3:c.701T>C			generated/PAVS_MASTER_1997.json
PAVS_MASTER_1998	Manually curated Data.tsv			NM_001044385.2	NM_001044385.2:c.869+1G>A			generated/PAVS_MASTER_1998.json
PAVS_MASTER_1999	Manually curated Data.tsv			NM_147127.4	NM_147127.4:c.3870_3893dup			generated/PAVS_MASTER_1999.json
PAVS_MASTER_2000	Manually curated Data.tsv			NM_153704.5	NM_153704.5:c.2306del			generated/PAVS_MASTER_2000.json
PAVS_MASTER_2001	Manually curated Data.tsv			NM_017777.3	NM_017777.3:c.1126duplA			generated/PAVS_MASTER_2001.json
PAVS_MASTER_2002	Manually curated Data.tsv			NM_001378615.1	NM_001378615.1:c.4531T>C			generated/PAVS_MASTER_2002.json
PAVS_MASTER_2003	Manually curated Data.tsv			NM_025114.3	NM_025114.3:c.1860_1863delAAGA			generated/PAVS_MASTER_2003.json
PAVS_MASTER_2004	Manually curated Data.tsv			NM_001080522.2	NM_001080522.2:c.4531T>C			generated/PAVS_MASTER_2004.json
PAVS_MASTER_2005	Manually curated Data.tsv			NM_023073.3	NM_023073.3:c.7988_7989delGA			generated/PAVS_MASTER_2005.json
PAVS_MASTER_2006	Manually curated Data.tsv			EXOC4	NM_021807.3:c. 1733A>G			generated/PAVS_MASTER_2006.json
PAVS_MASTER_2007	Manually curated Data.tsv			NM_017777.3	NM_017777.3:c.1126dupA			generated/PAVS_MASTER_2007.json
PAVS_MASTER_2008	Manually curated Data.tsv			NM_174916.2	NM_174916.2:c.1440-1G>A			generated/PAVS_MASTER_2008.json
PAVS_MASTER_2009	Manually curated Data.tsv			NM_005247.4	NM_005247.4:c.196G>T			generated/PAVS_MASTER_2009.json
PAVS_MASTER_2010	Manually curated Data.tsv			NM_005247.4	NM_005247.4:c.196G>T			generated/PAVS_MASTER_2010.json
PAVS_MASTER_2011	Manually curated Data.tsv			NM_005247.4	NM_005247.4:c.196G>T			generated/PAVS_MASTER_2011.json
PAVS_MASTER_2012	Manually curated Data.tsv			NM_025000.4	NM_025000.4:c.436delC			generated/PAVS_MASTER_2012.json
PAVS_MASTER_2013	Manually curated Data.tsv			NM_015426.5	NM_015426.5:c.241C>T			generated/PAVS_MASTER_2013.json
PAVS_MASTER_2014	Manually curated Data.tsv			NM_015426.5	NM_015426.5:c.241C>T			generated/PAVS_MASTER_2014.json
PAVS_MASTER_2015	Manually curated Data.tsv			NM_015426.5	NM_015426.5:c.241C>T			generated/PAVS_MASTER_2015.json
PAVS_MASTER_2016	Manually curated Data.tsv			NM_015426.5	NM_015426.5:c.241C>T			generated/PAVS_MASTER_2016.json
PAVS_MASTER_2017	Manually curated Data.tsv			NM_015426.5	NM_015426.5:c.241C>T			generated/PAVS_MASTER_2017.json
PAVS_MASTER_2018	Manually curated Data.tsv			NM_015426.5	NM_015426.5:c.241C>T			generated/PAVS_MASTER_2018.json
PAVS_MASTER_2019	Manually curated Data.tsv			NM_001371596.2	NM_001371596.2:c.1398C>T			generated/PAVS_MASTER_2019.json
PAVS_MASTER_2020	Manually curated Data.tsv			NM_001371596.2	NM_001371596.2:c.1398C>T			generated/PAVS_MASTER_2020.json
PAVS_MASTER_2021	Manually curated Data.tsv			NM_001371596.2	NM_001371596.2:c.1398C>T			generated/PAVS_MASTER_2021.json
PAVS_MASTER_2022	Manually curated Data.tsv			NM_001349232.2	NM_001349232.2:c.1535T>C			generated/PAVS_MASTER_2022.json
PAVS_MASTER_2023	Manually curated Data.tsv			NM_001349232.2	NM_001349232.2:c.1535T>C			generated/PAVS_MASTER_2023.json
PAVS_MASTER_2024	Manually curated Data.tsv			NM_001349232.2	NM_001349232.2:c.1535T>C			generated/PAVS_MASTER_2024.json
PAVS_MASTER_2025	Manually curated Data.tsv			NM_001349232.2	NM_001349232.2:c.1535T>C			generated/PAVS_MASTER_2025.json
PAVS_MASTER_2026	Manually curated Data.tsv			NM_024596.3	NM_024596.3:c.1_114del			generated/PAVS_MASTER_2026.json
PAVS_MASTER_2027	Manually curated Data.tsv			NM_001083961.1	NM_001083961.1:c.3012_3034dup			generated/PAVS_MASTER_2027.json
PAVS_MASTER_2028	Manually curated Data.tsv			NM_001083961.1	NM_001083961.1:c.193G>A			generated/PAVS_MASTER_2028.json
PAVS_MASTER_2029	Manually curated Data.tsv			NM_001011649.2	NM_001011649.2:c.140delT			generated/PAVS_MASTER_2029.json
PAVS_MASTER_2030	Manually curated Data.tsv			NM_001011649.2	NM_001011649.2:c.4005-15A>G			generated/PAVS_MASTER_2030.json
PAVS_MASTER_2031	Manually curated Data.tsv			ASPM	ASPM:NM_ 001206846.1:c.1138C>T,p. (Gln380*),NC_000001.10:g.197112244G>A			generated/PAVS_MASTER_2031.json
PAVS_MASTER_2032	Manually curated Data.tsv			NM_018136.4	NM_018136.4:c.3506_3507del			generated/PAVS_MASTER_2032.json
PAVS_MASTER_2033	Manually curated Data.tsv			NM_018136.4	NM_018136.4:c.3742-1G>C			generated/PAVS_MASTER_2033.json
PAVS_MASTER_2034	Manually curated Data.tsv			NM_018136.4	NM_018136.4:c.5064delT			generated/PAVS_MASTER_2034.json
PAVS_MASTER_2035	Manually curated Data.tsv			NM_018136.4	NM_018136.4:c.1138C>T			generated/PAVS_MASTER_2035.json
PAVS_MASTER_2036	Manually curated Data.tsv			NM_018136.4	NM_018136.4:c.1952_1955del			generated/PAVS_MASTER_2036.json
PAVS_MASTER_2037	Manually curated Data.tsv			NM_018136.4	NM_018136.4:c.1138C>T			generated/PAVS_MASTER_2037.json
PAVS_MASTER_2038	Manually curated Data.tsv			NM_018136.4	NM_018136.4:c.1138C>T			generated/PAVS_MASTER_2038.json
PAVS_MASTER_2039	Manually curated Data.tsv			NM_018136.4	NM_018136.4:c.1952_1955del			generated/PAVS_MASTER_2039.json
PAVS_MASTER_2040	Manually curated Data.tsv			NM_018136.4	NM_018136.4:c.1138C>T			generated/PAVS_MASTER_2040.json
PAVS_MASTER_2041	Manually curated Data.tsv			NM_001048166.1	NM_001048166.1:c.3552_3553del			generated/PAVS_MASTER_2041.json
PAVS_MASTER_2042	Manually curated Data.tsv			NM_001136493.1	NM_001136493.1:c.515C>T			generated/PAVS_MASTER_2042.json
PAVS_MASTER_2043	Manually curated Data.tsv			NM_001206999.1	NM_001206999.1:c.1111+1G>A			generated/PAVS_MASTER_2043.json
PAVS_MASTER_2044	Manually curated Data.tsv			NM_001206999.1	NM_001206999.1:c.753+3A>T			generated/PAVS_MASTER_2044.json
PAVS_MASTER_2045	Manually curated Data.tsv			NM_025009.4	NM_025009.4:c.2722C>T			generated/PAVS_MASTER_2045.json
PAVS_MASTER_2046	Manually curated Data.tsv			NM_001194998.1	NM_001194998.1:c.95A>C			generated/PAVS_MASTER_2046.json
PAVS_MASTER_2047	Manually curated Data.tsv			NM_018451.4	NM_018451.4:c.125_126delAA			generated/PAVS_MASTER_2047.json
PAVS_MASTER_2048	Manually curated Data.tsv			NM_018451.4	NM_018451.4:c.133C>T			generated/PAVS_MASTER_2048.json
PAVS_MASTER_2049	Manually curated Data.tsv			NM_018451.4	NM_018451.4:c.43_44del			generated/PAVS_MASTER_2049.json
PAVS_MASTER_2050	Manually curated Data.tsv			NM_018451.4	NM_018451.4:c.3302-1G>C			generated/PAVS_MASTER_2050.json
PAVS_MASTER_2051	Manually curated Data.tsv			RNU4ATAC 	RNU4ATAC : NC_000002.11:g.122288510G>A: NR_023343.1:n.55G>A, NC_000002.11:g.122288571A>T : NR_023343.1:n.116A>T			generated/PAVS_MASTER_2051.json
PAVS_MASTER_2052	Manually curated Data.tsv			NM_006031.5	NM_006031.5:c.2374C>T			generated/PAVS_MASTER_2052.json
PAVS_MASTER_2053	Manually curated Data.tsv			NM_006031.5	NM_006031.5:c.1519C>T			generated/PAVS_MASTER_2053.json
PAVS_MASTER_2054	Manually curated Data.tsv			NM_006031.5	NM_006031.5:c.5767C>T			generated/PAVS_MASTER_2054.json
PAVS_MASTER_2055	Manually curated Data.tsv			PCNT	PCNT:NM_ 006031.5, :c.5767C>T ,p.(Arg1923*) ,NC_000021.8:g.47831754C>T			generated/PAVS_MASTER_2055.json
PAVS_MASTER_2056	Manually curated Data.tsv			NM_006031.5	NM_006031.5:c.2812C>T			generated/PAVS_MASTER_2056.json
PAVS_MASTER_2057	Manually curated Data.tsv			NM_006031.5	NM_006031.5:c.4655C>A			generated/PAVS_MASTER_2057.json
PAVS_MASTER_2058	Manually curated Data.tsv			NM_001605.2	NM_001605.2:c.2873T>C			generated/PAVS_MASTER_2058.json
PAVS_MASTER_2059	Manually curated Data.tsv			NM_000059.3	NM_000059.3:c.7007G>A			generated/PAVS_MASTER_2059.json
PAVS_MASTER_2060	Manually curated Data.tsv			PLK4 	PLK4 :NM_ 014264.4:c.1299-1303delTAAAG,p.(Phe433Leufs*6) ,NC_000004.11:g.128806521delTAAAG			generated/PAVS_MASTER_2060.json
PAVS_MASTER_2061	Manually curated Data.tsv			NM_152438.1	NM_152438.1:c.2633dupG			generated/PAVS_MASTER_2061.json
PAVS_MASTER_2062	Manually curated Data.tsv			NM_004399.2	NM_004399.2:c.2426T>G			generated/PAVS_MASTER_2062.json
PAVS_MASTER_2063	Manually curated Data.tsv			NM_173630.3	NM_173630.3:c.5746-20A>G			generated/PAVS_MASTER_2063.json
PAVS_MASTER_2064	Manually curated Data.tsv			NM_173630.3	NM_173630.3:c.3190A>C			generated/PAVS_MASTER_2064.json
PAVS_MASTER_2065	Manually curated Data.tsv			NM_173630.3	NM_173630.3:c.764G>A			generated/PAVS_MASTER_2065.json
PAVS_MASTER_2066	Manually curated Data.tsv			NM_133436.3	NM_133436.3:c.1193A>G			generated/PAVS_MASTER_2066.json
PAVS_MASTER_2067	Manually curated Data.tsv			ASNS	NM_133436.3:c. 224A>T ,p.(Asn75Ile),NC_000007.13			generated/PAVS_MASTER_2067.json
PAVS_MASTER_2068	Manually curated Data.tsv			ASNS	NM_001178076.1:c. 962G>A,p.(Arg321His) ,NC_000007.13			generated/PAVS_MASTER_2068.json
PAVS_MASTER_2069	Manually curated Data.tsv			NM_133436.3	NM_133436.3:c.1193A>G			generated/PAVS_MASTER_2069.json
PAVS_MASTER_2070	Manually curated Data.tsv			NM_001673.4	NM_001673.4:c.1219C>T			generated/PAVS_MASTER_2070.json
PAVS_MASTER_2071	Manually curated Data.tsv			NM_133436.3	NM_133436.3:c.1137+1G>A			generated/PAVS_MASTER_2071.json
PAVS_MASTER_2072	Manually curated Data.tsv			NM_133436.2	NM_133436.2:c.1354T>A			generated/PAVS_MASTER_2072.json
PAVS_MASTER_2073	Manually curated Data.tsv			NM_133436.2	NM_133436.2:c.28A>C			generated/PAVS_MASTER_2073.json
PAVS_MASTER_2074	Manually curated Data.tsv			NM_017668.2	NM_017668.2:c.775del			generated/PAVS_MASTER_2074.json
PAVS_MASTER_2075	Manually curated Data.tsv			NM_017668.2	NM_017668.2:c.658C>T			generated/PAVS_MASTER_2075.json
PAVS_MASTER_2076	Manually curated Data.tsv			NM_017668.2	NM_017668.2:c.658C>T			generated/PAVS_MASTER_2076.json
PAVS_MASTER_2077	Manually curated Data.tsv			NM_017668.2	NM_017668.2:c.658C>T			generated/PAVS_MASTER_2077.json
PAVS_MASTER_2078	Manually curated Data.tsv			NM_017668.2	NM_017668.2:c.658C>T			generated/PAVS_MASTER_2078.json
PAVS_MASTER_2079	Manually curated Data.tsv			NM_017668.2	NM_017668.2:c.658C>T			generated/PAVS_MASTER_2079.json
PAVS_MASTER_2080	Manually curated Data.tsv			NM_001032381.1	NM_001032381.1:c.209_210delCA			generated/PAVS_MASTER_2080.json
PAVS_MASTER_2081	Manually curated Data.tsv			NM_001127394.2	NM_001127394.2:c.226T>G			generated/PAVS_MASTER_2081.json
PAVS_MASTER_2082	Manually curated Data.tsv			DONSON	DONSON:NM_ 017613.3 :c.786-22A>G ,NC_000021.8:g.34955994T>C			generated/PAVS_MASTER_2082.json
PAVS_MASTER_2083	Manually curated Data.tsv			DONSON	DONSON:NM_ 017613.3 :c.786-22A>G ,NC_000021.8:g.34955994T>C			generated/PAVS_MASTER_2083.json
PAVS_MASTER_2084	Manually curated Data.tsv			DONSON	DONSON:NM_ 017613.3 :c.786-22A>G ,NC_000021.8:g.34955994T>C			generated/PAVS_MASTER_2084.json
PAVS_MASTER_2085	Manually curated Data.tsv			DONSON	DONSON:NM_ 017613.3:c.786-22A>G,NC_000021.8:g.34955994T>C			generated/PAVS_MASTER_2085.json
PAVS_MASTER_2086	Manually curated Data.tsv			DONSON	DONSON:NM_ 017613.3 :c.786-22A>G,NC_000021.8:g.34955994T>C			generated/PAVS_MASTER_2086.json
PAVS_MASTER_2087	Manually curated Data.tsv			NM_006623.3	NM_006623.3:c.418G>A			generated/PAVS_MASTER_2087.json
PAVS_MASTER_2088	Manually curated Data.tsv			NM_006623.3	NM_006623.3:c.418G>A			generated/PAVS_MASTER_2088.json
PAVS_MASTER_2089	Manually curated Data.tsv			NM_006623.3	NM_006623.3:c.418G>A			generated/PAVS_MASTER_2089.json
PAVS_MASTER_2090	Manually curated Data.tsv			NM_006623.3	NM_006623.3:c.488G>A			generated/PAVS_MASTER_2090.json
PAVS_MASTER_2091	Manually curated Data.tsv			NM_058179.3	NM_058179.3:c.296C>T			generated/PAVS_MASTER_2091.json
PAVS_MASTER_2092	Manually curated Data.tsv			NM_006009.3	NM_006009.3:c.596A>G			generated/PAVS_MASTER_2092.json
PAVS_MASTER_2093	Manually curated Data.tsv			NM_002538.3	NM_002538.3:c.514dup			generated/PAVS_MASTER_2093.json
PAVS_MASTER_2094	Manually curated Data.tsv			NM_007254.3	NM_007254.3:c.1253_1269dup			generated/PAVS_MASTER_2094.json
PAVS_MASTER_2095	Manually curated Data.tsv			NM_005886.2	NM_005886.2:c.97G>T			generated/PAVS_MASTER_2095.json
PAVS_MASTER_2096	Manually curated Data.tsv			NM_001429.3	NM_001429.3:c.1092C>A			generated/PAVS_MASTER_2096.json
PAVS_MASTER_2097	Manually curated Data.tsv			NM_001126122.1	NM_001126122.1:c.505G>A			generated/PAVS_MASTER_2097.json
PAVS_MASTER_2098	Manually curated Data.tsv			NM_003384.2	NM_003384.2:c.236C>T			generated/PAVS_MASTER_2098.json
PAVS_MASTER_2099	Manually curated Data.tsv			NM_000057.2	NM_000057.2:c.3379C>T			generated/PAVS_MASTER_2099.json
PAVS_MASTER_2100	Manually curated Data.tsv			NM_005236.2	NM_005236.2:c.909T>G			generated/PAVS_MASTER_2100.json
PAVS_MASTER_2101	Manually curated Data.tsv			NM_005249.4	NM_005249.4:c.689G>T			generated/PAVS_MASTER_2101.json
PAVS_MASTER_2102	Manually curated Data.tsv			NM_001193455.1	NM_001193455.1:c.1373delA			generated/PAVS_MASTER_2102.json
PAVS_MASTER_2103	Manually curated Data.tsv			NM_002972.2	NM_002972.2:c.2570-1G>T			generated/PAVS_MASTER_2103.json
PAVS_MASTER_2104	Manually curated Data.tsv			NM_002887.3	NM_002887.3:c.104T>G			generated/PAVS_MASTER_2104.json
PAVS_MASTER_2105	Manually curated Data.tsv			NM_005589.3	NM_005589.3:c.1402C>T			generated/PAVS_MASTER_2105.json
PAVS_MASTER_2106	Manually curated Data.tsv			NM_017553.1	NM_017553.1:c.1501T>C			generated/PAVS_MASTER_2106.json
PAVS_MASTER_2107	Manually curated Data.tsv			NM_003680.3	NM_003680.3:c.789C>A			generated/PAVS_MASTER_2107.json
PAVS_MASTER_2108	Manually curated Data.tsv			NM_018027.4	NM_018027.4:c.3077_3078insCATTCT			generated/PAVS_MASTER_2108.json
PAVS_MASTER_2109	Manually curated Data.tsv			NM_017872.3	NM_017872.3:c.881T>C			generated/PAVS_MASTER_2109.json
PAVS_MASTER_2110	Manually curated Data.tsv			NM_004426.2	NM_004426.2:c.2974C>T			generated/PAVS_MASTER_2110.json
PAVS_MASTER_2111	Manually curated Data.tsv			NM_001080449.2	NM_001080449.2:c.3114+6delC			generated/PAVS_MASTER_2111.json
PAVS_MASTER_2112	Manually curated Data.tsv			NM_001012762.1	NM_001012762.1:c.873G>A			generated/PAVS_MASTER_2112.json
PAVS_MASTER_2113	Manually curated Data.tsv			NM_001012762.1	NM_001012762.1:c.873G>A			generated/PAVS_MASTER_2113.json
PAVS_MASTER_2114	Manually curated Data.tsv			NM_001012762.1	NM_001012762.1:c.873G>A			generated/PAVS_MASTER_2114.json
PAVS_MASTER_2115	Manually curated Data.tsv			NM_001012762.1	NM_001012762.1:c.873G>A			generated/PAVS_MASTER_2115.json
PAVS_MASTER_2116	Manually curated Data.tsv			NM_004459.6	NM_004459.6:c.5797A>G			generated/PAVS_MASTER_2116.json
PAVS_MASTER_2117	Manually curated Data.tsv			NM_005909.3	NM_005909.3:c.803G>A			generated/PAVS_MASTER_2117.json
PAVS_MASTER_2118	Manually curated Data.tsv			NM_001239.3	NM_001239.3:c.428T>A			generated/PAVS_MASTER_2118.json
PAVS_MASTER_2119	Manually curated Data.tsv			NM_001198915.1	NM_001198915.1:c.960_961del			generated/PAVS_MASTER_2119.json
PAVS_MASTER_2120	Manually curated Data.tsv			NM_001145771.1	NM_001145771.1:c.1000C>T			generated/PAVS_MASTER_2120.json
PAVS_MASTER_2121	Manually curated Data.tsv			NM_006721.3	NM_006721.3:c.813dup			generated/PAVS_MASTER_2121.json
PAVS_MASTER_2122	Manually curated Data.tsv			NM_017747.2	NM_017747.2:c.7365dup			generated/PAVS_MASTER_2122.json
PAVS_MASTER_2123	Manually curated Data.tsv			NM_017519.2	NM_017519.2:c.5911G>T			generated/PAVS_MASTER_2123.json
PAVS_MASTER_2124	Manually curated Data.tsv			NM_014010.4	NM_014010.4:c.892G>C			generated/PAVS_MASTER_2124.json
PAVS_MASTER_2125	Manually curated Data.tsv			NM_020410.2	NM_020410.2:c.1045G>A			generated/PAVS_MASTER_2125.json
PAVS_MASTER_2126	Manually curated Data.tsv			NM_016529.4	NM_016529.4:c.2600A>C			generated/PAVS_MASTER_2126.json
PAVS_MASTER_2127	Manually curated Data.tsv			NM_016529.4	NM_016529.4:c.322-1G>T			generated/PAVS_MASTER_2127.json
PAVS_MASTER_2128	Manually curated Data.tsv			NM_004933.2	NM_004933.2:c.2151+1G>A			generated/PAVS_MASTER_2128.json
PAVS_MASTER_2129	Manually curated Data.tsv			NM_001079846.1	NM_001079846.1:c.4378C>T			generated/PAVS_MASTER_2129.json
PAVS_MASTER_2130	Manually curated Data.tsv			NM_004380.2	NM_004380.2:c.881dup			generated/PAVS_MASTER_2130.json
PAVS_MASTER_2131	Manually curated Data.tsv			NM_015214.2	NM_015214.2:c.1891+2dup			generated/PAVS_MASTER_2131.json
PAVS_MASTER_2132	Manually curated Data.tsv			NM_001163817.1	NM_001163817.1:c.778C>T			generated/PAVS_MASTER_2132.json
PAVS_MASTER_2133	Manually curated Data.tsv			NM_001373.1	NM_001373.1:c.9808C>T			generated/PAVS_MASTER_2133.json
PAVS_MASTER_2134	Manually curated Data.tsv			NM_024757.4	NM_024757.4:c.2968C>T			generated/PAVS_MASTER_2134.json
PAVS_MASTER_2135	Manually curated Data.tsv			NM_000082.3	NM_000082.3:c.427del			generated/PAVS_MASTER_2135.json
PAVS_MASTER_2136	Manually curated Data.tsv			NM_000138.4	NM_000138.4:c.2626_2634del			generated/PAVS_MASTER_2136.json
PAVS_MASTER_2137	Manually curated Data.tsv			NM_020066.4	NM_020066.4:c.3335delC			generated/PAVS_MASTER_2137.json
PAVS_MASTER_2138	Manually curated Data.tsv			NM_002022.1	NM_002022.1:c.83C>A			generated/PAVS_MASTER_2138.json
PAVS_MASTER_2139	Manually curated Data.tsv			NM_020435.3	NM_020435.3:c.755A>G			generated/PAVS_MASTER_2139.json
PAVS_MASTER_2140	Manually curated Data.tsv			NM_016417.2	NM_016417.2:c.197A>C			generated/PAVS_MASTER_2140.json
PAVS_MASTER_2141	Manually curated Data.tsv			NM_012086.4	NM_012086.4:c.1382+3A>G			generated/PAVS_MASTER_2141.json
PAVS_MASTER_2142	Manually curated Data.tsv			NM_005853.5	NM_005853.5:c.805dup			generated/PAVS_MASTER_2142.json
PAVS_MASTER_2143	Manually curated Data.tsv			NM_005559.3	NM_005559.3:c.7437dup			generated/PAVS_MASTER_2143.json
PAVS_MASTER_2144	Manually curated Data.tsv			NM_000426.3	NM_000426.3:c.2096G>T			generated/PAVS_MASTER_2144.json
PAVS_MASTER_2145	Manually curated Data.tsv			NM_002292.3	NM_002292.3:c.4276dupG			generated/PAVS_MASTER_2145.json
PAVS_MASTER_2146	Manually curated Data.tsv			NM_001135943.1	NM_001135943.1:c.593G>A			generated/PAVS_MASTER_2146.json
PAVS_MASTER_2147	Manually curated Data.tsv			NM_001135943.1	NM_001135943.1:c.2930T>G			generated/PAVS_MASTER_2147.json
PAVS_MASTER_2148	Manually curated Data.tsv			NM_014168.2	NM_014168.2:c.224+1G>A			generated/PAVS_MASTER_2148.json
PAVS_MASTER_2149	Manually curated Data.tsv			NM_001242532.1	NM_001242532.1:c.143G>C			generated/PAVS_MASTER_2149.json
PAVS_MASTER_2150	Manually curated Data.tsv			NM_152778.2	NM_152778.2:c.1354_1369del			generated/PAVS_MASTER_2150.json
PAVS_MASTER_2151	Manually curated Data.tsv			NM_001195518.1	NM_001195518.1:c.547C>T			generated/PAVS_MASTER_2151.json
PAVS_MASTER_2152	Manually curated Data.tsv			NM_144772.2	NM_144772.2:c.262G>T			generated/PAVS_MASTER_2152.json
PAVS_MASTER_2153	Manually curated Data.tsv			NM_205842.2	NM_205842.2:c.3298G>T			generated/PAVS_MASTER_2153.json
PAVS_MASTER_2154	Manually curated Data.tsv			NM_001160331.1	NM_001160331.1:c.1109G>C			generated/PAVS_MASTER_2154.json
PAVS_MASTER_2155	Manually curated Data.tsv			NM_177400.2	NM_177400.2:c.196delC			generated/PAVS_MASTER_2155.json
PAVS_MASTER_2156	Manually curated Data.tsv			NM_000276.3	NM_000276.3:c.2479C>T			generated/PAVS_MASTER_2156.json
PAVS_MASTER_2157	Manually curated Data.tsv			NM_018913.2	NM_018913.2:c.823G>A			generated/PAVS_MASTER_2157.json
PAVS_MASTER_2158	Manually curated Data.tsv			NM_032090.1	NM_032090.1:c.2477dupA			generated/PAVS_MASTER_2158.json
PAVS_MASTER_2159	Manually curated Data.tsv			NM_006031.5	NM_006031.5:c.1879G>C			generated/PAVS_MASTER_2159.json
PAVS_MASTER_2160	Manually curated Data.tsv			NM_017934.5	NM_017934.5:c.577C>T			generated/PAVS_MASTER_2160.json
PAVS_MASTER_2161	Manually curated Data.tsv			NM_001135629.2	NM_001135629.2:c.2089C>T			generated/PAVS_MASTER_2161.json
PAVS_MASTER_2162	Manually curated Data.tsv			NM_014225.4	NM_014225.4:c.190G>A			generated/PAVS_MASTER_2162.json
PAVS_MASTER_2163	Manually curated Data.tsv			NM_180977.2	NM_180977.2:c.274G>A			generated/PAVS_MASTER_2163.json
PAVS_MASTER_2164	Manually curated Data.tsv			NM_019023.2	NM_019023.2:c.190C>T			generated/PAVS_MASTER_2164.json
PAVS_MASTER_2165	Manually curated Data.tsv			NM_005045.3	NM_005045.3:c.3711+2T>C			generated/PAVS_MASTER_2165.json
PAVS_MASTER_2166	Manually curated Data.tsv			NM_052859.3	NM_052859.3:c.1154A>G			generated/PAVS_MASTER_2166.json
PAVS_MASTER_2167	Manually curated Data.tsv			NM_001165963.1	NM_001165963.1:c.437C>A			generated/PAVS_MASTER_2167.json
PAVS_MASTER_2168	Manually curated Data.tsv			NM_001080517.1	NM_001080517.1:c.892_907del			generated/PAVS_MASTER_2168.json
PAVS_MASTER_2169	Manually curated Data.tsv			NM_001080517.1	NM_001080517.1:c.2476+1G>A			generated/PAVS_MASTER_2169.json
PAVS_MASTER_2170	Manually curated Data.tsv			NM_001046.2	NM_001046.2:c.2617-2A>G			generated/PAVS_MASTER_2170.json
PAVS_MASTER_2171	Manually curated Data.tsv			NM_014720.2	NM_014720.2:c.1414G>T			generated/PAVS_MASTER_2171.json
PAVS_MASTER_2172	Manually curated Data.tsv			NM_001142294.1	NM_001142294.1:c.988A>G			generated/PAVS_MASTER_2172.json
PAVS_MASTER_2173	Manually curated Data.tsv			NM_001142294.1	NM_001142294.1:c.988A>G			generated/PAVS_MASTER_2173.json
PAVS_MASTER_2174	Manually curated Data.tsv			NM_001142294.1	NM_001142294.1:c.988A>G			generated/PAVS_MASTER_2174.json
PAVS_MASTER_2175	Manually curated Data.tsv			NM_001142294.1	NM_001142294.1:c.988A>G			generated/PAVS_MASTER_2175.json
PAVS_MASTER_2176	Manually curated Data.tsv			NM_020971.2	NM_020971.2:c.3394del			generated/PAVS_MASTER_2176.json
PAVS_MASTER_2177	Manually curated Data.tsv			NM_001048166.1	NM_001048166.1:c.3552_3553del			generated/PAVS_MASTER_2177.json
PAVS_MASTER_2178	Manually curated Data.tsv			NM_173575.2	NM_173575.2:c.451G>C			generated/PAVS_MASTER_2178.json
PAVS_MASTER_2179	Manually curated Data.tsv			NM_001172631.1	NM_001172631.1:c.571C>T			generated/PAVS_MASTER_2179.json
PAVS_MASTER_2180	Manually curated Data.tsv			NM_001042646.2	NM_001042646.2:c.287-2A>G			generated/PAVS_MASTER_2180.json
PAVS_MASTER_2181	Manually curated Data.tsv			NM_001042646.2	NM_001042646.2:c.1759dup			generated/PAVS_MASTER_2181.json
PAVS_MASTER_2182	Manually curated Data.tsv			NM_031466.4	NM_031466.4:c.2785C>T			generated/PAVS_MASTER_2182.json
PAVS_MASTER_2183	Manually curated Data.tsv			NM_000462.3	NM_000462.3:c.504delG			generated/PAVS_MASTER_2183.json
PAVS_MASTER_2184	Manually curated Data.tsv			NM_001164416.1	NM_001164416.1:c.124C>T			generated/PAVS_MASTER_2184.json
PAVS_MASTER_2185	Manually curated Data.tsv			NM_001163809.1	NM_001163809.1:c.5335C>T			generated/PAVS_MASTER_2185.json
PAVS_MASTER_2186	Manually curated Data.tsv			NM_016032.3	NM_016032.3:c.487+5_487+19del			generated/PAVS_MASTER_2186.json
PAVS_MASTER_2187	Manually curated Data.tsv			NM_020863.3	NM_020863.3:c.1199G>A			generated/PAVS_MASTER_2187.json
PAVS_MASTER_2188	Manually curated Data.tsv			Chr1q21.2 duplication(148,625,214 -149,748,048)	Chr1q21.2 duplication(148,625,214 -149,748,048)			generated/PAVS_MASTER_2188.json
PAVS_MASTER_2189	Manually curated Data.tsv			Chr9q34.13q34.3 duplication(135,792,597-139,609,502)	Chr9q34.13q34.3 duplication(135,792,597-139,609,502)			generated/PAVS_MASTER_2189.json
PAVS_MASTER_2190	Manually curated Data.tsv			Chr2p21 deletion(45,024,262 -45,295,429)	Chr2p21 deletion(45,024,262 -45,295,429)			generated/PAVS_MASTER_2190.json
PAVS_MASTER_2191	Manually curated Data.tsv			Chr17q21.31 deletion(43,703,252-44,208,312)	Chr17q21.31 deletion(43,703,252-44,208,312)			generated/PAVS_MASTER_2191.json
PAVS_MASTER_2192	Manually curated Data.tsv			Chr8q24.3 duplication(144,869,301-145,833,715)	Chr8q24.3 duplication(144,869,301-145,833,715)			generated/PAVS_MASTER_2192.json
PAVS_MASTER_2193	Manually curated Data.tsv			Chr16p11.2 deletion(29,694,991 – 30,190,676)	Chr16p11.2 deletion(29,694,991 – 30,190,676)			generated/PAVS_MASTER_2193.json
PAVS_MASTER_2194	Manually curated Data.tsv			Chr22q13.33 deletion(49,974,766 -51,176,283)	Chr22q13.33 deletion(49,974,766 -51,176,283)			generated/PAVS_MASTER_2194.json
PAVS_MASTER_2195	Manually curated Data.tsv			Chr10q21.3 deletion(68,220,106 – 68,449,231)	Chr10q21.3 deletion(68,220,106 – 68,449,231)			generated/PAVS_MASTER_2195.json
PAVS_MASTER_2196	Manually curated Data.tsv			Chr2q35 deletion(220,032,133 -220,440,941)	Chr2q35 deletion(220,032,133 -220,440,941)			generated/PAVS_MASTER_2196.json
PAVS_MASTER_2197	Manually curated Data.tsv			Chr15q11.2q13.1 deletion(23,636,820-28,527,171)	Chr15q11.2q13.1 deletion(23,636,820-28,527,171)			generated/PAVS_MASTER_2197.json
PAVS_MASTER_2198	Manually curated Data.tsv			Chr8p23.1p23.3 deletion (158,048-6,999,114)	Chr8p23.1p23.3 deletion (158,048-6,999,114)			generated/PAVS_MASTER_2198.json
PAVS_MASTER_2199	Manually curated Data.tsv			Chr14q32.32q32.33 deletion(103,645,506–106,261,806)	Chr14q32.32q32.33 deletion(103,645,506–106,261,806)			generated/PAVS_MASTER_2199.json
PAVS_MASTER_2200	Manually curated Data.tsv			Chr22q11.21 deletion(18,644,790 -21,465,662)	Chr22q11.21 deletion(18,644,790 -21,465,662)			generated/PAVS_MASTER_2200.json
PAVS_MASTER_2201	Manually curated Data.tsv			chr6q14q21 deletion (64885283-99369048)	chr6q14q21 deletion (64885283-99369048)			generated/PAVS_MASTER_2201.json
PAVS_MASTER_2202	Manually curated Data.tsv			Chr22q11.23q13.2 duplication (25,130,31–41,082,043)	Chr22q11.23q13.2 duplication (25,130,31–41,082,043)			generated/PAVS_MASTER_2202.json
PAVS_MASTER_2203	Manually curated Data.tsv			Chr16p11.2 deletion(29,628,661- 30,177,916)	Chr16p11.2 deletion(29,628,661- 30,177,916)			generated/PAVS_MASTER_2203.json
PAVS_MASTER_2204	Manually curated Data.tsv			Chr15q11.2 – 15q13.3 triplication(22,770,421-32,439,281)	Chr15q11.2 – 15q13.3 triplication(22,770,421-32,439,281)			generated/PAVS_MASTER_2204.json
PAVS_MASTER_2205	Manually curated Data.tsv			chr7q11.23 deletion (72718277-74141493)	chr7q11.23 deletion (72718277-74141493)			generated/PAVS_MASTER_2205.json
PAVS_MASTER_2206	Manually curated Data.tsv			chr18q21.1q21.2 deletion (47279692-48756541)	chr18q21.1q21.2 deletion (47279692-48756541)			generated/PAVS_MASTER_2206.json
PAVS_MASTER_2207	Manually curated Data.tsv			Chr17p11.2 deletion(16,772,264 – 20,304,967)	Chr17p11.2 deletion(16,772,264 – 20,304,967)			generated/PAVS_MASTER_2207.json
PAVS_MASTER_2208	Manually curated Data.tsv			chr22q11.21 deletion (18916842-21798907)/ 16p11.2 duplication (32033397-33784810)	chr22q11.21 deletion (18916842-21798907)/ 16p11.2 duplication (32033397-33784810)			generated/PAVS_MASTER_2208.json
PAVS_MASTER_2209	Manually curated Data.tsv			Chr15q13.2-15q13.3 duplication (30370017-32444043)	Chr15q13.2-15q13.3 duplication (30370017-32444043)			generated/PAVS_MASTER_2209.json
PAVS_MASTER_2210	Manually curated Data.tsv			chr7p21.1p22.1 deletion (5798163-17727264)/chr7q31.31q31.32 (118692690-121628842) deletion	chr7p21.1p22.1 deletion (5798163-17727264)/chr7q31.31q31.32 (118692690-121628842) deletion			generated/PAVS_MASTER_2210.json
PAVS_MASTER_2211	Manually curated Data.tsv			chr4q32.1q34.3 duplication (159241112-182016894)/chr4q34.3q35.2 deletion (182021889-190957473)/chr15q26.1q26.3 duplication (93454301-102270758)	chr4q32.1q34.3 duplication (159241112-182016894)/chr4q34.3q35.2 deletion (182021889-190957473)/chr15q26.1q26.3 duplication (93454301-102270758)			generated/PAVS_MASTER_2211.json
PAVS_MASTER_2212	Manually curated Data.tsv			chr7q11.23 deletion (72718277-74141493)	chr7q11.23 deletion (72718277-74141493)			generated/PAVS_MASTER_2212.json
PAVS_MASTER_2213	Manually curated Data.tsv			47,XXX (full trisomy X)	47,XXX (full trisomy X)			generated/PAVS_MASTER_2213.json
PAVS_MASTER_2214	Manually curated Data.tsv			chr16q22.2q23.1 deletion of (72130555-75038957)	chr16q22.2q23.1 deletion of (72130555-75038957)			generated/PAVS_MASTER_2214.json
PAVS_MASTER_2215	Manually curated Data.tsv			chr17q21.31q21.31 deletion (44212416-43710395)	chr17q21.31q21.31 deletion (44212416-43710395)			generated/PAVS_MASTER_2215.json
PAVS_MASTER_2216	Manually curated Data.tsv			chr3p13 deletion (70986209-71412654)	chr3p13 deletion (70986209-71412654)			generated/PAVS_MASTER_2216.json
PAVS_MASTER_2217	Manually curated Data.tsv			Chr3q26.33 deletion(180,678,656-181,472,237)	Chr3q26.33 deletion(180,678,656-181,472,237)			generated/PAVS_MASTER_2217.json
PAVS_MASTER_2218	Manually curated Data.tsv			Chr7q11.23 deletion(72,290,998– 72,903,3530)	Chr7q11.23 deletion(72,290,998– 72,903,3530)			generated/PAVS_MASTER_2218.json
PAVS_MASTER_2219	Manually curated Data.tsv			Chr10q23.31 deletion (89,686,508 – 90,701,032)	Chr10q23.31 deletion (89,686,508 – 90,701,032)			generated/PAVS_MASTER_2219.json
PAVS_MASTER_2220	Manually curated Data.tsv			Chr17p13.3 deletion (2,177,669 – 2,829,615)	Chr17p13.3 deletion (2,177,669 – 2,829,615)			generated/PAVS_MASTER_2220.json
PAVS_MASTER_2221	Manually curated Data.tsv			Chr18p11.32p11.31 deletion(136,226-4,377,782)	Chr18p11.32p11.31 deletion(136,226-4,377,782)			generated/PAVS_MASTER_2221.json
PAVS_MASTER_2222	Manually curated Data.tsv			Chr22q11.21 deletion (18,916,842-20,717,655)	Chr22q11.21 deletion (18,916,842-20,717,655)			generated/PAVS_MASTER_2222.json
PAVS_MASTER_2223	Manually curated Data.tsv			Chr22q11.1q11.21 deletion (17,370,127-19,084,594)	Chr22q11.1q11.21 deletion (17,370,127-19,084,594)			generated/PAVS_MASTER_2223.json
PAVS_MASTER_2224	Manually curated Data.tsv			Chr1p36.22p36.23 deletion (8,425,521-10,780,684)	Chr1p36.22p36.23 deletion (8,425,521-10,780,684)			generated/PAVS_MASTER_2224.json
PAVS_MASTER_2225	Manually curated Data.tsv			Chr1q21.2 duplication (148,625,214-149,664,067)	Chr1q21.2 duplication (148,625,214-149,664,067)			generated/PAVS_MASTER_2225.json
PAVS_MASTER_2226	Manually curated Data.tsv			Chr5q11.2q13.2 deletion(52,033,284-68,817,550)/Chr9p13.1 q13 duplication (38,916,514-66,035,257)	Chr5q11.2q13.2 deletion(52,033,284-68,817,550)/Chr9p13.1 q13 duplication (38,916,514-66,035,257)			generated/PAVS_MASTER_2226.json
PAVS_MASTER_2227	Manually curated Data.tsv			Chr15q11.1q11.2 duplication (20,175,623-22,504,198)	Chr15q11.1q11.2 duplication (20,175,623-22,504,198)			generated/PAVS_MASTER_2227.json
PAVS_MASTER_2228	Manually curated Data.tsv			chr2p14 deletion (69644214-70160666)	chr2p14 deletion (69644214-70160666)			generated/PAVS_MASTER_2228.json
PAVS_MASTER_2229	Manually curated Data.tsv			chr17q11.2 deletion (28997893-30412788)	chr17q11.2 deletion (28997893-30412788)			generated/PAVS_MASTER_2229.json
PAVS_MASTER_2230	Manually curated Data.tsv			chr1q31.1q32.2 deletion (193628056-202778670)	chr1q31.1q32.2 deletion (193628056-202778670)			generated/PAVS_MASTER_2230.json
PAVS_MASTER_2231	Manually curated Data.tsv			chr1q24.2q25.2 deletion (169668315-176922791)/chr21q21.1q21.1 deletion (19950080-18541508)	chr1q24.2q25.2 deletion (169668315-176922791)/chr21q21.1q21.1 deletion (19950080-18541508)			generated/PAVS_MASTER_2231.json
PAVS_MASTER_2232	Manually curated Data.tsv			chr22q11 deletion(16920001-20725318)	chr22q11 deletion(16920001-20725318)			generated/PAVS_MASTER_2232.json
PAVS_MASTER_2233	Manually curated Data.tsv			Chr1p13.3p21.3 deletion (96,530,000 – 107,720,000).	Chr1p13.3p21.3 deletion (96,530,000 – 107,720,000).			generated/PAVS_MASTER_2233.json
PAVS_MASTER_2234	Manually curated Data.tsv			chr4p14.1p15.32 deletion (5,772,000-25,016,243)	chr4p14.1p15.32 deletion (5,772,000-25,016,243)			generated/PAVS_MASTER_2234.json
PAVS_MASTER_2235	Manually curated Data.tsv			Trisomy 12p	Trisomy 12p: a Chr12p13.33 – 12q12 duplication (1 – 38,453,221)			generated/PAVS_MASTER_2235.json
PAVS_MASTER_2236	Manually curated Data.tsv			13q21.1- q32.1(57009987_95317681)x1{13q21.1q32.1 deletion}	13q21.1- q32.1(57009987_95317681)x1{13q21.1q32.1 deletion}			generated/PAVS_MASTER_2236.json
PAVS_MASTER_2237	Manually curated Data.tsv			11q24.2q25(123615752_134432324)x1{46,XY,del(11)(q24)}	11q24.2q25(123615752_134432324)x1{46,XY,del(11)(q24)}			generated/PAVS_MASTER_2237.json
PAVS_MASTER_2238	Manually curated Data.tsv			16q21q23.1(65021970_74573408)x1{47,XX,+del(9)(q22)}	16q21q23.1(65021970_74573408)x1{47,XX,+del(9)(q22)}			generated/PAVS_MASTER_2238.json
PAVS_MASTER_2239	Manually curated Data.tsv			9p24.3p13.1(194193_38745183)x3	9p24.3p13.1(194193_38745183)x3			generated/PAVS_MASTER_2239.json
PAVS_MASTER_2240	Manually curated Data.tsv			16p13.3 p11.2(28087_ 31446768)x3 {46,XX,dup(3)p36-p33}	16p13.3 p11.2(28087_ 31446768)x3 {46,XX,dup(3)p36-p33}			generated/PAVS_MASTER_2240.json
PAVS_MASTER_2241	Manually curated Data.tsv			15q13.1q26.1(27196809_89833172)x1	15q13.1q26.1(27196809_89833172)x1			generated/PAVS_MASTER_2241.json
PAVS_MASTER_2242	Manually curated Data.tsv			22q11.21(17269039_19794119)x1{46,XY,del(22)(q11.2q11.2)}	22q11.21(17269039_19794119)x1{46,XY,del(22)(q11.2q11.2)}			generated/PAVS_MASTER_2242.json
PAVS_MASTER_2243	Manually curated Data.tsv			18p11.32p11.21(114641_15062794)x4	18p11.32p11.21(114641_15062794)x4			generated/PAVS_MASTER_2243.json
PAVS_MASTER_2244	Manually curated Data.tsv			15q25.1q26.3(78427008_100298411)x3	15q25.1q26.3(78427008_100298411)x3			generated/PAVS_MASTER_2244.json
PAVS_MASTER_2245	Manually curated Data.tsv			18p11.32p11.21(121700_14112521)x4	18p11.32p11.21(121700_14112521)x4			generated/PAVS_MASTER_2245.json
PAVS_MASTER_2246	Manually curated Data.tsv			8q24.3(142081172_146142017)x1	8q24.3(142081172_146142017)x1			generated/PAVS_MASTER_2246.json
PAVS_MASTER_2247	Manually curated Data.tsv			16q21q23.1(65021970_74573408)x1	16q21q23.1(65021970_74573408)x1			generated/PAVS_MASTER_2247.json
PAVS_MASTER_2248	Manually curated Data.tsv			10q26.13q26.3(127272748_135284168)x3	10q26.13q26.3(127272748_135284168)x3	18q23(72346539_76111023)x1		generated/PAVS_MASTER_2248.json
PAVS_MASTER_2249	Manually curated Data.tsv			Chr1p21.3 – 1p13.3 deletion (96,530,000 – 107,720,000)	Chr1p21.3 – 1p13.3 deletion (96,530,000 – 107,720,000)			generated/PAVS_MASTER_2249.json
PAVS_MASTER_2250	Manually curated Data.tsv			Chr1p36.33 – 1p36.32 deletion (1 – 4,944,170)	Chr1p36.33 – 1p36.32 deletion (1 – 4,944,170)			generated/PAVS_MASTER_2250.json
PAVS_MASTER_2251	Manually curated Data.tsv			Chr3q26.33 deletion(180,678,656 – 181,472,237)	Chr3q26.33 deletion(180,678,656 – 181,472,237)			generated/PAVS_MASTER_2251.json
PAVS_MASTER_2252	Manually curated Data.tsv			Chr7q11.23 deletion(72,290,998 –72,903,353)	Chr7q11.23 deletion(72,290,998 –72,903,353)			generated/PAVS_MASTER_2252.json
PAVS_MASTER_2253	Manually curated Data.tsv			Chr8q24.3 duplication(144,869,301–145,833,715)	Chr8q24.3 duplication(144,869,301–145,833,715)			generated/PAVS_MASTER_2253.json
PAVS_MASTER_2254	Manually curated Data.tsv			Chr9p24.3 – 9q21.11 duplication(1– 69,053,560)	Chr9p24.3 – 9q21.11 duplication(1– 69,053,560)			generated/PAVS_MASTER_2254.json
PAVS_MASTER_2255	Manually curated Data.tsv			Chr9q34.13 – 9q34.3 duplication(135,792,597 –139,609,502)	Chr9q34.13 – 9q34.3 duplication(135,792,597 –139,609,502)			generated/PAVS_MASTER_2255.json
PAVS_MASTER_2256	Manually curated Data.tsv			Chr10q21.3 deletion(68,220,106–68,449,231)	Chr10q21.3 deletion(68,220,106–68,449,231)			generated/PAVS_MASTER_2256.json
PAVS_MASTER_2257	Manually curated Data.tsv			Chr10q23.31 deletion(89,686,508–90,701,032)	Chr10q23.31 deletion(89,686,508–90,701,032)			generated/PAVS_MASTER_2257.json
PAVS_MASTER_2258	Manually curated Data.tsv			Chr12p13.33 – 12q12 duplication(1 – 38,453,221)	Chr12p13.33 – 12q12 duplication(1 – 38,453,221)			generated/PAVS_MASTER_2258.json
PAVS_MASTER_2259	Manually curated Data.tsv			Chr13q12.3 deletion 30 (29,226,273 – 31,540,272)	Chr13q12.3 deletion 30 (29,226,273 – 31,540,272)			generated/PAVS_MASTER_2259.json
PAVS_MASTER_2260	Manually curated Data.tsv			Chr14q32.32 –14q32.33 deletion(103,645,506 – 106,261,806)	Chr14q32.32 –14q32.33 deletion(103,645,506 – 106,261,806)			generated/PAVS_MASTER_2260.json
PAVS_MASTER_2261	Manually curated Data.tsv			Chr15q11.2 – 15q13.1 deletion(23,636,820–28,527,171)	Chr15q11.2 – 15q13.1 deletion(23,636,820–28,527,171)			generated/PAVS_MASTER_2261.json
PAVS_MASTER_2262	Manually curated Data.tsv			Chr15q11.2 – 15q13.3 triplication (22,770,421–32,439,281)	Chr15q11.2 – 15q13.3 triplication (22,770,421–32,439,281)			generated/PAVS_MASTER_2262.json
PAVS_MASTER_2263	Manually curated Data.tsv			Chr16p11.2 deletion (29,622,757–30,177,916)	Chr16p11.2 deletion (29,622,757–30,177,916)			generated/PAVS_MASTER_2263.json
PAVS_MASTER_2264	Manually curated Data.tsv			Chr16p11.2 deletion(29,694,991 –30,190,676)	Chr16p11.2 deletion(29,694,991 –30,190,676)			generated/PAVS_MASTER_2264.json
PAVS_MASTER_2265	Manually curated Data.tsv			Chr16p11.2 deletion(29,628,661 – 30,177,916)	Chr16p11.2 deletion(29,628,661 – 30,177,916)			generated/PAVS_MASTER_2265.json
PAVS_MASTER_2266	Manually curated Data.tsv			Chr17p11.2 deletion(16,772,264 – 20,304,967)	Chr17p11.2 deletion(16,772,264 – 20,304,967)			generated/PAVS_MASTER_2266.json
PAVS_MASTER_2267	Manually curated Data.tsv			Chr17p13.3 deletion(LIS1 hemizygous deletion)(2,177,669 – 2,829,615)	Chr17p13.3 deletion(LIS1 hemizygous deletion)(2,177,669 – 2,829,615)			generated/PAVS_MASTER_2267.json
PAVS_MASTER_2268	Manually curated Data.tsv			Chr17q21.31 deletion(43,703,252 –44,208,312)	Chr17q21.31 deletion(43,703,252 –44,208,312)			generated/PAVS_MASTER_2268.json
PAVS_MASTER_2269	Manually curated Data.tsv			Chr18p11.32 – 18p11.31 deletion 17(136,226–4,377,782)	Chr18p11.32 – 18p11.31 deletion 17(136,226–4,377,782)			generated/PAVS_MASTER_2269.json
PAVS_MASTER_2270	Manually curated Data.tsv			Chr18q21.32 – 18q23 deletion(58,527,052 –78,014,123)	Chr18q21.32 – 18q23 deletion(58,527,052 –78,014,123)	Chr18q21.2 – 18q21.32 duplication(53,654,029–58,526,971)		generated/PAVS_MASTER_2270.json
PAVS_MASTER_2271	Manually curated Data.tsv			Chr22q11.21 deletion(18,644,790 –21,798,907)	Chr22q11.21 deletion(18,644,790 –21,798,907)			generated/PAVS_MASTER_2271.json
PAVS_MASTER_2272	Manually curated Data.tsv			Chr22q11.21 deletion(18,916,842 –20,717,655)	Chr22q11.21 deletion(18,916,842 –20,717,655)			generated/PAVS_MASTER_2272.json
PAVS_MASTER_2273	Manually curated Data.tsv			Chr22q11.1 – 22q11.21 deletion(17,370,127–19,084,594)	Chr22q11.1 – 22q11.21 deletion(17,370,127–19,084,594)			generated/PAVS_MASTER_2273.json
PAVS_MASTER_2274	Manually curated Data.tsv			Chr22q11.21 deletion(18,644,790 – 21,465,662)	Chr22q11.21 deletion(18,644,790 – 21,465,662)			generated/PAVS_MASTER_2274.json
PAVS_MASTER_2275	Manually curated Data.tsv			Chr22q11.21 – 22q11.22 deletion(21,465,661–22,750,132)	Chr22q11.21 – 22q11.22 deletion(21,465,661–22,750,132)			generated/PAVS_MASTER_2275.json
PAVS_MASTER_2276	Manually curated Data.tsv			Chr22q11.23 – 22q13.2 duplication(25,130,310–41,082,043)	Chr22q11.23 – 22q13.2 duplication(25,130,310–41,082,043)			generated/PAVS_MASTER_2276.json
PAVS_MASTER_2277	Manually curated Data.tsv			Chr22q13.33 deletion(49,974,766 –51,176,283)	Chr22q13.33 deletion(49,974,766 –51,176,283)			generated/PAVS_MASTER_2277.json
PAVS_MASTER_2278	Manually curated Data.tsv			Chr1p36.22–1p36.23 deletion(8,425,521–10,780,684)	Chr1p36.22–1p36.23 deletion(8,425,521–10,780,684)			generated/PAVS_MASTER_2278.json
PAVS_MASTER_2279	Manually curated Data.tsv			Chr1p36.22–1p36.23 deletion(8,415,927–10,784,118)	Chr1p36.22–1p36.23 deletion(8,415,927–10,784,118)			generated/PAVS_MASTER_2279.json
PAVS_MASTER_2280	Manually curated Data.tsv			Chr1q21.2 duplication(148,625,214–149,664,067)	Chr1q21.2 duplication(148,625,214–149,664,067)			generated/PAVS_MASTER_2280.json
PAVS_MASTER_2281	Manually curated Data.tsv			Chr1q21.2 duplication(148,625,214 –149,748,048)	Chr1q21.2 duplication(148,625,214 –149,748,048)			generated/PAVS_MASTER_2281.json
PAVS_MASTER_2282	Manually curated Data.tsv			Chr2p21 deletion(45,024,262 –45,295,429)	Chr2p21 deletion(45,024,262 –45,295,429)			generated/PAVS_MASTER_2282.json
PAVS_MASTER_2283	Manually curated Data.tsv			Chr2q11.2 deletion(97,731,119–98,025,634)	Chr2q11.2 deletion(97,731,119–98,025,634)			generated/PAVS_MASTER_2283.json
PAVS_MASTER_2284	Manually curated Data.tsv			Chr2q35 deletion(220,032,133 –220,440,941)	Chr2q35 deletion(220,032,133 –220,440,941)			generated/PAVS_MASTER_2284.json
PAVS_MASTER_2285	Manually curated Data.tsv			Chr5q11.2 – q13.2 deletion(52,033,284 –68,817,550)	Chr5q11.2 – q13.2 deletion(52,033,284 –68,817,550)	Chr9p13.1 – 9q13 duplication(38,916,514 –66,035,257)		generated/PAVS_MASTER_2285.json
PAVS_MASTER_2286	Manually curated Data.tsv			Chr8p23.1–8p23.3 deletion(158,048–6,999,114)	Chr8p23.1–8p23.3 deletion(158,048–6,999,114)			generated/PAVS_MASTER_2286.json
PAVS_MASTER_2287	Manually curated Data.tsv			Chr15q11.1 – 15q11.2 duplication(20,175,623–22,504,198)	Chr15q11.1 – 15q11.2 duplication(20,175,623–22,504,198)			generated/PAVS_MASTER_2287.json
PAVS_MASTER_2288	Manually curated Data.tsv			Chr2p14 deletion(69,644,214–70,160,666)	Chr2p14 deletion(69,644,214–70,160,666)	Chr19p12 deletion(20,070,228–20,535,778)		generated/PAVS_MASTER_2288.json
PAVS_MASTER_2289	Manually curated Data.tsv			Chr3q22.1 deletion(129,682,298 –129,991,510)	Chr3q22.1 deletion(129,682,298 –129,991,510)	ChrXp22.33 duplication(819,924 –1,860,130)		generated/PAVS_MASTER_2289.json
PAVS_MASTER_2290	Manually curated Data.tsv			Chr9p12 duplication(40,764,741–41,970,142)	Chr9p12 duplication(40,764,741–41,970,142)			generated/PAVS_MASTER_2290.json
PAVS_MASTER_2291	Manually curated Data.tsv			NM_001085425.3	NM_001085425.3:c.809T>C			generated/PAVS_MASTER_2291.json
PAVS_MASTER_2292	Manually curated Data.tsv			NM_001318965.1	NM_001318965.1:c.1132C>T			generated/PAVS_MASTER_2292.json
PAVS_MASTER_2293	Manually curated Data.tsv			NM_014239.4	NM_014239.4:c.591C>G			generated/PAVS_MASTER_2293.json
PAVS_MASTER_2294	Manually curated Data.tsv			NM_002618.3	NM_002618.3:c.1A>G			generated/PAVS_MASTER_2294.json
PAVS_MASTER_2295	Manually curated Data.tsv			NM_057174.2	NM_057174.2:c.113-1G>C			generated/PAVS_MASTER_2295.json
PAVS_MASTER_2296	Manually curated Data.tsv			NM_000287.3	NM_000287.3:c.1931G>A			generated/PAVS_MASTER_2296.json
PAVS_MASTER_2297	Manually curated Data.tsv			NM_006397.3	NM_006397.3:c.202T>G			generated/PAVS_MASTER_2297.json
PAVS_MASTER_2298	Manually curated Data.tsv			NM_032193.4	NM_032193.4:c.202C>G			generated/PAVS_MASTER_2298.json
PAVS_MASTER_2299	Manually curated Data.tsv			NM_022168.4	NM_022168.4:c.1850T>C			generated/PAVS_MASTER_2299.json
PAVS_MASTER_2300	Manually curated Data.tsv			NM_001201402.1	NM_001201402.1:c.1886C>G			generated/PAVS_MASTER_2300.json
PAVS_MASTER_2301	Manually curated Data.tsv			NM_020435.4	NM_020435.4:c.107delT			generated/PAVS_MASTER_2301.json
PAVS_MASTER_2302	Manually curated Data.tsv			NM_139202.3	NM_139202.3:c.686_687delCAinsAG			generated/PAVS_MASTER_2302.json
PAVS_MASTER_2303	Manually curated Data.tsv			NM_152722.5	NM_152722.5:c.416T>C	NM_152722.5:c.949-2A>G		generated/PAVS_MASTER_2303.json
PAVS_MASTER_2304	Manually curated Data.tsv			NM_000049.4	NM_000049.4:c.312_313delCA			generated/PAVS_MASTER_2304.json
PAVS_MASTER_2305	Manually curated Data.tsv			NM_000033.4	NM_000033.4:c.542A>G			generated/PAVS_MASTER_2305.json
PAVS_MASTER_2306	Manually curated Data.tsv			NM_012434.5	NM_012434.5:c.406A>G			generated/PAVS_MASTER_2306.json
PAVS_MASTER_2307	Manually curated Data.tsv			NM_012434.5	NM_012434.5:c.116G>A			generated/PAVS_MASTER_2307.json
PAVS_MASTER_2308	Manually curated Data.tsv			NM_000165.4	NM_000165.4:c.125A>G			generated/PAVS_MASTER_2308.json
PAVS_MASTER_2309	Manually curated Data.tsv			NM_001085425.3	NM_001085425.3:c.1108-2A>G			generated/PAVS_MASTER_2309.json
PAVS_MASTER_2310	Manually curated Data.tsv			NM_001085425.3	NM_001085425.3:c.883G>A			generated/PAVS_MASTER_2310.json
PAVS_MASTER_2311	Manually curated Data.tsv			NM_002778.4	NM_002778.4:c.722G>C			generated/PAVS_MASTER_2311.json
PAVS_MASTER_2312	Manually curated Data.tsv			NM_020365.5	NM_020365.5:c.32G>T			generated/PAVS_MASTER_2312.json
PAVS_MASTER_2313	Manually curated Data.tsv			NM_000466.3	NM_000466.3:c.2176C>T			generated/PAVS_MASTER_2313.json
PAVS_MASTER_2314	Manually curated Data.tsv			NM_000414.2	NM_000414.2:c.2207T>A			generated/PAVS_MASTER_2314.json
PAVS_MASTER_2315	Manually curated Data.tsv			NM_024570.4	NM_024570.4:c.356A>G			generated/PAVS_MASTER_2315.json
PAVS_MASTER_2316	Manually curated Data.tsv			NM_006397.3	NM_006397.3:c.557G>A			generated/PAVS_MASTER_2316.json
PAVS_MASTER_2317	Manually curated Data.tsv			NM_015474.4	NM_015474.4:c.428G>A			generated/PAVS_MASTER_2317.json
PAVS_MASTER_2318	Manually curated Data.tsv			NM_130384.3	NM_130384.3:c.223G>A			generated/PAVS_MASTER_2318.json
PAVS_MASTER_2319	Manually curated Data.tsv			NM_000153.4	NM_000153.4:c.916G>A			generated/PAVS_MASTER_2319.json
PAVS_MASTER_2320	Manually curated Data.tsv			NM_000153.4	NM_000153.4:c.396G>A			generated/PAVS_MASTER_2320.json
PAVS_MASTER_2321	Manually curated Data.tsv			NM_000153.4	NM_000153.4:c.1685T>C			generated/PAVS_MASTER_2321.json
PAVS_MASTER_2322	Manually curated Data.tsv			NM_020435.4	NM_020435.4:c.1134_1144del			generated/PAVS_MASTER_2322.json
PAVS_MASTER_2323	Manually curated Data.tsv			NM_139202.3	NM_139202.3:c.177+1G>T			generated/PAVS_MASTER_2323.json
PAVS_MASTER_2324	Manually curated Data.tsv			NM_002055.5	NM_002055.5:c.230A>G			generated/PAVS_MASTER_2324.json
PAVS_MASTER_2325	Manually curated Data.tsv			NM_002055.5	NM_002055.5:c.715C>T			generated/PAVS_MASTER_2325.json
PAVS_MASTER_2326	Manually curated Data.tsv			NM_000533.5	NM_000533.5:c.115G>A			generated/PAVS_MASTER_2326.json
PAVS_MASTER_2327	Manually curated Data.tsv			RYR1	RYR1:NM_001042723:exon97:c.14194C>T:p.R4732W			generated/PAVS_MASTER_2327.json
PAVS_MASTER_2328	Manually curated Data.tsv			ADAT3	ADAT3:NM_138422:exon2:c.430G>A:p.V144M			generated/PAVS_MASTER_2328.json
PAVS_MASTER_2329	Manually curated Data.tsv			LAMA2	LAMA2:NM_000426:exon26:c.3924+2T>C, Hom			generated/PAVS_MASTER_2329.json
PAVS_MASTER_2330	Manually curated Data.tsv			G6PC	G6PC:NM_000151:exon2:c.247C>T:p.R83C;GAA:NM_000152:exon2:c.266G>A:p.R89H			generated/PAVS_MASTER_2330.json
PAVS_MASTER_2331	Manually curated Data.tsv			RNASEH2A	RNASEH2A:NM_006397:exon6:c.557G>A:p.R186Q			generated/PAVS_MASTER_2331.json
PAVS_MASTER_2332	Manually curated Data.tsv			COG6	COG6: chr13:40273614, deep intronic			generated/PAVS_MASTER_2332.json
PAVS_MASTER_2333	Manually curated Data.tsv			PYCR1	PYCR1: NM_006907:exon4:c.540+1G>A			generated/PAVS_MASTER_2333.json
PAVS_MASTER_2334	Manually curated Data.tsv			KIF7	KIF7:NM_198525:exon17:c.3365C>G:p.S1122W			generated/PAVS_MASTER_2334.json
PAVS_MASTER_2335	Manually curated Data.tsv			FANCA	FANCA:NM_000135:exon11:c.964C>T:p.H322Y (het)			generated/PAVS_MASTER_2335.json
PAVS_MASTER_2336	Manually curated Data.tsv			DLD	DLD:NM_001289750:exon7:c.388G>T:p.G130C			generated/PAVS_MASTER_2336.json
PAVS_MASTER_2337	Manually curated Data.tsv			CYP2U1	CYP2U1:NM_183075:exon2:c.947A>T:p.D316V			generated/PAVS_MASTER_2337.json
PAVS_MASTER_2338	Manually curated Data.tsv			RDH12	RDH12:NM_152443:exon4:c.139G>A:p.A47T			generated/PAVS_MASTER_2338.json
PAVS_MASTER_2339	Manually curated Data.tsv			COL1A1	COL1A1:NM_000088:exon31:c.2050G>A:p.E684K			generated/PAVS_MASTER_2339.json
PAVS_MASTER_2340	Manually curated Data.tsv			LAMA2	LAMA2: NM_000426:exon26:c.3924+2T>C			generated/PAVS_MASTER_2340.json
PAVS_MASTER_2341	Manually curated Data.tsv			SLC2A10	SLC2A10:NM_030777:exon2:c.243C>G:p.S81R			generated/PAVS_MASTER_2341.json
PAVS_MASTER_2342	Manually curated Data.tsv			GJC2	GJC2:NM_020435:exon2:c.755A>G:p.H252R			generated/PAVS_MASTER_2342.json
PAVS_MASTER_2343	Manually curated Data.tsv			C12orf57	C12orf57:NM_001301837:exon1:c.1A>G:p.?			generated/PAVS_MASTER_2343.json
PAVS_MASTER_2344	Manually curated Data.tsv			ALDH7A1	ALDH7A1:NM_001202404:exon12:c.1168G>C:p.E390Q			generated/PAVS_MASTER_2344.json
PAVS_MASTER_2345	Manually curated Data.tsv			MECP2	MECP2:NM_001110792:exon3:c.509C>T:p.T170M (het)			generated/PAVS_MASTER_2345.json
PAVS_MASTER_2346	Manually curated Data.tsv			MFSD8	MFSD8:NM_152778:exon9:c.863+1G>A			generated/PAVS_MASTER_2346.json
PAVS_MASTER_2347	Manually curated Data.tsv			RLBP1	RLBP1:NM_000326:exon8:c.773T>G:p.L258W/SYT9:NM_175733:exon7:c.1471C>T:p.R491X			generated/PAVS_MASTER_2347.json
PAVS_MASTER_2348	Manually curated Data.tsv			SLC5A1	SLC5A1:NM_001256314:exon7:c.384C>G:p.C128W			generated/PAVS_MASTER_2348.json
PAVS_MASTER_2349	Manually curated Data.tsv			ABCB4	ABCB4:NM_018849:exon13:c.1560+3A>G			generated/PAVS_MASTER_2349.json
PAVS_MASTER_2350	Manually curated Data.tsv			FBN1	FBN1:NM_000138:exon42:c.5087A>G:p.Y1696C			generated/PAVS_MASTER_2350.json
PAVS_MASTER_2351	Manually curated Data.tsv			RNASEH2B	RNASEH2B:NM_001142279:exon5:c.356A>G:p.D119G			generated/PAVS_MASTER_2351.json
PAVS_MASTER_2352	Manually curated Data.tsv			PAH	PAH:NM_000277:exon11:c.1066-11G>A (hom)			generated/PAVS_MASTER_2352.json
PAVS_MASTER_2353	Manually curated Data.tsv			ABCB4	ABCB4:NM_000443:exon6:c.526C>T:p.R176W			generated/PAVS_MASTER_2353.json
PAVS_MASTER_2354	Manually curated Data.tsv			COL6A2	COL6A2:NM_058175:exon15:c.1332+2T>C (HOM)			generated/PAVS_MASTER_2354.json
PAVS_MASTER_2355	Manually curated Data.tsv			GBA	GBA:NM_001171811:exon9:c.1187T>C:p.L396P			generated/PAVS_MASTER_2355.json
PAVS_MASTER_2356	Manually curated Data.tsv			MGAT2	MGAT2:NM_002408:exon1:c.711G>C:p.K237N			generated/PAVS_MASTER_2356.json
PAVS_MASTER_2357	Manually curated Data.tsv			CANT1	CANT1:NM_138793:exon4:c.906_907insGCGCC:p.S303fs			generated/PAVS_MASTER_2357.json
PAVS_MASTER_2358	Manually curated Data.tsv			NDST1	NDST1:NM_001543:exon3:c.985C>T:p.R329C			generated/PAVS_MASTER_2358.json
PAVS_MASTER_2359	Manually curated Data.tsv			C12orf57	C12orf57:NM_001301837:exon1:c.1A>G:p.M1V,			generated/PAVS_MASTER_2359.json
PAVS_MASTER_2360	Manually curated Data.tsv			MRE11A	MRE11A:NM_005590:exon7:c.630G>C:p.W210C			generated/PAVS_MASTER_2360.json
PAVS_MASTER_2361	Manually curated Data.tsv			ESCO2	ESCO2:NM_001017420:exon7:c.1132-7A>G			generated/PAVS_MASTER_2361.json
PAVS_MASTER_2362	Manually curated Data.tsv			CYP2U1	CYP2U1:uc011cfi.2:exon4:c.320A>T:p.D107V			generated/PAVS_MASTER_2362.json
PAVS_MASTER_2363	Manually curated Data.tsv			GABRD	GABRD:NM_000815:exon8:c.875C>T:p.T292M			generated/PAVS_MASTER_2363.json
PAVS_MASTER_2364	Manually curated Data.tsv			PMP22	PMP22:NM_153322:exon4:c.449G>T:p.G150V			generated/PAVS_MASTER_2364.json
PAVS_MASTER_2365	Manually curated Data.tsv			CYP2U1	CYP2U1:uc003hyp.3:exon2:c.947A>T:p.D316V,CYP2U			generated/PAVS_MASTER_2365.json
PAVS_MASTER_2366	Manually curated Data.tsv			COX7A2L	COX7A2L:NM_004718:exon2:c.130A>T:p.K44X			generated/PAVS_MASTER_2366.json
PAVS_MASTER_2367	Manually curated Data.tsv			HSPG2	HSPG2: NM_005529:exon82:c.11208-7G>A			generated/PAVS_MASTER_2367.json
PAVS_MASTER_2368	Manually curated Data.tsv			NEB	NEB:NM_001271208:exon79:c.11806-1G>A			generated/PAVS_MASTER_2368.json
PAVS_MASTER_2369	Manually curated Data.tsv			BTBD9	BTBD9:NM_001172418:exon6:c.1015C>T:p.R339X			generated/PAVS_MASTER_2369.json
PAVS_MASTER_2370	Manually curated Data.tsv			ADAT3	ADAT3:NM_138422:exon2:c.430G>A:p.V144M			generated/PAVS_MASTER_2370.json
PAVS_MASTER_2371	Manually curated Data.tsv			C12orf57	C12orf57:NM_001301837:exon1:c.1A>G:p.M1V			generated/PAVS_MASTER_2371.json
PAVS_MASTER_2372	Manually curated Data.tsv			PTPN11	PTPN11:NM_002834:exon13:c.1530G>T:p.Q510H			generated/PAVS_MASTER_2372.json
PAVS_MASTER_2373	Manually curated Data.tsv			ADAT3	ADAT3:NM_138422:exon2:c.430G>A:p.V144M			generated/PAVS_MASTER_2373.json
PAVS_MASTER_2374	Manually curated Data.tsv			RAB33B	RAB33B:NM_031296:exon1:c.136A>C:p.K46Q			generated/PAVS_MASTER_2374.json
PAVS_MASTER_2375	Manually curated Data.tsv			AHI1	AHI1:NM_001134830:exon8:c.1328T>A:p.V443D			generated/PAVS_MASTER_2375.json
PAVS_MASTER_2376	Manually curated Data.tsv			FBXL4	FBXL4:NM_012160:exon8:c.1698A>G:p.I566M C19orf47:NM_001256440:exon7:c.602G>A:p.R201H			generated/PAVS_MASTER_2376.json
PAVS_MASTER_2377	Manually curated Data.tsv			G6PD	G6PD:NM_000402:exon6:c.653C>T:p.S218F,G6PD:NM_001042351:exon6:c.563C>T:p.S188F			generated/PAVS_MASTER_2377.json
PAVS_MASTER_2378	Manually curated Data.tsv			FBXL4	FBXL4:NM_012160:exon8:c.1698A>G:p.I566M			generated/PAVS_MASTER_2378.json
PAVS_MASTER_2379	Manually curated Data.tsv			NBAS	NBAS:NM_015909:exon40:c.4733_4734insCTA:p.Y1578delinsYY			generated/PAVS_MASTER_2379.json
PAVS_MASTER_2380	Manually curated Data.tsv			SIL1	SIL1:NM_001037633:exon11:c.1030-9G>A			generated/PAVS_MASTER_2380.json
PAVS_MASTER_2381	Manually curated Data.tsv			RYR1	RYR1:NM_001042723:exon97:c.14194C>T:p.R4732W			generated/PAVS_MASTER_2381.json
PAVS_MASTER_2382	Manually curated Data.tsv			MECP2	MECP2:NM_001110792:exon3:c.961C>T:p.R321W			generated/PAVS_MASTER_2382.json
PAVS_MASTER_2383	Manually curated Data.tsv			SCN9A	SCN9A:NM_002977:exon16:c.2687G>A:p.R896Q			generated/PAVS_MASTER_2383.json
PAVS_MASTER_2384	Manually curated Data.tsv			FKRP	FKRP:NM_001039885:exon4:c.646C>G:p.R216G			generated/PAVS_MASTER_2384.json
PAVS_MASTER_2385	Manually curated Data.tsv			SMPD1	SMPD1:NM_000543:exon4:c.1267C>T:p.H423Y			generated/PAVS_MASTER_2385.json
PAVS_MASTER_2386	Manually curated Data.tsv			ABCB4	ABCB4:NM_000443:exon5:c.296C>T:p.S99F			generated/PAVS_MASTER_2386.json
PAVS_MASTER_2387	Manually curated Data.tsv			CLN6	CLN6:NM_017882:exon7:c.794_796del:p.265_266del			generated/PAVS_MASTER_2387.json
PAVS_MASTER_2388	Manually curated Data.tsv			CYP2U1	CYP2U1:NM_183075:exon2:c.947A>T:p.D316V			generated/PAVS_MASTER_2388.json
PAVS_MASTER_2389	Manually curated Data.tsv			ABCC2	ABCC2:NM_000392:exon18:c.2273G>T:p.G758V			generated/PAVS_MASTER_2389.json
PAVS_MASTER_2390	Manually curated Data.tsv			ABCB4	ABCB4: NM_018849:exon14:c.1560+3A>G			generated/PAVS_MASTER_2390.json
PAVS_MASTER_2391	Manually curated Data.tsv			GABRD	GABRD:NM_000815:exon8:c.875C>T:p.T292M			generated/PAVS_MASTER_2391.json
PAVS_MASTER_2392	Manually curated Data.tsv			ABCB4	ABCB4:NM_000443:exon23:c.2906G>A:p.R969H			generated/PAVS_MASTER_2392.json
PAVS_MASTER_2393	Manually curated Data.tsv			ACADVL	ACADVL:NM_001033859:exon17:c.1633C>T:p.R545W			generated/PAVS_MASTER_2393.json
PAVS_MASTER_2394	Manually curated Data.tsv			PAH	PAH:NM_000277:exon8:c.898G>T:p.A300S  PAH:NM_000277:exon5:c.464G>A:p.R155H			generated/PAVS_MASTER_2394.json
PAVS_MASTER_2395	Manually curated Data.tsv			GUSB	GUSB:NM_001284290:exon7:c.991C>T:p.R331W			generated/PAVS_MASTER_2395.json
PAVS_MASTER_2396	Manually curated Data.tsv			BCKDHA	BCKDHA:NM_000709:exon3:c.347A>G:p.D116G			generated/PAVS_MASTER_2396.json
PAVS_MASTER_2397	Manually curated Data.tsv			ASL	ASL:NM_001024943:exon6:c.485A>G:p.Q162R			generated/PAVS_MASTER_2397.json
PAVS_MASTER_2398	Manually curated Data.tsv			PTPN11	PTPN11:NM_002834:exon4:c.417G>C:p.E139D			generated/PAVS_MASTER_2398.json
PAVS_MASTER_2399	Manually curated Data.tsv			ABCB4	ABCB4:NM_018849:exon13:c.1560+3A>G			generated/PAVS_MASTER_2399.json
PAVS_MASTER_2400	Manually curated Data.tsv			SMARCAL1	SMARCAL1:NM_001127207:exon15:c.2290C>T:p.R764W			generated/PAVS_MASTER_2400.json
PAVS_MASTER_2401	Manually curated Data.tsv			FARS2	FARS2:NM_006567:exon5:c.973G>A:p.D325N			generated/PAVS_MASTER_2401.json
PAVS_MASTER_2402	Manually curated Data.tsv			ABCB4	ABCB4:NM_000443:exon6:c.526C>T:p.R176W			generated/PAVS_MASTER_2402.json
PAVS_MASTER_2403	Manually curated Data.tsv			ABCB11	ABCB11:NM_003742:exon8:c.677C>T:p.S226L			generated/PAVS_MASTER_2403.json
PAVS_MASTER_2404	Manually curated Data.tsv			TRAF3IP2	TRAF3IP2:NM_001164283:exon4:c.200G>C:p.W67S			generated/PAVS_MASTER_2404.json
PAVS_MASTER_2405	Manually curated Data.tsv			PHOX2B	PHOX2B:NM_003924:exon2:c.296G>T:p.R99L			generated/PAVS_MASTER_2405.json
PAVS_MASTER_2406	Manually curated Data.tsv			MUT	MUT:NM_000255:exon11:c.1820T>G:p.F607C			generated/PAVS_MASTER_2406.json
PAVS_MASTER_2407	Manually curated Data.tsv			PHKA2	PHKA2:NM_000292:exon9:c.884G>A:p.R295H			generated/PAVS_MASTER_2407.json
PAVS_MASTER_2408	Manually curated Data.tsv			MUT	MUT:NM_000255:exon11:c.1820T>G:p.F607C			generated/PAVS_MASTER_2408.json
PAVS_MASTER_2409	Manually curated Data.tsv			CEP290	CEP290:NM_025114:exon41:c.5668G>T:p.G1890X			generated/PAVS_MASTER_2409.json
PAVS_MASTER_2410	Manually curated Data.tsv			HAMP	HAMP:NM_021175:exon3:c.232T>C:p.C78R			generated/PAVS_MASTER_2410.json
PAVS_MASTER_2411	Manually curated Data.tsv			IL17RA	IL17RA:NM_001289905:exon12:c.1472T>C:p.L491P			generated/PAVS_MASTER_2411.json
PAVS_MASTER_2412	Manually curated Data.tsv			ACAT1	ACAT1:NM_000019:exon5:c.410C>T:p.S137F			generated/PAVS_MASTER_2412.json
PAVS_MASTER_2413	Manually curated Data.tsv			ITGB2	ITGB2:NM_000211:exon13:c.1756C>T:p.R586W			generated/PAVS_MASTER_2413.json
PAVS_MASTER_2414	Manually curated Data.tsv			GAMT	GAMT:NM_000156:exon5:c.491G>T:p.G164V			generated/PAVS_MASTER_2414.json
PAVS_MASTER_2415	Manually curated Data.tsv			MTTP	MTTP:NM_001300785:exon13:c.1915G>C:p.G639R			generated/PAVS_MASTER_2415.json
PAVS_MASTER_2416	Manually curated Data.tsv			TNFRSF13B	TNFRSF13B:NM_012452:exon4:c.515G>A:p.C172Y			generated/PAVS_MASTER_2416.json
PAVS_MASTER_2417	Manually curated Data.tsv			MTTP	MTTP:NM_001300785:exon13:c.1915G>C:p.G639R			generated/PAVS_MASTER_2417.json
PAVS_MASTER_2418	Manually curated Data.tsv			C12orf57	C12orf57:NM_001301837:exon1:c.1A>G:p.M1V			generated/PAVS_MASTER_2418.json
PAVS_MASTER_2419	Manually curated Data.tsv			ISCA2	ISCA2:NM_194279:exon3:c.229G>A:p.G77S			generated/PAVS_MASTER_2419.json
PAVS_MASTER_2420	Manually curated Data.tsv			SOS1	SOS1:NM_005633:exon10:c.1490G>A:p.R497Q			generated/PAVS_MASTER_2420.json
PAVS_MASTER_2421	Manually curated Data.tsv			ADAT3	ADAT3:NM_138422:exon2:c.430G>A:p.V144M			generated/PAVS_MASTER_2421.json
PAVS_MASTER_2422	Manually curated Data.tsv			CA2	CA2:NM_000067:exon2:c.232+1G>A			generated/PAVS_MASTER_2422.json
PAVS_MASTER_2423	Manually curated Data.tsv			ESCO2	ESCO2: NM_001017420:exon7:c.1132-7A>G			generated/PAVS_MASTER_2423.json
PAVS_MASTER_2424	Manually curated Data.tsv			SIL1	SIL1: NM_001037633:exon11:c.1030-9G>A			generated/PAVS_MASTER_2424.json
PAVS_MASTER_2425	Manually curated Data.tsv			KCNA2	KCNA2:NM_004974:exon3:c.1214C>T:p.P405L			generated/PAVS_MASTER_2425.json
PAVS_MASTER_2426	Manually curated Data.tsv			KIF14	KIF14:NM_001305792:exon23:c.2598G>A:p.? (splicing)			generated/PAVS_MASTER_2426.json
PAVS_MASTER_2427	Manually curated Data.tsv			C12orf57	C12orf57:NM_001301837:exon1:c.1A>G:p.M1V			generated/PAVS_MASTER_2427.json
PAVS_MASTER_2428	Manually curated Data.tsv			ISCA2	ISCA2:NM_194279:exon3:c.229G>A:p.G77S			generated/PAVS_MASTER_2428.json
PAVS_MASTER_2429	Manually curated Data.tsv			ARMC9	ARMC9:NM_001291656:exon17:c.1559C>T:p.Pro522Leu			generated/PAVS_MASTER_2429.json
PAVS_MASTER_2430	Manually curated Data.tsv			GALNS	GALNS:NM_000512:exon3:c.245C>T:p.S82L			generated/PAVS_MASTER_2430.json
PAVS_MASTER_2431	Manually curated Data.tsv			TTN	TTN:NM_003319:exon154:c.58829C>T:p.P19610L			generated/PAVS_MASTER_2431.json
PAVS_MASTER_2432	Manually curated Data.tsv			ISCA2	ISCA2:NM_194279:exon3:c.229G>A:p.G77S			generated/PAVS_MASTER_2432.json
PAVS_MASTER_2433	Manually curated Data.tsv			DNM1	DNM1:uc022bnx.1:exon1:c.127G>A:p.G43S			generated/PAVS_MASTER_2433.json
PAVS_MASTER_2434	Manually curated Data.tsv			AKAP6	AKAP6:NM_004274:exon4:c.1874A>T:p.Y625F			generated/PAVS_MASTER_2434.json
PAVS_MASTER_2435	Manually curated Data.tsv			TPM2	TPM2:NM_001301226:exon2:c.121G>A:p.E41K			generated/PAVS_MASTER_2435.json
PAVS_MASTER_2436	Manually curated Data.tsv			PSAT1	PSAT1:NM_021154:exon4:c.233G>C:p.G78A			generated/PAVS_MASTER_2436.json
PAVS_MASTER_2437	Manually curated Data.tsv			NEFL	NEFL:NM_006158:exon1:c.293A>G:p.N98S			generated/PAVS_MASTER_2437.json
PAVS_MASTER_2438	Manually curated Data.tsv			EIF2AK3	EIF2AK3:NM_001313915:exon8:c.956C>G:p.S319X			generated/PAVS_MASTER_2438.json
PAVS_MASTER_2439	Manually curated Data.tsv			AMPD2	AMPD2:NM_203404:exon12:c.1664G>A:p.R555H			generated/PAVS_MASTER_2439.json
PAVS_MASTER_2440	Manually curated Data.tsv			CHMP2B	CHMP2B:NM_014043:exon2:c.85A>G:p.I29V			generated/PAVS_MASTER_2440.json
PAVS_MASTER_2441	Manually curated Data.tsv			SMARCA4	SMARCA4:NM_001128845:exon18:c.2681C>T:p.T894M			generated/PAVS_MASTER_2441.json
PAVS_MASTER_2442	Variant list.tsv			SUMF1	SUMF1:c.785A>G			generated/PAVS_MASTER_2442.json
PAVS_MASTER_2443	Variant list.tsv			UMOD	UMOD:c.1547C>T			generated/PAVS_MASTER_2443.json
PAVS_MASTER_2444	Variant list.tsv			RNASEH2B	RNASEH2B:c.356A>G			generated/PAVS_MASTER_2444.json
PAVS_MASTER_2445	Variant list.tsv			MYO7A	MYO7A:c.1903T>C			generated/PAVS_MASTER_2445.json
PAVS_MASTER_2446	Variant list.tsv			PIEZO2	PIEZO2:c.5716C>T			generated/PAVS_MASTER_2446.json
PAVS_MASTER_2447	Variant list.tsv			QARS	QARS:c.1058G>T			generated/PAVS_MASTER_2447.json
PAVS_MASTER_2448	Variant list.tsv			G6PD	G6PD:c.233T>C			generated/PAVS_MASTER_2448.json
PAVS_MASTER_2449	Variant list.tsv			DCAF17	DCAF17:c.436del			generated/PAVS_MASTER_2449.json
PAVS_MASTER_2450	Variant list.tsv			HUWE1	HUWE1:c.5986C>T			generated/PAVS_MASTER_2450.json
PAVS_MASTER_2451	Variant list.tsv			SEPSECS	SEPSECS:c.1466A>T			generated/PAVS_MASTER_2451.json
PAVS_MASTER_2452	Variant list.tsv			SLC3A1	SLC3A1:c.1400T>A			generated/PAVS_MASTER_2452.json
PAVS_MASTER_2453	Variant list.tsv			MECR	MECR:c.773G>T			generated/PAVS_MASTER_2453.json
PAVS_MASTER_2454	Variant list.tsv			COG6	COG6:c.1167-24A>G			generated/PAVS_MASTER_2454.json
PAVS_MASTER_2455	Variant list.tsv			COX15	COX15:c.750+85A>G			generated/PAVS_MASTER_2455.json
PAVS_MASTER_2456	Variant list.tsv			TUBA1A	TUBA1A:c.5G>A			generated/PAVS_MASTER_2456.json
PAVS_MASTER_2457	Variant list.tsv			COL2A1	COL2A1:c.1510G>A			generated/PAVS_MASTER_2457.json
PAVS_MASTER_2458	Variant list.tsv			WNT10B	WNT10B:c.338-1G>C			generated/PAVS_MASTER_2458.json
PAVS_MASTER_2459	Variant list.tsv			FOXL2	FOXL2:c.313_315del			generated/PAVS_MASTER_2459.json
PAVS_MASTER_2460	Variant list.tsv			XYLT2	XYLT2:c.520del			generated/PAVS_MASTER_2460.json
PAVS_MASTER_2461	Variant list.tsv			HCN1	HCN1:c.2555del			generated/PAVS_MASTER_2461.json
PAVS_MASTER_2462	Variant list.tsv			SCN1A	SCN1A:c.1244T>C			generated/PAVS_MASTER_2462.json
PAVS_MASTER_2463	Variant list.tsv			RUNX1	RUNX1:c.610C>T			generated/PAVS_MASTER_2463.json
PAVS_MASTER_2464	Variant list.tsv			SEPSECS	SEPSECS:c.256C>T			generated/PAVS_MASTER_2464.json
PAVS_MASTER_2465	Variant list.tsv			TTI2	TTI2:c.1309T>G			generated/PAVS_MASTER_2465.json
PAVS_MASTER_2466	Variant list.tsv			TCOF1	TCOF1:c.2147A>G			generated/PAVS_MASTER_2466.json
PAVS_MASTER_2467	Variant list.tsv			UFSP2	UFSP2:c.1333G>A			generated/PAVS_MASTER_2467.json
PAVS_MASTER_2468	Variant list.tsv			SCN5A	SCN5A:c.5215C>T			generated/PAVS_MASTER_2468.json
PAVS_MASTER_2469	Variant list.tsv			UNC80	UNC80:c.8770G>A			generated/PAVS_MASTER_2469.json
PAVS_MASTER_2470	Variant list.tsv			COQ9	COQ9:c.73G>A			generated/PAVS_MASTER_2470.json
PAVS_MASTER_2471	Variant list.tsv			ITGB3	ITGB3:c.727G>C			generated/PAVS_MASTER_2471.json
PAVS_MASTER_2472	Variant list.tsv			PRX	PRX:c.3085A>T			generated/PAVS_MASTER_2472.json
PAVS_MASTER_2473	Variant list.tsv			MCOLN1	MCOLN1:c.1336G>A			generated/PAVS_MASTER_2473.json
PAVS_MASTER_2474	Variant list.tsv			IHH	IHH:c.53_78delinsGGGCC			generated/PAVS_MASTER_2474.json
PAVS_MASTER_2475	Variant list.tsv			ARID1B	ARID1B:c.4975del			generated/PAVS_MASTER_2475.json
PAVS_MASTER_2476	Variant list.tsv			GABRB2	GABRB2:c.877C>T			generated/PAVS_MASTER_2476.json
PAVS_MASTER_2477	Variant list.tsv			MAG	MAG:c.795C>A			generated/PAVS_MASTER_2477.json
PAVS_MASTER_2478	Variant list.tsv			TNFSF11	TNFSF11::c.561G>C			generated/PAVS_MASTER_2478.json
PAVS_MASTER_2479	Variant list.tsv			ECEL1	ECEL1:c.1210C>T			generated/PAVS_MASTER_2479.json
PAVS_MASTER_2480	Variant list.tsv			CNGB3	CNGB3:c.2410A>T			generated/PAVS_MASTER_2480.json
PAVS_MASTER_2481	Variant list.tsv			AGPAT2	AGPAT2:c.335del			generated/PAVS_MASTER_2481.json
PAVS_MASTER_2482	Variant list.tsv			NR2F1	NR2F1:c.1117C>T			generated/PAVS_MASTER_2482.json
PAVS_MASTER_2483	Variant list.tsv			SMPD1	SMPD1:c.1430C>T			generated/PAVS_MASTER_2483.json
PAVS_MASTER_2484	Variant list.tsv			FASTKD2	FASTKD2:c.1496T>C			generated/PAVS_MASTER_2484.json
PAVS_MASTER_2485	Variant list.tsv			PTPN11	PTPN11:c.1519G>A			generated/PAVS_MASTER_2485.json
PAVS_MASTER_2486	Variant list.tsv			FLNC	FLNC:c.3557C>T			generated/PAVS_MASTER_2486.json
PAVS_MASTER_2487	Variant list.tsv			METTL23	METTL23:c.271C>G			generated/PAVS_MASTER_2487.json
PAVS_MASTER_2488	Variant list.tsv			PRG4	PRG4:c.3139_3140del			generated/PAVS_MASTER_2488.json
PAVS_MASTER_2489	Variant list.tsv			GRIN2A	GRIN2A:c.890G>T			generated/PAVS_MASTER_2489.json
PAVS_MASTER_2490	Variant list.tsv			CNGA3	CNGA3:c.830G>A			generated/PAVS_MASTER_2490.json
PAVS_MASTER_2491	Variant list.tsv			MPDZ	MPDZ:c.628C>T			generated/PAVS_MASTER_2491.json
PAVS_MASTER_2492	Variant list.tsv			NTRK1	NTRK1:c.526C>T			generated/PAVS_MASTER_2492.json
PAVS_MASTER_2493	Variant list.tsv			RAB3GAP1	RAB3GAP1:c.1009C>T			generated/PAVS_MASTER_2493.json
PAVS_MASTER_2494	Variant list.tsv			CLDN16	CLDN16:c.445C>T			generated/PAVS_MASTER_2494.json
PAVS_MASTER_2495	Variant list.tsv			RAB33B	RAB33B:c.136A>C			generated/PAVS_MASTER_2495.json
PAVS_MASTER_2496	Variant list.tsv			LRSAM1	LRSAM1:c.1600-106A>G			generated/PAVS_MASTER_2496.json
PAVS_MASTER_2497	Variant list.tsv			COL10A1	COL10A1:c.1771T>G			generated/PAVS_MASTER_2497.json
PAVS_MASTER_2498	Variant list.tsv			PHOX2B	PHOX2B:c.721_722ins25			generated/PAVS_MASTER_2498.json
PAVS_MASTER_2499	Variant list.tsv			SYP	SYP:c.512C>G			generated/PAVS_MASTER_2499.json
PAVS_MASTER_2500	Variant list.tsv			ABCC2	ABCC2:c.2273G>T			generated/PAVS_MASTER_2500.json
PAVS_MASTER_2501	Variant list.tsv			RNASEH2A	RNASEH2A:c.557G>A			generated/PAVS_MASTER_2501.json
PAVS_MASTER_2502	Variant list.tsv			MKKS	MKKS:c.116C>T			generated/PAVS_MASTER_2502.json
PAVS_MASTER_2503	Variant list.tsv			MECP2	MECP2:c.916C>T			generated/PAVS_MASTER_2503.json
PAVS_MASTER_2504	Variant list.tsv			SPTA1	SPTA1:c.5263C>G			generated/PAVS_MASTER_2504.json
PAVS_MASTER_2505	Variant list.tsv			SLC13A5	SLC13A5:c.655G>A			generated/PAVS_MASTER_2505.json
PAVS_MASTER_2506	Variant list.tsv			ADCK4	ADCK4:c.532C>T			generated/PAVS_MASTER_2506.json
PAVS_MASTER_2507	Variant list.tsv			PTRH2	PTRH2:c.257A>C			generated/PAVS_MASTER_2507.json
PAVS_MASTER_2508	Variant list.tsv			SMG9	SMG9:c.701+4A>G			generated/PAVS_MASTER_2508.json
PAVS_MASTER_2509	Variant list.tsv			DLL4	DLL4:c.1392C>A			generated/PAVS_MASTER_2509.json
PAVS_MASTER_2510	Variant list.tsv			INPP5E	INPP5E:c.1304G>A			generated/PAVS_MASTER_2510.json
PAVS_MASTER_2511	Variant list.tsv			PGAP3	PGAP3::c.850C>T			generated/PAVS_MASTER_2511.json
PAVS_MASTER_2512	Variant list.tsv			SNX14	SNX14:c.2722C>T			generated/PAVS_MASTER_2512.json
PAVS_MASTER_2513	Variant list.tsv			CYP2U1 	CYP2U1 :c.947 A>T			generated/PAVS_MASTER_2513.json
PAVS_MASTER_2514	Variant list.tsv			CWF19L1	CWF19L1:c.605dup			generated/PAVS_MASTER_2514.json
PAVS_MASTER_2515	Variant list.tsv			LARP7	LARP7:c.1045_1051dupAAGGATA			generated/PAVS_MASTER_2515.json
PAVS_MASTER_2516	Variant list.tsv			CTNNB1	CTNNB1:c.1981C>T			generated/PAVS_MASTER_2516.json
PAVS_MASTER_2517	Variant list.tsv			SERAC1	SERAC1:c.438del			generated/PAVS_MASTER_2517.json
PAVS_MASTER_2518	Variant list.tsv			UGDH	UGDH:c.950G>A			generated/PAVS_MASTER_2518.json
PAVS_MASTER_2519	Variant list.tsv			NUDT2	NUDT2:c.34C>T			generated/PAVS_MASTER_2519.json
PAVS_MASTER_2520	Variant list.tsv			TUBB2A	TUBB2A:c.1178C>T			generated/PAVS_MASTER_2520.json
PAVS_MASTER_2521	Variant list.tsv			MAB21L2	MAB21L2:c.151C>G			generated/PAVS_MASTER_2521.json
PAVS_MASTER_2522	Variant list.tsv			PCCA	PCCA:c.425G>A			generated/PAVS_MASTER_2522.json
PAVS_MASTER_2523	Variant list.tsv			ADK	ADK:c.813dup			generated/PAVS_MASTER_2523.json
PAVS_MASTER_2524	Variant list.tsv			FAT1	FAT1:c.3995G>A			generated/PAVS_MASTER_2524.json
PAVS_MASTER_2525	Variant list.tsv			GLI2	GLI2:c.1418G>A			generated/PAVS_MASTER_2525.json
PAVS_MASTER_2526	Variant list.tsv			UBR1	UBR1:c.1440-1G>A			generated/PAVS_MASTER_2526.json
PAVS_MASTER_2527	Variant list.tsv			CHRND	CHRND:c.1367A>G			generated/PAVS_MASTER_2527.json
PAVS_MASTER_2528	Variant list.tsv			SLC25A22	SLC25A22:c.754C>T			generated/PAVS_MASTER_2528.json
PAVS_MASTER_2529	Variant list.tsv			COL6A3	COL6A3:c.9128G>A			generated/PAVS_MASTER_2529.json
PAVS_MASTER_2530	Variant list.tsv			NDUFS1	NDUFS1:c.2163G>A			generated/PAVS_MASTER_2530.json
PAVS_MASTER_2531	Variant list.tsv			POLG	POLG:c.576G>T			generated/PAVS_MASTER_2531.json
PAVS_MASTER_2532	Variant list.tsv			EIF2B2	EIF2B2:c.591C>G			generated/PAVS_MASTER_2532.json
PAVS_MASTER_2533	Variant list.tsv			KDM5C	KDM5C:c.3072G>T			generated/PAVS_MASTER_2533.json
PAVS_MASTER_2534	Variant list.tsv			DMD	DMD:c.8027+7A>T			generated/PAVS_MASTER_2534.json
PAVS_MASTER_2535	Variant list.tsv			ASXL3	ASXL3:c.2471C>T			generated/PAVS_MASTER_2535.json
PAVS_MASTER_2536	Variant list.tsv			ATP1B4	ATP1B4:c.773G>A			generated/PAVS_MASTER_2536.json
PAVS_MASTER_2537	Variant list.tsv			FKRP	FKRP:c.1012G>T			generated/PAVS_MASTER_2537.json
PAVS_MASTER_2538	Variant list.tsv			RAB3GAP1	RAB3GAP1:c.559C>T			generated/PAVS_MASTER_2538.json
PAVS_MASTER_2539	Variant list.tsv			GAD1	GAD1:c.1402T>G			generated/PAVS_MASTER_2539.json
PAVS_MASTER_2540	Variant list.tsv			CEP152	CEP152:c.2148-17G>A			generated/PAVS_MASTER_2540.json
PAVS_MASTER_2541	Variant list.tsv			TTN	TTN:c.106375-2A>G			generated/PAVS_MASTER_2541.json
PAVS_MASTER_2542	Variant list.tsv			CTSA	CTSA:c.655-2A>G			generated/PAVS_MASTER_2542.json
PAVS_MASTER_2543	Variant list.tsv			COL5A2	COL5A2:c.3260C>G			generated/PAVS_MASTER_2543.json
PAVS_MASTER_2544	Variant list.tsv			TJP1	TJP1:c.353G>T			generated/PAVS_MASTER_2544.json
PAVS_MASTER_2545	Variant list.tsv			GALT	GALT:(c.404C>T			generated/PAVS_MASTER_2545.json
PAVS_MASTER_2546	Variant list.tsv			ASNS	ASNS:c.1130A>G			generated/PAVS_MASTER_2546.json
PAVS_MASTER_2547	Variant list.tsv			DDX59	DDX59:c.1654_1656del			generated/PAVS_MASTER_2547.json
PAVS_MASTER_2548	Variant list.tsv			C12orf57	C12orf57:(c.1A>G			generated/PAVS_MASTER_2548.json
PAVS_MASTER_2549	Variant list.tsv			SLC2A10	SLC2A10:c.243C>G			generated/PAVS_MASTER_2549.json
PAVS_MASTER_2550	Variant list.tsv			PUF60	PUF60:c.931del			generated/PAVS_MASTER_2550.json
PAVS_MASTER_2551	Variant list.tsv			FBXL4	FBXL4:c.1555C>T			generated/PAVS_MASTER_2551.json
PAVS_MASTER_2552	Variant list.tsv			KCNQ2	KCNQ2:c.724T>G			generated/PAVS_MASTER_2552.json
PAVS_MASTER_2553	Variant list.tsv			ABCB4	ABCB4:c.2906G>A			generated/PAVS_MASTER_2553.json
PAVS_MASTER_2554	Variant list.tsv			COQ2	COQ2:c.16C>A			generated/PAVS_MASTER_2554.json
PAVS_MASTER_2555	Variant list.tsv			OTOF	OTOF:c.5375G>A			generated/PAVS_MASTER_2555.json
PAVS_MASTER_2556	Variant list.tsv			PLA2G6	PLA2G6:c.958G>A			generated/PAVS_MASTER_2556.json
PAVS_MASTER_2557	Variant list.tsv			HNRNPA1	HNRNPA1:c.702_722del			generated/PAVS_MASTER_2557.json
PAVS_MASTER_2558	Variant list.tsv			ALG11	ALG11:c.1265C>T			generated/PAVS_MASTER_2558.json
PAVS_MASTER_2559	Variant list.tsv			DLD	DLD:c.685G>T			generated/PAVS_MASTER_2559.json
PAVS_MASTER_2560	Variant list.tsv			KCNB1	KCNB1:c.1160C>A			generated/PAVS_MASTER_2560.json
PAVS_MASTER_2561	Variant list.tsv			SLC17A5	SLC17A5:c.406A>G			generated/PAVS_MASTER_2561.json
PAVS_MASTER_2562	Variant list.tsv			NPHP3	NPHP3:c.3406C>T			generated/PAVS_MASTER_2562.json
PAVS_MASTER_2563	Variant list.tsv			ITPR3	ITPR3:c.2226C>A			generated/PAVS_MASTER_2563.json
PAVS_MASTER_2564	Variant list.tsv			SPAST	SPAST:c.1496G>A			generated/PAVS_MASTER_2564.json
PAVS_MASTER_2565	Variant list.tsv			KIAA0196	KIAA0196:c.2228A>G			generated/PAVS_MASTER_2565.json
PAVS_MASTER_2566	Variant list.tsv			PEX5	PEX5:c.1822C>T			generated/PAVS_MASTER_2566.json
PAVS_MASTER_2567	Variant list.tsv			ELAC2	ELAC2:c.680G>T			generated/PAVS_MASTER_2567.json
PAVS_MASTER_2568	Variant list.tsv			TGFBR1	TGFBR1:c.1433A>G			generated/PAVS_MASTER_2568.json
PAVS_MASTER_2569	Variant list.tsv			LARP7	LARP7:c.1146_1163del			generated/PAVS_MASTER_2569.json
PAVS_MASTER_2570	Variant list.tsv			GRIN2B	GRIN2B:c.2429G>A			generated/PAVS_MASTER_2570.json
PAVS_MASTER_2571	Variant list.tsv			RIT1	RIT1:c.260A>G			generated/PAVS_MASTER_2571.json
PAVS_MASTER_2572	Variant list.tsv			SUOX	SUOX:c.520del			generated/PAVS_MASTER_2572.json
PAVS_MASTER_2573	Variant list.tsv			LAMA2	LAMA2:c.1893_1897del			generated/PAVS_MASTER_2573.json
PAVS_MASTER_2574	Variant list.tsv			ARID1B	ARID1B:c.3077del			generated/PAVS_MASTER_2574.json
PAVS_MASTER_2575	Variant list.tsv			RPGRIP1	RPGRIP1:c.1107del			generated/PAVS_MASTER_2575.json
PAVS_MASTER_2576	Variant list.tsv			ZNF469	ZNF469:c.5248C>A			generated/PAVS_MASTER_2576.json
PAVS_MASTER_2577	Variant list.tsv			HDAC8	HDAC8:c.859T>C			generated/PAVS_MASTER_2577.json
PAVS_MASTER_2578	Variant list.tsv			NPR2	NPR2:c.1032T>G			generated/PAVS_MASTER_2578.json
PAVS_MASTER_2579	Variant list.tsv			MASP1	MASP1:c.1507C>T			generated/PAVS_MASTER_2579.json
PAVS_MASTER_2580	Variant list.tsv			NOTCH2	NOTCH2:c.1619C>T			generated/PAVS_MASTER_2580.json
PAVS_MASTER_2581	Variant list.tsv			WDR62	WDR62:c.2972A>T			generated/PAVS_MASTER_2581.json
PAVS_MASTER_2582	Variant list.tsv			BRIP1	BRIP1:c.653G>A			generated/PAVS_MASTER_2582.json
PAVS_MASTER_2583	Variant list.tsv			CACNA1A	CACNA1A:c.154A>G			generated/PAVS_MASTER_2583.json
PAVS_MASTER_2584	Variant list.tsv			USP9X	USP9X:c.90G>C			generated/PAVS_MASTER_2584.json
PAVS_MASTER_2585	Variant list.tsv			ABCB4 	ABCB4 :c.1378A>T			generated/PAVS_MASTER_2585.json
PAVS_MASTER_2586	Variant list.tsv			MLYCD	MLYCD:c.901G>C			generated/PAVS_MASTER_2586.json
PAVS_MASTER_2587	Variant list.tsv			CC2D1A	CC2D1A:c.748+1G>T			generated/PAVS_MASTER_2587.json
PAVS_MASTER_2588	Variant list.tsv			ERCC6L2	ERCC6L2:c.412C>G			generated/PAVS_MASTER_2588.json
PAVS_MASTER_2589	Variant list.tsv			SPG11	SPG11:c.3425C>G			generated/PAVS_MASTER_2589.json
PAVS_MASTER_2590	Variant list.tsv			KRT74	KRT74:c.1403G>A			generated/PAVS_MASTER_2590.json
PAVS_MASTER_2591	Variant list.tsv			PSAP	PSAP:c.722G>C			generated/PAVS_MASTER_2591.json
PAVS_MASTER_2592	Variant list.tsv			ADNP	ADNP:c.2157de			generated/PAVS_MASTER_2592.json
PAVS_MASTER_2593	Variant list.tsv			ETHE1	ETHE1:c.592dupC			generated/PAVS_MASTER_2593.json
PAVS_MASTER_2594	Variant list.tsv			ZNF711	ZNF711:c.1744G>A			generated/PAVS_MASTER_2594.json
PAVS_MASTER_2595	Variant list.tsv			ATF6	ATF6:c.511del			generated/PAVS_MASTER_2595.json
PAVS_MASTER_2596	Variant list.tsv			TTN	TTN:c.28174+1G>T			generated/PAVS_MASTER_2596.json
PAVS_MASTER_2597	Variant list.tsv			SOX5	SOX5:c.1075G>A			generated/PAVS_MASTER_2597.json
PAVS_MASTER_2598	Variant list.tsv			MALT1	MALT1:c.1240G>A			generated/PAVS_MASTER_2598.json
PAVS_MASTER_2599	Variant list.tsv			MRE11A	MRE11A:c.630G>C			generated/PAVS_MASTER_2599.json
PAVS_MASTER_2600	Variant list.tsv			ERCC6L2	ERCC6L2:c.452 A>G			generated/PAVS_MASTER_2600.json
PAVS_MASTER_2601	Variant list.tsv			IFT172	IFT172:c.4130C>T			generated/PAVS_MASTER_2601.json
PAVS_MASTER_2602	Variant list.tsv			ANK3 	ANK3 :c.1069A>T			generated/PAVS_MASTER_2602.json
PAVS_MASTER_2603	Variant list.tsv			PHYH	PHYH:c.173G>T			generated/PAVS_MASTER_2603.json
PAVS_MASTER_2604	Variant list.tsv			SGSH	SGSH:c.344G>C			generated/PAVS_MASTER_2604.json
PAVS_MASTER_2605	Variant list.tsv			ALG13	ALG13:c.2159G>T			generated/PAVS_MASTER_2605.json
PAVS_MASTER_2606	Variant list.tsv			MYO18B	MYO18B:c.6908C>A			generated/PAVS_MASTER_2606.json
PAVS_MASTER_2607	Variant list.tsv			TUBA1A	TUBA1A:c.74G>A			generated/PAVS_MASTER_2607.json
PAVS_MASTER_2608	Variant list.tsv			MAN1B1	MAN1B1:c.403G>A			generated/PAVS_MASTER_2608.json
PAVS_MASTER_2609	Variant list.tsv			CYP21A2	CYP21A2:c.850A>G			generated/PAVS_MASTER_2609.json
PAVS_MASTER_2610	Variant list.tsv			GALNS	GALNS:c.1492G>A			generated/PAVS_MASTER_2610.json
PAVS_MASTER_2611	Variant list.tsv			CECR1	CECR1:c.882-2A>G			generated/PAVS_MASTER_2611.json
PAVS_MASTER_2612	Variant list.tsv			KIAA1107	KIAA1107:c.1978A>T			generated/PAVS_MASTER_2612.json
PAVS_MASTER_2613	Variant list.tsv			WDR35	WDR35:c.206G>A			generated/PAVS_MASTER_2613.json
PAVS_MASTER_2614	Variant list.tsv			SUMF1	SUMF1:c.785A>G			generated/PAVS_MASTER_2614.json
PAVS_MASTER_2615	Variant list.tsv			XYLT1	XYLT1:c.1129C>G			generated/PAVS_MASTER_2615.json
PAVS_MASTER_2616	Variant list.tsv			DHTKD1	DHTKD1:c.2402+3A>G			generated/PAVS_MASTER_2616.json
PAVS_MASTER_2617	Variant list.tsv			ATP8A2	ATP8A2:c.2749A>G			generated/PAVS_MASTER_2617.json
PAVS_MASTER_2618	Variant list.tsv			RFXANK	RFXANK:c.362A>T			generated/PAVS_MASTER_2618.json
PAVS_MASTER_2619	Variant list.tsv			LARGE	LARGE:c.391G>A			generated/PAVS_MASTER_2619.json
PAVS_MASTER_2620	Variant list.tsv			ADAT3	ADAT3:c.430G>A			generated/PAVS_MASTER_2620.json
PAVS_MASTER_2621	Variant list.tsv			GTPBP2	GTPBP2:c.1236+1G>A			generated/PAVS_MASTER_2621.json
PAVS_MASTER_2622	Variant list.tsv			GRM1	GRM1:c.1073G>A			generated/PAVS_MASTER_2622.json
PAVS_MASTER_2623	Variant list.tsv			CUL4B	CUL4B:c.497C>T			generated/PAVS_MASTER_2623.json
PAVS_MASTER_2624	Variant list.tsv			ITPR1	ITPR1:c.3161C>T			generated/PAVS_MASTER_2624.json
PAVS_MASTER_2625	Variant list.tsv			LAMA2	LAMA2:c.2755C>T			generated/PAVS_MASTER_2625.json
PAVS_MASTER_2626	Variant list.tsv			PCCA	PCCA:c.425G>A			generated/PAVS_MASTER_2626.json
PAVS_MASTER_2627	Variant list.tsv			KCNB1	KCNB1:c.1222C>T			generated/PAVS_MASTER_2627.json
PAVS_MASTER_2628	Variant list.tsv			MCOLN1	MCOLN1:c.1336G>A			generated/PAVS_MASTER_2628.json
PAVS_MASTER_2629	Variant list.tsv			ECHS1	ECHS1:c.88+5G>A			generated/PAVS_MASTER_2629.json
PAVS_MASTER_2630	Variant list.tsv			DACT1	DACT1:c.979_980del			generated/PAVS_MASTER_2630.json
PAVS_MASTER_2631	Variant list.tsv			SMG9	SMG9:c.701+4A>G			generated/PAVS_MASTER_2631.json
PAVS_MASTER_2632	Variant list.tsv			MYO5A	MYO5A:c.3098T>G			generated/PAVS_MASTER_2632.json
PAVS_MASTER_2633	Variant list.tsv			MSH2	MSH2:c.619G>T			generated/PAVS_MASTER_2633.json
PAVS_MASTER_2634	Variant list.tsv			CYP21A2	CYP21A2:c.955C>T			generated/PAVS_MASTER_2634.json
PAVS_MASTER_2635	Variant list.tsv			UGDH	UGDH:c.950G>A			generated/PAVS_MASTER_2635.json
PAVS_MASTER_2636	Variant list.tsv			MYT1L	MYT1L:c.1585G>A			generated/PAVS_MASTER_2636.json
PAVS_MASTER_2637	Variant list.tsv			C5orf42	C5orf42:c.7778G>A			generated/PAVS_MASTER_2637.json
PAVS_MASTER_2638	Variant list.tsv			LEMD3	LEMD3:c.2094T>G			generated/PAVS_MASTER_2638.json
PAVS_MASTER_2639	Variant list.tsv			ABCC2	ABCC2:c.2273G>T			generated/PAVS_MASTER_2639.json
PAVS_MASTER_2640	Variant list.tsv			VPS13B	VPS13B:c.1219C>T			generated/PAVS_MASTER_2640.json
PAVS_MASTER_2641	Variant list.tsv			PARS2	PARS2:c.283G>A			generated/PAVS_MASTER_2641.json
PAVS_MASTER_2642	Variant list.tsv			EPCAM	EPCAM:c.499dup			generated/PAVS_MASTER_2642.json
PAVS_MASTER_2643	Variant list.tsv			CHD7	CHD7:c.6734del			generated/PAVS_MASTER_2643.json
PAVS_MASTER_2644	Variant list.tsv			CREBBP	CREBBP:c.7311G>T			generated/PAVS_MASTER_2644.json
PAVS_MASTER_2645	Variant list.tsv			THOC2	THOC2:c.133T>A			generated/PAVS_MASTER_2645.json
PAVS_MASTER_2646	Variant list.tsv			LPAR6	LPAR6:c.373_374del			generated/PAVS_MASTER_2646.json
PAVS_MASTER_2647	Variant list.tsv			ABCC8	ABCC8:c.1882G>A			generated/PAVS_MASTER_2647.json
PAVS_MASTER_2648	Variant list.tsv			LHX3	LHX3:c.127A>G			generated/PAVS_MASTER_2648.json
PAVS_MASTER_2649	Variant list.tsv			WFS1	WFS1:c.2494C>T			generated/PAVS_MASTER_2649.json
PAVS_MASTER_2650	Variant list.tsv			CIT	CIT:c.3350+5G>A	SELENON:c.455G>T		generated/PAVS_MASTER_2650.json
PAVS_MASTER_2651	Variant list.tsv			PTPN11	PTPN11:c.794G>A			generated/PAVS_MASTER_2651.json
PAVS_MASTER_2652	Variant list.tsv			SLITRK6	SLITRK6:c.1904G>A			generated/PAVS_MASTER_2652.json
PAVS_MASTER_2653	Variant list.tsv			KIT	KIT:c.2872A>G			generated/PAVS_MASTER_2653.json
PAVS_MASTER_2654	Variant list.tsv			GBE1	GBE1:c.998A>T			generated/PAVS_MASTER_2654.json
PAVS_MASTER_2655	Variant list.tsv			EDN1	EDN1:c.184G>C			generated/PAVS_MASTER_2655.json
PAVS_MASTER_2656	Variant list.tsv			LARS2	LARS2:c.457A>C			generated/PAVS_MASTER_2656.json
PAVS_MASTER_2657	Variant list.tsv			LTBP2	LTBP2:c.1934T>C			generated/PAVS_MASTER_2657.json
PAVS_MASTER_2658	Variant list.tsv			POLR1A	POLR1A:c.253C>T			generated/PAVS_MASTER_2658.json
PAVS_MASTER_2659	Variant list.tsv			TMEM231	TMEM231:c.685C>G			generated/PAVS_MASTER_2659.json
PAVS_MASTER_2660	Variant list.tsv			SLC9A3	SLC9A3:c.932+1G>A			generated/PAVS_MASTER_2660.json
PAVS_MASTER_2661	Variant list.tsv			ALMS1	ALMS1:c.2731_2734del			generated/PAVS_MASTER_2661.json
PAVS_MASTER_2662	Variant list.tsv			KCNK3	KCNK3:c.250_267dup			generated/PAVS_MASTER_2662.json
PAVS_MASTER_2663	Variant list.tsv			SRPX2	SRPX2:c.560C>T			generated/PAVS_MASTER_2663.json
PAVS_MASTER_2664	Variant list.tsv			ATRX	ATRX:c.3535G>A			generated/PAVS_MASTER_2664.json
PAVS_MASTER_2665	Variant list.tsv			KANK1	KANK1:c.130G>T			generated/PAVS_MASTER_2665.json
PAVS_MASTER_2666	Variant list.tsv			SLC36A2	SLC36A2:c.448G>A			generated/PAVS_MASTER_2666.json
PAVS_MASTER_2667	Variant list.tsv			WISP3	WISP3:c.300del			generated/PAVS_MASTER_2667.json
PAVS_MASTER_2668	Variant list.tsv			CASK	CASK:c.2327_2328del			generated/PAVS_MASTER_2668.json
PAVS_MASTER_2669	Variant list.tsv			COQ8A	COQ8A:c.1867_1869dup			generated/PAVS_MASTER_2669.json
PAVS_MASTER_2670	Variant list.tsv			DEAF1	DEAF1:c.776C>T			generated/PAVS_MASTER_2670.json
PAVS_MASTER_2671	Variant list.tsv			PTH1R	PTH1R:c.611T>A			generated/PAVS_MASTER_2671.json
PAVS_MASTER_2672	Variant list.tsv			DLD	DLD:c.685G>T			generated/PAVS_MASTER_2672.json
PAVS_MASTER_2673	Variant list.tsv			CYP27B1	CYP27B1:c.305G>A			generated/PAVS_MASTER_2673.json
PAVS_MASTER_2674	Variant list.tsv			SOS1	SOS1:c.2316G>C			generated/PAVS_MASTER_2674.json
PAVS_MASTER_2675	Variant list.tsv			ELN	ELN:c.1357G>A			generated/PAVS_MASTER_2675.json
PAVS_MASTER_2676	Variant list.tsv			PRUNE1	PRUNE1:c.901A>G			generated/PAVS_MASTER_2676.json
PAVS_MASTER_2677	Variant list.tsv			PEX5	PEX5:c.1641T>G			generated/PAVS_MASTER_2677.json
PAVS_MASTER_2678	Variant list.tsv			KCNA2	KCNA2:c.1195G>A			generated/PAVS_MASTER_2678.json
PAVS_MASTER_2679	Variant list.tsv			POMC	POMC:c.297_298ins90			generated/PAVS_MASTER_2679.json
PAVS_MASTER_2680	Variant list.tsv			CEP164	CEP164:c.76G>A			generated/PAVS_MASTER_2680.json
PAVS_MASTER_2681	Variant list.tsv			PTPN11	PTPN11:c.1415C>T			generated/PAVS_MASTER_2681.json
PAVS_MASTER_2682	Variant list.tsv			TRMT10A	TRMT10A:c.697_698delinsTA			generated/PAVS_MASTER_2682.json
PAVS_MASTER_2683	Variant list.tsv			ARHGEF9	ARHGEF9:c.311G>A			generated/PAVS_MASTER_2683.json
PAVS_MASTER_2684	Variant list.tsv			ARID1B	ARID1B:c.5602G>T			generated/PAVS_MASTER_2684.json
PAVS_MASTER_2685	Variant list.tsv			WNT1	WNT1:c.1090C>G			generated/PAVS_MASTER_2685.json
PAVS_MASTER_2686	Variant list.tsv			TBCD	TBCD:c.1661C>T			generated/PAVS_MASTER_2686.json
PAVS_MASTER_2687	Variant list.tsv			FLG2	FLG2:c.632C>G			generated/PAVS_MASTER_2687.json
PAVS_MASTER_2688	Variant list.tsv			KIF11	KIF11:c.980G>A			generated/PAVS_MASTER_2688.json
PAVS_MASTER_2689	Variant list.tsv			DSE	DSE:c.1625G>A			generated/PAVS_MASTER_2689.json
PAVS_MASTER_2690	Variant list.tsv			COL4A3BP	COL4A3BP:c.1719del			generated/PAVS_MASTER_2690.json
PAVS_MASTER_2691	Variant list.tsv			SAMHD1	SAMHD1:c.571A>G			generated/PAVS_MASTER_2691.json
PAVS_MASTER_2692	Variant list.tsv			AGL	AGL:c.113C>G			generated/PAVS_MASTER_2692.json
