Master_ID	Source	Original_ID	Sex	Age	Zygosity_GENO	Phenotypes_HPO	Variants_HGVS	Genome_Build	Diseases	Original_Unmatched
PAVS_MASTER_0001	439_2017_1821_MOESM1_ESM.tsv	16-2457	FEMALE	?	GENO:0000135	HP:0000252|HP:0001250|HP:0001328|HP:0001508|HP:0006970	CEP152:NM_001194998:c.2021G>T	GRCh37	not known	Seizures (type Myoclonic)|Learning disability
PAVS_MASTER_0002	439_2017_1821_MOESM1_ESM.tsv	16-2459	MALE	2	GENO:0000135	HP:0000252|HP:0000750|HP:0001249|HP:0001252|HP:0001270|HP:0001324|HP:0001328|HP:0001508|HP:0002194|HP:0003198|HP:0006970	ASXL3:NM_030632:c.4117_4118insAGAT	GRCh37	not known	congenital myopathy-??|Periventricular leukomalacia-??|Learning disability|fine motor delay
PAVS_MASTER_0003	439_2017_1821_MOESM1_ESM.tsv	16-2460	FEMALE	8	GENO:0000135	HP:0000938|HP:0001263|HP:0001385|HP:0001507|HP:0002673|HP:0002692|HP:0002808|HP:0004322|HP:0030084	not known:NM_001303401:c.1737G>A	GRCh37	not known	kyphosis in cervical spine|developmental delay mainly speech delay as well as behavior disturbances (ADHD)|and DDH|clinodactyly which may suggest Seckel syndrome|general osteopenia|Thickness in base of skull with narrowing of the foramen magnum|coxa valgus|growth parameters below 5th percentile|kyphosis in sacrum|Primordial short stature and hearing deficit
PAVS_MASTER_0004	439_2017_1821_MOESM1_ESM.tsv	16-2465	FEMALE	6		HP:0001251|HP:0001276|HP:0002194		GRCh37	not known	
PAVS_MASTER_0005	439_2017_1821_MOESM1_ESM.tsv	16-2471	FEMALE	38	GENO:0000135	HP:0001252|HP:0001324|HP:0003546	COL6A2:NM_058175:c.2422+1G>A	GRCh37	not known	exercise intolerance/easy fatigue|creatine phosphatase abnormalities
PAVS_MASTER_0006	439_2017_1821_MOESM1_ESM.tsv	16-2472	MALE	16	GENO:0000136	HP:0001252|HP:0001324|HP:0002650|HP:0009830	SH3TC2:NM_024577:c.2238dupC	GRCh37	not known	demyelinating sensory motor neuropathy
PAVS_MASTER_0007	439_2017_1821_MOESM1_ESM.tsv	16-2473	MALE	39	GENO:0000136	HP:0001252|HP:0001324|HP:0003198|HP:0003546	RYR1:NM_001042723:c.14194C>T	GRCh37	not known	exercise intolerance/easy fatigue|creatine phosphatase abnormalities|vacuolar myopathy
PAVS_MASTER_0008	439_2017_1821_MOESM1_ESM.tsv	16-2474	MALE	26	GENO:0000136	HP:0001257|HP:0001324|HP:0003470|HP:0034392	CYP7B1:NM_004820:c.1057G>T	GRCh37	not known	contractures|spastic paralysis
PAVS_MASTER_0009	439_2017_1821_MOESM1_ESM.tsv	16-2475	MALE	2		HP:0001274|HP:0001360		GRCh37	not known	not diabetic.
PAVS_MASTER_0010	439_2017_1821_MOESM1_ESM.tsv	16-2476	FEMALE	2	GENO:0000136	HP:0000750|HP:0001249|HP:0001252|HP:0001270|HP:0001328|HP:0002194|HP:0002376|HP:0005484	ARSA:NM_000487:c.877C>T	GRCh37	not known	learning disability|fine motor delay
PAVS_MASTER_0011	439_2017_1821_MOESM1_ESM.tsv	16-2477	FEMALE	3	GENO:0000136	HP:0000252|HP:0000750|HP:0001249|HP:0001252|HP:0001257|HP:0001270|HP:0001328|HP:0002194|HP:0012444	ADAT3:NM_138422:c.430G>A	GRCh37	not known	fine motor delay|spasticity.|GDD microcephaly|learning disability|hypotonia hypertonia
PAVS_MASTER_0012	439_2017_1821_MOESM1_ESM.tsv	16-2478	MALE	16 months	GENO:0000136	HP:0001252|HP:0001270|HP:0001324|HP:0002058|HP:0002194	LAMA2:NM_000426:c.3924+2T>C	GRCh37	not known	significant hypotonia|myopathic facies with motor developmental delay|fine motor delay
PAVS_MASTER_0013	439_2017_1821_MOESM1_ESM.tsv	16-2480	MALE	9		HP:0000750|HP:0001249|HP:0001250|HP:0001270|HP:0002194		GRCh37	not known	Array CGH-normal.|Fine motor delay
PAVS_MASTER_0014	439_2017_1821_MOESM1_ESM.tsv	16-2482	FEMALE	2		HP:0000750|HP:0001252|HP:0001270|HP:0002194		GRCh37	not known	Fine motor delay|GDD mild hypotonia
PAVS_MASTER_0015	439_2017_1821_MOESM1_ESM.tsv	16-2485-B	FEMALE	9		HP:0000252|HP:0000750|HP:0001249|HP:0001252|HP:0001257|HP:0001270|HP:0001328|HP:0001332|HP:0001508|HP:0001875|HP:0002194|HP:0034392		GRCh37	not known	chronic diarrhea.|contractures|Learning disability|fine motor delay
PAVS_MASTER_0016	439_2017_1821_MOESM1_ESM.tsv	16-2490	MALE	11	GENO:0000135	HP:0001251|HP:0001264|HP:0001276|HP:0001513	SETX:NM_015046:c.1202T>C	GRCh37	not known	spastic diplegia with normal mentality.
PAVS_MASTER_0017	439_2017_1821_MOESM1_ESM.tsv	16-2491	FEMALE	8	GENO:0000136	HP:0001892|HP:0001943	not known:NM_000151:c.247C>T	GRCh37	not known	GSD type 1
PAVS_MASTER_0018	439_2017_1821_MOESM1_ESM.tsv	16-2493	FEMALE	6	GENO:0000136	HP:0000252|HP:0000750|HP:0001257|HP:0001270|HP:0002069|HP:0002194|HP:0002376|HP:0002500|HP:0034392	CIT:NM_001206999:c.1154C>A	GRCh37	not known	contractures|tonic clonic seizures|white matter hypomyelination|fine motor delay
PAVS_MASTER_0019	439_2017_1821_MOESM1_ESM.tsv	16-2494	MALE	8		HP:0000256|HP:0000729|HP:0000750|HP:0001249|HP:0001250|HP:0001328		GRCh37	not known	autistic features|Learning disability
PAVS_MASTER_0020	439_2017_1821_MOESM1_ESM.tsv	16-2495	MALE	3	GENO:0000136	HP:0001263|HP:0002500|HP:0012444	RNASEH2A:NM_006397:c.557G>A	GRCh37	not known	white matter changes).|MRI (brain atrophy
PAVS_MASTER_0021	439_2017_1821_MOESM1_ESM.tsv	16-2497	MALE	9	GENO:0000606	HP:0000256|HP:0001249	HUWE1:NM_031407:c.10540G>C	GRCh37	not known	
PAVS_MASTER_0022	439_2017_1821_MOESM1_ESM.tsv	16-2498	MALE	6	GENO:0000135	HP:0000729|HP:0000750|HP:0001249|HP:0002194	WNT5A:NM_001256105:c.784C>T	GRCh37	not known	autistic features with ADHA
PAVS_MASTER_0023	439_2017_1821_MOESM1_ESM.tsv	16-2501	MALE	2		HP:0000648|HP:0000750|HP:0000832|HP:0001249|HP:0001252|HP:0001270		GRCh37	not known	Fine/ Gross motor delay|hypothyroid|intellectual disability/ MR
PAVS_MASTER_0024	439_2017_1821_MOESM1_ESM.tsv	16-2504	FEMALE	3		HP:0000238|HP:0000252|HP:0000648|HP:0000750|HP:0001270|HP:0001274|HP:0001954|HP:0001999|HP:0002376|HP:0008064|HP:0009920|HP:0012444		GRCh37	not known	optic atrophy?|Fine / Gross motor delay|H/O storage disease
PAVS_MASTER_0025	439_2017_1821_MOESM1_ESM.tsv	16-2509	FEMALE	28		HP:0000234|HP:0001250|HP:0001263		GRCh37	not known	he is strongly suspected to have autism because he has poor functionality and stereotypic movements of the hand|globally delayed developmental milestones and delayed language and cognition|head and his language is profoundly delayed.
PAVS_MASTER_0026	439_2017_1821_MOESM1_ESM.tsv	16-2510	MALE	14		HP:0000256|HP:0001249		GRCh37	not known	intellectual disability/ MR
PAVS_MASTER_0027	439_2017_1821_MOESM1_ESM.tsv	16-2511	MALE	44		HP:0000587|HP:0001252		GRCh37	not known	severe hypotonia and revolving eye movement|bilateral optic nerve dysfunction
PAVS_MASTER_0028	439_2017_1821_MOESM1_ESM.tsv	16-2512	MALE	2		HP:0000587|HP:0000618|HP:0000648|HP:0002194		GRCh37	not known	thin chiasm?|thin optic nerve
PAVS_MASTER_0029	439_2017_1821_MOESM1_ESM.tsv	16-2515	FEMALE	5	GENO:0000135	HP:0000252|HP:0000341|HP:0000506|HP:0000750|HP:0001249|HP:0001250|HP:0001252|HP:0001270|HP:0001999|HP:0002007|HP:0002194|HP:0002376	MECP2:NM_001110792:c.538C>T	GRCh37	not known	seizures - intractable|hypotonia- central|fine motor delay
PAVS_MASTER_0030	439_2017_1821_MOESM1_ESM.tsv	16-2518	FEMALE	11		HP:0002028|HP:0002783|HP:0004313		GRCh37	not known	
PAVS_MASTER_0031	439_2017_1821_MOESM1_ESM.tsv	16-2519	FEMALE	5		HP:0000842		GRCh37	not known	congenital hyperinsulinemia
PAVS_MASTER_0032	439_2017_1821_MOESM1_ESM.tsv	16-2541	MALE	3	GENO:0000136	HP:0001252|HP:0001263	not known:NM_001049:c.1169_1170insGCTCTGAGCCCGGGCCACGCAGGG	GRCh37	not known	
PAVS_MASTER_0033	439_2017_1821_MOESM1_ESM.tsv	16-2542	FEMALE	2	GENO:0000135	HP:0000252|HP:0000750|HP:0001249|HP:0001328|HP:0002194|HP:0002376	CTNNA2:NM_001164883:c.299G>C	GRCh37	not known	neuroregression|autistic features|learning disability
PAVS_MASTER_0034	439_2017_1821_MOESM1_ESM.tsv	16-2544	MALE	9	GENO:0000136	HP:0000252|HP:0001250|HP:0001252|HP:0001263|HP:0031165	SLC13A5:NM_001284510:c.1098dupC	GRCh37	not known	GDD sever type|older sister died at age 13|seizures - multifocal
PAVS_MASTER_0035	439_2017_1821_MOESM1_ESM.tsv	16-2545	FEMALE	4	GENO:0000135	HP:0000252|HP:0000750|HP:0001249|HP:0001250|HP:0001252|HP:0001263|HP:0001270|HP:0001328|HP:0012444	TUBGCP6:NM_020461:c.5001delG	GRCh37	not known	seizures- myoclonic|learning disability|fine/ gross motor delay|intellectual disability/ MR
PAVS_MASTER_0036	439_2017_1821_MOESM1_ESM.tsv	16-2548	MALE	3	GENO:0000136	HP:0000252|HP:0000750|HP:0001249|HP:0001257|HP:0001328|HP:0002194|HP:0003429|HP:0034392	ATL1:NM_015915:c.1283T>C	GRCh37	not known	intellectual disability/MR|Contractures|spasticity- upper and lower limb|learning disability|Global hypomyelination
PAVS_MASTER_0037	439_2017_1821_MOESM1_ESM.tsv	16-2550	MALE	22	GENO:0000136	HP:0001257|HP:0001300|HP:0001332	GALC:NM_000153:c.157C>T	GRCh37	not known	Parkinson disease
PAVS_MASTER_0038	439_2017_1821_MOESM1_ESM.tsv	16-2552	MALE	?	GENO:0000136	HP:0000252|HP:0000648|HP:0000750|HP:0001250|HP:0001257|HP:0001270|HP:0001508|HP:0008064|HP:0034392	ELOVL4:NM_022726:c.575A>G	GRCh37	not known	contractures|prematurity 34 wks|fine/gross motor delay|Sjogren Larsson syndrome
PAVS_MASTER_0039	439_2017_1821_MOESM1_ESM.tsv	16-2557	MALE	?	GENO:0000136	HP:0000252|HP:0000648|HP:0000750|HP:0001250|HP:0001257|HP:0001263|HP:0001270|HP:0001508|HP:0008064|HP:0008070|HP:0034392	ELOVL4:NM_022726:c.575A>G	GRCh37	not known	contractures|prematurity 34 wks|abnormal hair -sparse hair|fine/gross motor delay
PAVS_MASTER_0040	439_2017_1821_MOESM1_ESM.tsv	16-2564	MALE	6	GENO:0000135	HP:0000729|HP:0000750|HP:0001270|HP:0001328|HP:0002376	CHD8:NM_001170629:c.4984C>T	GRCh37	not known	learning disability|fine/gross motor delay|autistic feature
PAVS_MASTER_0041	439_2017_1821_MOESM1_ESM.tsv	16-2565	MALE	38	GENO:0000135		GAA:NM_000152:c.1969delC	GRCh37	not known	Father of two children died Pompe disease
PAVS_MASTER_0042	439_2017_1821_MOESM1_ESM.tsv	16-2567	MALE	1	GENO:0000136	HP:0000776|HP:0001263|HP:0001508|HP:0002036|HP:0002089|HP:0005214	COG6:	GRCh37	not known	low intestinal motility disorder|partial intestinal obstruction
PAVS_MASTER_0043	439_2017_1821_MOESM1_ESM.tsv	16-2569	FEMALE	1	GENO:0000136	HP:0000252|HP:0000750|HP:0001249|HP:0001250|HP:0001270	ITPA:NM_001267623:c.92A>G	GRCh37	not known	intellectual disability/MR|fine/gross motor delay
PAVS_MASTER_0044	439_2017_1821_MOESM1_ESM.tsv	16-2570	MALE	1				GRCh37	not known	suspected FAOD or glycogen storage disease
PAVS_MASTER_0045	439_2017_1821_MOESM1_ESM.tsv	16-2571	FEMALE	7	GENO:0000136	HP:0001250|HP:0001263|HP:0001276		GRCh37	not known	nonspecific MRI findings|peripheral hypertonia
PAVS_MASTER_0046	439_2017_1821_MOESM1_ESM.tsv	16-2573	MALE	3	GENO:0000135	HP:0001263|HP:0001274|HP:0002014|HP:0009886	CHD7:NM_017780:c.817C>T	GRCh37	not known	repeated chest infections
PAVS_MASTER_0047	439_2017_1821_MOESM1_ESM.tsv	16-2586-A	FEMALE	2		HP:0000252|HP:0000316|HP:0000618|HP:0001252|HP:0001332|HP:0001510|HP:0002194|HP:0002376|HP:0032794		GRCh37	not known	seizures - myoclonic|hypertelorism of eye|Growth retardation/short stature
PAVS_MASTER_0048	439_2017_1821_MOESM1_ESM.tsv	16-2586-B	FEMALE	2		HP:0000252|HP:0000316|HP:0000618|HP:0001252|HP:0001332|HP:0001510|HP:0002194|HP:0002376|HP:0032794		GRCh37	not known	seizures - myoclonic|hypertelorism of eye|Growth retardation/short stature
PAVS_MASTER_0049	439_2017_1821_MOESM1_ESM.tsv	16-2587	FEMALE	10		HP:0000722|HP:0000750|HP:0001249|HP:0001270|HP:0001328|HP:0001510|HP:0002194		GRCh37	not known	fine motor delay|no seizures|obsessive - compulsive disorder|Growth retardation/short stature|intellectual disability/ MR|learning disability
PAVS_MASTER_0050	439_2017_1821_MOESM1_ESM.tsv	16-2588	MALE	8	GENO:0000136	HP:0001999	PYCR1:NM_006907:c.540+1G>A	GRCh37	not known	dysmorphism
PAVS_MASTER_0051	439_2017_1821_MOESM1_ESM.tsv	16-2589	MALE	3	GENO:0000135	HP:0000750|HP:0001249|HP:0001270|HP:0001328|HP:0002194	SPG21:NM_001127889:c.118C>T	GRCh37	not known	white matter disorder|intellectual disability/ MR|learning disability|fine motor delay
PAVS_MASTER_0052	439_2017_1821_MOESM1_ESM.tsv	16-2594	FEMALE	1 month		HP:0001250		GRCh37	not known	Neonatal epilepsy
PAVS_MASTER_0053	439_2017_1821_MOESM1_ESM.tsv	16-2601	MALE	6 months	GENO:0000136	HP:0000347|HP:0001252|HP:0001631|HP:0001762|HP:0004279|HP:0004322	KIF7:NM_198525:c.3365C>G	GRCh37	not known	growth retardation/short stature|abnormal nails hypoplasia
PAVS_MASTER_0054	439_2017_1821_MOESM1_ESM.tsv	16-2605	FEMALE	7	GENO:0000136	HP:0000365|HP:0000789	not known:NM_001083885:c.991C>T	GRCh37	not known	parents infertile couple
PAVS_MASTER_0055	439_2017_1821_MOESM1_ESM.tsv	16-2607	FEMALE	34	GENO:0000135	HP:0000104	FANCA:NM_000135:c.964C>T	GRCh37	not known	Parents who lost three children with renal agenesis and congenital malformations
PAVS_MASTER_0056	439_2017_1821_MOESM1_ESM.tsv	16-2609	MALE	17		HP:0001045|HP:0001249|HP:0001252|HP:0001510|HP:0001629|HP:0001999		GRCh37	not known	intellectual disability/MR|autistic features|Growth retardation. Short stature|AVSD|other siblings don't have short stature|facial dysmorphism - down syndrome
PAVS_MASTER_0057	439_2017_1821_MOESM1_ESM.tsv	16-2611	MALE	9		HP:0000252|HP:0000750|HP:0001249|HP:0001250|HP:0001252|HP:0001270|HP:0001508|HP:0002575|HP:0006528|HP:0012444		GRCh37	not known	tracheo-esophageal fistula|fine/gross motor delay
PAVS_MASTER_0058	439_2017_1821_MOESM1_ESM.tsv	16-2613	FEMALE	3	GENO:0000136	HP:0000750|HP:0001943|HP:0001946	DLD:NM_001289750:c.388G>T	GRCh37	not known	history of recent episodes of hypoglycemia and acidosis with elevated liver enzymes
PAVS_MASTER_0059	439_2017_1821_MOESM1_ESM.tsv	16-2614	FEMALE	4	GENO:0000136	HP:0001257|HP:0001276|HP:0002415|HP:0006970	CYP2U1:NM_183075:c.947A>T	GRCh37	not known	
PAVS_MASTER_0060	439_2017_1821_MOESM1_ESM.tsv	16-2627	FEMALE	4		HP:0001250		GRCh37	not known	intractable seizures
PAVS_MASTER_0061	439_2017_1821_MOESM1_ESM.tsv	16-2628	MALE	4	GENO:0000135	HP:0000074|HP:0000508|HP:0000587|HP:0000750|HP:0001250|HP:0001252|HP:0001263|HP:0001627	not known:NM_001290321:c.4256delG	GRCh37	not known	optic disc edema|hypoplastic left heart|congenital heart disease|right UPJ obstruction with grade v hydronephrosis and dysmorphic features. Neuro panel is negative.
PAVS_MASTER_0062	439_2017_1821_MOESM1_ESM.tsv	16-2646	FEMALE	23	GENO:0000135	HP:0000556	CDHR1:NM_033100:c.2516_2522del	GRCh37	not known	
PAVS_MASTER_0063	439_2017_1821_MOESM1_ESM.tsv	16-2650	FEMALE	23	GENO:0000136	HP:0000556	RDH12:NM_152443:c.139G>A	GRCh37	not known	
PAVS_MASTER_0064	439_2017_1821_MOESM1_ESM.tsv	16-2651	MALE	3	GENO:0000136	HP:0000252|HP:0000733|HP:0000750|HP:0001249|HP:0001270|HP:0001274|HP:0001324|HP:0002194|HP:0012444	COG6:NM_001145079:c.1075-1G>T	GRCh37	not known	stereotypic behavior|fine motor delay
PAVS_MASTER_0065	439_2017_1821_MOESM1_ESM.tsv	16-2653	MALE	6		HP:0000750|HP:0001257|HP:0001270|HP:0001276|HP:0002194|HP:0012210		GRCh37	not known	kidney malformation-one kidney|fine motor delay
PAVS_MASTER_0066	439_2017_1821_MOESM1_ESM.tsv	16-2654	MALE	8	GENO:0000135	HP:0000252|HP:0000733|HP:0000750|HP:0001249|HP:0001274|HP:0001324|HP:0001328|HP:0002194|HP:0012444	MCPH1:NM_024596:c.2477G>T	GRCh37	not known	agenesis of corpus callosum hypogenesis|stereotypic behavior|learning disability
PAVS_MASTER_0067	439_2017_1821_MOESM1_ESM.tsv	16-2655	MALE	7		HP:0001508|HP:0002090|HP:0002099		GRCh37	not known	
PAVS_MASTER_0068	439_2017_1821_MOESM1_ESM.tsv	16-2656	MALE	12	GENO:0000135	HP:0001251	not known:NM_001137675:c.982C>T	GRCh37	not known	patient with cerebellar dysfunction beginning since age 5-6 yrs
PAVS_MASTER_0069	439_2017_1821_MOESM1_ESM.tsv	16-2658	FEMALE	1		HP:0000964|HP:0001047|HP:0001581|HP:0002783		GRCh37	not known	recurrent chest infection|recurrent skin infection|severe atopic dermatitis
PAVS_MASTER_0070	439_2017_1821_MOESM1_ESM.tsv	16-2661	MALE	31				GRCh37	not known	elevated CK
PAVS_MASTER_0071	439_2017_1821_MOESM1_ESM.tsv	16-2662	FEMALE	3		HP:0000252|HP:0000518|HP:0000750|HP:0001249|HP:0001252|HP:0001270|HP:0001328|HP:0002194|HP:0002342|HP:0012444		GRCh37	not known	mutation DNA gene negative. TMS negative|VGCMS moderate MMA. Point mutation gene analysis negative|learning disability|fine motor delay
PAVS_MASTER_0072	439_2017_1821_MOESM1_ESM.tsv	16-2663	FEMALE	9				GRCh37	not known	positive TMS result for MMA in NBS
PAVS_MASTER_0073	439_2017_1821_MOESM1_ESM.tsv	16-2667 (trio)	UNKNOWN_SEX	fetus		HP:0000256|HP:0000369|HP:0001511|HP:0001562|HP:0012210		GRCh37	not known	low set ears?|polycystic kidney? macrocephaly
PAVS_MASTER_0074	439_2017_1821_MOESM1_ESM.tsv	16-2670	FEMALE	12	GENO:0000136	HP:0000252|HP:0000750|HP:0001270|HP:0001763|HP:0002194|HP:0004322|HP:0030033	not known:NM_001276418:c.3820C>T	GRCh37	not known	abnormal nails - small fingers|fine motor delay
PAVS_MASTER_0075	439_2017_1821_MOESM1_ESM.tsv	16-2671-A	MALE	3		HP:0000750|HP:0000952|HP:0001250|HP:0001263|HP:0001270|HP:0001433|HP:0001508|HP:0002194|HP:0002783|HP:0002908|HP:0002910		GRCh37	not known	recurrent chest infection|itching and jaundice|fine motor delay|HSM|direct hyperbilirubinemia with normal GGI
PAVS_MASTER_0076	439_2017_1821_MOESM1_ESM.tsv	16-2671-B	MALE	3		HP:0000750|HP:0000952|HP:0001250|HP:0001263|HP:0001270|HP:0001433|HP:0001508|HP:0002194|HP:0002783|HP:0002908|HP:0002910		GRCh37	not known	recurrent chest infection|itching and jaundice|fine motor delay|HSM|direct hyperbilirubinemia with normal GGI
PAVS_MASTER_0077	439_2017_1821_MOESM1_ESM.tsv	16-2673	FEMALE	6 M	GENO:0000136	HP:0001252|HP:0001270|HP:0001385|HP:0002194	COL1A1:NM_000088:c.2050G>A	GRCh37	not known	otherwise baby is alert and follow objects|fine motor delay
PAVS_MASTER_0078	439_2017_1821_MOESM1_ESM.tsv	16-2675 (duo)	FEMALE	?	GENO:0000135		LAMA2:NM_000426:c.3924+2T>C	GRCh37	not known	mother of baby with merosin deficiency - carrier test
PAVS_MASTER_0079	439_2017_1821_MOESM1_ESM.tsv	16-2677	FEMALE	1	GENO:0000136	HP:0001252|HP:0001384|HP:0001629	SLC2A10:NM_030777:c.243C>G	GRCh37	not known	hip dysfunction|significant hypotonia|appropriate cognitive development
PAVS_MASTER_0080	439_2017_1821_MOESM1_ESM.tsv	16-2678	MALE	6	GENO:0000136	HP:0000639|HP:0001251|HP:0001270|HP:0001276|HP:0001510	GJC2:NM_020435:c.755A>G	GRCh37	not known	ataxia since birth cognitive|Growth retardation/short stature|fine motor delay
PAVS_MASTER_0081	439_2017_1821_MOESM1_ESM.tsv	16-2679	FEMALE	6	GENO:0000136	HP:0000729|HP:0000750|HP:0001249|HP:0001270|HP:0001302|HP:0020034	not known:NM_020676:c.185A>C	GRCh37	not known	intellectual disability/MR|autistic features|Fine motor delay|diffuse WM|signal changes|(younger brother)
PAVS_MASTER_0082	439_2017_1821_MOESM1_ESM.tsv	16-2689	FEMALE	6	GENO:0000136	HP:0001249	C12orf57:NM_001301837:c.1A>G	GRCh37	not known	2 siblings are affected|sever speech delay
PAVS_MASTER_0083	439_2017_1821_MOESM1_ESM.tsv	16-2693	FEMALE	31		HP:0002134		GRCh37	not known	
PAVS_MASTER_0084	439_2017_1821_MOESM1_ESM.tsv	16-2696	FEMALE	32	GENO:0000135	HP:0002366|HP:0002385	not known:NM_002045:c.629-3C>T	GRCh37	not known	motor neuron disease|spastic with upper and lower motor neuron signs
PAVS_MASTER_0085	439_2017_1821_MOESM1_ESM.tsv	16-2697	FEMALE	14	GENO:0000136	HP:0000252|HP:0001276|HP:0002069	WDR62:NM_001083961:c.269G>T	GRCh37	not known	autistic features|seizures GTC
PAVS_MASTER_0086	439_2017_1821_MOESM1_ESM.tsv	16-2698	MALE	40		HP:0001392		GRCh37	not known	Alcoholic liver disease
PAVS_MASTER_0087	439_2017_1821_MOESM1_ESM.tsv	16-2717	FEMALE	2	GENO:0000136	HP:0001250|HP:0001252|HP:0001270|HP:0001328	ALDH7A1:NM_001202404:c.1168G>C	GRCh37	not known	Fine/gross motor delay|learning disability|subcortical white matter disease
PAVS_MASTER_0088	439_2017_1821_MOESM1_ESM.tsv	16-2718	FEMALE	1	GENO:0000136	HP:0000252|HP:0000639|HP:0000750|HP:0001270|HP:0001328|HP:0001562|HP:0001954|HP:0002376|HP:0006970	not known:NM_001193286:c.70G>T	GRCh37	not known	prematurity|Fine/gross motor delay|learning disability
PAVS_MASTER_0089	439_2017_1821_MOESM1_ESM.tsv	16-2721	FEMALE	11	GENO:0000136	HP:0000851|HP:0001510|HP:0001999|HP:0002099	SEC24D:NM_014822:c.1984A>C	GRCh37	not known	gum hyperplasia and soft tissue hyper atrophy|congenital hypothyroidism and soft tissue hyperpiesia|Growth retardation/short stature
PAVS_MASTER_0090	439_2017_1821_MOESM1_ESM.tsv	16-2723	MALE	9	GENO:0000135	HP:0000252|HP:0000729|HP:0000750|HP:0001249|HP:0001270|HP:0001510|HP:0001744	COG6:NM_020751:c.1961C>T	GRCh37	not known	intellectual disability/MR|Growth retardation/short stature|fine/gross motor delay
PAVS_MASTER_0091	439_2017_1821_MOESM1_ESM.tsv	16-2724-A	FEMALE	1 month	GENO:0000135	HP:0001252|HP:0001508|HP:0001511|HP:0001597|HP:0001762|HP:0002019|HP:0002194	SCN1A:NM_001165963:c.3521C>G	GRCh37	not known	abnormal nails
PAVS_MASTER_0092	439_2017_1821_MOESM1_ESM.tsv	16-2726	MALE	7	GENO:0000136	HP:0001999|HP:0025356	ATP6V1B2:NM_001693:c.1001T>C	GRCh37	not known	psychomotor retardation|dysmorphic features|Melnick Needles syndrome
PAVS_MASTER_0093	439_2017_1821_MOESM1_ESM.tsv	16-2727	FEMALE	3	GENO:0000135	HP:0000729|HP:0000750|HP:0001249|HP:0001250|HP:0001252|HP:0001257|HP:0001508	MECP2:NM_001110792:c.509C>T	GRCh37	not known	Autistic features
PAVS_MASTER_0094	439_2017_1821_MOESM1_ESM.tsv	16-2728	FEMALE	8	GENO:0000135	HP:0001250|HP:0025356	NPAT:NM_002519:c.3644C>T	GRCh37	not known	psychomotor retardation|Angelman syndrome|seizures disorder
PAVS_MASTER_0095	439_2017_1821_MOESM1_ESM.tsv	16-2729	MALE	2	GENO:0000135	HP:0000729|HP:0001249|HP:0001252|HP:0001508	ANKRD11:NM_001256183:c.4970C>A	GRCh37	not known	Autistic features
PAVS_MASTER_0096	439_2017_1821_MOESM1_ESM.tsv	16-2730	MALE	5	GENO:0000135	HP:0001252|HP:0001263|HP:0003701	COL5A1:NM_000093:c.3883C>T	GRCh37	not known	motor delay but no cognitive delay. Gower positive. TCK normal. more likely congenital myopathy
PAVS_MASTER_0097	439_2017_1821_MOESM1_ESM.tsv	16-2731	FEMALE	2		HP:0000252|HP:0000356|HP:0000750|HP:0001250|HP:0001252|HP:0001270|HP:0001274|HP:0001508|HP:0001511|HP:0002194|HP:0002269|HP:0002650|HP:0009777	not known:NM_172140:c.305T>C	GRCh37	not known	epilepsy and skeletal abnormalities|migration disorder|fine motor delay
PAVS_MASTER_0098	439_2017_1821_MOESM1_ESM.tsv	16-2732	FEMALE	6	GENO:0000135	HP:0006970|HP:0007340	RIMS2:NM_014677:c.418C>T	GRCh37	not known	Lower limb muscle weakness and spasticity|normal CK
PAVS_MASTER_0099	439_2017_1821_MOESM1_ESM.tsv	16-2737	FEMALE	32	GENO:0000135	HP:0001251|HP:0002376|HP:0012444	not known:NM_020765:c.2873C>A	GRCh37	not known	
PAVS_MASTER_0100	439_2017_1821_MOESM1_ESM.tsv	16-2738	MALE	6	GENO:0000136	HP:0000252|HP:0001250|HP:0001251|HP:0001270|HP:0002180|HP:0002194|HP:0002376	MFSD8:NM_152778:c.863+1G>A	GRCh37	not known	neurodegenerative disorder|fine motor delay|seizure (atomic since Feb 2016)|microcephaly (not congenital)|dysarthria. eye exam negative. Brain MRI: bilateral central white matter FLAIR/T2 hyperintensity cerebellar atrophy is noted with prominent folia and associated vermis atrophy last MRI 30/8/2016 no change. new symptoms: dysphagia to liquids
PAVS_MASTER_0101	439_2017_1821_MOESM1_ESM.tsv	16-2741	MALE	6		HP:0000252|HP:0000750|HP:0001249|HP:0001257|HP:0001270|HP:0001274|HP:0001328|HP:0001360|HP:0002282|HP:0002376		GRCh37	not known	intellectual disability/MR|learning disability|fine/gross motor delay
PAVS_MASTER_0102	439_2017_1821_MOESM1_ESM.tsv	16-2748	MALE	43		HP:0003689		GRCh37	not known	AR multiple mitochondrial deletions?|POLG gene mutation
PAVS_MASTER_0103	439_2017_1821_MOESM1_ESM.tsv	16-2749	FEMALE	2 months		HP:0000238		GRCh37	not known	
PAVS_MASTER_0104	439_2017_1821_MOESM1_ESM.tsv	16-2751	MALE	3	GENO:0000136	HP:0000486|HP:0000750|HP:0001252|HP:0001270|HP:0002020	TECPR2:NM_001172631:c.2998G>T	GRCh37	not known	Fine/ Gross motor delay|gastrointestinal reflux|normal twin
PAVS_MASTER_0105	439_2017_1821_MOESM1_ESM.tsv	16-2752	MALE	16	GENO:0000136	HP:0000510|HP:0001250|HP:0001513	RLBP1:NM_000326:c.773T>G	GRCh37	not known	
PAVS_MASTER_0106	439_2017_1821_MOESM1_ESM.tsv	16-2753	MALE	12	GENO:0000136	HP:0001508|HP:0001875|HP:0002013|HP:0002020|HP:0002024|HP:0002028|HP:0002099|HP:0400004	SLC5A1:NM_001256314:c.384C>G	GRCh37	not known	gastrointestinal reflux|recurrent vomiting|glucose galactose malabsorption|chronic diarrhea- heavy diarrhea once ate other then milk?
PAVS_MASTER_0107	439_2017_1821_MOESM1_ESM.tsv	16-2754	MALE	16		HP:0001000|HP:0001047|HP:0001903|HP:0002721		GRCh37	not known	
PAVS_MASTER_0108	439_2017_1821_MOESM1_ESM.tsv	16-2757	MALE	25	GENO:0000136	HP:0001394|HP:0001399|HP:0001543|HP:0002013|HP:0002019|HP:0002020|HP:0002021|HP:0002028|HP:0002251|HP:0002575|HP:0002578|HP:0002664|HP:0002910|HP:0004322|HP:0004389|HP:0410151	ABCB4:NM_018849:c.1560+3A>G	GRCh37	not known	growth retardation/short stature|gastroschisis/omphalocele|chronic intestinal pseudo-obstruction|gastrointestinal reflux|recurrent vomiting|liver cirrhosis or Wilson or PFIC|prematurity
PAVS_MASTER_0109	439_2017_1821_MOESM1_ESM.tsv	16-2760	MALE	5	GENO:0000135	HP:0000729|HP:0000750|HP:0001250|HP:0001252|HP:0001328	FOXP2:NM_001172767:c.199C>G	GRCh37	not known	learning disabilities
PAVS_MASTER_0110	439_2017_1821_MOESM1_ESM.tsv	16-2761	FEMALE	2		HP:0000252|HP:0000518|HP:0001263|HP:0001508|HP:0001510|HP:0001999|HP:0002020		GRCh37	not known	bilateral cataracts|GI reflux|dysmorphic features
PAVS_MASTER_0111	439_2017_1821_MOESM1_ESM.tsv	16-2762	MALE	11		HP:0000325|HP:0000490|HP:0001508|HP:0002019|HP:0002573		GRCh37	not known	history of rectal bleeding with dysmorphic features (long ears|triangular face)|deep eyes|juvenile polyp and constipation
PAVS_MASTER_0112	439_2017_1821_MOESM1_ESM.tsv	16-2764	MALE	13		HP:0000252|HP:0000325|HP:0000356|HP:0000405|HP:0000601|HP:0001249|HP:0001328|HP:0001508|HP:0001510|HP:0003189|HP:0004322		GRCh37	not known	mental retardation.|hearing issues|learning disability|hypotelorism of eyes
PAVS_MASTER_0113	439_2017_1821_MOESM1_ESM.tsv	16-2768	MALE	41	GENO:0000135	HP:0000708|HP:0001250	not known:NM_020765:c.9787G>A	GRCh37	not known	then seizures|finally developed dementia white matter changes.|Behavioral changes starts 4 y ago
PAVS_MASTER_0114	439_2017_1821_MOESM1_ESM.tsv	16-2769	MALE	3	GENO:0000135		MYO18B:NM_032608:c.5259+3A>G	GRCh37	not known	hypomelia of left hand|deformation of left hand
PAVS_MASTER_0115	439_2017_1821_MOESM1_ESM.tsv	16-2773	FEMALE	8		HP:0000325|HP:0001328		GRCh37	not known	her lab and liver enzymes are normal. US liver with high electrogenicity.|FHx Wilson disease require transplant|Learning disability|Facial dysmorphism (triangular face)
PAVS_MASTER_0116	439_2017_1821_MOESM1_ESM.tsv	16-2774	MALE	8		HP:0000316|HP:0001397|HP:0001510|HP:0001988|HP:0002910		GRCh37	not known	elevated transaminases(resolved)|hypertelorism of eye|fatty liver on U/S|no hepatomegaly|mild growth retardation
PAVS_MASTER_0117	439_2017_1821_MOESM1_ESM.tsv	16-2775	MALE	3	GENO:0000136	HP:0000618|HP:0000733|HP:0000750|HP:0001270|HP:0001508|HP:0001510|HP:0001631|HP:0410030	LCA5:NM_001122769:c.763C>T	GRCh37	not known	congenital heart disease|speech delay learning disability|fine/ gross motor delay|stereotypic behaviors
PAVS_MASTER_0118	439_2017_1821_MOESM1_ESM.tsv	16-2786	FEMALE	?		HP:0001360|HP:0001562		GRCh37	not known	Oligohydramnios B/L renal agenesis
PAVS_MASTER_0119	439_2017_1821_MOESM1_ESM.tsv	16-2790	FEMALE	?	GENO:0000135	HP:0001561|HP:0003097	COL1A1:NM_000088:c.1426G>A	GRCh37	not known	short femur and numerus with absent radius and tibia
PAVS_MASTER_0120	439_2017_1821_MOESM1_ESM.tsv	16-2796	MALE	2 months				GRCh37	not known	Asphyxiating thoracic syndrome|versus achondroplasia
PAVS_MASTER_0121	439_2017_1821_MOESM1_ESM.tsv	16-2797	FEMALE	2		HP:0000252|HP:0000750|HP:0001249|HP:0001250|HP:0001252|HP:0001270|HP:0001508|HP:0001631|HP:0001999|HP:0002376		GRCh37	not known	seizures (now free)|intellectual/ learning disability|fine/ gross motor delay|dysmorphism.
PAVS_MASTER_0122	439_2017_1821_MOESM1_ESM.tsv	16-2798	MALE	4	GENO:0000136	HP:0000252|HP:0000750|HP:0001249|HP:0001270	ASPM:NM_001206846:c.1138C>T	GRCh37	not known	Fine/ gross motor delay|severe microcephaly with moderate LDs|intellectual/ learning disability
PAVS_MASTER_0123	439_2017_1821_MOESM1_ESM.tsv	16-2811	FEMALE	?		HP:0001552|HP:0001561|HP:0003026|HP:0005716	NSDHL:NM_015922:c.664G>A	GRCh37	not known	short long bones|Barrel shaped chest|IGGR
PAVS_MASTER_0124	439_2017_1821_MOESM1_ESM.tsv	16-2814	MALE	22	GENO:0000135		ATP7B:NM_001005918:c.3400G>A	GRCh37	not known	This is a donor for his brother who have Wilson disease. We want to make sure the donor doesn't have this disease.
PAVS_MASTER_0125	439_2017_1821_MOESM1_ESM.tsv	16-2818	MALE	6	GENO:0000136	HP:0000750|HP:0001249|HP:0002121	GAMT:NM_000156:c.403G>C	GRCh37	not known	intellectual/ learning disability|seizure (atonic absence).
PAVS_MASTER_0126	439_2017_1821_MOESM1_ESM.tsv	16-2819	FEMALE	2	GENO:0000136	HP:0001252|HP:0001272|HP:0002078|HP:0002599	MTPAP:NM_018109:c.1034C>G	GRCh37	not known	head titubation. She is getting improved with time.
PAVS_MASTER_0127	439_2017_1821_MOESM1_ESM.tsv	16-2820	FEMALE	7	GENO:0000135	HP:0000729|HP:0001000	not known:NM_001080448:c.793A>G	GRCh37	not known	abnormal pigmentation (hypopigmentation in face and abdomen).
PAVS_MASTER_0128	439_2017_1821_MOESM1_ESM.tsv	16-2822	MALE	3	GENO:0000135	HP:0000750|HP:0001257|HP:0001263|HP:0001270|HP:0001508|HP:0001510|HP:0002099|HP:0002652|HP:0011800|HP:0025259	FBN1:NM_000138:c.5087A>G	GRCh37	not known	Fine/ gross motor delay|stiff fingers in LF hand and stiff elbows
PAVS_MASTER_0129	439_2017_1821_MOESM1_ESM.tsv	16-2823	MALE	2	GENO:0000136	HP:0000252|HP:0000750|HP:0001249|HP:0001257|HP:0001270|HP:0001276|HP:0001511|HP:0001999|HP:0002119	RNASEH2B:NM_001142279:c.356A>G	GRCh37	not known	Fine/ gross motor delay|Prematurity|dilated ventricles brain atrophy
PAVS_MASTER_0130	439_2017_1821_MOESM1_ESM.tsv	16-2824	FEMALE	5 months		HP:0001622|HP:0001875|HP:0001903		GRCh37	not known	no dysmorphic features|ex-preterm|to R/o reticular dysgenesis or congenital  neutropenia or other PID
PAVS_MASTER_0131	439_2017_1821_MOESM1_ESM.tsv	16-2826	FEMALE	34		HP:0001257|HP:0001332|HP:0002072		GRCh37	not known	severe dystonia.
PAVS_MASTER_0132	439_2017_1821_MOESM1_ESM.tsv	16-2831	MALE	4	GENO:0000135	HP:0000750|HP:0001249|HP:0001328|HP:0001999|HP:0100539	ABCD4:NM_005050:c.1776_1777del	GRCh37	not known	FHx of older deceased sibling with a similar problem|learning disability|intellectual disability/ MR
PAVS_MASTER_0133	439_2017_1821_MOESM1_ESM.tsv	16-2832	MALE	10	GENO:0000136	HP:0002721	IL17RA:NM_001289905:c.111_118del	GRCh37	not known	Suspected immunodeficiency
PAVS_MASTER_0134	439_2017_1821_MOESM1_ESM.tsv	16-2833	FEMALE	8				GRCh37	not known	suspected to have IL-12|strong FH of BCGitis
PAVS_MASTER_0135	439_2017_1821_MOESM1_ESM.tsv	16-2834	FEMALE	6 months	GENO:0000136	HP:0000252|HP:0000750|HP:0001252|HP:0001270|HP:0001324|HP:0001548	PAH:NM_000277:c.1066-11G>A	GRCh37	not known	fine/gross motor delay
PAVS_MASTER_0136	439_2017_1821_MOESM1_ESM.tsv	16-2838	FEMALE	12		HP:0002072		GRCh37	not known	
PAVS_MASTER_0137	439_2017_1821_MOESM1_ESM.tsv	16-2839	FEMALE	4 months		HP:0002721		GRCh37	not known	Suspected immunodeficiency
PAVS_MASTER_0138	439_2017_1821_MOESM1_ESM.tsv	16-2840	FEMALE	13		HP:0000733|HP:0002069		GRCh37	not known	seizures tonic- clonic|stereotypic behaviors
PAVS_MASTER_0139	439_2017_1821_MOESM1_ESM.tsv	16-2841	FEMALE	12		HP:0001945		GRCh37	not known	candle disease?
PAVS_MASTER_0140	439_2017_1821_MOESM1_ESM.tsv	16-2842	FEMALE	7		HP:0002090|HP:0002099		GRCh37	not known	
PAVS_MASTER_0141	439_2017_1821_MOESM1_ESM.tsv	16-2844	MALE	1 month	GENO:0000136	HP:0000989|HP:0001508|HP:0002910	ABCB4:NM_000443:c.526C>T	GRCh37	not known	strong F/H of PFIC- III- mother|aunty - Wilson disease?|uncle- with PFIC III by gene test
PAVS_MASTER_0142	439_2017_1821_MOESM1_ESM.tsv	16-2845	FEMALE	6		HP:0001250|HP:0001508|HP:0001875|HP:0001954|HP:0002783|HP:0005549		GRCh37	not known	recurrent chest infection|congenital neutropenia|sialic acid storage disease
PAVS_MASTER_0143	439_2017_1821_MOESM1_ESM.tsv	16-2849	MALE	9		HP:0000325|HP:0000400|HP:0000490|HP:0000750|HP:0000989|HP:0001249|HP:0001508|HP:0001999|HP:0002910		GRCh37	not known	triangle face|deep centered eyes|intellectual disability 70-77%|sever itching
PAVS_MASTER_0144	439_2017_1821_MOESM1_ESM.tsv	16-2852	FEMALE	6	GENO:0000135	HP:0000750|HP:0001249|HP:0001250|HP:0001257|HP:0001270|HP:0001276|HP:0001324|HP:0001328|HP:0001508|HP:0002194|HP:0002376	SLC1A1:NM_004170:c.271delG	GRCh37	not known	intellectual disability/MR|learning disability|seizures/epilepsy|fine motor delay
PAVS_MASTER_0145	439_2017_1821_MOESM1_ESM.tsv	16-2853	MALE	12		HP:0000164|HP:0000280|HP:0000463|HP:0000691|HP:0000733|HP:0001249|HP:0001328|HP:0001595|HP:0001999|HP:0011220|HP:0100840		GRCh37	not known	intellectual disability/MR|think lips with microdontia|abnormal hair|this lashes and short nose anteverted nares|prominent for head|Learning disability|dental ..|lack of eye brows|stereotypic behaviors
PAVS_MASTER_0146	439_2017_1821_MOESM1_ESM.tsv	16-2854	FEMALE	4	GENO:0000136	HP:0000252|HP:0001252|HP:0001257|HP:0001270|HP:0001324|HP:0001508|HP:0001762|HP:0004322|HP:0034392	COL6A2:NM_058175:c.1332+2T>C	GRCh37	not known	growth retardation/short stature|fine/gross motor delay|mild spasticity|mild contractures
PAVS_MASTER_0147	439_2017_1821_MOESM1_ESM.tsv	16-2868	FEMALE	6 months		HP:0000316|HP:0000589|HP:0001999|HP:0009777		GRCh37	not known	absent RT Thumb|hypertelorism of eye|eye coloboma
PAVS_MASTER_0148	439_2017_1821_MOESM1_ESM.tsv	16-2872	FEMALE	2		HP:0001252|HP:0001263|HP:0033349		GRCh37	not known	recurrent seizures focal
PAVS_MASTER_0149	439_2017_1821_MOESM1_ESM.tsv	16-2876	MALE	42	GENO:0000135	HP:0001394		GRCh37	not known	cirrhosis cryptogenic ?
PAVS_MASTER_0150	439_2017_1821_MOESM1_ESM.tsv	16-2878	MALE	8	GENO:0000136	HP:0000252|HP:0000750|HP:0001249|HP:0001251|HP:0001252|HP:0002194	EIF2B3:NM_001166588:c.350T>C	GRCh37	not known	intellectual disability/MR
PAVS_MASTER_0151	439_2017_1821_MOESM1_ESM.tsv	16-2879	MALE	2	GENO:0000136	HP:0001876|HP:0002910	not known:NM_001171811:c.1187T>C	GRCh37	not known	
PAVS_MASTER_0152	439_2017_1821_MOESM1_ESM.tsv	16-2915	MALE	6		HP:0000105|HP:0002240		GRCh37	not known	nephromegaly?|has hepatomegaly and splenomegaly lifted abdominal veins?|warm extremities|child has no jaundice|sister with hepatomegaly|F/H cousin with liver disease
PAVS_MASTER_0153	439_2017_1821_MOESM1_ESM.tsv	16-2916	MALE	14 months	GENO:0000136	HP:0000952|HP:0001399|HP:0002910	AKR1D1:NM_001190907:c.509A>G	GRCh37	not known	transplanted at the age 8 months|no bleeding|at the age of 2 months jaundice
PAVS_MASTER_0154	439_2017_1821_MOESM1_ESM.tsv	16-2917	FEMALE	22		HP:0002910		GRCh37	not known	at the age of 12 she had ITP|the uncle of the mother had HEPC and died
PAVS_MASTER_0155	439_2017_1821_MOESM1_ESM.tsv	16-2918	MALE	33		HP:0012837		GRCh37	not known	Two sisters with focal epilepsy while he has generalized epilepsy
PAVS_MASTER_0156	439_2017_1821_MOESM1_ESM.tsv	16-2920	FEMALE	4	GENO:0000135	HP:0001251|HP:0032794	CHRNA2:NM_000742:c.1568C>T	GRCh37	not known	myoclonic seizures
PAVS_MASTER_0157	439_2017_1821_MOESM1_ESM.tsv	16-2930	MALE	11	GENO:0000136	HP:0000252|HP:0000750|HP:0001250|HP:0001257|HP:0001270|HP:0001276|HP:0001328|HP:0001508|HP:0007162|HP:0007359	RPS6KA3:NM_004586:c.631+13T>C	GRCh37	not known	seizures and developmental delay|diffuse hypomyelination|abandoned child we don't know anything about F/H|fine/gross motor delay|seizures focal|learning disability
PAVS_MASTER_0158	439_2017_1821_MOESM1_ESM.tsv	16-2931	MALE	12	GENO:0000136	HP:0001394|HP:0001396	CYP7B1:NM_004820:c.1057G>T	GRCh37	not known	hx of neonatal cholestasis
PAVS_MASTER_0159	439_2017_1821_MOESM1_ESM.tsv	16-2936	MALE	18		HP:0001397|HP:0001399|HP:0001543|HP:0002013|HP:0002019|HP:0002020|HP:0002021|HP:0002028|HP:0002251|HP:0002575|HP:0002578|HP:0002664|HP:0002910|HP:0004389|HP:0410151		GRCh37	not known	gastroschisis/omphalocele|chronic intestinal pseudo-obstruction|raised LFTs|gastrointestinal reflux|recurrent vomiting|cancer at age 4
PAVS_MASTER_0160	439_2017_1821_MOESM1_ESM.tsv	16-2937	FEMALE	9		HP:0000403|HP:0000964|HP:0001508|HP:0002028		GRCh37	not known	abnormal pigmentation with severe eczema|abnormal hair thin|hair
PAVS_MASTER_0161	439_2017_1821_MOESM1_ESM.tsv	16-2940	MALE	22		HP:0002721|HP:0002960|HP:0100704		GRCh37	not known	multiple autoimmunity|Pt with CVID
PAVS_MASTER_0162	439_2017_1821_MOESM1_ESM.tsv	16-2942	MALE	42		HP:0001250|HP:0002353|HP:0030890		GRCh37	not known	white matter hyperintensities ??|WM abnormalities|other psychiatric symptoms|FH of psychiatric symptoms|12 y ago behavior changes
PAVS_MASTER_0163	439_2017_1821_MOESM1_ESM.tsv	16-2943	FEMALE	14		HP:0002910		GRCh37	not known	
PAVS_MASTER_0164	439_2017_1821_MOESM1_ESM.tsv	16-2945	FEMALE	3	GENO:0000136	HP:0020086	IL12B:NM_002187:c.320dupA	GRCh37	not known	disseminated BCGitis and suspected IL- I2 deficiency?
PAVS_MASTER_0165	439_2017_1821_MOESM1_ESM.tsv	16-2948	FEMALE	2		HP:0001396|HP:0002910		GRCh37	not known	positive F/H of PFIC type 3|h/o high GGT cholestasis
PAVS_MASTER_0166	439_2017_1821_MOESM1_ESM.tsv	16-2949	FEMALE	3	GENO:0000136	HP:0000501|HP:0000585|HP:0000750|HP:0001947|HP:0002194	SLC4A4:NM_003759:c.883G>A	GRCh37	not known	congenital glaucoma|suspected renal tubular acidosis with ocular abnormalities and mental retardation|SCL4A4?|band  keratopathy
PAVS_MASTER_0167	439_2017_1821_MOESM1_ESM.tsv	16-2951	FEMALE	6	GENO:0000136	HP:0001263|HP:0001508|HP:0001999|HP:0003774|HP:0004719	WDR35:NM_001006657:c.206G>A	GRCh37	not known	coning of epiphysis around the knee and in short bones of the hands and feet|small echogenic kidneys|high GGT
PAVS_MASTER_0168	439_2017_1821_MOESM1_ESM.tsv	16-2952	MALE	6	GENO:0000136	HP:0000750|HP:0001270|HP:0001276|HP:0010442	MGAT2:NM_002408:c.711G>C	GRCh37	not known	Cornelia de Lange syndrome ?|Fine / Gross motor delay
PAVS_MASTER_0169	439_2017_1821_MOESM1_ESM.tsv	16-2954	MALE	42		HP:0000356|HP:0001999|HP:0005321|HP:0012833		GRCh37	not known	facial dysmorphism mild micrognathia|clinical diagnosis of Treacher Collins syndrome|unilateral microtia
PAVS_MASTER_0170	439_2017_1821_MOESM1_ESM.tsv	16-2955	MALE	4	GENO:0000136	HP:0001369|HP:0002242|HP:0002958	LPIN2:NM_014646:c.1684C>T	GRCh37	not known	FH of T cell defect|chronic arthritis
PAVS_MASTER_0171	439_2017_1821_MOESM1_ESM.tsv	16-2957	MALE	7		HP:0002910		GRCh37	not known	Elevated transaminases AST and ALT
PAVS_MASTER_0172	439_2017_1821_MOESM1_ESM.tsv	16-2961	FEMALE	5		HP:0000252|HP:0000750|HP:0001249|HP:0001270|HP:0001274		GRCh37	not known	Fine/ Gross motor delay|Intellectual disability/ MR
PAVS_MASTER_0173	439_2017_1821_MOESM1_ESM.tsv	16-2964	MALE	9		HP:0000202|HP:0000252		GRCh37	not known	
PAVS_MASTER_0174	439_2017_1821_MOESM1_ESM.tsv	16-2967-A	FEMALE	5		HP:0000252|HP:0000750|HP:0000821|HP:0001249|HP:0001250|HP:0001263|HP:0001270|HP:0001298|HP:0001508|HP:0002019|HP:0002028|HP:0006829|HP:0012444		GRCh37	not known	Fine/ gross motor delay|severe hypotonia|mild epilepsy|history of encephalopathy at birth
PAVS_MASTER_0175	439_2017_1821_MOESM1_ESM.tsv	16-2970	UNKNOWN_SEX	?	GENO:0000135	HP:0000020|HP:0001251|HP:0001272|HP:0005978	CAMTA1:NM_015215:c.2603G>T	GRCh37	not known	MRI with cerebellar atrophy|urine incontinence|diabetes Type 2
PAVS_MASTER_0176	439_2017_1821_MOESM1_ESM.tsv	16-2971	FEMALE	6 months		HP:0000233|HP:0000252|HP:0000276|HP:0000490|HP:0000829|HP:0001252|HP:0001508|HP:0001511|HP:0001581|HP:0100658|HP:0200055		GRCh37	not known	thin lip|deep - set eyes|Small hands and feet|low immunoglobin level.|positive FH of Sanjad Sakati syndrome|Facial dysmorphism long face|recurrent impetigo (mainly puncture site)
PAVS_MASTER_0177	439_2017_1821_MOESM1_ESM.tsv	16-2974	FEMALE	2	GENO:0000136	HP:0000113|HP:0001396|HP:0003270	HSD3B7:NM_025193:c.694+2T>	GRCh37	not known	severe cholestasis|?polycystic kidney|no maternal itching during pregnancy|post liver transplant|no bleeding
PAVS_MASTER_0178	439_2017_1821_MOESM1_ESM.tsv	16-2975	MALE	2		HP:0012837		GRCh37	not known	Dravet syndrome.|all has normal development|Seizures generalized tonic clonic since age of 4 months uncontrolled
PAVS_MASTER_0179	439_2017_1821_MOESM1_ESM.tsv	16-2976-A	FEMALE	1		HP:0000252|HP:0000618|HP:0001252|HP:0002194|HP:0002376		GRCh37	not known	
PAVS_MASTER_0180	439_2017_1821_MOESM1_ESM.tsv	16-2977	FEMALE	?	GENO:0000136	HP:0000774|HP:0001511|HP:0001561|HP:0003026	CANT1:NM_138793:c.906_907insGCGCC	GRCh37	not known	short long bones|F/h previous 3 healthy children
PAVS_MASTER_0181	439_2017_1821_MOESM1_ESM.tsv	16-2988	MALE	5	GENO:0000135	HP:0000252|HP:0000280|HP:0000316|HP:0000733|HP:0000750|HP:0001249|HP:0001252|HP:0001263|HP:0001270|HP:0001508|HP:0001511|HP:0001562|HP:0001636|HP:0004322	ANKRD11:NM_001256183:c.4892G>A	GRCh37	not known	intellectual disability/Mental retardation|growth retardation/short stature|hypertelorism of the eye|dysmorphic features similar to Down Syndrome|H/o tetralogy of Fallot|fine/gross motor delay|stereotypic behaviors|prematurity
PAVS_MASTER_0182	439_2017_1821_MOESM1_ESM.tsv	16-2990	FEMALE	22		HP:0002721		GRCh37	not known	Suspected immunodeficiency
PAVS_MASTER_0183	439_2017_1821_MOESM1_ESM.tsv	16-2997	FEMALE	5		HP:0000252|HP:0000486|HP:0000750|HP:0001249|HP:0001252|HP:0001263|HP:0001270|HP:0002194		GRCh37	not known	normal MRI|Fine motor delay|creatine phosphokinase abnormalities TCIC
PAVS_MASTER_0184	439_2017_1821_MOESM1_ESM.tsv	16-2999	MALE	14	GENO:0000135	HP:0001744|HP:0001873|HP:0002716	STAT2:NM_005419:c.2000G>A	GRCh37	not known	h/o sister that died in age of 3 with same presentation
PAVS_MASTER_0185	439_2017_1821_MOESM1_ESM.tsv	16-3002	MALE	16		HP:0000365|HP:0002510|HP:0002751|HP:0003042		GRCh37	not known	severe kyphoscoliosis
PAVS_MASTER_0186	439_2017_1821_MOESM1_ESM.tsv	16N-0001	FEMALE	4		HP:0001250|HP:0001258|HP:0002013|HP:0002140|HP:0012408		GRCh37	not known	meningoencephalitis|large ischemic stroke of right MCA and PCA|and seizure disorder|occasional vomiting|on Keppra|inability to talk or eat|dependent on NGT tube
PAVS_MASTER_0187	439_2017_1821_MOESM1_ESM.tsv	16N-0002-A	MALE	5		HP:0001290		GRCh37	not known	generalized hypotonia and global delay since infancy with epilepsy and dysmorphism
PAVS_MASTER_0188	439_2017_1821_MOESM1_ESM.tsv	16N-0005	MALE	30	GENO:0000135	HP:0000135|HP:0000303|HP:0000400|HP:0002750|HP:0002808	KMT2D:NM_003482:c.12952A>G|not known:g.49425536T>C	GRCh37	not known	congenital heart disease
PAVS_MASTER_0189	439_2017_1821_MOESM1_ESM.tsv	16N-0006	MALE	11		HP:0002073		GRCh37	not known	progressive ataxia with oculomotor apraxia. MRI brain notably showed significant midline cerebellar atrophy
PAVS_MASTER_0190	439_2017_1821_MOESM1_ESM.tsv	16N-0007	MALE	2		HP:0001263|HP:0001290		GRCh37	not known	polyphasic potential with very much reduced|CK level was high about 300|EMG is suggestive of myopathic rather than neuropathic pattern
PAVS_MASTER_0191	439_2017_1821_MOESM1_ESM.tsv	16N-0008	MALE	2		HP:0001257|HP:0001263		GRCh37	not known	spasticity with white matter changes
PAVS_MASTER_0192	439_2017_1821_MOESM1_ESM.tsv	16N-0009	MALE	9	GENO:0000136	HP:0001250|HP:0001319	NDST1:NM_001543:c.985C>T|not known:g.149907837C>T	GRCh37	not known	Seizure disorder
PAVS_MASTER_0193	439_2017_1821_MOESM1_ESM.tsv	16N-0010	FEMALE	11	GENO:0000135	HP:0025406	ALS2:NM_020919:c.1501C>T|not known:g.202619365G>A	GRCh37	not known	Recurrent weakness|probable fatty acid oxidation disorder.
PAVS_MASTER_0194	439_2017_1821_MOESM1_ESM.tsv	16N-0011	MALE	13	GENO:0000606		ATP2B3:NM_001001344:c.3626C>A|not known:g.152845719C>A	GRCh37	not known	speech articulation problems and ataxia.  His neurological investigations showed that he has cerebellar ataxia.  The brain imaging confirmed the presence of both vermian and hemisphere cerebellar atrophy
PAVS_MASTER_0195	439_2017_1821_MOESM1_ESM.tsv	16N-0012	FEMALE	17		HP:0001513|HP:0004322		GRCh37	not known	MR
PAVS_MASTER_0196	439_2017_1821_MOESM1_ESM.tsv	16N-0013	MALE	11	GENO:0000135	HP:0001513|HP:0001999	NOTCH2:NM_024408:c.5213+11T>A|not known:g.120464848A>T	GRCh37	not known	MR|dysmorphic
PAVS_MASTER_0197	439_2017_1821_MOESM1_ESM.tsv	16N-0014	MALE	3		HP:0000319|HP:0000774|HP:0001377|HP:0004322		GRCh37	not known	
PAVS_MASTER_0198	439_2017_1821_MOESM1_ESM.tsv	16N-0015	MALE	13	GENO:0000135	HP:0001263|HP:0007766	CREBBP:NM_001079846:c.5855_5863del|not known:g.3779071_3779079del	GRCh37	not known	seizure disorder.  In brain MRI was done in 2005 that showed callosal agenesis with no imaging evidence of optic dysplasia. optic disc hypoplasia on one side
PAVS_MASTER_0199	439_2017_1821_MOESM1_ESM.tsv	16N-0016	MALE	14	GENO:0000135	HP:0001263		GRCh37	not known	proximal motor difficulties and cognitive delay
PAVS_MASTER_0200	439_2017_1821_MOESM1_ESM.tsv	16N-0017	MALE	9		HP:0000729|HP:0007018		GRCh37	not known	autistic spectrum disorder.|attention deficit disorder combined type
PAVS_MASTER_0201	439_2017_1821_MOESM1_ESM.tsv	16N-0018	MALE	12				GRCh37	not known	normal cognitive function|but significant musculoskeletal issues and some learning concerns
PAVS_MASTER_0202	439_2017_1821_MOESM1_ESM.tsv	16N-0019	FEMALE	6	GENO:0000136	HP:0001298	KCTD7:NM_001167961:c.550C>T|not known:g.66103899C>T	GRCh37	not known	Encephalopathy with intractable epilepsy responses to steroid (?) autoimmune epilepsy.
PAVS_MASTER_0203	439_2017_1821_MOESM1_ESM.tsv	16N-0020	FEMALE	9	GENO:0000135	HP:0000002|HP:0002359|HP:0003391|HP:0025406	DYNC1H1:NM_001376:c.1792C>T|not known:g.102452354C>T	GRCh37	not known	power of 4+/5.  The examination of the upper limbs was completely normal tone|Gower sign positive|mild proximal weakness in the lower limb|no contracture and no increased tone in the tendon Achilles.  The gait was waddling with infrequent falls.|power and reflexes.  The reflexes in the lower limb|ankles +2 and knees of +1.  There was no calf hypertrophy rather small calf muscles
PAVS_MASTER_0204	439_2017_1821_MOESM1_ESM.tsv	16N-0021	MALE	13		HP:0003473		GRCh37	not known	congenital myasthenia
PAVS_MASTER_0205	439_2017_1821_MOESM1_ESM.tsv	16N-0022-A	FEMALE	3	GENO:0000135	HP:0001252|HP:0001263	TSC2:NM_001077183:c.3163G>A|not known:g.2130263G>A;	GRCh37	not known	Angelman syndrome
PAVS_MASTER_0206	439_2017_1821_MOESM1_ESM.tsv	16N-0022-B	FEMALE	3	GENO:0000135	HP:0001252|HP:0001263	KDM6A:NM_001291416:c.2236A>G|not known:g.45069870A>G	GRCh37	not known	Angelman syndrome
PAVS_MASTER_0207	439_2017_1821_MOESM1_ESM.tsv	16N-0024	MALE	19	GENO:0000136	HP:0002059|HP:0002510	POLR3A:NM_007055:c.1672T>G|not known:g.79769720A>C	GRCh37	not known	
PAVS_MASTER_0208	439_2017_1821_MOESM1_ESM.tsv	16N-0025	FEMALE	10	GENO:0000136	HP:0000717|HP:0001250|HP:0001263	C12orf57:NM_001301837:c.1A>G|not known:g.6944122A>G	GRCh37	not known	Intractable epilepsy
PAVS_MASTER_0209	439_2017_1821_MOESM1_ESM.tsv	16N-0026	MALE	1	GENO:0000136	HP:0002015|HP:0002783|HP:0006829|HP:0009110	MEGF10:NM_001256545:c.3132dupA|not known:g.127455507dupA	GRCh37	not known	poor ventilation|eventration of diaphragm|Severe hypotonia|severe dysphagia
PAVS_MASTER_0210	439_2017_1821_MOESM1_ESM.tsv	16N-0027	UNKNOWN_SEX	17	GENO:0000136	HP:0012758	CDK5RAP2:NM_001011649:c.1316T>A|not known:g.123253751A>T	GRCh37	not known	
PAVS_MASTER_0211	439_2017_1821_MOESM1_ESM.tsv	16N-0028	FEMALE	14	GENO:0000135	HP:0009830	TTN:NM_003319:c.75610G>C|not known:g.178533810C>G	GRCh37	not known	
PAVS_MASTER_0212	439_2017_1821_MOESM1_ESM.tsv	16N-0029	UNKNOWN_SEX	4		HP:0001250|HP:0001252|HP:0002059|HP:0012444		GRCh37	not known	intractable epilepsy
PAVS_MASTER_0213	439_2017_1821_MOESM1_ESM.tsv	16N-0030	MALE	18				GRCh37	not known	Chediak-Higashi syndrome
PAVS_MASTER_0214	439_2017_1821_MOESM1_ESM.tsv	16N-0031	MALE	17		HP:0001999|HP:0002650		GRCh37	not known	CHD|dysmorphic
PAVS_MASTER_0215	439_2017_1821_MOESM1_ESM.tsv	16N-0032	MALE	14		HP:0000098|HP:0000750		GRCh37	not known	MR - Tall stature
PAVS_MASTER_0216	439_2017_1821_MOESM1_ESM.tsv	16N-0033	MALE	10				GRCh37	not known	ciliopathy|COG6
PAVS_MASTER_0217	439_2017_1821_MOESM1_ESM.tsv	16N-0034	MALE	6	GENO:0000136	HP:0001270	DMD:NM_000109:c.3365A>G	GRCh37	not known	significant motor delay
PAVS_MASTER_0218	439_2017_1821_MOESM1_ESM.tsv	16N-0035	FEMALE	3		HP:0001252		GRCh37	not known	hypotonic
PAVS_MASTER_0219	439_2017_1821_MOESM1_ESM.tsv	16N-0036	FEMALE	3		HP:0001252|HP:0001284		GRCh37	not known	
PAVS_MASTER_0220	439_2017_1821_MOESM1_ESM.tsv	16N-0037	MALE	11	GENO:0000136	HP:0000252	not known:NM_018451:c.2693-3T>C	GRCh37	not known	ID|microcephaly and epilepsy
PAVS_MASTER_0221	439_2017_1821_MOESM1_ESM.tsv	16N-0038	MALE	43		HP:0003198		GRCh37	not known	Congenital myopathy
PAVS_MASTER_0222	439_2017_1821_MOESM1_ESM.tsv	16N-0039	MALE	7	GENO:0000135	HP:0001250	CHRNA2:NM_000742:c.537C>G	GRCh37	not known	
PAVS_MASTER_0223	439_2017_1821_MOESM1_ESM.tsv	16N-0040	MALE	15	GENO:0000135	HP:0001250		GRCh37	not known	
PAVS_MASTER_0224	439_2017_1821_MOESM1_ESM.tsv	16N-0041	FEMALE	7		HP:0001999		GRCh37	not known	hypotonia and facial dysmorphism
PAVS_MASTER_0225	439_2017_1821_MOESM1_ESM.tsv	16N-0042	FEMALE	7	GENO:0000136	HP:0001258	TFG:NM_001007565:c.320G>C	GRCh37	not known	
PAVS_MASTER_0226	439_2017_1821_MOESM1_ESM.tsv	16N-0043	MALE	?	GENO:0000136		CUL7:NM_001168370:c.2398C>T	GRCh37	not known	Larsen syndrome
PAVS_MASTER_0227	439_2017_1821_MOESM1_ESM.tsv	16N-0044	FEMALE	6	GENO:0000135	HP:0000252|HP:0000303|HP:0000400|HP:0000414|HP:0000527|HP:0000568|HP:0001263	KMT2A:NM_001197104:c.3790C>T	GRCh37	not known	micro-ophthalmia|global delay
PAVS_MASTER_0228	439_2017_1821_MOESM1_ESM.tsv	16N-0045	MALE	8		HP:0001250|HP:0001263		GRCh37	not known	
PAVS_MASTER_0229	439_2017_1821_MOESM1_ESM.tsv	16N-0046	FEMALE	5		HP:0001252|HP:0001999|HP:0002376		GRCh37	not known	dysmorphic|neuroregression
PAVS_MASTER_0230	439_2017_1821_MOESM1_ESM.tsv	16N-0047	MALE	9		HP:0001332|HP:0002376|HP:0002487		GRCh37	not known	hyperkinetic movement|regression development
PAVS_MASTER_0231	439_2017_1821_MOESM1_ESM.tsv	16N-0048	FEMALE	5		HP:0001251|HP:0001263|HP:0009830		GRCh37	not known	
PAVS_MASTER_0232	439_2017_1821_MOESM1_ESM.tsv	16N-0049	MALE	5	GENO:0000136	HP:0200134	SCN1A:NM_001165963:c.5864T>C	GRCh37	not known	Severe epileptic encephalopathy
PAVS_MASTER_0233	439_2017_1821_MOESM1_ESM.tsv	16N-0050	MALE	15		HP:0001332|HP:0033044		GRCh37	not known	
PAVS_MASTER_0234	439_2017_1821_MOESM1_ESM.tsv	16N-0051	MALE	12	GENO:0000135	HP:0001363	FGFR2:NM_001144916:c.521A>C|not known:g.123279566T>G	GRCh37	not known	
PAVS_MASTER_0235	439_2017_1821_MOESM1_ESM.tsv	16N-0052	MALE	2		HP:0001250|HP:0002539		GRCh37	not known	
PAVS_MASTER_0236	439_2017_1821_MOESM1_ESM.tsv	16N-0053	MALE	13				GRCh37	not known	chronic inflammatory bone disease with dysmorphism
PAVS_MASTER_0237	439_2017_1821_MOESM1_ESM.tsv	16N-0054	MALE	13		HP:0001250		GRCh37	not known	epilepsy and autism
PAVS_MASTER_0238	439_2017_1821_MOESM1_ESM.tsv	16N-0055	MALE	12	GENO:0000136	HP:0003198	PLEKHG5:NM_001042664:c.292A>T	GRCh37	not known	
PAVS_MASTER_0239	439_2017_1821_MOESM1_ESM.tsv	16N-0056	FEMALE	9				GRCh37	not known	multiple congenital anomalies
PAVS_MASTER_0240	439_2017_1821_MOESM1_ESM.tsv	16N-0057	MALE	3	GENO:0000135	HP:0001250|HP:0002133	SCN1A:NM_001165963:c.1177_1178insTTAC	GRCh37	not known	recurrent attacks of convulsions|last one was status epilepticus and admitted to ICU
PAVS_MASTER_0241	439_2017_1821_MOESM1_ESM.tsv	16N-0058	MALE	3		HP:0000501|HP:0001252|HP:0001263		GRCh37	not known	DD and congenital glaucoma
PAVS_MASTER_0242	439_2017_1821_MOESM1_ESM.tsv	16N-0059	MALE	4	GENO:0000135	HP:0001250|HP:0001263	PMP22:NM_153322:c.277G>C	GRCh37	not known	
PAVS_MASTER_0243	439_2017_1821_MOESM1_ESM.tsv	16N-0060	FEMALE	16	GENO:0000136		not known:NM_005590:c.630G>C	GRCh37	not known	Suspected NCL
PAVS_MASTER_0244	439_2017_1821_MOESM1_ESM.tsv	16N-0061	FEMALE	2	GENO:0000135	HP:0007970	COL1A2:NM_000089:c.292C>T	GRCh37	not known	ACC and congenital ptosis
PAVS_MASTER_0245	439_2017_1821_MOESM1_ESM.tsv	16N-0062	FEMALE	7	GENO:0000136	HP:0001263	ITPR1:NM_002222:c.6862C>T	GRCh37	not known	GDD and brain atrophy
PAVS_MASTER_0246	439_2017_1821_MOESM1_ESM.tsv	16N-0063	FEMALE	11	GENO:0000135		EP300:NM_001429:c.6677G>A	GRCh37	not known	autistic features|Rubinstein-Taybi Syndrome
PAVS_MASTER_0247	439_2017_1821_MOESM1_ESM.tsv	16N-0064	MALE	?		HP:0001250		GRCh37	not known	intractable epilepsy
PAVS_MASTER_0248	439_2017_1821_MOESM1_ESM.tsv	16N-0065	FEMALE	7				GRCh37	not known	suspected Rett syndrome
PAVS_MASTER_0249	439_2017_1821_MOESM1_ESM.tsv	16N-0066-A	FEMALE	5		HP:0000252|HP:0001427|HP:0002721		GRCh37	not known	mitochondrial complex I and IV deficiency|microcephaly and diabetes|respiratory chain deficiency
PAVS_MASTER_0250	439_2017_1821_MOESM1_ESM.tsv	16N-0067	MALE	5	GENO:0000136	HP:0002652	PRG4:NM_001127710:c.3502_3506del	GRCh37	not known	Suspected skeletal dysplasia
PAVS_MASTER_0251	439_2017_1821_MOESM1_ESM.tsv	16N-0068	FEMALE	11		HP:0001249|HP:0001250|HP:0002099		GRCh37	not known	seizure disorder|ciliopathy disorder
PAVS_MASTER_0252	439_2017_1821_MOESM1_ESM.tsv	16N-0069	FEMALE	2		HP:0001250|HP:0012444		GRCh37	not known	
PAVS_MASTER_0253	439_2017_1821_MOESM1_ESM.tsv	16N-0070	FEMALE	6		HP:0000252|HP:0001250		GRCh37	not known	microcephaly and brain atrophy
PAVS_MASTER_0254	439_2017_1821_MOESM1_ESM.tsv	16N-0071	FEMALE	8	GENO:0000136		ESCO2:NM_001017420:c.1132-7A>G	GRCh37	not known	Roberts syndrome
PAVS_MASTER_0255	439_2017_1821_MOESM1_ESM.tsv	16N-0072	FEMALE	12		HP:0001250|HP:0002099		GRCh37	not known	ciliopathy
PAVS_MASTER_0256	439_2017_1821_MOESM1_ESM.tsv	16N-0073	MALE	4				GRCh37	not known	Joubert syndrome
PAVS_MASTER_0257	439_2017_1821_MOESM1_ESM.tsv	16N-0074	MALE	5	GENO:0000135	HP:0200134	ELP2:NM_001242879:c.1855C>T	GRCh37	not known	
PAVS_MASTER_0258	439_2017_1821_MOESM1_ESM.tsv	16N-0075	FEMALE	3	GENO:0000135	HP:0000252|HP:0000499|HP:0001263|HP:0001508|HP:0001999	CBL:NM_005188:c.1096-1G>T	GRCh37	not known	Dysmorphism|ASH|DD
PAVS_MASTER_0259	439_2017_1821_MOESM1_ESM.tsv	16N-0076	MALE	4	GENO:0000606	HP:0001263|HP:0001999	DMD:NM_004011:c.982G>A	GRCh37	not known	dysmorphism
PAVS_MASTER_0260	439_2017_1821_MOESM1_ESM.tsv	16N-0077	MALE	2	GENO:0000135	HP:0003198	SCN4A:NM_000334:c.4390G>C	GRCh37	not known	congenital myopathy
PAVS_MASTER_0261	439_2017_1821_MOESM1_ESM.tsv	16N-0078	MALE	4	GENO:0000606	HP:0000717|HP:0001263	DRD5:NM_000798:c.656C>T	GRCh37	not known	
PAVS_MASTER_0262	439_2017_1821_MOESM1_ESM.tsv	16N-0079	MALE	17		HP:0001250		GRCh37	not known	refractory epilepsy and GDD
PAVS_MASTER_0263	439_2017_1821_MOESM1_ESM.tsv	16N-0080	MALE	15	GENO:0000135	HP:0002352	FIG4:NM_014845:c.773C>G	GRCh37	not known	vacuolating leukoencephalomalacia
PAVS_MASTER_0264	439_2017_1821_MOESM1_ESM.tsv	16N-0082	MALE	?		HP:0001250|HP:0001999		GRCh37	not known	dysmorphic
PAVS_MASTER_0265	439_2017_1821_MOESM1_ESM.tsv	16N-0083	MALE	1		HP:0001250|HP:0001883		GRCh37	not known	talipes and dysmorphism
PAVS_MASTER_0266	439_2017_1821_MOESM1_ESM.tsv	16N-0084	FEMALE	6		HP:0000589|HP:0001263		GRCh37	not known	
PAVS_MASTER_0267	439_2017_1821_MOESM1_ESM.tsv	16N-0087	MALE	2	GENO:0000136	HP:0001999	UBE3B:NM_183415:c.630+1G>T	GRCh37	not known	
PAVS_MASTER_0268	439_2017_1821_MOESM1_ESM.tsv	16N-0088	MALE	13				GRCh37	not known	familial DD with thrombosis of the kidneys and brain
PAVS_MASTER_0269	439_2017_1821_MOESM1_ESM.tsv	16N-0090	MALE	9	GENO:0000136	HP:0001258	CYP2U1:c.320A>T	GRCh37	not known	
PAVS_MASTER_0270	439_2017_1821_MOESM1_ESM.tsv	16N-0091	FEMALE	4	GENO:0000136	HP:0000252|HP:0000518|HP:0001508	ERCC6:NM_000124:c.2047C>T	GRCh37	not known	GDD and cataract|severe microcephaly
PAVS_MASTER_0271	439_2017_1821_MOESM1_ESM.tsv	16N-0092	FEMALE	10		HP:0200134		GRCh37	not known	
PAVS_MASTER_0272	439_2017_1821_MOESM1_ESM.tsv	16N-0093	MALE	14		HP:0001250		GRCh37	not known	ID and epilepsy
PAVS_MASTER_0273	439_2017_1821_MOESM1_ESM.tsv	16N-0094	MALE	15	GENO:0000135	HP:0001250	KCNMA1:NM_001271520:c.495C>A	GRCh37	not known	
PAVS_MASTER_0274	439_2017_1821_MOESM1_ESM.tsv	16N-0095	FEMALE	fetus	GENO:0000135	HP:0000662	MAN2B1:NM_000528:c.1153C>A	GRCh37	not known	NIHF
PAVS_MASTER_0275	439_2017_1821_MOESM1_ESM.tsv	16N-0096	MALE	7		HP:0000707|HP:0001250|HP:0001263|HP:0001385		GRCh37	not known	seizure disorder|bilateral DDH|brain dysmorphic
PAVS_MASTER_0276	439_2017_1821_MOESM1_ESM.tsv	16N-0097	FEMALE	2		HP:0000932|HP:0001252|HP:0001999|HP:0008551		GRCh37	not known	multiple malformation|dysmorphic|CHD|posterior fossa malformation
PAVS_MASTER_0277	439_2017_1821_MOESM1_ESM.tsv	16N-0098	MALE	2	GENO:0000136	HP:0000252|HP:0000518|HP:0001508	ERCC6:NM_000124:c.2569C>T	GRCh37	not known	GDD and cataract|severe microcephaly
PAVS_MASTER_0278	439_2017_1821_MOESM1_ESM.tsv	16N-0099	MALE	12	GENO:0000135	HP:0003560	LMNA:NM_001257374:c.1151C>T	GRCh37	not known	Suspected muscular dystrophy
PAVS_MASTER_0279	439_2017_1821_MOESM1_ESM.tsv	16N-0100	MALE	10	GENO:0000135	HP:0002180	CYP27A1:NM_000784:c.472C>T	GRCh37	not known	
PAVS_MASTER_0280	439_2017_1821_MOESM1_ESM.tsv	16N-0101	MALE	9		HP:0000717		GRCh37	not known	Autism and seizures
PAVS_MASTER_0281	439_2017_1821_MOESM1_ESM.tsv	16N-0102	MALE	3		HP:0001250		GRCh37	not known	TOF|postop stroke with resulting seizures and developmental delay
PAVS_MASTER_0282	439_2017_1821_MOESM1_ESM.tsv	16N-0103 (trio)	FEMALE	fetus	GENO:0000136	HP:0002652	INPPL1:NM_001567:c.2164delT	GRCh37	not known	Severe skeletal dysplasia on antenatal ultrasound
PAVS_MASTER_0283	439_2017_1821_MOESM1_ESM.tsv	16N-0104	MALE	3	GENO:0000135	HP:0001263	GRIN2A:NM_001134407:c.905C>T	GRCh37	not known	GDD and epilepsy
PAVS_MASTER_0284	439_2017_1821_MOESM1_ESM.tsv	16N-0105	MALE	13		HP:0000252|HP:0001339		GRCh37	not known	
PAVS_MASTER_0285	439_2017_1821_MOESM1_ESM.tsv	16N-0106	MALE	6		HP:0000508		GRCh37	not known	Ptosis and developmental delay
PAVS_MASTER_0286	439_2017_1821_MOESM1_ESM.tsv	16N-0107	FEMALE	10		HP:0000252|HP:0001339		GRCh37	not known	Microcephalic short stature
PAVS_MASTER_0287	439_2017_1821_MOESM1_ESM.tsv	16N-0108	MALE	?		HP:0002804		GRCh37	not known	Severe fatal arthrogryposis
PAVS_MASTER_0288	439_2017_1821_MOESM1_ESM.tsv	16N-0109	MALE	4	GENO:0000136	HP:0004322	LBR:NM_002296:c.1535G>A	GRCh37	not known	Short/long Thorax cavity _Short stature/short limb/normal mentally/full lips/down slant eye/macrocephaly
PAVS_MASTER_0289	439_2017_1821_MOESM1_ESM.tsv	16N-0110	FEMALE	6	GENO:0000136	HP:0002652	LBR:NM_002296:c.1535G>A	GRCh37	not known	Short state/short limb/normal mentally/full lips/down slant eye/skeletal dysplasia
PAVS_MASTER_0290	439_2017_1821_MOESM1_ESM.tsv	16N-0111	MALE	27		HP:0001298		GRCh37	not known	Severe recessive encephalopathy
PAVS_MASTER_0291	439_2017_1821_MOESM1_ESM.tsv	16N-0112	MALE	5		HP:0001250		GRCh37	not known	DD and seizures|CHD
PAVS_MASTER_0292	439_2017_1821_MOESM1_ESM.tsv	16N-0113	FEMALE	5	GENO:0000135	HP:0001250	TSC2:NM_001077183:c.4937G>A	GRCh37	not known	Intractable seizures
PAVS_MASTER_0293	439_2017_1821_MOESM1_ESM.tsv	16N-0114	FEMALE	26		HP:0000924		GRCh37	not known	skeletal dysmorphology
PAVS_MASTER_0294	439_2017_1821_MOESM1_ESM.tsv	16N-0115	MALE	31		HP:0000924		GRCh37	not known	skeletal dysmorphology
PAVS_MASTER_0295	439_2017_1821_MOESM1_ESM.tsv	16N-0116	FEMALE	?		HP:0002652		GRCh37	not known	
PAVS_MASTER_0296	439_2017_1821_MOESM1_ESM.tsv	16N-0117	MALE	13		HP:0002376		GRCh37	not known	neuroregression
PAVS_MASTER_0297	439_2017_1821_MOESM1_ESM.tsv	16N-0118	FEMALE	10		HP:0000782|HP:0004602		GRCh37	not known	CHD|left Sprengel shoulder|and right radial clubbed hand
PAVS_MASTER_0298	439_2017_1821_MOESM1_ESM.tsv	16N-0119	FEMALE	2		HP:0001263		GRCh37	not known	developmental delay and intractable seizures
PAVS_MASTER_0299	439_2017_1821_MOESM1_ESM.tsv	16N-0120	MALE	13	GENO:0000135	HP:0001250	SYNGAP1:NM_006772:c.490C>T	GRCh37	not known	DD with seizures
PAVS_MASTER_0300	439_2017_1821_MOESM1_ESM.tsv	16N-0121	FEMALE	5		HP:0001263		GRCh37	not known	
PAVS_MASTER_0301	439_2017_1821_MOESM1_ESM.tsv	16N-0122	FEMALE	1	GENO:0000135	HP:0012469		GRCh37	not known	Infantile spasm with abnormal myelination and brain atrophy
PAVS_MASTER_0302	439_2017_1821_MOESM1_ESM.tsv	16N-0123	FEMALE	3	GENO:0000136	HP:0000821|HP:0001250|HP:0001643	KDM6B:NM_001080424:c.2032C>A	GRCh37	not known	DD and intractable seizures
PAVS_MASTER_0303	439_2017_1821_MOESM1_ESM.tsv	16N-0124	MALE	5	GENO:0000135	HP:0001263	WDR81:NM_001163673:c.1582C>T	GRCh37	not known	GDD and head nodding
PAVS_MASTER_0304	439_2017_1821_MOESM1_ESM.tsv	16N-0125	MALE	16				GRCh37	not known	MCA
PAVS_MASTER_0305	439_2017_1821_MOESM1_ESM.tsv	16N-0126	FEMALE	3		HP:0001999		GRCh37	not known	Dysmorphic facies and DDH
PAVS_MASTER_0306	439_2017_1821_MOESM1_ESM.tsv	16N-0127	FEMALE	?		HP:0001257|HP:0001298		GRCh37	not known	unexplained recurrent syndrome- spasticity|seizure disorder encephalopathy
PAVS_MASTER_0307	439_2017_1821_MOESM1_ESM.tsv	16N-0128	FEMALE	fetus	GENO:0000136	HP:0002652	PPIB:NM_000942:c.451C>T	GRCh37	not known	fetus with skeletal dysplasia
PAVS_MASTER_0308	439_2017_1821_MOESM1_ESM.tsv	16N-0131	MALE	29				GRCh37	not known	XLMR
PAVS_MASTER_0309	439_2017_1821_MOESM1_ESM.tsv	16N-0132	FEMALE	37		HP:0012828		GRCh37	not known	Severe ID
PAVS_MASTER_0310	439_2017_1821_MOESM1_ESM.tsv	16N-0133	FEMALE	4		HP:0001250		GRCh37	not known	intractable seizures
PAVS_MASTER_0311	439_2017_1821_MOESM1_ESM.tsv	16N-0134	MALE	11				GRCh37	not known	dysmorphism and DD
PAVS_MASTER_0312	439_2017_1821_MOESM1_ESM.tsv	16N-0135	UNKNOWN_SEX	4	GENO:0000136	HP:0001252|HP:0003560	SYNE1:NM_033071:c.7553A>T	GRCh37	not known	DX muscular dystrophy and LGMD
PAVS_MASTER_0313	439_2017_1821_MOESM1_ESM.tsv	16N-0137	MALE	6		HP:0001999		GRCh37	not known	ID and facial dysmorphism
PAVS_MASTER_0314	439_2017_1821_MOESM1_ESM.tsv	16N-0139	FEMALE	?	GENO:0000136	HP:0002652	PPIB:NM_000942:c.451C>T	GRCh37	not known	Suspected skeletal dysplasia
PAVS_MASTER_0315	439_2017_1821_MOESM1_ESM.tsv	16N-0141	MALE	13	GENO:0000136	HP:0001263	SCN8A:NM_001177984:c.3377T>G	GRCh37	not known	intractable epilepsy and global developmental delay
PAVS_MASTER_0316	439_2017_1821_MOESM1_ESM.tsv	16N-0143	FEMALE	7		HP:0001263		GRCh37	not known	DD
PAVS_MASTER_0317	439_2017_1821_MOESM1_ESM.tsv	16N-0144	FEMALE	5		HP:0000252|HP:0001263		GRCh37	not known	microcephaly and dysmorphism|DD
PAVS_MASTER_0318	439_2017_1821_MOESM1_ESM.tsv	16N-0145 same as 16W-0209	FEMALE	2		HP:0001319		GRCh37	not known	undiagnosed neuromuscular disorder- congenital hypotonia global -developmental delay
PAVS_MASTER_0319	439_2017_1821_MOESM1_ESM.tsv	16N-0146	FEMALE	1		HP:0008905		GRCh37	not known	Rhizomelic chondrodysplasia punctata
PAVS_MASTER_0320	439_2017_1821_MOESM1_ESM.tsv	16N-0147	FEMALE	1		HP:0000238		GRCh37	not known	severe brain malformation
PAVS_MASTER_0321	439_2017_1821_MOESM1_ESM.tsv	16N-0148	MALE	12	GENO:0000136	HP:0000218|HP:0000494	MEGF8:NM_001410:c.5377G>A	GRCh37	not known	downslanting eyes|dysmorphology
PAVS_MASTER_0322	439_2017_1821_MOESM1_ESM.tsv	16N-0149	FEMALE	4	GENO:0000135	HP:0000142|HP:0000151|HP:0000175|HP:0000377|HP:0000453|HP:0000902|HP:0002652	KMT2A:NM_001197104:c.3248G>A	GRCh37	not known	ribs fusion|vagina|ear deformity
PAVS_MASTER_0323	439_2017_1821_MOESM1_ESM.tsv	16N-0150	FEMALE	8	GENO:0000135	HP:0001263		GRCh37	not known	hypotonia global -developmental delay
PAVS_MASTER_0324	439_2017_1821_MOESM1_ESM.tsv	16N-0151	MALE	8		HP:0001263		GRCh37	not known	intractable epilepsy and global developmental delay
PAVS_MASTER_0325	439_2017_1821_MOESM1_ESM.tsv	16N-0152	FEMALE	7		HP:0000729		GRCh37	not known	Autistic
PAVS_MASTER_0326	439_2017_1821_MOESM1_ESM.tsv	16N-0153	FEMALE	5	GENO:0000135	HP:0000252	CSF1R:NM_001288705:c.2512G>A	GRCh37	not known	severe microcephaly and epilepsy
PAVS_MASTER_0327	439_2017_1821_MOESM1_ESM.tsv	16N-0154	MALE	13		HP:0007018		GRCh37	not known	ID boy with ADHD
PAVS_MASTER_0328	439_2017_1821_MOESM1_ESM.tsv	16N-0159	MALE	4	GENO:0000135	HP:0000270|HP:0000486|HP:0000750|HP:0001658|HP:0007018	ARID1A:NM_006015:c.3302A>G	GRCh37	not known	mild dystrophy|no seizures|delay
PAVS_MASTER_0329	439_2017_1821_MOESM1_ESM.tsv	16N-0161	FEMALE	3	GENO:0000135	HP:0001250|HP:0001263|HP:0001629	KMT2A:NM_001197104:c.3094G>T	GRCh37	not known	GDD and microcephaly
PAVS_MASTER_0330	439_2017_1821_MOESM1_ESM.tsv	16N-0162	FEMALE	10		HP:0001249		GRCh37	not known	
PAVS_MASTER_0331	439_2017_1821_MOESM1_ESM.tsv	16N-0163	MALE	3		HP:0000199|HP:0001252		GRCh37	not known	mild central hypotonia|brachycephaly and mild facial dysmorphism|child with DD. Normocephalic
PAVS_MASTER_0332	439_2017_1821_MOESM1_ESM.tsv	16N-0164	MALE	2	GENO:0000135	HP:0000322|HP:0000347|HP:0000369|HP:0000470|HP:0005280	FGFR2:NM_001144916:c.598G>A	GRCh37	not known	
PAVS_MASTER_0333	439_2017_1821_MOESM1_ESM.tsv	16N-0165	FEMALE	5		HP:0001263		GRCh37	not known	GDD and epilepsy
PAVS_MASTER_0334	439_2017_1821_MOESM1_ESM.tsv	16N-0166	MALE	3		HP:0002795		GRCh37	not known	respiratory problems and white matter disease
PAVS_MASTER_0335	439_2017_1821_MOESM1_ESM.tsv	16N-0167	MALE	11	GENO:0000135	HP:0000717	LAMB1:NM_002291:c.2951C>G	GRCh37	not known	ID/autism
PAVS_MASTER_0336	439_2017_1821_MOESM1_ESM.tsv	16N-0168	MALE	4	GENO:0000135	HP:0001263	SYNGAP1:NM_006772:c.739C>T	GRCh37	not known	GDD and deafness
PAVS_MASTER_0337	439_2017_1821_MOESM1_ESM.tsv	16N-0169	MALE	33	GENO:0000135	HP:0002999	FLNB:NM_001164317:c.3482C>T|not known:g.58109175C>T	GRCh37	not known	Bilateral patellar dislocation
PAVS_MASTER_0338	439_2017_1821_MOESM1_ESM.tsv	16N-0170	MALE	5	GENO:0000135	HP:0001332	ARID1B:NM_020732:c.1776+4A>G	GRCh37	not known	ID and dystonia
PAVS_MASTER_0339	439_2017_1821_MOESM1_ESM.tsv	16N-0171	FEMALE	1	GENO:0000136	HP:0045028		GRCh37	not known	WWS (high CK and microlissencephaly)
PAVS_MASTER_0340	439_2017_1821_MOESM1_ESM.tsv	16N-0174	MALE	3	GENO:0000136	HP:0002415	SEPSECS:NM_016955:c.1339G>A	GRCh37	not known	
PAVS_MASTER_0341	439_2017_1821_MOESM1_ESM.tsv	16N-0175	FEMALE	3		HP:0012444		GRCh37	not known	CHD|brain atrophy and choanal atresia
PAVS_MASTER_0342	439_2017_1821_MOESM1_ESM.tsv	16N-0176	FEMALE	2		HP:0012469		GRCh37	not known	infantile spasm
PAVS_MASTER_0343	439_2017_1821_MOESM1_ESM.tsv	16N-0177	MALE	5	GENO:0000136	HP:0001263	FOXP2:NM_001172767:c.199C>G	GRCh37	not known	Developmental delay and seizures with normal MRI
PAVS_MASTER_0344	439_2017_1821_MOESM1_ESM.tsv	16N-0178-A	MALE	3		HP:0001131		GRCh37	not known	corneal dystrophy r/o MPS
PAVS_MASTER_0345	439_2017_1821_MOESM1_ESM.tsv	16N-0179	FEMALE	7	GENO:0000135	HP:0000717		GRCh37	not known	Autism and coarse facial features
PAVS_MASTER_0346	439_2017_1821_MOESM1_ESM.tsv	16N-0180	MALE	3		HP:0001999		GRCh37	not known	microcephaly and dysmorphic facies
PAVS_MASTER_0347	439_2017_1821_MOESM1_ESM.tsv	16N-0181	MALE	4		HP:0000074|HP:0000508|HP:0000750|HP:0001250|HP:0001252|HP:0001263		GRCh37	not known	congenital heart disease|ptosis and optic disc edema|right UPJ obstruction with grade V hydronephrosis and dysmorphic features
PAVS_MASTER_0348	439_2017_1821_MOESM1_ESM.tsv	16N-0182	FEMALE	?		HP:0000252		GRCh37	not known	microcephaly and ACC|fetus with absent vermis
PAVS_MASTER_0349	439_2017_1821_MOESM1_ESM.tsv	16N-0185	FEMALE	12	GENO:0000136	HP:0002376	PLA2G6:NM_001004426:c.1771C>T	GRCh37	not known	neuroregression
PAVS_MASTER_0350	439_2017_1821_MOESM1_ESM.tsv	16N-0186	MALE	2	GENO:0000136	HP:0001250	GABRD:NM_000815:c.875C>T	GRCh37	not known	seizures and DD
PAVS_MASTER_0351	439_2017_1821_MOESM1_ESM.tsv	16N-0187	FEMALE	2		HP:0001252		GRCh37	not known	Infant with severe hypotonia and positive FHx|suggestive of SMA
PAVS_MASTER_0352	439_2017_1821_MOESM1_ESM.tsv	16N-0188	MALE	3	GENO:0000136	HP:0000518|HP:0002023	KAT6B:NM_001256468:c.4807G>A	GRCh37	not known	DD and positive FHx
PAVS_MASTER_0353	439_2017_1821_MOESM1_ESM.tsv	16N-0189	MALE	16		HP:0001263		GRCh37	not known	
PAVS_MASTER_0354	439_2017_1821_MOESM1_ESM.tsv	16N-0190	MALE	7	GENO:0000136		SCO2:NM_001169109:c.667G>A	GRCh37	not known	a child with suspected SPG
PAVS_MASTER_0355	439_2017_1821_MOESM1_ESM.tsv	16N-0191	MALE	5		HP:0001250		GRCh37	not known	Epilepsy with normal development
PAVS_MASTER_0356	439_2017_1821_MOESM1_ESM.tsv	16N-0192	FEMALE	3		HP:0045005		GRCh37	not known	recurrence of NTD
PAVS_MASTER_0357	439_2017_1821_MOESM1_ESM.tsv	16N-0193	MALE	10	GENO:0000606	HP:0003560	DMD:NM_004011:c.2269C>T	GRCh37	not known	dx muscular dystrophy
PAVS_MASTER_0358	439_2017_1821_MOESM1_ESM.tsv	16N-0196-A	FEMALE	1	GENO:0000136		GLDC:NM_000170:c.411_412insAATA	GRCh37	not known	NKH
PAVS_MASTER_0359	439_2017_1821_MOESM1_ESM.tsv	16N-0197	MALE	5		HP:0001252		GRCh37	not known	infant has hypotonia and DDH
PAVS_MASTER_0360	439_2017_1821_MOESM1_ESM.tsv	16N-0198	FEMALE	4		HP:0001263		GRCh37	not known	
PAVS_MASTER_0361	439_2017_1821_MOESM1_ESM.tsv	16N-0199	MALE	11		HP:0010442		GRCh37	not known	Unusual combination of ID|polydactyly and vitiligo
PAVS_MASTER_0362	439_2017_1821_MOESM1_ESM.tsv	16N-0200	MALE	10	GENO:0000136		TUBA8:NM_001193414:c.1066A>T	GRCh37	not known	ID
PAVS_MASTER_0363	439_2017_1821_MOESM1_ESM.tsv	16N-0201	FEMALE	11		HP:0010543		GRCh37	not known	idiopathic opsoclonus myoclonus syndrome
PAVS_MASTER_0364	439_2017_1821_MOESM1_ESM.tsv	16N-0202	MALE	9		HP:0000270|HP:0001249		GRCh37	not known	autistic features|delay
PAVS_MASTER_0365	439_2017_1821_MOESM1_ESM.tsv	16N-0203	FEMALE	9		HP:0000639|HP:0001159|HP:0034392		GRCh37	not known	contractures
PAVS_MASTER_0366	439_2017_1821_MOESM1_ESM.tsv	16N-0204	FEMALE	12	GENO:0000135	HP:0001324|HP:0001761|HP:0001765|HP:0002460|HP:0002650	PMP22:NM_153322:c.449G>T	GRCh37	not known	not similar FH|distal weakness|absent DTR|pes cavus?|CMT|congenital
PAVS_MASTER_0367	439_2017_1821_MOESM1_ESM.tsv	16N-0205	FEMALE	8		HP:0000274|HP:0000821|HP:0001643|HP:0002783		GRCh37	not known	recurrent chest infection|bridge arched eyebrows with facial hypoplasia|large PDA|Dysmorphic - hypothyroidism
PAVS_MASTER_0368	439_2017_1821_MOESM1_ESM.tsv	16N-0206	MALE	19		HP:0000029		GRCh37	not known	MRI spine: Diffuse mild atrophy of cord|normal intellect normal hearing vision|upper limbs normal|H/o progressive spastic weakness of both legs form 10 years
PAVS_MASTER_0369	439_2017_1821_MOESM1_ESM.tsv	16N-0207	MALE	6	GENO:0000135	HP:0000028|HP:0000047|HP:0000248|HP:0000286|HP:0000293|HP:0000369|HP:0000490|HP:0001057|HP:0001159|HP:0001250|HP:0001508|HP:0002079|HP:0008755	EP300:NM_001429:c.1552G>C	GRCh37	not known	"syndactyly of the 2""d and 3rd toes|Hypospadias s/p repair|Tracheomalacia/ laryngomalacia|B/L epicanthic folds|aplasia cutis|A 5 years old boy with Global developmental delay. Microcephaly|Subtle dysmorphic features like deep set eyes|failure to thrive with Growth Parameters all below the third centiles. Spasticity|improved at age of 1 year.|undescended testis s/p orchidopexy|Hypoplastic corpus callosum and Delayed myelination|low set
ears"
PAVS_MASTER_0370	439_2017_1821_MOESM1_ESM.tsv	16N-0208	MALE	1		HP:0001518|HP:0001622|HP:0005235		GRCh37	not known	5 weeks preterm baby|multiple failed extubation|congenital anomalies|Dysmorphism and multiple jejunal atresia|small right kidney
PAVS_MASTER_0371	439_2017_1821_MOESM1_ESM.tsv	16N-0209	FEMALE	14	GENO:0000136	HP:0001250|HP:0001263|HP:0010864	GRIK2:NM_001166247:c.2179C>T	GRCh37	not known	now severe intellectual disability and microcephaly|seizures since age of 5y
PAVS_MASTER_0372	439_2017_1821_MOESM1_ESM.tsv	16N-0210	FEMALE	5	GENO:0000136	HP:0001252|HP:0001257|HP:0001276	CYP2U1:c.947A>T	GRCh37	not known	brisk reflexes and spasticity|peripheral hypertonia
PAVS_MASTER_0373	439_2017_1821_MOESM1_ESM.tsv	16N-0211	MALE	3		HP:0001263|HP:0001285		GRCh37	not known	infantile hypotonia with progressive spasticity - now spastic quadriparesis with marked delay in gross motor skills|normal speech and cognitive skills
PAVS_MASTER_0374	439_2017_1821_MOESM1_ESM.tsv	16N-0212	FEMALE	8		HP:0002180		GRCh37	not known	neurodegenerative disease juvenile onset (many symptoms add all?)
PAVS_MASTER_0375	439_2017_1821_MOESM1_ESM.tsv	16N-0213	FEMALE	7		HP:0001250|HP:0001999		GRCh37	not known	Dysmorphism|Pitt-Hopkins like|epilepsy and ID
PAVS_MASTER_0376	439_2017_1821_MOESM1_ESM.tsv	16N-0214	MALE	1	GENO:0000136	HP:0002269	FLVCR2:NM_001195283:c.661G>A	GRCh37	not known	FTT and severe brain malformations
PAVS_MASTER_0377	439_2017_1821_MOESM1_ESM.tsv	16N-0215	FEMALE	10		HP:0001548		GRCh37	not known	overgrowth and ID. Pitt - Hopkins Syndrome|Severe dysmorphism
PAVS_MASTER_0378	439_2017_1821_MOESM1_ESM.tsv	16N-0216	MALE	4	GENO:0000136		HSPG2:NM_001291860:c.2750G>A	GRCh37	not known	Peter plus syndrome
PAVS_MASTER_0379	439_2017_1821_MOESM1_ESM.tsv	16N-0217	FEMALE	9	GENO:0000135	HP:0000750|HP:0001249	KCNT1:NM_001272003:c.2043C>A	GRCh37	not known	learning disability. white matter changes
PAVS_MASTER_0380	439_2017_1821_MOESM1_ESM.tsv	16N-0218	FEMALE	21		HP:0006785		GRCh37	not known	
PAVS_MASTER_0381	439_2017_1821_MOESM1_ESM.tsv	16N-0219	UNKNOWN_SEX	?	GENO:0000135			GRCh37	not known	ID
PAVS_MASTER_0382	439_2017_1821_MOESM1_ESM.tsv	16N-0220	FEMALE	2		HP:0000750|HP:0001250|HP:0002194		GRCh37	not known	DD and seizures with negative FHx|hypogenesis
PAVS_MASTER_0383	439_2017_1821_MOESM1_ESM.tsv	16N-0221	MALE	6 months		HP:0000280|HP:0000347|HP:0001999		GRCh37	not known	dysmorphic features|severe micrognathia|Auriculocondylar syndrome|coarse facial features depression nasal bridge proptosis
PAVS_MASTER_0384	439_2017_1821_MOESM1_ESM.tsv	16N-0221	MALE	6 months		HP:0000280|HP:0000347|HP:0001999		GRCh37	not known	dysmorphic features|severe micrognathia|Auriculocondylar syndrome|coarse facial features depression nasal bridge proptosis
PAVS_MASTER_0385	439_2017_1821_MOESM1_ESM.tsv	16N-0222	MALE	13	GENO:0000135	HP:0001488|HP:0003473	CHRNA1:NM_000079:c.440_444del	GRCh37	not known	Classical myasthenia|Bilateral ptosis with easy fatigability since age of 2
PAVS_MASTER_0386	439_2017_1821_MOESM1_ESM.tsv	16N-0224	MALE	still birth	GENO:0000135	HP:0009826	FGFR3:NM_000142:c.1118A>G	GRCh37	not known	dysplasia Thanatophoric
PAVS_MASTER_0387	439_2017_1821_MOESM1_ESM.tsv	16N-0225	MALE	2 months	GENO:0000136	HP:0000201|HP:0001643|HP:0002140	not known:NM_004718:c.130A>T	GRCh37	not known	Suspected hypoxic ischemic brain insult
PAVS_MASTER_0388	439_2017_1821_MOESM1_ESM.tsv	16N-0228	FEMALE	?	GENO:0000135	HP:0005716	COL1A2:NM_000089:c.1747G>C	GRCh37	not known	
PAVS_MASTER_0389	439_2017_1821_MOESM1_ESM.tsv	16N-0231	MALE	4	GENO:0000135	HP:0001252|HP:0001263|HP:0001762|HP:0001999	SALL1:NM_001127892:c.186_187insAGCAGCAGCAGCAGC|not known:g.51175655_51175656insGCTGCTGCTGCTGCT	GRCh37	not known	Club-feet.|Dysmorphic features
PAVS_MASTER_0390	439_2017_1821_MOESM1_ESM.tsv	16N-0232	FEMALE	6 months	GENO:0000135	HP:0000750|HP:0001270|HP:0001328|HP:0001508	CACNA1B:NM_000718:c.6377G>A	GRCh37	not known	learning disability|fine/gross motor delay
PAVS_MASTER_0391	439_2017_1821_MOESM1_ESM.tsv	16N-0233	MALE	14	GENO:0000136	HP:0000154|HP:0000533|HP:4000087	HSPG2:NM_005529:c.11208-7G>A	GRCh37	not known	unusual expressions|small eyes
PAVS_MASTER_0392	439_2017_1821_MOESM1_ESM.tsv	16N-0234	FEMALE	2		HP:0000252|HP:0000316|HP:0000369|HP:0000750|HP:0001252|HP:0005280		GRCh37	not known	Multiple congenital anomalies|microcephaly. Grow delay|low set elongated ears|mild hypotonia
PAVS_MASTER_0393	439_2017_1821_MOESM1_ESM.tsv	16N-0235	FEMALE	8	GENO:0000136	HP:0000316|HP:0000431|HP:0001177|HP:0001839|HP:0012385	WNT10B:NM_003394:c.338-1G>C	GRCh37	not known	left index camptodactyly|2 missing digits in both feet(lobster feet)|normal development|feet ectrodactyly
PAVS_MASTER_0394	439_2017_1821_MOESM1_ESM.tsv	16N-0236	FEMALE	Fetus	GENO:0000136	HP:0000476	SLC26A2:NM_000112:c.1010_1012del	GRCh37	not known	Terminated pregnancy with severe cystic hygroma and severe micromelia
PAVS_MASTER_0395	439_2017_1821_MOESM1_ESM.tsv	16N-0239	FEMALE	?	GENO:0000136	HP:0001989	NEB:NM_001271208:c.11806-1G>A|not known:g.152467381C>T	GRCh37	not known	
PAVS_MASTER_0396	439_2017_1821_MOESM1_ESM.tsv	16N-0240	FEMALE	36 week	GENO:0000136	HP:0001217|HP:0001561	not known:NM_001172418:c.1015C>T|not known:g.38370642G>A	GRCh37	not known	empty stomach and severe polyhydramnios|clubbing and clenching hand
PAVS_MASTER_0397	439_2017_1821_MOESM1_ESM.tsv	16N-0243	MALE	2	GENO:0000136	HP:0000356|HP:0000750|HP:0001257|HP:0001270|HP:0001508|HP:0001510|HP:0001511|HP:0012444	ADAT3:NM_138422:c.430G>A|not known:g.1912477G>A	GRCh37	not known	no skin lesions|abnormal  hair- blond|fine motor delay|low set ear micro|growth retardation/short structure
PAVS_MASTER_0398	439_2017_1821_MOESM1_ESM.tsv	16N-0245	FEMALE	2	GENO:0000135	HP:0001251	AHI1:NM_001134830:c.2172A>G	GRCh37	not known	cerebellar ataxia nystagmus
PAVS_MASTER_0399	439_2017_1821_MOESM1_ESM.tsv	16N-0246	FEMALE	10	GENO:0000135	HP:0000252|HP:0000750|HP:0001263|HP:0001328|HP:0001999	DHCR7:NM_001163817:c.99-4G>A	GRCh37	not known	intellectual delay|learning disability
PAVS_MASTER_0400	439_2017_1821_MOESM1_ESM.tsv	16N-0247	MALE	?	GENO:0000135	HP:0000750|HP:0001250|HP:0001263|HP:0001328|HP:0001954	KMT2C:NM_170606:c.6589C>A	GRCh37	not known	intellectual/mental delay|GTC epilepsy|learning disability
PAVS_MASTER_0401	439_2017_1821_MOESM1_ESM.tsv	16N-0248	MALE	7		HP:0031013		GRCh37	not known	Left TMJ ankylosis ?infection-induced
PAVS_MASTER_0402	439_2017_1821_MOESM1_ESM.tsv	16N-0249	FEMALE	13	GENO:0000136	HP:0000750|HP:0001328|HP:0001999|HP:0002194|HP:0002652	not known:NM_145058:c.161C>T	GRCh37	not known	learning disability|very mild speech delay
PAVS_MASTER_0403	439_2017_1821_MOESM1_ESM.tsv	16N-0250	MALE	6 months	GENO:0000135	HP:0000252|HP:0000347|HP:0002652	POLR1D:NM_015972:c.388G>T	GRCh37	not known	no skeletal dysplasia|dysmorphic facies and normal IQ. microcephaly|severe micrognathia
PAVS_MASTER_0404	439_2017_1821_MOESM1_ESM.tsv	16N-0251	FEMALE	?		HP:0001040|HP:0001188|HP:0001561|HP:0001989|HP:0002751|HP:0002804|HP:0005257		GRCh37	not known	deformation sequence|multiple pterygium syndrome|fixed flex deformity of arms and legs with webbing of the joints|very small chest|clinched hands|Ultrasound suggestive of fetal akinesia|Arthrogryposis related abnormality|rocker bottom and clubbed feet
PAVS_MASTER_0405	439_2017_1821_MOESM1_ESM.tsv	16N-0252	FEMALE	?	GENO:0000135	HP:0001518|HP:0001520|HP:0002818|HP:0002823|HP:0002983|HP:0003022|HP:0003826|HP:0005716	COL1A2:NM_000089:c.1747G>C	GRCh37	not known	all long bones were short& bowed(humorous|ulna|fibula&tibia)generalize hypo-mineralization. there is fracture seen by ultrasound of the femur. narrow chest|radius|Biparietal diameter> 95% for gestational age|male fetus|femur|other measurements were small for gestational age|impression by ultrasound- lethal skeletal dysplasia
PAVS_MASTER_0406	439_2017_1821_MOESM1_ESM.tsv	16N-0253	MALE	18	GENO:0000136	HP:0003201|HP:0025283	not known:NM_032787:c.170C>A	GRCh37	not known	power is good on examination|no tenderness|asymptomatic otherwise|Ck on last visit >15000 following exercise|Muscle pain following exercise for few years rhabdomyolysis|no muscle atrophy or hypertrophy
PAVS_MASTER_0407	439_2017_1821_MOESM1_ESM.tsv	16N-0254	FEMALE	5	GENO:0000136	HP:0000750|HP:0001249|HP:0002194|HP:0002213	CCDC88C:NM_001080414:c.4334C>T|not known:g.91755556G>A	GRCh37	not known	intellectual/ mental delay|Fine
PAVS_MASTER_0408	439_2017_1821_MOESM1_ESM.tsv	16N-0255	FEMALE	3	GENO:0000135	HP:0000201|HP:0000202|HP:0001631	not known:NM_014856:c.2702_2703insGCAGC	GRCh37	not known	
PAVS_MASTER_0409	439_2017_1821_MOESM1_ESM.tsv	16N-0256	MALE	9		HP:0000750|HP:0001631|HP:0002194|HP:0002213|HP:0012828		GRCh37	not known	severe intellectual/ mental delay|Fine
PAVS_MASTER_0410	439_2017_1821_MOESM1_ESM.tsv	16N-0257	MALE	3		HP:0000325|HP:0000750|HP:0001250|HP:0001252|HP:0001508|HP:0002194		GRCh37	not known	triangular face pointed chin
PAVS_MASTER_0411	439_2017_1821_MOESM1_ESM.tsv	16N-0258	MALE	51		HP:0001251		GRCh37	not known	
PAVS_MASTER_0412	439_2017_1821_MOESM1_ESM.tsv	16N-0259	FEMALE	27wks	GENO:0000136	HP:0002652|HP:0002659|HP:0034057	TRIP11:NM_004239:c.763C>T	GRCh37	not known	skeletal dysplasia(very short bone|fetal anomalies|fractures
PAVS_MASTER_0413	439_2017_1821_MOESM1_ESM.tsv	16N-0260	MALE	7	GENO:0000136	HP:0001252|HP:0012828	C12orf57:NM_001301837:c.1A>G	GRCh37	not known	severe intellectual/ mental delay|autistic features
PAVS_MASTER_0414	439_2017_1821_MOESM1_ESM.tsv	16N-0261	FEMALE	8	GENO:0000136	HP:0000252|HP:0001249|HP:0001250	DPAGT1:NM_001382:c.729-4A>C	GRCh37	not known	hypotonia seizures GTC|intellectual mental delay
PAVS_MASTER_0415	439_2017_1821_MOESM1_ESM.tsv	16N-0261	FEMALE	8	GENO:0000136	HP:0000252|HP:0001249|HP:0001250	DPAGT1:NM_001382:c.729-4A>C	GRCh37	not known	hypotonia seizures GTC|intellectual mental delay
PAVS_MASTER_0416	439_2017_1821_MOESM1_ESM.tsv	16N-0262	MALE	10	GENO:0000136	HP:0000252|HP:0000729|HP:0000733|HP:0000750	DNHD1:NM_144666:c.11815G>A	GRCh37	not known	stereotypic behavior
PAVS_MASTER_0417	439_2017_1821_MOESM1_ESM.tsv	16N-0266	FEMALE	2		HP:0001251|HP:0001252		GRCh37	not known	
PAVS_MASTER_0418	439_2017_1821_MOESM1_ESM.tsv	16N-0269	FEMALE	2		HP:0001250	not known:NM_001282773:c.817A>G	GRCh37	not known	Suspected pyridoxine-dependent epilepsy
PAVS_MASTER_0419	439_2017_1821_MOESM1_ESM.tsv	16N-0270	FEMALE	4		HP:0001324|HP:0003198		GRCh37	not known	congenital myopathy
PAVS_MASTER_0420	439_2017_1821_MOESM1_ESM.tsv	16N-0273	UNKNOWN_SEX	?	GENO:0000135	HP:0001999	PTPN11:NM_002834:c.1530G>T	GRCh37	not known	Dysmorphic facies and CHD
PAVS_MASTER_0421	439_2017_1821_MOESM1_ESM.tsv	16N-0274	MALE	18m				GRCh37	not known	EIEE
PAVS_MASTER_0422	439_2017_1821_MOESM1_ESM.tsv	16N-0275	FEMALE	6 months	GENO:0000136	HP:0008905	LBR:NM_002296:c.1535G>A	GRCh37	not known	Rhizomelic dwarf|chondrodysplasia punctata
PAVS_MASTER_0423	439_2017_1821_MOESM1_ESM.tsv	16N-0276	FEMALE	3	GENO:0000136	HP:0002804	not known:NM_015312:c.5194T>C	GRCh37	not known	
PAVS_MASTER_0424	439_2017_1821_MOESM1_ESM.tsv	16N-0277	MALE	33	GENO:0000135		ITGB4:NM_001005619:c.2854delC	GRCh37	not known	Lost one child with OI and another with EB
PAVS_MASTER_0425	439_2017_1821_MOESM1_ESM.tsv	16N-0278	UNKNOWN_SEX	?	GENO:0000136		ADAT3:NM_138422:c.430G>A	GRCh37	not known	ID
PAVS_MASTER_0426	439_2017_1821_MOESM1_ESM.tsv	16N-0280	MALE	5	GENO:0000135	HP:0001250|HP:0001263	not known:NM_015409:c.8226_8227insGCAACAG	GRCh37	not known	epilepsy and CHD
PAVS_MASTER_0427	439_2017_1821_MOESM1_ESM.tsv	16N-0281	MALE	5	GENO:0000136	HP:0000648|HP:0000750|HP:0001249|HP:0001250|HP:0001252|HP:0001257|HP:0001263|HP:0001270|HP:0001328|HP:0002376|HP:0002415	GALC:NM_001201401:c.847G>A	GRCh37	not known	mental delay|severe leukodystrophy|fine/ gross motor delay|learning disability|mild optic atrophy
PAVS_MASTER_0428	439_2017_1821_MOESM1_ESM.tsv	16N-0282=WES-0032	FEMALE	3	GENO:0000136	HP:0000252|HP:0000750|HP:0001252|HP:0001270|HP:0001510|HP:0001511|HP:0012444	VPS13B:NM_015243.2:c.1219C>T	GRCh37	not known	prematurity|fine /gross motor delay|Growth retardation/short stature|MRI brain atrophy
PAVS_MASTER_0429	439_2017_1821_MOESM1_ESM.tsv	16N-0283	FEMALE	5	GENO:0000135	HP:0000717	not known:NM_138732:c.1625G>A	GRCh37	not known	ID and autism
PAVS_MASTER_0430	439_2017_1821_MOESM1_ESM.tsv	16N-0284-A	MALE	3		HP:0001250|HP:0001252|HP:0001999		GRCh37	not known	dysmorphic features
PAVS_MASTER_0431	439_2017_1821_MOESM1_ESM.tsv	16N-0284-B	MALE	3	GENO:0000136	HP:0001250|HP:0001252|HP:0001999	IDS:NM_000202:c.937C>T	GRCh37	not known	dysmorphic features
PAVS_MASTER_0432	439_2017_1821_MOESM1_ESM.tsv	16N-0285-A	MALE	12		HP:0001263		GRCh37	not known	autistic features
PAVS_MASTER_0433	439_2017_1821_MOESM1_ESM.tsv	16N-0285-B	MALE	12		HP:0001263		GRCh37	not known	autistic features
PAVS_MASTER_0434	439_2017_1821_MOESM1_ESM.tsv	16N-0286	MALE	6		HP:0000750|HP:0001252|HP:0001270		GRCh37	not known	Fine/gross motor delay
PAVS_MASTER_0435	439_2017_1821_MOESM1_ESM.tsv	16N-0287	MALE	6	GENO:0000136	HP:0001250|HP:0001263|HP:0002376	SPG11:NM_001160227:c.1270C>A	GRCh37	not known	
PAVS_MASTER_0436	439_2017_1821_MOESM1_ESM.tsv	16N-0288	FEMALE	4	GENO:0000136	HP:0000252|HP:0000750|HP:0001508|HP:0004322	CDK5RAP2:NM_001272039:c.3982C>T	GRCh37	not known	short structure
PAVS_MASTER_0437	439_2017_1821_MOESM1_ESM.tsv	16N-0288	FEMALE	4		HP:0000252|HP:0000750|HP:0001508|HP:0004322		GRCh37	not known	short structure
PAVS_MASTER_0438	439_2017_1821_MOESM1_ESM.tsv	16N-0289	UNKNOWN_SEX	?	GENO:0000135	HP:0002654	PTPN12:NM_001131009:c.904C>T	GRCh37	not known	
PAVS_MASTER_0439	439_2017_1821_MOESM1_ESM.tsv	16N-0290	FEMALE	7		HP:0001250|HP:0001263		GRCh37	not known	epilepsy and profound hearing loss
PAVS_MASTER_0440	439_2017_1821_MOESM1_ESM.tsv	16N-0291 (duo)	MALE	28	GENO:0000135		not known:NM_001283024:c.256C>T	GRCh37	not known	Father of an affected child
PAVS_MASTER_0441	439_2017_1821_MOESM1_ESM.tsv	16N-0292=WES-0039	MALE	2	GENO:0000136		SURF1:NM_001280787:c.518_519del	GRCh37	not known	Suspected SMA
PAVS_MASTER_0442	439_2017_1821_MOESM1_ESM.tsv	16N-0293=WES-0040	UNKNOWN_SEX	?	GENO:0000136	HP:0001263	KPNA7:NM_001145715:c.865G>C	GRCh37	not known	
PAVS_MASTER_0443	439_2017_1821_MOESM1_ESM.tsv	16N-0294 (trio)	FEMALE	?	GENO:0000135		COL1A1:NM_000088:c.2399G>A	GRCh37	not known	severe dysplasia
PAVS_MASTER_0444	439_2017_1821_MOESM1_ESM.tsv	16N-0298	FEMALE	10	GENO:0000136	HP:0002651|HP:0004322	RAB33B:NM_031296:c.136A>C	GRCh37	not known	
PAVS_MASTER_0445	439_2017_1821_MOESM1_ESM.tsv	16N-0299	FEMALE	2	GENO:0000135	HP:0000365|HP:0001100|HP:0001263	SOX10:NM_006941:c.404delG	GRCh37	not known	heterochromia
PAVS_MASTER_0446	439_2017_1821_MOESM1_ESM.tsv	16N-0300	MALE	2	GENO:0000135	HP:0000316|HP:0000343|HP:0000369|HP:0000384|HP:0001263|HP:0001999|HP:0002936	not known:NM_019100:c.1175G>A	GRCh37	not known	dysmorphic|other extremities
PAVS_MASTER_0447	439_2017_1821_MOESM1_ESM.tsv	16N-0301	MALE	2	GENO:0000136	HP:0001250|HP:0001263	SIAH1:NM_001006610:c.91_91del	GRCh37	not known	seizure disorder
PAVS_MASTER_0448	439_2017_1821_MOESM1_ESM.tsv	16N-0302	MALE	10	GENO:0000606	HP:0000750|HP:0001249|HP:0001270|HP:0001276|HP:0002069|HP:0002194	PHF8:NM_001184896:c.1568A>G	GRCh37	not known	intellectual disability/MR|seizures GTC|fine motor delay
PAVS_MASTER_0449	439_2017_1821_MOESM1_ESM.tsv	16N-0304	UNKNOWN_SEX	?	GENO:0000136	HP:0001252	AHI1:NM_001134830:c.1328T>A	GRCh37	not known	
PAVS_MASTER_0450	439_2017_1821_MOESM1_ESM.tsv	16N-0305	UNKNOWN_SEX	?	GENO:0000135	HP:0001257|HP:0001263	MFN2:NM_001127660:c.820C>T	GRCh37	not known	spasticity and microcephaly
PAVS_MASTER_0451	439_2017_1821_MOESM1_ESM.tsv	16N-0306	MALE	12		HP:0002376		GRCh37	not known	Psychomotor regression and optic atrophy
PAVS_MASTER_0452	439_2017_1821_MOESM1_ESM.tsv	16N-0307	UNKNOWN_SEX	?	GENO:0000136	HP:0000533|HP:0001250|HP:0001263	NDST1:NM_001301063:c.985C>T	GRCh37	not known	DD
PAVS_MASTER_0453	439_2017_1821_MOESM1_ESM.tsv	16N-0308	MALE	5		HP:0000233|HP:0000252|HP:0000315|HP:0000356|HP:0000750|HP:0001270|HP:0001328|HP:0001999|HP:0002194|HP:0005274|HP:0011304		GRCh37	not known	significantly broad thumbs|features suggestive of Rubinstein Taybi syndrome.|deep sealed eyes|ear bit (R)|Dysmorphic|fine motor delay|learning disability
PAVS_MASTER_0454	439_2017_1821_MOESM1_ESM.tsv	16N-0309=WES-0050	UNKNOWN_SEX	?		HP:0001263		GRCh37	not known	
PAVS_MASTER_0455	439_2017_1821_MOESM1_ESM.tsv	16N-0310=WES-0051	UNKNOWN_SEX	?		HP:0001263		GRCh37	not known	?DD
PAVS_MASTER_0456	439_2017_1821_MOESM1_ESM.tsv	16N-0311	MALE	5	GENO:0000135	HP:0000750|HP:0002069|HP:0003429	SPG11:NM_001160227:c.4561T>C	GRCh37	not known	seizures GTC|Abnormal development and abnormal brain|hypomyelination
PAVS_MASTER_0457	439_2017_1821_MOESM1_ESM.tsv	16N-0312	UNKNOWN_SEX	?	GENO:0000135	HP:0000252	not known:NM_001033677:c.922C>T	GRCh37	not known	
PAVS_MASTER_0458	439_2017_1821_MOESM1_ESM.tsv	16N-0313	UNKNOWN_SEX	?	GENO:0000136	HP:0001263|HP:0003128	FBXL4:NM_012160:c.1698A>G	GRCh37	not known	DD
PAVS_MASTER_0459	439_2017_1821_MOESM1_ESM.tsv	16N-0314	FEMALE	11		HP:0000356|HP:0000750|HP:0001249|HP:0001270|HP:0001328|HP:0001508|HP:0001511|HP:0001999|HP:0004322		GRCh37	not known	intellectual disability/MR|growth retardation/short stature|dysmorphic syndrome|fine motor delay|prematurity|learning disability
PAVS_MASTER_0460	439_2017_1821_MOESM1_ESM.tsv	16N-0315	MALE	1	GENO:0000135	HP:0004900	G6PD:NM_000402:c.653C>T	GRCh37	not known	Severe lactic acidosis in newborn.
PAVS_MASTER_0461	439_2017_1821_MOESM1_ESM.tsv	16N-0316	MALE	10	GENO:0000136	HP:0000252|HP:0000750|HP:0001270|HP:0001274|HP:0001508|HP:0003128	FBXL4:NM_012160:c.1698A>G	GRCh37	not known	lactic academia|fine motor delay
PAVS_MASTER_0462	439_2017_1821_MOESM1_ESM.tsv	16N-0317	FEMALE	9		HP:0001382		GRCh37	not known	Joint laxity and MVP
PAVS_MASTER_0463	439_2017_1821_MOESM1_ESM.tsv	16N-0318	MALE	4	GENO:0000135	HP:0000194|HP:0000356|HP:0000391|HP:0000400|HP:0001249|HP:0001252|HP:0001270|HP:0001510|HP:0001582|HP:0001999|HP:0006970	KRAS:NM_004985:c.458A>T	GRCh37	not known	mild growth retardation/short stature|intellectual disability/MR|ear malformation|mild atrophy of post part of corpus|large pinna|fine motor delay|redundant skin over chin/palms|suprapulmonary narrowing
PAVS_MASTER_0464	439_2017_1821_MOESM1_ESM.tsv	16N-0319	FEMALE	4	GENO:0000136	HP:0000252|HP:0000684|HP:0000750|HP:0001249|HP:0001252|HP:0001270|HP:0001643|HP:0002194	MED25:NM_030973:c.116A>G	GRCh37	not known	PDA (closed)|intellectual disability/MR|delayed teeth|fine motor delay
PAVS_MASTER_0465	439_2017_1821_MOESM1_ESM.tsv	16N-0320	FEMALE	5		HP:0001321|HP:0002194		GRCh37	not known	
PAVS_MASTER_0466	439_2017_1821_MOESM1_ESM.tsv	16N-0321=WES-0057	MALE	3	GENO:0000135	HP:0000252|HP:0001252|HP:0001263|HP:0001508|HP:0001636|HP:0004322	not known:NM_001199022:c.1355A>G	GRCh37	not known	
PAVS_MASTER_0467	439_2017_1821_MOESM1_ESM.tsv	16N-0324	MALE	3	GENO:0000136	HP:0000750|HP:0001263|HP:0001399|HP:0002194|HP:0002721|HP:0002910	NBAS:NM_015909:c.4733_4734insCTA	GRCh37	not known	elevated alanine|immunodeficiency low IgG
PAVS_MASTER_0468	439_2017_1821_MOESM1_ESM.tsv	16N-0325	FEMALE	1	GENO:0000136	HP:0000750|HP:0001249|HP:0001270|HP:0001508|HP:0002069|HP:0002194|HP:0012444		GRCh37	not known	intellectual disability/MR|seizures GTC|fine motor delay
PAVS_MASTER_0469	439_2017_1821_MOESM1_ESM.tsv	16N-0326	MALE	1	GENO:0000136	HP:0000125|HP:0000238|HP:0001305|HP:0001597|HP:0001631|HP:0001680|HP:0008689|HP:0010773|HP:0012444	TGDS:NM_001304430:c.107A>C	GRCh37	not known	abnormal nails|tricuspid reg. PAPVD|abnormal hair low hairline|Dandy Walker
PAVS_MASTER_0470	439_2017_1821_MOESM1_ESM.tsv	16N-0329=16W_0064 (same MRN)	UNKNOWN_SEX	?	GENO:0000136	HP:0000518	not known:NM_001145277:c.212C>A	GRCh37	not known	GDD and cataract
PAVS_MASTER_0471	439_2017_1821_MOESM1_ESM.tsv	16N-0330	FEMALE	12	GENO:0000136	HP:0000518|HP:0000750|HP:0001270|HP:0001324|HP:0002376|HP:0004322	SIL1:NM_001037633:c.1030-9G>A	GRCh37	not known	growth retardation/short stature|fine motor delay
PAVS_MASTER_0472	439_2017_1821_MOESM1_ESM.tsv	16N-0331	FEMALE	2	GENO:0000136	HP:0000750|HP:0001249|HP:0001270|HP:0001508|HP:0002090|HP:0002194|HP:0012444|HP:0034392	CHRNG:NM_005199:c.753_754del	GRCh37	not known	intellectual disability/MR|contractures|fine motor delay
PAVS_MASTER_0473	439_2017_1821_MOESM1_ESM.tsv	16N-0332	FEMALE	12		HP:0000411|HP:0000414|HP:0000518|HP:0000750|HP:0002194|HP:0004322|HP:0012471		GRCh37	not known	ID and cataract|growth retardation/short stature|large protruding ears
PAVS_MASTER_0474	439_2017_1821_MOESM1_ESM.tsv	16N-0333-A	FEMALE	5	GENO:0000135	HP:0000750|HP:0001263	ARID1B:NM_017519:c.3199A>T|not known:g.157502205A>T	GRCh37	not known	
PAVS_MASTER_0475	439_2017_1821_MOESM1_ESM.tsv	16N-0334	MALE	20 months	GENO:0000135	HP:0000252|HP:0000750|HP:0001249|HP:0001250|HP:0001257|HP:0001263|HP:0001270|HP:0001328|HP:0001508|HP:0001511|HP:0002194|HP:0012444	AMPD1:NM_001172626:c.1017G>T	GRCh37	not known	intellectual disability/MR|seizure spasm|learning disability|fine motor delay
PAVS_MASTER_0476	439_2017_1821_MOESM1_ESM.tsv	16N-0335	MALE	40	GENO:0000136	HP:0001324	RYR1:NM_001042723:c.14194C>T	GRCh37	not known	
PAVS_MASTER_0477	439_2017_1821_MOESM1_ESM.tsv	16N-0336	MALE	4	GENO:0000135	HP:0000750|HP:0001249|HP:0001508|HP:0002251|HP:0011451	ASPM:NM_001206846:c.4039C>T	GRCh37	not known	intellectual disability/MR
PAVS_MASTER_0478	439_2017_1821_MOESM1_ESM.tsv	16N-0337	FEMALE	4 months	GENO:0000135	HP:0005321	TCOF1:NM_000356:c.785C>G	GRCh37	not known	classical features
PAVS_MASTER_0479	439_2017_1821_MOESM1_ESM.tsv	16N-0338	FEMALE	1		HP:0001250		GRCh37	not known	seizures - eye twitching|prematurity|lactic academia/high CSF lactate
PAVS_MASTER_0480	439_2017_1821_MOESM1_ESM.tsv	16N-0339	MALE	1	GENO:0000135	HP:0001270|HP:0012469|HP:0032807	LRSAM1:NM_001005374:c.1660C>T	GRCh37	not known	neonatal seizures|fine motor delay
PAVS_MASTER_0481	439_2017_1821_MOESM1_ESM.tsv	16N-0340	FEMALE	6	GENO:0000135	HP:0001263|HP:0002415	NDUFA11:NM_001193375:c.590_600del	GRCh37	not known	
PAVS_MASTER_0482	439_2017_1821_MOESM1_ESM.tsv	16N-0341	FEMALE	10	GENO:0000135	HP:0000718|HP:0000750|HP:0001270|HP:0002194|HP:0010864	MECP2:NM_001110792:c.961C>T	GRCh37	not known	severe intellectual disability/MR|fine motor delay
PAVS_MASTER_0483	439_2017_1821_MOESM1_ESM.tsv	16N-0342	FEMALE	4	GENO:0000136	HP:0001270|HP:0001508|HP:0002194|HP:0002500|HP:0006829	LAMA2:NM_000426:c.6487delA	GRCh37	not known	severe hypotonia|white matter lesions|fine motor delay
PAVS_MASTER_0484	439_2017_1821_MOESM1_ESM.tsv	16N-0343	MALE	3	GENO:0000136	HP:0001324	TTN:NM_003319:c.78965C>G	GRCh37	not known	Severe muscle weakness and elevated CK
PAVS_MASTER_0485	439_2017_1821_MOESM1_ESM.tsv	16N-0344	MALE	5				GRCh37	not known	ADD and DD|ADHD Behavior and stereotypic movement
PAVS_MASTER_0486	439_2017_1821_MOESM1_ESM.tsv	16N-0345	MALE	9		HP:0001324|HP:0002194		GRCh37	not known	
PAVS_MASTER_0487	439_2017_1821_MOESM1_ESM.tsv	16N-0346	MALE	32		HP:0000546|HP:0000618|HP:0011003		GRCh37	not known	Goldmann-Favre retinal degeneration
PAVS_MASTER_0488	439_2017_1821_MOESM1_ESM.tsv	16N-0347	MALE	8		HP:0000252|HP:0000750|HP:0001250|HP:0001270|HP:0001328|HP:0002194|HP:0002376|HP:0010864|HP:0011170		GRCh37	not known	seizure- atonic myoclonic|learning disability|severe intellectual disability/MR|fine motor delay
PAVS_MASTER_0489	439_2017_1821_MOESM1_ESM.tsv	16N-0348	MALE	10		HP:0001324|HP:0002460		GRCh37	not known	distal weakness
PAVS_MASTER_0490	439_2017_1821_MOESM1_ESM.tsv	16N-0349	MALE	13		HP:0001251		GRCh37	not known	
PAVS_MASTER_0491	439_2017_1821_MOESM1_ESM.tsv	16N-0350	FEMALE	13		HP:0000750|HP:0001250|HP:0011675		GRCh37	not known	Arrhythmia/conduction defect|seizures- tonic posture drop attack
PAVS_MASTER_0492	439_2017_1821_MOESM1_ESM.tsv	16N-0351	FEMALE	3		HP:0000252|HP:0000518|HP:0000750|HP:0001257|HP:0001270|HP:0001508|HP:0002194|HP:0003429|HP:0010865		GRCh37	not known	hypomyelination ventriculitis|fine motor delay
PAVS_MASTER_0493	439_2017_1821_MOESM1_ESM.tsv	16N-0353	MALE	7		HP:0002180		GRCh37	not known	neurodegenerative disorder
PAVS_MASTER_0494	439_2017_1821_MOESM1_ESM.tsv	16N-0354	MALE	7	GENO:0000136	HP:0000618|HP:0000733|HP:0000750|HP:0001251|HP:0001252|HP:0001263|HP:0001270|HP:0001328|HP:0001332|HP:0002072|HP:0002194|HP:0002376|HP:0002415|HP:0010864	ABCD1:NM_000033:c.1825G>A	GRCh37	not known	adrenal leukodystrophy|fine motor delay|stereotypic behavior|severe intellectual disability/MR|learning disability
PAVS_MASTER_0495	439_2017_1821_MOESM1_ESM.tsv	16N-0355	FEMALE	21 months	GENO:0000135	HP:0000252|HP:0000505|HP:0000750|HP:0001270|HP:0001276|HP:0001332|HP:0001399|HP:0002194|HP:0012444|HP:0033044	CHRNB2:NM_000748:c.256-1G>A	GRCh37	not known	brain atrophy- temporal lobe atrophy|fine motor delay
PAVS_MASTER_0496	439_2017_1821_MOESM1_ESM.tsv	16N-0359	FEMALE	6		HP:0000252|HP:0001249|HP:0001251|HP:0010819		GRCh37	not known	intellectual disability/MR|seizures- drop attack
PAVS_MASTER_0497	439_2017_1821_MOESM1_ESM.tsv	16N-0362	FEMALE	3		HP:0001270|HP:0002194		GRCh37	not known	fine motor delay
PAVS_MASTER_0498	439_2017_1821_MOESM1_ESM.tsv	16N-0363	FEMALE	4		HP:0000252|HP:0006846		GRCh37	not known	
PAVS_MASTER_0499	439_2017_1821_MOESM1_ESM.tsv	16N-0364	FEMALE	15		HP:0001249|HP:0001321		GRCh37	not known	intellectual disability/MR|severe cerebellar hypoplasia
PAVS_MASTER_0500	439_2017_1821_MOESM1_ESM.tsv	16N-0366	UNKNOWN_SEX	2		HP:0000750|HP:0001249|HP:0001250|HP:0001257|HP:0001270|HP:0001562|HP:0002194|HP:0012444		GRCh37	not known	intellectual disability/MR|seizures- infantile spas|fine motor delay
PAVS_MASTER_0501	439_2017_1821_MOESM1_ESM.tsv	16N-0367	MALE	12		HP:0001324		GRCh37	not known	
PAVS_MASTER_0502	439_2017_1821_MOESM1_ESM.tsv	16N-0369	FEMALE	6		HP:0000252|HP:0000750|HP:0001249|HP:0001250|HP:0001252|HP:0001263|HP:0001270|HP:0001328|HP:0002013|HP:0002194|HP:0004322|HP:0006970		GRCh37	not known	intellectual disability/MR|growth retardation/short stature|fine motor delay|recurrent vomiting|learning disability
PAVS_MASTER_0503	439_2017_1821_MOESM1_ESM.tsv	16N-0370	FEMALE	1		HP:0000750|HP:0001249|HP:0001250|HP:0001252|HP:0001270|HP:0001328|HP:0001508|HP:0001999|HP:0002194|HP:0002376|HP:0032792		GRCh37	not known	intellectual disability/MR|seizures- tonic|dysmorphism subtly|neuro regression|fine motor delay|learning disability
PAVS_MASTER_0504	439_2017_1821_MOESM1_ESM.tsv	16N-0371	FEMALE	4		HP:0000252|HP:0000750|HP:0001249|HP:0001250|HP:0001252|HP:0001270|HP:0001328|HP:0002188|HP:0002194|HP:0002376		GRCh37	not known	intellectual disability/MR|myelination process|learning disability|fine motor delay
PAVS_MASTER_0505	439_2017_1821_MOESM1_ESM.tsv	16N-0372	FEMALE	2	GENO:0000136	HP:0000252|HP:0000618|HP:0000750|HP:0001249|HP:0001250|HP:0001252|HP:0001257|HP:0001263|HP:0001270|HP:0001297|HP:0001508|HP:0002194|HP:0002401|HP:0012444	FARS2:NM_006567:c.1138G>T	GRCh37	not known	intellectual disability/MR|bilateral stroke|stroke/stroke-like episodes|fine motor delay|basal ganglia abnormalities
PAVS_MASTER_0506	439_2017_1821_MOESM1_ESM.tsv	16N-0375	FEMALE	28		HP:0001252|HP:0001324		GRCh37	not known	
PAVS_MASTER_0507	439_2017_1821_MOESM1_ESM.tsv	16N-0376	FEMALE	56	GENO:0000135	HP:0001252|HP:0001324|HP:0025406	MYH7:NM_000257:c.3461G>T	GRCh37	not known	facial and biceps weakness
PAVS_MASTER_0508	439_2017_1821_MOESM1_ESM.tsv	16N-0377	MALE	3	GENO:0000136	HP:0009830|HP:0012531	SCN9A:NM_002977:c.2687G>A	GRCh37	not known	pain/temp sensory deficit|sensory autonomic neuropathy
PAVS_MASTER_0509	439_2017_1821_MOESM1_ESM.tsv	16N-0378	MALE	16		HP:0003737		GRCh37	not known	Suspected mitochondrial myopathy
PAVS_MASTER_0510	439_2017_1821_MOESM1_ESM.tsv	16N-0380	MALE	10		HP:0001251		GRCh37	not known	Neuroregression with ataxia and spasticity
PAVS_MASTER_0511	439_2017_1821_MOESM1_ESM.tsv	16N-0385	MALE	27		HP:0000096|HP:0001901|HP:0001999|HP:0002149|HP:0012595|HP:0012622|HP:0100699		GRCh37	not known	Dysmorphism|focal global glomerulosclerosis with severe interstitial fibrosis|renal scarring|subnephrotic proteinuria
PAVS_MASTER_0512	439_2017_1821_MOESM1_ESM.tsv	16N-0386	FEMALE	4		HP:0001392|HP:0030948		GRCh37	not known	GGT
PAVS_MASTER_0513	439_2017_1821_MOESM1_ESM.tsv	16N-0387	MALE	1		HP:0002028|HP:0008066		GRCh37	not known	suspected PID and resolved skin blisters
PAVS_MASTER_0514	439_2017_1821_MOESM1_ESM.tsv	16N-0388	MALE	3	GENO:0000136	HP:0001252|HP:0001324	FKRP:NM_001039885:c.646C>G	GRCh37	not known	
PAVS_MASTER_0515	439_2017_1821_MOESM1_ESM.tsv	16N-0389	FEMALE	31	GENO:0000136	HP:0001251|HP:0001332	PLEKHG5:NM_001042664:c.22C>A	GRCh37	not known	
PAVS_MASTER_0516	439_2017_1821_MOESM1_ESM.tsv	16N-0390	FEMALE	26	GENO:0000136	HP:0001251|HP:0001257|HP:0001274|HP:0001324|HP:0012444	SPG11:NM_001160227:c.1951C>T	GRCh37	not known	other psychiatric symptoms
PAVS_MASTER_0517	439_2017_1821_MOESM1_ESM.tsv	16N-0391	MALE	3		HP:0000750|HP:0001249|HP:0001382|HP:0001671|HP:0002194		GRCh37	not known	intellectual disability/MR|atrial septal defect ventricular septal defect|laxity
PAVS_MASTER_0518	439_2017_1821_MOESM1_ESM.tsv	16N-0392	FEMALE	6		HP:0001396		GRCh37	not known	Severe high GGT neonatal cholestasis
PAVS_MASTER_0519	439_2017_1821_MOESM1_ESM.tsv	16N-0393	FEMALE	13		HP:0000280|HP:0004322		GRCh37	not known	
PAVS_MASTER_0520	439_2017_1821_MOESM1_ESM.tsv	16N-0394	MALE	19	GENO:0000135	HP:0000505|HP:0001250|HP:0001257|HP:0001276	SPTAN1:NM_001130438:c.1511C>T	GRCh37	not known	neuroregression since the age of 3yrs
PAVS_MASTER_0521	439_2017_1821_MOESM1_ESM.tsv	16N-0395	FEMALE	3	GENO:0000136	HP:0001396	SMPD1:NM_000543:c.1267C>T	GRCh37	not known	Severe neonatal cholestasis with fluctuating GGT
PAVS_MASTER_0522	439_2017_1821_MOESM1_ESM.tsv	16N-0396	MALE	46	GENO:0000135	HP:0001257|HP:0001288|HP:0001324	SLC1A3:NM_001166695:c.525-16A>G	GRCh37	not known	gait abnormality
PAVS_MASTER_0523	439_2017_1821_MOESM1_ESM.tsv	16N-0401	MALE	8	GENO:0000136	HP:0001396|HP:0001399|HP:0001508	ABCB4:NM_000443:c.296C>T	GRCh37	not known	Chronic cholestasis|progressive liver failure
PAVS_MASTER_0524	439_2017_1821_MOESM1_ESM.tsv	16N-0402	MALE	35		HP:0001397|HP:0001737		GRCh37	not known	fatty liver and cholelithiasis|Multiple pancreatic microcysts
PAVS_MASTER_0525	439_2017_1821_MOESM1_ESM.tsv	16N-0403	FEMALE	5	GENO:0000136	HP:0000252|HP:0000750|HP:0001249|HP:0001270|HP:0002194	SNCA:NM_000345:c.287A>T	GRCh37	not known	intellectual disability/MR|non dysmorphic|fine motor delay
PAVS_MASTER_0526	439_2017_1821_MOESM1_ESM.tsv	16N-0404	FEMALE	8		HP:0000316|HP:0000365|HP:0000369|HP:0000750|HP:0001249|HP:0001508|HP:0001510|HP:0002007		GRCh37	not known	growth retardation/ short stature|intellectual disability/MR|hypertelorism of the eye
PAVS_MASTER_0527	439_2017_1821_MOESM1_ESM.tsv	16N-0405	MALE	2	GENO:0000135	HP:0001263	MRPL3:NM_007208:c.314G>A	GRCh37	not known	?DD
PAVS_MASTER_0528	439_2017_1821_MOESM1_ESM.tsv	16N-0406	MALE	8	GENO:0000136	HP:0002376	CLN6:NM_017882:c.794_796del	GRCh37	not known	neuroregression
PAVS_MASTER_0529	439_2017_1821_MOESM1_ESM.tsv	16N-0407	MALE	7	GENO:0000136	HP:0001257|HP:0001264	CYP2U1:NM_183075:c.947A>T	GRCh37	not known	spastic diplegia started to evolve in childhood
PAVS_MASTER_0530	439_2017_1821_MOESM1_ESM.tsv	16N-0408	MALE	20		HP:0000952|HP:0001399		GRCh37	not known	
PAVS_MASTER_0531	439_2017_1821_MOESM1_ESM.tsv	16N-0409	MALE	13	GENO:0000135	HP:0002376	CLN5:NM_006493:c.595C>T	GRCh37	not known	developmental regression with white matter changes and intractable seizure
PAVS_MASTER_0532	439_2017_1821_MOESM1_ESM.tsv	16N-0410	MALE	6	GENO:0000135	HP:0001263	TRPV4:NM_001177428:c.1118A>G	GRCh37	not known	DD
PAVS_MASTER_0533	439_2017_1821_MOESM1_ESM.tsv	16N-0411	FEMALE	29	GENO:0000136	HP:0000836|HP:0002908	ABCC2:NM_000392:c.2273G>T	GRCh37	not known	
PAVS_MASTER_0534	439_2017_1821_MOESM1_ESM.tsv	16N-0412	MALE	17	GENO:0000136	HP:0000271|HP:0000365|HP:0001761|HP:0007340|HP:0010871	NDRG1:NM_001258432:c.563delC	GRCh37	not known	facial|abnormal proprioception sensory ataxia|PES caves
PAVS_MASTER_0535	439_2017_1821_MOESM1_ESM.tsv	16N-0413	MALE	30	GENO:0000136	HP:0000952|HP:0002910	ABCB4:NM_018849:c.1560+3A>G	GRCh37	not known	
PAVS_MASTER_0536	439_2017_1821_MOESM1_ESM.tsv	16N-0414	MALE	10	GENO:0000606	HP:0000365|HP:0000618|HP:0000846|HP:0001257|HP:0001276|HP:0001324|HP:0002415|HP:0012444	UBA1:NM_003334:c.1400G>A	GRCh37	not known	other psychiatric features|x-linked Adrenoleukodystrophy|autistic features|degenerative changes
PAVS_MASTER_0537	439_2017_1821_MOESM1_ESM.tsv	16N-0415	FEMALE	9	GENO:0000136	HP:0001249|HP:0001250|HP:0001328|HP:0012444	CLN5:NM_006493:c.595C>T	GRCh37	not known	intellectual disability/MR|learning disability.
PAVS_MASTER_0538	439_2017_1821_MOESM1_ESM.tsv	16N-0416	FEMALE	2		HP:0000252|HP:0000750|HP:0001270|HP:0001328|HP:0001433|HP:0002194|HP:0002910		GRCh37	not known	fine motor delay|learning disability|Aicardi-Goutieres syndrome
PAVS_MASTER_0539	439_2017_1821_MOESM1_ESM.tsv	16N-0417	MALE	14	GENO:0000135	HP:0000639|HP:0000750|HP:0001249|HP:0001250|HP:0001270|HP:0002194|HP:0002376|HP:0012444	not known:NM_001297647:c.439C>T	GRCh37	not known	intellectual disability/MR|post traumatic seizures|fine motor delay
PAVS_MASTER_0540	439_2017_1821_MOESM1_ESM.tsv	16N-0418	MALE	5	GENO:0000135	HP:0000750|HP:0001257|HP:0001270|HP:0001274|HP:0001332|HP:0001508	SPG7:NM_003119:c.2201delA	GRCh37	not known	Fine/ gross motor delay
PAVS_MASTER_0541	439_2017_1821_MOESM1_ESM.tsv	16N-0419	MALE	3	GENO:0000136	HP:0000252|HP:0000505|HP:0000750|HP:0001250|HP:0001270|HP:0001324|HP:0006829	GABRD:NM_000815:c.875C>T	GRCh37	not known	Fine/ gross motor delay|severe hypotonia|abnormal movement
PAVS_MASTER_0542	439_2017_1821_MOESM1_ESM.tsv	16N-0420	UNKNOWN_SEX	?		HP:0000252|HP:0000733|HP:0000750|HP:0001249|HP:0001270|HP:0001328|HP:0001332|HP:0001999|HP:0002069|HP:0002194		GRCh37	not known	intellectual disability/MR|dysmorphism|fine motor delay|stereotypic behaviors|seizures tonic clonic|glutamine level high|learning disability
PAVS_MASTER_0543	439_2017_1821_MOESM1_ESM.tsv	16N-0421-A	MALE	13		HP:0000750|HP:0001249|HP:0001268|HP:0001328|HP:0001350|HP:0002069		GRCh37	not known	other psychiatric symptoms|seizures GTC|mental retardation IQ 79|Learning disability
PAVS_MASTER_0544	439_2017_1821_MOESM1_ESM.tsv	16N-0422	MALE	8		HP:0000722|HP:0000750|HP:0001250|HP:0001328		GRCh37	not known	Post autoimmune encephalitis and seizure disorder|seizures(focal&general) oligohydramnios|learning disability
PAVS_MASTER_0545	439_2017_1821_MOESM1_ESM.tsv	16N-0423	MALE	4	GENO:0000135	HP:0000316|HP:0000750|HP:0001252|HP:0001270|HP:0001508|HP:0001631|HP:0002119|HP:0033725	KAT6B:NM_012330.3:c.4117_4119delGAA	GRCh37	not known	hypertelorism of eye|diffuse ventriculomegaly|baba|not walking|limited speech to mama
PAVS_MASTER_0546	439_2017_1821_MOESM1_ESM.tsv	16N-0424	MALE	3		HP:0000252|HP:0000750|HP:0001249|HP:0001252|HP:0001270|HP:0001382|HP:0001508|HP:0002194|HP:0004322|HP:0030490		GRCh37	not known	intellectual disability/MR|growth retardation/short stature|hyperextensibility|fine motor delay
PAVS_MASTER_0547	439_2017_1821_MOESM1_ESM.tsv	16N-0425	MALE	21		HP:0011332		GRCh37	not known	Goldenhar syndrome|craniofacial microsomia
PAVS_MASTER_0548	439_2017_1821_MOESM1_ESM.tsv	16N-0426	UNKNOWN_SEX	19	GENO:0000136	HP:0001396	ABCB4:NM_000443:c.2906G>A	GRCh37	not known	Cholestatic jaundice (suspected PFIC)
PAVS_MASTER_0549	439_2017_1821_MOESM1_ESM.tsv	16N-0427	FEMALE	46		HP:0001332		GRCh37	not known	childhood onset dystonia
PAVS_MASTER_0550	439_2017_1821_MOESM1_ESM.tsv	16N-0428	MALE	3		HP:0000750|HP:0001250|HP:0001257|HP:0001270|HP:0002376|HP:0003128		GRCh37	not known	lactic acidemia/ high CSF lactate|fine and gross motor delay
PAVS_MASTER_0551	439_2017_1821_MOESM1_ESM.tsv	16N-0429	MALE	4		HP:0000252|HP:0000750|HP:0001249|HP:0001252|HP:0001263|HP:0001270|HP:0001328|HP:0002069|HP:0002194		GRCh37	not known	intellectual disability/MR|seizures tonic myoclonic|learning disability|fine motor delay
PAVS_MASTER_0552	439_2017_1821_MOESM1_ESM.tsv	16N-0430	FEMALE	3	GENO:0000136	HP:0000750|HP:0001251|HP:0001270|HP:0001508|HP:0002194|HP:0002376|HP:0006970|HP:0032794	KCTD7:NM_001167961:c.172G>A	GRCh37	not known	periventricular leukomalacia- cystic changes|seizures myoclonic|fine motor delay
PAVS_MASTER_0553	439_2017_1821_MOESM1_ESM.tsv	16N-0431	MALE	4 months		HP:0002376		GRCh37	not known	Developmental regression and brain atrophy
PAVS_MASTER_0554	439_2017_1821_MOESM1_ESM.tsv	16N-0432	MALE	7	GENO:0000136		ACADVL:NM_001033859:c.1633C>T	GRCh37	not known	VLCAD disease
PAVS_MASTER_0555	439_2017_1821_MOESM1_ESM.tsv	16N-0433	FEMALE	4 months	GENO:0000136	HP:0004923|HP:0032351	PAH:NM_000277:c.898G>T	GRCh37	not known	phenylketonuria|metabolic
PAVS_MASTER_0556	439_2017_1821_MOESM1_ESM.tsv	16N-0434	FEMALE	10		HP:0001250		GRCh37	not known	
PAVS_MASTER_0557	439_2017_1821_MOESM1_ESM.tsv	16N-0435	MALE	2		HP:0000077|HP:0001508|HP:0001631|HP:0005160		GRCh37	not known	renal abnormalities
PAVS_MASTER_0558	439_2017_1821_MOESM1_ESM.tsv	16N-0436	MALE	11	GENO:0000606	HP:0000750|HP:0001249|HP:0001250	SLC6A8:NM_001142805:c.737_742del	GRCh37	not known	high creatine in urine with high creatine/creatinine ratio of 2.1
PAVS_MASTER_0559	439_2017_1821_MOESM1_ESM.tsv	16N-0438	MALE	15		HP:0001250		GRCh37	not known	
PAVS_MASTER_0560	439_2017_1821_MOESM1_ESM.tsv	16N-0439	MALE	4 months	GENO:0000135	HP:0000047|HP:0000124|HP:0000256|HP:0000508|HP:0000733|HP:0000750|HP:0001249|HP:0001251|HP:0001548|HP:0004808|HP:0012210	RAD21:NM_006265:c.68G>A	GRCh37	not known	anorectal malformation|renal tubulopathy|intellectual disability/MR moderate to severe|stereotypic behaviors
PAVS_MASTER_0561	439_2017_1821_MOESM1_ESM.tsv	16N-0441	MALE	2		HP:0000252|HP:0001263|HP:0001274|HP:0001508|HP:0002020|HP:0002509|HP:0008936|HP:0012469|HP:0200134		GRCh37	not known	seizures infantile spasm|gastrointestinal reflux on GT|Hypotonia axial|this Agenesis of corpus callosum|neurometabolic vs neurogenetic cause
PAVS_MASTER_0562	439_2017_1821_MOESM1_ESM.tsv	16N-0442	FEMALE	2		HP:0001508|HP:0002014		GRCh37	not known	no weight gain|no family history or similar problem|Chronic cough & diarrhea|no consanguinity
PAVS_MASTER_0563	439_2017_1821_MOESM1_ESM.tsv	16N-0443	MALE	15		HP:0000218|HP:0000219|HP:0000252|HP:0000648|HP:0000664|HP:0000750|HP:0000938|HP:0001249|HP:0001270|HP:0001328|HP:0001510|HP:0001999|HP:0002650|HP:0002808|HP:0008551		GRCh37	not known	intellectual disability/MR|low set small ears|Growth retardation/short stature|fine/gross motor delay|arched palate|learning disability
PAVS_MASTER_0564	439_2017_1821_MOESM1_ESM.tsv	16N-0444	MALE	2	GENO:0000136	HP:0000252|HP:0000750|HP:0001250|HP:0001252|HP:0001270|HP:0001276|HP:0001321|HP:0001508	AP4B1:NM_001253852:c.230C>T	GRCh37	not known	Fine/gross motor delay|hypertonia peripheral|hypotonia central
PAVS_MASTER_0565	439_2017_1821_MOESM1_ESM.tsv	16N-0445	FEMALE	4		HP:0000252|HP:0000750|HP:0001249|HP:0001250|HP:0001252|HP:0001270|HP:0001276		GRCh37	not known	Fine/gross motor delay|periventricular white matter disease on MRI brain|Intellectual disability/MR
PAVS_MASTER_0566	439_2017_1821_MOESM1_ESM.tsv	16N-0446	FEMALE	8		HP:0001396		GRCh37	not known	s/p liver transplant|Severe neonatal cholestasis with normal GGT
PAVS_MASTER_0567	439_2017_1821_MOESM1_ESM.tsv	16N-0447	MALE	19	GENO:0000136	HP:0001250|HP:0002072	ACAT1:NM_000019:c.248_250del	GRCh37	not known	
PAVS_MASTER_0568	439_2017_1821_MOESM1_ESM.tsv	16N-0448	FEMALE	3		HP:0003201		GRCh37	not known	CPT2 def? FAOD?
PAVS_MASTER_0569	439_2017_1821_MOESM1_ESM.tsv	16N-0449	UNKNOWN_SEX	?		HP:0002650		GRCh37	not known	Scoliosis and suspected Marfan vs. Homocystinuria
PAVS_MASTER_0570	439_2017_1821_MOESM1_ESM.tsv	16N-0450	MALE	6 month		HP:0000252|HP:0000341|HP:0000365|HP:0000618|HP:0001249|HP:0002376|HP:0007359		GRCh37	not known	facial dysmorphism bitemporal narrowing|seizures focal|neural ceroid lipofuscinosis
PAVS_MASTER_0571	439_2017_1821_MOESM1_ESM.tsv	16N-0451	UNKNOWN_SEX	?		HP:0000252|HP:0000316|HP:0001363|HP:0001999		GRCh37	not known	hypertelorism of eye
PAVS_MASTER_0572	439_2017_1821_MOESM1_ESM.tsv	16N-0454	UNKNOWN_SEX	Fetus	GENO:0000136	HP:0001789	GUSB:NM_001284290:c.991C>T	GRCh37	not known	TRIO
PAVS_MASTER_0573	439_2017_1821_MOESM1_ESM.tsv	16N-0457	UNKNOWN_SEX	Fetus		HP:0000003|HP:0002652		GRCh37	not known	TRIO|Left multicystic kidney
PAVS_MASTER_0574	439_2017_1821_MOESM1_ESM.tsv	16N-0460	FEMALE	21 month		HP:0002028		GRCh37	not known	
PAVS_MASTER_0575	439_2017_1821_MOESM1_ESM.tsv	16N-0461	MALE	12		HP:0001396|HP:0012189		GRCh37	not known	cholestatic jaundice (suspected PFIC)
PAVS_MASTER_0576	439_2017_1821_MOESM1_ESM.tsv	16N-0462	MALE	3	GENO:0000136	HP:0001433|HP:0002716|HP:0009098	IL12B:NM_002187:c.320dupA	GRCh37	not known	Oral thrush|mycobacterial susceptibility disease
PAVS_MASTER_0577	439_2017_1821_MOESM1_ESM.tsv	16N-0463/0464	MALE	3 month	GENO:0000136	HP:0001263	BCKDHA:NM_000709:c.347A>G	GRCh37	not known	
PAVS_MASTER_0578	439_2017_1821_MOESM1_ESM.tsv	16N-0465	MALE	4		HP:0001263		GRCh37	not known	history of seizure and developmental delay
PAVS_MASTER_0579	439_2017_1821_MOESM1_ESM.tsv	16N-0466	UNKNOWN_SEX	Fetus	GENO:0000136	HP:0000925|HP:0003974|HP:6000959	SLC26A2:NM_000112:c.1723delA	GRCh37	not known	absent radius and ulna hand attached to humerus|absent  tibia and fibula and feet attached to tremor|severe scalp edema
PAVS_MASTER_0580	439_2017_1821_MOESM1_ESM.tsv	16N-0469	FEMALE	10		HP:0002721		GRCh37	not known	
PAVS_MASTER_0581	439_2017_1821_MOESM1_ESM.tsv	16N-0470	MALE	7 months	GENO:0000136	HP:0001987	ASL:NM_001024943:c.485A>G	GRCh37	not known	hyperammonemia with suspected argininosuccinic aciduria
PAVS_MASTER_0582	439_2017_1821_MOESM1_ESM.tsv	16N-0471	MALE	10	GENO:0000135	HP:0000750|HP:0001250|HP:0007018	SLC2A1:NM_006516:c.972+1G>	GRCh37	not known	3 healthy siblings|temporal lobe epilepsy|subgaleal hematoma
PAVS_MASTER_0583	439_2017_1821_MOESM1_ESM.tsv	16N-0472	FEMALE	3		HP:0001643|HP:0004322|HP:0011800		GRCh37	not known	
PAVS_MASTER_0584	439_2017_1821_MOESM1_ESM.tsv	16N-0473	MALE	3		HP:0000750|HP:0001249|HP:0001252|HP:0001270|HP:0001508|HP:0001510|HP:0001511|HP:0002194|HP:0005280		GRCh37	not known	hypoplastic right thumb metacarpal bone|absent of left kidney|Facial dysmorphism (depressed nasal bridge)|fine motor delay
PAVS_MASTER_0585	439_2017_1821_MOESM1_ESM.tsv	16N-0474	MALE	3	GENO:0000136		IL17RA:NM_001289905:c.720delG	GRCh37	not known	persistent oral thrush for 2 years
PAVS_MASTER_0586	439_2017_1821_MOESM1_ESM.tsv	16N-0475	MALE	?	GENO:0000136	HP:0002099|HP:0002110|HP:0004432|HP:0008064	BTK:NM_001287345:c.1107T>A	GRCh37	not known	
PAVS_MASTER_0587	439_2017_1821_MOESM1_ESM.tsv	16N-0476	UNKNOWN_SEX	?	GENO:0000135	HP:0002028	SLC39A4:NM_017767:c.913G>A	GRCh37	not known	
PAVS_MASTER_0588	439_2017_1821_MOESM1_ESM.tsv	16N-0477	FEMALE	2		HP:0020087|HP:0032316		GRCh37	not known	Family history of Niemann pick|disseminated BCGitis
PAVS_MASTER_0589	439_2017_1821_MOESM1_ESM.tsv	16N-0478	MALE	10		HP:0020087|HP:0032316		GRCh37	not known	Family history of Niemann pick|disseminated BCGitis
PAVS_MASTER_0590	439_2017_1821_MOESM1_ESM.tsv	16N-0479	MALE	8		HP:0001249|HP:0001324|HP:0001328|HP:0003477		GRCh37	not known	learning disability
PAVS_MASTER_0591	439_2017_1821_MOESM1_ESM.tsv	16N-0480	FEMALE	9		HP:0000750|HP:0001249|HP:0001252|HP:0001270|HP:0001999|HP:0002194		GRCh37	not known	fine motor delay
PAVS_MASTER_0592	439_2017_1821_MOESM1_ESM.tsv	16N-0481	FEMALE	10	GENO:0000136	HP:0000938|HP:0001081|HP:0001392|HP:0001396|HP:0001744|HP:0002910	HSD3B7:NM_025193:c.694+2T>-	GRCh37	not known	high GGT cholestasis started in infancy and now GGT and Se bi are normal|few gall stones|mild splenomegaly|liver biopsy suggested PFIC type 3??|mild osteopenia|chronic compensated liver disease
PAVS_MASTER_0593	439_2017_1821_MOESM1_ESM.tsv	16N-0482	FEMALE	?	GENO:0000135	HP:0001251|HP:0001337		GRCh37	not known	tremors(GDD)|Family history of hypotonia
PAVS_MASTER_0594	439_2017_1821_MOESM1_ESM.tsv	16N-0483	MALE	41		HP:0001251|HP:0001337		GRCh37	not known	tremors(GDD)|Family history of hypotonia
PAVS_MASTER_0595	439_2017_1821_MOESM1_ESM.tsv	16N-0484	UNKNOWN_SEX	?	GENO:0000135			GRCh37	not known	Schwachman-Diamond syndrome
PAVS_MASTER_0596	439_2017_1821_MOESM1_ESM.tsv	16N-0485	FEMALE	?	GENO:0000135	HP:0003774	UMOD:NM_001008389:c.306delC	GRCh37	not known	hx of high uric acid|Chronic renal failure s/p transplant
PAVS_MASTER_0597	439_2017_1821_MOESM1_ESM.tsv	16N-0486	FEMALE	15	GENO:0000135	HP:0000790	COL4A3:NM_000091:c.2275G>C	GRCh37	not known	Unexplained hematuria
PAVS_MASTER_0598	439_2017_1821_MOESM1_ESM.tsv	16N-0488	FEMALE	62		HP:0002611		GRCh37	not known	Adult onset cholestatic liver disease
PAVS_MASTER_0599	439_2017_1821_MOESM1_ESM.tsv	16N-0489	MALE	5 months		HP:0011002		GRCh37	not known	
PAVS_MASTER_0600	439_2017_1821_MOESM1_ESM.tsv	16N-0490	FEMALE	6 months	GENO:0000136	HP:0001252|HP:0001999	PEX1:NM_001282677:c.2309delG	GRCh37	not known	dysmorphic features|hypotonia and seizures disorder
PAVS_MASTER_0601	439_2017_1821_MOESM1_ESM.tsv	16N-0491	MALE	2	GENO:0000606		WAS:NM_000377:c.777C>T	GRCh37	not known	normal lymphocytes count and function|2 siblings dies at few months of life with viral and mycobacterial infections
PAVS_MASTER_0602	439_2017_1821_MOESM1_ESM.tsv	16N-0492	MALE	11		HP:0001252|HP:0001324		GRCh37	not known	
PAVS_MASTER_0603	439_2017_1821_MOESM1_ESM.tsv	16N-0493	MALE	3		HP:0001903|HP:0001954|HP:0002719|HP:0006532|HP:0032252|HP:0410176		GRCh37	not known	possible TB infection|chronic granulomatous disease|query CGD|known G6PD
PAVS_MASTER_0604	439_2017_1821_MOESM1_ESM.tsv	16N-0494	FEMALE	26	GENO:0000135	HP:0000510|HP:0000750|HP:0001257|HP:0001274|HP:0002194|HP:0002315|HP:0012444	HSPD1:NM_002156:c.130G>A	GRCh37	not known	agenesis corpus callosum|recurrent headache|Gross motor
PAVS_MASTER_0605	439_2017_1821_MOESM1_ESM.tsv	16N-0495	FEMALE	29	GENO:0000135		UGT1A1:NM_000463:c.1070A>G	GRCh37	not known	mother of Crigler Najjar syndrome
PAVS_MASTER_0606	439_2017_1821_MOESM1_ESM.tsv	16N-0496	MALE	2		HP:0001396		GRCh37	not known	?PFIC II
PAVS_MASTER_0607	439_2017_1821_MOESM1_ESM.tsv	16N-0497	FEMALE	3	GENO:0000135	HP:0000252|HP:0000750|HP:0001508|HP:0001629|HP:0004322	PTPN11:NM_002834:c.417G>C	GRCh37	not known	growth retardation/short stature
PAVS_MASTER_0608	439_2017_1821_MOESM1_ESM.tsv	16N-0498	MALE	10		HP:0001257|HP:0001258|HP:0001263		GRCh37	not known	
PAVS_MASTER_0609	439_2017_1821_MOESM1_ESM.tsv	16N-0499	MALE	1	GENO:0000136	HP:0001508|HP:0002028|HP:0004326	UNC119:NM_005148:c.185C>T	GRCh37	not known	cachexia treatment infection
PAVS_MASTER_0610	439_2017_1821_MOESM1_ESM.tsv	16N-0500	MALE	39		HP:0001256|HP:0004322		GRCh37	not known	mild Rhizomelic dysplasia
PAVS_MASTER_0611	439_2017_1821_MOESM1_ESM.tsv	16N-0501	MALE	11	GENO:0000135	HP:0001249|HP:0001250|HP:0001508|HP:0004322	not known:c.1677-2A>G	GRCh37	not known	Failure to thrice|growth retardation/short stature|intellectual disability/MR
PAVS_MASTER_0612	439_2017_1821_MOESM1_ESM.tsv	16N-0502	FEMALE	13	GENO:0000135	HP:0001250	CLN6:NM_017882:c.198+1G>A	GRCh37	not known	seizures- generalized refractory seizure
PAVS_MASTER_0613	439_2017_1821_MOESM1_ESM.tsv	16N-0503	FEMALE	10	GENO:0000135	HP:0000252|HP:0000316|HP:0000750|HP:0000956|HP:0001249|HP:0001252|HP:0001270|HP:0001328|HP:0001338|HP:0001508|HP:0001513|HP:0001999|HP:0002079|HP:0002136|HP:0002194|HP:0003429|HP:0004322|HP:0004415|HP:0012450	IFT122:NM_052990:c.2203C>T	GRCh37	not known	intellectual disability/MR|growth  retardation/short stature|hypertelorism of eye|mild branch pulmonary artery stenosis|joint laxity and hypotonia|fine motor delay|congenital heart disease|learning disability|hypomyelination
PAVS_MASTER_0614	439_2017_1821_MOESM1_ESM.tsv	16N-0504	MALE	3		HP:0000047|HP:0000252|HP:0000369|HP:0001508|HP:0001511		GRCh37	not known	prematurity
PAVS_MASTER_0615	439_2017_1821_MOESM1_ESM.tsv	16N-0505	FEMALE	29	GENO:0000135	HP:0000763	DCC:NM_005215:c.1423C>T	GRCh37	not known	adult onset ataxia slow progressive. no cognitive dysfunction. NCS: pred. sensory neuropathy
PAVS_MASTER_0616	439_2017_1821_MOESM1_ESM.tsv	16N-0506	FEMALE	9		HP:0000763|HP:0009830		GRCh37	not known	mainly sensory neuropathy. weak grip- upper and lower limbs power grade 4.|Charcot-Marie-Tooth Syndrome and differential diagnosis focused in inflammatory neuropathies. peripheral neuropathy mainly affecting feet
PAVS_MASTER_0617	439_2017_1821_MOESM1_ESM.tsv	16N-0507	MALE	5	GENO:0000136	HP:0000252|HP:0000510|HP:0000750|HP:0001250|HP:0001257|HP:0001270|HP:0001274|HP:0001276|HP:0001324|HP:0001508|HP:0002194|HP:0006970|HP:0011003	AP4B1:NM_001308312:c.956G>C	GRCh37	not known	high myopia and astigmatism|hyperintensities in peri trigonal white matter|seizures during febrile illness|fine motor delay
PAVS_MASTER_0618	439_2017_1821_MOESM1_ESM.tsv	16N-0508	MALE	25		HP:0000505|HP:0002073|HP:0002080|HP:0009830		GRCh37	not known	intention tremor dysmetria and nystagmus|peripheral neuropathy and retinal dystrophy
PAVS_MASTER_0619	439_2017_1821_MOESM1_ESM.tsv	16N-0509	FEMALE	11		HP:0000508|HP:0000750|HP:0001252|HP:0001260|HP:0001270|HP:0001382|HP:0001956|HP:0001999|HP:0002194|HP:0002342|HP:0006610		GRCh37	not known	speech lacks clarity|intellectual disability/MR IQ: 45|floppy baby|increased joint laxity|fine motor delay|mild wide spaced nipples
PAVS_MASTER_0620	439_2017_1821_MOESM1_ESM.tsv	16N-0511	MALE	13	GENO:0000135	HP:0000708|HP:0000736|HP:0000750|HP:0001249|HP:0001263|HP:0007018|HP:0011451	GATAD2B:NM_020699:c.1531-8C>T	GRCh37	not known	difficulty attention and understanding|subnormal intelligence|behavioral abnormalities|learning difficulties|primary microcephalic
PAVS_MASTER_0621	439_2017_1821_MOESM1_ESM.tsv	16N-0512	FEMALE	2	GENO:0000136	HP:0000252|HP:0000467|HP:0000750|HP:0001141|HP:0001249|HP:0001252|HP:0001263|HP:0001270|HP:0002194|HP:0012469	not known:NM_001134225:c.2687G>C	GRCh37	not known	intellectual disability/MR|infantile spams|fine motor delay|severe hypogenesis of the cerebellum|atonic neck reflex
PAVS_MASTER_0622	439_2017_1821_MOESM1_ESM.tsv	16N-0513	FEMALE	3		HP:0000574|HP:0000750|HP:0001270|HP:0002194|HP:0005280		GRCh37	not known	prematurity|fine motor delay
PAVS_MASTER_0623	439_2017_1821_MOESM1_ESM.tsv	16N-0514	MALE	2	GENO:0000136	HP:0000252|HP:0001250|HP:0001943|HP:0002194	MED25:NM_030973:c.679G>A	GRCh37	not known	minimal gross motor delay
PAVS_MASTER_0624	439_2017_1821_MOESM1_ESM.tsv	16N-0515	MALE	6	GENO:0000135	HP:0000729|HP:0000750|HP:0001270|HP:0001511|HP:0002194	SCN2A:NM_001040143:c.304C>T	GRCh37	not known	normal MRI|fine motor delay
PAVS_MASTER_0625	439_2017_1821_MOESM1_ESM.tsv	16N-0516	FEMALE	4	GENO:0000136	HP:0000750|HP:0001252|HP:0001270|HP:0001284|HP:0001308|HP:0001324|HP:0001508|HP:0001946|HP:0002019|HP:0002194|HP:0002783|HP:0003128|HP:0012448|HP:0040288	IGHMBP2:NM_002180:c.541G>T	GRCh37	not known	fine motor delay|feeding via nasogastric tube|lactic academia|no movement of lower limb with minimal upper limb movement|increase dicarboxylic acids
PAVS_MASTER_0626	439_2017_1821_MOESM1_ESM.tsv	16N-0518	FEMALE	2		HP:0000316|HP:0000750|HP:0001034|HP:0001270|HP:0001508|HP:0001655|HP:0010307		GRCh37	not known	hypertelorism of eye|echogenic parenchyma of kidneys|mild occipital lobe atrophy|fine & gross motor delay|stridor.|hyperpigmented patches
PAVS_MASTER_0627	439_2017_1821_MOESM1_ESM.tsv	16N-0519	FEMALE	13	GENO:0000135	HP:0000097	PLCE1:NM_001288989:c.5575-4C>T	GRCh37	not known	Nephrotic syndrome with focal segmental glomerulosclerosis
PAVS_MASTER_0628	439_2017_1821_MOESM1_ESM.tsv	16N-0520	MALE	1	GENO:0000135	HP:0000589|HP:0000618|HP:0000648	ABCA4:NM_000350:c.6764G>T	GRCh37	not known	Coloboma of eye
PAVS_MASTER_0629	439_2017_1821_MOESM1_ESM.tsv	16N-0521	MALE	2		HP:0011324|HP:0030799		GRCh37	not known	no hand or feet deformity|facial dysmorphism scaphocephaly|craniosynostosis (multiple suture)
PAVS_MASTER_0630	439_2017_1821_MOESM1_ESM.tsv	16N-0522	MALE	8				GRCh37	not known	Joubert syndrome
PAVS_MASTER_0631	439_2017_1821_MOESM1_ESM.tsv	16N-0523	FEMALE	22		HP:0001396		GRCh37	not known	Adult onset cholestasis|normal GGT
PAVS_MASTER_0632	439_2017_1821_MOESM1_ESM.tsv	16N-0524	MALE	48	GENO:0000136	HP:0001399	ABCB4:NM_018849:c.1560+3A>G	GRCh37	not known	
PAVS_MASTER_0633	439_2017_1821_MOESM1_ESM.tsv	16N-0525	FEMALE	10	GENO:0000136	HP:0002652	SMARCAL1:NM_001127207:c.2290C>T	GRCh37	not known	Schimke immuno-osseous dysplasia
PAVS_MASTER_0634	439_2017_1821_MOESM1_ESM.tsv	16N-0527	MALE	5				GRCh37	not known	fructose 1|6-bisphosphatase deficiency
PAVS_MASTER_0635	439_2017_1821_MOESM1_ESM.tsv	16N-0528	MALE	4	GENO:0000136	HP:0001287	C2:NM_001145903:c.443_453del|not known:g.31902066_31902076del	GRCh37	not known	h/o meningitis at age of 4 months. C2 deficiency
PAVS_MASTER_0636	439_2017_1821_MOESM1_ESM.tsv	16N-0529	FEMALE	4	GENO:0000135	HP:0000121|HP:0000750|HP:0000836|HP:0000998|HP:0001249|HP:0001252|HP:0001631|HP:0002019|HP:0002650	FAN1:NM_001146094:c.1480C>T	GRCh37	not known	intellectual disability/MR
PAVS_MASTER_0637	439_2017_1821_MOESM1_ESM.tsv	16N-0530	FEMALE	12		HP:0001324|HP:0003798		GRCh37	not known	nemaline
PAVS_MASTER_0638	439_2017_1821_MOESM1_ESM.tsv	16N-0531	FEMALE	3	GENO:0000136	HP:0000316|HP:0000750|HP:0001249|HP:0001252|HP:0001270|HP:0003128|HP:0012825	FARS2:NM_006567:c.973G>A	GRCh37	not known	intellectual disability/MR|array CGH normal|hypertelorism of the eye|lactic acidemia/high CSF lactate|mild could sample related|fine/gross motor delay|prematurity
PAVS_MASTER_0639	439_2017_1821_MOESM1_ESM.tsv	16N-0532	MALE	8	GENO:0000135		not known:NM_001013838:c.4118-3T>C	GRCh37	not known	Clinical dx of HLH but genetic testing of 14 HLH genes was negative
PAVS_MASTER_0640	439_2017_1821_MOESM1_ESM.tsv	16N-0533	FEMALE	2	GENO:0000136	HP:0000989|HP:0002910	ABCB4:NM_000443:c.526C>T	GRCh37	not known	high liver enzymes and bile acids|-3 in siblings|PFIC -2
PAVS_MASTER_0641	439_2017_1821_MOESM1_ESM.tsv	16N-0534	MALE	1	GENO:0000136	HP:0001396|HP:0001399|HP:0002910	ABCB11:NM_003742:c.677C>T	GRCh37	not known	cholestasis e high liver enzymes|normal GGT
PAVS_MASTER_0642	439_2017_1821_MOESM1_ESM.tsv	16N-0536	MALE	6 months		HP:0000076|HP:0001338|HP:0002282|HP:0002539|HP:0012469		GRCh37	not known	infantile spasm seizures
PAVS_MASTER_0643	439_2017_1821_MOESM1_ESM.tsv	16N-0537	MALE	6 months		HP:0000473|HP:0001252|HP:0001643|HP:0001999|HP:0002020|HP:0002194|HP:0010307		GRCh37	not known	gastrointestinal reflux|PDA/PFO
PAVS_MASTER_0644	439_2017_1821_MOESM1_ESM.tsv	16N-0538	FEMALE	15		HP:0000407|HP:0002612		GRCh37	not known	
PAVS_MASTER_0645	439_2017_1821_MOESM1_ESM.tsv	16N-0539	FEMALE	3		HP:0000252|HP:0000750|HP:0001508|HP:0001999		GRCh37	not known	
PAVS_MASTER_0646	439_2017_1821_MOESM1_ESM.tsv	16N-0541	FEMALE	1				GRCh37	not known	5 children died of unknown immunological disease
PAVS_MASTER_0647	439_2017_1821_MOESM1_ESM.tsv	16N-0543	MALE	9	GENO:0000136	HP:0001252|HP:0001270|HP:0001508|HP:0002019|HP:0002194|HP:0003198|HP:0004322	COL6A2:NM_058175:c.2422+1G>A	GRCh37	not known	growth retardation/short stature|hypotonia muscle weakness|fine motor delay|constipation. contracture at pip|congenital myopathy
PAVS_MASTER_0648	439_2017_1821_MOESM1_ESM.tsv	16N-0544	FEMALE	56		HP:0003002		GRCh37	not known	Bilateral breast cancer
PAVS_MASTER_0649	439_2017_1821_MOESM1_ESM.tsv	16N-0548	MALE	8	GENO:0000136	HP:0000602	CHRNE:NM_000080:c.1198_1199insGC|not known:g.4802513_4802514insGC	GRCh37	not known	Bilateral ptosis ophthalmoplegia. congenital myasthenia
PAVS_MASTER_0650	439_2017_1821_MOESM1_ESM.tsv	16N-0549	MALE	1	GENO:0000136	HP:0000505|HP:0000510	AHI1:NM_001134830:c.2988delA	GRCh37	not known	with decreased vision at night|AHI1 gene known  mutation in tribe
PAVS_MASTER_0651	439_2017_1821_MOESM1_ESM.tsv	16N-0551	FEMALE	6	GENO:0000135		INPPL1:NM_001567:c.2164delT	GRCh37	not known	Sister of 16N-0103
PAVS_MASTER_0652	439_2017_1821_MOESM1_ESM.tsv	16N-0552	FEMALE	20	GENO:0000135		ATP7B:NM_001005918:c.2376dupC	GRCh37	not known	sister of a Wilson disease pattern
PAVS_MASTER_0653	439_2017_1821_MOESM1_ESM.tsv	16N-0553	MALE	7	GENO:0000136	HP:0001875|HP:0001890	COL6A2:NM_058175:c.2422+1G>A|not known:g.47546152G>A	GRCh37	not known	Neutropenia and thrombocytopenia
PAVS_MASTER_0654	439_2017_1821_MOESM1_ESM.tsv	16N-0554	MALE	6	GENO:0000136	HP:0000964	TRAF3IP2:NM_001164283:c.200G>C|not known:g.111880738C>G	GRCh37	not known	Severe eczema
PAVS_MASTER_0655	439_2017_1821_MOESM1_ESM.tsv	16N-0555	MALE	8		HP:0002716		GRCh37	not known	Lymphadenopathy with cutaneous lesions in Rt cervical region.
PAVS_MASTER_0656	439_2017_1821_MOESM1_ESM.tsv	16N-0556	FEMALE	14				GRCh37	not known	sister of a Wilson disease pattern
PAVS_MASTER_0657	439_2017_1821_MOESM1_ESM.tsv	16N-0557	FEMALE	16	GENO:0000135		ATP7B:NM_001005918:c.2376dupC	GRCh37	not known	sister of a Wilson disease pattern
PAVS_MASTER_0658	439_2017_1821_MOESM1_ESM.tsv	16N-0558	FEMALE	19	GENO:0000135		ATP7B:NM_001005918:c.2376dupC	GRCh37	not known	sister of a Wilson disease pattern
PAVS_MASTER_0659	439_2017_1821_MOESM1_ESM.tsv	16N-0559	FEMALE	5		HP:0001217|HP:0001433|HP:0002090|HP:0002110|HP:0002783|HP:0011010		GRCh37	not known	recurrent chest infection
PAVS_MASTER_0660	439_2017_1821_MOESM1_ESM.tsv	16N-0560	FEMALE	28		HP:0001250		GRCh37	not known	
PAVS_MASTER_0661	439_2017_1821_MOESM1_ESM.tsv	16N-0561	MALE	6 months		HP:0000126|HP:0000729|HP:0001622|HP:0001762		GRCh37	not known	Preterm|ASD II|multiple congenital anomalies|chest deformity
PAVS_MASTER_0662	439_2017_1821_MOESM1_ESM.tsv	16N-0562	MALE	2	GENO:0000135	HP:0007110	PHOX2B:NM_003924:c.296G>T	GRCh37	not known	central hypoventilation CCHS
PAVS_MASTER_0663	439_2017_1821_MOESM1_ESM.tsv	16N-0563	MALE	21		HP:0000098|HP:0000486|HP:0002829		GRCh37	not known	DDx Marfan syndrome|joins pain|no cardiac valve problem by echocardiogram|eyes squint
PAVS_MASTER_0664	439_2017_1821_MOESM1_ESM.tsv	16N-0564	MALE	5	GENO:0000135	HP:0001263	MED25:NM_030973:c.368A>G	GRCh37	not known	MRS low NAA
PAVS_MASTER_0665	439_2017_1821_MOESM1_ESM.tsv	16N-0565 	FEMALE	9	GENO:0000135	HP:0000953|HP:0001252|HP:0001324|HP:0002076|HP:0032792	TECPR2:NM_001172631:c.3046C>T	GRCh37	not known	seizure tonic|left side muscle weakness|hyperpigmented skin|recurrent migraine/headache
PAVS_MASTER_0666	439_2017_1821_MOESM1_ESM.tsv	16N-0566	FEMALE	6 months	GENO:0000136	HP:0001508|HP:0002069|HP:0002376	DBT:NM_001918:c.773-2A>G	GRCh37	not known	abnormal hair  exfoliative|T.C seizures
PAVS_MASTER_0667	439_2017_1821_MOESM1_ESM.tsv	16N-0567	FEMALE	30	GENO:0000136	HP:0001288|HP:0003701	DYSF:NM_001130976:c.4714C>T|not known:g.71886125C>T	GRCh37	not known	can walk only with assistance LGMD type 2B(dysferlinophathy)
PAVS_MASTER_0668	439_2017_1821_MOESM1_ESM.tsv	16N-0568	FEMALE	14	GENO:0000135	HP:0100777	EXT1:NM_000127:c.1018C>G	GRCh37	not known	exostosis
PAVS_MASTER_0669	439_2017_1821_MOESM1_ESM.tsv	16N-0569	MALE	6 months	GENO:0000606	HP:0002415	ABCD1:NM_000033:c.1415_1416del	GRCh37	not known	Adrenoleukodystrophy
PAVS_MASTER_0670	439_2017_1821_MOESM1_ESM.tsv	16N-0570	MALE	3	GENO:0000135		JAG1:NM_000214:c.2236_2237del	GRCh37	not known	Alagille syndrome
PAVS_MASTER_0671	439_2017_1821_MOESM1_ESM.tsv	16N-0571	FEMALE	11		HP:0002612|HP:0002910		GRCh37	not known	Elevated transaminases G-I bleeding
PAVS_MASTER_0672	439_2017_1821_MOESM1_ESM.tsv	16N-0572	MALE	3	GENO:0000135	HP:0001396	not known:NM_014639:c.2210T>C	GRCh37	not known	Neonatal cholestasis
PAVS_MASTER_0673	439_2017_1821_MOESM1_ESM.tsv	16N-0574	MALE	5		HP:0000729|HP:0000750|HP:0001250|HP:0001256		GRCh37	not known	intellectual disability/MR mild IQ 62|seizures absence. fragile X syndrome
PAVS_MASTER_0674	439_2017_1821_MOESM1_ESM.tsv	16N-0575	MALE	15	GENO:0000135	HP:0001324|HP:0009830	LMNA:NM_001282626:c.139G>A	GRCh37	not known	
PAVS_MASTER_0675	439_2017_1821_MOESM1_ESM.tsv	16N-0576	MALE	40				GRCh37	not known	History of Retinitis pigmentosa
PAVS_MASTER_0676	439_2017_1821_MOESM1_ESM.tsv	16N-0577	FEMALE	7		HP:0002028		GRCh37	not known	history or 3 siblings with metabolic acidosis and chronic diarrhea
PAVS_MASTER_0677	439_2017_1821_MOESM1_ESM.tsv	16N-0578	MALE	2		HP:0001263		GRCh37	not known	he does not recognize family|Known hemophilia on factor VIII replacement
PAVS_MASTER_0678	439_2017_1821_MOESM1_ESM.tsv	16N-0579	FEMALE	4		HP:0001876|HP:0001954|HP:0031796		GRCh37	not known	recurrent HLH|Anemia/Neutropenia/Pancytopenia
PAVS_MASTER_0679	439_2017_1821_MOESM1_ESM.tsv	16N-0580	FEMALE	3		HP:0000252|HP:0000717|HP:0000750|HP:0001270|HP:0001508|HP:0002099|HP:0002194		GRCh37	not known	signs of autism.|fine motor delay
PAVS_MASTER_0680	439_2017_1821_MOESM1_ESM.tsv	16N-0581	MALE	4	GENO:0000135	HP:0000750|HP:0001270|HP:0002194|HP:0002376	CLN5:NM_006493:c.726C>A	GRCh37	not known	fine motor delay
PAVS_MASTER_0681	439_2017_1821_MOESM1_ESM.tsv	16N-0582	MALE	39	GENO:0000135	HP:0001025	GJB3:NM_001005752:c.185A>G	GRCh37	not known	Recurrent urticaria
PAVS_MASTER_0682	439_2017_1821_MOESM1_ESM.tsv	16N-0583	FEMALE	8		HP:0000356|HP:0000518|HP:0000750|HP:0000821|HP:0001513|HP:0002194|HP:0005280|HP:0100702		GRCh37	not known	Bilateral cataracts|thick ear lobes|small arachnoid cysts
PAVS_MASTER_0683	439_2017_1821_MOESM1_ESM.tsv	16N-0584	MALE	16	GENO:0000135	HP:0000365|HP:0002673|HP:0002937|HP:0005021		GRCh37	not known	coxa valgus bilaterally|bilateral elbow dislocation|absent dermatoglyphic|craniocervical stenosis and cervicothoracic kyphosis secondary to hemivertebrae
PAVS_MASTER_0684	439_2017_1821_MOESM1_ESM.tsv	16N-0585	MALE	18	GENO:0000136	HP:0002912	not known:NM_000255:c.1820T>G	GRCh37	not known	methylmalonic acid
PAVS_MASTER_0685	439_2017_1821_MOESM1_ESM.tsv	16N-0586	MALE	15	GENO:0000136	HP:0002240	PHKA2:NM_000292:c.884G>A	GRCh37	not known	mild hepatomegaly|GSD III
PAVS_MASTER_0686	439_2017_1821_MOESM1_ESM.tsv	16N-0587	MALE	4		HP:0000750|HP:0001249|HP:0001257|HP:0001270|HP:0001276|HP:0002194|HP:0002384|HP:0006970|HP:0008936|HP:0012444		GRCh37	not known	complex seizures|Fine motor delay
PAVS_MASTER_0687	439_2017_1821_MOESM1_ESM.tsv	16N-0588	MALE	12	GENO:0000136		not known:NM_000255:c.1820T>G	GRCh37	not known	high methylmalonic acid
PAVS_MASTER_0688	439_2017_1821_MOESM1_ESM.tsv	16N-0590	FEMALE	18		HP:0001249|HP:0001251|HP:0001999|HP:0002059		GRCh37	not known	facial dysmorphism depressed nasal bridge astigmatism|intellectual disability/ MR
PAVS_MASTER_0689	439_2017_1821_MOESM1_ESM.tsv	16N-0591	FEMALE	11	GENO:0000136	HP:0000750|HP:0001249|HP:0001252|HP:0001270|HP:0002194	CEP290:NM_025114:c.5668G>T	GRCh37	not known	ESRD|Fine motor delay
PAVS_MASTER_0690	439_2017_1821_MOESM1_ESM.tsv	16N-0592	FEMALE	6	GENO:0000136	HP:0004923	PTS:NM_000317:c.166_168del	GRCh37	not known	
PAVS_MASTER_0691	439_2017_1821_MOESM1_ESM.tsv	16N-0593	MALE	18		HP:0001399|HP:0002910		GRCh37	not known	
PAVS_MASTER_0692	439_2017_1821_MOESM1_ESM.tsv	16N-0595	MALE	3	GENO:0000136	HP:0000729|HP:0000733	ABCD1:NM_000033:c.664G>A	GRCh37	not known	autistic features|stereotypic behaviors
PAVS_MASTER_0693	439_2017_1821_MOESM1_ESM.tsv	16N-0597	FEMALE	28	GENO:0000136		HAMP:NM_021175:c.232T>C	GRCh37	not known	Hemochromatosis
PAVS_MASTER_0694	439_2017_1821_MOESM1_ESM.tsv	16N-0598	MALE	32	GENO:0000135		HAMP:NM_021175:c.232T>C	GRCh37	not known	Carrier testing for hemochromatosis
PAVS_MASTER_0695	439_2017_1821_MOESM1_ESM.tsv	16N-0599	UNKNOWN_SEX	fetus	GENO:0000136		TRIP11:NM_004239:c.4459_4460del	GRCh37	not known	Fetal abnormalities
PAVS_MASTER_0696	439_2017_1821_MOESM1_ESM.tsv	16N-0602	FEMALE	7		HP:0000252|HP:0000316|HP:0000445|HP:0000750|HP:0000953|HP:0001249|HP:0001252|HP:0001270|HP:0001508|HP:0002194|HP:0002808|HP:0005280|HP:0011829		GRCh37	not known	hypertelorism of eye|lack of creases on palm|fine motor delay|diffuse symmetrical periventricular & subcortical white matter|hyperpigmentation|thinning of corpus callosum with diffuse atrophy.
PAVS_MASTER_0697	439_2017_1821_MOESM1_ESM.tsv	16N-0603	FEMALE	8	GENO:0000136	HP:0000356|HP:0000750|HP:0001249|HP:0001270	TRAPPC9:NM_001160372:c.1975G>A|not known:g.141297713C>T	GRCh37	not known	intellectual disability/MR|fine motor delay
PAVS_MASTER_0698	439_2017_1821_MOESM1_ESM.tsv	16N-0604	MALE	14		HP:0000964|HP:0002099|HP:0003212		GRCh37	not known	hyper IgE syndrome
PAVS_MASTER_0699	439_2017_1821_MOESM1_ESM.tsv	16N-0606	FEMALE	5m	GENO:0000136		RAG2:NM_000536:c.442C>T|not known:g.36615277G>A	GRCh37	not known	SCID
PAVS_MASTER_0700	439_2017_1821_MOESM1_ESM.tsv	16N-0607	FEMALE	3m	GENO:0000136	HP:0000356|HP:0001629|HP:0001631|HP:0004322	UBE3B:NM_130466:c.1597_1598del|not known:g.109945515_109945516del	GRCh37	not known	growth retardation/short stature
PAVS_MASTER_0701	439_2017_1821_MOESM1_ESM.tsv	16N-0608	MALE	3		HP:0000729|HP:0000733		GRCh37	not known	autistic features|stereotypic behaviors
PAVS_MASTER_0702	439_2017_1821_MOESM1_ESM.tsv	16N-0609	MALE	?		HP:0000252|HP:0000316|HP:0000750|HP:0001270|HP:0001508|HP:0001511|HP:0002007|HP:0002194|HP:0002240		GRCh37	not known	prematurity|hepatomegaly.|hypertelorism of eye|fine motor delay
PAVS_MASTER_0703	439_2017_1821_MOESM1_ESM.tsv	16N-0610	MALE	5m				GRCh37	not known	family history of SCID. brother died. (RAG2)
PAVS_MASTER_0704	439_2017_1821_MOESM1_ESM.tsv	16N-0611	FEMALE	14		HP:0001508|HP:0002028|HP:0002721		GRCh37	not known	suspect immune deficiency. brother with IBD died by this disease
PAVS_MASTER_0705	439_2017_1821_MOESM1_ESM.tsv	16N-0612	FEMALE	26	GENO:0000135	HP:0001394|HP:0005268	not known:NM_001127610:c.466+5G>C	GRCh37	not known	CLD? congenital chronic cirrhosis|n/o spontaneous abortions|SCA trait
PAVS_MASTER_0706	439_2017_1821_MOESM1_ESM.tsv	16N-0613	FEMALE	?		HP:0001257|HP:0001270|HP:0001508|HP:0002194		GRCh37	not known	multiple seizures|fine motor delay
PAVS_MASTER_0707	439_2017_1821_MOESM1_ESM.tsv	16N-0614	MALE	7		HP:0000750|HP:0001249|HP:0001250|HP:0001270|HP:0001272|HP:0002194|HP:0200134		GRCh37	not known	Fine motor delay
PAVS_MASTER_0708	439_2017_1821_MOESM1_ESM.tsv	16N-0615	MALE	6		HP:0000750|HP:0002099|HP:0002650		GRCh37	not known	
PAVS_MASTER_0709	439_2017_1821_MOESM1_ESM.tsv	16N-0616	FEMALE	7	GENO:0000135	HP:0000750|HP:0001249|HP:0001298|HP:0001548	PTEN:NM_000314:c.1A>T|not known:g.89624227A>T	GRCh37	not known	intellectual disability/MR|MRI hypoxic ischemic encephalopathy
PAVS_MASTER_0710	439_2017_1821_MOESM1_ESM.tsv	16N-0617	MALE	3	GENO:0000135	HP:0001399|HP:0002910	PRKCSH:NM_001289103:c.1462-1G>C	GRCh37	not known	
PAVS_MASTER_0711	439_2017_1821_MOESM1_ESM.tsv	16N-0618	FEMALE	37		HP:0001698|HP:0002089		GRCh37	not known	urinary bladder not seen|Wife of 16NGS-0630 bilateral dysplastic kidneys
PAVS_MASTER_0712	439_2017_1821_MOESM1_ESM.tsv	16N-0619	FEMALE	4		HP:0000252|HP:0000821|HP:0000957|HP:0001000|HP:0001508|HP:0001510|HP:0001511|HP:0002194		GRCh37	not known	prematurity|primordial dwarfism & café au lait spots.
PAVS_MASTER_0713	439_2017_1821_MOESM1_ESM.tsv	16N-0620	MALE	4	GENO:0000136	HP:0001806|HP:0002728|HP:0008064	IL17RA:NM_001289905:c.1472T>C	GRCh37	not known	recurrent mucocutaneous candidiasis|abnormal nails/onycholysis
PAVS_MASTER_0714	439_2017_1821_MOESM1_ESM.tsv	16N-0621	MALE	10	GENO:0000136	HP:0000729|HP:0000750|HP:0001249|HP:0001250|HP:0001270|HP:0001328|HP:0001510|HP:0002194|HP:0002376	EIF2B3:NM_001166588:c.350T>C|not known:g.45407282A>G	GRCh37	not known	learning disability|fine motor delay
PAVS_MASTER_0715	439_2017_1821_MOESM1_ESM.tsv	16N-0622	MALE	6 months		HP:0000573|HP:0001252|HP:0003231|HP:0007957		GRCh37	not known	positive family history of intellectual disability|Raised tyrosine
PAVS_MASTER_0716	439_2017_1821_MOESM1_ESM.tsv	16N-0623	MALE	7 months	GENO:0000135		PAX3:NM_000438:c.449C>A	GRCh37	not known	Warrensburg syndrome
PAVS_MASTER_0717	439_2017_1821_MOESM1_ESM.tsv	16N-0624	MALE	6		HP:0001508|HP:0001875|HP:0001876|HP:0001903		GRCh37	not known	
PAVS_MASTER_0718	439_2017_1821_MOESM1_ESM.tsv	16N-0625	MALE	4		HP:0000938|HP:0001252|HP:0001508|HP:0002579		GRCh37	not known	hypotonia and develop delay|Severe intestinal dysmotility
PAVS_MASTER_0719	439_2017_1821_MOESM1_ESM.tsv	16N-0626	MALE	15	GENO:0000136	HP:0000618|HP:0000733|HP:0000750|HP:0001249|HP:0001250|HP:0001999|HP:0002059	GUCY2D:NM_000180:c.2285delG	GRCh37	not known	seizures (myoclonic/tonic)|stereotypic behaviors
PAVS_MASTER_0720	439_2017_1821_MOESM1_ESM.tsv	16N-0627	FEMALE	14		HP:0001251|HP:0001263		GRCh37	not known	basal ganglia abnormalities
PAVS_MASTER_0721	439_2017_1821_MOESM1_ESM.tsv	16N-0628	FEMALE	1		HP:0000356|HP:0000589|HP:0000750|HP:0001252|HP:0001270|HP:0001508|HP:0001511|HP:0001586|HP:0002007|HP:0002194		GRCh37	not known	coloboma of eye|fine motor delay
PAVS_MASTER_0722	439_2017_1821_MOESM1_ESM.tsv	16N-0629	FEMALE	11		HP:0001251|HP:0001263		GRCh37	not known	basal ganglia abnormalities
PAVS_MASTER_0723	439_2017_1821_MOESM1_ESM.tsv	16N-0631	FEMALE	2		HP:0001252|HP:0001629|HP:0002194		GRCh37	not known	hypotonia.
PAVS_MASTER_0724	439_2017_1821_MOESM1_ESM.tsv	16N-0632-A	FEMALE	6		HP:0000077|HP:0001433|HP:0001743|HP:0001875|HP:0001876|HP:0001954|HP:0002516|HP:0008940		GRCh37	not known	kidney and|multiple echogenic lesions in liver|Same as 16NGS-0589 Hepatosplenomegaly|spleen
PAVS_MASTER_0725	439_2017_1821_MOESM1_ESM.tsv	16N-0632-B	FEMALE	6		HP:0000077|HP:0001433|HP:0001743|HP:0001875|HP:0001876|HP:0001954|HP:0002516|HP:0008940		GRCh37	not known	kidney and|multiple echogenic lesions in liver|spleen
PAVS_MASTER_0726	439_2017_1821_MOESM1_ESM.tsv	16N-0633	FEMALE	2	GENO:0000136		IVD:NM_001159508:c.1091G>T|not known:g.40710362G>T	GRCh37	not known	Suspected inborn error of metabolism
PAVS_MASTER_0727	439_2017_1821_MOESM1_ESM.tsv	16N-0635	MALE	?				GRCh37	not known	NF1
PAVS_MASTER_0728	439_2017_1821_MOESM1_ESM.tsv	16N-0636	MALE	11		HP:0000028|HP:0000365|HP:0000431|HP:0001000|HP:0001159|HP:0001631|HP:0001643|HP:0001999|HP:0002099|HP:0006251		GRCh37	not known	thick eye brows broad nasal bridge
PAVS_MASTER_0729	439_2017_1821_MOESM1_ESM.tsv	16N-0637	MALE	2	GENO:0000135	HP:0000252|HP:0000750|HP:0001252|HP:0001508|HP:0001561|HP:0001762	RUNX2:NM_001278478:c.487A>C|not known:g.45399705A>C	GRCh37	not known	
PAVS_MASTER_0730	439_2017_1821_MOESM1_ESM.tsv	16N-0638	MALE	1	GENO:0000135	HP:0001252|HP:0001508|HP:0001943|HP:0002033	KIF7:NM_198525:c.2176G>C|not known:g.90188259C>G	GRCh37	not known	infant of diabetic mother|poor sacking
PAVS_MASTER_0731	439_2017_1821_MOESM1_ESM.tsv	16N-0639	FEMALE	20				GRCh37	not known	Carrier testing for AGL
PAVS_MASTER_0732	439_2017_1821_MOESM1_ESM.tsv	16N-0640	MALE	4	GENO:0000135	HP:0001392|HP:0001396|HP:0001406|HP:0002910	not known:NM_006929:c.3559_3579del	GRCh37	not known	high GGT cholestasis|compensated liver disease|high bile acids
PAVS_MASTER_0733	439_2017_1821_MOESM1_ESM.tsv	16N-0641	FEMALE	2	GENO:0000136		ACAT1:NM_000019:c.410C>T	GRCh37	not known	Suspected beta-keto-thiolase deficiency
PAVS_MASTER_0734	439_2017_1821_MOESM1_ESM.tsv	16N-0642	FEMALE	3	GENO:0000135	HP:0001392|HP:0001396|HP:0002910	ATP7B:NM_001005918:c.2485G>A	GRCh37	not known	high GGT cholestasis|compensated liver disease
PAVS_MASTER_0735	439_2017_1821_MOESM1_ESM.tsv	16N-0643	MALE	3	GENO:0000135	HP:0000989|HP:0001392|HP:0002910	JAG1:NM_000214:c.2938T>G	GRCh37	not known	severe itching|compensated liver disease
PAVS_MASTER_0736	439_2017_1821_MOESM1_ESM.tsv	16N-0644	MALE	1	GENO:0000135	HP:0033148	IVD:NM_001159508:c.791C>T	GRCh37	not known	Isovaleric aciduria (IVA gene)
PAVS_MASTER_0737	439_2017_1821_MOESM1_ESM.tsv	16N-0645	FEMALE	7	GENO:0000136	HP:0000286|HP:0000750|HP:0001249|HP:0001270|HP:0001328|HP:0001999|HP:0002194|HP:0005280	PANK2:NM_153638:c.824_825del	GRCh37	not known	Learning disability|Fine motor delay|Intellectual disability/ MR
PAVS_MASTER_0738	439_2017_1821_MOESM1_ESM.tsv	16N-0646	MALE	17		HP:0000750|HP:0001249|HP:0001257|HP:0001270|HP:0001332|HP:0001510|HP:0002194		GRCh37	not known	Growth retardation/short stature|Intellectual disability/ MR|fine motor delay
PAVS_MASTER_0739	439_2017_1821_MOESM1_ESM.tsv	16N-0647	FEMALE	1		HP:0001396		GRCh37	not known	normal GGT cholestasis
PAVS_MASTER_0740	439_2017_1821_MOESM1_ESM.tsv	16N-0648	MALE	8		HP:0000175|HP:0000201|HP:0001629|HP:0001631|HP:0001643		GRCh37	not known	stenosis
PAVS_MASTER_0741	439_2017_1821_MOESM1_ESM.tsv	16N-0649	FEMALE	3		HP:0000629|HP:0000729|HP:0001252|HP:0001263		GRCh37	not known	ASD7VSD post repair
PAVS_MASTER_0742	439_2017_1821_MOESM1_ESM.tsv	16N-0650	FEMALE	15		HP:0001250|HP:0001513		GRCh37	not known	seizures CPS|sibling with seizures
PAVS_MASTER_0743	439_2017_1821_MOESM1_ESM.tsv	16N-0651	FEMALE	1		HP:0007443		GRCh37	not known	Abnormal hair silvery hair
PAVS_MASTER_0744	439_2017_1821_MOESM1_ESM.tsv	16N-0653	FEMALE	?	GENO:0000136	HP:0002037	ITGB2:NM_000211:c.1756C>T	GRCh37	not known	
PAVS_MASTER_0745	439_2017_1821_MOESM1_ESM.tsv	16N-0654	MALE	3	GENO:0000136	HP:0002721|HP:0020086	not known:NM_002187:c.320dupA	GRCh37	not known	use of BCGitis|Mendelian susceptibility to mycobacterial disease
PAVS_MASTER_0746	439_2017_1821_MOESM1_ESM.tsv	16N-0655	MALE	?	GENO:0000136	HP:0001250	GAMT:NM_000156:c.491G>T	GRCh37	not known	
PAVS_MASTER_0747	439_2017_1821_MOESM1_ESM.tsv	16N-0656	MALE	21	GENO:0000136	HP:0008181	MTTP:NM_001300785:c.1915G>C	GRCh37	not known	
PAVS_MASTER_0748	439_2017_1821_MOESM1_ESM.tsv	16N-0657	FEMALE	?	GENO:0000135	HP:0001258	FLNC:NM_001127487:c.3503G>A	GRCh37	not known	
PAVS_MASTER_0749	439_2017_1821_MOESM1_ESM.tsv	16N-0658	MALE	17	GENO:0000135	HP:0000729|HP:0001249|HP:0001250	MBD5:NM_018328:c.118A>G	GRCh37	not known	autistic features
PAVS_MASTER_0750	439_2017_1821_MOESM1_ESM.tsv	16N-0659	MALE	1	GENO:0000136	HP:0001252	COL6A3:NM_004369:c.7162+1G>A	GRCh37	not known	
PAVS_MASTER_0751	439_2017_1821_MOESM1_ESM.tsv	16N-0660	UNKNOWN_SEX	?	GENO:0000136	HP:0001880|HP:0006515|HP:0006532	STAT1:NM_007315:c.185C>A	GRCh37	not known	CMV pneumonitis
PAVS_MASTER_0752	439_2017_1821_MOESM1_ESM.tsv	16N-0661	FEMALE	7		HP:0001943|HP:0001946		GRCh37	not known	
PAVS_MASTER_0753	439_2017_1821_MOESM1_ESM.tsv	16N-0662	MALE	3	GENO:0000135	HP:0001263	POLR1D:NM_015972:c.388G>T	GRCh37	not known	DD panel
PAVS_MASTER_0754	439_2017_1821_MOESM1_ESM.tsv	16N-0663	FEMALE	1	GENO:0000135	HP:0000618|HP:0000648	PRCD:NM_001077620:c.64C>T	GRCh37	not known	
PAVS_MASTER_0755	439_2017_1821_MOESM1_ESM.tsv	16N-0664	MALE	7		HP:0000750|HP:0001508|HP:0003155|HP:0003468		GRCh37	not known	raised alkaline phosphatases|vertebral anomaly
PAVS_MASTER_0756	439_2017_1821_MOESM1_ESM.tsv	16N-0665	MALE	26	GENO:0000135	HP:0032322	ATP7B:NM_001005918:c.3574delC	GRCh37	not known	carrier testing for Wilson disease because of family history
PAVS_MASTER_0757	439_2017_1821_MOESM1_ESM.tsv	16N-0666	FEMALE	20	GENO:0000136		ATP7B:NM_001005918:c.3574delC	GRCh37	not known	Wilson disease
PAVS_MASTER_0758	439_2017_1821_MOESM1_ESM.tsv	16N-0667	FEMALE	3		HP:0001508|HP:0002028		GRCh37	not known	
PAVS_MASTER_0759	439_2017_1821_MOESM1_ESM.tsv	16N-0668	FEMALE	34		HP:0100665		GRCh37	not known	hereditary angioedema
PAVS_MASTER_0760	439_2017_1821_MOESM1_ESM.tsv	16N-0669	MALE	4		HP:0004602		GRCh37	not known	Klippel Feil syndrome VS MRUCS
PAVS_MASTER_0761	439_2017_1821_MOESM1_ESM.tsv	16N-0670	FEMALE	57	GENO:0000135	HP:0002721	TNFRSF13B:NM_012452:c.515G>A	GRCh37	not known	Suspected immunodeficiency
PAVS_MASTER_0762	439_2017_1821_MOESM1_ESM.tsv	16N-0671	FEMALE	14		HP:0001396		GRCh37	not known	High GGT cholestasis
PAVS_MASTER_0763	439_2017_1821_MOESM1_ESM.tsv	16N-0672	FEMALE	5		HP:0000952		GRCh37	not known	high bile acid
PAVS_MASTER_0764	439_2017_1821_MOESM1_ESM.tsv	16N-0673	MALE	2	GENO:0000136	HP:0001622|HP:0002028|HP:0005977	SLC26A3:NM_000111:c.559G>T	GRCh37	not known	chronic diarrhea form birth|premature|?SLC26A3
PAVS_MASTER_0765	439_2017_1821_MOESM1_ESM.tsv	16N-0674	MALE	1	GENO:0000136	HP:0001508|HP:0001629|HP:0001631	ACADVL:NM_000018:c.65C>A	GRCh37	not known	VLCAD|ventricular septal delay
PAVS_MASTER_0766	439_2017_1821_MOESM1_ESM.tsv	16N-0675	FEMALE	10	GENO:0000135		TSC2:NM_001077183:c.4629G>A	GRCh37	not known	tuberous sclerosis
PAVS_MASTER_0767	439_2017_1821_MOESM1_ESM.tsv	16N-0676	MALE	5		HP:0001250|HP:0001257|HP:0001270|HP:0001328|HP:0002194|HP:0002376		GRCh37	not known	Fine motor delay|learning disability
PAVS_MASTER_0768	439_2017_1821_MOESM1_ESM.tsv	16N-0677	FEMALE	14		HP:0001508|HP:0001873|HP:0002721|HP:0002863|HP:0003496		GRCh37	not known	Hyper IgM
PAVS_MASTER_0769	439_2017_1821_MOESM1_ESM.tsv	16N-0678	FEMALE	?	GENO:0000136	HP:0000113|HP:0002084	TMEM237:NM_001044385:c.325C>T	GRCh37	not known	polycystic kidney|Meckel Gruber
PAVS_MASTER_0770	439_2017_1821_MOESM1_ESM.tsv	16N-0681	MALE	24	GENO:0000136	HP:0008181	MTTP:NM_001300785:c.1915G>C	GRCh37	not known	
PAVS_MASTER_0771	439_2017_1821_MOESM1_ESM.tsv	16N-0682	FEMALE	4		HP:0000989|HP:0001396|HP:0001508|HP:0002910		GRCh37	not known	positive FH of liver diseases
PAVS_MASTER_0772	439_2017_1821_MOESM1_ESM.tsv	16N-0683	MALE	27	GENO:0000135	HP:0000548	PROM1:NM_001145848:c.1115-1G>A	GRCh37	not known	
PAVS_MASTER_0773	439_2017_1821_MOESM1_ESM.tsv	16N-0684	MALE	5		HP:0001256|HP:0001257|HP:0002180|HP:0002376|HP:0002415|HP:0002505|HP:0007256		GRCh37	not known	leading to loss of ambulation and meaningful communication|all have spasticity with pyramidal signs|autosomal recessive neurodegenerative disease|MRI shows non- specific leukodystrophy changes that resemble metachromatic leukodystrophy. Oldest affected brother is 22|normocephaly|loss for all developmental milestones between age of 3-5|mild GDD
PAVS_MASTER_0774	439_2017_1821_MOESM1_ESM.tsv	16N-0685	FEMALE	3		HP:0001250|HP:0001263|HP:0001276|HP:0001763|HP:0002194		GRCh37	not known	5 affected offspring with seizures and learning problems with delayed milestones|gross motor delay and speech delay|non dysmorphic|seizures onset since 6 months controlled with sodium valproate|pes planus noted. relative microcephaly|mild hypertonia
PAVS_MASTER_0775	439_2017_1821_MOESM1_ESM.tsv	16N-0686	MALE	5		HP:0002194		GRCh37	not known	FH/O other sibling brother and sister with delay walking pes planus with Vit D deficiency|gross motor delay with frequent falls with walking
PAVS_MASTER_0776	439_2017_1821_MOESM1_ESM.tsv	16N-0688	FEMALE	2		HP:0000252|HP:0001257		GRCh37	not known	then become <3% since age of 2 months|GDD which slowly improving with time|birth HC 50%|microcephaly notice after age of 2
PAVS_MASTER_0777	439_2017_1821_MOESM1_ESM.tsv	16N-0689	MALE	9	GENO:0000136	HP:0000256|HP:0001263|HP:0002376	C12orf57:NM_001301837:c.43C>T	GRCh37	not known	younger brother is similarly affected but milder phenotype|severe GDD|neuroregression|treatment refractory seizures and macrocephaly
PAVS_MASTER_0778	439_2017_1821_MOESM1_ESM.tsv	16N-0690	MALE	20	GENO:0000606	HP:0001250|HP:0010864|HP:0032322	SLC9A6:NM_001042537:c.1211C>T	GRCh37	not known	8 healthy sisters|2 healthy brothers|treatment refractory seizures|but normal on other 2 brothers|4 affected brother|sever intellectual disability|CDG was abnormal on one patients
PAVS_MASTER_0779	439_2017_1821_MOESM1_ESM.tsv	16N-0691	FEMALE	12		HP:0000952|HP:0001392|HP:0001409		GRCh37	not known	chronic liver disease|portal hypertension liver cirrhosis
PAVS_MASTER_0780	439_2017_1821_MOESM1_ESM.tsv	16N-0692	UNKNOWN_SEX	3	GENO:0000136	HP:0001251|HP:0001257|HP:0001274|HP:0001276|HP:0012444	SPG11:NM_001160227:c.1951C>T	GRCh37	not known	
PAVS_MASTER_0781	439_2017_1821_MOESM1_ESM.tsv	16N-0693	MALE	10	GENO:0000135	HP:0001653|HP:0002376|HP:0012444	CLN8:NM_018941:c.779C>T	GRCh37	not known	sever brain atrophy
PAVS_MASTER_0782	439_2017_1821_MOESM1_ESM.tsv	16N-0694	MALE	57	GENO:0000136		MAOA:NM_000240:c.299A>G	GRCh37	not known	young onset Parkinson disease
PAVS_MASTER_0783	439_2017_1821_MOESM1_ESM.tsv	16N-0695	FEMALE	6 months	GENO:0000136	HP:0001396|HP:0002910	ABCB11:NM_003742:c.379delA	GRCh37	not known	FH of PFIC II|elevated transaminases high bilirubin|neonatal cholestasis
PAVS_MASTER_0784	439_2017_1821_MOESM1_ESM.tsv	16N-0696	UNKNOWN_SEX	?	GENO:0000136	HP:0001252|HP:0001270|HP:0001324|HP:0001508	CHKB:NM_005198:c.927+1G>A	GRCh37	not known	
PAVS_MASTER_0785	439_2017_1821_MOESM1_ESM.tsv	16N-0698	MALE	3		HP:0000202|HP:0000252|HP:0001999		GRCh37	not known	cleft lip/plate|large rotated ears
PAVS_MASTER_0786	439_2017_1821_MOESM1_ESM.tsv	16N-0699	MALE	1		HP:0000973		GRCh37	not known	
PAVS_MASTER_0787	439_2017_1821_MOESM1_ESM.tsv	16N-0701	MALE	13		HP:0000356|HP:0000358|HP:0000782|HP:0001028|HP:0001508|HP:0001999|HP:0002650|HP:0005280		GRCh37	not known	rotated ears|hemangioma neck|nasal bridge depressed|no mental retardation.|shoulder asymmetrical
PAVS_MASTER_0788	439_2017_1821_MOESM1_ESM.tsv	16N-0702	FEMALE	3	GENO:0000136	HP:0000126|HP:0000750|HP:0001249|HP:0001270|HP:0001274|HP:0001328|HP:0001999|HP:0002194	C12orf57:NM_001301837:c.1A>G	GRCh37	not known	facial dysmorphism (squint)|Fine motor delay|learning disability|corpus callosum collapse
PAVS_MASTER_0789	439_2017_1821_MOESM1_ESM.tsv	16N-0703	MALE	2	GENO:0000135	HP:0000787	PKD2:NM_000297:c.567G>A	GRCh37	not known	Bilateral nephrolithiasis
PAVS_MASTER_0790	439_2017_1821_MOESM1_ESM.tsv	16N-0705	FEMALE	4 months		HP:0001399|HP:0002910|HP:0003256		GRCh37	not known	
PAVS_MASTER_0791	439_2017_1821_MOESM1_ESM.tsv	16N-0706	FEMALE	5 months		HP:0001396|HP:0001399|HP:0002910		GRCh37	not known	
PAVS_MASTER_0792	439_2017_1821_MOESM1_ESM.tsv	16N-0707	FEMALE	35		HP:0001251|HP:0001271		GRCh37	not known	ataxia onset at 22y
PAVS_MASTER_0793	439_2017_1821_MOESM1_ESM.tsv	16N-0708	FEMALE	2		HP:0000750|HP:0001249|HP:0001270|HP:0002194		GRCh37	not known	Fine motor delay|calcification of..|intellectual disability/ MR
PAVS_MASTER_0794	439_2017_1821_MOESM1_ESM.tsv	16N-0709	FEMALE	3		HP:0000750|HP:0001249|HP:0001252|HP:0001263|HP:0001508|HP:0001595|HP:0001999|HP:0002194		GRCh37	not known	abnormal hair|intellectual disability/ MR|CHD|dysmorphic features|DD
PAVS_MASTER_0795	439_2017_1821_MOESM1_ESM.tsv	16W-0067 Child	FEMALE	8		HP:0000119|HP:0000364|HP:0001427|HP:0001508|HP:0001638|HP:0001642|HP:0001999|HP:0004322		GRCh37	not known	CHD (pulmonary stenosis)|mitochondrial and WGS.|genitourinary abnormalities|hard hearing|on tracheostomy negative WES
PAVS_MASTER_0796	439_2017_1821_MOESM1_ESM.tsv	16W-0069	FEMALE	4	GENO:0000136	HP:0002376	ISCA2:NM_194279:c.229G>A	GRCh37	not known	Neuroregression
PAVS_MASTER_0797	439_2017_1821_MOESM1_ESM.tsv	16W-0070	MALE	7	GENO:0000136	HP:0000750|HP:0001249|HP:0001270|HP:0001508|HP:0001999|HP:0002566	VWA3B:NM_144992:c.655G>T	GRCh37	not known	Fine/ gross motor delay|malrotation of hippocampus.|facial dysmorphism (Capped ears)
PAVS_MASTER_0798	439_2017_1821_MOESM1_ESM.tsv	16W-0071	FEMALE	5	GENO:0000135	HP:0001369	CRLF1:NM_004750:c.605delC	GRCh37	not known	Multiple joint swelling arthritis.
PAVS_MASTER_0799	439_2017_1821_MOESM1_ESM.tsv	16W-0072	MALE	7	GENO:0000135	HP:0000356|HP:0000750|HP:0001249|HP:0001270|HP:0001276|HP:0001508|HP:0001999	KIF1A:NM_004321:c.4088G>C	GRCh37	not known	Fine/ gross motor delay|external ear malformation)|Facial dysmorphism (low hairline thick eyebrows
PAVS_MASTER_0800	439_2017_1821_MOESM1_ESM.tsv	16W-0073	FEMALE	6	GENO:0000135	HP:0000252|HP:0000618|HP:0000718|HP:0001250|HP:0001270|HP:0012833	SOS1:NM_005633:c.1490G>A	GRCh37	not known	Fine/ gross motor delay|unilateral ocular hypoplasia CRT|severe microcephaly|cognitive blindness
PAVS_MASTER_0801	439_2017_1821_MOESM1_ESM.tsv	16W-0074	FEMALE	13	GENO:0000136	HP:0000316|HP:0000348|HP:0000750|HP:0001249|HP:0001250|HP:0001999|HP:0005280	ADAT3:NM_138422:c.430G>A	GRCh37	not known	Facial dysmorphism (squint|severe speech delay|hypertelorism of eye|depressed nasal bridge). Girl is more sever than the boy.
PAVS_MASTER_0802	439_2017_1821_MOESM1_ESM.tsv	16W-0075	MALE	8	GENO:0000135	HP:0000729	RNF213:NM_001256071:c.14394delC	GRCh37	not known	
PAVS_MASTER_0803	439_2017_1821_MOESM1_ESM.tsv	16W-0076	MALE	2		HP:0001263		GRCh37	not known	GDD and microcephaly
PAVS_MASTER_0804	439_2017_1821_MOESM1_ESM.tsv	16W-0078	FEMALE	4	GENO:0000136	HP:0000924	BMPER:NM_133468:c.712T>G	GRCh37	not known	Dysmorphism skeletal deformity.
PAVS_MASTER_0805	439_2017_1821_MOESM1_ESM.tsv	16W-0079	MALE	5	GENO:0000136	HP:0000202|HP:0000750|HP:0000973|HP:0001328|HP:0001382|HP:0001629	not known:NM_001126057:c.850_851insCA	GRCh37	not known	learning disability
PAVS_MASTER_0806	439_2017_1821_MOESM1_ESM.tsv	16W-0080	FEMALE	3	GENO:0000135	HP:0000211|HP:0000329|HP:0000347|HP:0000463|HP:0000464|HP:0002795|HP:0004322|HP:0012368	NALCN:NM_052867:c.4355T>C	GRCh37	not known	normal sweating|dysmorphic features and facial hemangioma at the glabella|array showed homozygosity patient die with respiratory problems|fix contraction at hand and neck
PAVS_MASTER_0807	439_2017_1821_MOESM1_ESM.tsv	16W-0081	FEMALE	5	GENO:0000136	HP:0000252|HP:0000294|HP:0000316|HP:0000750|HP:0001252|HP:0001270|HP:0001324|HP:0001508|HP:0001510|HP:0001511|HP:0002020|HP:0002357|HP:0002416|HP:0005280|HP:0025675	PLA2G6:NM_001004426:c.2208T>G	GRCh37	not known	hypertelorism of eye|GI reflux|PDA closed|facial dysmorphism (depressed nasal bridge|fine/ gross motor delay|low hair line)|dysphasia|subependymal cyst
PAVS_MASTER_0808	439_2017_1821_MOESM1_ESM.tsv	16W-0082	MALE	8 months	GENO:0000136	HP:0001252|HP:0001270|HP:0001324|HP:0001631|HP:0002090|HP:0003198|HP:0003560|HP:0034392	VAMP1:NM_001297438:c.128_129del	GRCh37	not known	contractures|fine/ gross motor delay|congenital muscular dystrophy (Left thigh muscle biopsy done).|congenital myopathy
PAVS_MASTER_0809	439_2017_1821_MOESM1_ESM.tsv	16W-0083	MALE	18	GENO:0000136	HP:0001324|HP:0001644|HP:0003198	not known:NM_024310:c.514C>T	GRCh37	not known	cardiomyopathy ( Dilated)
PAVS_MASTER_0810	439_2017_1821_MOESM1_ESM.tsv	16W-0084	MALE	9	GENO:0000136	HP:0000028|HP:0000252|HP:0000729|HP:0001263|HP:0004322|HP:0006443|HP:0007441	PLEKHG2:NM_022835:c.1708G>A	GRCh37	not known	bilateral undescended testes|absent patella.|Hypopigmented spots
PAVS_MASTER_0811	439_2017_1821_MOESM1_ESM.tsv	16W-0085	MALE	?	GENO:0000136	HP:0000924|HP:0001653|HP:0001999	not known:NM_138420:c.6436_6437insGG	GRCh37	not known	Dysmorphic features|skeletal deformities
PAVS_MASTER_0812	439_2017_1821_MOESM1_ESM.tsv	16W-0086	FEMALE	?	GENO:0000136	HP:0001644	not known:NM_001261463:c.400_407del	GRCh37	not known	Cardiomyopathy (Dilated).
PAVS_MASTER_0813	439_2017_1821_MOESM1_ESM.tsv	16W-0087	MALE	7 months	GENO:0000136	HP:0000252|HP:0001276	ASPM:NM_018136:c.6232C>T	GRCh37	not known	polymicrogyria + microcephaly
PAVS_MASTER_0814	439_2017_1821_MOESM1_ESM.tsv	16W-0088	MALE	10	GENO:0000136	HP:0001250|HP:0001252|HP:0001324|HP:0001332|HP:0012444	SLC13A5:NM_001284510:c.1098dupC	GRCh37	not known	
PAVS_MASTER_0815	439_2017_1821_MOESM1_ESM.tsv	16W-0089	FEMALE	8	GENO:0000135	HP:0000252|HP:0000271|HP:0000750|HP:0001250|HP:0001263|HP:0001270|HP:0001508	CLN5:NM_006493:c.595C>T	GRCh37	not known	facial dysmorphic (strabismus+myopic)|progressive epilepsy+ regression of milestones.|seizures (GTC+myoclonic)|fine motor delay
PAVS_MASTER_0816	439_2017_1821_MOESM1_ESM.tsv	16W-0090	FEMALE	4 months	GENO:0000136	HP:0002376|HP:0007359	CCDC174:NM_016474:c.884G>C	GRCh37	not known	2 older siblings with same history. Normal metabolic screen and MRI brain|new onset left focal seizures with loss of milestones
PAVS_MASTER_0817	439_2017_1821_MOESM1_ESM.tsv	16W-0091	FEMALE	2	GENO:0000136	HP:0001319|HP:0002058|HP:0003306	VAMP1:NM_014231:c.129+1G>A	GRCh37	not known	normal CK
PAVS_MASTER_0818	439_2017_1821_MOESM1_ESM.tsv	16W-0092	MALE	5	GENO:0000136	HP:0000750|HP:0001263|HP:0001270|HP:0001332	MOCS1:NM_001075098:c.1102+1G>T	GRCh37	not known	Basal ganglia abnormalities|fine motor delay
PAVS_MASTER_0819	439_2017_1821_MOESM1_ESM.tsv	16W-0093	FEMALE	24	GENO:0000136	HP:0000518|HP:0001257|HP:0001332|HP:0001508|HP:0002194	GALC:NM_001201401:c.928G>A	GRCh37	not known	
PAVS_MASTER_0820	439_2017_1821_MOESM1_ESM.tsv	16W-0094	FEMALE	5 months		HP:0001250|HP:0001252|HP:0001561		GRCh37	not known	
PAVS_MASTER_0821	439_2017_1821_MOESM1_ESM.tsv	16W-0095 (duo)	FEMALE	4	GENO:0000136	HP:0000252|HP:0000496|HP:0000750|HP:0001249|HP:0001252|HP:0001270|HP:0001332|HP:0002072	not known:NM_001163812:c.1721T>C	GRCh37	not known	abnormal movements|fine/ gross motor delay|hypotonia. We have sent brother for WES (5078414)
PAVS_MASTER_0822	439_2017_1821_MOESM1_ESM.tsv	16W-0097	FEMALE	21	GENO:0000135	HP:0001332	not known:NM_206853:c.635-2A>T	GRCh37	not known	
PAVS_MASTER_0823	439_2017_1821_MOESM1_ESM.tsv	16W-0098	MALE	7	GENO:0000136	HP:0000750|HP:0001249|HP:0001263|HP:0001270|HP:0001942|HP:0001985|HP:0002135|HP:0002151	CA2:NM_000067:c.232+1G>A	GRCh37	not known	lactate slightly elevated|hypoketosis|fine/ gross motor delay|MRI:mild calcification in basal ganglia
PAVS_MASTER_0824	439_2017_1821_MOESM1_ESM.tsv	16W-0099	FEMALE	30		HP:0001270|HP:0001396|HP:0001399|HP:0001508|HP:0002910|HP:0003128|HP:0003737		GRCh37	not known	PIFIC negative|lactic academia|normal GGT|fine/gross motor delay|decompensated liver failure|mitochondrial myopathy E.M
PAVS_MASTER_0825	439_2017_1821_MOESM1_ESM.tsv	16W-0101	MALE	9	GENO:0000136	HP:0000252|HP:0001249|HP:0003198	NADK2:NM_001287341:c.380A>G	GRCh37	not known	intellectual disability/MR
PAVS_MASTER_0826	439_2017_1821_MOESM1_ESM.tsv	16W-0102	MALE	6	GENO:0000136	HP:0000750|HP:0001249|HP:0001270|HP:0001276|HP:0001328|HP:0002194|HP:0011096	not known:NM_001919:c.563+1G>T	GRCh37	not known	demyelinating disease.|Fine motor delay|learning disability|Intellectual disability/ MR
PAVS_MASTER_0827	439_2017_1821_MOESM1_ESM.tsv	16W-0103	FEMALE	5		HP:0002757		GRCh37	not known	
PAVS_MASTER_0828	439_2017_1821_MOESM1_ESM.tsv	16W-0104	MALE	3	GENO:0000135	HP:0004322	FBN1:NM_000138:c.5087A>G	GRCh37	not known	Short stature with skeletal deformity
PAVS_MASTER_0829	439_2017_1821_MOESM1_ESM.tsv	16W-0105 TRIO	MALE	2		HP:0001252|HP:0003128|HP:0012444		GRCh37	not known	lactic acidemia/High CSF lactate
PAVS_MASTER_0830	439_2017_1821_MOESM1_ESM.tsv	16W-0108	FEMALE	7		HP:0000750|HP:0001249|HP:0001250|HP:0001270|HP:0002194		GRCh37	not known	Fine motor delay|Autistic features|Intellectual disability/ MR|seizures intractable|seizures drop attacks
PAVS_MASTER_0831	439_2017_1821_MOESM1_ESM.tsv	16W-0109	FEMALE	3		HP:0000750|HP:0001249|HP:0001263|HP:0001270|HP:0002194|HP:0002197|HP:0012469		GRCh37	not known	Global delay|no similar FH|Fine motor delay|Intellectual disability/ MR|seizures generalized
PAVS_MASTER_0832	439_2017_1821_MOESM1_ESM.tsv	16W-0110	FEMALE	6		HP:0002650|HP:0002652|HP:0002808|HP:0034392		GRCh37	not known	
PAVS_MASTER_0833	439_2017_1821_MOESM1_ESM.tsv	16W-0111	FEMALE	3	GENO:0000136	HP:0000219|HP:0000252|HP:0000316|HP:0000348|HP:0000356|HP:0000369|HP:0001510|HP:0003510|HP:0008070|HP:0034392	ESCO2:NM_001017420:c.1132-7A>G	GRCh37	not known	sever growth retardation (wt - 8SD)|hypertelorism of the eye|severe microcephaly|contractures
PAVS_MASTER_0834	439_2017_1821_MOESM1_ESM.tsv	16W-0112	FEMALE	12	GENO:0000136	HP:0000518|HP:0000639|HP:0001272	SIL1:NM_001037633:c.1030-9G>A	GRCh37	not known	
PAVS_MASTER_0835	439_2017_1821_MOESM1_ESM.tsv	16W-0113	FEMALE	6		HP:0000750|HP:0001251|HP:0001270|HP:0001272|HP:0002194|HP:0033725		GRCh37	not known	Fine motor delay
PAVS_MASTER_0836	439_2017_1821_MOESM1_ESM.tsv	16W-0114	FEMALE	8		HP:0000252|HP:0001250|HP:0001252|HP:0001324|HP:0001508		GRCh37	not known	
PAVS_MASTER_0837	439_2017_1821_MOESM1_ESM.tsv	16W-0115	FEMALE	7	GENO:0000136	HP:0001396|HP:0002910	not known:NM_001286732:c.698G>A	GRCh37	not known	
PAVS_MASTER_0838	439_2017_1821_MOESM1_ESM.tsv	16W-0116	FEMALE	8	GENO:0000135	HP:0001249|HP:0001328|HP:0002069|HP:0002376	PCDH19:NM_001105243:c.577_578del	GRCh37	not known	seizures tonic-clonic|developmentally regression|learning disability|Intellectual disability/ MR
PAVS_MASTER_0839	439_2017_1821_MOESM1_ESM.tsv	16W-0117	FEMALE	?	GENO:0000136	HP:0001249|HP:0001257|HP:0001324|HP:0001328|HP:0002194|HP:0006970|HP:0012444	SPG11:NM_001160227:c.6559_6560del	GRCh37	not known	learning disability|Intellectual disability/ MR
PAVS_MASTER_0840	439_2017_1821_MOESM1_ESM.tsv	16W-0118	FEMALE	9	GENO:0000136	HP:0001257|HP:0001258|HP:0002194	VRK1:NM_003384:c.709+3A>C	GRCh37	not known	possible hereditary spastic paraplegia
PAVS_MASTER_0841	439_2017_1821_MOESM1_ESM.tsv	16W-0119	MALE	12	GENO:0000136	HP:0001000|HP:0001257|HP:0001595|HP:0002500|HP:0008064	not known:NM_001282631:c.814G>A	GRCh37	not known	LDs of mild degree|Abnormal hair|white matter changes
PAVS_MASTER_0842	439_2017_1821_MOESM1_ESM.tsv	16W-0121	FEMALE	4		HP:0000252|HP:0000648|HP:0000750|HP:0001249|HP:0001252|HP:0001270|HP:0001328|HP:0002069		GRCh37	not known	Learning disability|Fine motor delay|seizures GTC|Intellectual disability/ MR
PAVS_MASTER_0843	439_2017_1821_MOESM1_ESM.tsv	16W-0122	FEMALE	10	GENO:0000136	HP:0001332|HP:0002194|HP:0031959	CLCN1:NM_000083:c.378dupG	GRCh37	not known	Segawa syndrome|otherwise normal|occasional PT leg dystonia|Gross motor
PAVS_MASTER_0844	439_2017_1821_MOESM1_ESM.tsv	16W-0123	FEMALE	14	GENO:0000135	HP:0000750|HP:0000821|HP:0001249|HP:0001252|HP:0001270|HP:0001328|HP:0002194|HP:0002376|HP:0032792	KCNA2:NM_004974:c.1214C>T	GRCh37	not known	Learning disability|tonic seizures|Fine motor delay|Intellectual disability/ MR
PAVS_MASTER_0845	439_2017_1821_MOESM1_ESM.tsv	16W-0124	MALE	6	GENO:0000135	HP:0000729|HP:0000750|HP:0001263	CHD8:NM_001170629:c.4984C>T	GRCh37	not known	no seizures
PAVS_MASTER_0846	439_2017_1821_MOESM1_ESM.tsv	16W-0125	FEMALE	2	GENO:0000136	HP:0020110	CRTAP:NM_006371:c.826C>T	GRCh37	not known	Dysmorphism bone fracture with negative|panel of osteogenesis imperfecta AR
PAVS_MASTER_0847	439_2017_1821_MOESM1_ESM.tsv	16W-0126	MALE	1	GENO:0000135	HP:0000316|HP:0000343|HP:0000465|HP:0000508|HP:0001263|HP:0001638|HP:0003826	DVL3:NM_004423:c.903G>C	GRCh37	not known	one brother died on VLCAD|one stillbirth
PAVS_MASTER_0848	439_2017_1821_MOESM1_ESM.tsv	16W-0127	MALE	5	GENO:0000136	HP:0000252|HP:0000750|HP:0001250|HP:0001257|HP:0001270|HP:0001508|HP:0002020|HP:0002194	RNASEH2B:NM_001142279:c.356A>G	GRCh37	not known	gastrointestinal reflux|fine motor delay
PAVS_MASTER_0849	439_2017_1821_MOESM1_ESM.tsv	16W-0128	MALE	2		HP:0001251|HP:0001276|HP:0001332|HP:0007018		GRCh37	not known	other psychiatric symptoms ADHD
PAVS_MASTER_0850	439_2017_1821_MOESM1_ESM.tsv	16W-0129	MALE	13	GENO:0000136	HP:0000750|HP:0001249|HP:0001250|HP:0001252|HP:0001328	TRMT1:NM_001142554:c.1245_1246del	GRCh37	not known	Learning disability|Intellectual disability/ MR
PAVS_MASTER_0851	439_2017_1821_MOESM1_ESM.tsv	16W-0130	FEMALE	11	GENO:0000136	HP:0000252|HP:0000750|HP:0001249	KIF14:NM_001305792:c.2598G>A	GRCh37	not known	intellectual disability/MR
PAVS_MASTER_0852	439_2017_1821_MOESM1_ESM.tsv	16W-0133	FEMALE	3	GENO:0000135	HP:0001252|HP:0001508|HP:0002194|HP:0025190	PURA:NM_005859:c.302_303del	GRCh37	not known	seizures generalized tonic- clonic
PAVS_MASTER_0853	439_2017_1821_MOESM1_ESM.tsv	16W-0134	MALE	5	GENO:0000136	HP:0000618|HP:0001263	C12orf57:NM_001301837:c.1A>G	GRCh37	not known	
PAVS_MASTER_0854	439_2017_1821_MOESM1_ESM.tsv	16W-0135	FEMALE	3	GENO:0000135	HP:0001999	PURA:NM_005859:c.302_303del	GRCh37	not known	dysmorphism
PAVS_MASTER_0855	439_2017_1821_MOESM1_ESM.tsv	16W-0136	FEMALE	6		HP:0020110		GRCh37	not known	mutation N for AD and AR osteogenesis imperfecta|recurrent bone fracture with negative panel gene
PAVS_MASTER_0856	439_2017_1821_MOESM1_ESM.tsv	16W-0137	MALE	15	GENO:0000136	HP:0001249|HP:0001274|HP:0001508|HP:0002069	C12orf57:NM_001301836:c.14-2A>G	GRCh37	not known	seizures GTC
PAVS_MASTER_0857	439_2017_1821_MOESM1_ESM.tsv	16W-0138	MALE	3	GENO:0000136	HP:0000252|HP:0000618|HP:0000639|HP:0000750|HP:0001252|HP:0001270|HP:0001276|HP:0002019|HP:0002194|HP:0002376|HP:0002415	ISCA2:NM_194279:c.229G>A	GRCh37	not known	Fine motor delay|hypertonia peripheral?|hypotonia central
PAVS_MASTER_0858	439_2017_1821_MOESM1_ESM.tsv	16W-0139	MALE	6	GENO:0000136	HP:0000750|HP:0001249|HP:0001251|HP:0001270|HP:0001272|HP:0002194	ARMC9:NM_001291656:c.1559C>T	GRCh37	not known	intellectual disability/MR|Fine motor delay
PAVS_MASTER_0859	439_2017_1821_MOESM1_ESM.tsv	16W-0140	MALE	4	GENO:0000136	HP:0001510|HP:0004322	GALNS:NM_000512:c.245C>T	GRCh37	not known	
PAVS_MASTER_0860	439_2017_1821_MOESM1_ESM.tsv	16W-0141	FEMALE	10	GENO:0000135	HP:0001263|HP:0002123|HP:0011922	OPA1:NM_130831:c.1597+1G>C	GRCh37	not known	abnormal MRI subcortical signal|Progressive myoclonic epilepsy|abnormal mitochondrial respiratory chain assay
PAVS_MASTER_0861	439_2017_1821_MOESM1_ESM.tsv	16W-0142	MALE	3	GENO:0000135	HP:0000252|HP:0000365|HP:0000750|HP:0001249|HP:0001252|HP:0001270|HP:0001324|HP:0001332|HP:0002194	STAMBP:NM_201647:c.1271G>A	GRCh37	not known	Fine motor delay|brain infarction|intellectual disability/ MR
PAVS_MASTER_0862	439_2017_1821_MOESM1_ESM.tsv	16W-0143	FEMALE	19	GENO:0000136	HP:0001251|HP:0001257|HP:0001324|HP:0012444	not known:NM_024725:c.904G>T	GRCh37	not known	white matter disease?
PAVS_MASTER_0863	439_2017_1821_MOESM1_ESM.tsv	16W-0144	MALE	4	GENO:0000136	HP:0000252|HP:0000365|HP:0000750|HP:0001249|HP:0001250|HP:0001252|HP:0001263|HP:0001270|HP:0001324|HP:0002194|HP:0003128	NDUFAF5:NM_024120:c.222+8->GCGGGGCGGCGGGGCG	GRCh37	not known	Fine motor delay|microcephaly...|mild lactic acidosis|seizures IS now is in remission|hearing loss (clinical)|intellectual disability/ MR
PAVS_MASTER_0864	439_2017_1821_MOESM1_ESM.tsv	16W-0145	MALE	20	GENO:0000136	HP:0001251	SETX:NM_015046:c.5308_5311del	GRCh37	not known	
PAVS_MASTER_0865	439_2017_1821_MOESM1_ESM.tsv	16W-0147	FEMALE	1	GENO:0000135	HP:0000252|HP:0001328|HP:0002376|HP:0006829|HP:0012448|HP:0012469|HP:0200134	not known:NM_020846:c.938C>T	GRCh37	not known	sever hypotonia|seizures infantile spasms?|sever epileptic encephalopathy (1.5)|learning disability
PAVS_MASTER_0866	439_2017_1821_MOESM1_ESM.tsv	16W-0148	FEMALE	5	GENO:0000136	HP:0000505|HP:0000750|HP:0001250|HP:0001252|HP:0001263|HP:0001270|HP:0001508|HP:0002194|HP:0012832	not known:NM_001303012:c.2132G>A	GRCh37	not known	GDD and epilepsy|autistic features|Fine motor delay|White matter changes in bilateral p...
PAVS_MASTER_0867	439_2017_1821_MOESM1_ESM.tsv	16W-0149	MALE	33	GENO:0000136	HP:0001324	TTN:NM_003319:c.58829C>T	GRCh37	not known	
PAVS_MASTER_0868	439_2017_1821_MOESM1_ESM.tsv	16W-0150	FEMALE	1	GENO:0000135	HP:0001252|HP:0001257|HP:0001270|HP:0001276|HP:0001305|HP:0001508|HP:0001511|HP:0001629|HP:0001631|HP:0002020|HP:0012444|HP:0032794	not known:NM_001308160:c.4804A>G	GRCh37	not known	seizures myoclonic|dandy walker variant|gastrointestinal reflux|prematurity|fine/gross motor retardation
PAVS_MASTER_0869	439_2017_1821_MOESM1_ESM.tsv	16W-0151	FEMALE	1	GENO:0000135	HP:0000369|HP:0000589|HP:0000750|HP:0001249|HP:0001263|HP:0001270|HP:0001999|HP:0002099|HP:0002194	CHD7:NM_017780:c.2500_2504del	GRCh37	not known	Fine motor delay|facial dysmorphism depressed nasal bridge|low set ears hypotonia|coloboma of the eye|intellectual disability/ MR|dysmorphic features
PAVS_MASTER_0870	439_2017_1821_MOESM1_ESM.tsv	16W-0152	MALE	7	GENO:0000135	HP:0000717|HP:0001249|HP:0001250|HP:0001653|HP:0007018	ROBO1:NM_133631:c.2990A>T	GRCh37	not known	
PAVS_MASTER_0871	439_2017_1821_MOESM1_ESM.tsv	16W-0153	MALE	3	GENO:0000136	HP:0000750|HP:0001252|HP:0001270|HP:0002194|HP:0002591	not known:NM_023073:c.3610T>C	GRCh37	not known	Fine motor delay
PAVS_MASTER_0872	439_2017_1821_MOESM1_ESM.tsv	16W-0154	FEMALE	6	GENO:0000136	HP:0002783|HP:0031796	not known:NM_173642:c.18G>A	GRCh37	not known	Recurrent chest infection|recurrent spells of absent spells
PAVS_MASTER_0873	439_2017_1821_MOESM1_ESM.tsv	16W-0156	FEMALE	10	GENO:0000136	HP:0001251|HP:0001276|HP:0001332|HP:0002134	not known:NM_001201965:c.386-3T>C	GRCh37	not known	bilateral basal ganglia disease on MRI|brother has epilepsy
PAVS_MASTER_0874	439_2017_1821_MOESM1_ESM.tsv	16W-0157	MALE	8	GENO:0000606	HP:0001344|HP:0001433|HP:0007018	not known:NM_001173517:c.804_805insTA	GRCh37	not known	no speech|mild hepatosplenomegaly|ADHD with GDD
PAVS_MASTER_0875	439_2017_1821_MOESM1_ESM.tsv	16W-0158	FEMALE	2	GENO:0000136	HP:0000252|HP:0000648|HP:0000750|HP:0001249|HP:0001250|HP:0001270|HP:0002194|HP:0002376|HP:0002500|HP:0012444	ISCA2:NM_194279:c.229G>A	GRCh37	not known	intellectual disability/ MR|neuroregression|white matter changes|fine motor delay
PAVS_MASTER_0876	439_2017_1821_MOESM1_ESM.tsv	16W-0159	MALE	2		HP:0000252|HP:0001363|HP:0003826		GRCh37	not known	1 still birth
PAVS_MASTER_0877	439_2017_1821_MOESM1_ESM.tsv	16W-0160	FEMALE	2	GENO:0000136	HP:0000347|HP:0000519|HP:0001263|HP:0001274|HP:0001999|HP:0002007	DHCR7:NM_001163817:c.376G>A	GRCh37	not known	dysmorphic|MRI brain Corpus callosum agenesis|CHD|micrognathia height arch palate|frontal bossing and hypertelorism
PAVS_MASTER_0878	439_2017_1821_MOESM1_ESM.tsv	16W-0161	MALE	4	GENO:0000136	HP:0001263|HP:0001999		GRCh37	not known	dysmorphic features|delay in talking and walking
PAVS_MASTER_0879	439_2017_1821_MOESM1_ESM.tsv	16W-0162	FEMALE	2	GENO:0000135	HP:0000252|HP:0001249|HP:0001252|HP:0001270|HP:0001399|HP:0001508|HP:0002194|HP:0002376	SMARCA2:NM_001289396:c.1217T>G	GRCh37	not known	Fine motor delay|hepatic failure- recovering|intellectual disability/ MR
PAVS_MASTER_0880	439_2017_1821_MOESM1_ESM.tsv	16W-0163	FEMALE	6 months	GENO:0000136	HP:0001427|HP:0001992	PC:NM_022172:c.1480C>T	GRCh37	not known	lactic academia / high CSF lactate|suspected mitochondrial disease pyruvate carboxylase|organic aciduria/academia|extension white matter disease|one brother died not sure if same disease
PAVS_MASTER_0881	439_2017_1821_MOESM1_ESM.tsv	16W-0164	FEMALE	1	GENO:0000136	HP:0001250|HP:0001252|HP:0001992|HP:0012072	NDUFA6:NM_002490:c.81G>A	GRCh37	not known	lactic academia / high CSF lactate|mitochondrial disease lactic aciduria|organic aciduria/academia
PAVS_MASTER_0882	439_2017_1821_MOESM1_ESM.tsv	16W-0165	FEMALE	61	GENO:0000135	HP:0001251|HP:0001324	CSF1R:NM_005211:c.1905G>T	GRCh37	not known	
PAVS_MASTER_0883	439_2017_1821_MOESM1_ESM.tsv	16W-0169	FEMALE	10		HP:0000750|HP:0001328|HP:0004322		GRCh37	not known	growth retardation/short stature|learning disability
PAVS_MASTER_0884	439_2017_1821_MOESM1_ESM.tsv	16W-0170	FEMALE	13	GENO:0000136	HP:0000238|HP:0000729|HP:0000733|HP:0000750|HP:0001249|HP:0001250|HP:0001270|HP:0001328|HP:0001711|HP:0001903|HP:0002019|HP:0002194|HP:0007206	PCGF2:NM_007144:c.1026delC	GRCh37	not known	Fine motor delay|hemimegaloencephaly|autism features|sip left functional|stereotypic behaviors|intellectual disability/ MR|learning disability|intractable
PAVS_MASTER_0885	439_2017_1821_MOESM1_ESM.tsv	16W-0171	FEMALE	13	GENO:0000135	HP:0000733|HP:0001252|HP:0001508|HP:0032794	KDM6A:NM_001291415:c.548A>G	GRCh37	not known	seizures myoclonic|stereotypic behaviors
PAVS_MASTER_0886	439_2017_1821_MOESM1_ESM.tsv	16W-0172	MALE	5		HP:0001508|HP:0002650|HP:0004602		GRCh37	not known	Klippel Feil syndrome
PAVS_MASTER_0887	439_2017_1821_MOESM1_ESM.tsv	16W-0173	MALE	7	GENO:0000136	HP:0001943|HP:0002013|HP:0002910	PDX1:NM_000209:c.98C>A	GRCh37	not known	F/h positive but older brother passed away|Recurrent vomiting
PAVS_MASTER_0888	439_2017_1821_MOESM1_ESM.tsv	16W-0174	MALE	15	GENO:0000135	HP:0000218|HP:0000750|HP:0001249|HP:0001263|HP:0001999|HP:0200160		GRCh37	not known	high- arched palate with short nose|face - this upper lip and missing upper incisors|dysmorphism|intellectual disability/ MR
PAVS_MASTER_0889	439_2017_1821_MOESM1_ESM.tsv	16W-0176	FEMALE	5	GENO:0000135	HP:0000733|HP:0000750|HP:0001249|HP:0001270	not known:NM_004831:c.1771T>G	GRCh37	not known	Fine motor delay|stereotypic behaviors|intellectual disability/ MR
PAVS_MASTER_0890	439_2017_1821_MOESM1_ESM.tsv	16W-0177	FEMALE	5	GENO:0000136	HP:0000365|HP:0000510|HP:0000750|HP:0001249|HP:0001252|HP:0001270|HP:0001283|HP:0002194|HP:0006970	SNIP1:NM_024700:c.1082G>C	GRCh37	not known	Fine motor delay|Brown-Vialetto-Van Laere syndrome
PAVS_MASTER_0891	439_2017_1821_MOESM1_ESM.tsv	16W-0178	FEMALE	5	GENO:0000136	HP:0001250|HP:0001263	ACOX1:NM_001185039:c.1247_1250del	GRCh37	not known	epilepsy and severe NSHL
PAVS_MASTER_0892	439_2017_1821_MOESM1_ESM.tsv	16W-0179	FEMALE	8	GENO:0000135	HP:0000639|HP:0000956|HP:0001263|HP:0001999	DYNC1H1:NM_001376:c.10414-2A>G	GRCh37	not known	obese|dysmorphic
PAVS_MASTER_0893	439_2017_1821_MOESM1_ESM.tsv	16W-0180	MALE	1	GENO:0000136	HP:0001250	ITPA:NM_001267623:c.130G>A	GRCh37	not known	Epilepsy and suspected cardiomyopathy
PAVS_MASTER_0894	439_2017_1821_MOESM1_ESM.tsv	16W-0183/16C-0097	FEMALE	7	GENO:0000136	HP:0000508|HP:0001263|HP:0001638|HP:0001999|HP:0004322	not known:c.1690C>T	GRCh37	not known	
PAVS_MASTER_0895	439_2017_1821_MOESM1_ESM.tsv	16W-0185	FEMALE	4	GENO:0000135	HP:0000750|HP:0001249|HP:0001250|HP:0001257|HP:0001263|HP:0001270|HP:0001272|HP:0001276|HP:0001328|HP:0002376|HP:0032792	not known:NM_175566:c.1955T>G	GRCh37	not known	seizures tonic|Fine motor delay|learning disability|intellectual disability/ MR
PAVS_MASTER_0896	439_2017_1821_MOESM1_ESM.tsv	16W-0186	MALE	7	GENO:0000136	HP:0001257|HP:0001276	OPA3:NM_025136:c.194delG	GRCh37	not known	h/o optic atrophy at sister?
PAVS_MASTER_0897	439_2017_1821_MOESM1_ESM.tsv	16W-0187	MALE	9	GENO:0000135	HP:0001250|HP:0001263	DNM1:c.127G>A	GRCh37	not known	mother is pregnant
PAVS_MASTER_0898	439_2017_1821_MOESM1_ESM.tsv	16W-0188	FEMALE	14	GENO:0000136	HP:0001324|HP:00025406|HP:0003477	NTRK1:NM_001007792:c.13G>A	GRCh37	not known	distal motor weakness
PAVS_MASTER_0899	439_2017_1821_MOESM1_ESM.tsv	16W-0189	FEMALE	4 months		HP:0000238|HP:0001693|HP:0003764|HP:0008066		GRCh37	not known	multiple|Abnormal pigmentation: nevi|Blistering: hair|up shunt.
PAVS_MASTER_0900	439_2017_1821_MOESM1_ESM.tsv	16W-0190	MALE	5	GENO:0000136	HP:0000729|HP:0000750|HP:0001249|HP:0001252|HP:0001270|HP:0002194	ARID1B:NM_020732:c.1776+4A>G	GRCh37	not known	patient not consistent of Coffin Siris syndrome|Fine motor delay|MRI normal
PAVS_MASTER_0901	439_2017_1821_MOESM1_ESM.tsv	16W-0191	FEMALE	16	GENO:0000136	HP:0000100|HP:0000365|HP:0001263|HP:0001508	MCTP2:NM_001159644:c.384dupT	GRCh37	not known	Severe congenital heart disease
PAVS_MASTER_0902	439_2017_1821_MOESM1_ESM.tsv	16W-0192	MALE	4	GENO:0000136	HP:0000973|HP:0001382|HP:0002827	GORAB:NM_001146039:c.302dupA	GRCh37	not known	Lax joint|connective tissue disorder
PAVS_MASTER_0903	439_2017_1821_MOESM1_ESM.tsv	16W-0193	MALE	7	GENO:0000135	HP:0000750|HP:0001249|HP:0001270|HP:0001508|HP:0002194	not known:NM_001128852:c.497C>T	GRCh37	not known	intellectual disability.|fine motor delay
PAVS_MASTER_0904	439_2017_1821_MOESM1_ESM.tsv	16W-0194	MALE	6	GENO:0000606	HP:0000252|HP:0000729|HP:0000750|HP:0001249|HP:0001250|HP:0001252|HP:0001328|HP:0002194	GDI1:NM_001493:c.340G>T	GRCh37	not known	Autistic features|learning disability
PAVS_MASTER_0905	439_2017_1821_MOESM1_ESM.tsv	16W-0195	FEMALE	2	GENO:0000135	HP:0002900|HP:0002902|HP:0002917|HP:0003113	CLCNKB:NM_001165945:c.817G>A	GRCh37	not known	hypomagnesemia with negative gene mutation for Bartter syndrome
PAVS_MASTER_0906	439_2017_1821_MOESM1_ESM.tsv	16W-0196	MALE	2	GENO:0000606	HP:0001000|HP:0001257|HP:0001263|HP:0001276	PORCN:NM_203474:c.496G>A	GRCh37	not known	Developmental delay and Seizures.
PAVS_MASTER_0907	439_2017_1821_MOESM1_ESM.tsv	16W-0197	FEMALE	2	GENO:0000135	HP:0001250|HP:0001257|HP:0001270|HP:0001276|HP:0001332|HP:0002194	not known:NM_030581:c.270G>A	GRCh37	not known	seizures: Inf. spasm|fine motor delay
PAVS_MASTER_0908	439_2017_1821_MOESM1_ESM.tsv	16W-0198	MALE	?	GENO:0000136	HP:0001252|HP:0001263		GRCh37	not known	
PAVS_MASTER_0909	439_2017_1821_MOESM1_ESM.tsv	16W-0199	MALE	7	GENO:0000136	HP:0000028|HP:0000315|HP:0000750|HP:0001249|HP:0001250|HP:0001257|HP:0001270|HP:0001276|HP:0001332|HP:0002194|HP:0002376|HP:0002910|HP:0011499|HP:0025335|HP:0034392	ALS2:NM_020919:c.3520A>T	GRCh37	not known	cannot stand|undescended testis (had surgery)|Fine motor delay|or speak in wheel chair|Brain MRI at 3 ys: normal basal ganglia|mother with elevated liver enzyme during pregnancy|last year eye exam was normal|starts to have problems before 1 yr|severe contractures|stiffness|cannot close his eyes
PAVS_MASTER_0910	439_2017_1821_MOESM1_ESM.tsv	16W-0200	MALE	2	GENO:0000136	HP:0001276|HP:0001337|HP:0002019|HP:0002194|HP:0002910	ALS2:NM_020919:c.3520A>T	GRCh37	not known	normal speech|then started to have tiptoeing and --- to have stiff lower limbs|MRI brain at 1 year: subtle hyperintense areas on T2W along posterior horn of lateral ventricles with elevated choline peak on MRS...could be areas of inflammatory demyelination|raised liver enzyme in mother during pregnancy|he was normal until 6-7 months|normal HC|eyes not examined|tremor in lower limbs|normal metabolism
PAVS_MASTER_0911	439_2017_1821_MOESM1_ESM.tsv	16W-0201	FEMALE	2		HP:0001249|HP:0001252|HP:0001270|HP:0001328|HP:0002194|HP:0002376		GRCh37	not known	intellectual disability/MR|Fine motor delay|learning disability
PAVS_MASTER_0912	439_2017_1821_MOESM1_ESM.tsv	16W-0204	MALE	12	GENO:0000136	HP:0001251	not known:NM_173496:c.1251C>G	GRCh37	not known	
PAVS_MASTER_0913	439_2017_1821_MOESM1_ESM.tsv	16W-0205	FEMALE	7	GENO:0000135	HP:0000252|HP:0000750|HP:0001249|HP:0001270|HP:0001328|HP:0001631|HP:0002194|HP:0005180	CTNNB1:NM_001098209:c.999C>G	GRCh37	not known	Fine motor delay|32 weeks prematurity|intellectual disability/MR IQ: 42|learning disability|unremarkable brain MRI
PAVS_MASTER_0914	439_2017_1821_MOESM1_ESM.tsv	16W-0206	MALE	27	GENO:0000136	HP:0000486|HP:0001250|HP:0001257|HP:0001276|HP:0001328|HP:0001762|HP:0007371	MYBPC1:NM_001254722:c.2357T>G	GRCh37	not known	quim atrophic corpus callosum|learning disability|squint L eye|MRI showed bilateral dilation of R ventricle with loss of white matter on R side
PAVS_MASTER_0915	439_2017_1821_MOESM1_ESM.tsv	16W-0207	MALE	2		HP:0010819		GRCh37	not known	seizures: atonic
PAVS_MASTER_0916	439_2017_1821_MOESM1_ESM.tsv	16W-0208	MALE	4	GENO:0000136	HP:0000028|HP:0000054|HP:0000505|HP:0000750|HP:0001249|HP:0001252|HP:0001270|HP:0001508|HP:0002194|HP:0012444	not known:NM_018017:c.610C>T	GRCh37	not known	intellectual disability/MR|Fine motor delay
PAVS_MASTER_0917	439_2017_1821_MOESM1_ESM.tsv	16W-0209=16N-0145	FEMALE	2	GENO:0000136	HP:0001272|HP:0002119|HP:0010834|HP:0033725	AGTPBP1:NM_001286715:c.2908C>T	GRCh37	not known	no space occupying lesions identified|no gross vascular anomalies identified|no midline shift detected|dilated ventricular system|brainstem and upper cervical cord are normal|no cervico-medullary junction abnormalities seen|thinned corpus callosum|deepened sulci|no intra or extra axial collections detected|increased mammilo-potine distance and significantly prominent extra axial CSF spaces|suggested cerebellar atrophy showing reduced volume and prominent sulci|no signal alternation of the white matter|suggested diffuse atrophic changes of the brain indicated by diminished myelinated white matter volume
PAVS_MASTER_0918	439_2017_1821_MOESM1_ESM.tsv	16W-0210	FEMALE	45	GENO:0000135	HP:0001252|HP:0001324|HP:0002076|HP:0002401|HP:0003546	PAX7:NM_001135254:c.433C>T	GRCh37	not known	recurrent headache/migraine|exercise intolerance/easy fatigue|creatine phosphokinase abnormalities|stroke/stroke-like episodes
PAVS_MASTER_0919	439_2017_1821_MOESM1_ESM.tsv	16W-0211	FEMALE	4		HP:0000729|HP:0000750|HP:0001270|HP:0002342|HP:0012444		GRCh37	not known	intellectual disability/MR IQ: 48|fine motor delay
PAVS_MASTER_0920	439_2017_1821_MOESM1_ESM.tsv	16W-0212	FEMALE	3	GENO:0000135	HP:0000826|HP:0001249	not known:NM_004274:c.1874A>T	GRCh37	not known	?precocious puberty
PAVS_MASTER_0921	439_2017_1821_MOESM1_ESM.tsv	16W-0213	FEMALE	6	GENO:0000135	HP:0000316|HP:0000871|HP:0001270|HP:0002475|HP:0002650|HP:0002827	not known:NM_001184939:c.1178+1G>T	GRCh37	not known	fine motor delay
PAVS_MASTER_0922	439_2017_1821_MOESM1_ESM.tsv	16W-0218	FEMALE	12	GENO:0000135	HP:0000750|HP:0001249|HP:0001250|HP:0001328|HP:0002069|HP:0002376	not known:NM_001098477:c.88C>T	GRCh37	not known	intellectual disability/MR|refractory epilepsy|neuro regression|seizures- tonic clonic|learning disability
PAVS_MASTER_0923	439_2017_1821_MOESM1_ESM.tsv	16W-0219	MALE	11	GENO:0000136	HP:0000729|HP:0000733|HP:0000750|HP:0001249|HP:0001270|HP:0001328|HP:0002194|HP:0002376|HP:0004322	not known:NM_178812:c.862delG	GRCh37	not known	intellectual disability/MR|autistic features|growth retardation/short stature|fine motor delay|stereotypic behaviors|other psychiatric symptoms|learning disability
PAVS_MASTER_0924	439_2017_1821_MOESM1_ESM.tsv	16W-0220-A	FEMALE	3	GENO:0000136	HP:0000252|HP:0000750|HP:0001249|HP:0001252|HP:0001270|HP:0001328|HP:0002194|HP:0002376	SURF1:NM_001280787:c.330_331del	GRCh37	not known	intellectual disability/MR|lactic academia/high CSF lactate|neuro regression|fine motor delay|learning disability
PAVS_MASTER_0925	439_2017_1821_MOESM1_ESM.tsv	16W-0221	MALE	14	GENO:0000135	HP:0000750|HP:0001249|HP:0001324|HP:0001328|HP:0001638|HP:0002194|HP:0003546	CACNA1G:NM_001256324:c.719G>A	GRCh37	not known	intellectual disability/MR|exercise intolerance/easy fatigue|learning disability
PAVS_MASTER_0926	439_2017_1821_MOESM1_ESM.tsv	16W-0222	UNKNOWN_SEX	49	GENO:0000135	HP:0001251|HP:0001332	not known:NM_001039574:c.23C>T	GRCh37	not known	
PAVS_MASTER_0927	439_2017_1821_MOESM1_ESM.tsv	16W-0223	FEMALE	5	GENO:0000136	HP:0003236|HP:0006829	LAMA2:NM_000426:c.1761delG	GRCh37	not known	severe hypotonia|increase CPK
PAVS_MASTER_0928	439_2017_1821_MOESM1_ESM.tsv	16W-0224	FEMALE	13	GENO:0000136	HP:0000508|HP:0000581|HP:0001249	KMT2D:NM_003482:c.15535C>T	GRCh37	not known	intellectual disability/MR
PAVS_MASTER_0929	439_2017_1821_MOESM1_ESM.tsv	16W-0228	FEMALE	10	GENO:0000135	HP:0003701	TTN:NM_003319:c.57359G>A	GRCh37	not known	axial and proximal muscle weakness
PAVS_MASTER_0930	439_2017_1821_MOESM1_ESM.tsv	16W-0229	MALE	2	GENO:0000136	HP:0000407|HP:0000750|HP:0001252|HP:0001508|HP:0002194	MYO7A:NM_000260:c.2005C>T	GRCh37	not known	
PAVS_MASTER_0931	439_2017_1821_MOESM1_ESM.tsv	16W-0230	MALE	11	GENO:0000136	HP:0001324|HP:0002981|HP:0003198|HP:0003812|HP:0012840	not known:NM_203373:c.279G>C	GRCh37	not known	proximal lower extremity|CK 5000 increase|DMD (at MDL) negative|LGMD phenotype|NGS (myopathy) at MNG lab negative|calf prominence
PAVS_MASTER_0932	439_2017_1821_MOESM1_ESM.tsv	16W-0233	FEMALE	6	GENO:0000136	HP:0000750|HP:0001249	not known:NM_001282169:c.894-2->T	GRCh37	not known	intellectual disability/MR
PAVS_MASTER_0933	439_2017_1821_MOESM1_ESM.tsv	16W-0234  	FEMALE	11	GENO:0000136	HP:0001876|HP:0001954|HP:0002376|HP:0002721	TRNT1:NM_182916:c.644A>G	GRCh37	not known	anemia/neutropenia/pancytopenia|immunodeficiency: B-cell defect
PAVS_MASTER_0934	439_2017_1821_MOESM1_ESM.tsv	16W-0235	MALE	3	GENO:0000136	HP:0001250|HP:0001263|HP:0002248|HP:0011451	RFT1:NM_052859:c.775+1G>C	GRCh37	not known	
PAVS_MASTER_0935	439_2017_1821_MOESM1_ESM.tsv	16W-0236	FEMALE	4	GENO:0000135	HP:0000256|HP:0001252|HP:0002240|HP:0002376	PLA2G6:NM_001004426:c.1771C>T	GRCh37	not known	
PAVS_MASTER_0936	439_2017_1821_MOESM1_ESM.tsv	16W-0237	MALE	1		HP:0002180|HP:0012824		GRCh37	not known	increased cerebral white matter intensity|suggestion: neurodegenerative disorder
PAVS_MASTER_0937	439_2017_1821_MOESM1_ESM.tsv	16W-0238	UNKNOWN_SEX	?	GENO:0000135	HP:0001250|HP:0001263|HP:0003128	NDUFS8:NM_002496:c.329G>A	GRCh37	not known	
PAVS_MASTER_0938	439_2017_1821_MOESM1_ESM.tsv	16W-0239	MALE	18	GENO:0000136	HP:0000729|HP:0000750|HP:0001249|HP:0001250|HP:0001946|HP:0012444	KIF7:NM_198525:c.3331C>T	GRCh37	not known	intellectual disability/MR|renal tuberculosis
PAVS_MASTER_0939	439_2017_1821_MOESM1_ESM.tsv	16W-0240	FEMALE	7	GENO:0000136	HP:0000750|HP:0001000|HP:0001250|HP:0001270|HP:0001595|HP:0002194	CEP290:NM_025114:c.4150C>T	GRCh37	not known	abnormal hair|fine motor delay
PAVS_MASTER_0940	439_2017_1821_MOESM1_ESM.tsv	16W-0241	FEMALE	2	GENO:0000136	HP:0009830	WNK1:NM_213655:c.2226dupC	GRCh37	not known	
PAVS_MASTER_0941	439_2017_1821_MOESM1_ESM.tsv	16W-0242	MALE	8		HP:0001250|HP:0001263|HP:0001324|HP:0001508		GRCh37	not known	significant onset of regression was at the age of 6 months
PAVS_MASTER_0942	439_2017_1821_MOESM1_ESM.tsv	16W-0243	MALE	1	GENO:0000136	HP:0001433|HP:0001876|HP:0001954|HP:0002716|HP:0004322	not known:NM_001033046:c.127G>A	GRCh37	not known	anemia/neutropenia/pancytopenia|?HLH|growth retardation/short stature
PAVS_MASTER_0943	439_2017_1821_MOESM1_ESM.tsv	16W-0244	MALE	9	GENO:0000136	HP:0001250|HP:0001257|HP:0001276|HP:0002376	L2HGDH:NM_024884:c.208C>T	GRCh37	not known	other psychiatric symptoms
PAVS_MASTER_0944	439_2017_1821_MOESM1_ESM.tsv	16W-0245	FEMALE	11	GENO:0000136	HP:0001270|HP:0001324|HP:0003546	SGCD:NM_001128209:c.336delC	GRCh37	not known	motor difficulties for early infant|exercise intolerance/easy fatigue|gradually got worse until 8 yrs age when he became wheelchair bound|very high CK > 3000
PAVS_MASTER_0945	439_2017_1821_MOESM1_ESM.tsv	16W-0246	FEMALE	9	GENO:0000135	HP:0000973|HP:0001508|HP:0001596|HP:0001638|HP:0001644|HP:0004322		GRCh37	not known	growth retardation/short stature|elbow hyper extensible|dilated cardiopathy|skin loose|abnormal hair: alopecia
PAVS_MASTER_0946	439_2017_1821_MOESM1_ESM.tsv	16W-0247	FEMALE	8	GENO:0000135	HP:0000316|HP:0000957|HP:0001249|HP:0001250|HP:0001251|HP:0001321|HP:0001328|HP:0001508|HP:0002007|HP:0002099	NF1:NM_000267:c.3827G>A	GRCh37	not known	hypertelorism of eye|intellectually disability/MR|abnormal pigmentation: cafe au lait spots|mild hypoplastic cerebellum|facial dysmorphism: frontal bossing|learning disability
PAVS_MASTER_0947	439_2017_1821_MOESM1_ESM.tsv	16W-0248	MALE	14	GENO:0000606	HP:0000750|HP:0001249|HP:0001270|HP:0001328|HP:0002194	MED12:NM_005120:c.4012A>T	GRCh37	not known	intellectually disability/MR IQ: 76|learning disability|fine motor delay
PAVS_MASTER_0948	439_2017_1821_MOESM1_ESM.tsv	16W-0249	FEMALE	1	GENO:0000135	HP:0006829	TPM2:NM_001301226:c.121G>A	GRCh37	not known	Severe neonatal hypotonia
PAVS_MASTER_0949	439_2017_1821_MOESM1_ESM.tsv	16W-0250/16N-0116	FEMALE	?	GENO:0000136		PSAT1:NM_021154:c.233G>C	GRCh37	not known	MCA
PAVS_MASTER_0950	439_2017_1821_MOESM1_ESM.tsv	16W-0253	MALE	9	GENO:0000136	HP:0000708|HP:0001324|HP:0001348|HP:0002359	not known:NM_019000:c.503C>G	GRCh37	not known	suspected HSP
PAVS_MASTER_0951	439_2017_1821_MOESM1_ESM.tsv	16W-0254	MALE	7	GENO:0000136	HP:0001873	SBF2:NM_030962:c.659C>G	GRCh37	not known	
PAVS_MASTER_0952	439_2017_1821_MOESM1_ESM.tsv	16W-0255	MALE	5	GENO:0000606	HP:0000545|HP:0000750|HP:0001249|HP:0001270|HP:0001328|HP:0001361|HP:0002194	not known:NM_001278740:c.513+4C>T	GRCh37	not known	intellectually disability/MR|fine motor delay|decreased vision|progressive myopia|head nodding nystagmus|learning disability
PAVS_MASTER_0953	439_2017_1821_MOESM1_ESM.tsv	16W-0256	MALE	24	GENO:0000136	HP:0001000		GRCh37	not known	abnormal nails: dystrophy|abnormal hair: sparse|abnormal pigmentation: hyperpigmented melanosis
PAVS_MASTER_0954	439_2017_1821_MOESM1_ESM.tsv	16W-0257	FEMALE	26	GENO:0000135	HP:0003811	MRPS22:NM_020191:c.716C>A	GRCh37	not known	Previous neonatal death
PAVS_MASTER_0955	439_2017_1821_MOESM1_ESM.tsv	16W-0259	MALE	51	GENO:0000135	HP:0001276|HP:0001324|HP:0002486	CPT2:NM_000098:c.887G>A	GRCh37	not known	creatine phosphokinase abnormalities|myotonic
PAVS_MASTER_0956	439_2017_1821_MOESM1_ESM.tsv	16W-0260	FEMALE	4	GENO:0000136	HP:0000252|HP:0000618|HP:0000750|HP:0001250|HP:0001252|HP:0001263|HP:0001270|HP:0001276|HP:0001324|HP:0001508|HP:0002194	ARNT2:NM_014862:c.147-1G>A	GRCh37	not known	metabolic tests unremarkable|fine motor delay
PAVS_MASTER_0957	439_2017_1821_MOESM1_ESM.tsv	16W-0261	FEMALE	13	GENO:0000136	HP:0000252|HP:0000510|HP:0000618|HP:0000750|HP:0001249|HP:0001251|HP:0001270|HP:0001328|HP:0002194	CRB1:NM_001193640:c.1898C>T	GRCh37	not known	intellectual disability/MR|autistic features|fine motor delay|high blindness|learning disability
PAVS_MASTER_0958	439_2017_1821_MOESM1_ESM.tsv	16W-0262	MALE	14	GENO:0000136	HP:0000767|HP:0001251|HP:0001761|HP:0002099	SCYL1:NM_001048218:c.1450C>T	GRCh37	not known	high arched foot
PAVS_MASTER_0959	439_2017_1821_MOESM1_ESM.tsv	16W-0263	FEMALE	13	GENO:0000135	HP:0000572	not known:NM_001100879:c.135T>A	GRCh37	not known	Severe acute loss of vision and enlarged optic nerve sheath on MRI
PAVS_MASTER_0960	439_2017_1821_MOESM1_ESM.tsv	16W-0264	FEMALE	9	GENO:0000135	HP:0000750	CUL7:NM_001168370:c.2689C>T	GRCh37	not known	dysmorphism delay speech
PAVS_MASTER_0961	439_2017_1821_MOESM1_ESM.tsv	16W-0265	MALE	2	GENO:0000136	HP:0000252|HP:0000750|HP:0001249|HP:0001250|HP:0001270|HP:0002194|HP:0004322	not known:NM_001271534:c.4132+2T>A	GRCh37	not known	intellectual disability/MR|growth retardation/short stature|fine motor delay
PAVS_MASTER_0962	439_2017_1821_MOESM1_ESM.tsv	16W-0266	FEMALE	7	GENO:0000135	HP:0000729|HP:0001249|HP:0001250|HP:0001508|HP:0001511|HP:0001562|HP:0003546	C19orf12:NM_001256047:c.161-1G>T	GRCh37	not known	seizure disorder|exercise intolerance/easy fatigue|autistic features
PAVS_MASTER_0963	439_2017_1821_MOESM1_ESM.tsv	16W-0267	MALE	2	GENO:0000135	HP:0000256|HP:0000750|HP:0001252|HP:0001270|HP:0002194	not known:NM_001294336:c.21+1G>C	GRCh37	not known	fine motor delay
PAVS_MASTER_0964	439_2017_1821_MOESM1_ESM.tsv	16W-0268	MALE	4	GENO:0000136	HP:0000776		GRCh37	not known	
PAVS_MASTER_0965	439_2017_1821_MOESM1_ESM.tsv	16W-0269	MALE	6	GENO:0000136		SLC26A3:NM_000111:c.559G>T	GRCh37	not known	Bartter syndrome
PAVS_MASTER_0966	439_2017_1821_MOESM1_ESM.tsv	16W-0270	MALE	24	GENO:0000135		NEFL:NM_006158:c.293A>G	GRCh37	not known	Charcot-Marie-Tooth
PAVS_MASTER_0967	439_2017_1821_MOESM1_ESM.tsv	16W-0271	MALE	30	GENO:0000136	HP:0001324|HP:0011675	DES:NM_001927:c.640G>T	GRCh37	not known	arrhythmia/conduction defect
PAVS_MASTER_0968	439_2017_1821_MOESM1_ESM.tsv	16W-0272	MALE	20	GENO:0000136	HP:0001324|HP:0001510|HP:0001638|HP:0002194|HP:0002808|HP:0003198	SGCA:NM_001135697:c.608_609insCG	GRCh37	not known	creatine phosphokinase abnormalities|growth retardation/conduction defect|myopathy plus cardiomyopathy
PAVS_MASTER_0969	439_2017_1821_MOESM1_ESM.tsv	16W-0273	FEMALE	11		HP:0009830		GRCh37	not known	progressive neuropathy of mainly motor type|lower limb more affected than upper limb
PAVS_MASTER_0970	439_2017_1821_MOESM1_ESM.tsv	16W-0275	FEMALE	23	GENO:0000136	HP:0001789	GUSB:NM_001284290:c.991C>T	GRCh37	not known	
PAVS_MASTER_0971	439_2017_1821_MOESM1_ESM.tsv	16W-0276	FEMALE	3	GENO:0000136	HP:0001250|HP:0001508|HP:0002652|HP:0100651	EIF2AK3:NM_001313915:c.956C>G	GRCh37	not known	
PAVS_MASTER_0972	439_2017_1821_MOESM1_ESM.tsv	16W-0277	MALE	2	GENO:0000136	HP:0000871|HP:0001249|HP:0001252|HP:0001274|HP:0001287|HP:0001508|HP:0001510|HP:0001943|HP:0011734|HP:0011787	HID1:NM_030630:c.2318dupC	GRCh37	not known	intellectual disability/MR|Agenesis for corpus callosum|2 sons of his aunt dies with similar problem but no diagnosis|post meningitis|Growth retardation/short stature|similar F/H form sever maternal cousins (males) likely X- linked one bother dies at age of 6 months
PAVS_MASTER_0973	439_2017_1821_MOESM1_ESM.tsv	16W-0278	MALE	5	GENO:0000136	HP:0001250|HP:0002376	GALC:NM_001201401:c.788G>A	GRCh37	not known	normal hearing and vision
PAVS_MASTER_0974	439_2017_1821_MOESM1_ESM.tsv	16W-0279	MALE	21		HP:0000733|HP:0001263|HP:0001999		GRCh37	not known	MR|sister with same condition|dysmorphic features|stereotype movement
PAVS_MASTER_0975	439_2017_1821_MOESM1_ESM.tsv	16W-0280	FEMALE	13		HP:0001250|HP:0002073|HP:0002283		GRCh37	not known	1 episode of seizures 5 months ago
PAVS_MASTER_0976	439_2017_1821_MOESM1_ESM.tsv	16W-0281	FEMALE	8		HP:0000238|HP:0002410|HP:0004322		GRCh37	not known	
PAVS_MASTER_0977	439_2017_1821_MOESM1_ESM.tsv	16W-0282	FEMALE	14	GENO:0000136	HP:0000252|HP:0000518|HP:0000750|HP:0001249	not known:NM_001185127:c.175G>A	GRCh37	not known	intellectual disability/MR
PAVS_MASTER_0978	439_2017_1821_MOESM1_ESM.tsv	16W-0283	MALE	24	GENO:0000136	HP:0001332	not known:NM_033318:c.255C>G	GRCh37	not known	LGMD?
PAVS_MASTER_0979	439_2017_1821_MOESM1_ESM.tsv	16W-0284	MALE	5		HP:0000750|HP:0001249|HP:0001250|HP:0001252|HP:0001270|HP:0001328|HP:0001332|HP:0002194|HP:0002878|HP:0011471		GRCh37	not known	intellectual disability/MR|Fine motor delay|chronic respiratory failure|feeding throw GT|learning disability
PAVS_MASTER_0980	439_2017_1821_MOESM1_ESM.tsv	16W-0285	FEMALE	6		HP:0000202|HP:0000252|HP:0000750|HP:0001249		GRCh37	not known	intellectual disability/MR
PAVS_MASTER_0981	439_2017_1821_MOESM1_ESM.tsv	16W-0286	FEMALE	4	GENO:0000136	HP:0000252|HP:0000750|HP:0001249|HP:0001252|HP:0001257|HP:0001270|HP:0001508|HP:0002090|HP:0002194|HP:0032794	AMPD2:NM_203404:c.1664G>A	GRCh37	not known	intellectual disability/MR|seizures - myoclonic|positive F/H of dandy walker malformation|fine motor delay|prematurity
PAVS_MASTER_0982	439_2017_1821_MOESM1_ESM.tsv	16W-0288	MALE	7	GENO:0000136	HP:0000750|HP:0001249|HP:0001270|HP:0001508|HP:0001999|HP:0002194|HP:0012444	not known:NM_021821:c.112+1->T	GRCh37	not known	intellectual disability/MR|abnormal shape of skull and limbs|fine motor delay
PAVS_MASTER_0983	439_2017_1821_MOESM1_ESM.tsv	16W-0289	MALE	8	GENO:0000136	HP:0000639|HP:0000750|HP:0001249|HP:0001257|HP:0001270|HP:0001276|HP:0002194|HP:0002415	CLN8:NM_018941:c.601T>A	GRCh37	not known	intellectual disability/MR|Fine motor delay|White matter changes
PAVS_MASTER_0984	439_2017_1821_MOESM1_ESM.tsv	16W-0290	FEMALE	21	GENO:0000136	HP:0000238|HP:0000365|HP:0001250|HP:0001252|HP:0001324|HP:0001999|HP:0002650|HP:0003546		GRCh37	not known	exercise intolerance/easy fatigue|Joubert syndrome
PAVS_MASTER_0985	439_2017_1821_MOESM1_ESM.tsv	16W-0291	MALE	?	GENO:0000136	HP:0001328|HP:0001508|HP:0002061|HP:0002352	PHKA1:NM_001122670:c.1174C>T	GRCh37	not known	spasticity of the lower limbs|learning disability|Dystonic posturing of the upper limbs
PAVS_MASTER_0986	439_2017_1821_MOESM1_ESM.tsv	16W-0292	FEMALE	25	GENO:0000135	HP:0001324	not known:NM_001005214:c.659delT	GRCh37	not known	
PAVS_MASTER_0987	439_2017_1821_MOESM1_ESM.tsv	16W-0293	MALE	?	GENO:0000136	HP:0001252|HP:0001332|HP:0002352	TUBB4A:NM_001289130:c.632C>A	GRCh37	not known	no seizures
PAVS_MASTER_0988	439_2017_1821_MOESM1_ESM.tsv	16W-0295	FEMALE	5	GENO:0000135	HP:0001508|HP:0001999	not known:NM_001042424:c.2518+1G>A	GRCh37	not known	
PAVS_MASTER_0989	439_2017_1821_MOESM1_ESM.tsv	16W-0297	FEMALE	9		HP:0000252|HP:0000750|HP:0001249|HP:0001270|HP:0001339|HP:0001508|HP:0001510|HP:0002194		GRCh37	not known	fine motor delay
PAVS_MASTER_0990	439_2017_1821_MOESM1_ESM.tsv	16W-0299	FEMALE	3	GENO:0000135	HP:0000750|HP:0001249|HP:0001270|HP:0001508|HP:0002194	CREBBP:NM_001079846:c.5524C>T	GRCh37	not known	Fine motor delay
PAVS_MASTER_0991	439_2017_1821_MOESM1_ESM.tsv	16W-0300 also 16D-2421	MALE	6	GENO:0000135		SCN1A:NM_001165963:c.2738G>T	GRCh37	not known	FMR1 gene?
PAVS_MASTER_0992	439_2017_1821_MOESM1_ESM.tsv	16W-0301	MALE	1	GENO:0000135	HP:0000618|HP:0000750|HP:0001249|HP:0001252|HP:0001270|HP:0001336|HP:0001508|HP:0001954|HP:0002069|HP:0002194|HP:0002578	ARV1:NM_022786:c.565G>A	GRCh37	not known	seizure GTC|Fine motor delay|Myoclonic|intellectual disability/ MR
PAVS_MASTER_0993	439_2017_1821_MOESM1_ESM.tsv	16W-0302	MALE	7	GENO:0000135	HP:0000750|HP:0001249|HP:0001250|HP:0001631|HP:0001643	KMT2A:NM_001197104:c.8842A>C	GRCh37	not known	
PAVS_MASTER_0994	439_2017_1821_MOESM1_ESM.tsv	16W-0304	MALE	11	GENO:0000136	HP:0000750|HP:0001249|HP:0001250|HP:0002194	not known:NM_015458:c.1415A>T	GRCh37	not known	2 sisters are similarly affected|intellectual disability/ MR
PAVS_MASTER_0995	439_2017_1821_MOESM1_ESM.tsv	16W-0306	FEMALE	30				GRCh37	not known	No clinical data provided
PAVS_MASTER_0996	439_2017_1821_MOESM1_ESM.tsv	16W-0307	FEMALE	16	GENO:0000135	HP:0003323	CHMP2B:NM_014043:c.85A>G	GRCh37	not known	Progressive muscle weakness and short stature
PAVS_MASTER_0997	439_2017_1821_MOESM1_ESM.tsv	16W-0308	FEMALE	12	GENO:0000136	HP:0000252|HP:0001249|HP:0001270|HP:0001328|HP:0007018	not known:NM_020872:c.2309C>T	GRCh37	not known	intellectual disability/MR|child of 5204226|mild motor delay|severe ADHD|420458|learning disability
PAVS_MASTER_0998	439_2017_1821_MOESM1_ESM.tsv	16W-0311	FEMALE	6	GENO:0000135	HP:0001263|HP:0001999	SMARCA4:NM_001128845:c.2681C>T	GRCh37	not known	paternal cousin with DD and hearing loss|siblings healthy|eye glasses and tube insertion?|Dysmorphic features|F/H of neonatal jaundice due to ABO incompatibility
PAVS_MASTER_0999	439_2017_1821_MOESM1_ESM.tsv	16W-0312	MALE	4	GENO:0000136	HP:0000496|HP:0000750|HP:0001252|HP:0001336|HP:0002194|HP:0032245	not known:NM_001007269:c.154G>A	GRCh37	not known	normal MRI|myoclonic but no seizures|normal metabolic|abnormal movements
PAVS_MASTER_1000	439_2017_1821_MOESM1_ESM.tsv	16W-0313	FEMALE	5	GENO:0000136	HP:0000252|HP:0002376|HP:0012828	not known:NM_001282470:c.2479T>G	GRCh37	not known	patient niece have severe GDD|patient sister died at 3 ys old with GDD
PAVS_MASTER_1001	439_2017_1821_MOESM1_ESM.tsv	16W-0314	FEMALE	7 months	GENO:0000135	HP:0000256|HP:0001999	BRPF1:NM_001003694:c.2600C>T	GRCh37	not known	deletion Ch8|dysmorphic|duplication of Ch9
PAVS_MASTER_1002	439_2017_1821_MOESM1_ESM.tsv	16W-0315	MALE	11	GENO:0000136	HP:0000618|HP:0001250	MFSD8:NM_152778:c.1235C>T	GRCh37	not known	Autistic features|neuropsychiatric problems
PAVS_MASTER_1003	439_2017_1821_MOESM1_ESM.tsv	16W-0316	MALE	28		HP:0100614		GRCh37	not known	Dermatomyositis
PAVS_MASTER_1004	439_2017_1821_MOESM1_ESM.tsv	16W-0317	MALE	3		HP:0001270|HP:0001508|HP:0002019		GRCh37	not known	fine/ gross motor delay
PAVS_MASTER_1005	439_2017_1821_MOESM1_ESM.tsv	16W-0318	FEMALE	10	GENO:0000135	HP:0004322	not known:NM_020943:c.2305_2306del	GRCh37	not known	and progressive bowing of both legs. DNA analysis for ALPL gen and FGF23 gene are normal (no mutation detected). Skeletal dysplasia of unknown origin
PAVS_MASTER_1006	439_2017_1821_MOESM1_ESM.tsv	16W-0319	FEMALE	6	GENO:0000136	HP:0000733|HP:0000750|HP:0001249|HP:0001250|HP:0001252|HP:0001257|HP:0001263|HP:0001270|HP:0001332|HP:0002069|HP:0002194	not known:NM_001004326:c.763+1G>A	GRCh37	not known	seizures (GTC)|Fine motor delay|intellectual disability learning disability|stereotypic behaviors
PAVS_MASTER_1007	439_2017_1821_MOESM1_ESM.tsv	16W-0320	MALE	4	GENO:0000135	HP:0001332	not known:NM_001085454:c.611T>A	GRCh37	not known	
PAVS_MASTER_1008	439_2017_1821_MOESM1_ESM.tsv	16W-0321	FEMALE	12	GENO:0000136	HP:0002650|HP:0007340	PIEZO2:NM_022068:c.273_279del	GRCh37	not known	Severe lower limb weakness|severe progressive scoliosis|no arthrogryposis|suspected SMA
PAVS_MASTER_1009	439_2017_1821_MOESM1_ESM.tsv	16W-0323	FEMALE	7	GENO:0000136	HP:0000252|HP:0001250|HP:0001257|HP:0012444	not known:NM_080658:c.512C>A	GRCh37	not known	
PAVS_MASTER_1010	439_2017_1821_MOESM1_ESM.tsv	16W-0325	FEMALE	15	GENO:0000136	HP:0000750|HP:0001249|HP:0001263	VDR:NM_000376:c.885C>A	GRCh37	not known	known case of developmental delay|intellectual disability learning disability
PAVS_MASTER_1011	439_2017_1821_MOESM1_ESM.tsv	16W-0326	FEMALE	6	GENO:0000136	HP:0005684	AGRN:NM_198576:c.4178C>T	GRCh37	not known	multiple congenital|Contractures (distal arthrogryposis)
PAVS_MASTER_1012	439_2017_1821_MOESM1_ESM.tsv	16W-0327	MALE	33	GENO:0000135	HP:0001263	EOGT:NM_001278689:c.562A>T	GRCh37	not known	Abnormal SNP result|to check for parents
PAVS_MASTER_1013	439_2017_1821_MOESM1_ESM.tsv	16W-0328	MALE	11	GENO:0000135	HP:0000001|HP:0001000|HP:0001263|HP:0007018|HP:0007206	TYRP1:NM_000550:c.1557T>G	GRCh37	not known	normal karyotype|Hemimegaloencephaly|all over the body
PAVS_MASTER_1014	439_2017_1821_MOESM1_ESM.tsv	16W-0331	FEMALE	2 months	GENO:0000135	HP:0001252|HP:0001511|HP:0006970	not known:680960_680961del)	GRCh37	not known	prematurity
PAVS_MASTER_1015	439_2017_1821_MOESM1_ESM.tsv	16W-0332	FEMALE	28	GENO:0000136	HP:0001288	TBP:NM_001172085:c.171delG	GRCh37	not known	difficulty in walking and abnormal movement.|familial disease with mental subnormality
PAVS_MASTER_1016	439_2017_1821_MOESM1_ESM.tsv	16W-0333	FEMALE	9	GENO:0000136	HP:0000729|HP:0001249|HP:0007018	not known:NM_022131:c.2296C>T	GRCh37	not known	
PAVS_MASTER_1017	439_2017_1821_MOESM1_ESM.tsv	17-1684	MALE	?	GENO:0000136	HP:0000662	SLC17A5:NM_012434:c.308G>A	GRCh37	not known	NIHF
PAVS_MASTER_1018	439_2017_1821_MOESM1_ESM.tsv	negative	MALE	44				GRCh37	not known	GI Panel sibling of 16N-0598
PAVS_MASTER_1019	439_2017_1821_MOESM1_ESM.tsv		FEMALE	?				GRCh37	not known	CLP and multiple congenital anomalies
PAVS_MASTER_1020	Manually curated Data.tsv	PAVS1	UNKNOWN_SEX			HP:0000551|HP:0000613|HP:0000662|HP:0007401|HP:0007703	not known:112,309,575–112,815,205	GRCh37	not known	
PAVS_MASTER_1021	Manually curated Data.tsv	PAVS2	UNKNOWN_SEX			HP:0000510	CDHR1:NM_033100.3:c.476C>A	GRCh37	not known	
PAVS_MASTER_1022	Manually curated Data.tsv	PAVS3	UNKNOWN_SEX			HP:0007875	GUCY2D:NM_000180.3:c.416T>C	GRCh37	OMIM:204000	LEBER CONGENITAL AMAUROSIS 1|LCA1(OMIM:204000)
PAVS_MASTER_1023	Manually curated Data.tsv	PAVS4	UNKNOWN_SEX			HP:0001139	CHM:NM_000390.2:c.1144G>T	GRCh37	not known	
PAVS_MASTER_1024	Manually curated Data.tsv	PAVS5	UNKNOWN_SEX			HP:0000510	CDHR1:NM_033100.3:c.1536T>A	GRCh37	not known	
PAVS_MASTER_1025	Manually curated Data.tsv	PAVS6	UNKNOWN_SEX			HP:0000510	ABCA4:NM_000350.2:c.5391_5392del	GRCh37	not known	
PAVS_MASTER_1026	Manually curated Data.tsv	PAVS7	UNKNOWN_SEX			HP:0000510|HP:0000548	ABCA4:NM_000350.2:c.4867G>C	GRCh37	not known	
PAVS_MASTER_1027	Manually curated Data.tsv	PAVS8	UNKNOWN_SEX			HP:0000510	CRX:NM_000554.4:c.695del	GRCh37	not known	
PAVS_MASTER_1028	Manually curated Data.tsv	PAVS9	UNKNOWN_SEX			HP:0000510	ABCA4:NM_000350.2:c.1630_1633dup	GRCh37	not known	
PAVS_MASTER_1029	Manually curated Data.tsv	PAVS10	UNKNOWN_SEX			HP:0000510|HP:0000548	ABCA4:NM_000350.2:c.1630_1633dup	GRCh37	not known	
PAVS_MASTER_1030	Manually curated Data.tsv	PAVS11	UNKNOWN_SEX			HP:0000510	PROM1:NM_006017.2:c.2130+2delT	GRCh37	not known	
PAVS_MASTER_1031	Manually curated Data.tsv	PAVS12	UNKNOWN_SEX			HP:0007875	AIPL1:NM_014336.4:c.178dup	GRCh37	not known	Leber congenital amaurosis
PAVS_MASTER_1032	Manually curated Data.tsv	PAVS13	UNKNOWN_SEX			HP:0000510	CRX:NM_000554.4:c.274G>A	GRCh37	not known	
PAVS_MASTER_1033	Manually curated Data.tsv	PAVS14	UNKNOWN_SEX			HP:0007875	TULP1:NM_003322.4:c.180del	GRCh37	not known	Leber congenital amaurosis
PAVS_MASTER_1034	Manually curated Data.tsv	PAVS15	UNKNOWN_SEX			HP:0007875	RPGRIP1:NM_020366.3:c.2876del	GRCh37	OMIM:613826	LCA6 (OMIM:613826)|LEBER CONGENITAL AMAUROSIS 6
PAVS_MASTER_1035	Manually curated Data.tsv	PAVS16	UNKNOWN_SEX				NR2E3:NM_014249.3:c.926G>T	GRCh37	not known	Goldmann Favre Disease
PAVS_MASTER_1036	Manually curated Data.tsv	PAVS17	UNKNOWN_SEX			HP:0007875	PDE6C:NM_006204.3:c.1613T>C	GRCh37	not known	Leber congenital amaurosis
PAVS_MASTER_1037	Manually curated Data.tsv	PAVS18	UNKNOWN_SEX				NR2E3:NM_014249.3:c.646G>A	GRCh37	not known	Goldmann Favre Disease
PAVS_MASTER_1038	Manually curated Data.tsv	PAVS19	UNKNOWN_SEX			HP:0000510	CDHR1:NM_033100.3:c.709del	GRCh37	not known	
PAVS_MASTER_1039	Manually curated Data.tsv	PAVS20	UNKNOWN_SEX			HP:0000510	CRB1:NM_201253.3:c.2330_2336del	GRCh37	not known	
PAVS_MASTER_1040	Manually curated Data.tsv	PAVS21	UNKNOWN_SEX			HP:0000510	RLBP1:NM_000326.4:c.286_297del	GRCh37	not known	
PAVS_MASTER_1041	Manually curated Data.tsv	PAVS22	UNKNOWN_SEX			HP:0007875	CNNM4:NM_020184.3:c.734C>T	GRCh37	not known	Leber congenital amaurosis
PAVS_MASTER_1042	Manually curated Data.tsv	PAVS23	UNKNOWN_SEX				PRPH2:NM_000322.4:c.497G>A	GRCh37	not known	Goldmann Favre Disease
PAVS_MASTER_1043	Manually curated Data.tsv	PAVS24	UNKNOWN_SEX			HP:0000510	ABCA4:NM_000350.2:c.2815G>T	GRCh37	not known	
PAVS_MASTER_1044	Manually curated Data.tsv	PAVS25	UNKNOWN_SEX			HP:0000510|HP:0000548	PDE6C:NM_006204.3:c.939+5G>A	GRCh37	not known	
PAVS_MASTER_1045	Manually curated Data.tsv	PAVS26	UNKNOWN_SEX			HP:0000510	EYS:NM_001142800.1:c.179del	GRCh37	not known	
PAVS_MASTER_1046	Manually curated Data.tsv	PAVS27	UNKNOWN_SEX			HP:0007875	PDE6B:NM_000283.3:c.922+1G>A	GRCh37	not known	Leber congenital amaurosis
PAVS_MASTER_1047	Manually curated Data.tsv	PAVS28	UNKNOWN_SEX				LRP5:NM_002335.3:c.685C>T	GRCh37	OMIM:601813	EXUDATIVE VITREORETINOPATHY 4|EVR4(OMIM:601813)
PAVS_MASTER_1048	Manually curated Data.tsv	PAVS29	UNKNOWN_SEX			HP:0000510	SNRNP200:NM_014014.4:c.6308A>G	GRCh37	not known	
PAVS_MASTER_1049	Manually curated Data.tsv	PAVS30	UNKNOWN_SEX			HP:0000510|HP:0000548	ABCA4:NM_000350.2:c.1630_1633dup	GRCh37	not known	
PAVS_MASTER_1050	Manually curated Data.tsv	PAVS31	UNKNOWN_SEX			HP:0007875	SPATA7:NM_018418.4:c.288T>A	GRCh37	OMIM:604232	LEBER CONGENITAL AMAUROSIS 3|LCA3(OMIM:604232)
PAVS_MASTER_1051	Manually curated Data.tsv	PAVS32	UNKNOWN_SEX			HP:0007875	SPATA7:NM_018418.4:c.288T>A	GRCh37	OMIM:604232	LEBER CONGENITAL AMAUROSIS 3|LCA3(OMIM:604232)
PAVS_MASTER_1052	Manually curated Data.tsv	PAVS33	UNKNOWN_SEX			HP:0000510	SPATA7:NM_018418.4:c.288T>A	GRCh37	not known	
PAVS_MASTER_1053	Manually curated Data.tsv	PAVS34	UNKNOWN_SEX			HP:0007875	SPATA7:NM_018418.4:c.288T>A	GRCh37	OMIM:604232	LEBER CONGENITAL AMAUROSIS 3|LCA3(OMIM:604232)
PAVS_MASTER_1054	Manually curated Data.tsv	PAVS35	UNKNOWN_SEX			HP:0007642	GPR179:NM_001004334.2:c.864G>A	GRCh37	not known	
PAVS_MASTER_1055	Manually curated Data.tsv	PAVS36	UNKNOWN_SEX			HP:0000510|HP:0000548	ALMS1:NM_015120.4:c.767G>A	GRCh37	not known	
PAVS_MASTER_1056	Manually curated Data.tsv	PAVS37	UNKNOWN_SEX			HP:0000510	ARL6:NM_177976.2:c.362G>A	GRCh37	not known	
PAVS_MASTER_1057	Manually curated Data.tsv	PAVS38	UNKNOWN_SEX			HP:0000510	IMPG2:NM_016247.3:c.2274G>A	GRCh37	not known	
PAVS_MASTER_1058	Manually curated Data.tsv	PAVS39	UNKNOWN_SEX			HP:0000510	ABCA4:NM_000350.2:c.1140T>A	GRCh37	not known	
PAVS_MASTER_1059	Manually curated Data.tsv	PAVS40	UNKNOWN_SEX			HP:0000510	CERKL:NM_001030311.2:c.890T>C	GRCh37	not known	
PAVS_MASTER_1060	Manually curated Data.tsv	PAVS41	UNKNOWN_SEX			HP:0000510	RPE65:NM_000329.2:c.1366del	GRCh37	not known	
PAVS_MASTER_1061	Manually curated Data.tsv	PAVS42	UNKNOWN_SEX			HP:0007875	AIPL1:NM_014336.4:c.178dup	GRCh37	OMIM:604393	LCA4(OMIM:604393)|LEBER CONGENITAL AMAUROSIS 4
PAVS_MASTER_1062	Manually curated Data.tsv	PAVS43	UNKNOWN_SEX			HP:0000510	SNRNP200:NM_014014.4:c.2593G>A	GRCh37	not known	
PAVS_MASTER_1063	Manually curated Data.tsv	PAVS44	UNKNOWN_SEX			HP:0000510	BBS4:NM_033028.4:c.1311_1312insT	GRCh37	not known	
PAVS_MASTER_1064	Manually curated Data.tsv	PAVS45	UNKNOWN_SEX			HP:0000510	PROM1:NM_006017.2:c.604C>G	GRCh37	not known	
PAVS_MASTER_1065	Manually curated Data.tsv	PAVS46	UNKNOWN_SEX			HP:0000510|HP:0000548	TRPM1:NM_002420.5:c.2_3inv	GRCh37	not known	
PAVS_MASTER_1066	Manually curated Data.tsv	PAVS47	UNKNOWN_SEX			HP:0000510	IMPG2:NM_016247.3:c.2274G>A	GRCh37	not known	
PAVS_MASTER_1067	Manually curated Data.tsv	PAVS48	UNKNOWN_SEX			HP:0007875	LCA5:NM_181714.3:c.1020del	GRCh37	OMIM:604537	LCA5(OMIM:604537)|LEBER CONGENITAL AMAUROSIS 5
PAVS_MASTER_1068	Manually curated Data.tsv	PAVS49	UNKNOWN_SEX			HP:0000510	MERTK:NM_006343.2:c.325A>T	GRCh37	not known	
PAVS_MASTER_1069	Manually curated Data.tsv	PAVS50	UNKNOWN_SEX			HP:0000510|HP:0000548	PDE6C:NM_006204.3:c.1946T>C	GRCh37	not known	
PAVS_MASTER_1070	Manually curated Data.tsv	PAVS51	UNKNOWN_SEX			HP:0000510|HP:0000548	RGS9BP:NM_207391.2:c.330_342del	GRCh37	not known	
PAVS_MASTER_1071	Manually curated Data.tsv	PAVS52	UNKNOWN_SEX			HP:0007875	CNGA3:NM_001298.2:c.955T>C	GRCh37	not known	
PAVS_MASTER_1072	Manually curated Data.tsv	PAVS53	UNKNOWN_SEX			HP:0000510	IMPG2:NM_016247.3:c.513T>G	GRCh37	not known	
PAVS_MASTER_1073	Manually curated Data.tsv	PAVS54	UNKNOWN_SEX			HP:0000510	WDR19:NM_025132.3:c.2777G>T	GRCh37	not known	
PAVS_MASTER_1074	Manually curated Data.tsv	PAVS55	UNKNOWN_SEX			HP:0000510	TULP1:NM_003322.4:c.1256G>A	GRCh37	not known	
PAVS_MASTER_1075	Manually curated Data.tsv	PAVS56	UNKNOWN_SEX			HP:0000510	RP2:NM_006915.2:c.2T>C	GRCh37	not known	
PAVS_MASTER_1076	Manually curated Data.tsv	PAVS57	UNKNOWN_SEX			HP:0000510	CNGB1:NM_001297.4:c.2294G>T	GRCh37	not known	
PAVS_MASTER_1077	Manually curated Data.tsv	PAVS58	UNKNOWN_SEX			HP:0000510	IMPG2:NM_016247.3:c.2274G>A	GRCh37	not known	
PAVS_MASTER_1078	Manually curated Data.tsv	PAVS59	UNKNOWN_SEX			HP:0007875	GUCY2D:NM_000180.3:c.527T>C	GRCh37	OMIM:204000	LEBER CONGENITAL AMAUROSIS 1|LCA1(OMIM:204000)
PAVS_MASTER_1079	Manually curated Data.tsv	PAVS60	UNKNOWN_SEX			HP:0000510	RP1L1:NM_178857.5:c.5959C>T	GRCh37	not known	
PAVS_MASTER_1080	Manually curated Data.tsv	PAVS61	UNKNOWN_SEX			HP:0000510	MERTK:NM_006343.2:c.1604+2T>G	GRCh37	not known	
PAVS_MASTER_1081	Manually curated Data.tsv	PAVS62	UNKNOWN_SEX			HP:0000510	CNGA3:NM_001298.2:c.2050G>A	GRCh37	not known	
PAVS_MASTER_1082	Manually curated Data.tsv	PAVS63	UNKNOWN_SEX			HP:0007754	ABCA4:NM_000350.2:c.4852T>A	GRCh37	not known	
PAVS_MASTER_1083	Manually curated Data.tsv	PAVS64	UNKNOWN_SEX			HP:0000556	ABCA4:NM_000350.2:c.4867G>C	GRCh37	not known	
PAVS_MASTER_1084	Manually curated Data.tsv	PAVS65	UNKNOWN_SEX			HP:0007875	GUCY2D:NM_000180.3:c.914del	GRCh37	OMIM:204000	LEBER CONGENITAL AMAUROSIS 1|LCA1(OMIM:204000)
PAVS_MASTER_1085	Manually curated Data.tsv	PAVS66	UNKNOWN_SEX			HP:0000510	MERTK:NM_006343.2:c.2262C>G	GRCh37	not known	
PAVS_MASTER_1086	Manually curated Data.tsv	PAVS67	UNKNOWN_SEX			HP:0007875	RPGRIP1:NM_020366.3:c.487del	GRCh37	OMIM:613826	LCA6 (OMIM:613826)|LEBER CONGENITAL AMAUROSIS 6
PAVS_MASTER_1087	Manually curated Data.tsv	PAVS68	UNKNOWN_SEX				IMPG2:NM_016247.3:c.380G>C	GRCh37	not known	Goldmann Favre Disease
PAVS_MASTER_1088	Manually curated Data.tsv	PAVS69	UNKNOWN_SEX			HP:0000510	ABCA4:NM_000350.2:c.5391_5392del	GRCh37	not known	
PAVS_MASTER_1089	Manually curated Data.tsv	PAVS70	UNKNOWN_SEX			HP:0000510	GPR179:NM_001004334.3:c.349G>A	GRCh37	not known	
PAVS_MASTER_1090	Manually curated Data.tsv	PAVS71	UNKNOWN_SEX			HP:0000510	PDE6B:NM_000283.3:c.992+1G>A	GRCh37	not known	
PAVS_MASTER_1091	Manually curated Data.tsv	PAVS72	UNKNOWN_SEX				USH2A:NM_206933.2:c.4429G>T	GRCh37	OMIM:276901	Duane retraction syndrome(% 126800)|TYPE IIA|USHER SYNDROME|USH2A(OMIM:276901)
PAVS_MASTER_1092	Manually curated Data.tsv	PAVS73	UNKNOWN_SEX				ALMS1:NM_015120.4:c.849dup	GRCh37	OMIM:203800	ALMS(OMIM:203800)|ALSTROM SYNDROME
PAVS_MASTER_1093	Manually curated Data.tsv	PAVS74	UNKNOWN_SEX				ALMS1:NM_015120.4:c.2729C>G	GRCh37	OMIM:203800	ALMS(OMIM:203800)|ALSTROM SYNDROME
PAVS_MASTER_1094	Manually curated Data.tsv	PAVS75	UNKNOWN_SEX				MYO7A:NM_000260.3:c.3591_3592del	GRCh37	OMIM:276900	USH1(OMIM:276900)|TYPE I|USHER SYNDROME
PAVS_MASTER_1095	Manually curated Data.tsv	PAVS76	UNKNOWN_SEX				ALMS1:NM_015120.4:c.1674del	GRCh37	OMIM:203800	ALMS(OMIM:203800)|ALSTROM SYNDROME
PAVS_MASTER_1096	Manually curated Data.tsv	PAVS77	UNKNOWN_SEX				BBS2:NM_031885.3:c.508G>A	GRCh37	OMIM:615981	BARDET-BIEDL SYNDROME 2|BBS2(OMIM:615981)
PAVS_MASTER_1097	Manually curated Data.tsv	PAVS78	UNKNOWN_SEX				BBS5:NM_152384.2:c.955_957del	GRCh37	OMIM:615983	BBS5 (OMIM:615983)|BARDET-BIEDL SYNDROME 5
PAVS_MASTER_1098	Manually curated Data.tsv	PAVS79	UNKNOWN_SEX			HP:0000510|HP:0001513|HP:0001999	JAG1:NM_000214.2:c.1481dup	GRCh37	not known	
PAVS_MASTER_1099	Manually curated Data.tsv	PAVS80	UNKNOWN_SEX			HP:0001250	RLBP1:NM_000326.4:c.773T>G	GRCh37	not known	Fundus flavimaculatus
PAVS_MASTER_1100	Manually curated Data.tsv	PAVS81	UNKNOWN_SEX				BBS9:NM_198428.2:c.263C>A	GRCh37	OMIM:615986	BBS9(OMIM:615986)|BARDET-BIEDL SYNDROME 9
PAVS_MASTER_1101	Manually curated Data.tsv	PAVS82	UNKNOWN_SEX				BBS10:NM_024685.3:c.1892_1896del	GRCh37	OMIM:615987	BARDET-BIEDL SYNDROME 10|BBS10(OMIM:615987)
PAVS_MASTER_1102	Manually curated Data.tsv	PAVS83	UNKNOWN_SEX			HP:0000482	ADAMTS18:NM_199355.2:c.1298C>A	GRCh37	OMIM:615458	MYOPIC CHORIORETINAL ATROPHY|AND TELECANTHUS|MMCAT(OMIM:615458)
PAVS_MASTER_1103	Manually curated Data.tsv	PAVS84	UNKNOWN_SEX			HP:0000510|HP:0004313	not known:NM_018163:c.681G>A	GRCh37	not known	
PAVS_MASTER_1104	Manually curated Data.tsv	PAVS85	UNKNOWN_SEX				BBS10:NM_024685.3:c.1892_1896del	GRCh37	OMIM:615987	BARDET-BIEDL SYNDROME 10|BBS10(OMIM:615987)
PAVS_MASTER_1105	Manually curated Data.tsv	PAVS86	UNKNOWN_SEX				LAMA1:NM_005559.3:c.7160G>A	GRCh37	OMIM:615960	PTBHS(OMIM:615960)|PORETTI-BOLTSHAUSER SYNDROME
PAVS_MASTER_1106	Manually curated Data.tsv	PAVS87	UNKNOWN_SEX			HP:0000510	GNS:NM_002076.4:c.83del	GRCh37	OMIM:252940	MPS3D(OMIM:252940)|TYPE IIID|MUCOPOLYSACCHARIDOSIS
PAVS_MASTER_1107	Manually curated Data.tsv	PAVS88	UNKNOWN_SEX			HP:0000510|HP:0000774|HP:0004322	not known:NM_001271441.1:c.1000-23A>T	GRCh37	not known	
PAVS_MASTER_1108	Manually curated Data.tsv	PAVS89	UNKNOWN_SEX				RPGR:NM_000328.3:c.1544T>G	GRCh37	OMIM:300029	RETINITIS PIGMENTOSA 3|LEBER CONGENITAL AMAUROSIS|RP3(OMIM:300029)
PAVS_MASTER_1109	Manually curated Data.tsv	PAVS90	UNKNOWN_SEX			HP:0007875	CEP290:NM_025114.4:c.6012-2A>G	GRCh37	OMIM:611755	LCA10(OMIM:611755)|LEBER CONGENITAL AMAUROSIS 10
PAVS_MASTER_1110	Manually curated Data.tsv	PAVS91	UNKNOWN_SEX			HP:0007875	CRB1:NM_201253.3:c.1180T>C	GRCh37	OMIM:613835	LEBER CONGENITAL AMAUROSIS 8|LCA8 (OMIM:613835)
PAVS_MASTER_1111	Manually curated Data.tsv	PAVS92	UNKNOWN_SEX			HP:0007875	GUCY2D:NM_000180.4:c.1401dupT|RDH12:NM_152443.1:c.917T>G	GRCh37	OMIM:204000	LEBER CONGENITAL AMAUROSIS 1|LCA1(OMIM:204000)
PAVS_MASTER_1112	Manually curated Data.tsv	PAVS93	UNKNOWN_SEX			HP:0007875	GUCY2D:NM_000180.4:c.1401dupT|RDH12:NM_152443.1:c.917T>G	GRCh37	OMIM:204000	LEBER CONGENITAL AMAUROSIS 1|LCA1(OMIM:204000)
PAVS_MASTER_1113	Manually curated Data.tsv	PAVS94	UNKNOWN_SEX			HP:0007875	LCA5:NM_181714.4:c.763C>T|ABCA4:NM_000350.3:c.1927G>A|PDE6B:NM_000283.4:c.704G>A	GRCh37	OMIM:604537	LCA5(OMIM:604537)|LEBER CONGENITAL AMAUROSIS 5
PAVS_MASTER_1114	Manually curated Data.tsv	PAVS95	UNKNOWN_SEX			HP:0007875	LRAT:NM_004744.5:c.233_242del	GRCh37	OMIM:613341	LCA14(OMIM:613341)|LEBER CONGENITAL AMAUROSIS 14
PAVS_MASTER_1115	Manually curated Data.tsv	PAVS96	UNKNOWN_SEX			HP:0007875	RDH12:NM_152443.1:c.188G>T|ABCA4:NM_000350.3:c.3482G>T	GRCh37	OMIM:612712	LEBER CONGENITAL AMAUROSIS 13|LCA13(OMIM:612712)
PAVS_MASTER_1116	Manually curated Data.tsv	PAVS97	UNKNOWN_SEX			HP:0007875	RPE65:NM_000329.3:c.271C>T|CDHR1:NM_033100.4:c.1202G>C|LCA5:NM_181714.4:c.764G>A	GRCh37	not known	
PAVS_MASTER_1117	Manually curated Data.tsv	PAVS98	UNKNOWN_SEX			HP:0007875	RPGRIP1:NM_020366.4:c.3565C>T|TTC8:NM_144596.4:c.512A>T	GRCh37	OMIM:613826	LCA6 (OMIM:613826)|LEBER CONGENITAL AMAUROSIS 6
PAVS_MASTER_1118	Manually curated Data.tsv	PAVS99	UNKNOWN_SEX			HP:0007875	RPGRIP1:NM_020366.4:c.1107delA|MERTK:NM_006343.3:c.2435A>C	GRCh37	OMIM:613826	LCA6 (OMIM:613826)|LEBER CONGENITAL AMAUROSIS 6
PAVS_MASTER_1119	Manually curated Data.tsv	PAVS100	UNKNOWN_SEX			HP:0007875	RPGRIP1:NM_020366.4:c.2662C>T	GRCh37	OMIM:613826	LCA6 (OMIM:613826)|LEBER CONGENITAL AMAUROSIS 6
PAVS_MASTER_1120	Manually curated Data.tsv	PAVS101	UNKNOWN_SEX			HP:0007875	RPGRIP1:NM_020366.4:c.1107delA|RBP3:NM_002900:c.490G>A	GRCh37	OMIM:613826	LCA6 (OMIM:613826)|LEBER CONGENITAL AMAUROSIS 6
PAVS_MASTER_1121	Manually curated Data.tsv	PAVS102	UNKNOWN_SEX			HP:0007875	RPGRIP1:NM_020366.4:c.1107delA|PROM1:NM_006017.3:c.2094C>A	GRCh37	OMIM:613826	LCA6 (OMIM:613826)|LEBER CONGENITAL AMAUROSIS 6
PAVS_MASTER_1122	Manually curated Data.tsv	PAVS103	UNKNOWN_SEX			HP:0007875	TULP1:NM_003322.6:c.901C>T	GRCh37	OMIM:613843	LEBER CONGENITAL AMAUROSIS 15|LCA15(OMIM:613843)
PAVS_MASTER_1123	Manually curated Data.tsv	PAVS104	UNKNOWN_SEX			HP:0007875	TULP1:NM_003322.6:c.901C>T	GRCh37	OMIM:613843	LEBER CONGENITAL AMAUROSIS 15|LCA15(OMIM:613843)
PAVS_MASTER_1124	Manually curated Data.tsv	PAVS105	UNKNOWN_SEX			HP:0007875	TULP1:NM_003322.6:c.901C>T	GRCh37	OMIM:613843	LEBER CONGENITAL AMAUROSIS 15|LCA15(OMIM:613843)
PAVS_MASTER_1125	Manually curated Data.tsv	PAVS106	UNKNOWN_SEX			HP:0007875	TULP1:NM_003322.6:c.901C>T	GRCh37	OMIM:613843	LEBER CONGENITAL AMAUROSIS 15|LCA15(OMIM:613843)
PAVS_MASTER_1126	Manually curated Data.tsv	PAVS107	UNKNOWN_SEX			HP:0007875	TULP1:NM_003322.6:c.901C>T|RP1:NM_006269.1:c.5248G>T	GRCh37	OMIM:613843	LEBER CONGENITAL AMAUROSIS 15|LCA15(OMIM:613843)
PAVS_MASTER_1127	Manually curated Data.tsv	PAVS108	UNKNOWN_SEX			HP:0007875	RDH12:NM_152443.1:c.226G>C	GRCh37	OMIM:612712	LEBER CONGENITAL AMAUROSIS 13|LCA13(OMIM:612712)
PAVS_MASTER_1128	Manually curated Data.tsv	PAVS109	UNKNOWN_SEX			HP:0000510	RP1:NM_006269.1:c.662delC	GRCh37	not known	
PAVS_MASTER_1129	Manually curated Data.tsv	PAVS110	UNKNOWN_SEX			HP:0000510	RP1:NM_006269.1:c.606C>A	GRCh37	not known	
PAVS_MASTER_1130	Manually curated Data.tsv	PAVS111	UNKNOWN_SEX			HP:0000510	CRB1:NM_001257965:c.3159T>G	GRCh37	not known	
PAVS_MASTER_1131	Manually curated Data.tsv	PAVS112	UNKNOWN_SEX			HP:0000510	CRB1:NM_201253.3:c.80G>C	GRCh37	not known	
PAVS_MASTER_1132	Manually curated Data.tsv	PAVS113	UNKNOWN_SEX			HP:0000510	ARL6:NM_001278293.3:c.619C>T	GRCh37	not known	
PAVS_MASTER_1133	Manually curated Data.tsv	PAVS114	UNKNOWN_SEX			HP:0000510	MERTK:NM_006343.3:c.1335del	GRCh37	not known	
PAVS_MASTER_1134	Manually curated Data.tsv	PAVS115	UNKNOWN_SEX			HP:0000505|HP:0000639|HP:0007843	TULP1:NM_003322.6:c.901C>T	GRCh37	not known	fundal gray depigmentation|fundal pigment clumping|diminished foveal reflexivities|ILM macular reflexivities|hyperopic
PAVS_MASTER_1135	Manually curated Data.tsv	PAVS116	UNKNOWN_SEX			HP:0000639	TULP1:NM_003322.6:c.901C>T	GRCh37	not known	peripheral cortical cuneiform spokes|Atrophic macula with fovea spared|bone spicules in the mid periphery
PAVS_MASTER_1136	Manually curated Data.tsv	PAVS117	UNKNOWN_SEX			HP:0000484|HP:0000639|HP:0007843	TULP1:NM_003322.6:c.901C>T	GRCh37	not known	coarse RP-like dense bone spicules beyond the arcade|vertically oval discs|Irregular coarse nystagmus
PAVS_MASTER_1137	Manually curated Data.tsv	PAVS118	UNKNOWN_SEX			HP:0000510	TULP1:NM_003322.6:c.901C>T	GRCh37	not known	
PAVS_MASTER_1138	Manually curated Data.tsv	PAVS119	UNKNOWN_SEX			HP:0000666|HP:0007843	TULP1:NM_003322.6:c.901C>T	GRCh37	not known	midperipheral bone spicules|sandy peripheral depigmentation|Disc elevation with macula spared|vision CF|small posterior subcapsular cataracts|vitreous syneresis and cells
PAVS_MASTER_1139	Manually curated Data.tsv	PAVS120	UNKNOWN_SEX			HP:0000666|HP:0007843	TULP1:NM_003322.6:c.901C>T	GRCh37	not known	midperipheral bone spicules|sandy peripheral depigmentation|Disc elevation with macula spared|vision CF|small posterior subcapsular cataracts|vitreous syneresis and cells
PAVS_MASTER_1140	Manually curated Data.tsv	PAVS121	UNKNOWN_SEX			HP:0000543|HP:0000639	TULP1:NM_003322.6:c.901C>T	GRCh37	not known	sandy granular RPE periphery|full discs
PAVS_MASTER_1141	Manually curated Data.tsv	PAVS122	UNKNOWN_SEX			HP:0000543|HP:0007843	TULP1:NM_003322.6:c.901C>T	GRCh37	not known	fine bone spicules|full ‚Äúpseudo-papilledema‚Äù discs
PAVS_MASTER_1142	Manually curated Data.tsv	PAVS123	UNKNOWN_SEX			HP:0000543	TULP1:NM_003322.6:c.901C>T	GRCh37	not known	vessel attenuation|bone spicules in mid-periphery
PAVS_MASTER_1143	Manually curated Data.tsv	PAVS124	UNKNOWN_SEX			HP:0000543	TULP1:NM_003322.6:c.901C>T	GRCh37	not known	fine bone spicule in mid periphery|ERG nonrecordable|vessel attenuation|PVD OU
PAVS_MASTER_1144	Manually curated Data.tsv	PAVS125	UNKNOWN_SEX				TULP1:NM_003322.6:c.901C>T	GRCh37	not known	D hyperopia|vertically oval discs|slight elevated disc|Disc pink pallor|fine mid-peripheral bone spicules beyond the arcade|vessel attenuation
PAVS_MASTER_1145	Manually curated Data.tsv	PAVS126	UNKNOWN_SEX			HP:0000505|HP:0000639|HP:0007843	TULP1:NM_003322.6:c.901C>T	GRCh37	not known	disc temporal pallor|disc hyperemia|bone spicules in midperiphery
PAVS_MASTER_1146	Manually curated Data.tsv	PAVS127	UNKNOWN_SEX			HP:0000538|HP:0000543|HP:0007286|HP:0007843	TULP1:NM_003322.6:c.901C>T	GRCh37	not known	vision ‚Äúfollows objects poorly
PAVS_MASTER_1147	Manually curated Data.tsv	PAVS128	UNKNOWN_SEX			HP:0000510	TULP1:NM_003322.6:c.901C>T	GRCh37	not known	
PAVS_MASTER_1148	Manually curated Data.tsv	PAVS129	UNKNOWN_SEX			HP:0007843	TULP1:NM_003322.6:c.901C>T	GRCh37	not known	Fundal pigmentary retinopathy
PAVS_MASTER_1149	Manually curated Data.tsv	PAVS130	UNKNOWN_SEX			HP:0007843|HP:0012043	TULP1:NM_003322.6:c.901C>T	GRCh37	not known	Compound hyperopic astigmatism|diffuse optic nerve pallor|RPE granularity
PAVS_MASTER_1150	Manually curated Data.tsv	PAVS131	UNKNOWN_SEX			HP:0000540|HP:0000543|HP:0000666	TULP1:NM_003322.6:c.901C>T	GRCh37	not known	mild horizontal head titubation|mild vascular attenuation|minimal RPE degeneration|atrophic foveal light reflexes
PAVS_MASTER_1151	Manually curated Data.tsv	PAVS132	UNKNOWN_SEX				TULP1:NM_003322.6:c.901C>T	GRCh37	not known	High hyperopia OU|confluent outer retinal peripheral whitening|retinal periphery patchy dots fundus albipunctatus
PAVS_MASTER_1152	Manually curated Data.tsv	PAVS133	UNKNOWN_SEX			HP:0000543|HP:0001583|HP:0007843	TULP1:NM_003322.6:c.901C>T	GRCh37	not known	vertically oval discs|diffuse pigmentary degeneration
PAVS_MASTER_1153	Manually curated Data.tsv	PAVS134	UNKNOWN_SEX			HP:0000543|HP:0001583|HP:0007843	TULP1:NM_003322.6:c.901C>T	GRCh37	not known	vertically oval discs|diffuse pigmentary degeneration
PAVS_MASTER_1154	Manually curated Data.tsv	PAVS135	UNKNOWN_SEX			HP:0001583|HP:0007843	TULP1:NM_003322.6:c.901C>T	GRCh37	not known	diffuse pigmentary changes|rosy orange discs
PAVS_MASTER_1155	Manually curated Data.tsv	PAVS136	UNKNOWN_SEX			HP:0001583|HP:0007843|HP:0008499	TULP1:NM_003322.6:c.901C>T	GRCh37	not known	full elevated discs|periphery brown grainy RPE
PAVS_MASTER_1156	Manually curated Data.tsv	PAVS137	UNKNOWN_SEX			HP:0000640	TULP1:NM_003322.6:c.901C>T	GRCh37	not known	hyperopic|outer retinal whitening
PAVS_MASTER_1157	Manually curated Data.tsv	PAVS138	UNKNOWN_SEX			HP:0001583|HP:0007843	TULP1:NM_003322.6:c.901C>T	GRCh37	not known	rosy flat vertically oval discs|fine midperipheral bone spicules.
PAVS_MASTER_1158	Manually curated Data.tsv	PAVS139	UNKNOWN_SEX			HP:0001583|HP:0007843|HP:0011503	TULP1:NM_003322.6:c.901C>T	GRCh37	not known	flat rosy discs|absent umbo|greybrown peripheral RPE
PAVS_MASTER_1159	Manually curated Data.tsv	PAVS140	UNKNOWN_SEX			HP:0001583|HP:0007843	TULP1:NM_003322.6:c.901C>T	GRCh37	not known	dirty brown peripheral granular RPE|elevated discs
PAVS_MASTER_1160	Manually curated Data.tsv	PAVS141	UNKNOWN_SEX			HP:0000510|HP:0000543|HP:0001583	TULP1:NM_003322.6:c.901C>T	GRCh37	not known	minimal hyperopia
PAVS_MASTER_1161	Manually curated Data.tsv	PAVS142	UNKNOWN_SEX			HP:0001583|HP:0007843	TULP1:NM_003322.6:c.901C>T	GRCh37	not known	D hyperopia|Exotropia at distance XT|bone spicule midperiphery
PAVS_MASTER_1162	Manually curated Data.tsv	PAVS143	UNKNOWN_SEX			HP:0001583|HP:0007843	TULP1:NM_003322.6:c.901C>T	GRCh37	not known	midperipheral bone spicules|flat discs
PAVS_MASTER_1163	Manually curated Data.tsv	PAVS144	UNKNOWN_SEX			HP:0001583|HP:0007843	TULP1:NM_003322.6:c.901C>T	GRCh37	not known	sphere hyperopia|sluggish pupils|4-prism diopter XT|bone spicules in periphery
PAVS_MASTER_1164	Manually curated Data.tsv	PAVS145	UNKNOWN_SEX			HP:0000540|HP:0001583|HP:0007843	TULP1:NM_003322.6:c.901C>T	GRCh37	not known	PVD|equatorial and peripheral dense pigmentary RP-like degeneration|vitreous condensation
PAVS_MASTER_1165	Manually curated Data.tsv	PAVS146	UNKNOWN_SEX			HP:0001583	TULP1:NM_003322.6:c.901C>T	GRCh37	not known	full elevated discs with grey corona|far peripheral retina shows confluent grey-white belt similar to family 204
PAVS_MASTER_1166	Manually curated Data.tsv	PAVS147	UNKNOWN_SEX			HP:0007875	GUCY2D:NM_000180.4:c.1978C>T	GRCh37	OMIM:204000	LEBER CONGENITAL AMAUROSIS 1|LCA1(OMIM:204000)
PAVS_MASTER_1167	Manually curated Data.tsv	PAVS148	UNKNOWN_SEX			HP:0000505|HP:0000543|HP:0000577|HP:0007843|HP:0012043|HP:0030211	GUCY2D:NM_000180.4:c.1978C>T	GRCh37	not known	hyperopic
PAVS_MASTER_1168	Manually curated Data.tsv	PAVS149	UNKNOWN_SEX			HP:0000505|HP:0000540|HP:0001105|HP:0007843	GUCY2D:NM_000180.4:c.1978C>T	GRCh37	not known	vision ‚Äúfix and follow only|diffuse RPE
PAVS_MASTER_1169	Manually curated Data.tsv	PAVS150	UNKNOWN_SEX			HP:0000648	RPE65:NM_000329.3:c.271C>T	GRCh37	not known	hypermetropic|Syneresis of vitreous|Microrotatory infantile nystagmus|peripheral depigmentation|optic vascular attenuation|Vertically oval discs|mild optic atrophy
PAVS_MASTER_1170	Manually curated Data.tsv	PAVS151	UNKNOWN_SEX			HP:0007703	RPE65:NM_000329.3:c.271C>T	GRCh37	not known	Mild enophthalmos|slight hyperopic optic nerve fullness|vertically oval discs|decreased retinal light reflexes|infantile nystagmus
PAVS_MASTER_1171	Manually curated Data.tsv	PAVS152	UNKNOWN_SEX			HP:0000490|HP:0000639	RPE65:NM_000329.3:c.271C>T	GRCh37	not known	minimal peripheral pigmentary changes|decreased foveal light reflexes|Minimal astigmatism|mild foveal hyperemia|hyperopic full discs
PAVS_MASTER_1172	Manually curated Data.tsv	PAVS153	UNKNOWN_SEX			HP:0000750|HP:0000964|HP:0001250	PTS:NM_000317.3:c.238A>G	GRCh37	not known	
PAVS_MASTER_1173	Manually curated Data.tsv	PAVS154	UNKNOWN_SEX			HP:0000964|HP:0001508	PTS:NM_000317.3:c.238A>G	GRCh37	not known	
PAVS_MASTER_1174	Manually curated Data.tsv	PAVS155	UNKNOWN_SEX			HP:0000737|HP:0000964|HP:0001250|HP:0001263|HP:0001508|HP:0008936|HP:0100022	PTS:NM_000317.3:c.169_171del	GRCh37	not known	Hypereflexia|Peripheral hypertonia
PAVS_MASTER_1175	Manually curated Data.tsv	PAVS156	UNKNOWN_SEX			HP:0000252|HP:0000737|HP:0001263|HP:0001508|HP:0008936	PTS:NM_000317.3:c.169_171del	GRCh37	not known	hypopigmentatin|Hypereflexia|Peripheral hypertonia
PAVS_MASTER_1176	Manually curated Data.tsv	PAVS157	UNKNOWN_SEX				PTS:NM_000317.3:c.238A>G	GRCh37	not known	Mild motor delay
PAVS_MASTER_1177	Manually curated Data.tsv	PAVS158	UNKNOWN_SEX			HP:0000252	PTS:NM_000317.3:c.2T>G	GRCh37	not known	
PAVS_MASTER_1178	Manually curated Data.tsv	PAVS159	UNKNOWN_SEX			HP:0000750	PTS:NM_000317.3:c.238A>G	GRCh37	not known	Attention deficit hyperactive disorder
PAVS_MASTER_1179	Manually curated Data.tsv	PAVS160	UNKNOWN_SEX			HP:0000737|HP:0001263|HP:0003781|HP:0008936	PTS:NM_000317.3:c.342C>G	GRCh37	not known	Peripheral hypertonia
PAVS_MASTER_1180	Manually curated Data.tsv	PAVS161	UNKNOWN_SEX			HP:0000252|HP:0001263|HP:0001508|HP:0003781|HP:0008936	PTS:NM_000317.3:c.342C>G	GRCh37	not known	Peripheral hypertonia
PAVS_MASTER_1181	Manually curated Data.tsv	PAVS162	UNKNOWN_SEX			HP:0001263	PTS:NM_000317.3:c.342C>G	GRCh37	not known	Peripheral hypertonia
PAVS_MASTER_1182	Manually curated Data.tsv	PAVS163	UNKNOWN_SEX			HP:0001250|HP:0001263|HP:0003781|HP:0008936|HP:0100022	PTS:NM_000317.3:c.342C>G	GRCh37	not known	Attention deficit hyperactive disorder|Hypereflexia|Peripheral hypertonia
PAVS_MASTER_1183	Manually curated Data.tsv	PAVS164	UNKNOWN_SEX			HP:0000964	PTS:NM_000317.3:c.238A>G	GRCh37	not known	Mild speech delay
PAVS_MASTER_1184	Manually curated Data.tsv	PAVS165	UNKNOWN_SEX			HP:0001250|HP:0001263|HP:0001332|HP:0001508|HP:0100785	PTS:NM_000317.3:c.155A>G	GRCh37	not known	Peripheral hypertonia|Choreoathetotic type|Hypereflexia|Truncalhypotonia|hypopigmentatin
PAVS_MASTER_1185	Manually curated Data.tsv	PAVS166	UNKNOWN_SEX			HP:0000252|HP:0000964|HP:0001250|HP:0001263|HP:0001508|HP:0008936	PTS:NM_000317.3:c.155A>G	GRCh37	not known	hypopigmentatin
PAVS_MASTER_1186	Manually curated Data.tsv	PAVS167	UNKNOWN_SEX			HP:0000750|HP:0001251|HP:0001263|HP:0010553	PTS:NM_000317.3:c.238A>G	GRCh37	not known	Hypereflexia
PAVS_MASTER_1187	Manually curated Data.tsv	PAVS168	UNKNOWN_SEX			HP:0000964|HP:0001252|HP:0010553	PTS:NM_000317.3:c.238A>G	GRCh37	not known	irritabilty
PAVS_MASTER_1188	Manually curated Data.tsv	PAVS169	UNKNOWN_SEX			HP:0000964	PTS:NM_000317.3:c.238A>G	GRCh37	not known	Hypereflexia
PAVS_MASTER_1189	Manually curated Data.tsv	PAVS170	UNKNOWN_SEX			HP:0000252|HP:0000508|HP:0000737|HP:0000964|HP:0001250|HP:0001263|HP:0001508|HP:0008936|HP:0100022	PTS:NM_000317.3:c.169_171del	GRCh37	not known	Hypereflexia|Peripheral hypertonia
PAVS_MASTER_1190	Manually curated Data.tsv	PAVS171	UNKNOWN_SEX			HP:0000252|HP:0000737|HP:0001250|HP:0001263|HP:0001508|HP:0003781|HP:0008936|HP:0100022	PTS:NM_000317.3:c.169_171del	GRCh37	not known	hypopigmentatin|Hypereflexia|Peripheral hypertonia
PAVS_MASTER_1191	Manually curated Data.tsv	PAVS172	UNKNOWN_SEX			HP:0000252|HP:0000737|HP:0001250|HP:0001508|HP:0008936	PTS:NM_000317.3:c.238A>G	GRCh37	not known	hypopigmentatin|Hypereflexia|Peripheral hypertonia
PAVS_MASTER_1192	Manually curated Data.tsv	PAVS173	UNKNOWN_SEX				GALC:NM_000512:c.860C>T	GRCh37	OMIM:245200	KRABBE DISEASE(OMIM:245200)
PAVS_MASTER_1193	Manually curated Data.tsv	PAVS174	UNKNOWN_SEX				LMX1B:NM_001174146.2:c.268C>T	GRCh37	OMIM:161200	NAIL-PATELLA SYNDROME|NPS(OMIM:161200)
PAVS_MASTER_1194	Manually curated Data.tsv	PAVS175	UNKNOWN_SEX				LMX1B:NM_001174146.2:c.268C>T	GRCh37	OMIM:161200	NAIL-PATELLA SYNDROME|NPS(OMIM:161200)
PAVS_MASTER_1195	Manually curated Data.tsv	PAVS176	UNKNOWN_SEX			HP:0000107|HP:0000113|HP:0000501|HP:0000851|HP:0001252|HP:0001263|HP:0001395|HP:0001410|HP:0001508|HP:0001511|HP:0002925	GLIS3:NM_152629.4:c.2067insC	GRCh37	not known	facial anomalies|Neonatal diabetes|Low T4 levelglaucoma|congenital glaucoma
PAVS_MASTER_1196	Manually curated Data.tsv	PAVS177	UNKNOWN_SEX			HP:0000107|HP:0000113|HP:0000501|HP:0000851|HP:0001252|HP:0001263|HP:0001395|HP:0001410|HP:0001508|HP:0001511|HP:0002925	GLIS3:NM_152629.4:c.2067insC	GRCh37	not known	facial anomalies|Neonatal diabetes|Low T4 level|congenital glaucoma
PAVS_MASTER_1197	Manually curated Data.tsv	PAVS178	UNKNOWN_SEX			HP:0000501|HP:0000851|HP:0001252|HP:0001395|HP:0001410|HP:0001508|HP:0001511|HP:0002925	GLIS3:NM_152629.4:c.2067insC	GRCh37	not known	facial anomalies|Neonatal diabetes|Low T4 level|congenital glaucoma
PAVS_MASTER_1198	Manually curated Data.tsv	PAVS179	UNKNOWN_SEX			HP:0000851|HP:0001511	GLIS3:NM_152629.4:c.4176077_4601776del	GRCh37	not known	facial anomalies
PAVS_MASTER_1199	Manually curated Data.tsv	PAVS180	UNKNOWN_SEX			HP:0002656	EIF2AK3:NM_004836.7:c.1044_1057del14	GRCh37	OMIM:226980	Severe developmental delay|Spondyloepiphysial dysplasia|Severe scoliosis|WITH EARLY-ONSET DIABETES MELLITUS (OMIM:226980)|MULTIPLE
PAVS_MASTER_1200	Manually curated Data.tsv	PAVS181	UNKNOWN_SEX			HP:0002656	EIF2AK3:NM_004836.7:c.1044_1057del14	GRCh37	OMIM:226980	MULTIPLE|WITH EARLY-ONSET DIABETES MELLITUS (OMIM:226980)|Femoral epiphysial dysplasia
PAVS_MASTER_1201	Manually curated Data.tsv	PAVS182	UNKNOWN_SEX			HP:0001399|HP:0002652|HP:0002656|HP:0011787	EIF2AK3:NM_004836.7:c.1044_1057del14	GRCh37	OMIM:226980	MULTIPLE|WITH EARLY-ONSET DIABETES MELLITUS (OMIM:226980)
PAVS_MASTER_1202	Manually curated Data.tsv	PAVS183	UNKNOWN_SEX			HP:0002656	EIF2AK3:NM_004836.7:c.1044_1057del14	GRCh37	OMIM:226980	Intermittent hepatic dysfunction|MULTIPLE|WITH EARLY-ONSET DIABETES MELLITUS (OMIM:226980)
PAVS_MASTER_1203	Manually curated Data.tsv	PAVS184	UNKNOWN_SEX			HP:0002480|HP:0002656	EIF2AK3:NM_004836.7:c.1044_1057del14	GRCh37	OMIM:226980	MULTIPLE|WITH EARLY-ONSET DIABETES MELLITUS (OMIM:226980)
PAVS_MASTER_1204	Manually curated Data.tsv	PAVS185	UNKNOWN_SEX			HP:0002656	EIF2AK3:NM_004836.7:c.1044_1057del14	GRCh37	OMIM:226980	MULTIPLE|WITH EARLY-ONSET DIABETES MELLITUS (OMIM:226980)
PAVS_MASTER_1205	Manually curated Data.tsv	PAVS186	UNKNOWN_SEX			HP:0002656	EIF2AK3:NM_004836.7:c.1044_1057del14	GRCh37	OMIM:226980	MULTIPLE|WITH EARLY-ONSET DIABETES MELLITUS (OMIM:226980)
PAVS_MASTER_1206	Manually curated Data.tsv	PAVS187	UNKNOWN_SEX			HP:0000752|HP:0000819|HP:0002925	GLIS3:NM_001042413.2:c.1608C>G	GRCh37	OMIM:610199	WITH CONGENITAL HYPOTHYROIDISM|Learning difficulties|NEONATAL|Developmenatl delay|NDH(OMIM:610199)|Low T4 level
PAVS_MASTER_1207	Manually curated Data.tsv	PAVS188	UNKNOWN_SEX			HP:0000365	SLC19A2:NM_006996.3:c.428C>T	GRCh37	OMIM:249270	THIAMINE-RESPONSIVE MEGALOBLASTIC ANEMIA SYNDROME|TRMA(OMIM:249270)|Normoblstic anemia
PAVS_MASTER_1208	Manually curated Data.tsv	PAVS189	UNKNOWN_SEX			HP:0002240	SLC2A2:NM_000340.2:c.339delC	GRCh37	OMIM:227810	Renal Hypertension|FANCONI-BICKEL SYNDROME|Renal tubulr defect|FBS (OMIM:227810)|Bilateral inguinal hernia
PAVS_MASTER_1209	Manually curated Data.tsv	PAVS190	UNKNOWN_SEX			HP:0001010|HP:0001264	GALC:NM_000153.4:c.334A>G	GRCh37	not known	Crossed legs|Mild laryngomalacia|inflammation|Gobal developmental delay
PAVS_MASTER_1210	Manually curated Data.tsv	PAVS191	UNKNOWN_SEX			HP:0001943|HP:0002240	AGL:NM_000642.3:c.4260-12A>G	GRCh37	not known	
PAVS_MASTER_1211	Manually curated Data.tsv	PAVS192	UNKNOWN_SEX			HP:0001943|HP:0002240	AGL:NM_000642.3:c.4260-12A>G	GRCh37	not known	
PAVS_MASTER_1212	Manually curated Data.tsv	PAVS193	UNKNOWN_SEX			HP:0002240	AGL:NM_000642.3:c.4260-12A>G	GRCh37	not known	
PAVS_MASTER_1213	Manually curated Data.tsv	PAVS194	UNKNOWN_SEX			HP:0001943|HP:0002240	AGL:NM_000642.3:c.4260-12A>G	GRCh37	not known	
PAVS_MASTER_1214	Manually curated Data.tsv	PAVS195	UNKNOWN_SEX			HP:0001943|HP:0002240	AGL:NM_000642.3:c.4260-12A>G	GRCh37	not known	
PAVS_MASTER_1215	Manually curated Data.tsv	PAVS196	UNKNOWN_SEX			HP:0001943|HP:0002240	AGL:NM_000642.3:c.4260-12A>G	GRCh37	not known	
PAVS_MASTER_1216	Manually curated Data.tsv	PAVS197	UNKNOWN_SEX			HP:0001943|HP:0002240	AGL:NM_000642.3:c.4260-12A>G	GRCh37	not known	
PAVS_MASTER_1217	Manually curated Data.tsv	PAVS198	UNKNOWN_SEX			HP:0001943|HP:0002240	AGL:NM_000642.3:c.4260-12A>G	GRCh37	not known	
PAVS_MASTER_1218	Manually curated Data.tsv	PAVS199	UNKNOWN_SEX			HP:0001943|HP:0002240	AGL:NM_000642.3:c.4260-12A>G	GRCh37	not known	
PAVS_MASTER_1219	Manually curated Data.tsv	PAVS200	UNKNOWN_SEX			HP:0001943|HP:0002240	AGL:NM_000642.3:c.4260-12A>G	GRCh37	not known	
PAVS_MASTER_1220	Manually curated Data.tsv	PAVS201	UNKNOWN_SEX			HP:0001943|HP:0002240	AGL:NM_000642.3:c.4260-12A>G	GRCh37	not known	
PAVS_MASTER_1221	Manually curated Data.tsv	PAVS202	UNKNOWN_SEX			HP:0001943|HP:0002240	AGL:NM_000642.3:c.4260-12A>G	GRCh37	not known	
PAVS_MASTER_1222	Manually curated Data.tsv	PAVS203	UNKNOWN_SEX			HP:0001943|HP:0002240	AGL:NM_000642.3:c.4260-12A>G	GRCh37	not known	
PAVS_MASTER_1223	Manually curated Data.tsv	PAVS204	UNKNOWN_SEX				GAA:NM_000152.5:c.1753_2799del	GRCh37	OMIM:232300	GSD2(OMIM:232300)|GLYCOGEN STORAGE DISEASE II
PAVS_MASTER_1224	Manually curated Data.tsv	PAVS205	UNKNOWN_SEX			HP:0000545|HP:0002289|HP:0002463|HP:0002870	GAA:NM_000152.5:c.1927G>A	GRCh37	OMIM:232300	GSD2(OMIM:232300)|Mild cognitive delay|GLYCOGEN STORAGE DISEASE II
PAVS_MASTER_1225	Manually curated Data.tsv	PAVS206	UNKNOWN_SEX				GAA:NM_000152.5:c.1657C>T	GRCh37	OMIM:232300	GSD2(OMIM:232300)|GLYCOGEN STORAGE DISEASE II
PAVS_MASTER_1226	Manually curated Data.tsv	PAVS207	UNKNOWN_SEX				GAA:NM_000152.5:c.1657C>T	GRCh37	OMIM:232300	GSD2(OMIM:232300)|GLYCOGEN STORAGE DISEASE II
PAVS_MASTER_1227	Manually curated Data.tsv	PAVS208	UNKNOWN_SEX				GAA:NM_000152.5:c.784G>A|GAA:NM_000152.5:c.1802C>T	GRCh37	OMIM:232300	GSD2(OMIM:232300)|GLYCOGEN STORAGE DISEASE II
PAVS_MASTER_1228	Manually curated Data.tsv	PAVS209	UNKNOWN_SEX				GAA:NM_000152.5:c.1657C>T	GRCh37	OMIM:232300	GSD2(OMIM:232300)|GLYCOGEN STORAGE DISEASE II
PAVS_MASTER_1229	Manually curated Data.tsv	PAVS210	UNKNOWN_SEX				GAA:NM_000152.5:c.655G>A	GRCh37	OMIM:232300	GSD2(OMIM:232300)|GLYCOGEN STORAGE DISEASE II
PAVS_MASTER_1230	Manually curated Data.tsv	PAVS211	UNKNOWN_SEX				GAA:NM_000152.5:c.1064T>C	GRCh37	OMIM:232300	GSD2(OMIM:232300)|GLYCOGEN STORAGE DISEASE II
PAVS_MASTER_1231	Manually curated Data.tsv	PAVS212	UNKNOWN_SEX				GAA:NM_000152.5:c.1657C>T	GRCh37	OMIM:232300	GSD2(OMIM:232300)|GLYCOGEN STORAGE DISEASE II
PAVS_MASTER_1232	Manually curated Data.tsv	PAVS213	UNKNOWN_SEX				GAA:NM_000152.5:c.655G>A	GRCh37	OMIM:232300	GSD2(OMIM:232300)|GLYCOGEN STORAGE DISEASE II
PAVS_MASTER_1233	Manually curated Data.tsv	PAVS214	UNKNOWN_SEX				GAA:NM_000152.5:c.1064T>C	GRCh37	OMIM:232300	GSD2(OMIM:232300)|GLYCOGEN STORAGE DISEASE II
PAVS_MASTER_1234	Manually curated Data.tsv	PAVS215	UNKNOWN_SEX				GAA:NM_000152.5:c.1657C>T	GRCh37	OMIM:232300	GSD2(OMIM:232300)|GLYCOGEN STORAGE DISEASE II
PAVS_MASTER_1235	Manually curated Data.tsv	PAVS216	UNKNOWN_SEX				GAA:NM_000152.5:c.1064T>C	GRCh37	OMIM:232300	GSD2(OMIM:232300)|GLYCOGEN STORAGE DISEASE II
PAVS_MASTER_1236	Manually curated Data.tsv	PAVS217	UNKNOWN_SEX				GAA:NM_000152.5:c.1802C>T	GRCh37	OMIM:232300	GSD2(OMIM:232300)|GLYCOGEN STORAGE DISEASE II
PAVS_MASTER_1237	Manually curated Data.tsv	PAVS218	UNKNOWN_SEX				GAA:NM_000152.5:c.1082C>T	GRCh37	OMIM:232300	GSD2(OMIM:232300)|GLYCOGEN STORAGE DISEASE II
PAVS_MASTER_1238	Manually curated Data.tsv	PAVS219	UNKNOWN_SEX				GAA:NM_000152.5:c.1431delT	GRCh37	OMIM:232300	GSD2(OMIM:232300)|GLYCOGEN STORAGE DISEASE II
PAVS_MASTER_1239	Manually curated Data.tsv	PAVS220	UNKNOWN_SEX				GAA:NM_000152.5:c.655G>A	GRCh37	OMIM:232300	GSD2(OMIM:232300)|GLYCOGEN STORAGE DISEASE II
PAVS_MASTER_1240	Manually curated Data.tsv	PAVS221	UNKNOWN_SEX				GAA:NM_000152.5:c.1657C>T	GRCh37	OMIM:232300	GSD2(OMIM:232300)|GLYCOGEN STORAGE DISEASE II
PAVS_MASTER_1241	Manually curated Data.tsv	PAVS222	UNKNOWN_SEX				MLYCD:NM_012213.3:c.953_954delAG	GRCh37	OMIM:248360	Malonyl-CoA decarboxylase deficiency(OMIM:248360)
PAVS_MASTER_1242	Manually curated Data.tsv	PAVS223	UNKNOWN_SEX				IVD:NM_002225.5:c.358C>T	GRCh37	OMIM:243500	Isovaleric acidemia(OMIM:243500)
PAVS_MASTER_1243	Manually curated Data.tsv	PAVS224	UNKNOWN_SEX				ACAT1:NM_000019.4:c.412-419del	GRCh37	OMIM:203750	B-Ketothiolase deficiency(OMIM:203750)
PAVS_MASTER_1244	Manually curated Data.tsv	PAVS225	UNKNOWN_SEX				ETHE1:NM_014297.5:c.263C>T	GRCh37	OMIM:602473	Ethylmalonic encephalopathy(OMIM:602473)
PAVS_MASTER_1245	Manually curated Data.tsv	PAVS226	UNKNOWN_SEX				OPA3:NM_025136.4:c.194delG	GRCh37	OMIM:258501	3-Methylglutaconic aciduria type III(OMIM:258501)
PAVS_MASTER_1246	Manually curated Data.tsv	PAVS227	UNKNOWN_SEX				BTD:NM_000060.4:c.755A>G|BTD:NM_000060.4:c.1330G>C	GRCh37	OMIM:253260	Biotinidase deficiency(OMIM:253260)
PAVS_MASTER_1247	Manually curated Data.tsv	PAVS228	UNKNOWN_SEX				MCCC1:NM_020166.5:c.1808dupA	GRCh37	OMIM:210200	3-Methylcrotonyl CoA carboxylase deficiency1(OMIM:210200)
PAVS_MASTER_1248	Manually curated Data.tsv	PAVS229	UNKNOWN_SEX				MCCC2:NM_022132.5:c.1147A>T	GRCh37	OMIM:210210	3-Methylcrotonyl CoA carboxylase deficiency 2(OMIM:210210)
PAVS_MASTER_1249	Manually curated Data.tsv	PAVS230	UNKNOWN_SEX				HMGCL:NM_000191.3:c.122G>A	GRCh37	OMIM:246450	3-hydroxy-3-methylglutaryl-CoA lyase deficiency(OMIM:246450)
PAVS_MASTER_1250	Manually curated Data.tsv	PAVS231	UNKNOWN_SEX				GCDH:NM_000159.4:c.1144G>A	GRCh37	OMIM:231670	Glutaric acidemia(OMIM:231670)
PAVS_MASTER_1251	Manually curated Data.tsv	PAVS232	UNKNOWN_SEX				GCDH:NM_000159.4:c.853-2A>G	GRCh37	OMIM:231670	Glutaric acidemia(OMIM:231670)
PAVS_MASTER_1252	Manually curated Data.tsv	PAVS233	UNKNOWN_SEX				GCDH:NM_000159.4:c.278A>G	GRCh37	OMIM:231670	Glutaric acidemia(OMIM:231670)
PAVS_MASTER_1253	Manually curated Data.tsv	PAVS234	UNKNOWN_SEX				MMACHC:NM_015506.3:c.394C>T	GRCh37	OMIM:277400	Cobalamin C defect(OMIM:277400)
PAVS_MASTER_1254	Manually curated Data.tsv	PAVS235	UNKNOWN_SEX				MMAA:NM_172250.3:c.586C>T	GRCh37	OMIM:251100	Cobalamin A Defect(OMIM:251100)
PAVS_MASTER_1255	Manually curated Data.tsv	PAVS236	UNKNOWN_SEX				not known:NM_000255.4:c.329A>G	GRCh37	OMIM:251000	Methylmalonic acidemia(OMIM:251000)
PAVS_MASTER_1256	Manually curated Data.tsv	PAVS237	UNKNOWN_SEX				PCCA:NM_000282.4:c.425G>A	GRCh37	OMIM:606054	Propionic acidemia(OMIM:606054)
PAVS_MASTER_1257	Manually curated Data.tsv	PAVS238	UNKNOWN_SEX				PCCA:NM_000282.4:c.350G>A	GRCh37	OMIM:606054	Propionic acidemia(OMIM:606054)
PAVS_MASTER_1258	Manually curated Data.tsv	PAVS239	UNKNOWN_SEX				PCCB:NM_001178014:c.1050dupT	GRCh37	OMIM:606054	Propionic acidemia(OMIM:606054)
PAVS_MASTER_1259	Manually curated Data.tsv	PAVS240	UNKNOWN_SEX				CBS:NM_000071.3:c.969G>A	GRCh37	OMIM:236200	Classical homozygouscystinuria(OMIM:236200)
PAVS_MASTER_1260	Manually curated Data.tsv	PAVS241	UNKNOWN_SEX				CBS:NM_000071.3:c.1006C>T	GRCh37	OMIM:236200	Classical homozygouscystinuria(OMIM:236200)
PAVS_MASTER_1261	Manually curated Data.tsv	PAVS242	UNKNOWN_SEX				MTHFR:NM_005957.5:c.680C>T	GRCh37	OMIM:236250	MTHFR deficiency(OMIM:236250)
PAVS_MASTER_1262	Manually curated Data.tsv	PAVS243	UNKNOWN_SEX				MAT1A:NM_000429.3:c.1081G>T	GRCh37	OMIM:250850	MAT deficiency(OMIM:250850)
PAVS_MASTER_1263	Manually curated Data.tsv	PAVS244	UNKNOWN_SEX				PAH:NM_000277.3:c.1169A>G	GRCh37	OMIM:261600	PKU(OMIM:261600)
PAVS_MASTER_1264	Manually curated Data.tsv	PAVS245	UNKNOWN_SEX				PTS:NM_000317.3:c.238A>G	GRCh37	OMIM:261640	PTPS deficiency(OMIM:261640)
PAVS_MASTER_1265	Manually curated Data.tsv	PAVS246	UNKNOWN_SEX				PTS:NM_000317.3:c.169_171delGTG	GRCh37	OMIM:261640	PTPS deficiency(OMIM:261640)
PAVS_MASTER_1266	Manually curated Data.tsv	PAVS247	UNKNOWN_SEX				BCKDHA:NM_000709.4:c.347A>G	GRCh37	not known	MSUD
PAVS_MASTER_1267	Manually curated Data.tsv	PAVS248	UNKNOWN_SEX				BCKDHA:NM_000709.4:c.905A>C	GRCh37	not known	MSUD
PAVS_MASTER_1268	Manually curated Data.tsv	PAVS249	UNKNOWN_SEX				BCKDHB:NM_000056.5:c.674T>C	GRCh37	not known	MSUD
PAVS_MASTER_1269	Manually curated Data.tsv	PAVS250	UNKNOWN_SEX				BCKDHB:NM_000056.5:c.1144T>C	GRCh37	not known	MSUD
PAVS_MASTER_1270	Manually curated Data.tsv	PAVS251	UNKNOWN_SEX				ASNS:NM_001673.5:c.1160A>G	GRCh37	not known	Asparagine synthetase deficiency
PAVS_MASTER_1271	Manually curated Data.tsv	PAVS252	UNKNOWN_SEX				SLC19A3:NM_025243.4:c.1264A>G	GRCh37	not known	Biotin Thiamine Responsive Basal Ganglia Disease
PAVS_MASTER_1272	Manually curated Data.tsv	PAVS253	UNKNOWN_SEX				ALDH7A1:NM_001182.5:c.877dupAA	GRCh37	not known	Pyridoxine-dependent epilepsy
PAVS_MASTER_1273	Manually curated Data.tsv	PAVS254	UNKNOWN_SEX			HP:0012024	GALT:NM_000155.4:c.691C>T	GRCh37	not known	
PAVS_MASTER_1274	Manually curated Data.tsv	PAVS255	UNKNOWN_SEX			HP:0012024	GALT:NM_000155.4:c.404C>T	GRCh37	not known	
PAVS_MASTER_1275	Manually curated Data.tsv	PAVS256	UNKNOWN_SEX			HP:0012024	GALT:NM_000155.4:c.563A>G	GRCh37	not known	
PAVS_MASTER_1276	Manually curated Data.tsv	PAVS257	UNKNOWN_SEX				TALDO1:NM_006755.2:c.793delC	GRCh37	not known	Transaldolase Deficiency
PAVS_MASTER_1277	Manually curated Data.tsv	PAVS258	UNKNOWN_SEX				ALDOB:NM_000035.4:c.360_363delCAAA	GRCh37	not known	Hereditary fructose intolerance
PAVS_MASTER_1278	Manually curated Data.tsv	PAVS259	UNKNOWN_SEX				FBP1:NM_000507.4:c.114_119dup	GRCh37	not known	6 bisphosphatase deficiency|Fructose 1
PAVS_MASTER_1279	Manually curated Data.tsv	PAVS260	UNKNOWN_SEX				ASS1:NM_000050.4:c.364-2A>G	GRCh37	not known	Citrullinemia type 1
PAVS_MASTER_1280	Manually curated Data.tsv	PAVS261	UNKNOWN_SEX				ASS1:NM_000050.4:c.370G>A	GRCh37	not known	Citrullinemia type 1
PAVS_MASTER_1281	Manually curated Data.tsv	PAVS262	UNKNOWN_SEX				ACADVL:NM_000018.4:c.65C>A	GRCh37	not known	VLCAD
PAVS_MASTER_1282	Manually curated Data.tsv	PAVS263	UNKNOWN_SEX				ACADVL:NM_000018.4:c.65C>A	GRCh37	not known	VLCAD
PAVS_MASTER_1283	Manually curated Data.tsv	PAVS264	UNKNOWN_SEX				ACADM:NM_001286044:c.255G>T	GRCh37	not known	MCAD
PAVS_MASTER_1284	Manually curated Data.tsv	PAVS265	UNKNOWN_SEX				ACADM:NM_000016.6:c.938T>G	GRCh37	not known	MCAD
PAVS_MASTER_1285	Manually curated Data.tsv	PAVS266	UNKNOWN_SEX				SLC22A5:NM_003060.4:c.1385G>A	GRCh37	not known	Carnitine uptake defect
PAVS_MASTER_1286	Manually curated Data.tsv	PAVS267	UNKNOWN_SEX			HP:0003131	SLC3A1:NM_000341.4:c.1711T>A	GRCh37	not known	
PAVS_MASTER_1287	Manually curated Data.tsv	PAVS268	UNKNOWN_SEX			HP:0003131	SLC3A1:NM_000341.4:c.1400T>A	GRCh37	not known	
PAVS_MASTER_1288	Manually curated Data.tsv	PAVS269	UNKNOWN_SEX			HP:0003131	SLC7A9:NM_001126335.2:c.1166C>T	GRCh37	not known	
PAVS_MASTER_1289	Manually curated Data.tsv	PAVS270	UNKNOWN_SEX				ATP7B:NM_000053.4:c.2230T>C	GRCh37	not known	Wilson disease
PAVS_MASTER_1290	Manually curated Data.tsv	PAVS271	UNKNOWN_SEX				HMBS:NM_000190.4:c.760delC	GRCh37	not known	Acute Intermittent Poephyria
PAVS_MASTER_1291	Manually curated Data.tsv	PAVS272	UNKNOWN_SEX				NSDHL:NM_015922.3:c.314C>T	GRCh37	not known	CHILD syndrome
PAVS_MASTER_1292	Manually curated Data.tsv	PAVS273	UNKNOWN_SEX				GLA:NM_000169.3:c.782G>T	GRCh37	not known	Fabry disease
PAVS_MASTER_1293	Manually curated Data.tsv	PAVS274	UNKNOWN_SEX				HEXB:NM_000521.4:c.1169+3_1169+10delAAGTTGTT	GRCh37	not known	Sandhoff disease
PAVS_MASTER_1294	Manually curated Data.tsv	PAVS275	UNKNOWN_SEX				SMPD1:NM_000543.5:c.1267C>T	GRCh37	not known	Niemann-Pick disease type B
PAVS_MASTER_1295	Manually curated Data.tsv	PAVS276	UNKNOWN_SEX				NPC1:NM_000271.5:c.2130+1G>A	GRCh37	not known	Niemann-Pick disease type C
PAVS_MASTER_1296	Manually curated Data.tsv	PAVS277	UNKNOWN_SEX				NPC1:NM_000271.5:c.2443_2444del	GRCh37	not known	Niemann-Pick disease type C
PAVS_MASTER_1297	Manually curated Data.tsv	PAVS278	UNKNOWN_SEX				GLB1:NM_000404.4:c.950G>A	GRCh37	not known	GM1 gangliosidosis
PAVS_MASTER_1298	Manually curated Data.tsv	PAVS279	UNKNOWN_SEX				GLB1:NM_000404.4:c.171C>G	GRCh37	not known	GM1 gangliosidosis
PAVS_MASTER_1299	Manually curated Data.tsv	PAVS280	UNKNOWN_SEX				ARSA:NM_000487.6:c.1108-2A>G	GRCh37	not known	Metachromatic leukodystrophy
PAVS_MASTER_1300	Manually curated Data.tsv	PAVS281	UNKNOWN_SEX				PSAP:NM_002778.4:c.722G>C	GRCh37	not known	Saposin B deficiency
PAVS_MASTER_1301	Manually curated Data.tsv	PAVS282	UNKNOWN_SEX				GALC:NM_000153.4:c.396G>A	GRCh37	not known	Krabbe disease
PAVS_MASTER_1302	Manually curated Data.tsv	PAVS283	UNKNOWN_SEX				IDUA:NM_000203.5:c.1868T>C	GRCh37	not known	MPSI
PAVS_MASTER_1303	Manually curated Data.tsv	PAVS284	UNKNOWN_SEX				IDS:NM_000202.8:c.405A>C	GRCh37	not known	MPSII
PAVS_MASTER_1304	Manually curated Data.tsv	PAVS285	UNKNOWN_SEX				SGSH:NM_000199.5:c.664-13C>G	GRCh37	not known	MPSIIIA
PAVS_MASTER_1305	Manually curated Data.tsv	PAVS286	UNKNOWN_SEX				SGSH:NM_000199.5:c.535G>A	GRCh37	not known	MPSIIIA
PAVS_MASTER_1306	Manually curated Data.tsv	PAVS287	UNKNOWN_SEX				GALNS:NM_000512.5:c.120+1G>C	GRCh37	not known	MPS IVA
PAVS_MASTER_1307	Manually curated Data.tsv	PAVS288	UNKNOWN_SEX				GALNS:NM_000512.5:c.860C>T	GRCh37	not known	MPS IVA
PAVS_MASTER_1308	Manually curated Data.tsv	PAVS289	UNKNOWN_SEX				GALNS:NM_000512.5:c.697G>A	GRCh37	not known	MPS IVA
PAVS_MASTER_1309	Manually curated Data.tsv	PAVS290	UNKNOWN_SEX				ARSB:NM_000046.5:c.753C>G	GRCh37	not known	MPSVI
PAVS_MASTER_1310	Manually curated Data.tsv	PAVS291	UNKNOWN_SEX				ARSB:NM_000046.5:c.430A>G	GRCh37	not known	MPSVI
PAVS_MASTER_1311	Manually curated Data.tsv	PAVS292	UNKNOWN_SEX				ARSB:NM_000046.5:c.1079T>C	GRCh37	not known	MPSVI
PAVS_MASTER_1312	Manually curated Data.tsv	PAVS293	UNKNOWN_SEX				GNPTAB:NM_024312.5:c.3503_3504delTC	GRCh37	not known	Mucolipidosis II
PAVS_MASTER_1313	Manually curated Data.tsv	PAVS294	UNKNOWN_SEX				MAN2B1:NM_000528.4:c.1340A>T	GRCh37	not known	α-mannosidosis
PAVS_MASTER_1314	Manually curated Data.tsv	PAVS295	UNKNOWN_SEX				CLN6:NM_017882.3:c.794_796del	GRCh37	not known	NCL type 6
PAVS_MASTER_1315	Manually curated Data.tsv	PAVS296	UNKNOWN_SEX				CLN6:NM_017882.3:c.794_796delCCT	GRCh37	not known	NCL type 6
PAVS_MASTER_1316	Manually curated Data.tsv	PAVS297	UNKNOWN_SEX				CLN8:NM_018941.4:c.98_763del9318	GRCh37	not known	NCL type 6
PAVS_MASTER_1317	Manually curated Data.tsv	PAVS298	UNKNOWN_SEX				GAA:NM_000152.5:c.1431delT	GRCh37	not known	GSDII
PAVS_MASTER_1318	Manually curated Data.tsv	PAVS299	UNKNOWN_SEX				GAA:NM_000152.5:c.1657C>T	GRCh37	not known	GSDII
PAVS_MASTER_1319	Manually curated Data.tsv	PAVS300	UNKNOWN_SEX				AGL:NM_000028.2:c.4353G>T	GRCh37	not known	GSDIII
PAVS_MASTER_1320	Manually curated Data.tsv	PAVS301	UNKNOWN_SEX				GBE1:NM_000158.4:c.998A>T	GRCh37	not known	GSDIV
PAVS_MASTER_1321	Manually curated Data.tsv	PAVS302	UNKNOWN_SEX				PHKG2:NM_000294.3:c.130C>T	GRCh37	not known	GSD IX
PAVS_MASTER_1322	Manually curated Data.tsv	PAVS303	UNKNOWN_SEX				PHKB:NM_000293.3:c.426_614del	GRCh37	not known	GSD IX
PAVS_MASTER_1323	Manually curated Data.tsv	PAVS304	UNKNOWN_SEX				not known:YP_003024031.1:m.8993T>G	GRCh37	not known	Leigh disease
PAVS_MASTER_1324	Manually curated Data.tsv	PAVS305	UNKNOWN_SEX				COX15:NM_078470.6:c.649C>T	GRCh37	not known	Leigh disease
PAVS_MASTER_1325	Manually curated Data.tsv	PAVS306	UNKNOWN_SEX				PDHA1:NM_001173454:c.1256_1259dup	GRCh37	not known	Pyruvate dehydrogenase deficiency
PAVS_MASTER_1326	Manually curated Data.tsv	PAVS307	UNKNOWN_SEX				PDHA1:NM_000284.4:c.1132C>T	GRCh37	not known	Pyruvate dehydrogenase deficiency
PAVS_MASTER_1327	Manually curated Data.tsv	PAVS308	UNKNOWN_SEX				PC:NM_001040716.2:c.3116_3126del	GRCh37	not known	Pyruvate Carboxylase Deficiency
PAVS_MASTER_1328	Manually curated Data.tsv	PAVS309	UNKNOWN_SEX				DGUOK:NM_080916.3:c.617G>A	GRCh37	not known	Mitochondrial DNA depletion syndrome 3
PAVS_MASTER_1329	Manually curated Data.tsv	PAVS310	UNKNOWN_SEX				SUCLA2:NM_003850.3:c.362_363del	GRCh37	not known	Mitochondrial DNA depletion syndrome 5
PAVS_MASTER_1330	Manually curated Data.tsv	PAVS311	UNKNOWN_SEX				SCO2:NM_005138.3:c.2T>C	GRCh37	not known	fatal infantile|cytochrome c oxidase deficiency 1|Cardioencephalomyopathy
PAVS_MASTER_1331	Manually curated Data.tsv	PAVS312	UNKNOWN_SEX			HP:0001298	SERAC1:NM_032861.4:c.438delC	GRCh37	not known	3-Methylglutaconic aciduria with deafness|and Leigh-like
PAVS_MASTER_1332	Manually curated Data.tsv	PAVS313	UNKNOWN_SEX				COQ9:NM_020312.4:c.184C>T	GRCh37	not known	Primary CoenzymeQ10 deficiency type 5
PAVS_MASTER_1333	Manually curated Data.tsv	PAVS314	UNKNOWN_SEX				AGXT:NM_000030.3:c.187G>C	GRCh37	not known	Primary hyperoxaluria type 1
PAVS_MASTER_1334	Manually curated Data.tsv	PAVS315	UNKNOWN_SEX				PEX5:NM_000319.5:c.1578T>G	GRCh37	not known	Zellweger syndrome
PAVS_MASTER_1335	Manually curated Data.tsv	PAVS316	UNKNOWN_SEX				PEX7:NM_000288.4:c.321_322delTA	GRCh37	OMIM:215100	Rhizomelic chondrodysplasia punctata type 1(OMIM:215100)
PAVS_MASTER_1336	Manually curated Data.tsv	PAVS317	UNKNOWN_SEX				ALG9:NM_001077691:c.1075G>A	GRCh37	OMIM:608776	CONGENITAL DISORDER OF GLYCOSYLATION|TYPE Il|CDG1L(OMIM:608776)
PAVS_MASTER_1337	Manually curated Data.tsv	PAVS318	UNKNOWN_SEX			HP:0001250|HP:0001263	ALKBH8:NM_001301010.1:c.1660C>T	GRCh37	not known	Intellectual deficit
PAVS_MASTER_1338	Manually curated Data.tsv	PAVS319	UNKNOWN_SEX			HP:0000054|HP:0001250|HP:0034454	ALKBH8:NM_001301010.1:c.1660C>T	GRCh37	not known	Intellectual deficit|Attention deficit hyperactive disorder|mild dysmorpism|Undescended testicles|Global developmental delay (global developmental delay)
PAVS_MASTER_1339	Manually curated Data.tsv	PAVS320	UNKNOWN_SEX			HP:0001250|HP:0001263	ALKBH8:NM_001301010.1:c.1794delC	GRCh37	not known	Intellectual deficit
PAVS_MASTER_1340	Manually curated Data.tsv	PAVS321	UNKNOWN_SEX			HP:0000256|HP:0000490|HP:0001090|HP:0001250|HP:0001252|HP:0001263|HP:0001629|HP:0001659|HP:0007018	ALKBH8:NM_001301010.1:c.1794delC	GRCh37	not known	Intellectual deficit|Thickened aortic valve|Congenital heart disease|Linguistic impairment
PAVS_MASTER_1341	Manually curated Data.tsv	PAVS322	UNKNOWN_SEX			HP:0000276|HP:0000400|HP:0001250	ALKBH8:NM_001301010.1:c.1794delC	GRCh37	not known	Intellectual deficit
PAVS_MASTER_1342	Manually curated Data.tsv	PAVS323	UNKNOWN_SEX			HP:0000276|HP:0000400|HP:0001250	ALKBH8:NM_001301010.1:c.1794delC	GRCh37	not known	ID|Prune belly syndrome
PAVS_MASTER_1343	Manually curated Data.tsv	PAVS324	UNKNOWN_SEX			HP:0001250	ALKBH8:NM_001301010.1:c.1794delC	GRCh37	not known	Intellectual deficit|Left solitary kidney|Prune belly syndrome
PAVS_MASTER_1344	Manually curated Data.tsv	PAVS325	UNKNOWN_SEX			HP:0000252|HP:0001263|HP:0001264|HP:0001348|HP:0006895|HP:0100021	NT5C2:NM_012229.5:c.539+1G>T	GRCh37	not known	Paroxysmal epileptic discharge|Subarachnoid epidermal cyst
PAVS_MASTER_1345	Manually curated Data.tsv	PAVS326	UNKNOWN_SEX			HP:0000252|HP:0000752|HP:0001258|HP:0001263|HP:0100021	NT5C2:NM_012229.5:c.539+1G>T	GRCh37	not known	Paroxysmal epileptic discharge
PAVS_MASTER_1346	Manually curated Data.tsv	PAVS327	UNKNOWN_SEX			HP:0001363	ALPL:NM_000478.6:c.293C>T	GRCh37	OMIM:241500	Hypophosphatasia(OMIM:241500)
PAVS_MASTER_1347	Manually curated Data.tsv	PAVS328	UNKNOWN_SEX			HP:0001363	TWIST1:NM_000474.4:c.404T>G	GRCh37	OMIM:101400	SAETHRE-CHOTZEN SYNDROME(OMIM:101400)
PAVS_MASTER_1348	Manually curated Data.tsv	PAVS329	UNKNOWN_SEX			HP:0001363	ALPL:NM_000478.6:c.977G>T	GRCh37	OMIM:241500	Hypophosphatasia(OMIM:241500)
PAVS_MASTER_1349	Manually curated Data.tsv	PAVS330	UNKNOWN_SEX			HP:0001363	FGFR2:NM_000141.5:c.758C>G	GRCh37	OMIM:101200	APERT SYNDROME (OMIM:101200)
PAVS_MASTER_1350	Manually curated Data.tsv	PAVS331	UNKNOWN_SEX			HP:0001085|HP:0001363	FGFR2:NM_000141.5:c.758C>G	GRCh37	OMIM:101200	APERT SYNDROME(OMIM:101200)
PAVS_MASTER_1351	Manually curated Data.tsv	PAVS332	UNKNOWN_SEX			HP:0001363	FREM1:NM_144966.7:c.4023C>G|FREM1:NM_144966.7:c.4564G>A|FREM1:NM_144966.7:c.4789G>T	GRCh37	not known	
PAVS_MASTER_1352	Manually curated Data.tsv	PAVS333	UNKNOWN_SEX			HP:0001363	FGFR2:NM_000141.5:c.755C>G	GRCh37	OMIM:101200	APERT SYNDROME(OMIM:101200)
PAVS_MASTER_1353	Manually curated Data.tsv	PAVS334	UNKNOWN_SEX			HP:0001085|HP:0001363	TWIST1:NM_000474.4:c.397_417dup	GRCh37	OMIM:101400	SAETHRE-CHOTZEN SYNDROME(OMIM:101400)
PAVS_MASTER_1354	Manually curated Data.tsv	PAVS335	UNKNOWN_SEX			HP:0001363	TWIST1:NM_000474.4:c.419C>T	GRCh37	OMIM:101400	SAETHRE-CHOTZEN SYNDROME(OMIM:101400)
PAVS_MASTER_1355	Manually curated Data.tsv	PAVS336	UNKNOWN_SEX			HP:0001363	FGFR2:NM_000141.5:c.334T>C	GRCh37	not known	Pfeiffer syndrome -Type 1
PAVS_MASTER_1356	Manually curated Data.tsv	PAVS337	UNKNOWN_SEX			HP:0001085|HP:0001363	FGFR2:NM_000141.5:c.1070T>C	GRCh37	OMIM:123500	CROUZON SYNDROME(OMIM:123500)
PAVS_MASTER_1357	Manually curated Data.tsv	PAVS338	UNKNOWN_SEX			HP:0001085|HP:0001363	FREM1:NM_144966.7:c.916_936dup	GRCh37	not known	
PAVS_MASTER_1358	Manually curated Data.tsv	PAVS339	UNKNOWN_SEX			HP:0001363	TCF12:NM_207037.2:c.1115-1G>A	GRCh37	not known	
PAVS_MASTER_1359	Manually curated Data.tsv	PAVS340	UNKNOWN_SEX			HP:0001363	FGFR2:NM_000141.5:c.1648A>C	GRCh37	OMIM:123500	CROUZON SYNDROME(OMIM:123500)
PAVS_MASTER_1360	Manually curated Data.tsv	PAVS341	UNKNOWN_SEX			HP:0001363	TCF12:NM_207037.2:c.641C>G	GRCh37	OMIM:615314	
PAVS_MASTER_1361	Manually curated Data.tsv	PAVS342	UNKNOWN_SEX			HP:0001644	FLNC:NM_001127487.2:c.2122_2127del	GRCh37	not known	
PAVS_MASTER_1362	Manually curated Data.tsv	PAVS343	UNKNOWN_SEX				FLNC:NM_001127487.2:c.6589C>T	GRCh37	not known	Restricted cardiomyopathy
PAVS_MASTER_1363	Manually curated Data.tsv	PAVS344	UNKNOWN_SEX			HP:0001644	not known:NM_182493.3:c.1320delT	GRCh37	not known	
PAVS_MASTER_1364	Manually curated Data.tsv	PAVS345	UNKNOWN_SEX			HP:0001644	not known:NM_182493.3:c.1320delT	GRCh37	not known	Atrial septal defect II
PAVS_MASTER_1365	Manually curated Data.tsv	PAVS346	UNKNOWN_SEX			HP:0001644|HP:0030682	not known:NM_182493.3:c.1499G>A	GRCh37	not known	
PAVS_MASTER_1366	Manually curated Data.tsv	PAVS347	UNKNOWN_SEX			HP:0001644	NEXN:NM_144573.4:c.461_462insA	GRCh37	not known	
PAVS_MASTER_1367	Manually curated Data.tsv	PAVS348	UNKNOWN_SEX			HP:0001644	NEXN:NM_144573.4:c.1171C>T	GRCh37	not known	
PAVS_MASTER_1368	Manually curated Data.tsv	PAVS349	UNKNOWN_SEX			HP:0001644	NEXN:NM_144573.4:c.157G>A	GRCh37	not known	
PAVS_MASTER_1369	Manually curated Data.tsv	PAVS350	UNKNOWN_SEX			HP:0001644	VCL:NM_003373.4:c.160C>G	GRCh37	not known	Atrial septal defect II
PAVS_MASTER_1370	Manually curated Data.tsv	PAVS351	UNKNOWN_SEX			HP:0001644	not known:NM_181806.4:c.3176_3177insTGTT	GRCh37	not known	
PAVS_MASTER_1371	Manually curated Data.tsv	PAVS352	UNKNOWN_SEX			HP:0030682	not known:NM_001093.4:c.6305G>A	GRCh37	not known	
PAVS_MASTER_1372	Manually curated Data.tsv	PAVS353	UNKNOWN_SEX			HP:0001644|HP:0030682	CASZ1:NM_001079843.3:c.710C>G	GRCh37	not known	
PAVS_MASTER_1373	Manually curated Data.tsv	PAVS354	UNKNOWN_SEX			HP:0001644	FLII:NM_002018.4:c.2020C>G	GRCh37	not known	Atrial septal defect II
PAVS_MASTER_1374	Manually curated Data.tsv	PAVS355	UNKNOWN_SEX			HP:0001644	FLII:NM_002018.4:c.3718C>T	GRCh37	not known	
PAVS_MASTER_1375	Manually curated Data.tsv	PAVS356	UNKNOWN_SEX			HP:0001644	not known:NM_022450.5:c.1993G>T	GRCh37	not known	
PAVS_MASTER_1376	Manually curated Data.tsv	PAVS357	UNKNOWN_SEX			HP:0001644	not known:NM_022450.5:c.1212delC	GRCh37	not known	
PAVS_MASTER_1377	Manually curated Data.tsv	PAVS358	UNKNOWN_SEX			HP:0001644	not known:NM_022450.5:c.1212delC	GRCh37	not known	
PAVS_MASTER_1378	Manually curated Data.tsv	PAVS359	UNKNOWN_SEX			HP:0001644	RPL3L:NM_005061.3:c.347G>A	GRCh37	not known	
PAVS_MASTER_1379	Manually curated Data.tsv	PAVS360	UNKNOWN_SEX			HP:0001644	not known:NM_003565.4:c.2071C>T	GRCh37	not known	
PAVS_MASTER_1380	Manually curated Data.tsv	PAVS361	UNKNOWN_SEX			HP:0001644	ALMS1:NM_015120:c.12148_12160delCGCTCTGGGGAGC	GRCh37	not known	
PAVS_MASTER_1381	Manually curated Data.tsv	PAVS362	UNKNOWN_SEX			HP:0001644	DSP:NM_004415.4:c.1459A>G	GRCh37	not known	
PAVS_MASTER_1382	Manually curated Data.tsv	PAVS363	UNKNOWN_SEX			HP:0001644|HP:0002224	DSP:NM_004415.4:c.5242delA	GRCh37	not known	
PAVS_MASTER_1383	Manually curated Data.tsv	PAVS364	UNKNOWN_SEX			HP:0001644	JPH2:NM_020433.5:c.35G>C	GRCh37	not known	
PAVS_MASTER_1384	Manually curated Data.tsv	PAVS365	UNKNOWN_SEX			HP:0001644	JPH2:NM_020433.5:c.2029_2030insCTCA	GRCh37	not known	
PAVS_MASTER_1385	Manually curated Data.tsv	PAVS366	UNKNOWN_SEX			HP:0001639	KLHL24:NM_017644.3:c.1161G>A	GRCh37	not known	
PAVS_MASTER_1386	Manually curated Data.tsv	PAVS367	UNKNOWN_SEX			HP:0001644	LDB3:NM_001171610:c.1636C>T	GRCh37	not known	
PAVS_MASTER_1387	Manually curated Data.tsv	PAVS368	UNKNOWN_SEX			HP:0001639	MYBPC3:NM_000256.3:c.1906_1906insA	GRCh37	not known	
PAVS_MASTER_1388	Manually curated Data.tsv	PAVS369	UNKNOWN_SEX			HP:0001644	not known:NM_198060.4:c.400_407delTGCCCAGG	GRCh37	not known	
PAVS_MASTER_1389	Manually curated Data.tsv	PAVS370	UNKNOWN_SEX			HP:0001644	not known:NM_198060.4:c.400_407delTGCCCAGG	GRCh37	not known	
PAVS_MASTER_1390	Manually curated Data.tsv	PAVS371	UNKNOWN_SEX			HP:0001644	not known:NM_198060.4:c.760delA	GRCh37	not known	
PAVS_MASTER_1391	Manually curated Data.tsv	PAVS372	UNKNOWN_SEX			HP:0001644	not known:NM_198060.4:c.760delA	GRCh37	not known	
PAVS_MASTER_1392	Manually curated Data.tsv	PAVS373	UNKNOWN_SEX			HP:0001644	not known:NM_198060.4:c.1019_1019delA	GRCh37	not known	
PAVS_MASTER_1393	Manually curated Data.tsv	PAVS374	UNKNOWN_SEX			HP:0001644	not known:NM_198060.4:c.1579delC	GRCh37	not known	
PAVS_MASTER_1394	Manually curated Data.tsv	PAVS375	UNKNOWN_SEX			HP:0001644	not known:NM_198060.4:c.3568G>T	GRCh37	not known	
PAVS_MASTER_1395	Manually curated Data.tsv	PAVS376	UNKNOWN_SEX			HP:0001629|HP:0001644	PKP2:NM_004572:c.2507C>A	GRCh37	not known	
PAVS_MASTER_1396	Manually curated Data.tsv	PAVS377	UNKNOWN_SEX			HP:0001644|HP:0002224	PPP1R13L:NM_006663.4:c.988_989insC	GRCh37	not known	
PAVS_MASTER_1397	Manually curated Data.tsv	PAVS378	UNKNOWN_SEX			HP:0001639	RAF1:NM_001354689.3:c.781_804delCCTAATGTCCACATGGTCAGCACC	GRCh37	not known	Supra PS|Noonan phenotype
PAVS_MASTER_1398	Manually curated Data.tsv	PAVS379	UNKNOWN_SEX			HP:0001263|HP:0001644|HP:0001942	TMEM70:NM_017866.6:c.479A>C	GRCh37	not known	High ammonia
PAVS_MASTER_1399	Manually curated Data.tsv	PAVS380	UNKNOWN_SEX			HP:0001639	ACADVL:NM_000018.4:c.65C>A	GRCh37	not known	
PAVS_MASTER_1400	Manually curated Data.tsv	PAVS381	UNKNOWN_SEX			HP:0001644	ACADVL:NM_000018.4:c.779C>T	GRCh37	not known	
PAVS_MASTER_1401	Manually curated Data.tsv	PAVS382	UNKNOWN_SEX			HP:0001639	ACADVL:NM_000018.4:c.1748-6G>A	GRCh37	not known	
PAVS_MASTER_1402	Manually curated Data.tsv	PAVS383	UNKNOWN_SEX			HP:0001644	ELAC2:NM_018127.7:c.460T>C	GRCh37	not known	
PAVS_MASTER_1403	Manually curated Data.tsv	PAVS384	UNKNOWN_SEX			HP:0001644	ELAC2:NM_018127.7:c.460T>C	GRCh37	not known	
PAVS_MASTER_1404	Manually curated Data.tsv	PAVS385	UNKNOWN_SEX			HP:0001644	ELAC2:NM_018127.7:c.460T>C	GRCh37	not known	
PAVS_MASTER_1405	Manually curated Data.tsv	PAVS386	UNKNOWN_SEX			HP:0001644	ELAC2:NM_018127.7:c.460T>C	GRCh37	not known	
PAVS_MASTER_1406	Manually curated Data.tsv	PAVS387	UNKNOWN_SEX			HP:0001644	ELAC2:NM_018127.7:c.460T>C	GRCh37	not known	
PAVS_MASTER_1407	Manually curated Data.tsv	PAVS388	UNKNOWN_SEX			HP:0001644	ELAC2:NM_018127.7:c.460T>C	GRCh37	not known	
PAVS_MASTER_1408	Manually curated Data.tsv	PAVS389	UNKNOWN_SEX			HP:0001644	ELAC2:NM_018127.7:c.460T>C	GRCh37	not known	
PAVS_MASTER_1409	Manually curated Data.tsv	PAVS390	UNKNOWN_SEX			HP:0001644	ELAC2:NM_018127.7:c.460T>C	GRCh37	not known	
PAVS_MASTER_1410	Manually curated Data.tsv	PAVS391	UNKNOWN_SEX			HP:0001639	ELAC2:NM_018127.7:c.460T>C	GRCh37	not known	
PAVS_MASTER_1411	Manually curated Data.tsv	PAVS392	UNKNOWN_SEX			HP:0001639	ELAC2:NM_018127.7:c.460T>C	GRCh37	not known	
PAVS_MASTER_1412	Manually curated Data.tsv	PAVS393	UNKNOWN_SEX			HP:0001639	ELAC2:NM_018127.7:c.460T>C	GRCh37	not known	
PAVS_MASTER_1413	Manually curated Data.tsv	PAVS394	UNKNOWN_SEX			HP:0001639	ELAC2:NM_018127.7:c.460T>C	GRCh37	not known	
PAVS_MASTER_1414	Manually curated Data.tsv	PAVS395	UNKNOWN_SEX			HP:0001639	ELAC2:NM_018127.7:c.460T>C	GRCh37	not known	
PAVS_MASTER_1415	Manually curated Data.tsv	PAVS396	UNKNOWN_SEX			HP:0001639	ELAC2:NM_018127.7:c.460T>C	GRCh37	not known	
PAVS_MASTER_1416	Manually curated Data.tsv	PAVS397	UNKNOWN_SEX			HP:0001639	ELAC2:NM_018127.7:c.460T>C	GRCh37	not known	
PAVS_MASTER_1417	Manually curated Data.tsv	PAVS398	UNKNOWN_SEX			HP:0001639	ELAC2:NM_018127.7:c.460T>C	GRCh37	not known	
PAVS_MASTER_1418	Manually curated Data.tsv	PAVS399	UNKNOWN_SEX			HP:0001639	ELAC2:NM_018127.7:c.460T>C	GRCh37	not known	
PAVS_MASTER_1419	Manually curated Data.tsv	PAVS400	UNKNOWN_SEX			HP:0001639	ELAC2:NM_018127.7:c.460T>C	GRCh37	not known	
PAVS_MASTER_1420	Manually curated Data.tsv	PAVS401	UNKNOWN_SEX			HP:0001639	ELAC2:NM_018127.7:c.460T>C	GRCh37	not known	
PAVS_MASTER_1421	Manually curated Data.tsv	PAVS402	UNKNOWN_SEX			HP:0001639	ELAC2:NM_018127.7:c.460T>C	GRCh37	not known	
PAVS_MASTER_1422	Manually curated Data.tsv	PAVS403	UNKNOWN_SEX			HP:0001639	ELAC2:NM_018127.7:c.460T>C	GRCh37	not known	
PAVS_MASTER_1423	Manually curated Data.tsv	PAVS404	UNKNOWN_SEX			HP:0001639	ELAC2:NM_018127.7:c.460T>C	GRCh37	not known	
PAVS_MASTER_1424	Manually curated Data.tsv	PAVS405	UNKNOWN_SEX			HP:0001639	ELAC2:NM_018127.7:c.460T>C	GRCh37	not known	
PAVS_MASTER_1425	Manually curated Data.tsv	PAVS406	UNKNOWN_SEX			HP:0001639	ELAC2:NM_018127.7:c.460T>C	GRCh37	not known	
PAVS_MASTER_1426	Manually curated Data.tsv	PAVS407	UNKNOWN_SEX			HP:0001639	ELAC2:NM_018127.7:c.460T>C	GRCh37	not known	
PAVS_MASTER_1427	Manually curated Data.tsv	PAVS408	UNKNOWN_SEX			HP:0001639	ELAC2:NM_018127.7:c.460T>C	GRCh37	not known	
PAVS_MASTER_1428	Manually curated Data.tsv	PAVS409	UNKNOWN_SEX			HP:0001639	ELAC2:NM_018127.7:c.460T>C	GRCh37	not known	
PAVS_MASTER_1429	Manually curated Data.tsv	PAVS410	UNKNOWN_SEX			HP:0001639	ELAC2:NM_018127.7:c.460T>C	GRCh37	not known	
PAVS_MASTER_1430	Manually curated Data.tsv	PAVS411	UNKNOWN_SEX			HP:0001639	ELAC2:NM_018127.7:c.460T>C	GRCh37	not known	
PAVS_MASTER_1431	Manually curated Data.tsv	PAVS412	UNKNOWN_SEX			HP:0001639	ELAC2:NM_018127.7:c.460T>C	GRCh37	not known	
PAVS_MASTER_1432	Manually curated Data.tsv	PAVS413	UNKNOWN_SEX			HP:0001639	ELAC2:NM_018127.7:c.460T>C	GRCh37	not known	
PAVS_MASTER_1433	Manually curated Data.tsv	PAVS414	UNKNOWN_SEX			HP:0001644	ACADVL:NM_000018.4:c.65C>A	GRCh37	not known	
PAVS_MASTER_1434	Manually curated Data.tsv	PAVS415	UNKNOWN_SEX			HP:0001644	ACADVL:NM_000018.4:c.65C>A	GRCh37	not known	
PAVS_MASTER_1435	Manually curated Data.tsv	PAVS416	UNKNOWN_SEX			HP:0001644	ACADVL:NM_000018.4:c.65C>A	GRCh37	not known	
PAVS_MASTER_1436	Manually curated Data.tsv	PAVS417	UNKNOWN_SEX			HP:0001639	ACADVL:NM_000018.4:c.65C>A	GRCh37	not known	
PAVS_MASTER_1437	Manually curated Data.tsv	PAVS418	UNKNOWN_SEX			HP:0001639	ACADVL:NM_000018.4:c.65C>A	GRCh37	not known	
PAVS_MASTER_1438	Manually curated Data.tsv	PAVS419	UNKNOWN_SEX			HP:0001639	ACADVL:NM_000018.4:c.65C>A	GRCh37	not known	
PAVS_MASTER_1439	Manually curated Data.tsv	PAVS420	UNKNOWN_SEX			HP:0001639	ACADVL:NM_000018.4:c.65C>A	GRCh37	not known	
PAVS_MASTER_1440	Manually curated Data.tsv	PAVS421	UNKNOWN_SEX			HP:0001639	ACADVL:NM_000018.4:c.65C>A	GRCh37	not known	
PAVS_MASTER_1441	Manually curated Data.tsv	PAVS422	UNKNOWN_SEX			HP:0001639	ACADVL:NM_000018.4:c.65C>A	GRCh37	not known	
PAVS_MASTER_1442	Manually curated Data.tsv	PAVS423	UNKNOWN_SEX			HP:0001639	ACADVL:NM_000018.4:c.65C>A	GRCh37	not known	
PAVS_MASTER_1443	Manually curated Data.tsv	PAVS424	UNKNOWN_SEX			HP:0001639	ACADVL:NM_000018.4:c.65C>A	GRCh37	not known	
PAVS_MASTER_1444	Manually curated Data.tsv	PAVS425	UNKNOWN_SEX			HP:0001639	ACADVL:NM_000018.4:c.65C>A	GRCh37	not known	
PAVS_MASTER_1445	Manually curated Data.tsv	PAVS426	UNKNOWN_SEX			HP:0001639	ACADVL:NM_000018.4:c.65C>A	GRCh37	not known	
PAVS_MASTER_1446	Manually curated Data.tsv	PAVS427	UNKNOWN_SEX			HP:0001639	ACADVL:NM_000018.4:c.65C>A	GRCh37	not known	
PAVS_MASTER_1447	Manually curated Data.tsv	PAVS428	UNKNOWN_SEX			HP:0001639	ACADVL:NM_000018.4:c.65C>A	GRCh37	not known	
PAVS_MASTER_1448	Manually curated Data.tsv	PAVS429	UNKNOWN_SEX			HP:0001639	ACADVL:NM_000018.4:c.65C>A	GRCh37	not known	
PAVS_MASTER_1449	Manually curated Data.tsv	PAVS430	UNKNOWN_SEX			HP:0001639	ELAC2:NM_018127.7:c.460T>C	GRCh37	not known	
PAVS_MASTER_1450	Manually curated Data.tsv	PAVS431	UNKNOWN_SEX			HP:0001644	ELAC2:NM_018127.7:c.460T>C	GRCh37	not known	
PAVS_MASTER_1451	Manually curated Data.tsv	PAVS432	UNKNOWN_SEX			HP:0001250|HP:0001263|HP:0001644	ELAC2:NM_018127.7:c.460T>C	GRCh37	not known	Pericardial effeusio
PAVS_MASTER_1452	Manually curated Data.tsv	PAVS433	UNKNOWN_SEX			HP:0001639	ELAC2:NM_018127.7:c.460T>C	GRCh37	not known	Pericardial effeusion
PAVS_MASTER_1453	Manually curated Data.tsv	PAVS434	UNKNOWN_SEX			HP:0001639	ELAC2:NM_018127.7:c.460T>C	GRCh37	not known	
PAVS_MASTER_1454	Manually curated Data.tsv	PAVS435	UNKNOWN_SEX			HP:0001639	ELAC2:NM_018127.7:c.460T>C	GRCh37	not known	
PAVS_MASTER_1455	Manually curated Data.tsv	PAVS436	UNKNOWN_SEX			HP:0001639	ELAC2:NM_018127.7:c.460T>C	GRCh37	not known	
PAVS_MASTER_1456	Manually curated Data.tsv	PAVS437	UNKNOWN_SEX			HP:0001639	ELAC2:NM_018127.7:c.460T>C	GRCh37	not known	Pericardial effeusion
PAVS_MASTER_1457	Manually curated Data.tsv	PAVS438	UNKNOWN_SEX			HP:0001639	ELAC2:NM_018127.7:c.460T>C	GRCh37	not known	
PAVS_MASTER_1458	Manually curated Data.tsv	PAVS439	UNKNOWN_SEX			HP:0001639	ELAC2:NM_018127.7:c.460T>C	GRCh37	not known	Pericardial effeusion
PAVS_MASTER_1459	Manually curated Data.tsv	PAVS440	UNKNOWN_SEX			HP:0001644	ELAC2:NM_018127.7:c.460T>C	GRCh37	not known	
PAVS_MASTER_1460	Manually curated Data.tsv	PAVS441	UNKNOWN_SEX			HP:0001639	ELAC2:NM_018127.7:c.460T>C	GRCh37	not known	
PAVS_MASTER_1461	Manually curated Data.tsv	PAVS442	UNKNOWN_SEX			HP:0001639	ELAC2:NM_018127.7:c.460T>C	GRCh37	not known	Pericardial effeusion
PAVS_MASTER_1462	Manually curated Data.tsv	PAVS443	UNKNOWN_SEX			HP:0001639	ELAC2:NM_018127.7:c.460T>C	GRCh37	not known	Pericardial effeusion
PAVS_MASTER_1463	Manually curated Data.tsv	PAVS444	UNKNOWN_SEX			HP:0001511|HP:0001639	ELAC2:NM_018127.7:c.460T>C	GRCh37	not known	Pericardial effeusion
PAVS_MASTER_1464	Manually curated Data.tsv	PAVS445	UNKNOWN_SEX			HP:0001639	ELAC2:NM_018127.7:c.460T>C	GRCh37	not known	
PAVS_MASTER_1465	Manually curated Data.tsv	PAVS446	UNKNOWN_SEX			HP:0045045	ACADVL:NM_000018.4:c.65C>A	GRCh37	OMIM:201475	ACYL-CoA DEHYDROGENASE|DEFICIENCY OF|ACADVLD(OMIM:201475)|VERY LONG-CHAIN
PAVS_MASTER_1466	Manually curated Data.tsv	PAVS447	UNKNOWN_SEX			HP:0045045	ACADVL:NM_000018.4:c.134C>A	GRCh37	OMIM:201475	ACYL-CoA DEHYDROGENASE|DEFICIENCY OF|ACADVLD(OMIM:201475)|VERY LONG-CHAIN
PAVS_MASTER_1467	Manually curated Data.tsv	PAVS448	UNKNOWN_SEX			HP:0045045	ACADVL:NM_000018.4:c.134C>A	GRCh37	OMIM:201475	ACYL-CoA DEHYDROGENASE|DEFICIENCY OF|ACADVLD(OMIM:201475)|VERY LONG-CHAIN
PAVS_MASTER_1468	Manually curated Data.tsv	PAVS449	UNKNOWN_SEX			HP:0001263|HP:0001290|HP:0001999|HP:0045045	ACADVL:NM_001270447:c.494T>C|ZNF423:NM_015069.5:c.3250G>A	GRCh37	OMIM:201475	ACYL-CoA DEHYDROGENASE|DEFICIENCY OF|VERY LONG-CHAIN|Dysmorphic features|ACADVLD(OMIM:201475)
PAVS_MASTER_1469	Manually curated Data.tsv	PAVS450	UNKNOWN_SEX			HP:0045045	ACADVL:NM_000018.4:c.1349G>A	GRCh37	OMIM:201475	ACYL-CoA DEHYDROGENASE|DEFICIENCY OF|ACADVLD(OMIM:201475)|VERY LONG-CHAIN
PAVS_MASTER_1470	Manually curated Data.tsv	PAVS451	UNKNOWN_SEX			HP:0000365|HP:0008625	TMC1:NM_138691.3:c.100C>T	GRCh37	OMIM:600974	DFNB(OMIM:600974)|AUTOSOMAL RECESSIVE 7
PAVS_MASTER_1471	Manually curated Data.tsv	PAVS452	UNKNOWN_SEX			HP:0000365|HP:0008625	TMC1:NM_138691.3:c.100C>T	GRCh37	OMIM:600974	DFNB(OMIM:600974)|AUTOSOMAL RECESSIVE 7
PAVS_MASTER_1472	Manually curated Data.tsv	PAVS453	UNKNOWN_SEX			HP:0000365|HP:0008625	TMC1:NM_138691.3:c.100C>T	GRCh37	OMIM:600974	DFNB(OMIM:600974)|AUTOSOMAL RECESSIVE 7
PAVS_MASTER_1473	Manually curated Data.tsv	PAVS454	UNKNOWN_SEX			HP:0000365|HP:0008625	TMC1:NM_138691.3:c.1714G>A	GRCh37	OMIM:606705	DFNA36(OMIM:606705)|AUTOSOMAL DOMINANT 36
PAVS_MASTER_1474	Manually curated Data.tsv	PAVS455	UNKNOWN_SEX			HP:0000365|HP:0008625	TMC1:NM_138691.3:c.100C>T	GRCh37	OMIM:600974	DFNB(OMIM:600974)|AUTOSOMAL RECESSIVE 7
PAVS_MASTER_1475	Manually curated Data.tsv	PAVS456	UNKNOWN_SEX			HP:0000365|HP:0008625	TMC1:NM_138691.3:c.100C>T	GRCh37	OMIM:600974	DFNB(OMIM:600974)|AUTOSOMAL RECESSIVE 7
PAVS_MASTER_1476	Manually curated Data.tsv	PAVS457	UNKNOWN_SEX			HP:0000365|HP:0008625	TMC1:NM_138691.3:c.1396_1398del	GRCh37	OMIM:600974	DFNB(OMIM:600974)|AUTOSOMAL RECESSIVE 7
PAVS_MASTER_1477	Manually curated Data.tsv	PAVS458	UNKNOWN_SEX			HP:0000365|HP:0008625	TMC1:NM_138691.3:c.100C>T	GRCh37	OMIM:600974	DFNB(OMIM:600974)|AUTOSOMAL RECESSIVE 7
PAVS_MASTER_1478	Manually curated Data.tsv	PAVS459	UNKNOWN_SEX			HP:0000365|HP:0008625	TMC1:NM_138691.3:c.100C>T	GRCh37	OMIM:600974	DFNB(OMIM:600974)|AUTOSOMAL RECESSIVE 7
PAVS_MASTER_1479	Manually curated Data.tsv	PAVS460	UNKNOWN_SEX			HP:0000365|HP:0008625	TMC1:NM_138691.3:c.100C>T	GRCh37	OMIM:600974	DFNB(OMIM:600974)|AUTOSOMAL RECESSIVE 7
PAVS_MASTER_1480	Manually curated Data.tsv	PAVS461	UNKNOWN_SEX			HP:0000365|HP:0008625	TMC1:NM_138691.3:c.758C>T	GRCh37	OMIM:600974	DFNB(OMIM:600974)|AUTOSOMAL RECESSIVE 7
PAVS_MASTER_1481	Manually curated Data.tsv	PAVS462	UNKNOWN_SEX			HP:0000365|HP:0008625	TMC1:NM_138691.3:c.758C>T	GRCh37	OMIM:600974	DFNB(OMIM:600974)|AUTOSOMAL RECESSIVE 7
PAVS_MASTER_1482	Manually curated Data.tsv	PAVS463	UNKNOWN_SEX			HP:0000365|HP:0008625	TMC1:NM_138691.3:c.100C>T	GRCh37	OMIM:600974	DFNB(OMIM:600974)|AUTOSOMAL RECESSIVE 7
PAVS_MASTER_1483	Manually curated Data.tsv	PAVS464	UNKNOWN_SEX			HP:0000365|HP:0008625	TMC1:NM_138691.3:c.100C>T	GRCh37	OMIM:600974	DFNB(OMIM:600974)|AUTOSOMAL RECESSIVE 7
PAVS_MASTER_1484	Manually curated Data.tsv	PAVS465	UNKNOWN_SEX			HP:0000365|HP:0008625	TMC1:NM_138691.3:c.100C>T	GRCh37	OMIM:600974	DFNB(OMIM:600974)|AUTOSOMAL RECESSIVE 7
PAVS_MASTER_1485	Manually curated Data.tsv	PAVS466	UNKNOWN_SEX			HP:0000365|HP:0008625	TMC1:NM_138691.3:c.362+3A>G	GRCh37	OMIM:600974	DFNB(OMIM:600974)|AUTOSOMAL RECESSIVE 7
PAVS_MASTER_1486	Manually curated Data.tsv	PAVS467	UNKNOWN_SEX			HP:0000365|HP:0008625	TMC1:NM_138691.3:c.362+3A>G	GRCh37	OMIM:600974	DFNB(OMIM:600974)|AUTOSOMAL RECESSIVE 7
PAVS_MASTER_1487	Manually curated Data.tsv	PAVS468	UNKNOWN_SEX			HP:0000365|HP:0008625	TMC1:NM_138691.3:c.100C>T	GRCh37	OMIM:600974	DFNB(OMIM:600974)|AUTOSOMAL RECESSIVE 7
PAVS_MASTER_1488	Manually curated Data.tsv	PAVS469	UNKNOWN_SEX			HP:0000365|HP:0008625	TMC1:NM_138691.3:c.100C>T	GRCh37	OMIM:600974	DFNB(OMIM:600974)|AUTOSOMAL RECESSIVE 7
PAVS_MASTER_1489	Manually curated Data.tsv	PAVS470	UNKNOWN_SEX			HP:0000238|HP:0000557|HP:0000568|HP:0004488|HP:0007260	POMT1:NM_007171.3:c.280+1G>T	GRCh37	OMIM:236670	MUSCULAR DYSTROPHY-DYSTROGLYCANOPATHY (CONGENITAL WITH BRAIN AND EYE ANOMALIES)|Subcortical cyst|1|TYPE A|MDevelopmental delayGA1(OMIM:236670)
PAVS_MASTER_1490	Manually curated Data.tsv	PAVS471	UNKNOWN_SEX			HP:0000238|HP:0000557|HP:0000568|HP:0004488|HP:0007260	POMT1:NM_007171.3:c.1241+4_1241+7del	GRCh37	OMIM:236670	MUSCULAR DYSTROPHY-DYSTROGLYCANOPATHY (CONGENITAL WITH BRAIN AND EYE ANOMALIES)|1|TYPE A|Basifrontal midline fusion|MDevelopmental delayGA1(OMIM:236670)
PAVS_MASTER_1491	Manually curated Data.tsv	PAVS472	UNKNOWN_SEX			HP:0000238|HP:0000557|HP:0000568|HP:0002126|HP:0004488|HP:0007260	POMT1:NM_007171.3:c.1241+4_1241+7del	GRCh37	OMIM:236670	MUSCULAR DYSTROPHY-DYSTROGLYCANOPATHY (CONGENITAL WITH BRAIN AND EYE ANOMALIES)|Subependymal heterotopia|1|TYPE A|MDevelopmental delayGA1(OMIM:236670)|Cerebellar heterotopia
PAVS_MASTER_1492	Manually curated Data.tsv	PAVS473	UNKNOWN_SEX			HP:0000238|HP:0000557|HP:0000568|HP:0004488|HP:0007260	POMT1:NM_007171.3:c.280+1G>T	GRCh37	OMIM:236670	TYPE A|MUSCULAR DYSTROPHY-DYSTROGLYCANOPATHY (CONGENITAL WITH BRAIN AND EYE ANOMALIES)|MDevelopmental delayGA1(OMIM:236670)|1
PAVS_MASTER_1493	Manually curated Data.tsv	PAVS474	UNKNOWN_SEX			HP:0000238|HP:0000557|HP:0000568|HP:0004488|HP:0007260	POMT1:NM_007171.3:c.1241+4_1241+7del	GRCh37	OMIM:236670	TYPE A|MUSCULAR DYSTROPHY-DYSTROGLYCANOPATHY (CONGENITAL WITH BRAIN AND EYE ANOMALIES)|MDevelopmental delayGA1(OMIM:236670)|1
PAVS_MASTER_1494	Manually curated Data.tsv	PAVS475	UNKNOWN_SEX			HP:0000238|HP:0000557|HP:0000568|HP:0004488|HP:0007260	not known:NM_014254.3:c.997G>A	GRCh37	OMIM:615041	TYPE A|MUSCULAR DYSTROPHY-DYSTROGLYCANOPATHY (CONGENITAL WITH BRAIN AND EYE ANOMALIES)|10|MDevelopmental delayGA10(OMIM:615041)
PAVS_MASTER_1495	Manually curated Data.tsv	PAVS476	UNKNOWN_SEX			HP:0000238|HP:0000557|HP:0000568|HP:0004488|HP:0007260	not known:NM_014254.3:c.389G>A	GRCh37	OMIM:615041	MUSCULAR DYSTROPHY-DYSTROGLYCANOPATHY (CONGENITAL WITH BRAIN AND EYE ANOMALIES)|MDevelopmental delayGA10(OMIM:615041)|Subependymal heterotopia|TYPE A|10
PAVS_MASTER_1496	Manually curated Data.tsv	PAVS477	UNKNOWN_SEX			HP:0000238|HP:0000557|HP:0000568|HP:0004488|HP:0007260	not known:NM_014254.3:c.389G>A	GRCh37	OMIM:615041	TYPE A|MUSCULAR DYSTROPHY-DYSTROGLYCANOPATHY (CONGENITAL WITH BRAIN AND EYE ANOMALIES)|10|MDevelopmental delayGA10(OMIM:615041)
PAVS_MASTER_1497	Manually curated Data.tsv	PAVS478	UNKNOWN_SEX			HP:0000238|HP:0000557|HP:0000568|HP:0004488|HP:0006888|HP:0007260	not known:NM_001101426.4:c.641C>T|not known:NC_000007.13:g.16312789_16323521del	GRCh37	OMIM:614643	"Occipital polymicrogyria|Occipital midline fusion|MUSCULAR DYSTROPHY-DYSTROGLYCANOPATHY (CONGENITAL WITH BRAIN AND EYE ANOMALIES)|7|Subependymal heterotopia
Open lip schizencephaly|MDevelopmental delayGA7(OMIM:614643)|Moderate ventriculomegaly|TYPE A|Elongated thick tectum|High occipital encephalocele|Moderate ventricular dilatation"
PAVS_MASTER_1498	Manually curated Data.tsv	PAVS479	UNKNOWN_SEX			HP:0000238|HP:0000557|HP:0000568|HP:0004488|HP:0007260	not known:NM_001101426.4:c.790-1G>C|PGAP2:NM_001256236:c.362C>T	GRCh37	OMIM:614643	MUSCULAR DYSTROPHY-DYSTROGLYCANOPATHY (CONGENITAL WITH BRAIN AND EYE ANOMALIES)|7|Subependymal heterotopia|MDevelopmental delayGA7(OMIM:614643)|TYPE A
PAVS_MASTER_1499	Manually curated Data.tsv	PAVS480	UNKNOWN_SEX			HP:0000238|HP:0000557|HP:0000568|HP:0004488|HP:0007260	POMT2:NM_013382.7:c.1159delA	GRCh37	OMIM:613150	"MUSCULAR DYSTROPHY-DYSTROGLYCANOPATHY (CONGENITAL WITH BRAIN AND EYE ANOMALIES)|TYPE A|MDevelopmental delayGA2(OMIM:613150 )|2|Subcortical cyst
Frontal midline fusion"
PAVS_MASTER_1500	Manually curated Data.tsv	PAVS481	UNKNOWN_SEX			HP:0000463|HP:0000486|HP:0001249|HP:0001251|HP:0001252|HP:0001263|HP:0007772|HP:0011220	RPGRIP1L:NM_015272.5:c.1649A>G	GRCh37	not known	
PAVS_MASTER_1501	Manually curated Data.tsv	PAVS482	UNKNOWN_SEX			HP:0000486|HP:0000657|HP:0001249|HP:0001251|HP:0001252|HP:0001263|HP:0007772	AHI1:NM_001134831.2:c.1328T>A	GRCh37	not known	
PAVS_MASTER_1502	Manually curated Data.tsv	PAVS483	UNKNOWN_SEX			HP:0000107|HP:0000463|HP:0000486|HP:0001249|HP:0001252|HP:0001263|HP:0007772|HP:0011220	CEP290:NM_025114.4:c.4714G>T	GRCh37	not known	
PAVS_MASTER_1503	Manually curated Data.tsv	PAVS484	UNKNOWN_SEX			HP:0000463|HP:0000486|HP:0001249|HP:0001252|HP:0001263|HP:0007772|HP:0011220	TMEM237:NM_001044385.3:c.869+1G>A	GRCh37	not known	
PAVS_MASTER_1504	Manually curated Data.tsv	PAVS485	UNKNOWN_SEX			HP:0000463|HP:0000486|HP:0001249|HP:0001252|HP:0001263|HP:0007772|HP:0010828|HP:0011220	not known:NM_023073.4:c.7978C>T	GRCh37	not known	
PAVS_MASTER_1505	Manually curated Data.tsv	PAVS486	UNKNOWN_SEX			HP:0000463|HP:0000486|HP:0001249|HP:0001252|HP:0001263|HP:0007772|HP:0011220	not known:NM_023073.4:c.7988_7989delGA	GRCh37	not known	
PAVS_MASTER_1506	Manually curated Data.tsv	PAVS487	UNKNOWN_SEX			HP:0000463|HP:0000486|HP:0000512|HP:0001249|HP:0001263|HP:0002436|HP:0007772|HP:0011220	not known:NM_023073.4:c.7988_7989delGA	GRCh37	not known	
PAVS_MASTER_1507	Manually curated Data.tsv	PAVS488	UNKNOWN_SEX			HP:0000463|HP:0000486|HP:0001249|HP:0001252|HP:0001263|HP:0007772|HP:0011220	TCTN1:NM_001082538.3:c.342-2A>G	GRCh37	not known	
PAVS_MASTER_1508	Manually curated Data.tsv	PAVS489	UNKNOWN_SEX			HP:0000463|HP:0000486|HP:0001249|HP:0001252|HP:0001263|HP:0007772|HP:0011220	TCTN1:NM_001082538.3:c.342-2A>G	GRCh37	not known	
PAVS_MASTER_1509	Manually curated Data.tsv	PAVS490	UNKNOWN_SEX			HP:0000463|HP:0000486|HP:0000512|HP:0001249|HP:0001251|HP:0001252|HP:0001263|HP:0007772|HP:0011220	TCTN1:NM_001082538.3:c.342-2A>G	GRCh37	not known	
PAVS_MASTER_1510	Manually curated Data.tsv	PAVS491	UNKNOWN_SEX			HP:0000463|HP:0000486|HP:0001249|HP:0001251|HP:0001252|HP:0001263|HP:0007772|HP:0011220	AHI1:NM_001134831.3:c.1328T>A	GRCh37	not known	
PAVS_MASTER_1511	Manually curated Data.tsv	PAVS492	UNKNOWN_SEX			HP:0000463|HP:0000486|HP:0000556|HP:0001249|HP:0001251|HP:0001252|HP:0001263|HP:0007772|HP:0011220	CEP290:NM_025114.4:c.5668G>T	GRCh37	not known	
PAVS_MASTER_1512	Manually curated Data.tsv	PAVS493	UNKNOWN_SEX			HP:0000107|HP:0000486|HP:0001249|HP:0001252|HP:0001263|HP:0007772|HP:0010442|HP:0011220	CEP290:NM_025114.4:c.5668G>T	GRCh37	not known	
PAVS_MASTER_1513	Manually curated Data.tsv	PAVS494	UNKNOWN_SEX			HP:0002344	GM2A:NM_000405.5:c.164C>T	GRCh37	not known	
PAVS_MASTER_1514	Manually curated Data.tsv	PAVS495	UNKNOWN_SEX			HP:0000252|HP:0001337	not known:NM_015087.5:c.1450_1451insA	GRCh37	not known	speech and motor delay|and strabismus
PAVS_MASTER_1515	Manually curated Data.tsv	PAVS496	UNKNOWN_SEX				CYP27A1:NM_000784:c.1342C>T	GRCh37	not known	severe choreoathetosis
PAVS_MASTER_1516	Manually curated Data.tsv	PAVS497	UNKNOWN_SEX			HP:0000252	NPC2:NM_006432:c.88G>A	GRCh37	not known	static encephalopathy
PAVS_MASTER_1517	Manually curated Data.tsv	PAVS498	UNKNOWN_SEX			HP:0001250|HP:0001263	ARFGEF2:NM_006420:c.656_657insC	GRCh37	not known	and hydrocephalus
PAVS_MASTER_1518	Manually curated Data.tsv	PAVS499	UNKNOWN_SEX			HP:0001263|HP:0011451	PNKP:NM_007254:c.1250_1251insAACGGGTCGCCATCGAC	GRCh37	not known	
PAVS_MASTER_1519	Manually curated Data.tsv	PAVS500	UNKNOWN_SEX			HP:0000508|HP:0010305	RYR1:NM_000540:c.6617C>T	GRCh37	not known	
PAVS_MASTER_1520	Manually curated Data.tsv	PAVS501	UNKNOWN_SEX				FBN2:NM_001999:c.1064G>A	GRCh37	not known	fetal akinesia with brain ischemia and neonatal death
PAVS_MASTER_1521	Manually curated Data.tsv	PAVS502	UNKNOWN_SEX				BRCA2:NM_000059.3:c.9152delC	GRCh37	not known	primordial dwarfism
PAVS_MASTER_1522	Manually curated Data.tsv	PAVS503	UNKNOWN_SEX				EVC2:NM_147127.4:c.3870_3893dup	GRCh37	not known	Meckel-Gruber syndrome
PAVS_MASTER_1523	Manually curated Data.tsv	PAVS504	UNKNOWN_SEX				DDHD2:NM_015214.2:c.1249_1891del	GRCh37	not known	isolated cerebellar atrophy
PAVS_MASTER_1524	Manually curated Data.tsv	PAVS505	UNKNOWN_SEX			HP:0003811	WDR81:NM_001163809:c.845G>A	GRCh37	not known	severe brain malformation (hydranencephaly and severe cerebellar hypoplasia)
PAVS_MASTER_1525	Manually curated Data.tsv	PAVS506	UNKNOWN_SEX			HP:0001249	ZNF526:NM_133444:c.479A>C	GRCh37	not known	and pulmonary stenosis|Noonan-like facies
PAVS_MASTER_1526	Manually curated Data.tsv	PAVS507	UNKNOWN_SEX				not known:NM_020247:c.1744dup	GRCh37	not known	isolated cerebellar hypoplasia
PAVS_MASTER_1527	Manually curated Data.tsv	PAVS508	UNKNOWN_SEX				SBF1:NM_002972:c.1327G>A	GRCh37	not known	Charcot-Marie-Tooth with microcephaly|ophthalmoplegia and syndactyly
PAVS_MASTER_1528	Manually curated Data.tsv	PAVS509	UNKNOWN_SEX			HP:0000252|HP:0000750|HP:0001257|HP:0002079	AP4M1:NM_004722:c.952C>T	GRCh37	not known	and brain atrophy.|brain MRI: hypomyelination
PAVS_MASTER_1529	Manually curated Data.tsv	PAVS510	UNKNOWN_SEX			HP:0003811|HP:0011451	not known:NM_017785:c.1724_1747del	GRCh37	not known	
PAVS_MASTER_1530	Manually curated Data.tsv	PAVS511	UNKNOWN_SEX			HP:0001263|HP:0045028	not known:NM_207312:c.643C>T	GRCh37	not known	
PAVS_MASTER_1531	Manually curated Data.tsv	PAVS512	UNKNOWN_SEX			HP:0001263|HP:0011451	not known:NM_017553:c.1501T>C|not known:NM_017553:c.3737G>A	GRCh37	not known	
PAVS_MASTER_1532	Manually curated Data.tsv	PAVS513	UNKNOWN_SEX			HP:0000238|HP:0001263|HP:0001324	not known:NM_002508.2:c.3385+1G>A	GRCh37	not known	
PAVS_MASTER_1533	Manually curated Data.tsv	PAVS514	UNKNOWN_SEX			HP:0001263|HP:0011451	TSEN15:NM_001127394:c.226T>G	GRCh37	not known	
PAVS_MASTER_1534	Manually curated Data.tsv	PAVS515	UNKNOWN_SEX			HP:0001250|HP:0001263|HP:0001508	not known:NM_147192:c.367C>T	GRCh37	not known	
PAVS_MASTER_1535	Manually curated Data.tsv	PAVS516	UNKNOWN_SEX			HP:0003198	not known:NM_001135598:c.779G>A	GRCh37	not known	
PAVS_MASTER_1536	Manually curated Data.tsv	PAVS517	UNKNOWN_SEX			HP:0001263	not known:NM_020374:c.637_638insAAAC	GRCh37	not known	
PAVS_MASTER_1537	Manually curated Data.tsv	PAVS518	UNKNOWN_SEX			HP:0000729	not known:NM_020212:c.280T>C	GRCh37	not known	
PAVS_MASTER_1538	Manually curated Data.tsv	PAVS519	UNKNOWN_SEX			HP:0001263|HP:0012444	not known:NM_021908:c.489T>G	GRCh37	not known	
PAVS_MASTER_1539	Manually curated Data.tsv	PAVS520	UNKNOWN_SEX			HP:0001360	not known:NM_030590:c.515G>C	GRCh37	not known	
PAVS_MASTER_1540	Manually curated Data.tsv	PAVS521	UNKNOWN_SEX			HP:0001249|HP:0001250	SEC24D:NM_014822:c.697G>C	GRCh37	not known	
PAVS_MASTER_1541	Manually curated Data.tsv	PAVS522	UNKNOWN_SEX			HP:0001263|HP:0011451	not known:NM_018938.2:c.915del	GRCh37	not known	
PAVS_MASTER_1542	Manually curated Data.tsv	PAVS523	UNKNOWN_SEX			HP:0001263|HP:0012444	PTPN23:NM_015466:c.3995G>T	GRCh37	not known	
PAVS_MASTER_1543	Manually curated Data.tsv	PAVS524	UNKNOWN_SEX			HP:0001263|HP:0001999	TAF6:NM_005641.3:c.212T>C	GRCh37	not known	Dysmorphism
PAVS_MASTER_1544	Manually curated Data.tsv	PAVS525	UNKNOWN_SEX			HP:0001250|HP:0001252|HP:0001263|HP:0001629|HP:0001999	TBCK:NM_033115:c.1708+1G>A	GRCh37	not known	Dysmorphism
PAVS_MASTER_1545	Manually curated Data.tsv	PAVS526	UNKNOWN_SEX			HP:0001790	GUSB:NM_000181:c.307C>T	GRCh37	not known	
PAVS_MASTER_1546	Manually curated Data.tsv	PAVS527	UNKNOWN_SEX			HP:0001790	GUSB:NM_000181:c.1586A>G	GRCh37	not known	
PAVS_MASTER_1547	Manually curated Data.tsv	PAVS528	UNKNOWN_SEX			HP:0001790	CHRNA1:NM_001039523:c.762C>T	GRCh37	not known	
PAVS_MASTER_1548	Manually curated Data.tsv	PAVS529	UNKNOWN_SEX			HP:0001790	PIGC:NM_002642:c.659T>C	GRCh37	not known	
PAVS_MASTER_1549	Manually curated Data.tsv	PAVS530	UNKNOWN_SEX			HP:0001790	not known:NM_016936:c.2356T>A	GRCh37	not known	
PAVS_MASTER_1550	Manually curated Data.tsv	PAVS531	UNKNOWN_SEX			HP:0001790	GUSB:NM_000181:c.1144C>T	GRCh37	not known	
PAVS_MASTER_1551	Manually curated Data.tsv	PAVS532	UNKNOWN_SEX			HP:0001790	not known:NM_001373:c.3755T>A	GRCh37	not known	
PAVS_MASTER_1552	Manually curated Data.tsv	PAVS533	UNKNOWN_SEX			HP:0001790	THSD1:NM_018676:c.617G>A	GRCh37	not known	
PAVS_MASTER_1553	Manually curated Data.tsv	PAVS534	UNKNOWN_SEX			HP:0001790	NEB:NM_001164507:c.21076C>T	GRCh37	not known	
PAVS_MASTER_1554	Manually curated Data.tsv	PAVS535	UNKNOWN_SEX			HP:0001790	CTSA:NM_000308:c.649delC	GRCh37	not known	
PAVS_MASTER_1555	Manually curated Data.tsv	PAVS536	UNKNOWN_SEX			HP:0001790	not known:NM_003803:c.4987G>A	GRCh37	not known	
PAVS_MASTER_1556	Manually curated Data.tsv	PAVS537	UNKNOWN_SEX			HP:0001790	GUSB:NM_000181:c.398G>C	GRCh37	not known	
PAVS_MASTER_1557	Manually curated Data.tsv	PAVS538	UNKNOWN_SEX			HP:0001790	FZD6:NM_001164616:c.773A>G	GRCh37	not known	
PAVS_MASTER_1558	Manually curated Data.tsv	PAVS539	UNKNOWN_SEX			HP:0001790	THSD1:NM_018676:c.617G>A	GRCh37	not known	
PAVS_MASTER_1559	Manually curated Data.tsv	PAVS540	UNKNOWN_SEX			HP:0001790	GUSB:NM_000181:c.1069C>T	GRCh37	not known	
PAVS_MASTER_1560	Manually curated Data.tsv	PAVS541	UNKNOWN_SEX			HP:0001790	not known:NM_024572.4:c.1273C>T	GRCh37	not known	
PAVS_MASTER_1561	Manually curated Data.tsv	PAVS542	UNKNOWN_SEX			HP:0001790	THSD1:NM_018676.4:c.617G>A	GRCh37	not known	
PAVS_MASTER_1562	Manually curated Data.tsv	PAVS543	UNKNOWN_SEX			HP:0001790	THSD1:NM_018676.4:c.670G>A	GRCh37	not known	
PAVS_MASTER_1563	Manually curated Data.tsv	PAVS544	UNKNOWN_SEX			HP:0001790	not known:NM_024572.4:c.1273C>T	GRCh37	not known	
PAVS_MASTER_1564	Manually curated Data.tsv	PAVS545	UNKNOWN_SEX			HP:0001790	THSD1:NM_018676.4:c.617G>A	GRCh37	not known	
PAVS_MASTER_1565	Manually curated Data.tsv	PAVS546	UNKNOWN_SEX			HP:0001790	THSD1:NM_018676.4:c.670G>A	GRCh37	not known	
PAVS_MASTER_1566	Manually curated Data.tsv	PAVS547	UNKNOWN_SEX			HP:0002098|HP:0010576	ECHS1:NM_004092.4:c.88+5G>A	GRCh37	not known	High isoleucine|Elevated alanine|severe metabolic acidosis|Nonresponsive hypotension|Elevated glycine|Elevated valine|Elevated pyruvic acid|Elevated lactic acid
PAVS_MASTER_1567	Manually curated Data.tsv	PAVS548	UNKNOWN_SEX			HP:0002098	ECHS1:NM_004092.4:c.88+5G>A	GRCh37	not known	High isoleucine|Elevated alanine|nonresponsive hypotension|severe metabolic acidosis|low citrulline level|Elevated glycine|Elevated valine
PAVS_MASTER_1568	Manually curated Data.tsv	PAVS549	UNKNOWN_SEX			HP:0001394	ATP7B:NM_000053.4:c.4193delC	GRCh37	not known	
PAVS_MASTER_1569	Manually curated Data.tsv	PAVS550	UNKNOWN_SEX			HP:0001394	ATP7B:NM_000053.4:c.4193delC	GRCh37	not known	
PAVS_MASTER_1570	Manually curated Data.tsv	PAVS551	UNKNOWN_SEX			HP:0001394	ATP7B:NM_000053.4:c.4193delC	GRCh37	not known	Neuronal degeneration
PAVS_MASTER_1571	Manually curated Data.tsv	PAVS552	UNKNOWN_SEX			HP:0001394	ATP7B:NM_000053.4:c.4193delC	GRCh37	not known	Neuronal degeneration
PAVS_MASTER_1572	Manually curated Data.tsv	PAVS553	UNKNOWN_SEX			HP:0000708|HP:0000716|HP:0000739|HP:0001251|HP:0001260|HP:0001288|HP:0001332|HP:0001337|HP:0002312|HP:0100543	ATP7B:NM_000053.4:c.4193delC	GRCh37	not known	Parkinsonian syndrome
PAVS_MASTER_1573	Manually curated Data.tsv	PAVS554	UNKNOWN_SEX			HP:0000708|HP:0000716|HP:0000739|HP:0001251|HP:0001260|HP:0001288|HP:0001332|HP:0001337|HP:0002312|HP:0100543	ATP7B:NM_000053.4:c.4193delC	GRCh37	not known	Parkinsonian syndrome
PAVS_MASTER_1574	Manually curated Data.tsv	PAVS555	UNKNOWN_SEX			HP:0000708|HP:0000716|HP:0000739|HP:0001251|HP:0001260|HP:0001288|HP:0001332|HP:0001337|HP:0002312|HP:0100543	ATP7B:NM_000053.4:c.4193delC	GRCh37	not known	Parkinsonian syndrome
PAVS_MASTER_1575	Manually curated Data.tsv	PAVS556	UNKNOWN_SEX				ATP7B:NM_000053.4:c.4193delC	GRCh37	not known	Abnormal liver enzyme
PAVS_MASTER_1576	Manually curated Data.tsv	PAVS557	UNKNOWN_SEX			HP:0200032	ATP7B:NM_000053.4:c.4193delC	GRCh37	not known	Abnormal liver enzyme
PAVS_MASTER_1577	Manually curated Data.tsv	PAVS558	UNKNOWN_SEX			HP:0000708|HP:0000716|HP:0000739|HP:0001251|HP:0001260|HP:0001288|HP:0001332|HP:0001337|HP:0002312|HP:0100543|HP:0200032	ATP7B:NM_000053.4:c.4193delC	GRCh37	not known	Parkinsonian syndrome|Abnormal liver enzyme
PAVS_MASTER_1578	Manually curated Data.tsv	PAVS559	UNKNOWN_SEX			HP:0200032	ATP7B:NM_000053.4:c.4193delC	GRCh37	not known	
PAVS_MASTER_1579	Manually curated Data.tsv	PAVS560	UNKNOWN_SEX			HP:0200032	ATP7B:NM_000053.4:c.2230T>C	GRCh37	not known	
PAVS_MASTER_1580	Manually curated Data.tsv	PAVS561	UNKNOWN_SEX			HP:0000708|HP:0000716|HP:0000739|HP:0001251|HP:0001260|HP:0001288|HP:0001332|HP:0001337|HP:0002312|HP:0100543|HP:0200032	ATP7B:NM_000053.4:c.2230T>C	GRCh37	not known	Parkinsonian syndrome
PAVS_MASTER_1581	Manually curated Data.tsv	PAVS562	UNKNOWN_SEX			HP:0000708|HP:0000716|HP:0000739|HP:0001251|HP:0001260|HP:0001288|HP:0001332|HP:0001337|HP:0002312|HP:0100543|HP:0200032	ATP7B:NM_000053.4:c.2230T>C	GRCh37	not known	Parkinsonian syndrome
PAVS_MASTER_1582	Manually curated Data.tsv	PAVS563	UNKNOWN_SEX			HP:0000708|HP:0000716|HP:0000739|HP:0001251|HP:0001260|HP:0001288|HP:0001332|HP:0001337|HP:0002312|HP:0100543|HP:0200032	ATP7B:NM_000053.4:c.2230T>C	GRCh37	not known	Parkinsonian syndrome|Abnormal liver enzyme
PAVS_MASTER_1583	Manually curated Data.tsv	PAVS564	UNKNOWN_SEX			HP:0200032	ATP7B:NM_000053.4:c.2230T>C	GRCh37	not known	Abnormal liver enzyme
PAVS_MASTER_1584	Manually curated Data.tsv	PAVS565	UNKNOWN_SEX			HP:0000708|HP:0000716|HP:0000739|HP:0001251|HP:0001260|HP:0001288|HP:0001332|HP:0001337|HP:0002312|HP:0100543|HP:0200032	ATP7B:NM_000053.4:c.4021G>A	GRCh37	not known	Parkinsonian syndrome
PAVS_MASTER_1585	Manually curated Data.tsv	PAVS566	UNKNOWN_SEX			HP:0001394|HP:0001399|HP:0002240|HP:0200122	ATP7B:NM_000053.4:c.4193delC	GRCh37	not known	Hepatic coma|High liver copper
PAVS_MASTER_1586	Manually curated Data.tsv	PAVS567	UNKNOWN_SEX			HP:0001394|HP:0001399|HP:0002240|HP:0200122	ATP7B:NM_000053.4:c.4193delC	GRCh37	not known	Hepatic coma|High liver copper
PAVS_MASTER_1587	Manually curated Data.tsv	PAVS568	UNKNOWN_SEX			HP:0001394|HP:0001399|HP:0002240|HP:0200122	ATP7B:NM_000053.4:c.4193delC	GRCh37	not known	Hepatic coma|High liver copper
PAVS_MASTER_1588	Manually curated Data.tsv	PAVS569	UNKNOWN_SEX				ATP7B:NM_000053.4:c.4193delC	GRCh37	not known	Abnormal liver enzyme
PAVS_MASTER_1589	Manually curated Data.tsv	PAVS570	UNKNOWN_SEX				ATP7B:NM_000053.4:c.4193delC	GRCh37	not known	Abnormal liver enzyme
PAVS_MASTER_1590	Manually curated Data.tsv	PAVS571	UNKNOWN_SEX				ATP7B:NM_000053.4:c.4193delC	GRCh37	not known	Abnormal liver enzyme
PAVS_MASTER_1591	Manually curated Data.tsv	PAVS572	UNKNOWN_SEX			HP:0000708|HP:0000716|HP:0000739|HP:0001251|HP:0001260|HP:0001288|HP:0001332|HP:0001337|HP:0002312|HP:0100543	ATP7B:NM_000053.4:c.4193delC	GRCh37	not known	Parkinsonian syndrome
PAVS_MASTER_1592	Manually curated Data.tsv	PAVS573	UNKNOWN_SEX			HP:0000708|HP:0000716|HP:0000739|HP:0001251|HP:0001260|HP:0001288|HP:0001332|HP:0001337|HP:0002312|HP:0100543	ATP7B:NM_000053.4:c.4193delC	GRCh37	not known	Parkinsonian syndrome
PAVS_MASTER_1593	Manually curated Data.tsv	PAVS574	UNKNOWN_SEX			HP:0000708|HP:0000716|HP:0000739|HP:0001251|HP:0001260|HP:0001288|HP:0001332|HP:0001337|HP:0002312|HP:0100543	ATP7B:NM_000053.4:c.4193delC	GRCh37	not known	Parkinsonian syndrome|Abnormal liver enzyme
PAVS_MASTER_1594	Manually curated Data.tsv	PAVS575	UNKNOWN_SEX			HP:0000708|HP:0000716|HP:0000739|HP:0001251|HP:0001260|HP:0001288|HP:0001332|HP:0001337|HP:0002312|HP:0100543	ATP7B:NM_000053.4:c.4193delC	GRCh37	not known	Parkinsonian syndrome|Abnormal liver enzyme
PAVS_MASTER_1595	Manually curated Data.tsv	PAVS576	UNKNOWN_SEX			HP:0000708|HP:0000716|HP:0000739|HP:0001251|HP:0001260|HP:0001288|HP:0001332|HP:0001337|HP:0002312|HP:0100543	ATP7B:NM_000053.4:c.4193delC	GRCh37	not known	Parkinsonian syndrome|Abnormal liver enzyme
PAVS_MASTER_1596	Manually curated Data.tsv	PAVS577	UNKNOWN_SEX			HP:0000708|HP:0000716|HP:0000739|HP:0001251|HP:0001260|HP:0001288|HP:0001332|HP:0001337|HP:0002312|HP:0100543	ATP7B:NM_000053.4:c.4193delC	GRCh37	not known	Parkinsonian syndrome|Abnormal liver enzyme
PAVS_MASTER_1597	Manually curated Data.tsv	PAVS578	UNKNOWN_SEX			HP:0000708|HP:0000716|HP:0000739|HP:0001251|HP:0001260|HP:0001288|HP:0001332|HP:0001337|HP:0002312|HP:0100543	ATP7B:NM_000053.4:c.4193delC	GRCh37	not known	Parkinsonian syndrome|Abnormal liver enzyme
PAVS_MASTER_1598	Manually curated Data.tsv	PAVS579	UNKNOWN_SEX			HP:0000708|HP:0000716|HP:0000739|HP:0001251|HP:0001260|HP:0001288|HP:0001332|HP:0001337|HP:0002312|HP:0100543	ATP7B:NM_000053.4:c.4193delC	GRCh37	not known	Parkinsonian syndrome|Abnormal liver enzyme
PAVS_MASTER_1599	Manually curated Data.tsv	PAVS580	UNKNOWN_SEX			HP:0000708|HP:0000716|HP:0000739|HP:0001251|HP:0001260|HP:0001288|HP:0001332|HP:0001337|HP:0002312|HP:0100543	ATP7B:NM_000053.4:c.4193delC	GRCh37	not known	Parkinsonian syndrome|Abnormal liver enzyme
PAVS_MASTER_1600	Manually curated Data.tsv	PAVS581	UNKNOWN_SEX			HP:0000708|HP:0000716|HP:0000739|HP:0001251|HP:0001260|HP:0001288|HP:0001332|HP:0001337|HP:0002312|HP:0100543	ATP7B:NM_000053.4:c.4193delC	GRCh37	not known	Parkinsonian syndrome|Abnormal liver enzyme
PAVS_MASTER_1601	Manually curated Data.tsv	PAVS582	UNKNOWN_SEX			HP:0001254|HP:0001612|HP:0002240|HP:0002883|HP:0011968	ASL:NM_000048.4:c.1060C>T	GRCh37	not known	Hyperammonaemia|Attention deﬁcit|Hyperammonaemic crisis|Mild acidosis|Elevated ASA|Linguistic delay|Subnormal mentality|Elevated liver enzyme|Elevated citrulline|Low blood urea nitrogen|Elevated alanine aminotransferase
PAVS_MASTER_1602	Manually curated Data.tsv	PAVS583	UNKNOWN_SEX			HP:0001254|HP:0001612|HP:0002240|HP:0002883|HP:0011968	ASL:NM_000048.4:c.1060C>T	GRCh37	not known	Hyperammonaemia|Attention deﬁcit|Hyperammonaemic crisis|Mild acidosis|Elevated ASA|Linguistic delay|Subnormal mentality|Elevated liver enzyme|Elevated citrulline|Low blood urea nitrogen|Elevated alanine aminotransferase
PAVS_MASTER_1603	Manually curated Data.tsv	PAVS584	UNKNOWN_SEX				ACADM:NM_000016.6:c.362C>T	GRCh37	OMIM:201450	ACYL-CoA DEHYDROGENASE|MEDIUM-CHAIN|ACADMD(OMIM:201450)|DEFICIENCY OF
PAVS_MASTER_1604	Manually curated Data.tsv	PAVS585	UNKNOWN_SEX				ACADM:NM_000016.6:c.362C>T|ACADM:NM_000016.6:c.347G>A	GRCh37	OMIM:201450	ACYL-CoA DEHYDROGENASE|MEDIUM-CHAIN|ACADMD(OMIM:201450)|DEFICIENCY OF
PAVS_MASTER_1605	Manually curated Data.tsv	PAVS586	UNKNOWN_SEX			HP:0001132|HP:0001249|HP:0001250	CBS:NM_000071.3:c.770C>T	GRCh37	not known	Cerebral vessels tortuosity
PAVS_MASTER_1606	Manually curated Data.tsv	PAVS587	UNKNOWN_SEX			HP:0000718|HP:0001132|HP:0001249|HP:0001250	CBS:NM_000071.3:c.969G>A	GRCh37	not known	White matter demyelination
PAVS_MASTER_1607	Manually curated Data.tsv	PAVS588	UNKNOWN_SEX			HP:0001132|HP:0001249	CBS:NM_000071.3:c.969G>A	GRCh37	not known	
PAVS_MASTER_1608	Manually curated Data.tsv	PAVS589	UNKNOWN_SEX			HP:0000822|HP:0000939|HP:0001132|HP:0001249|HP:0002758|HP:0011703	CBS:NM_000071.3:c.969G>A	GRCh37	not known	Scoliosisa|Recurrent aspiration|paparesis|Cerebral vessels tortuosity
PAVS_MASTER_1609	Manually curated Data.tsv	PAVS590	UNKNOWN_SEX				CBS:NM_000071.3:c.969G>A	GRCh37	not known	High plasma methionine|Elevated plasma homocysteine level
PAVS_MASTER_1610	Manually curated Data.tsv	PAVS591	UNKNOWN_SEX			HP:0000939|HP:0001132|HP:0001249|HP:0002758	CBS:NM_000071.3:c.969G>A	GRCh37	not known	
PAVS_MASTER_1611	Manually curated Data.tsv	PAVS592	UNKNOWN_SEX				CBS:NM_000071.3:c.969G>A	GRCh37	not known	High plasma methionine|Elevated plasma homocysteine level
PAVS_MASTER_1612	Manually curated Data.tsv	PAVS593	UNKNOWN_SEX			HP:0001132|HP:0001249|HP:0006897	CBS:NM_000071.3:c.969G>A	GRCh37	not known	
PAVS_MASTER_1613	Manually curated Data.tsv	PAVS594	UNKNOWN_SEX				CBS:NM_000071.3:c.969G>A	GRCh37	not known	High plasma methionine|Elevated plasma homocysteine level
PAVS_MASTER_1614	Manually curated Data.tsv	PAVS595	UNKNOWN_SEX			HP:0000939|HP:0001132	CBS:NM_000071.3:c.969G>A	GRCh37	not known	Scoliosisa
PAVS_MASTER_1615	Manually curated Data.tsv	PAVS596	UNKNOWN_SEX			HP:0001132|HP:0002099	CBS:NM_000071.3:c.969G>A	GRCh37	not known	Scoliosisa
PAVS_MASTER_1616	Manually curated Data.tsv	PAVS597	UNKNOWN_SEX			HP:0001132|HP:0001249|HP:0001250|HP:0001258|HP:0001332|HP:0002650	CBS:NM_000071.3:c.1006C>T	GRCh37	not known	Reduced nerve conduction velocity|joint contractures|White matter demyelination
PAVS_MASTER_1617	Manually curated Data.tsv	PAVS598	UNKNOWN_SEX			HP:0000939|HP:0001132|HP:0001249|HP:0002091|HP:0002758	CBS:NM_000071.3:c.1006C>T	GRCh37	not known	Scoliosisa|Joint deformity|Neck Dystonia
PAVS_MASTER_1618	Manually curated Data.tsv	PAVS599	UNKNOWN_SEX			HP:0000023|HP:0000939|HP:0001132|HP:0001249|HP:0002857	CBS:NM_000071.3:c.1006C>T	GRCh37	not known	Scoliosisa
PAVS_MASTER_1619	Manually curated Data.tsv	PAVS600	UNKNOWN_SEX			HP:0000718|HP:0000939|HP:0001132|HP:0001249|HP:0002857|HP:0007018	CBS:NM_000071.3:c.1006C>T	GRCh37	not known	Scoliosisa|White matter demyelination
PAVS_MASTER_1620	Manually curated Data.tsv	PAVS601	UNKNOWN_SEX			HP:0000939|HP:0001249|HP:0001337|HP:0011838|HP:0100651	CBS:NM_000071.3:c.969G>A	GRCh37	not known	Scoliosisa
PAVS_MASTER_1621	Manually curated Data.tsv	PAVS602	UNKNOWN_SEX				CBS:NM_000071.3:c.969G>A	GRCh37	not known	Legg-Calve-Perthes disease
PAVS_MASTER_1622	Manually curated Data.tsv	PAVS603	UNKNOWN_SEX			HP:0001249|HP:0001250|HP:0002301|HP:0007018	CBS:NM_000071.3:c.969G>A	GRCh37	not known	Scoliosisa|Superior sagittal sinus|Recurrent aspiration|Thrombosis
PAVS_MASTER_1623	Manually curated Data.tsv	PAVS604	UNKNOWN_SEX			HP:0003235|HP:0010919	CBS:NM_000071.3:c.969G>A	GRCh37	not known	
PAVS_MASTER_1624	Manually curated Data.tsv	PAVS605	UNKNOWN_SEX			HP:0000939|HP:0001132|HP:0001249|HP:0007018|HP:0009830	CBS:NM_000071.3:c.457G>A	GRCh37	not known	Scoliosisa|Reduced nerve conduction velocity Cerebral vessels tortuosity|Lower limb varicose veins
PAVS_MASTER_1625	Manually curated Data.tsv	PAVS606	UNKNOWN_SEX			HP:0000826|HP:0001132|HP:0001249|HP:0007018	CBS:NM_000071.3:c.457G>A	GRCh37	not known	
PAVS_MASTER_1626	Manually curated Data.tsv	PAVS607	UNKNOWN_SEX			HP:0001132|HP:0001249|HP:0007018	CBS:NM_000071.3:c.969G>A	GRCh37	not known	Aggressive behaviorn
PAVS_MASTER_1627	Manually curated Data.tsv	PAVS608	UNKNOWN_SEX				SLC26A3:NM_000111.3:c.559G>T	GRCh37	OMIM:214700	DIAR1(OMIM:214700)|SECRETORY CHLORIDE|CONGENITAL|DIARRHEA 1
PAVS_MASTER_1628	Manually curated Data.tsv	PAVS609	UNKNOWN_SEX				SLC26A3:NM_000111.3:c.559G>T	GRCh37	OMIM:214700	DIAR1(OMIM:214700)|SECRETORY CHLORIDE|CONGENITAL|DIARRHEA 1
PAVS_MASTER_1629	Manually curated Data.tsv	PAVS610	UNKNOWN_SEX				SLC26A3:NM_000111.3:c.559G>T	GRCh37	OMIM:214700	DIAR1(OMIM:214700)|SECRETORY CHLORIDE|CONGENITAL|DIARRHEA 1
PAVS_MASTER_1630	Manually curated Data.tsv	PAVS611	UNKNOWN_SEX				SLC26A3:NM_000111.3:c.559G>T	GRCh37	OMIM:214700	DIAR1(OMIM:214700)|SECRETORY CHLORIDE|CONGENITAL|DIARRHEA 1
PAVS_MASTER_1631	Manually curated Data.tsv	PAVS612	UNKNOWN_SEX			HP:0001941|HP:0001943|HP:0001987|HP:0002149	HMGCL:NM_000191.3:c.122G>A	GRCh37	not known	Elevated lactate level|Increased anion gap|Elevated transaminase activity
PAVS_MASTER_1632	Manually curated Data.tsv	PAVS613	UNKNOWN_SEX			HP:0001941|HP:0001943|HP:0001987|HP:0002149	HMGCL:NM_000191.3:c.IVS6+1G>A	GRCh37	not known	Elevated lactate level|Increased anion gap|Elevated transaminase activity
PAVS_MASTER_1633	Manually curated Data.tsv	PAVS614	UNKNOWN_SEX			HP:0001941|HP:0001943|HP:0001987|HP:0002149	HMGCL:NM_000191.3:c.914_915del	GRCh37	not known	Elevated lactate level|Increased anion gap|Elevated transaminase activity
PAVS_MASTER_1634	Manually curated Data.tsv	PAVS615	UNKNOWN_SEX				HMGCL:NM_000191.3:c.122G>A	GRCh37	not known	HMGCL(OMIM:613898)|3-HYDROXY-3-METHYLGLUTARYL-CoA LYASE
PAVS_MASTER_1635	Manually curated Data.tsv	PAVS616	UNKNOWN_SEX			HP:0001250|HP:0001254	HMGCL:NM_000191.3:c.122G>A	GRCh37	not known	Cardiopulmonary arrest|Tachypnoea|Hyperpnoea
PAVS_MASTER_1636	Manually curated Data.tsv	PAVS617	UNKNOWN_SEX				HMGCL:NM_000191.3:c.122G>A	GRCh37	not known	HMGCL(OMIM:613898)|3-HYDROXY-3-METHYLGLUTARYL-CoA LYASE
PAVS_MASTER_1637	Manually curated Data.tsv	PAVS618	UNKNOWN_SEX			HP:0001942|HP:0001943|HP:0001987	HMGCL:NM_000191.3:c.914_915del	GRCh37	not known	
PAVS_MASTER_1638	Manually curated Data.tsv	PAVS619	UNKNOWN_SEX			HP:0001259	HMGCL:NM_000191.3:c.914_915del	GRCh37	not known	Low free carnitine|Elevated 3-methylglutaconic|Elevated 3-hydroxy-3-methylglutaric|Severe metabolic acidosis|High blood 3-hydroxy-isovaleric acids|Elevated 3-methylglutaric|Low total carnitine
PAVS_MASTER_1639	Manually curated Data.tsv	PAVS620	UNKNOWN_SEX			HP:0001942|HP:0002173|HP:0002240	HMGCL:NM_000191.3:c.122G>A	GRCh37	not known	Elevated 3-hydroxyisovaleric levels|Elevated 3-hydroxy-3-methylglutaric acid.|Elevated 3-methylglutaric levels|Elevated 3-methylglutaconic
PAVS_MASTER_1640	Manually curated Data.tsv	PAVS621	UNKNOWN_SEX			HP:0001942|HP:0002173|HP:0002240	HMGCL:NM_000191.3:c.122G>A	GRCh37	not known	Elevated 3-hydroxyisovaleric levels|Elevated 3-hydroxy-3-methylglutaric acid.|Elevated 3-methylglutaric levels|Elevated 3-methylglutaconic
PAVS_MASTER_1641	Manually curated Data.tsv	PAVS622	UNKNOWN_SEX			HP:0000252|HP:0000965|HP:0001250|HP:0001252|HP:0001508|HP:0001999|HP:0002240|HP:0002652|HP:0003186|HP:0009125|HP:0012448	ALG9:NM_001077691:c.1075G>A	GRCh37	not known	Mild tricuspid regurgitation|Developmental disability|Dysmorphic features
PAVS_MASTER_1642	Manually curated Data.tsv	PAVS623	UNKNOWN_SEX			HP:0000252|HP:0000486|HP:0000767|HP:0001250|HP:0001252|HP:0001321|HP:0001508|HP:0001999|HP:0002240|HP:0002652|HP:0003186|HP:0012448	ALG9:NM_001077691:c.1075G>A	GRCh37	not known	Developmental disability|Dysmorphic features
PAVS_MASTER_1643	Manually curated Data.tsv	PAVS624	UNKNOWN_SEX			HP:0000252|HP:0001250|HP:0001252|HP:0001321|HP:0001508|HP:0001631|HP:0001999|HP:0002240|HP:0002652|HP:0003186|HP:0012448	ALG9:NM_001077691:c.1075G>A	GRCh37	not known	Right ventricle dilatation|Developmental disability|Dysmorphic features|Mild pericardial effusion
PAVS_MASTER_1644	Manually curated Data.tsv	PAVS625	UNKNOWN_SEX			HP:0000252|HP:0001250|HP:0001252|HP:0001321|HP:0001508|HP:0001631|HP:0001999|HP:0002240|HP:0002652|HP:0003186|HP:0012448	ALG9:NM_001077691:c.1075G>A	GRCh37	not known	Right ventricle dilatation|Developmental disability|Dysmorphic features|Mild pericardial effusion
PAVS_MASTER_1645	Manually curated Data.tsv	PAVS626	UNKNOWN_SEX			HP:0000252|HP:0001250|HP:0001508	ALG9:NM_001077691:c.1075G>A	GRCh37	not known	Developmental disability
PAVS_MASTER_1646	Manually curated Data.tsv	PAVS627	UNKNOWN_SEX			HP:0000252|HP:0000768|HP:0000975|HP:0001508|HP:0001999|HP:0002240|HP:0002652|HP:0005180|HP:0009125	ALG9:NM_001077691:c.1075G>A	GRCh37	not known	Developmental disability|Dysmorphic features
PAVS_MASTER_1647	Manually curated Data.tsv	PAVS628	UNKNOWN_SEX			HP:0000252|HP:0001250|HP:0001508|HP:0001999|HP:0012448	ALG9:NM_001077691:c.1075G>A	GRCh37	not known	Developmental disability|Dysmorphic features
PAVS_MASTER_1648	Manually curated Data.tsv	PAVS629	UNKNOWN_SEX			HP:0000486|HP:0000965|HP:0001250|HP:0001252|HP:0001508|HP:0001999|HP:0002240|HP:0002652|HP:0003186|HP:0009125|HP:0012448	ALG9:NM_001077691:c.1075G>A	GRCh37	not known	Mild tricuspid regurgitation|Developmental disability|Dysmorphic features
PAVS_MASTER_1649	Manually curated Data.tsv	PAVS630	UNKNOWN_SEX			HP:0000252|HP:0001252|HP:0001321|HP:0001508|HP:0001999|HP:0002240|HP:0002652|HP:0003811	ALG3:NM_005787.6:c.512G>A	GRCh37	not known	"Pulmonary hypertension|Prematurity|Developmental disability|renal dysplasia""|Dysmorphic features|Large PDA|Cerebral wide sulci|""Nephrocalcinosis"
PAVS_MASTER_1650	Manually curated Data.tsv	PAVS631	UNKNOWN_SEX			HP:0000252|HP:0001252|HP:0001321|HP:0001508|HP:0001999|HP:0002240|HP:0002652	ALG3:NM_005787.6:c.512G>A	GRCh37	not known	"Neonatal deat|Pulmonary hypertension|Prematurity|Developmental disability|renal dysplasia""|Dysmorphic features|Large PDA|Cerebral wide sulci|""Nephrocalcinosis"
PAVS_MASTER_1651	Manually curated Data.tsv	PAVS632	UNKNOWN_SEX			HP:0001252|HP:0001508|HP:0001999|HP:0002652|HP:0003811	ALG3:NM_005787.6:c.512G>A	GRCh37	not known	Developmental disability|Ureteropelvic junction dysfunction|Dysmorphic features
PAVS_MASTER_1652	Manually curated Data.tsv	PAVS633	UNKNOWN_SEX			HP:0000252|HP:0000776|HP:0001252|HP:0001321|HP:0001508|HP:0001629|HP:0001643|HP:0001999|HP:0002089|HP:0002240|HP:0002652|HP:0003241|HP:0003811	ALG3:NM_005787.6:c.512G>A	GRCh37	not known	MS|Prematurity|TR|Developmental disability|Dysmorphic features
PAVS_MASTER_1653	Manually curated Data.tsv	PAVS634	UNKNOWN_SEX			HP:0000062|HP:0000252|HP:0001252|HP:0001508|HP:0001999|HP:0002240|HP:0002652|HP:0003811	ALG3:NM_005787.6:c.512G>A	GRCh37	not known	AVentricular septal defect|truncus arteriosus type II|Prematurity|Developmental disability|Dysmorphic features
PAVS_MASTER_1654	Manually curated Data.tsv	PAVS635	UNKNOWN_SEX			HP:0000062|HP:0000252|HP:0001252|HP:0001508|HP:0001643|HP:0001655|HP:0001999|HP:0002240|HP:0002652|HP:0003811	ALG3:NM_005787.6:c.512G>A	GRCh37	not known	poor biventricular function|Prematurity|Dysmorphic features
PAVS_MASTER_1655	Manually curated Data.tsv	PAVS636	UNKNOWN_SEX			HP:0001252|HP:0001339|HP:0001508|HP:0001999|HP:0002240|HP:0002652|HP:0003811	ALG3:NM_005787.6:c.512G>A	GRCh37	not known	Developmental disability|Dysmorphic features
PAVS_MASTER_1656	Manually curated Data.tsv	PAVS637	UNKNOWN_SEX			HP:0000252|HP:0000486|HP:0001252|HP:0001274|HP:0001321|HP:0001508|HP:0001659|HP:0001999|HP:0002652|HP:0003186|HP:0009125	COG6:NM_020751.3:c.1378G>T	GRCh37	not known	"−|large PDA""|Prematurity|Developmental disability|""Dysplastic aortic valve|Dysmorphic features"
PAVS_MASTER_1657	Manually curated Data.tsv	PAVS638	UNKNOWN_SEX			HP:0000252|HP:0001250|HP:0001252|HP:0001321|HP:0001508|HP:0001999	COG6:NM_020751.3:c.1167-24A>G	GRCh37	not known	−|Developmental disability|Dysmorphic features|Hypohydrosis|Hypo− myelination
PAVS_MASTER_1658	Manually curated Data.tsv	PAVS639	UNKNOWN_SEX			HP:0001252|HP:0001508|HP:0001789|HP:0001999	COG6:NM_020751.3:c.1167-24A>G	GRCh37	not known	"reduced WM|closed PFO""|−|thin splenium of corpus callosum""|Prematurity|Developmental disability|Dysmorphic features|Hypohydrosis|""Small Ventricular septal defect|""PVL"
PAVS_MASTER_1659	Manually curated Data.tsv	PAVS640	UNKNOWN_SEX			HP:0000252|HP:0001508|HP:0001999|HP:0002652	COG6:NM_020751.3:c.1167-24A>G	GRCh37	not known	−|Developmental disability|Dysmorphic features|Hypohydrosis
PAVS_MASTER_1660	Manually curated Data.tsv	PAVS641	UNKNOWN_SEX			HP:0000252|HP:0001252|HP:0001508|HP:0001999	COG6:NM_020751.3:c.1167-24A>G	GRCh37	not known	"Increased AFP|""Delayed myelination|−|Prematurity|Developmental disability|thin corpus callosum""|Dysmorphic features|Decreased IGF-1"
PAVS_MASTER_1661	Manually curated Data.tsv	PAVS642	UNKNOWN_SEX			HP:0000252|HP:0000717|HP:0001252|HP:0001508|HP:0001999|HP:0009125|HP:0033725	COG6:NM_020751.3:c.1075-9T>G	GRCh37	not known	−|Developmental disability|Dysmorphic features
PAVS_MASTER_1662	Manually curated Data.tsv	PAVS643	UNKNOWN_SEX			HP:0000252|HP:0000486|HP:0001252|HP:0001488|HP:0001508|HP:0001999|HP:0006970	COG6:NM_020751.3:c.1167-24A>G	GRCh37	not known	"−|Developmental disability|""Brain atrophy|Dysmorphic features|Hypohydrosis|bright T2 along corticospinal tract"""
PAVS_MASTER_1663	Manually curated Data.tsv	PAVS644	UNKNOWN_SEX			HP:0000252|HP:0001250|HP:0001508|HP:0001999|HP:0012444	MGAT2:NM_002408.3:c.711G>C	GRCh37	not known	Scalp psoriasis|Developmental disability|Dysmorphic features
PAVS_MASTER_1664	Manually curated Data.tsv	PAVS645	UNKNOWN_SEX			HP:0000252|HP:0000767|HP:0001508|HP:0001643|HP:0001999	MGAT2:NM_002408.3:c.711G<C	GRCh37	not known	Developmental disability|mild left ventricle dilatation|Dysmorphic features
PAVS_MASTER_1665	Manually curated Data.tsv	PAVS646	UNKNOWN_SEX			HP:0000252|HP:0001007|HP:0001508|HP:0001789|HP:0001999	MGAT2:NM_002408.3:c.711G<C	GRCh37	not known	Bilateral symmetrical T2 hyperintensity involving central tegmental tracts|Developmental disability|Dysmorphic features
PAVS_MASTER_1666	Manually curated Data.tsv	PAVS647	UNKNOWN_SEX			HP:0001942|HP:0001987|HP:0002919|HP:0031796	PCCA:NM_000282.4:c.111_130del20	GRCh37	not known	Pancytopenia and increased serum lipase
PAVS_MASTER_1667	Manually curated Data.tsv	PAVS648	UNKNOWN_SEX			HP:0001942|HP:0001987|HP:0002919|HP:0031796	PCCA:NM_000282.4:c.266C>G	GRCh37	not known	Pancytopenia and increased serum lipase
PAVS_MASTER_1668	Manually curated Data.tsv	PAVS649	UNKNOWN_SEX			HP:0001942	PCCA:NM_000282.4:c.955C>T	GRCh37	not known	
PAVS_MASTER_1669	Manually curated Data.tsv	PAVS650	UNKNOWN_SEX			HP:0001252|HP:0001298|HP:0001733|HP:0001876|HP:0001987|HP:0002919	PCCA:NM_000282.4:c.1375_1391dup|PCCA:NM_000282.4:c.1391ins	GRCh37	not known	ID|Recurrent metabolic acidosis|Increased serum lipase
PAVS_MASTER_1670	Manually curated Data.tsv	PAVS651	UNKNOWN_SEX			HP:0001876|HP:0001987|HP:0002919	PCCA:NM_000282.4:c.2120T>G	GRCh37	not known	Recurrent metabolic acidosis
PAVS_MASTER_1671	Manually curated Data.tsv	PAVS652	UNKNOWN_SEX			HP:0001876|HP:0001987|HP:0002919	PCCB:NM_000532.5:c.90_108delins14	GRCh37	not known	Recurrentmetabolic acidosis
PAVS_MASTER_1672	Manually curated Data.tsv	PAVS653	UNKNOWN_SEX			HP:0001876|HP:0001987|HP:0002919	PCCB:NM_000532.5:c.518_543del26	GRCh37	not known	Recurrent metabolic acidosis
PAVS_MASTER_1673	Manually curated Data.tsv	PAVS654	UNKNOWN_SEX			HP:0001987	PCCB:NM_000532.5:c.629T>C	GRCh37	not known	Recurrent metabolic acidosis|Pancytopenia increased serum lipase|hypoglycemia ketonuria
PAVS_MASTER_1674	Manually curated Data.tsv	PAVS655	UNKNOWN_SEX			HP:0001987|HP:0002919	PCCB:NM_000532.5:c.866G>C|PCCB:NM_000532.5:c.990dupT	GRCh37	not known	Recurrent metabolic acidosis|Pancytopenia increased serum lipase
PAVS_MASTER_1675	Manually curated Data.tsv	PAVS656	UNKNOWN_SEX			HP:0001987	PCCB:NM_000532.5:c.1088C>T	GRCh37	not known	Recurrent metabolic acidosis|Pancytopenia increased serum lipase|hypoglycemia ketonuria
PAVS_MASTER_1676	Manually curated Data.tsv	PAVS657	UNKNOWN_SEX			HP:0001876|HP:0001987|HP:0002919	PCCB:NM_000532.5:c.1163T>A	GRCh37	not known	Recurrent metabolic acidosis
PAVS_MASTER_1677	Manually curated Data.tsv	PAVS658	UNKNOWN_SEX				PCCA:NM_000282.4:c.111_130del20	GRCh37	OMIM:606054	PROPIONIC ACIDEMIA(OMIM:606054)
PAVS_MASTER_1678	Manually curated Data.tsv	PAVS659	UNKNOWN_SEX				PCCA:NM_000282.4:c.266C>G	GRCh37	OMIM:606054	PROPIONIC ACIDEMIA(OMIM:606054)
PAVS_MASTER_1679	Manually curated Data.tsv	PAVS660	UNKNOWN_SEX				PCCA:NM_000282.4:c.955C>T	GRCh37	OMIM:606054	PROPIONIC ACIDEMIA(OMIM:606054)
PAVS_MASTER_1680	Manually curated Data.tsv	PAVS661	UNKNOWN_SEX				PCCA:NM_000282.4:c.1375_1391dup|PCCA:NM_000282.4:c.1391ins	GRCh37	OMIM:606054	PROPIONIC ACIDEMIA(OMIM:606054)
PAVS_MASTER_1681	Manually curated Data.tsv	PAVS662	UNKNOWN_SEX				PCCA:NM_000282.4:c.2120T>G	GRCh37	OMIM:606054	PROPIONIC ACIDEMIA(OMIM:606054)
PAVS_MASTER_1682	Manually curated Data.tsv	PAVS663	UNKNOWN_SEX				PCCB:NM_000532.5:c.90_108delins14	GRCh37	OMIM:606054	PROPIONIC ACIDEMIA(OMIM:606054)
PAVS_MASTER_1683	Manually curated Data.tsv	PAVS664	UNKNOWN_SEX				PCCB:NM_000532.5:c.518_543del26	GRCh37	OMIM:606054	PROPIONIC ACIDEMIA(OMIM:606054)
PAVS_MASTER_1684	Manually curated Data.tsv	PAVS665	UNKNOWN_SEX				PCCB:NM_000532.5:c.629T>C	GRCh37	OMIM:606054	PROPIONIC ACIDEMIA(OMIM:606054)
PAVS_MASTER_1685	Manually curated Data.tsv	PAVS666	UNKNOWN_SEX				PCCB:NM_000532.5:c.866G>C|PCCB:NM_000532.5:c.990dupT	GRCh37	OMIM:606054	PROPIONIC ACIDEMIA(OMIM:606054)
PAVS_MASTER_1686	Manually curated Data.tsv	PAVS667	UNKNOWN_SEX				PCCB:NM_000532.5:c.1088C>T	GRCh37	OMIM:606054	PROPIONIC ACIDEMIA(OMIM:606054)
PAVS_MASTER_1687	Manually curated Data.tsv	PAVS668	UNKNOWN_SEX				PCCB:NM_000532.5:c.1163T>A	GRCh37	OMIM:606054	PROPIONIC ACIDEMIA(OMIM:606054)
PAVS_MASTER_1688	Manually curated Data.tsv	PAVS669	UNKNOWN_SEX				PCCA:NM_000282.4:c.425G>A	GRCh37	OMIM:606054	PROPIONIC ACIDEMIA(OMIM:606054)
PAVS_MASTER_1689	Manually curated Data.tsv	PAVS670	UNKNOWN_SEX				PCCA:NM_000282.4:c.1288C>T	GRCh37	OMIM:606054	PROPIONIC ACIDEMIA(OMIM:606054)
PAVS_MASTER_1690	Manually curated Data.tsv	PAVS671	UNKNOWN_SEX				PCCB:NM_000532.5:c.337C>T	GRCh37	OMIM:606054	PROPIONIC ACIDEMIA(OMIM:606054)
PAVS_MASTER_1691	Manually curated Data.tsv	PAVS672	UNKNOWN_SEX				PCCB:NM_000532.5:c.990dupT	GRCh37	OMIM:606054	PROPIONIC ACIDEMIA(OMIM:606054)
PAVS_MASTER_1692	Manually curated Data.tsv	PAVS673	UNKNOWN_SEX				PCCB:NM_000532.5:c.1210G>A	GRCh37	OMIM:606054	PROPIONIC ACIDEMIA(OMIM:606054)
PAVS_MASTER_1693	Manually curated Data.tsv	PAVS674	UNKNOWN_SEX			HP:0000713|HP:0002367|HP:0002919	PCCA:NM_000282.4:c.425G>A	GRCh37	not known	fear|Learning difficulties|high glycine|intermittent crying|Hyperammoniemia
PAVS_MASTER_1694	Manually curated Data.tsv	PAVS675	UNKNOWN_SEX			HP:0000713|HP:0001252|HP:0001942|HP:0001987|HP:0002367|HP:0002919|HP:0100543	PCCA:NM_000282.4:c.425G>A	GRCh37	not known	
PAVS_MASTER_1695	Manually curated Data.tsv	PAVS676	UNKNOWN_SEX			HP:0001250|HP:0001251|HP:0001260|HP:0001332	SLC19A3:NM_025243.4:c.1264A>G	GRCh37	not known	Subacute encephalopathy
PAVS_MASTER_1696	Manually curated Data.tsv	PAVS677	UNKNOWN_SEX				SLC19A3:NM_025243.4:c.1264A>G	GRCh37	not known	Loose mile stones|Subacute encephalopathy
PAVS_MASTER_1697	Manually curated Data.tsv	PAVS678	UNKNOWN_SEX			HP:0001332	SLC19A3:NM_025243.4:c.1264A>G	GRCh37	not known	loose milestones|Subacute encephalopathy
PAVS_MASTER_1698	Manually curated Data.tsv	PAVS679	UNKNOWN_SEX			HP:0001250|HP:0001251|HP:0001260|HP:0001332	SLC19A3:NM_025243.4:c.1264A>G	GRCh37	not known	motor deficit|speech deficit|Subacute encephalopathy
PAVS_MASTER_1699	Manually curated Data.tsv	PAVS680	UNKNOWN_SEX			HP:0001250|HP:0001251|HP:0001260|HP:0001332	SLC19A3:NM_025243.4:c.1264A>G	GRCh37	not known	Subacute encephalopathy
PAVS_MASTER_1700	Manually curated Data.tsv	PAVS681	UNKNOWN_SEX			HP:0001251|HP:0001260	SLC19A3:NM_025243.4:c.1264A>G	GRCh37	not known	dystoniaSeizure|Subacute encephalopathy
PAVS_MASTER_1701	Manually curated Data.tsv	PAVS682	UNKNOWN_SEX			HP:0001250|HP:0001251|HP:0001260|HP:0001332	SLC19A3:NM_025243.4:c.1264A>G	GRCh37	not known	motor deficit|speech deficit|Subacute encephalopathy
PAVS_MASTER_1702	Manually curated Data.tsv	PAVS683	UNKNOWN_SEX			HP:0001250|HP:0001251|HP:0001260|HP:0001332	SLC19A3:NM_025243.4:c.1264A>G	GRCh37	not known	Global developmental delay since birth then Subacute encephalopathy
PAVS_MASTER_1703	Manually curated Data.tsv	PAVS684	UNKNOWN_SEX			HP:0001250	SLC19A3:NM_025243.4:c.1264A>G	GRCh37	not known	Loose mile stones|Subacute encephalopathy
PAVS_MASTER_1704	Manually curated Data.tsv	PAVS685	UNKNOWN_SEX			HP:0001332	SLC19A3:NM_025243.4:c.1264A>G	GRCh37	not known	Spastic quadriplegic|loose milestones|Subacute encephalopathy
PAVS_MASTER_1705	Manually curated Data.tsv	PAVS686	UNKNOWN_SEX			HP:0001250|HP:0001251|HP:0001260	SLC19A3:NM_025243.4:c.1264A>G	GRCh37	not known	loose milestones|Subacute encephalopathy
PAVS_MASTER_1706	Manually curated Data.tsv	PAVS687	UNKNOWN_SEX			HP:0001251	SLC19A3:NM_025243.4:c.1264A>G	GRCh37	not known	loose mile stones|Subacute encephalopathy
PAVS_MASTER_1707	Manually curated Data.tsv	PAVS688	UNKNOWN_SEX			HP:0001251|HP:0001260	SLC19A3:NM_025243.4:c.1264A>G	GRCh37	not known	loose mile stones|Subacute encephalopathy
PAVS_MASTER_1708	Manually curated Data.tsv	PAVS689	UNKNOWN_SEX			HP:0001250|HP:0001251|HP:0001260|HP:0001332	SLC19A3:NM_025243.4:c.1264A>G	GRCh37	not known	motor deficit|speech deficit|Subacute encephalopathy
PAVS_MASTER_1709	Manually curated Data.tsv	PAVS690	UNKNOWN_SEX			HP:0001250|HP:0001251|HP:0001260|HP:0001332	SLC19A3:NM_025243.4:c.1264A>G	GRCh37	not known	Subacute encephalopathy
PAVS_MASTER_1710	Manually curated Data.tsv	PAVS691	UNKNOWN_SEX			HP:0001250|HP:0001332	SLC19A3:NM_025243.4:c.1264A>G	GRCh37	not known	ataxia dysarthria|speech deficit|Subacute encephalopathy
PAVS_MASTER_1711	Manually curated Data.tsv	PAVS692	UNKNOWN_SEX			HP:0001250|HP:0001251	SLC19A3:NM_025243.4:c.1264A>G	GRCh37	not known	Subacute encephalopathy
PAVS_MASTER_1712	Manually curated Data.tsv	PAVS693	UNKNOWN_SEX			HP:0001250|HP:0001251	SLC19A3:NM_025243.4:c.1264A>G	GRCh37	not known	Subacute encephalopathy
PAVS_MASTER_1713	Manually curated Data.tsv	PAVS694	UNKNOWN_SEX			HP:0000648|HP:0001257|HP:0001263|HP:0002376	ISCA2:NM_194279.4:c.229G>A	GRCh37	not known	Diffuse white matter disease
PAVS_MASTER_1714	Manually curated Data.tsv	PAVS695	UNKNOWN_SEX			HP:0000648|HP:0001257|HP:0001263|HP:0002376	ISCA2:NM_194279.4:c.229G>A	GRCh37	not known	Diffuse white matter disease
PAVS_MASTER_1715	Manually curated Data.tsv	PAVS696	UNKNOWN_SEX			HP:0000648|HP:0001257|HP:0001263|HP:0002376	ISCA2:NM_194279.4:c.229G>A	GRCh37	not known	Diffuse white matter disease
PAVS_MASTER_1716	Manually curated Data.tsv	PAVS697	UNKNOWN_SEX			HP:0000648|HP:0001257|HP:0001263|HP:0002376	ISCA2:NM_194279.4:c.229G>A	GRCh37	not known	Diffuse white matter disease
PAVS_MASTER_1717	Manually curated Data.tsv	PAVS698	UNKNOWN_SEX			HP:0000648|HP:0001257|HP:0001263|HP:0002376	ISCA2:NM_194279.4:c.229G>A	GRCh37	not known	Diffuse white matter disease
PAVS_MASTER_1718	Manually curated Data.tsv	PAVS699	UNKNOWN_SEX			HP:0000648|HP:0001257|HP:0001263|HP:0002376	ISCA2:NM_194279.4:c.229G>A	GRCh37	not known	Diffuse white matter disease
PAVS_MASTER_1719	Manually curated Data.tsv	PAVS700	UNKNOWN_SEX			HP:0001263|HP:0002376	ISCA2:NM_194279.4:c.229G>A	GRCh37	not known	Diffuse white matter disease
PAVS_MASTER_1720	Manually curated Data.tsv	PAVS701	UNKNOWN_SEX			HP:0000639|HP:0000648|HP:0001257|HP:0001263|HP:0002376|HP:0008936	ISCA2:NM_194279.4:c.229G>A	GRCh37	not known	Diffuse white matter disease
PAVS_MASTER_1721	Manually curated Data.tsv	PAVS702	UNKNOWN_SEX			HP:0000639|HP:0000648|HP:0001257|HP:0001263|HP:0002376|HP:0008936	ISCA2:NM_194279.4:c.229G>A	GRCh37	not known	Diffuse white matter disease
PAVS_MASTER_1722	Manually curated Data.tsv	PAVS703	UNKNOWN_SEX			HP:0000639|HP:0000648|HP:0001257|HP:0001263|HP:0002376|HP:0008936	ISCA2:NM_194279.4:c.229G>A	GRCh37	not known	Diffuse white matter disease
PAVS_MASTER_1723	Manually curated Data.tsv	PAVS704	UNKNOWN_SEX			HP:0000639|HP:0000648|HP:0001257|HP:0001263|HP:0002376|HP:0008936	ISCA2:NM_194279.4:c.229G>A	GRCh37	not known	Diffuse white matter disease
PAVS_MASTER_1724	Manually curated Data.tsv	PAVS705	UNKNOWN_SEX			HP:0000639|HP:0000648|HP:0001257|HP:0001263|HP:0002376|HP:0008936	ISCA2:NM_194279.4:c.229G>A	GRCh37	not known	Diffuse white matter disease
PAVS_MASTER_1725	Manually curated Data.tsv	PAVS706	UNKNOWN_SEX			HP:0000639|HP:0000648|HP:0001250|HP:0001257|HP:0001263|HP:0002376|HP:0008936	ISCA2:NM_194279.4:c.229G>A	GRCh37	not known	Diffuse white matter disease
PAVS_MASTER_1726	Manually curated Data.tsv	PAVS707	UNKNOWN_SEX			HP:0000639|HP:0000648|HP:0001250|HP:0001257|HP:0001263|HP:0002376|HP:0008936	ISCA2:NM_194279.4:c.229G>A	GRCh37	not known	Diffuse white matter disease
PAVS_MASTER_1727	Manually curated Data.tsv	PAVS708	UNKNOWN_SEX			HP:0000639|HP:0000648|HP:0001250|HP:0001257|HP:0001263|HP:0002376|HP:0008936	ISCA2:NM_194279.4:c.229G>A	GRCh37	not known	Diffuse white matter disease
PAVS_MASTER_1728	Manually curated Data.tsv	PAVS709	UNKNOWN_SEX			HP:0000639|HP:0000648|HP:0001250|HP:0001257|HP:0001263|HP:0002376|HP:0008936	ISCA2:NM_194279.4:c.229G>A	GRCh37	not known	Diffuse white matter disease
PAVS_MASTER_1729	Manually curated Data.tsv	PAVS710	UNKNOWN_SEX			HP:0000639|HP:0000648|HP:0001257|HP:0001263|HP:0002376|HP:0008936	ISCA2:NM_194279.4:c.229G>A	GRCh37	not known	Diffuse white matter disease
PAVS_MASTER_1730	Manually curated Data.tsv	PAVS711	UNKNOWN_SEX			HP:0000639|HP:0000648|HP:0001257|HP:0001263|HP:0002376|HP:0008936	ISCA2:NM_194279.4:c.229G>A	GRCh37	not known	Diffuse white matter disease
PAVS_MASTER_1731	Manually curated Data.tsv	PAVS712	UNKNOWN_SEX			HP:0000639|HP:0000648|HP:0001257|HP:0001263|HP:0002376|HP:0008936	ISCA2:NM_194279.4:c.229G>A	GRCh37	not known	Diffuse white matter disease
PAVS_MASTER_1732	Manually curated Data.tsv	PAVS713	UNKNOWN_SEX			HP:0000708|HP:0000717|HP:0001942|HP:0001987|HP:0008763|HP:0031544|HP:0100027	PCCA:NM_000282.4:c.1288C>T	GRCh37	not known	Global intellectual disability|Poor language skills
PAVS_MASTER_1733	Manually curated Data.tsv	PAVS714	UNKNOWN_SEX			HP:0000750|HP:0001263	not known:NC_000013.9:g.99764629_99837596delins99764629_99764647	GRCh37	not known	
PAVS_MASTER_1734	Manually curated Data.tsv	PAVS715	UNKNOWN_SEX			HP:0001254|HP:0001263|HP:0001942|HP:0001943|HP:0001987|HP:0002789	not known:NC_000013.9:g.99764629_99837596delins99764629_99764647	GRCh37	not known	
PAVS_MASTER_1735	Manually curated Data.tsv	PAVS716	UNKNOWN_SEX			HP:0001508|HP:0001974|HP:0002028|HP:0002110|HP:0002202|HP:0002240|HP:0002783|HP:0034315|HP:0034388|HP:0100827	AGR2:NM_006408.4:c.349C>T	GRCh37	not known	
PAVS_MASTER_1736	Manually curated Data.tsv	PAVS717	UNKNOWN_SEX			HP:0001508|HP:0002028|HP:0002783|HP:0034315|HP:0034388	AGR2:NM_006408.4:c.349C>T	GRCh37	not known	
PAVS_MASTER_1737	Manually curated Data.tsv	PAVS718	UNKNOWN_SEX			HP:0001508|HP:0002110|HP:0002240|HP:0002783	AGR2:NM_006408.4:c.330+1delintron	GRCh37	not known	Chronic productive cough|Persistent segmental collapse|Persistent cholestasis|Persistent vomiting
PAVS_MASTER_1738	Manually curated Data.tsv	PAVS719	UNKNOWN_SEX			HP:0003128|HP:0012734	DLD:NM_000108:c.685G>T	GRCh37	not known	elevated liver transamineases
PAVS_MASTER_1739	Manually curated Data.tsv	PAVS720	UNKNOWN_SEX			HP:0001639	DLD:NM_000108:c.685G>T	GRCh37	not known	Episodic cyclic vomiting with mild persistent elevated AST / ALT. She had two episodes of Reye-like syndrome. She has normal psychomotor function with no neurological symptoms
PAVS_MASTER_1740	Manually curated Data.tsv	PAVS721	UNKNOWN_SEX			HP:0001298	DLD:NM_000108:c.685G>T	GRCh37	not known	associated with metabolic acidosis He has normal psychomotor function with no neurological symptoms|with mild persistent elevated AST / ALT|Recurrent acute hepatic failure
PAVS_MASTER_1741	Manually curated Data.tsv	PAVS722	UNKNOWN_SEX			HP:0000252|HP:0001249|HP:0001250|HP:0001263	DLD:NM_000108:c.685G>T	GRCh37	not known	Psychomotor dysfunction|Elevated levels of branched chain amino acids|Elevated AST / ALT
PAVS_MASTER_1742	Manually curated Data.tsv	PAVS723	UNKNOWN_SEX			HP:0000252|HP:0001249|HP:0001250|HP:0001263	DLD:NM_000108:c.685G>T	GRCh37	not known	Psychomotor dysfunction
PAVS_MASTER_1743	Manually curated Data.tsv	PAVS724	UNKNOWN_SEX			HP:0001249|HP:0001250|HP:0001252|HP:0001263	DLD:NM_000108:c.1436A>T	GRCh37	not known	Psychomotor dysfunction
PAVS_MASTER_1744	Manually curated Data.tsv	PAVS725	UNKNOWN_SEX			HP:0000648|HP:0001249|HP:0001252|HP:0001263|HP:0001332|HP:0001639|HP:0007359	DLD:NM_000108:c.1436A>T	GRCh37	not known	Psychomotor dysfunction|Elevated levels of branched chain amino acids
PAVS_MASTER_1745	Manually curated Data.tsv	PAVS726	UNKNOWN_SEX				DLD:NM_000108:c.623C>T	GRCh37	not known	psychomotor dysfunction (mild hypotonia and Developmental delay)|Elevated levels of branched chain amino acids|Recurrent acute hepatic failure (Reye-like syndrome) and metabolic acidosis
PAVS_MASTER_1746	Manually curated Data.tsv	PAVS727	UNKNOWN_SEX			HP:0000518|HP:0001249|HP:0001257|HP:0002194|HP:0002463|HP:0005403	COPB1:NM_001144061.2:c.1651T>G	GRCh37	not known	poor mobility|social impairment
PAVS_MASTER_1747	Manually curated Data.tsv	PAVS728	UNKNOWN_SEX			HP:0000252|HP:0000518|HP:0001249|HP:0001257|HP:0001332|HP:0002194|HP:0002463|HP:0005403	COPB1:NM_001144061.2:c.1651T>G	GRCh37	not known	poor mobility|social impairment
PAVS_MASTER_1748	Manually curated Data.tsv	PAVS729	UNKNOWN_SEX			HP:0000252|HP:0000518|HP:0001249|HP:0001257|HP:0002194|HP:0002463|HP:0005403	COPB1:NM_001144061.2:c.1651T>G	GRCh37	not known	poor mobility|social impairment
PAVS_MASTER_1749	Manually curated Data.tsv	PAVS730	UNKNOWN_SEX			HP:0000518|HP:0001249|HP:0001257|HP:0002194|HP:0002463|HP:0005403	COPB1:NM_001144061.2:c.1651T>G	GRCh37	not known	poor mobility|social impairment
PAVS_MASTER_1750	Manually curated Data.tsv	PAVS731	UNKNOWN_SEX			HP:0000252|HP:0000325|HP:0000331|HP:0000938|HP:0001510|HP:0004322	PAPPA2:NM_020318.2:c.2656G>T	GRCh37	not known	learning difficulties|Osteoprosis|Thin long fingers|Anterior pointed ears|low BMI
PAVS_MASTER_1751	Manually curated Data.tsv	PAVS732	UNKNOWN_SEX			HP:0000252|HP:0000325|HP:0000331|HP:0000938|HP:0004322	PAPPA2:NM_020318.2:c.2656G>T	GRCh37	not known	Osteoprosis|Thin long fingers|learning dificulties|Anterior pointed ears|low BMI
PAVS_MASTER_1752	Manually curated Data.tsv	PAVS733	UNKNOWN_SEX			HP:0006682|HP:0034040	KCNJ2:NM_000891.3:c.412G	GRCh37	not known	Irregular heart rhythm
PAVS_MASTER_1753	Manually curated Data.tsv	PAVS734	UNKNOWN_SEX			HP:0000316|HP:0000347|HP:0003768|HP:0004322|HP:0006682|HP:0034040	KCNJ2:NM_000891.3:c.921G>A	GRCh37	not known	Syncopal attacks|Irregular heartbeats
PAVS_MASTER_1754	Manually curated Data.tsv	PAVS735	UNKNOWN_SEX			HP:0000347|HP:0001620|HP:0006682|HP:0034040	KCNJ2:NM_000891.3:c.366T>A	GRCh37	not known	Refractive error|Irregular heartbeats
PAVS_MASTER_1755	Manually curated Data.tsv	PAVS736	UNKNOWN_SEX			HP:0003768|HP:0006682|HP:0034040	KCNJ2:NM_000891.3:c.919	GRCh37	not known	Syncopal attacks|Irregular heartbeats
PAVS_MASTER_1756	Manually curated Data.tsv	PAVS737	UNKNOWN_SEX			HP:0100259	not known:NM_080759.6:c.563G>A	GRCh37	not known	
PAVS_MASTER_1757	Manually curated Data.tsv	PAVS738	UNKNOWN_SEX			HP:0100259	not known:NM_080759.6:c.563G>A	GRCh37	not known	
PAVS_MASTER_1758	Manually curated Data.tsv	PAVS739	UNKNOWN_SEX			HP:0000126|HP:0000218|HP:0000248|HP:0000316|HP:0000347|HP:0000369|HP:0000463|HP:0001263|HP:0001508|HP:0001640|HP:0001649|HP:0001712|HP:0001773|HP:0001873|HP:0001923|HP:0001942|HP:0002007|HP:0002239|HP:0005280|HP:0007957|HP:0034376|HP:0200055	not known:NM_080927.3:c.80	GRCh37	not known	Bilateral retinal haemorrhages|Broaden thumb|Mongolian spots|Borderline QT interval|Pulmonary vessels congestion|Hypoechoic hepatic focal lesions|Increased megakaryocytes|T wave alteration|Wide skull sutures|Low hairline|Restricted cardiomyopathy|Intractable respiratory acidosis|Bilateral strabismus|Cystic encephalomalacia|Multiple organ failure|Intracerebral haematoma|Basophilic stippling|Posterior-central gyrus arteriovenous malformations|Bilateral cloudy corneas|Deep-seated eyes|Microangiopathic haemolytic anaemia|Atiral dilatation|Cirrhotic liver
PAVS_MASTER_1759	Manually curated Data.tsv	PAVS740	UNKNOWN_SEX			HP:0000407|HP:0000490|HP:0000750|HP:0000821|HP:0002066|HP:0002180|HP:0002317|HP:0002359|HP:0004322|HP:0007141|HP:0020036|HP:0025388	DNAJC3:NM_006260.5:c.1177C>T	GRCh37	not known	small body|Juvenile-onset DMDM|Triangular fac|Small atrophic pancrease|Intellectual deficits
PAVS_MASTER_1760	Manually curated Data.tsv	PAVS741	UNKNOWN_SEX			HP:0000365|HP:0001249|HP:0001251|HP:0002075|HP:0002080|HP:0004322|HP:0020036	DNAJC3:NM_006260.5:c.1177C>T	GRCh37	not known	Juvenile-onset DM|Small-atrophic pancreas|Hypothyrodism|cognitive deficit|Bilateral sensorinneural hearing loss|Hyperactive
PAVS_MASTER_1761	Manually curated Data.tsv	PAVS742	UNKNOWN_SEX			HP:0000411|HP:0000750|HP:0002194	NEMF:NM_004713.6:c.574+1G>T	GRCh37	not known	Intellectual deficit|Joints hypermobility|Hind foot deformity
PAVS_MASTER_1762	Manually curated Data.tsv	PAVS743	UNKNOWN_SEX			HP:0000750|HP:0001508|HP:0001762|HP:0002194|HP:0002317|HP:0003302	NEMF:NM_004713.6:c.1234_1235insC	GRCh37	not known	Intellectual deficit
PAVS_MASTER_1763	Manually curated Data.tsv	PAVS744	UNKNOWN_SEX			HP:0000486|HP:0000750|HP:0001260|HP:0002194	NEMF:NM_004713.6:c.1234_1235insCsC	GRCh37	not known	Intellectual deficit|Attention deficit hyperactive disorder|Ankles spasticity|Sever cogniive delay|Limping gait
PAVS_MASTER_1764	Manually curated Data.tsv	PAVS745	UNKNOWN_SEX			HP:0000988|HP:0001058|HP:0001876|HP:0002719	CDC42:NM_001791.4:c.101C>A	GRCh37	not known	heterozygoustopia of the brain|Chronic anemia|Elevated inflammatory markers|Macrothrombocytes
PAVS_MASTER_1765	Manually curated Data.tsv	PAVS746	UNKNOWN_SEX			HP:0001159	GLI1:NM_005269.3:c.1010C>T	GRCh37	not known	Partial webbing|Post-axial polydactyly type A
PAVS_MASTER_1766	Manually curated Data.tsv	PAVS747	UNKNOWN_SEX			HP:0001159	GLI1:NM_005269.3:c.1010C>T	GRCh37	not known	Partial webbing|Post-axial polydactyly type A
PAVS_MASTER_1767	Manually curated Data.tsv	PAVS748	UNKNOWN_SEX			HP:0001159	GLI1:NM_005269.3:c.1010C>T	GRCh37	not known	Partial webbing|Post-axial polydactyly type A
PAVS_MASTER_1768	Manually curated Data.tsv	PAVS749	UNKNOWN_SEX			HP:0000483|HP:0000750|HP:0001249|HP:0001263	VWA8:NM_015058.2:c.947A>G	GRCh37	not known	Severe thoracic and lumber scoliosis|Large atrial septal defect
PAVS_MASTER_1769	Manually curated Data.tsv	PAVS750	UNKNOWN_SEX			HP:0000646|HP:0000750|HP:0001249|HP:0001263|HP:0500041	VWA8:NM_015058.2:c.947A>G	GRCh37	not known	Extropia|Bilateral coxa magna and valga deformities with partial acetabular uncovering of femoral heads
PAVS_MASTER_1770	Manually curated Data.tsv	PAVS751	UNKNOWN_SEX			HP:0000646|HP:0000750|HP:0001249|HP:0001263|HP:0500041	VWA8:NM_015058.2:c.947A>G	GRCh37	not known	Extropia|Severe thoracic and lumber scoliosis
PAVS_MASTER_1771	Manually curated Data.tsv	PAVS752	UNKNOWN_SEX			HP:0000483|HP:0000750|HP:0001249|HP:0001263	VWA8:NM_015058.2:c.947A>G	GRCh37	not known	Bilateral club foot deformity|lumber scoliosis|Severe thoracic scoliosis
PAVS_MASTER_1772	Manually curated Data.tsv	PAVS753	UNKNOWN_SEX			HP:0000047|HP:0000252|HP:0000316|HP:0000347|HP:0000348|HP:0000377|HP:0000463|HP:0000520|HP:0001263|HP:0001596|HP:0001792|HP:0002098|HP:0005257|HP:0009778|HP:0200128|HP:4000064	FIG4:NM_014845.6:c.968A>G	GRCh37	OMIM:216340	Rudimentary nipples|Hypoplastic halluces|Mild hydrocephalus|Loose skin in neck region|Dilatation of all cranium ventricles|Bilateral hypoplastic thin clavicles|Sparse hairs|Bilateral undescended testis|Absent left big toe|Narrow thoracic cage|Absent eyelashes/eyebrows|Membranous skull bones|Empty scrotum|hypoplastic calvarium|Yunis-Varon syndrome(OMIM:216340)|Wide confluent fontanels and sutures|Short limbs with absent terminal phalanges|Bilateral nail hypoplasia|Mild-intellectual disability
PAVS_MASTER_1773	Manually curated Data.tsv	PAVS754	UNKNOWN_SEX			HP:0000238|HP:0000648|HP:0000873|HP:0001159|HP:0001396|HP:0001999|HP:0002410|HP:0010442	not known:NM_024926.3:c.4-1G>C	GRCh37	not known	Bilateral knee dislocation|Cystic dilatation of intrahepatic biliary ducts|Pituitary hypoplasia|Hyperextensible knee joints
PAVS_MASTER_1774	Manually curated Data.tsv	PAVS755	UNKNOWN_SEX			HP:0000083|HP:0001159|HP:0001631|HP:0001999|HP:0006695|HP:0010442	not known:NM_024926.3:c.4-1G>C	GRCh37	not known	Large ostium primum|Elongated left ventricule|Dysmorphic features|Narrowed left ventricular|Liver impairment
PAVS_MASTER_1775	Manually curated Data.tsv	PAVS756	UNKNOWN_SEX			HP:0000083|HP:0000938|HP:0001159|HP:0001263|HP:0001651|HP:0001696|HP:0001999|HP:0002783|HP:0010442	not known:NM_024926.3:c.4-1G>C	GRCh37	not known	"Hypomyelination
Mild frontotemporal atrophy|Caroli disease|Subcortical patchy hyperintensities|Pulmonary hypertension|Chronic asthma|Dysmorphic features|Liver impairment|Common dilated atrium"
PAVS_MASTER_1776	Manually curated Data.tsv	PAVS757	UNKNOWN_SEX			HP:0000938|HP:0001263|HP:0010442	not known:NM_024926.3:c.695A>G	GRCh37	not known	Liver impairment|Mildly dilated left ventricle|Increased kidney parenchymal echogenicity
PAVS_MASTER_1777	Manually curated Data.tsv	PAVS758	UNKNOWN_SEX			HP:0000083|HP:0001263|HP:0001631|HP:0001999|HP:0030718	not known:NM_024926.3:c.695A>G	GRCh37	not known	"Bilateral echogenic kidneys
Left renal grade I hydronephrosis|Ostium secundum|Dysmorphic features|Liver impairment|Right ventricular enlargement"
PAVS_MASTER_1778	Manually curated Data.tsv	PAVS759	UNKNOWN_SEX			HP:0000083|HP:0001263|HP:0012408	not known:NM_024926.3:c.695A>G	GRCh37	not known	Polydactylyl|Dysmorphic feature|Liver impairment
PAVS_MASTER_1779	Manually curated Data.tsv	PAVS760	UNKNOWN_SEX			HP:0001263	not known:NM_024926.3:c.1238C>T	GRCh37	not known	Dysmorphic feature|Liver imapirment
PAVS_MASTER_1780	Manually curated Data.tsv	PAVS761	UNKNOWN_SEX			HP:0001263|HP:0010442	not known:NM_024926.3:c.695A>G	GRCh37	not known	Liver impairment|dilated left ventricle|Caroli disease
PAVS_MASTER_1781	Manually curated Data.tsv	PAVS762	UNKNOWN_SEX			HP:0001250|HP:0001263|HP:0002376	ARSA:NM_001085425.3:c.809T>C	GRCh37	not known	Neuroregression
PAVS_MASTER_1782	Manually curated Data.tsv	PAVS763	UNKNOWN_SEX			HP:0001250|HP:0001263|HP:0002376	EIF2B4:c.1132C>T	GRCh37	not known	Neuroregression
PAVS_MASTER_1783	Manually curated Data.tsv	PAVS764	UNKNOWN_SEX			HP:0001250|HP:0001263|HP:0002376	EIF2B4:c.1132C>T	GRCh37	not known	Neuroregression
PAVS_MASTER_1784	Manually curated Data.tsv	PAVS765	UNKNOWN_SEX			HP:0001250|HP:0001263|HP:0002376	EIF2B4:c.1132C>T	GRCh37	not known	Neuroregression
PAVS_MASTER_1785	Manually curated Data.tsv	PAVS766	UNKNOWN_SEX			HP:0001250|HP:0001263|HP:0002376	EIF2B4:c.1132C>T	GRCh37	not known	Neuroregression
PAVS_MASTER_1786	Manually curated Data.tsv	PAVS767	UNKNOWN_SEX			HP:0001250|HP:0001263	EIF2B4:c.1132C>T	GRCh37	not known	
PAVS_MASTER_1787	Manually curated Data.tsv	PAVS768	UNKNOWN_SEX			HP:0001263	EIF2B4:c.1132C>T	GRCh37	not known	
PAVS_MASTER_1788	Manually curated Data.tsv	PAVS769	UNKNOWN_SEX			HP:0001263	EIF2B4:c.1132C>T	GRCh37	not known	
PAVS_MASTER_1789	Manually curated Data.tsv	PAVS770	UNKNOWN_SEX			HP:0001263|HP:0002376	EIF2B2:c.591C>G	GRCh37	not known	Neuroregression
PAVS_MASTER_1790	Manually curated Data.tsv	PAVS771	UNKNOWN_SEX			HP:0001263|HP:0002376	EIF2B2:c.591C>G	GRCh37	not known	Neuroregression
PAVS_MASTER_1791	Manually curated Data.tsv	PAVS772	UNKNOWN_SEX			HP:0001263|HP:0007359	PEX13:c.1A>G	GRCh37	not known	
PAVS_MASTER_1792	Manually curated Data.tsv	PAVS773	UNKNOWN_SEX			HP:0001263|HP:0002376	PEX16:c.113-1G>C	GRCh37	not known	Neuroregression
PAVS_MASTER_1793	Manually curated Data.tsv	PAVS774	UNKNOWN_SEX			HP:0001263|HP:0007359	PEX6:c.1931G>A	GRCh37	not known	
PAVS_MASTER_1794	Manually curated Data.tsv	PAVS775	UNKNOWN_SEX			HP:0001263	RNASEH2A:c.202T>G	GRCh37	not known	
PAVS_MASTER_1795	Manually curated Data.tsv	PAVS776	UNKNOWN_SEX			HP:0001263	RNASEH2C:c.202C>G	GRCh37	not known	Generalized tonic-clonic seizure
PAVS_MASTER_1796	Manually curated Data.tsv	PAVS777	UNKNOWN_SEX			HP:0001263|HP:0002376	IFIH1:c.1850T>C	GRCh37	not known	Neuroregression
PAVS_MASTER_1797	Manually curated Data.tsv	PAVS778	UNKNOWN_SEX			HP:0001263|HP:0002376	GALC:c.1886C>G	GRCh37	not known	Neuroregression
PAVS_MASTER_1798	Manually curated Data.tsv	PAVS779	UNKNOWN_SEX			HP:0001263	GJC2:c.107delT	GRCh37	not known	
PAVS_MASTER_1799	Manually curated Data.tsv	PAVS780	UNKNOWN_SEX				MLC1:c.686_687delCinsAG	GRCh37	not known	Generalized tonic-clonic seizure
PAVS_MASTER_1800	Manually curated Data.tsv	PAVS781	UNKNOWN_SEX			HP:0001263|HP:0007359	HEPACAM:c.416T>C|HEPACAM:c.949-2A>G	GRCh37	not known	
PAVS_MASTER_1801	Manually curated Data.tsv	PAVS782	UNKNOWN_SEX				ASPA:c.312_313delCA	GRCh37	not known	Canvan Disease
PAVS_MASTER_1802	Manually curated Data.tsv	PAVS783	UNKNOWN_SEX			HP:0001263|HP:0002376|HP:0007359	ABCD1:c.542A>G	GRCh37	not known	Neuroregression
PAVS_MASTER_1803	Manually curated Data.tsv	PAVS784	UNKNOWN_SEX			HP:0001263|HP:0032794	SLC17A5:c.406A>G|SLC17A5:c.116G>A	GRCh37	not known	
PAVS_MASTER_1804	Manually curated Data.tsv	PAVS785	UNKNOWN_SEX			HP:0001263	GJA1:c.125A>G	GRCh37	not known	
PAVS_MASTER_1805	Manually curated Data.tsv	PAVS786	UNKNOWN_SEX			HP:0000307|HP:0000426|HP:0000486|HP:0000637|HP:0000639|HP:0000664|HP:0001252	P4HTM:NM_177938.2:c.888-3C>A	GRCh37	not known	Independent walking|Face dysmorphism|Disconjugate eye movement|low frontal hair line|Long eye lashes
PAVS_MASTER_1806	Manually curated Data.tsv	PAVS787	UNKNOWN_SEX			HP:0001252|HP:0001263|HP:0002090|HP:0046507	P4HTM:NM_177938.2:c.819dupG	GRCh37	not known	Independent walking|Abnormal eye movemnet|Respiratory hypoventilation|Face dysmorphism|Poor visison|MRI abnormalities|Poor spech
PAVS_MASTER_1807	Manually curated Data.tsv	PAVS788	UNKNOWN_SEX			HP:0001252|HP:0001263|HP:0046507	P4HTM:NM_177938.2:c.819dupG	GRCh37	not known	Independent walking|Abnormal eye movemnet|Respiratory hypoventilation|Face dysmorphism|Poor visison|MRI abnormalities|Poor spech
PAVS_MASTER_1808	Manually curated Data.tsv	PAVS789	UNKNOWN_SEX			HP:0000343|HP:0000347|HP:0000369|HP:0000527|HP:0000666|HP:0000926|HP:0001188|HP:0001257|HP:0001263|HP:0001315|HP:0001999|HP:0002650|HP:0002808|HP:0005280|HP:0007359|HP:0008936|HP:0012444	WWOX:NM_016373.4:c.409+1G>T	GRCh37	not known	Low hairline|Gingival hypertrophy|tickler syndrome|cephalhematoma|Fibrochondrogenesis|plantar down going|indirect hyperbilirubinemia|dysmorphic features|Tachypnoea|high arch palate
PAVS_MASTER_1809	Manually curated Data.tsv	PAVS790	UNKNOWN_SEX			HP:0002098|HP:0002587|HP:0008936|HP:0012444|HP:0012469	WWOX:NM_016373.4:c.160G>T	GRCh37	not known	Abscence of neurocutaneous stigmata|Feeble cry|Peripheral hypertonia|Decreased activity|Non-bilious vomiting|Congenital pneumonia|corpus callosum thinning|spastichypertonia|No clonus
PAVS_MASTER_1810	Manually curated Data.tsv	PAVS791	UNKNOWN_SEX			HP:0000218|HP:0000316|HP:0000400|HP:0002013|HP:0002119|HP:0002521	WWOX:NM_016373.4:c.160G>T	GRCh37	not known	Swallowing incoordination|Brain tissue volume loss|Tonic flexion of lower limbs|tonic flexion of the upper limbs|Hypoactivity|Thinning of corpus callosum|Recurrent vomiting
PAVS_MASTER_1811	Manually curated Data.tsv	PAVS792	UNKNOWN_SEX			HP:0000253|HP:0001257|HP:0001508|HP:0007371|HP:0012469	WWOX:NM_016373.4:c.606-1G>A	GRCh37	not known	Periventricular white matter atrophy|Profound developmental delay|nfantile epileptic encephalopathy|Lennox-Gastaut syndrome|Multifocal seizure|Wallerian degeneration
PAVS_MASTER_1812	Manually curated Data.tsv	PAVS793	UNKNOWN_SEX			HP:0000253|HP:0001257|HP:0001508|HP:0007371|HP:0012469	WWOX:NM_016373.4:c.606-1G>A	GRCh37	not known	Profound developmental delay|Lennox-Gastaut syndrome|Brainstem degeneration|Multifocal seizure|Infantile epileptic encephalopathy
PAVS_MASTER_1813	Manually curated Data.tsv	PAVS794	UNKNOWN_SEX			HP:0000253|HP:0001257|HP:0001508|HP:0007371|HP:0012469	WWOX:NM_016373.4:c.606-1G>A	GRCh37	not known	Profound developmental delay|Lennox-Gastaut syndrome|Brainstem degeneration|Multifocal seizure|Infantile epileptic encephalopathy
PAVS_MASTER_1814	Manually curated Data.tsv	PAVS795	UNKNOWN_SEX			HP:0000253|HP:0001257|HP:0001508|HP:0007334	WWOX:NM_016373.4:c.606-1G>A	GRCh37	not known	Profound developmental delay|Infantile epileptic encephalopathy
PAVS_MASTER_1815	Manually curated Data.tsv	PAVS796	UNKNOWN_SEX			HP:0000253|HP:0001257|HP:0001508|HP:0007334	WWOX:NM_016373.4:c.606-1G>A	GRCh37	not known	Profound developmental delay|Infantile epileptic encephalopathy
PAVS_MASTER_1816	Manually curated Data.tsv	PAVS797	UNKNOWN_SEX			HP:0001249|HP:0001250|HP:0001251	WWOX:NM_016373.4:c.139C>A	GRCh37	not known	Generalized tonic-clonic epilepsy
PAVS_MASTER_1817	Manually curated Data.tsv	PAVS798	UNKNOWN_SEX			HP:0001249|HP:0001250|HP:0001251	WWOX:NM_016373.4:c.139C>A	GRCh37	not known	Generalized tonic-clonic epilepsy
PAVS_MASTER_1818	Manually curated Data.tsv	PAVS799	UNKNOWN_SEX			HP:0001249|HP:0001250|HP:0001251	WWOX:NM_016373.4:c.139C>A	GRCh37	not known	Generalized tonic-clonic epilepsy
PAVS_MASTER_1819	Manually curated Data.tsv	PAVS800	UNKNOWN_SEX			HP:0001249|HP:0001250|HP:0001251	WWOX:NM_016373.4:c.139C>A	GRCh37	not known	Generalized tonic-clonic epilepsy
PAVS_MASTER_1820	Manually curated Data.tsv	PAVS801	UNKNOWN_SEX			HP:0000403|HP:0002110|HP:0012418	NEK10:NM_001394966.1:c.3402T>A	GRCh37	not known	Mediastinal lymph nodes enlargemen|Chronic wet cough|Para-cardiac patchy infiltration
PAVS_MASTER_1821	Manually curated Data.tsv	PAVS802	UNKNOWN_SEX			HP:0000403|HP:0002110|HP:0012418	NEK10:NM_001394966.1:c.3402T>A	GRCh37	not known	Mediastinal lymph nodes enlargemen|Chronic wet cough|Para-cardiac patchy infiltration
PAVS_MASTER_1822	Manually curated Data.tsv	PAVS803	UNKNOWN_SEX			HP:0000010|HP:0000787|HP:0025745	SLC3A1:NM_000341.4:c.592del	GRCh37	not known	Pelvic fullness
PAVS_MASTER_1823	Manually curated Data.tsv	PAVS804	UNKNOWN_SEX			HP:0000010|HP:0000787|HP:0003131|HP:0025745	SLC7A9:NM_014270.5:c.997_1012del	GRCh37	not known	
PAVS_MASTER_1824	Manually curated Data.tsv	PAVS805	UNKNOWN_SEX			HP:0000010|HP:0000787|HP:0003132|HP:0025745	SLC3A1:NM_000341.4:c.1400T>A	GRCh37	not known	
PAVS_MASTER_1825	Manually curated Data.tsv	PAVS806	UNKNOWN_SEX			HP:0000787|HP:0003133|HP:0025745	SLC7A9:NM_014270.5:c.376G>A|SLC7A9:NM_014270.5:c.1166C>T	GRCh37	not known	
PAVS_MASTER_1826	Manually curated Data.tsv	PAVS807	UNKNOWN_SEX			HP:0000787|HP:0003134|HP:0025745	SLC7A9:NM_014270.5:c.313G>A	GRCh37	not known	
PAVS_MASTER_1827	Manually curated Data.tsv	PAVS808	UNKNOWN_SEX			HP:0000010|HP:0000787|HP:0003135|HP:0025745	SLC3A1:NM_000341.4:Duplication	GRCh37	not known	
PAVS_MASTER_1828	Manually curated Data.tsv	PAVS809	UNKNOWN_SEX			HP:0000011|HP:0000093|HP:0000787|HP:0003135|HP:0025745	SLC7A9:NM_014270.5:C368	GRCh37	not known	
PAVS_MASTER_1829	Manually curated Data.tsv	PAVS810	UNKNOWN_SEX			HP:0000012|HP:0000787|HP:0003135|HP:0025745	SLC3A1:NM_000341.4:c.1617+1097T	GRCh37	not known	
PAVS_MASTER_1830	Manually curated Data.tsv	PAVS811	UNKNOWN_SEX			HP:0000010|HP:0000126|HP:0000787|HP:0003131|HP:0025745	SLC3A1:NM_000341.4:c.1400T>A	GRCh37	not known	
PAVS_MASTER_1831	Manually curated Data.tsv	PAVS812	UNKNOWN_SEX			HP:0000787|HP:0003131|HP:0025746	SLC3A1:NM_000341.4:c.1400T>A	GRCh37	not known	
PAVS_MASTER_1832	Manually curated Data.tsv	PAVS813	UNKNOWN_SEX			HP:0000010|HP:0000093|HP:0000787|HP:0003132|HP:0025746	SLC7A9:NM_014270.5:c.460_471del	GRCh37	not known	
PAVS_MASTER_1833	Manually curated Data.tsv	PAVS814	UNKNOWN_SEX			HP:0000787|HP:0003133|HP:0025746	SLC7A9:NM_014270.5:c.1060G>A	GRCh37	not known	
PAVS_MASTER_1834	Manually curated Data.tsv	PAVS815	UNKNOWN_SEX			HP:0000787|HP:0003134|HP:0025746	SLC3A1:NM_000341.4:c.1229A>T	GRCh37	not known	
PAVS_MASTER_1835	Manually curated Data.tsv	PAVS816	UNKNOWN_SEX			HP:0000787|HP:0003135|HP:0025746	SLC3A1:NM_000341.4:c.1400T>A	GRCh37	not known	
PAVS_MASTER_1836	Manually curated Data.tsv	PAVS817	UNKNOWN_SEX			HP:0000787|HP:0003136|HP:0025746	SLC3A1:NM_000341.4:c.1229A>T	GRCh37	not known	
PAVS_MASTER_1837	Manually curated Data.tsv	PAVS818	UNKNOWN_SEX			HP:0000010|HP:0000787|HP:0003137|HP:0025746		GRCh37	not known	
PAVS_MASTER_1838	Manually curated Data.tsv	PAVS819	UNKNOWN_SEX			HP:0000787|HP:0003136|HP:0025746	SLC3A1:NM_000341.4:c.1711T>A	GRCh37	not known	
PAVS_MASTER_1839	Manually curated Data.tsv	PAVS820	UNKNOWN_SEX			HP:0000787|HP:0003137|HP:0025746		GRCh37	not known	
PAVS_MASTER_1840	Manually curated Data.tsv	PAVS821	UNKNOWN_SEX			HP:0000010|HP:0000083|HP:0000787|HP:0000822|HP:0003136|HP:0025746	SLC7A9:NM_014270.5:c.1166C>T	GRCh37	not known	
PAVS_MASTER_1841	Manually curated Data.tsv	PAVS822	UNKNOWN_SEX			HP:0000787|HP:0000822|HP:0003137|HP:0025746	SLC3A1:NM_000341.4:c.1400T>A	GRCh37	not known	
PAVS_MASTER_1842	Manually curated Data.tsv	PAVS823	UNKNOWN_SEX			HP:0000093|HP:0000787|HP:0000822|HP:0003138|HP:0025746	SLC3A1:NM_000341.4:c.1400T>A	GRCh37	not known	
PAVS_MASTER_1843	Manually curated Data.tsv	PAVS824	UNKNOWN_SEX			HP:0000787|HP:0003139|HP:0025746	SLC3A1:NM_000341.4:c.1400T>A	GRCh37	not known	
PAVS_MASTER_1844	Manually curated Data.tsv	PAVS825	UNKNOWN_SEX			HP:0000787|HP:0003140|HP:0025746	SLC3A1:NM_000341.4:c.1711T>A	GRCh37	not known	
PAVS_MASTER_1845	Manually curated Data.tsv	PAVS826	UNKNOWN_SEX			HP:0000925	DLL1:NM_005618.4:c.1534G	GRCh37	not known	Recurrent infection|Dextrocurve convexity scoliosis|Scrotal swelling|Fused spine
PAVS_MASTER_1846	Manually curated Data.tsv	PAVS827	UNKNOWN_SEX				DLL1:NM_005618.4:c.1534G	GRCh37	not known	Kyphotic deformity|Midribs fusion|Thoracolumbar spine scoliosis|Bifid odontoid process
PAVS_MASTER_1847	Manually curated Data.tsv	PAVS828	UNKNOWN_SEX			HP:0001251|HP:0001252|HP:0001257|HP:0001260|HP:0001310|HP:0002078|HP:0002080|HP:0003690|HP:0006934|HP:0010871	NKX6-2:NM_177400.3:c.545C>T	GRCh37	not known	Negative Babiniski|Scissoring walking pattern|Knee hyperreflexia|Bodyweakness|Easy fatigue|Limbs ataxia|Hand shaking|Unsteadiness|Dysdiadokokinesia|Lost ankle reflexes|Tandem walk inability|Hand tremors
PAVS_MASTER_1848	Manually curated Data.tsv	PAVS829	UNKNOWN_SEX			HP:0001251|HP:0001257|HP:0001260|HP:0001310|HP:0002078|HP:0002080|HP:0002378|HP:0003690|HP:0010871	NKX6-2:NM_177400.3:c.545C>T	GRCh37	not known	Bodyweakness|Easy fatigue|Limbs ataxia|Hand shaking|Unsteadiness|Dysdiadokokinesia
PAVS_MASTER_1849	Manually curated Data.tsv	PAVS830	UNKNOWN_SEX			HP:0001251|HP:0001252|HP:0001257|HP:0001260|HP:0001310|HP:0002078|HP:0002080|HP:0003690|HP:0010871	NKX6-2:NM_177400.3:c.545C>T	GRCh37	not known	Negative Babiniski|Scissoring walking pattern|Knee hyperreflexia|mild titubation|Bodyweakness|Easy fatigue|Limbs ataxia|Hand shaking|Unsteadiness|Dysdiadokokinesia|Lost ankle reflexes|Tandem walk inability|Transverse head noDevelopmental delaying
PAVS_MASTER_1850	Manually curated Data.tsv	PAVS831	UNKNOWN_SEX			HP:0001251|HP:0001252|HP:0001257|HP:0001260|HP:0001310|HP:0002078|HP:0002080|HP:0002378|HP:0003690|HP:0006934|HP:0010871	NKX6-2:NM_177400.3:c.545C>T	GRCh37	not known	Negative Babiniski|Scissoring walking pattern|Knee hyperreflexia|mild titubation|Bodyweakness|Easy fatigue|Limbs ataxia|Hand shaking|Unsteadiness|Dysdiadokokinesia|Hypomyelination|Lost ankle reflexes|Transverse head noDevelopmental delaying|Tandem walk inability
PAVS_MASTER_1851	Manually curated Data.tsv	PAVS832	UNKNOWN_SEX			HP:0000085|HP:0000233|HP:0000319|HP:0000414|HP:0001249|HP:0001263|HP:0001265|HP:0002194|HP:0002317|HP:0002427|HP:0002553|HP:0008936	RAP1GDS1:NM_001100427.2:c.1444‐1G>A	GRCh37	not known	Self‐mutilation|Aggressivness
PAVS_MASTER_1852	Manually curated Data.tsv	PAVS833	UNKNOWN_SEX			HP:0000085|HP:0000233|HP:0000319|HP:0000414|HP:0001263|HP:0001265|HP:0002194|HP:0002317|HP:0002427|HP:0002553|HP:0008936	RAP1GDS1:NM_001100427.2:c.1444‐1G>A	GRCh37	not known	Self‐mutilation|ntellectual disability|Aggressivness
PAVS_MASTER_1853	Manually curated Data.tsv	PAVS834	UNKNOWN_SEX			HP:0000278|HP:0000322|HP:0000325|HP:0000414|HP:0000750|HP:0001762|HP:0002194|HP:0008936	RAP1GDS1:NM_001100427.2:c.1444‐1G>A	GRCh37	not known	ntellectual disability|Intellectual disabiliy|Generalized tonic‐clonic seizure|Low‐set ears
PAVS_MASTER_1854	Manually curated Data.tsv	PAVS835	UNKNOWN_SEX			HP:0000278|HP:0000319|HP:0000322|HP:0000325|HP:0000414|HP:0001249|HP:0001762|HP:0008936	RAP1GDS1:NM_001100427.2:c.1444‐1G>A	GRCh37	not known	Everted ears|Floppy|Dorsal clonus
PAVS_MASTER_1855	Manually curated Data.tsv	PAVS836	UNKNOWN_SEX			HP:0001252|HP:0001344|HP:0002059|HP:0002540|HP:0005484|HP:0012448|HP:0033725	KCNT1:NM_020822.3:c.1885A>G	GRCh37	not known	eneralized myoclonic-tonic-clonic
PAVS_MASTER_1856	Manually curated Data.tsv	PAVS837	UNKNOWN_SEX			HP:0000316|HP:0001252|HP:0001257|HP:0001344|HP:0002059|HP:0002540|HP:0011220|HP:0012448|HP:0033725	KCNT1:NM_020822.3:c.1421G>A	GRCh37	not known	Generalized tonic-clonic
PAVS_MASTER_1857	Manually curated Data.tsv	PAVS838	UNKNOWN_SEX			HP:0000365|HP:0001252|HP:0001344|HP:0001629|HP:0001655|HP:0002540|HP:0005484|HP:0011675|HP:0032716|HP:0032790|HP:0100704	KCNT1:NM_020822.3:c.862G>A	GRCh37	not known	Verticalized splenium of the CC
PAVS_MASTER_1858	Manually curated Data.tsv	PAVS839	UNKNOWN_SEX			HP:0001252|HP:0001257|HP:0001344|HP:0002019|HP:0002059|HP:0002540|HP:0005484|HP:0012448|HP:0032712|HP:0033725	KCNT1:NM_020822.3:c.2800G>A	GRCh37	not known	
PAVS_MASTER_1859	Manually curated Data.tsv	PAVS840	UNKNOWN_SEX			HP:0000319|HP:0000414|HP:0001263|HP:0001324|HP:0002421|HP:0008936	UGDH:NM_003359.3:c.950G>A	GRCh37	not known	High arched plate|Bifrontal narrowing|Global joint hyperlaxity
PAVS_MASTER_1860	Manually curated Data.tsv	PAVS841	UNKNOWN_SEX			HP:0001252|HP:0001263	KCNQ2:NM_172107.2:c.1464C	GRCh37	not known	Generalized tonic clonic seizure
PAVS_MASTER_1861	Manually curated Data.tsv	PAVS842	UNKNOWN_SEX			HP:0000252|HP:0001263	PCDH19:NM_001105243.1:c.3263_3264delAA	GRCh37	not known	Myclonic seizure|Slowing of background|bifrontal epileptiform discharges|Intractable seizure|Generalized tonic-clonic|high amplitude delta activity
PAVS_MASTER_1862	Manually curated Data.tsv	PAVS843	UNKNOWN_SEX			HP:0001252|HP:0001263|HP:0005484	GNAO1:NM_020988.2:c.683	GRCh37	not known	
PAVS_MASTER_1863	Manually curated Data.tsv	PAVS844	UNKNOWN_SEX			HP:0001263|HP:0002317|HP:0030051	not known:c.1222C	GRCh37	not known	Generalized tonic-clonic|Muscle waekness|Eye myoclonus|HypotoniaCcentrotemporal epileptiform discharge
PAVS_MASTER_1864	Manually curated Data.tsv	PAVS845	UNKNOWN_SEX			HP:0000252|HP:0000817|HP:0001250|HP:0001252|HP:0001263|HP:0010841	not known:c.754C	GRCh37	not known	Generalized widening of cerebral sulci|Diffuse slowing burst suppression pattern during sleep|Intractable seizures|Prominant basal cistern|Prominent brain ventricles|Generalized tonic-clonic
PAVS_MASTER_1865	Manually curated Data.tsv	PAVS846	UNKNOWN_SEX			HP:0000252|HP:0000817|HP:0001250|HP:0001252|HP:0001263|HP:0002020|HP:0012448|HP:0200136	KCNT1:NM_020822.2:c.1130	GRCh37	not known	Multifocal spike|Mild mitral regurgitation|Esophagitis pseudoachalasia|Intractable seizures|Wave discharges|Mild ventricular dilatation|Facial twitching|Eye blinking|Generalized tonic-clonic|Diffuse slowing
PAVS_MASTER_1866	Manually curated Data.tsv	PAVS847	UNKNOWN_SEX			HP:0000252|HP:0001250|HP:0001263|HP:0001298|HP:0025401|HP:0032792	CDKL5:NM_003159.2:c.119C	GRCh37	not known	Intractable seizures|Optokinetic nystagmus|Head deviation
PAVS_MASTER_1867	Manually curated Data.tsv	PAVS848	UNKNOWN_SEX			HP:0002240|HP:0012444|HP:0200134	WWOX:NM_016373.3:c.409	GRCh37	not known	
PAVS_MASTER_1868	Manually curated Data.tsv	PAVS849	UNKNOWN_SEX			HP:0000252|HP:0001252|HP:0001263	SLC13A5:NM_177550.4:c.1227dupC	GRCh37	not known	
PAVS_MASTER_1869	Manually curated Data.tsv	PAVS850	UNKNOWN_SEX				SCN1A:NM_001165963.1:c.1244	GRCh37	not known	Generalized tonic-clonic|Generalized spike-wave
PAVS_MASTER_1870	Manually curated Data.tsv	PAVS851	UNKNOWN_SEX			HP:0001252|HP:0001263	SCN2A:NM_021007.2:c.4390	GRCh37	not known	Generalized tonic-clonic|Focal sharp wave activity
PAVS_MASTER_1871	Manually curated Data.tsv	PAVS852	UNKNOWN_SEX				CDKL5:NM_003159.2:c.291C	GRCh37	not known	Generalized tonic-clonic
PAVS_MASTER_1872	Manually curated Data.tsv	PAVS853	UNKNOWN_SEX			HP:0001263|HP:0012444|HP:0012448|HP:0200134	KCNQ2:NM_172107.2:c.1744	GRCh37	not known	Focal seizure|Generalized tonic-clonic
PAVS_MASTER_1873	Manually curated Data.tsv	PAVS854	UNKNOWN_SEX			HP:0002376|HP:0012444	PLCB1:NM_015192.3:c.550C	GRCh37	not known	Focal seizure|Generalized tonic-clonic|spike and sharp waves
PAVS_MASTER_1874	Manually curated Data.tsv	PAVS855	UNKNOWN_SEX			HP:0002376|HP:0012444	PLCB1:NM_015192.3:c.550C	GRCh37	not known	Focal seizure|Generalized tonic-clonic|Lennox-Gastaut syndrome
PAVS_MASTER_1875	Manually curated Data.tsv	PAVS856	UNKNOWN_SEX			HP:0001263	SCN8A:NM_014191.3:c.82C	GRCh37	not known	Generalized tonic-clonic|Lennox-Gastaut syndrome
PAVS_MASTER_1876	Manually curated Data.tsv	PAVS857	UNKNOWN_SEX			HP:0001263|HP:0012444	SCN8A:NM_014191.3:c.82C	GRCh37	not known	Focal seizure|Generalized tonic-clonic|Lennox-Gastaut syndrome
PAVS_MASTER_1877	Manually curated Data.tsv	PAVS858	UNKNOWN_SEX			HP:0001263|HP:0030651	SLC13A5:NM_177550.4:c.785	GRCh37	not known	Intellectual deficit|Generalized tonic clonic
PAVS_MASTER_1878	Manually curated Data.tsv	PAVS859	UNKNOWN_SEX			HP:0001263|HP:0030651	SLC13A5:NM_177550.4:c.1227dupC	GRCh37	not known	Intellectual deficit|Generalized tonic clonic
PAVS_MASTER_1879	Manually curated Data.tsv	PAVS860	UNKNOWN_SEX			HP:0001263|HP:0030651	SLC13A5:NM_177550.4:c.1227_1228insC	GRCh37	not known	Intellectual deficit|Generalized tonic clonic
PAVS_MASTER_1880	Manually curated Data.tsv	PAVS861	UNKNOWN_SEX			HP:0001263|HP:0030651	SLC13A5:NM_177550.4:c.1227_1228insC	GRCh37	not known	Intellectual deficit|Generalized tonic clonic
PAVS_MASTER_1881	Manually curated Data.tsv	PAVS862	UNKNOWN_SEX			HP:0001263|HP:0030651	SLC13A5:NM_177550.4:c.1227_1228insC	GRCh37	not known	Intellectual deficit|Generalized tonic clonic
PAVS_MASTER_1882	Manually curated Data.tsv	PAVS863	UNKNOWN_SEX			HP:0001263|HP:0030651	SLC13A5:NM_177550.4:c.785	GRCh37	not known	Intellectual deficit|Generalized tonic clonic
PAVS_MASTER_1883	Manually curated Data.tsv	PAVS864	UNKNOWN_SEX			HP:0001263|HP:0200134	SCN2A:NM_001040143.1:c.638	GRCh37	not known	Diffuse white matter|Generalized tonic clonic
PAVS_MASTER_1884	Manually curated Data.tsv	PAVS865	UNKNOWN_SEX			HP:0001263	SCN8A:NM_014191.3:c.82C	GRCh37	not known	Slow waves|Slow spike on EEG|Generalized tonic clonic
PAVS_MASTER_1885	Manually curated Data.tsv	PAVS866	UNKNOWN_SEX			HP:0001263	ARHGEF9:NM_015185.2:c.1476	GRCh37	not known	Intellectual deficit|Generalized tonic clonic
PAVS_MASTER_1886	Manually curated Data.tsv	PAVS867	UNKNOWN_SEX			HP:0001263|HP:0002180	SLC25A22:NM_001191060.1:c.55	GRCh37	not known	Lennox-Gastaut syndrome|Generalized tonic clonic
PAVS_MASTER_1887	Manually curated Data.tsv	PAVS868	UNKNOWN_SEX			HP:0002376|HP:0006891|HP:0007359	SCN1A:NM_001165963.1:c.1498C	GRCh37	not known	Lennox-Gastaut syndrome|Febril seizure|Generalized tonic clonic
PAVS_MASTER_1888	Manually curated Data.tsv	PAVS869	UNKNOWN_SEX			HP:0001263|HP:0007359|HP:0200134	SLC25A12:NM_003705.4:c.1385C	GRCh37	not known	Generalized tonic clonic
PAVS_MASTER_1889	Manually curated Data.tsv	PAVS870	UNKNOWN_SEX				SCN1A:NM_001202435.1:c.671	GRCh37	not known	Slow wave|Generalized spike
PAVS_MASTER_1890	Manually curated Data.tsv	PAVS871	UNKNOWN_SEX			HP:0001249|HP:0007018	not known:c.1265_1266del	GRCh37	not known	Generalized wave|myoclonic|Generalized poly spikes|Generalized tonic-cloni|Vermis hypoplasia
PAVS_MASTER_1891	Manually curated Data.tsv	PAVS872	UNKNOWN_SEX			HP:0000252|HP:0001263|HP:0007359|HP:0200134	SLC13A5:NM_177550.4:c.785	GRCh37	not known	Generalized tonic-cloni
PAVS_MASTER_1892	Manually curated Data.tsv	PAVS873	UNKNOWN_SEX			HP:0007359	SLC13A5:NM_177550.3:c.1654	GRCh37	not known	Generalized tonic-cloni|Multifocal discharge
PAVS_MASTER_1893	Manually curated Data.tsv	PAVS874	UNKNOWN_SEX			HP:0000252	ARX:NM_139058.2:c.1019	GRCh37	not known	Intellectual deficit|Generalized tonic-clonic|Burst suppression
PAVS_MASTER_1894	Manually curated Data.tsv	PAVS875	UNKNOWN_SEX			HP:0002344	GM2A:NM_000405.4:c.164C	GRCh37	not known	
PAVS_MASTER_1895	Manually curated Data.tsv	PAVS876	UNKNOWN_SEX			HP:0000252|HP:0000486|HP:0000750|HP:0001270|HP:0001337	not known:NM_001142294:c.1450_1451insA	GRCh37	not known	
PAVS_MASTER_1896	Manually curated Data.tsv	PAVS877	UNKNOWN_SEX			HP:0001266	CYP27A1:NM_000784:c.1342C	GRCh37	not known	
PAVS_MASTER_1897	Manually curated Data.tsv	PAVS878	UNKNOWN_SEX			HP:0000252	NPC2:NM_006432:c.88G	GRCh37	not known	Static encephalopathy
PAVS_MASTER_1898	Manually curated Data.tsv	PAVS879	UNKNOWN_SEX			HP:0000238|HP:0001250|HP:0001263	ARFGEF2:NM_006420:c.656_657insC	GRCh37	not known	
PAVS_MASTER_1899	Manually curated Data.tsv	PAVS880	UNKNOWN_SEX			HP:0001263|HP:0011451	PNKP:NM_007254:c.1250_1251insAACGGGTCGCCATCGAC	GRCh37	not known	
PAVS_MASTER_1900	Manually curated Data.tsv	PAVS881	UNKNOWN_SEX			HP:0000508|HP:0010305	RYR1:NM_000540:c.6617C	GRCh37	not known	
PAVS_MASTER_1901	Manually curated Data.tsv	PAVS882	UNKNOWN_SEX			HP:0001989	FBN2:NM_001999:c.1064G	GRCh37	not known	Brain ischemia and neonatal death
PAVS_MASTER_1902	Manually curated Data.tsv	PAVS883	UNKNOWN_SEX				not known:	GRCh37	not known	Isolated cerebellar atrophy
PAVS_MASTER_1903	Manually curated Data.tsv	PAVS884	UNKNOWN_SEX				WDR81:NM_001163809:c.845G	GRCh37	not known	Severe brain malformation (hydranencephaly and severe cerebellar hypoplasia)
PAVS_MASTER_1904	Manually curated Data.tsv	PAVS885	UNKNOWN_SEX			HP:0001249|HP:0001642	ZNF526:NM_133444:c.479A	GRCh37	not known	Noonan-like facies
PAVS_MASTER_1905	Manually curated Data.tsv	PAVS886	UNKNOWN_SEX				not known:NM_020247:c.1744dup	GRCh37	not known	Isolated cerebellar hypoplasia
PAVS_MASTER_1906	Manually curated Data.tsv	PAVS887	UNKNOWN_SEX			HP:0000252|HP:0000750|HP:0001257|HP:0002079	AP4M1:NM_004722:c.C952T	GRCh37	not known	Hypomyelination|Brain atrophy.
PAVS_MASTER_1907	Manually curated Data.tsv	PAVS888	UNKNOWN_SEX			HP:0003811|HP:0011451	not known:NM_017785:c.1724_1747	GRCh37	not known	
PAVS_MASTER_1908	Manually curated Data.tsv	PAVS889	UNKNOWN_SEX			HP:0001263|HP:0045028	not known:NM_207312:c.643C	GRCh37	not known	
PAVS_MASTER_1909	Manually curated Data.tsv	PAVS890	UNKNOWN_SEX			HP:0001263|HP:0011451	not known:NM_017553:c.1501T	GRCh37	not known	
PAVS_MASTER_1910	Manually curated Data.tsv	PAVS891	UNKNOWN_SEX			HP:0000238|HP:0001263|HP:0001324	not known:NM_002508.2:c.3385+1G	GRCh37	not known	
PAVS_MASTER_1911	Manually curated Data.tsv	PAVS892	UNKNOWN_SEX			HP:0001263|HP:0011451	TSEN15:NM_001127394:c.226T	GRCh37	not known	
PAVS_MASTER_1912	Manually curated Data.tsv	PAVS893	UNKNOWN_SEX			HP:0001250|HP:0001263|HP:0001508	not known:NM_147192:c.367C	GRCh37	not known	
PAVS_MASTER_1913	Manually curated Data.tsv	PAVS894	UNKNOWN_SEX			HP:0003198	not known:NM_001135598:c.779G	GRCh37	not known	
PAVS_MASTER_1914	Manually curated Data.tsv	PAVS895	UNKNOWN_SEX			HP:0001263	not known:NM_020374:c.637_638insAAAC	GRCh37	not known	
PAVS_MASTER_1915	Manually curated Data.tsv	PAVS896	UNKNOWN_SEX			HP:0000729	not known:NM_020212:c.280T	GRCh37	not known	
PAVS_MASTER_1916	Manually curated Data.tsv	PAVS897	UNKNOWN_SEX			HP:0001263|HP:0012444	not known:NM_021908:c.489T	GRCh37	not known	
PAVS_MASTER_1917	Manually curated Data.tsv	PAVS898	UNKNOWN_SEX			HP:0001360	not known:NM_030590:c.515G	GRCh37	not known	
PAVS_MASTER_1918	Manually curated Data.tsv	PAVS899	UNKNOWN_SEX			HP:0001249|HP:0001250	SEC24D:NM_014822:c.697G	GRCh37	not known	
PAVS_MASTER_1919	Manually curated Data.tsv	PAVS900	UNKNOWN_SEX			HP:0001263|HP:0011451	not known:NM_016121:c.1036_1073del	GRCh37	not known	
PAVS_MASTER_1920	Manually curated Data.tsv	PAVS901	UNKNOWN_SEX			HP:0001263|HP:0012444	PTPN23:NM_015466:c.3995G	GRCh37	not known	
PAVS_MASTER_1921	Manually curated Data.tsv	PAVS902	UNKNOWN_SEX			HP:0001263|HP:0001999	TAF6:NM_005641.3:c.212T	GRCh37	not known	Dysmorphism
PAVS_MASTER_1922	Manually curated Data.tsv	PAVS903	UNKNOWN_SEX			HP:0001250|HP:0001252|HP:0001263|HP:0001629|HP:0001999	TBCK:NM_033115:c.1708+1G	GRCh37	not known	Dysmorphism
PAVS_MASTER_1923	Manually curated Data.tsv	PAVS904	UNKNOWN_SEX			HP:0000256|HP:0000268|HP:0001513	not known:NM_001079519:c.297_298insA	GRCh37	not known	ID
PAVS_MASTER_1924	Manually curated Data.tsv	PAVS905	UNKNOWN_SEX			HP:0000238|HP:0000347|HP:0001305|HP:0001762|HP:0002202	not known:NM_015312.3:c.1557T	GRCh37	not known	Flexed deformity
PAVS_MASTER_1925	Manually curated Data.tsv	PAVS906	UNKNOWN_SEX			HP:0002180	not known:NM_138383:c.1790C	GRCh37	not known	Brain iron accumulation
PAVS_MASTER_1926	Manually curated Data.tsv	PAVS907	UNKNOWN_SEX			HP:0011451	not known:NM_194293:c.4495G	GRCh37	not known	
PAVS_MASTER_1927	Manually curated Data.tsv	PAVS908	UNKNOWN_SEX			HP:0001250|HP:0001321|HP:0011344	not known:NM_018938.2:c.915	GRCh37	not known	
PAVS_MASTER_1928	Manually curated Data.tsv	PAVS909	UNKNOWN_SEX			HP:0001263	not known:NM_005441:c.496A	GRCh37	not known	Attention deficit hyperactive disorder
PAVS_MASTER_1929	Manually curated Data.tsv	PAVS910	UNKNOWN_SEX			HP:0002180	ARV1:NM_022786:c.565G	GRCh37	not known	
PAVS_MASTER_1930	Manually curated Data.tsv	PAVS911	UNKNOWN_SEX			HP:0002180|HP:0002415|HP:0006789	ISCA2:NM_194279:c.229G	GRCh37	not known	White matter changes|High lactate peak in the brain
PAVS_MASTER_1931	Manually curated Data.tsv	PAVS912	UNKNOWN_SEX			HP:0000365|HP:0001251|HP:0001263	PTRH2:NM_016077.3:c.254A	GRCh37	not known	
PAVS_MASTER_1932	Manually curated Data.tsv	PAVS913	UNKNOWN_SEX			HP:0000519|HP:0001263	GEMIN4:NM_015721:c.2452T	GRCh37	not known	tubulopathy|and severe osteopenia|Congenital cataract(10DG0703) global developmental delay and congenital cataract(13DG1542) global developmental delay|Severe dystonia
PAVS_MASTER_1933	Manually curated Data.tsv	PAVS914	UNKNOWN_SEX			HP:0001249|HP:0001250	MYOCD:NM_001146312:c.1252A	GRCh37	not known	
PAVS_MASTER_1934	Manually curated Data.tsv	PAVS915	UNKNOWN_SEX			HP:0001263	not known:NM_017990:c.1360G	GRCh37	not known	Typical Joubert syndrome|MRI findings
PAVS_MASTER_1935	Manually curated Data.tsv	PAVS916	UNKNOWN_SEX			HP:0000238|HP:0001263|HP:0001305|HP:0001320	DPH1:NM_001383.3:c.701T	GRCh37	not known	
PAVS_MASTER_1936	Manually curated Data.tsv	PAVS917	UNKNOWN_SEX			HP:0001263	NUP107:NM_020401:c.303G	GRCh37	not known	early onset focal segmental glomerulosclerosis|light complexion
PAVS_MASTER_1937	Manually curated Data.tsv	PAVS918	UNKNOWN_SEX			HP:0000238|HP:0000750|HP:0001263|HP:0001270|HP:0001272|HP:0100543	not known:NM_001168215:c.95+3A	GRCh37	not known	
PAVS_MASTER_1938	Manually curated Data.tsv	PAVS919	UNKNOWN_SEX			HP:0001258	not known:NM_022140:c.1298C	GRCh37	not known	Failure to thrive.
PAVS_MASTER_1939	Manually curated Data.tsv	PAVS920	UNKNOWN_SEX			HP:0000194|HP:0000280|HP:0000316|HP:0000767|HP:0000973|HP:0001252|HP:0001488|HP:0002020|HP:0002650|HP:0006528	not known:NM_198841:c.743C	GRCh37	not known	Undescended testicles.
PAVS_MASTER_1940	Manually curated Data.tsv	PAVS921	UNKNOWN_SEX			HP:0001270|HP:0001511|HP:0001620|HP:0002783	PCNT:NM_006031.5:c.196G>T	GRCh37	not known	Speech development delay|Prematurity|Primordial dwarfism
PAVS_MASTER_1941	Manually curated Data.tsv	PAVS922	UNKNOWN_SEX			HP:0000171|HP:0000347|HP:0000568|HP:0000691	RBBP8:NM_203291.1:c.298C>T	GRCh37	not known	Bilateral basal ganglia calcification|Primordial dwarfism|Cerebellar calcification
PAVS_MASTER_1942	Manually curated Data.tsv	PAVS923	UNKNOWN_SEX			HP:0000938|HP:0009882|HP:0012736	CRIPT:NM_014171.4:c.133_134insGG	GRCh37	not known	Bifrontal subdural hygroma|Hypopigmented skin patches and talipes|Characteristic facies|Blind
PAVS_MASTER_1943	Manually curated Data.tsv	PAVS924	UNKNOWN_SEX			HP:0000938|HP:0001643|HP:0002719|HP:0009882	CRIPT:NM_014171.4:c.141delT	GRCh37	not known	Markedly impaired retinal function|Characteristic facies|Albinoid fundus|Anisopoikilocytosis.Increased white matter signal|Persistent anemia|Hypogenesis of corpus callosum
PAVS_MASTER_1944	Manually curated Data.tsv	PAVS925	UNKNOWN_SEX			HP:0001263|HP:0002176|HP:0010550	DNA2:NM_001080449.2:c.3372+6delC	GRCh37	not known	"Characteristic Seckel facies|Severe kyphoscoliosis|Intellectual
disability"
PAVS_MASTER_1945	Manually curated Data.tsv	PAVS926	UNKNOWN_SEX			HP:0001249|HP:0001263	DNA2:NM_001080449.2:c.3372+6delC	GRCh37	not known	Characteristic Seckel facies|Eectopic kidney
PAVS_MASTER_1946	Manually curated Data.tsv	PAVS927	UNKNOWN_SEX			HP:0000322|HP:0000750	XRCC4:NM_003401.3:c.127T>C	GRCh37	not known	Triangular bird-like face
PAVS_MASTER_1947	Manually curated Data.tsv	PAVS928	UNKNOWN_SEX			HP:0000086|HP:0000252|HP:0001263|HP:0001525|HP:0001643|HP:0009919	BRCA2:NM_000059.3:c.9152delC	GRCh37	not known	Brain glioma|Bilateral hip dysplasia
PAVS_MASTER_1948	Manually curated Data.tsv	PAVS929	UNKNOWN_SEX				IGF1:NM_001111285.1:c.292C>T	GRCh37	not known	Primordial dwarfism
PAVS_MASTER_1949	Manually curated Data.tsv	PAVS930	UNKNOWN_SEX			HP:0000973|HP:0001382	not known:c.2592T>G	GRCh37	not known	Small and malaligned teeth
PAVS_MASTER_1950	Manually curated Data.tsv	PAVS931	UNKNOWN_SEX				GM2A:NM_000405.4:c.164C>T	GRCh37	not known	deteriorating school performance|crippling dystonia|death|relentless cerebral atrophy|behavioral disturbance|Neurodegenerative illness
PAVS_MASTER_1951	Manually curated Data.tsv	PAVS932	UNKNOWN_SEX			HP:0001249	not known:NM_020374:c.639_640insACAA	GRCh37	not known	Attention deficit hyperactive disorder and hypotonia
PAVS_MASTER_1952	Manually curated Data.tsv	PAVS933	UNKNOWN_SEX			HP:0000252|HP:0001251|HP:0001263|HP:0001508	not known:NM_001142294.1:c.1450dup	GRCh37	not known	dysarthria and strabismus
PAVS_MASTER_1953	Manually curated Data.tsv	PAVS934	UNKNOWN_SEX				CYP27A1:NM_000784.3:c.1342C>T	GRCh37	not known	Regression of gross and fine motor development|basal ganglia lesions|severe dystonia
PAVS_MASTER_1954	Manually curated Data.tsv	PAVS935	UNKNOWN_SEX			HP:0002515	not known:NM_001135598.1:c.779G>A	GRCh37	not known	Marked hypotonia
PAVS_MASTER_1955	Manually curated Data.tsv	PAVS936	UNKNOWN_SEX			HP:0000252|HP:0001250|HP:0001263	NPC2:NM_006432.3:c.88G>A	GRCh37	not known	and brain atrophy
PAVS_MASTER_1956	Manually curated Data.tsv	PAVS937	UNKNOWN_SEX				SBF1:NM_002972.2:c.1327G>A	GRCh37	not known	Charcot-Marie-Tooth with microcephaly|ophthalmoplegia and syndactyly
PAVS_MASTER_1957	Manually curated Data.tsv	PAVS938	UNKNOWN_SEX			HP:0001263|HP:0002410	ARFGEF2:NM_006420:c.656dup	GRCh37	not known	epilepsy and hydrocephalus
PAVS_MASTER_1958	Manually curated Data.tsv	PAVS939	UNKNOWN_SEX			HP:0000365|HP:0000540|HP:0001250|HP:0001252	not known:NM_147192.2:c.367C>T	GRCh37	not known	Global developnetnal delay|and strabismus
PAVS_MASTER_1959	Manually curated Data.tsv	PAVS940	UNKNOWN_SEX			HP:0000729	not known:NM_020212.1:c.280T>C	GRCh37	not known	Autistic spectrum disorder
PAVS_MASTER_1960	Manually curated Data.tsv	PAVS941	UNKNOWN_SEX			HP:0001249	ZNF526:NM_133444.1:c.479A>C	GRCh37	not known	Noonan-like facies and pulmonary stenosis
PAVS_MASTER_1961	Manually curated Data.tsv	PAVS942	UNKNOWN_SEX			HP:0000238|HP:0001321|HP:0002324|HP:0003811	WDR81:NM_001163809.1:c.845G>A	GRCh37	not known	severe cerebellar hypoplasia|severe brain malformation
PAVS_MASTER_1962	Manually curated Data.tsv	PAVS943	UNKNOWN_SEX			HP:0001263	not known:NM_021908.2:c.489T>G	GRCh37	not known	intractable seizures and brain atrophy
PAVS_MASTER_1963	Manually curated Data.tsv	PAVS944	UNKNOWN_SEX			HP:0001258	not known:NM_022140.3:c.1298C>T	GRCh37	not known	failure to thrive.
PAVS_MASTER_1964	Manually curated Data.tsv	PAVS945	UNKNOWN_SEX			HP:0000252|HP:0000520|HP:0001250|HP:0001263|HP:0001360	not known:NM_030590.3:c.515G>C	GRCh37	not known	and diabetes insipidus|lumbosacral myelomeningocele
PAVS_MASTER_1965	Manually curated Data.tsv	PAVS946	UNKNOWN_SEX			HP:0001249|HP:0001250	SEC24D:NM_014822.2:c.697G>C	GRCh37	not known	
PAVS_MASTER_1966	Manually curated Data.tsv	PAVS947	UNKNOWN_SEX			HP:0001250|HP:0001263|HP:0001339|HP:0011451	not known:NM_207312.2:c.643C>T	GRCh37	not known	
PAVS_MASTER_1967	Manually curated Data.tsv	PAVS948	UNKNOWN_SEX			HP:0001249	not known:NM_018938.2:c.915del	GRCh37	not known	Microcephaly and epilepsy
PAVS_MASTER_1968	Manually curated Data.tsv	PAVS949	UNKNOWN_SEX			HP:0001263	NUP107:NM_020401:c.303G>A	GRCh37	not known	early onset focal segmental glomerulosclerosis|light complexion
PAVS_MASTER_1969	Manually curated Data.tsv	PAVS950	UNKNOWN_SEX			HP:0000519|HP:0001263	GEMIN4:NM_015721:c.2452T>C	GRCh37	not known	severe dystonia and microcephaly
PAVS_MASTER_1970	Manually curated Data.tsv	PAVS951	UNKNOWN_SEX			HP:0001263	TSEN15:NM_001127394.3:c.226T>G	GRCh37	not known	epilepsy and primary microcephaly
PAVS_MASTER_1971	Manually curated Data.tsv	PAVS952	UNKNOWN_SEX			HP:0001263	not known:NM_017990:c.1360G>T	GRCh37	not known	typical Joubert syndrome MRI findings
PAVS_MASTER_1972	Manually curated Data.tsv	PAVS953	UNKNOWN_SEX				DDHD2:NM_015214.2:c.1249_1891del	GRCh37	not known	Hereditary spastic paraplegia
PAVS_MASTER_1973	Manually curated Data.tsv	PAVS954	UNKNOWN_SEX			HP:0001263	PNKP:NM_007254.3:c.1250_1251insAACGGGTCGCCATCGAC	GRCh37	not known	primary microcephaly and cerebellar atrophy
PAVS_MASTER_1974	Manually curated Data.tsv	PAVS955	UNKNOWN_SEX			HP:0000238	not known:NM_002508.2:c.3385+1G>A	GRCh37	not known	focal epilepsy and hemiparesis
PAVS_MASTER_1975	Manually curated Data.tsv	PAVS956	UNKNOWN_SEX			HP:0001249	not known:NM_017553:c.1501T|not known:NM_017553:c.3737G	GRCh37	not known	epilepsy and primary microcephaly
PAVS_MASTER_1976	Manually curated Data.tsv	PAVS957	UNKNOWN_SEX				not known:NM_017785.4:c.1724_1747del	GRCh37	not known	Neonatal death due to severe primary microcephaly (virtually no brain)
PAVS_MASTER_1977	Manually curated Data.tsv	PAVS958	UNKNOWN_SEX			HP:0001263	PTPN23:NM_015466.2:c.3995G>T	GRCh37	not known	epilepsy and brain atrophy
PAVS_MASTER_1978	Manually curated Data.tsv	PAVS959	UNKNOWN_SEX			HP:0000508	RYR1:NM_000540.2:c.6617C>T	GRCh37	not known	sacral agenesis and history of neonatal hypotonia
PAVS_MASTER_1979	Manually curated Data.tsv	PAVS960	UNKNOWN_SEX				FBN2:NM_001999.3:c.1064G>A	GRCh37	not known	Neonatal death due to fetal akinesia with cerebral ischemia
PAVS_MASTER_1980	Manually curated Data.tsv	PAVS961	UNKNOWN_SEX				TAF6:NM_001190415.1:c.323T>C	GRCh37	not known	Global developmental delay and dysmorphic facies
PAVS_MASTER_1981	Manually curated Data.tsv	PAVS962	UNKNOWN_SEX			HP:0001263	PTRH2:NM_016077.3:c.254A>C	GRCh37	not known	hearin loss and ataxia
PAVS_MASTER_1982	Manually curated Data.tsv	PAVS963	UNKNOWN_SEX			HP:0000639|HP:0001251|HP:0001310|HP:0001350|HP:0002075	not known:NM_020247:c.1744dup	GRCh37	not known	and cerebellar atrophy|slightly reduced reflexes
PAVS_MASTER_1983	Manually curated Data.tsv	PAVS964	UNKNOWN_SEX			HP:0001250|HP:0001252|HP:0001263|HP:0001999	TBCK:NM_033115:c.1708+1G>A	GRCh37	not known	and Ventricular septal defect.|dysmorphism|delayed reflexes
PAVS_MASTER_1984	Manually curated Data.tsv	PAVS965	UNKNOWN_SEX				ARV1:NM_022786.1:c.565G>A	GRCh37	not known	Neurodegenrative disease with blindness
PAVS_MASTER_1985	Manually curated Data.tsv	PAVS966	UNKNOWN_SEX			HP:0000767|HP:0000973|HP:0001252|HP:0001488|HP:0002020|HP:0002650	not known:NM_198841.2:c.743C>T	GRCh37	not known	and hypertelorism)|hyperactive airways/chronic lung disease|Coarse facial features (open mouth|and bilateral undescended testicles.
PAVS_MASTER_1986	Manually curated Data.tsv	PAVS967	UNKNOWN_SEX				not known:NM_194293.2:c.4495G>A	GRCh37	not known	Classical primary microcephaly
PAVS_MASTER_1987	Manually curated Data.tsv	PAVS968	UNKNOWN_SEX			HP:0001250|HP:0011344	not known:NM_016121.3:c.1036_1073del	GRCh37	not known	and cerebellar hypoplasia.
PAVS_MASTER_1988	Manually curated Data.tsv	PAVS969	UNKNOWN_SEX			HP:0000256|HP:0001249	not known:NM_001079519.1:c.297dup	GRCh37	not known	dolichocephaly and mild obesity
PAVS_MASTER_1989	Manually curated Data.tsv	PAVS970	UNKNOWN_SEX			HP:0000238|HP:0000347|HP:0001305|HP:0001762	not known:NM_015312.3:c.1557T>A	GRCh37	not known	flexed deformity|and pleural effusion.
PAVS_MASTER_1990	Manually curated Data.tsv	PAVS971	UNKNOWN_SEX				not known:NM_005441.2:c.496A>G	GRCh37	not known	)|and Attention deficit hyperactive disorder.|Global developmental delay (with intellectual disability
PAVS_MASTER_1991	Manually curated Data.tsv	PAVS972	UNKNOWN_SEX			HP:0001252	not known:NM_138383.2:c.1790C>T	GRCh37	not known	Microcephaly (<-2SD)|and MRI showed iron deposition in globus pallidus bilaterally.|global developmental delay with intellectual disability
PAVS_MASTER_1992	Manually curated Data.tsv	PAVS973	UNKNOWN_SEX			HP:0000648|HP:0001263|HP:0001508|HP:0001522|HP:0002510|HP:0008936	ISCA2:NM_194279.3:c.229G>A	GRCh37	not known	MRI: leukoencephalopathy.|high CSF lactic ac intellectual disability|Neurodegeration
PAVS_MASTER_1993	Manually curated Data.tsv	PAVS974	UNKNOWN_SEX			HP:0001249|HP:0001250	MYOCD:NM_001146312.2:c.1252A>G	GRCh37	not known	brain MRI: bilateral multiple small hyper intense regions in white matter in centrum ovale and early changes of demyelination.
PAVS_MASTER_1994	Manually curated Data.tsv	PAVS975	UNKNOWN_SEX			HP:0000519	GEMIN4:NM_015721:c.2452T>C	GRCh37	not known	tubulopathy|and severe osteopenia.
PAVS_MASTER_1995	Manually curated Data.tsv	PAVS976	UNKNOWN_SEX			HP:0000121|HP:0000252|HP:0000519|HP:0001250|HP:0011344	GEMIN4:NM_015721:c.2452T>C	GRCh37	not known	blaDevelopmental delayer calculi|central hypotonia and appendicular hypertonia|left orbital heamangioma|porto-caval shunt|and epiphyseal dysplasia.|brain hypomyelination and callosal thinning
PAVS_MASTER_1996	Manually curated Data.tsv	PAVS977	UNKNOWN_SEX			HP:0002079	AP4M1:NM_004722.2:c.952C>T	GRCh37	not known	Microcephaly and developmental delay in the form of speech delay. Brain MRI: hypomyelination|and brain atrophy.
PAVS_MASTER_1997	Manually curated Data.tsv	PAVS978	UNKNOWN_SEX			HP:0000193|HP:0000218|HP:0000238|HP:0000316|HP:0000347|HP:0000369|HP:0000494|HP:0001305|HP:0001320|HP:0005280|HP:0011220	DPH1:NM_001383.3:c.701T>C	GRCh37	not known	developmental delay. On examination: he has prominent occiput|and hypotonia. He has Ventricular septal defect but no prominent chest wall or genitourinary abnormalities.
PAVS_MASTER_1998	Manually curated Data.tsv	PAVS979	UNKNOWN_SEX			HP:0000175|HP:0000238|HP:0000316|HP:0000369|HP:0000470|HP:0000568|HP:0001305|HP:0002085|HP:0006872	TMEM237:NM_001044385.2:c.869+1G>A	GRCh37	not known	
PAVS_MASTER_1999	Manually curated Data.tsv	PAVS980	UNKNOWN_SEX			HP:0000113|HP:0000316|HP:0000340|HP:0000369|HP:0002085	EVC2:NM_147127.4:c.3870_3893dup	GRCh37	not known	Potter-like facies|Early death
PAVS_MASTER_2000	Manually curated Data.tsv	PAVS981	UNKNOWN_SEX			HP:0000113|HP:0000252|HP:0000340|HP:0001562|HP:0001643|HP:0002085|HP:0002089|HP:0002308|HP:0002323	TMEM67:NM_153704.5:c.2306del	GRCh37	not known	Variable prenatal growth deficiency|Early death
PAVS_MASTER_2001	Manually curated Data.tsv	PAVS982	UNKNOWN_SEX			HP:0000113|HP:0000252|HP:0001562|HP:0002085|HP:0002089	MKS1:NM_017777.3:c.1126duplA	GRCh37	not known	Variable prenatal growth deficiency|Early death
PAVS_MASTER_2002	Manually curated Data.tsv	PAVS983	UNKNOWN_SEX			HP:0000113|HP:0000252|HP:0000340|HP:0001305|HP:0001562|HP:0001883|HP:0002085|HP:0010442	CC2D2A:NM_001378615.1:c.4531T>C	GRCh37	not known	Early death
PAVS_MASTER_2003	Manually curated Data.tsv	PAVS984	UNKNOWN_SEX			HP:0000113|HP:0001305|HP:0001562|HP:0001883|HP:0002085|HP:0010442	CEP290:NM_025114.3:c.1860_1863delAAGA	GRCh37	not known	Early death
PAVS_MASTER_2004	Manually curated Data.tsv	PAVS985	UNKNOWN_SEX			HP:0000062|HP:0000113|HP:0000252|HP:0000340|HP:0001159|HP:0001562|HP:0001883|HP:0002085|HP:0006487|HP:0010442	CC2D2A:NM_001080522.2:c.4531T>C	GRCh37	not known	Variable prenatal growth deficiency|Early death
PAVS_MASTER_2005	Manually curated Data.tsv	PAVS986	UNKNOWN_SEX			HP:0000113|HP:0000238|HP:0000252|HP:0000340|HP:0001562|HP:0001883|HP:0002085|HP:0002308|HP:0010442	not known:NM_023073.3:c.7988_7989delGA	GRCh37	not known	Early death
PAVS_MASTER_2006	Manually curated Data.tsv	PAVS987	UNKNOWN_SEX			HP:0000175|HP:0000238|HP:0001643|HP:0002085	not known:NM_021807.3:c.	GRCh37	not known	Early death
PAVS_MASTER_2007	Manually curated Data.tsv	PAVS988	UNKNOWN_SEX			HP:0000113|HP:0000252|HP:0000340|HP:0001562|HP:0001883|HP:0002085|HP:0010442	MKS1:NM_017777.3:c.1126dupA	GRCh37	not known	Early death
PAVS_MASTER_2008	Manually curated Data.tsv	PAVS989	UNKNOWN_SEX			HP:0000952|HP:0001511|HP:0002023|HP:0002908	UBR1:NM_174916.2:c.1440-1G>A	GRCh37	not known	Elevated liver transiminases|giant cell hepatoctyes|intracellular and canicular cholestasis
PAVS_MASTER_2009	Manually curated Data.tsv	PAVS990	UNKNOWN_SEX			HP:0000369|HP:0000377|HP:0000687|HP:0000691|HP:0004463	FGF3:NM_005247.4:c.196G>T	GRCh37	not known	Anterverted ears|Bilateral type 1 microtia|Profound bilateral congenital deafness|widly spaced teeth|Persistently hyperintense cerebral white matter|Delayed mylination|Misaligned teeth|Prominent tip of the nose
PAVS_MASTER_2010	Manually curated Data.tsv	PAVS991	UNKNOWN_SEX			HP:0000369|HP:0000687|HP:0000691|HP:0005274|HP:0008551|HP:0040080	FGF3:NM_005247.4:c.196G>T	GRCh37	not known	Bilateral congenital deafness|and microdontia|lobulation of ear helix
PAVS_MASTER_2011	Manually curated Data.tsv	PAVS992	UNKNOWN_SEX			HP:0000369|HP:0000687|HP:0000691|HP:0005274|HP:0008551|HP:0040080	FGF3:NM_005247.4:c.196G>T	GRCh37	not known	Bilateral congenital deafness|and microdontia|lobulation of ear helix
PAVS_MASTER_2012	Manually curated Data.tsv	PAVS993	UNKNOWN_SEX			HP:0000135|HP:0000819|HP:0001249|HP:0001596|HP:0002071	not known:NM_025000.4:c.436delC	GRCh37	not known	
PAVS_MASTER_2013	Manually curated Data.tsv	PAVS994	UNKNOWN_SEX			HP:0000855|HP:0000956|HP:0001397|HP:0003394	POC1A:NM_015426.5:c.241C>T	GRCh37	not known	Decreased HDL|persisting fatty liver|hypercholesterolaemia|DM2|and hypertriglyceridaemia|Elevated serum creatinine kinase|non-proliferative diabetic retinopathy|Elevated serum triglycerides|Nuchal and axillary acanthosis nigricans
PAVS_MASTER_2014	Manually curated Data.tsv	PAVS995	UNKNOWN_SEX			HP:0000256|HP:0000316|HP:0001999|HP:0008905	POC1A:NM_015426.5:c.241C>T	GRCh37	not known	a high forehead|a depressed nasal bridge|a broad upturned nose|Elongated triangular face|Profound growth delay|a long philtrum|and posteriorly rotated low-set ears
PAVS_MASTER_2015	Manually curated Data.tsv	PAVS996	UNKNOWN_SEX			HP:0000316|HP:0000343|HP:0000455|HP:0001510|HP:0001518|HP:0001999|HP:0004482|HP:0005280|HP:0008905	POC1A:NM_015426.5:c.241C>T	GRCh37	not known	Posteriorly rotated low-set ears|a high forehead|Elongated triangular face
PAVS_MASTER_2016	Manually curated Data.tsv	PAVS997	UNKNOWN_SEX			HP:0000316|HP:0004322|HP:0004482	POC1A:NM_015426.5:c.241C>T	GRCh37	not known	Facila dysmorphism|a high forehead|a depressed nasal bridge|a broad upturned nose|low wight|Elongated triangular face|a long philtrum|and posteriorly rotated low-set ears
PAVS_MASTER_2017	Manually curated Data.tsv	PAVS998	UNKNOWN_SEX			HP:0000268|HP:0000348|HP:0000490|HP:0001252|HP:0001263|HP:0001508|HP:0002572|HP:0008905|HP:0009381|HP:0009765	POC1A:NM_015426.5:c.241C>T	GRCh37	not known	Profound global developmental delay and PD
PAVS_MASTER_2018	Manually curated Data.tsv	PAVS999	UNKNOWN_SEX			HP:0000316|HP:0000343|HP:0000445|HP:0000463|HP:0000938|HP:0001263|HP:0001508|HP:0001518	POC1A:NM_015426.5:c.241C>T	GRCh37	not known	diffuse osteopenia|Short broad carpals|Rotated low-set ears|a high forehead|a depressed nasal bridge|Hypoplastic epiphysis|Elongated triangular face|strikingly hypoplastic epiphyses
PAVS_MASTER_2019	Manually curated Data.tsv	PAVS1000	UNKNOWN_SEX			HP:0000505|HP:0007359	MFSD8:NM_001371596.2:c.1398C>T	GRCh37	not known	Exaggerated deep tendon reflexes|impaired cognitive function|secondary generalized tonic–clonic convulsion|atrophic changes in MRI|Poor verbal communication
PAVS_MASTER_2020	Manually curated Data.tsv	PAVS1001	UNKNOWN_SEX			HP:0000505|HP:0000618|HP:0001250|HP:0031358	MFSD8:NM_001371596.2:c.1398C>T	GRCh37	not known	impaired cognition|sharp waves in EEG|mild slowing of the background
PAVS_MASTER_2021	Manually curated Data.tsv	PAVS1002	UNKNOWN_SEX			HP:0000505|HP:0000618|HP:0001250	MFSD8:NM_001371596.2:c.1398C>T	GRCh37	not known	impaired cognition|Diffuse slowing|Intractable seizures|multifocal sharp waves
PAVS_MASTER_2022	Manually curated Data.tsv	PAVS1003	UNKNOWN_SEX			HP:0000486|HP:0000648|HP:0001249|HP:0001260|HP:0001264|HP:0002540|HP:0008936	ATG7:NM_001349232.2:c.1535T>C	GRCh37	not known	
PAVS_MASTER_2023	Manually curated Data.tsv	PAVS1004	UNKNOWN_SEX			HP:0000276|HP:0000486|HP:0000648|HP:0001249|HP:0001251|HP:0001260|HP:0001264|HP:0001337|HP:0008936|HP:0031936	ATG7:NM_001349232.2:c.1535T>C	GRCh37	not known	Diffuse brain volume loss
PAVS_MASTER_2024	Manually curated Data.tsv	PAVS1005	UNKNOWN_SEX			HP:0000486|HP:0000648|HP:0000750|HP:0001249|HP:0001251|HP:0001337|HP:0031936	ATG7:NM_001349232.2:c.1535T>C	GRCh37	not known	Posterior atrophy of corpus collosum|Cerebeller hypoplasia
PAVS_MASTER_2025	Manually curated Data.tsv	PAVS1006	UNKNOWN_SEX			HP:0000486|HP:0000750|HP:0001249|HP:0001251|HP:0001337|HP:0031936	ATG7:NM_001349232.2:c.1535T>C	GRCh37	not known	
PAVS_MASTER_2026	Manually curated Data.tsv	PAVS1007	UNKNOWN_SEX			HP:0001339	MCPH1:NM_024596.3:c.1_114del	GRCh37	not known	
PAVS_MASTER_2027	Manually curated Data.tsv	PAVS1008	UNKNOWN_SEX			HP:0001339|HP:0030048	WDR62:NM_001083961.1:c.3012_3034dup	GRCh37	not known	
PAVS_MASTER_2028	Manually curated Data.tsv	PAVS1009	UNKNOWN_SEX			HP:0001302	WDR62:NM_001083961.1:c.193G>A	GRCh37	not known	
PAVS_MASTER_2029	Manually curated Data.tsv	PAVS1010	UNKNOWN_SEX				not known:NM_001011649.2:c.140delT	GRCh37	not known	Dysplasia and dysgenesis of the corpus callosum
PAVS_MASTER_2030	Manually curated Data.tsv	PAVS1011	UNKNOWN_SEX			HP:0001274	CDK5RAP2:NM_001011649.2:c.4005-15A>G	GRCh37	not known	
PAVS_MASTER_2031	Manually curated Data.tsv	PAVS1012	UNKNOWN_SEX			HP:0002324	ASPM:c.1138C>T	GRCh37	not known	
PAVS_MASTER_2032	Manually curated Data.tsv	PAVS1013	UNKNOWN_SEX			HP:0001321|HP:0001338|HP:0030048	ASPM:NM_018136.4:c.3506_3507del	GRCh37	not known	
PAVS_MASTER_2033	Manually curated Data.tsv	PAVS1014	UNKNOWN_SEX				ASPM:NM_018136.4:c.3742-1G>C	GRCh37	not known	fused thalami and subarachnoid cyst|Microgyria|bilaterally malformed hippocampi|prominent ventricular system
PAVS_MASTER_2034	Manually curated Data.tsv	PAVS1015	UNKNOWN_SEX			HP:0002126	ASPM:NM_018136.4:c.5064delT	GRCh37	not known	
PAVS_MASTER_2035	Manually curated Data.tsv	PAVS1016	UNKNOWN_SEX			HP:0001339	ASPM:NM_018136.4:c.1138C>T	GRCh37	not known	
PAVS_MASTER_2036	Manually curated Data.tsv	PAVS1017	UNKNOWN_SEX			HP:0001339	ASPM:NM_018136.4:c.1952_1955del	GRCh37	not known	
PAVS_MASTER_2037	Manually curated Data.tsv	PAVS1018	UNKNOWN_SEX			HP:0011451	ASPM:NM_018136.4:c.1138C>T	GRCh37	not known	
PAVS_MASTER_2038	Manually curated Data.tsv	PAVS1019	UNKNOWN_SEX			HP:0001302	ASPM:NM_018136.4:c.1138C>T	GRCh37	not known	
PAVS_MASTER_2039	Manually curated Data.tsv	PAVS1020	UNKNOWN_SEX			HP:0001274|HP:0001339	ASPM:NM_018136.4:c.1952_1955del	GRCh37	not known	abnormality in the space in the meninges beneath the arachnoid membrane and above the pia matter that contains the cerebrospinal flu intellectual disability|posterior colpocephaly
PAVS_MASTER_2040	Manually curated Data.tsv	PAVS1021	UNKNOWN_SEX			HP:0001274	ASPM:NM_018136.4:c.1138C>T	GRCh37	not known	pachygyri
PAVS_MASTER_2041	Manually curated Data.tsv	PAVS1022	UNKNOWN_SEX			HP:0001331|HP:0001338	STIL:NM_001048166.1:c.3552_3553del	GRCh37	not known	pachygyria.
PAVS_MASTER_2042	Manually curated Data.tsv	PAVS1023	UNKNOWN_SEX			HP:0000238|HP:0007360|HP:0012695	MFSD2A:NM_001136493.1:c.515C>T	GRCh37	not known	
PAVS_MASTER_2043	Manually curated Data.tsv	PAVS1024	UNKNOWN_SEX			HP:0011451	CIT:NM_001206999.1:c.1111+1G>A	GRCh37	not known	
PAVS_MASTER_2044	Manually curated Data.tsv	PAVS1025	UNKNOWN_SEX			HP:0001339	CIT:NM_001206999.1:c.753+3A>T	GRCh37	not known	
PAVS_MASTER_2045	Manually curated Data.tsv	PAVS1026	UNKNOWN_SEX			HP:0001274	CEP135:NM_025009.4:c.2722C>T	GRCh37	not known	
PAVS_MASTER_2046	Manually curated Data.tsv	PAVS1027	UNKNOWN_SEX			HP:0002126	CEP152:NM_001194998.1:c.95A>C	GRCh37	not known	severe callosal hypogenesis with interhemispheric cyst at left aspect of the falx compressing the left cerebral hemisphere continuous with the third ventricle|mild dilation of the lateral ventricles
PAVS_MASTER_2047	Manually curated Data.tsv	PAVS1028	UNKNOWN_SEX			HP:0011451	not known:NM_018451.4:c.125_126delAA	GRCh37	not known	
PAVS_MASTER_2048	Manually curated Data.tsv	PAVS1029	UNKNOWN_SEX			HP:0011451	not known:NM_018451.4:c.133C>T	GRCh37	not known	
PAVS_MASTER_2049	Manually curated Data.tsv	PAVS1030	UNKNOWN_SEX			HP:0001274|HP:0001339	not known:NM_018451.4:c.43_44del	GRCh37	not known	hypoplasia of the cerebellum
PAVS_MASTER_2050	Manually curated Data.tsv	PAVS1031	UNKNOWN_SEX			HP:0011451	not known:NM_018451.4:c.3302-1G>C	GRCh37	not known	
PAVS_MASTER_2051	Manually curated Data.tsv	PAVS1032	UNKNOWN_SEX			HP:0001339	RNU4ATAC:	GRCh37	not known	
PAVS_MASTER_2052	Manually curated Data.tsv	PAVS1033	UNKNOWN_SEX			HP:0011451	PCNT:NM_006031.5:c.2374C>T	GRCh37	not known	
PAVS_MASTER_2053	Manually curated Data.tsv	PAVS1034	UNKNOWN_SEX			HP:0011451	PCNT:NM_006031.5:c.1519C>T	GRCh37	not known	
PAVS_MASTER_2054	Manually curated Data.tsv	PAVS1035	UNKNOWN_SEX			HP:0011451	PCNT:NM_006031.5:c.5767C>T	GRCh37	not known	
PAVS_MASTER_2055	Manually curated Data.tsv	PAVS1036	UNKNOWN_SEX			HP:0011451	PCNT:c.5767C>T	GRCh37	not known	
PAVS_MASTER_2056	Manually curated Data.tsv	PAVS1037	UNKNOWN_SEX			HP:0011451	PCNT:NM_006031.5:c.2812C>T	GRCh37	not known	
PAVS_MASTER_2057	Manually curated Data.tsv	PAVS1038	UNKNOWN_SEX			HP:0011451	PCNT:NM_006031.5:c.4655C>A	GRCh37	not known	
PAVS_MASTER_2058	Manually curated Data.tsv	PAVS1039	UNKNOWN_SEX			HP:0011451	not known:NM_001605.2:c.2873T>C	GRCh37	not known	
PAVS_MASTER_2059	Manually curated Data.tsv	PAVS1040	UNKNOWN_SEX				BRCA2:NM_000059.3:c.7007G>A	GRCh37	not known	foreshortened corpus callosum on its long axis with thinning at the level of the posterior body and splenium|Hypomyelination|the gyri patterns especially in the frontal and temporal lobes are disordered with possibly underlying malformation of cortical development
PAVS_MASTER_2060	Manually curated Data.tsv	PAVS1041	UNKNOWN_SEX			HP:0011451	PLK4:c.1299-1303delTAAAG	GRCh37	not known	
PAVS_MASTER_2061	Manually curated Data.tsv	PAVS1042	UNKNOWN_SEX			HP:0001320	DDX11:NM_152438.1:c.2633dupG	GRCh37	not known	hypoplasic corpus collosum
PAVS_MASTER_2062	Manually curated Data.tsv	PAVS1043	UNKNOWN_SEX			HP:0012444	DDX11:NM_004399.2:c.2426T>G	GRCh37	not known	
PAVS_MASTER_2063	Manually curated Data.tsv	PAVS1044	UNKNOWN_SEX			HP:0011451	RTTN:NM_173630.3:c.5746-20A>G	GRCh37	not known	
PAVS_MASTER_2064	Manually curated Data.tsv	PAVS1045	UNKNOWN_SEX			HP:0001339|HP:0002079	RTTN:NM_173630.3:c.3190A>C	GRCh37	not known	
PAVS_MASTER_2065	Manually curated Data.tsv	PAVS1046	UNKNOWN_SEX				RTTN:NM_173630.3:c.764G>A	GRCh37	not known	Delayed myelination in the frontal and temporal lobes
PAVS_MASTER_2066	Manually curated Data.tsv	PAVS1047	UNKNOWN_SEX			HP:0001339|HP:0100960	ASNS:NM_133436.3:c.1193A>G	GRCh37	not known	
PAVS_MASTER_2067	Manually curated Data.tsv	PAVS1048	UNKNOWN_SEX				ASNS:NM_133436.3:c.	GRCh37	not known	Severe cerebral and cerebellar atrophy with remarkable loss of the hemispheric white matter
PAVS_MASTER_2068	Manually curated Data.tsv	PAVS1049	UNKNOWN_SEX			HP:0001339|HP:0012444	ASNS:NM_001178076.1:c.	GRCh37	not known	atrophy of the frontal cortex
PAVS_MASTER_2069	Manually curated Data.tsv	PAVS1050	UNKNOWN_SEX			HP:0011451	ASNS:NM_133436.3:c.1193A>G	GRCh37	not known	
PAVS_MASTER_2070	Manually curated Data.tsv	PAVS1051	UNKNOWN_SEX			HP:0001339|HP:0002059	ASNS:NM_001673.4:c.1219C>T	GRCh37	not known	
PAVS_MASTER_2071	Manually curated Data.tsv	PAVS1052	UNKNOWN_SEX			HP:0006989|HP:0012444	ASNS:NM_133436.3:c.1137+1G>A	GRCh37	not known	
PAVS_MASTER_2072	Manually curated Data.tsv	PAVS1053	UNKNOWN_SEX			HP:0001321|HP:0001339|HP:0002365	ASNS:NM_133436.2:c.1354T>A	GRCh37	not known	
PAVS_MASTER_2073	Manually curated Data.tsv	PAVS1054	UNKNOWN_SEX				ASNS:NM_133436.2:c.28A>C	GRCh37	not known	Prominent ventricles with prominent subconvexity CSF spaces mainly related to the frontal lobe with global prominent cortical sulci|with mild brain atrophy
PAVS_MASTER_2074	Manually curated Data.tsv	PAVS1055	UNKNOWN_SEX			HP:0001274|HP:0001339|HP:0030048	NDE1:NM_017668.2:c.775del	GRCh37	not known	
PAVS_MASTER_2075	Manually curated Data.tsv	PAVS1056	UNKNOWN_SEX			HP:0001274|HP:0030048	NDE1:NM_017668.2:c.658C>T	GRCh37	not known	small sized frontal horns|deficient cingulated gyrus|Kinking of the cervicomedullary junction and sparse white matter in the parieto-occipital regions
PAVS_MASTER_2076	Manually curated Data.tsv	PAVS1057	UNKNOWN_SEX			HP:0001338	NDE1:NM_017668.2:c.658C>T	GRCh37	not known	diffuse supratentorial brain abnormality
PAVS_MASTER_2077	Manually curated Data.tsv	PAVS1058	UNKNOWN_SEX				NDE1:NM_017668.2:c.658C>T	GRCh37	not known	Corpus Callosum dysgenesis|colpocephaly and pachgyrrai with prominant CSF spaces
PAVS_MASTER_2078	Manually curated Data.tsv	PAVS1059	UNKNOWN_SEX			HP:0001274|HP:0002536	NDE1:NM_017668.2:c.658C>T	GRCh37	not known	Pachygyri
PAVS_MASTER_2079	Manually curated Data.tsv	PAVS1060	UNKNOWN_SEX				NDE1:NM_017668.2:c.658C>T	GRCh37	not known	Pachygyria and partially agenetic corpus callosum
PAVS_MASTER_2080	Manually curated Data.tsv	PAVS1061	UNKNOWN_SEX			HP:0007370|HP:0012110	PQBP1:NM_001032381.1:c.209_210delCA	GRCh37	not known	
PAVS_MASTER_2081	Manually curated Data.tsv	PAVS1062	UNKNOWN_SEX			HP:0001321|HP:0012110	TSEN15:NM_001127394.2:c.226T>G	GRCh37	not known	
PAVS_MASTER_2082	Manually curated Data.tsv	PAVS1063	UNKNOWN_SEX			HP:0011451	DONSON:c.786-22A>G	GRCh37	not known	
PAVS_MASTER_2083	Manually curated Data.tsv	PAVS1064	UNKNOWN_SEX				DONSON:c.786-22A>G	GRCh37	not known	Diffuse subcortical hypodensity
PAVS_MASTER_2084	Manually curated Data.tsv	PAVS1065	UNKNOWN_SEX			HP:0011451	DONSON:c.786-22A>G	GRCh37	not known	
PAVS_MASTER_2085	Manually curated Data.tsv	PAVS1066	UNKNOWN_SEX			HP:0011451	DONSON:c.786-22A>G	GRCh37	not known	
PAVS_MASTER_2086	Manually curated Data.tsv	PAVS1067	UNKNOWN_SEX			HP:0011451	DONSON:c.786-22A>G	GRCh37	not known	
PAVS_MASTER_2087	Manually curated Data.tsv	PAVS1068	UNKNOWN_SEX			HP:0011451	PHGDH:NM_006623.3:c.418G>A	GRCh37	not known	
PAVS_MASTER_2088	Manually curated Data.tsv	PAVS1069	UNKNOWN_SEX			HP:0011451	PHGDH:NM_006623.3:c.418G>A	GRCh37	not known	
PAVS_MASTER_2089	Manually curated Data.tsv	PAVS1070	UNKNOWN_SEX			HP:0011451	PHGDH:NM_006623.3:c.418G>A	GRCh37	not known	
PAVS_MASTER_2090	Manually curated Data.tsv	PAVS1071	UNKNOWN_SEX				PHGDH:NM_006623.3:c.488G>A	GRCh37	not known	Atrophic and small brain with significant ventriculomegaly
PAVS_MASTER_2091	Manually curated Data.tsv	PAVS1072	UNKNOWN_SEX			HP:0011451	PSAT1:NM_058179.3:c.296C>T	GRCh37	not known	
PAVS_MASTER_2092	Manually curated Data.tsv	PAVS1073	UNKNOWN_SEX			HP:0001274	TUBA1A:NM_006009.3:c.596A>G	GRCh37	not known	Lissenencephaly|hypoplasia of the cerebellum
PAVS_MASTER_2093	Manually curated Data.tsv	PAVS1074	UNKNOWN_SEX			HP:0001339	OCLN:NM_002538.3:c.514dup	GRCh37	not known	
PAVS_MASTER_2094	Manually curated Data.tsv	PAVS1075	UNKNOWN_SEX				PNKP:NM_007254.3:c.1253_1269dup	GRCh37	not known	Significant cerebellar atrophy
PAVS_MASTER_2095	Manually curated Data.tsv	PAVS1076	UNKNOWN_SEX			HP:0001339|HP:0030048	KATNB1:NM_005886.2:c.97G>T	GRCh37	not known	shallow sulci
PAVS_MASTER_2096	Manually curated Data.tsv	PAVS1077	UNKNOWN_SEX				EP300:NM_001429.3:c.1092C>A	GRCh37	not known	Foreshortening of the corpus callosum at the level of the splenium with intact integrit|bilaterally|abnormal parenchymal signal intensity in the parietal periventricular regions
PAVS_MASTER_2097	Manually curated Data.tsv	PAVS1078	UNKNOWN_SEX			HP:0001321|HP:0002436	SLC25A19:NM_001126122.1:c.505G>A	GRCh37	not known	vermis hypoplasia|agenesis of the corpus collosum
PAVS_MASTER_2098	Manually curated Data.tsv	PAVS1079	UNKNOWN_SEX			HP:0001302	VRK1:NM_003384.2:c.236C>T	GRCh37	not known	Dandy Walker malformation
PAVS_MASTER_2099	Manually curated Data.tsv	PAVS1080	UNKNOWN_SEX			HP:0011451	BLM:NM_000057.2:c.3379C>T	GRCh37	not known	
PAVS_MASTER_2100	Manually curated Data.tsv	PAVS1081	UNKNOWN_SEX			HP:0011451	ERCC4:NM_005236.2:c.909T>G	GRCh37	not known	
PAVS_MASTER_2101	Manually curated Data.tsv	PAVS1082	UNKNOWN_SEX			HP:0011451	FOXG1:NM_005249.4:c.689G>T	GRCh37	not known	
PAVS_MASTER_2102	Manually curated Data.tsv	PAVS1083	UNKNOWN_SEX			HP:0011451	NSUN2:NM_001193455.1:c.1373delA	GRCh37	not known	
PAVS_MASTER_2103	Manually curated Data.tsv	PAVS1084	UNKNOWN_SEX			HP:0011451	SBF1:NM_002972.2:c.2570-1G>T	GRCh37	not known	
PAVS_MASTER_2104	Manually curated Data.tsv	PAVS1085	UNKNOWN_SEX			HP:0002283	not known:NM_002887.3:c.104T>G	GRCh37	not known	diffuse thinning of the corpus callosum with preserved integitiy
PAVS_MASTER_2105	Manually curated Data.tsv	PAVS1086	UNKNOWN_SEX				ALDH6A1:NM_005589.3:c.1402C>T	GRCh37	not known	Severe cerebral and cerebellar atrophy with remarkable loss of the hemispheric white matter and thinning of the corpus callosum
PAVS_MASTER_2106	Manually curated Data.tsv	PAVS1087	UNKNOWN_SEX			HP:0000400|HP:0001347|HP:0011451|HP:0030799	not known:NM_017553.1:c.1501T>C	GRCh37	not known	Elevated 3-hydroxybutyric acid.|Intellectual disabilities|SaDevelopmental delayle nose|Colobomatous microphthalmia
PAVS_MASTER_2107	Manually curated Data.tsv	PAVS1088	UNKNOWN_SEX			HP:0000340|HP:0000400|HP:0000448|HP:0001848	not known:NM_003680.3:c.789C>A	GRCh37	not known	"High
arched palate|Microcephalic primordial dwarfism"
PAVS_MASTER_2108	Manually curated Data.tsv	PAVS1089	UNKNOWN_SEX			HP:0000054|HP:0000218|HP:0000237|HP:0000252|HP:0000278|HP:0000448|HP:0000470|HP:0000520|HP:0001051|HP:0001339|HP:0002209|HP:0006989|HP:0009826|HP:0012448|HP:0012741	FRMD4A:NM_018027.4:c.3077_3078insCATTCT	GRCh37	not known	Unilateral transverse palmar crease|Metopic ridge|Dysplasia of cerebellar vermis and cerebellar tonsils|Cerebellar asymmetry
PAVS_MASTER_2109	Manually curated Data.tsv	PAVS1090	UNKNOWN_SEX			HP:0001250|HP:0001263|HP:0001601|HP:0001662|HP:0001973|HP:0002013|HP:0002020|HP:0410255	THG1L:NM_017872.3:c.881T>C	GRCh37	not known	Diffuse cerebral and cerebellar atrophy|Severe respiratory failure|Progressive widening|Intractable seizures|Diffuse thinning of the corpus callosum|Prominence of the ventricular system and|Diffuse volume loss of the brain parenchyma|atrial septal defect (ASD)|Inguinal hernia and G6PD|Prominence of the cerebellar folia|Desaturation
PAVS_MASTER_2110	Manually curated Data.tsv	PAVS1091	UNKNOWN_SEX				PHC1:NM_004426.2:c.2974C>T	GRCh37	not known	Normal architecture but small size of the brain
PAVS_MASTER_2111	Manually curated Data.tsv	PAVS1092	UNKNOWN_SEX			HP:0011451	DNA2:NM_001080449.2:c.3114+6delC	GRCh37	not known	
PAVS_MASTER_2112	Manually curated Data.tsv	PAVS1093	UNKNOWN_SEX			HP:0001274	CTU2:NM_001012762.1:c.873G>A	GRCh37	not known	
PAVS_MASTER_2113	Manually curated Data.tsv	PAVS1094	UNKNOWN_SEX			HP:0001339|HP:0002079	CTU2:NM_001012762.1:c.873G>A	GRCh37	not known	small-sized posterior fossa|prominent subarachnoid spaces and ventricular system|diffuse white matter hyperintensity
PAVS_MASTER_2114	Manually curated Data.tsv	PAVS1095	UNKNOWN_SEX			HP:0011451	CTU2:NM_001012762.1:c.873G>A	GRCh37	not known	
PAVS_MASTER_2115	Manually curated Data.tsv	PAVS1096	UNKNOWN_SEX				CTU2:NM_001012762.1:c.873G>A	GRCh37	not known	Pachygyria and dysgenesis of corpus callosum
PAVS_MASTER_2116	Manually curated Data.tsv	PAVS1097	UNKNOWN_SEX			HP:0001250|HP:0001305|HP:0001339|HP:0007068|HP:0007360|HP:0012695|HP:0100952	BPTF:NM_004459.6:c.5797A>G	GRCh37	not known	T2 hypointense|agenesis of the midbrain|Intractable seizures
PAVS_MASTER_2117	Manually curated Data.tsv	PAVS1098	UNKNOWN_SEX			HP:0000233|HP:0000414|HP:0000750|HP:0001263|HP:0001508|HP:0001935|HP:0003565|HP:0011451	MAP1B:NM_005909.3:c.803G>A	GRCh37	not known	Lymphocytic colitis|Occult blood in the stool|Micrognathia.
PAVS_MASTER_2118	Manually curated Data.tsv	PAVS1099	UNKNOWN_SEX			HP:0000062|HP:0000369|HP:0001250|HP:0001302|HP:0001643|HP:5201016	not known:NM_001239.3:c.428T>A	GRCh37	not known	CFS collection in the retro-cerebellar region|Hypopigmentation of the skin and optic disk coloboma|Microcephalic primordial dwarfism|Dandy Walker syndrome|Bilateral demyelinated supratentorial white matter|small cerebellum with widened vallecula and large retro-cerebellar CSF fluid collection|Contractures of lower limbs|Pulmonary hemorrhage.  Hypoplasia of the cerebellum
PAVS_MASTER_2119	Manually curated Data.tsv	PAVS1100	UNKNOWN_SEX			HP:0000122|HP:0000252|HP:0001250|HP:0001631|HP:0001643|HP:0006970|HP:0011330	PPFIBP1:NM_001198915.1:c.960_961del	GRCh37	not known	congenital heart disease|Demyelintion|Renal abnormality|Intractable seizures
PAVS_MASTER_2120	Manually curated Data.tsv	PAVS1101	UNKNOWN_SEX			HP:0001263|HP:0001319|HP:0002500|HP:0011968	ADGRG1:NM_001145771.1:c.1000C>T	GRCh37	not known	
PAVS_MASTER_2121	Manually curated Data.tsv	PAVS1102	UNKNOWN_SEX			HP:0001250|HP:0001263|HP:0001265|HP:0001319|HP:0003429|HP:0010946|HP:0011968	ADK:NM_006721.3:c.813dup	GRCh37	not known	
PAVS_MASTER_2122	Manually curated Data.tsv	PAVS1103	UNKNOWN_SEX			HP:0000252|HP:0001508|HP:0001511|HP:0001545|HP:0001999|HP:0004322	not known:NM_017747.2:c.7365dup	GRCh37	not known	Speech delay and language development
PAVS_MASTER_2123	Manually curated Data.tsv	PAVS1104	UNKNOWN_SEX			HP:0000086|HP:0000126|HP:0000316|HP:0000718|HP:0000813|HP:0001249|HP:0001250|HP:0001274|HP:0001513|HP:0002414|HP:0004322|HP:0005280|HP:0030048	ARID1B:NM_017519.2:c.5911G>T	GRCh37	not known	
PAVS_MASTER_2124	Manually curated Data.tsv	PAVS1105	UNKNOWN_SEX			HP:0000041|HP:0000047|HP:0000463|HP:0000599|HP:0001263|HP:0001999|HP:0002007|HP:0005280|HP:0008551	not known:NM_014010.4:c.892G>C	GRCh37	not known	Café au lait spot
PAVS_MASTER_2125	Manually curated Data.tsv	PAVS1106	UNKNOWN_SEX			HP:0000448|HP:0000494|HP:0001231|HP:0001249|HP:0002205|HP:0007018|HP:0430028	not known:NM_020410.2:c.1045G>A	GRCh37	not known	
PAVS_MASTER_2126	Manually curated Data.tsv	PAVS1107	UNKNOWN_SEX			HP:0001252|HP:0001263|HP:0001265	ATP8A2:NM_016529.4:c.2600A>C	GRCh37	not known	
PAVS_MASTER_2127	Manually curated Data.tsv	PAVS1108	UNKNOWN_SEX			HP:0001252|HP:0001263|HP:0001265|HP:0001266|HP:0003324	ATP8A2:NM_016529.4:c.322-1G>T	GRCh37	not known	
PAVS_MASTER_2128	Manually curated Data.tsv	PAVS1109	UNKNOWN_SEX			HP:0000278|HP:0000486|HP:0001249|HP:0001385|HP:0001999|HP:0011220	CDH15:NM_004933.2:c.2151+1G>A	GRCh37	not known	
PAVS_MASTER_2129	Manually curated Data.tsv	PAVS1110	UNKNOWN_SEX			HP:0000175|HP:0000316|HP:0001199|HP:0001212|HP:0001263|HP:0002100	CREBBP:NM_001079846.1:c.4378C>T	GRCh37	not known	
PAVS_MASTER_2130	Manually curated Data.tsv	PAVS1111	UNKNOWN_SEX			HP:0001007|HP:0001263|HP:0001845|HP:0009929|HP:0012444	CREBBP:NM_004380.2:c.881dup	GRCh37	not known	Abnormality of the Pinna
PAVS_MASTER_2131	Manually curated Data.tsv	PAVS1112	UNKNOWN_SEX			HP:0000821|HP:0001250|HP:0001263|HP:0001276|HP:0001319|HP:0001347|HP:0008163|HP:0011968	DDHD2:NM_015214.2:c.1891+2dup	GRCh37	not known	
PAVS_MASTER_2132	Manually curated Data.tsv	PAVS1113	UNKNOWN_SEX			HP:0000269|HP:0000347|HP:0000879|HP:0001263|HP:0001838|HP:0002979	DHCR7:NM_001163817.1:c.778C>T	GRCh37	not known	4-5 finger syndactyly
PAVS_MASTER_2133	Manually curated Data.tsv	PAVS1114	UNKNOWN_SEX			HP:0002474|HP:0010862|HP:0030084	not known:NM_001373.1:c.9808C>T	GRCh37	not known	
PAVS_MASTER_2134	Manually curated Data.tsv	PAVS1115	UNKNOWN_SEX			HP:0000717|HP:0001249|HP:0001270|HP:0001344|HP:0001999|HP:0012828	EHMT1:NM_024757.4:c.2968C>T	GRCh37	not known	
PAVS_MASTER_2135	Manually curated Data.tsv	PAVS1116	UNKNOWN_SEX			HP:0000252|HP:0000519|HP:0001263|HP:0007537	ERCC8:NM_000082.3:c.427del	GRCh37	not known	
PAVS_MASTER_2136	Manually curated Data.tsv	PAVS1117	UNKNOWN_SEX			HP:0000098|HP:0000189|HP:0000545|HP:0001083|HP:0001166|HP:0001633|HP:0001653	FBN1:NM_000138.4:c.2626_2634del	GRCh37	not known	High|weight
PAVS_MASTER_2137	Manually curated Data.tsv	PAVS1118	UNKNOWN_SEX			HP:0000252|HP:0000340|HP:0000448|HP:0001249|HP:0001302|HP:0002079|HP:0006870|HP:0007099	FMN2:NM_020066.4:c.3335delC	GRCh37	not known	
PAVS_MASTER_2138	Manually curated Data.tsv	PAVS1119	UNKNOWN_SEX			HP:0000252|HP:0001178|HP:0001249|HP:0001284|HP:0001760|HP:0002307|HP:0002650|HP:0003477|HP:0011400	not known:NM_002022.1:c.83C>A	GRCh37	not known	
PAVS_MASTER_2139	Manually curated Data.tsv	PAVS1120	UNKNOWN_SEX			HP:0000486|HP:0001250|HP:0001347|HP:0002376|HP:0002415|HP:0009487	GJC2:NM_020435.3:c.755A>G	GRCh37	not known	
PAVS_MASTER_2140	Manually curated Data.tsv	PAVS1121	UNKNOWN_SEX			HP:0000252|HP:0000486|HP:0000618|HP:0001250|HP:0001252|HP:0002015|HP:0002205|HP:0002376|HP:0002521|HP:0012693|HP:0012736	GLRX5:NM_016417.2:c.197A>C	GRCh37	not known	
PAVS_MASTER_2141	Manually curated Data.tsv	PAVS1122	UNKNOWN_SEX			HP:0000252|HP:0000286|HP:0000293|HP:0000324|HP:0000341|HP:0000414|HP:0000582|HP:0001508	not known:NM_012086.4:c.1382+3A>G	GRCh37	not known	
PAVS_MASTER_2142	Manually curated Data.tsv	PAVS1123	UNKNOWN_SEX			HP:0000286|HP:0000470|HP:0000494|HP:0000717|HP:0001263|HP:0001999|HP:0008551	IRX5:NM_005853.5:c.805dup	GRCh37	not known	
PAVS_MASTER_2143	Manually curated Data.tsv	PAVS1124	UNKNOWN_SEX			HP:0002085|HP:0008061	LAMA1:NM_005559.3:c.7437dup	GRCh37	not known	
PAVS_MASTER_2144	Manually curated Data.tsv	PAVS1125	UNKNOWN_SEX			HP:0000100|HP:0000957|HP:0001263|HP:0001284|HP:0001319|HP:0001357|HP:0002650|HP:0010807	LAMA2:NM_000426.3:c.2096G>T	GRCh37	not known	
PAVS_MASTER_2145	Manually curated Data.tsv	PAVS1126	UNKNOWN_SEX			HP:0000100|HP:0000110|HP:0000324|HP:0000482|HP:0000568|HP:0001776|HP:0001999|HP:0002089|HP:0005280	LAMB2:NM_002292.3:c.4276dupG	GRCh37	not known	
PAVS_MASTER_2146	Manually curated Data.tsv	PAVS1127	UNKNOWN_SEX			HP:0000717|HP:0000817|HP:0002474	MADD:NM_001135943.1:c.593G>A	GRCh37	not known	
PAVS_MASTER_2147	Manually curated Data.tsv	PAVS1128	UNKNOWN_SEX			HP:0000817|HP:0001263|HP:0001508	MADD:NM_001135943.1:c.2930T>G	GRCh37	not known	
PAVS_MASTER_2148	Manually curated Data.tsv	PAVS1129	UNKNOWN_SEX			HP:0000347|HP:0000358|HP:0000448|HP:0001057|HP:0001249|HP:0012165	METTL5:NM_014168.2:c.224+1G>A	GRCh37	not known	
PAVS_MASTER_2149	Manually curated Data.tsv	PAVS1130	UNKNOWN_SEX			HP:0000119|HP:0001249|HP:0001627|HP:0001999|HP:0004322	not known:NM_001242532.1:c.143G>C	GRCh37	not known	
PAVS_MASTER_2150	Manually curated Data.tsv	PAVS1131	UNKNOWN_SEX			HP:0001250|HP:0001265|HP:0001276|HP:0001999|HP:0002376	MFSD8:NM_152778.2:c.1354_1369del	GRCh37	not known	
PAVS_MASTER_2151	Manually curated Data.tsv	PAVS1132	UNKNOWN_SEX			HP:0001249|HP:0001250|HP:0007018	MICU1:NM_001195518.1:c.547C>T	GRCh37	not known	
PAVS_MASTER_2152	Manually curated Data.tsv	PAVS1133	UNKNOWN_SEX			HP:0001250|HP:0001251|HP:0001332|HP:0002376	NAXE:NM_144772.2:c.262G>T	GRCh37	not known	
PAVS_MASTER_2153	Manually curated Data.tsv	PAVS1134	UNKNOWN_SEX			HP:0000098|HP:0000256|HP:0000316|HP:0001249|HP:0007018|HP:0030051	not known:NM_205842.2:c.3298G>T	GRCh37	not known	Speech delay and language development
PAVS_MASTER_2154	Manually curated Data.tsv	PAVS1135	UNKNOWN_SEX			HP:0000162|HP:0000237|HP:0000316|HP:0000347|HP:0000431|HP:0000878|HP:0001187|HP:0001252|HP:0001263|HP:0001276|HP:0001999|HP:0002205|HP:0002643|HP:0004886	NFASC:NM_001160331.1:c.1109G>C	GRCh37	not known	
PAVS_MASTER_2155	Manually curated Data.tsv	PAVS1136	UNKNOWN_SEX			HP:0000486|HP:0001249|HP:0002650|HP:0003429	NKX6-2:NM_177400.2:c.196delC	GRCh37	not known	
PAVS_MASTER_2156	Manually curated Data.tsv	PAVS1137	UNKNOWN_SEX			HP:0000121|HP:0000519|HP:0000568|HP:0001252|HP:0001263|HP:0001347|HP:0002286|HP:0008070	OCRL:NM_000276.3:c.2479C>T	GRCh37	not known	
PAVS_MASTER_2157	Manually curated Data.tsv	PAVS1138	UNKNOWN_SEX			HP:0000023|HP:0000204|HP:0000219|HP:0000248|HP:0000252|HP:0000343|HP:0000403|HP:0000414|HP:0000664|HP:0001249|HP:0001647|HP:0001763|HP:0001999|HP:0002714|HP:0040080|HP:0100702	not known:NM_018913.2:c.823G>A	GRCh37	not known	
PAVS_MASTER_2158	Manually curated Data.tsv	PAVS1139	UNKNOWN_SEX			HP:0000219|HP:0001263|HP:0001347|HP:0011451|HP:0012469|HP:0040080	not known:NM_032090.1:c.2477dupA	GRCh37	not known	
PAVS_MASTER_2159	Manually curated Data.tsv	PAVS1140	UNKNOWN_SEX			HP:0000252|HP:0000340|HP:0000565|HP:0000717|HP:0001508|HP:0002299|HP:0007018	PCNT:NM_006031.5:c.1879G>C	GRCh37	not known	
PAVS_MASTER_2160	Manually curated Data.tsv	PAVS1141	UNKNOWN_SEX			HP:0000010|HP:0000069|HP:0000076|HP:0001249|HP:0001319|HP:0001382|HP:0012385	PHIP:NM_017934.5:c.577C>T	GRCh37	not known	
PAVS_MASTER_2161	Manually curated Data.tsv	PAVS1142	UNKNOWN_SEX			HP:0000179|HP:0000189|HP:0000280|HP:0000358|HP:0000431|HP:0000545|HP:0000582|HP:0001252|HP:0001284|HP:0001583|HP:0001999|HP:0002205|HP:0002230|HP:0002240|HP:0002280|HP:0002389|HP:0002643|HP:0003324|HP:0011344|HP:0011400	PPP1R21:NM_001135629.2:c.2089C>T	GRCh37	not known	High|Dilatation of lateral ventricles|Low-set
PAVS_MASTER_2162	Manually curated Data.tsv	PAVS1143	UNKNOWN_SEX			HP:0000028|HP:0000047|HP:0000430|HP:0000537|HP:0000601|HP:0001263|HP:0001511|HP:0002650|HP:0010536	PPP2R1A:NM_014225.4:c.190G>A	GRCh37	not known	
PAVS_MASTER_2163	Manually curated Data.tsv	PAVS1144	UNKNOWN_SEX			HP:0000256|HP:0000286|HP:0000463|HP:0000494|HP:0000957|HP:0001250|HP:0001263|HP:0001290|HP:0011220	PPP2R5D:NM_180977.2:c.274G>A	GRCh37	not known	
PAVS_MASTER_2164	Manually curated Data.tsv	PAVS1145	UNKNOWN_SEX			HP:0000252|HP:0001156|HP:0001249|HP:0001252	PRMT7:NM_019023.2:c.190C>T	GRCh37	not known	
PAVS_MASTER_2165	Manually curated Data.tsv	PAVS1146	UNKNOWN_SEX			HP:0000316|HP:0000414|HP:0001257|HP:0001319|HP:0001321|HP:0001339|HP:0012736	RELN:NM_005045.3:c.3711+2T>C	GRCh37	not known	Congenital glaucoma
PAVS_MASTER_2166	Manually curated Data.tsv	PAVS1147	UNKNOWN_SEX			HP:0001252|HP:0001265|HP:0002643	RFT1:NM_052859.3:c.1154A>G	GRCh37	not known	
PAVS_MASTER_2167	Manually curated Data.tsv	PAVS1148	UNKNOWN_SEX			HP:0001250|HP:0001265|HP:0002376	SCN1A:NM_001165963.1:c.437C>A	GRCh37	not known	
PAVS_MASTER_2168	Manually curated Data.tsv	PAVS1149	UNKNOWN_SEX			HP:0000252|HP:0000938|HP:0001162|HP:0001249|HP:0004942|HP:0012745	SETD5:NM_001080517.1:c.892_907del	GRCh37	not known	
PAVS_MASTER_2169	Manually curated Data.tsv	PAVS1150	UNKNOWN_SEX			HP:0000639|HP:0001249|HP:0001272|HP:0007018|HP:0007074	SETD5:NM_001080517.1:c.2476+1G>A	GRCh37	not known	
PAVS_MASTER_2170	Manually curated Data.tsv	PAVS1151	UNKNOWN_SEX			HP:0000252|HP:0000938|HP:0001252|HP:0001263|HP:0001508|HP:0002100|HP:0002643	SLC12A2:NM_001046.2:c.2617-2A>G	GRCh37	not known	
PAVS_MASTER_2171	Manually curated Data.tsv	PAVS1152	UNKNOWN_SEX			HP:0000238|HP:0000486|HP:0000657|HP:0000973|HP:0001252|HP:0001263|HP:0001382|HP:0001508|HP:0002119|HP:0002205|HP:0002240|HP:0003324	not known:NM_014720.2:c.1414G>T	GRCh37	not known	
PAVS_MASTER_2172	Manually curated Data.tsv	PAVS1153	UNKNOWN_SEX			HP:0001249|HP:0002474	not known:NM_001142294.1:c.988A>G	GRCh37	not known	
PAVS_MASTER_2173	Manually curated Data.tsv	PAVS1154	UNKNOWN_SEX			HP:0000164|HP:0001249|HP:0001260|HP:0001347|HP:0001508|HP:0002066	not known:NM_001142294.1:c.988A>G	GRCh37	not known	Metatarsus aDevelopmental delayuctus
PAVS_MASTER_2174	Manually curated Data.tsv	PAVS1155	UNKNOWN_SEX			HP:0000219|HP:0000252|HP:0000414|HP:0001249|HP:0001385|HP:0001508|HP:0002205|HP:0002307|HP:0007429	not known:NM_001142294.1:c.988A>G	GRCh37	not known	
PAVS_MASTER_2175	Manually curated Data.tsv	PAVS1156	UNKNOWN_SEX			HP:0000252|HP:0001250|HP:0001257|HP:0002020|HP:0002079	not known:NM_001142294.1:c.988A>G	GRCh37	not known	Dysphasia
PAVS_MASTER_2176	Manually curated Data.tsv	PAVS1157	UNKNOWN_SEX			HP:0000592|HP:0001252|HP:0001263|HP:0001265|HP:0001508|HP:0002205	SPTBN4:NM_020971.2:c.3394del	GRCh37	not known	Dysphasia
PAVS_MASTER_2177	Manually curated Data.tsv	PAVS1158	UNKNOWN_SEX			HP:0000252|HP:0001249|HP:0001251|HP:0001257|HP:0001302|HP:0001331|HP:0001332|HP:0001338|HP:0001360|HP:0001508|HP:0001999|HP:0004322|HP:0007018	STIL:NM_001048166.1:c.3552_3553del	GRCh37	not known	Delayed motor and language development
PAVS_MASTER_2178	Manually curated Data.tsv	PAVS1159	UNKNOWN_SEX			HP:0000248|HP:0000252|HP:0000486|HP:0001250|HP:0001263|HP:0001276|HP:0001763|HP:0002199|HP:0002901|HP:0002917	not known:NM_173575.2:c.451G>C	GRCh37	not known	
PAVS_MASTER_2179	Manually curated Data.tsv	PAVS1160	UNKNOWN_SEX			HP:0000252|HP:0000522|HP:0000601|HP:0000742|HP:0001182|HP:0001250|HP:0001263|HP:0001319|HP:0002020|HP:0002079|HP:0002179|HP:0006855	TECPR2:NM_001172631.1:c.571C>T	GRCh37	not known	
PAVS_MASTER_2180	Manually curated Data.tsv	PAVS1161	UNKNOWN_SEX			HP:0000252|HP:0001250|HP:0001252|HP:0001257|HP:0001263|HP:0001508|HP:0002643|HP:0012444	TRAK1:NM_001042646.2:c.287-2A>G	GRCh37	not known	
PAVS_MASTER_2181	Manually curated Data.tsv	PAVS1162	UNKNOWN_SEX			HP:0001250|HP:0001999|HP:0002188|HP:0002643|HP:0012444	TRAK1:NM_001042646.2:c.1759dup	GRCh37	not known	Meconium stained amniotic flu intellectual disability
PAVS_MASTER_2182	Manually curated Data.tsv	PAVS1163	UNKNOWN_SEX			HP:0000252|HP:0001249|HP:0002136|HP:0002652|HP:0006970|HP:0010665	TRAPPC9:NM_031466.4:c.2785C>T	GRCh37	not known	
PAVS_MASTER_2183	Manually curated Data.tsv	PAVS1164	UNKNOWN_SEX			HP:0000252|HP:0000365|HP:0001249|HP:0001250	UBE3A:NM_000462.3:c.504delG	GRCh37	not known	
PAVS_MASTER_2184	Manually curated Data.tsv	PAVS1165	UNKNOWN_SEX			HP:0000717	VWA3B:NM_001164416.1:c.124C>T	GRCh37	not known	Speech delay and language development
PAVS_MASTER_2185	Manually curated Data.tsv	PAVS1166	UNKNOWN_SEX			HP:0000252|HP:0001257|HP:0001263|HP:0001305|HP:0001508|HP:0002376	WDR81:NM_001163809.1:c.5335C>T	GRCh37	not known	
PAVS_MASTER_2186	Manually curated Data.tsv	PAVS1167	UNKNOWN_SEX			HP:0000189|HP:0000400|HP:0001263|HP:0001276|HP:0001347|HP:0001999|HP:0002066	ZDHHC9:NM_016032.3:c.487+5_487+19del	GRCh37	not known	High
PAVS_MASTER_2187	Manually curated Data.tsv	PAVS1168	UNKNOWN_SEX			HP:0000189|HP:0000233|HP:0000280|HP:0000348|HP:0000448|HP:0000486|HP:0000574|HP:0000582|HP:0000767|HP:0000878|HP:0000938|HP:0000998|HP:0001166|HP:0001252|HP:0001263|HP:0001385|HP:0001508|HP:0001511|HP:0001845|HP:0001901|HP:0001999|HP:0002280|HP:0003700|HP:0005274	ZFAT:NM_020863.3:c.1199G>A	GRCh37	not known	High
PAVS_MASTER_2188	Manually curated Data.tsv	PAVS1169	UNKNOWN_SEX			HP:0000252|HP:0001249|HP:0001999	not known:	GRCh37	not known	dysmorphism
PAVS_MASTER_2189	Manually curated Data.tsv	PAVS1170	UNKNOWN_SEX			HP:0001249|HP:0001382	not known:	GRCh37	not known	micrognathia and food allergy
PAVS_MASTER_2190	Manually curated Data.tsv	PAVS1171	UNKNOWN_SEX			HP:0001263	not known:	GRCh37	not known	hypotonia and seizures
PAVS_MASTER_2191	Manually curated Data.tsv	PAVS1172	UNKNOWN_SEX				not known:	GRCh37	not known	intellectual disability with dysmorphism
PAVS_MASTER_2192	Manually curated Data.tsv	PAVS1173	UNKNOWN_SEX			HP:0001252|HP:0001263|HP:0001508	not known:	GRCh37	not known	
PAVS_MASTER_2193	Manually curated Data.tsv	PAVS1174	UNKNOWN_SEX			HP:0001249	not known:	GRCh37	not known	childhood apraxia of speech
PAVS_MASTER_2194	Manually curated Data.tsv	PAVS1175	UNKNOWN_SEX			HP:0001263	not known:	GRCh37	not known	cardiac problems and mosaic hyperpigmentation
PAVS_MASTER_2195	Manually curated Data.tsv	PAVS1176	UNKNOWN_SEX			HP:0001263	not known:	GRCh37	not known	autism spectrum disorder and partial syndactyly
PAVS_MASTER_2196	Manually curated Data.tsv	PAVS1177	UNKNOWN_SEX			HP:0001249|HP:0002749|HP:0004322	not known:	GRCh37	not known	hypothyrodism|and dysmorphism
PAVS_MASTER_2197	Manually curated Data.tsv	PAVS1178	UNKNOWN_SEX			HP:0001263	not known:	GRCh37	not known	secondary microcephaly and seizures
PAVS_MASTER_2198	Manually curated Data.tsv	PAVS1179	UNKNOWN_SEX				not known:	GRCh37	not known	Developmental delay and Agenesis corpus collosum
PAVS_MASTER_2199	Manually curated Data.tsv	PAVS1180	UNKNOWN_SEX			HP:0000252|HP:0001263|HP:0001508|HP:0001634|HP:0001653	not known:	GRCh37	not known	left ectopic kidney
PAVS_MASTER_2200	Manually curated Data.tsv	PAVS1181	UNKNOWN_SEX				not known:	GRCh37	not known	Intellectual disability and dysmorphsim
PAVS_MASTER_2201	Manually curated Data.tsv	PAVS1182	UNKNOWN_SEX				not known:	GRCh37	not known	global developmental delay and dysmorphism
PAVS_MASTER_2202	Manually curated Data.tsv	PAVS1183	UNKNOWN_SEX			HP:0001249	not known:	GRCh37	not known	dysmorphism and multiple congenital anomalies
PAVS_MASTER_2203	Manually curated Data.tsv	PAVS1184	UNKNOWN_SEX			HP:0001249|HP:0001513	not known:	GRCh37	not known	
PAVS_MASTER_2204	Manually curated Data.tsv	PAVS1185	UNKNOWN_SEX			HP:0001263|HP:0004322	not known:	GRCh37	not known	dysmorphic features (velocardiofacial syndrome)|microcephlay
PAVS_MASTER_2205	Manually curated Data.tsv	PAVS1186	UNKNOWN_SEX			HP:0001249|HP:0001999|HP:0004381	not known:	GRCh37	not known	no stranger anxiety|dysmorphism
PAVS_MASTER_2206	Manually curated Data.tsv	PAVS1187	UNKNOWN_SEX				not known:	GRCh37	not known	Developmental delay  and multiple congenital anomalies
PAVS_MASTER_2207	Manually curated Data.tsv	PAVS1188	UNKNOWN_SEX			HP:0001263	not known:	GRCh37	not known	dysmorphism and abnormal circadian rhythm
PAVS_MASTER_2208	Manually curated Data.tsv	PAVS1189	UNKNOWN_SEX				not known:	GRCh37	not known	Intellectual disability and dysmorphism
PAVS_MASTER_2209	Manually curated Data.tsv	PAVS1190	UNKNOWN_SEX			HP:0001249	not known:	GRCh37	not known	
PAVS_MASTER_2210	Manually curated Data.tsv	PAVS1191	UNKNOWN_SEX			HP:0000252|HP:0001263	not known:	GRCh37	not known	absent radial rays
PAVS_MASTER_2211	Manually curated Data.tsv	PAVS1192	UNKNOWN_SEX			HP:0001263|HP:0001999	not known:	GRCh37	not known	dysmorphism|diaphragmatic hernia.
PAVS_MASTER_2212	Manually curated Data.tsv	PAVS1193	UNKNOWN_SEX			HP:0000023|HP:0001249|HP:0001999	not known:	GRCh37	not known	supra-valvular aortic stenosis|no stranger anxiety|dysmorphism
PAVS_MASTER_2213	Manually curated Data.tsv	PAVS1194	UNKNOWN_SEX			HP:0001249	not known:	GRCh37	not known	
PAVS_MASTER_2214	Manually curated Data.tsv	PAVS1195	UNKNOWN_SEX				not known:	GRCh37	not known	Developmental delay and dysmorphism
PAVS_MASTER_2215	Manually curated Data.tsv	PAVS1196	UNKNOWN_SEX			HP:0001263	not known:	GRCh37	not known	dysmorphism and overly friendly behavior
PAVS_MASTER_2216	Manually curated Data.tsv	PAVS1197	UNKNOWN_SEX				not known:	GRCh37	not known	Developmental delay  and dysmorphism
PAVS_MASTER_2217	Manually curated Data.tsv	PAVS1198	UNKNOWN_SEX			HP:0001263|HP:0005484	not known:	GRCh37	not known	right microphthalmia and left anophthalmia|and micropenis
PAVS_MASTER_2218	Manually curated Data.tsv	PAVS1199	UNKNOWN_SEX			HP:0001249|HP:0001510|HP:0001999	not known:	GRCh37	not known	and bilateral inguinal hernia|left ectopic kidney|dysmorphism|pleasant disposition and attention-deficit
PAVS_MASTER_2219	Manually curated Data.tsv	PAVS1200	UNKNOWN_SEX			HP:0000256|HP:0000717|HP:0001249	not known:	GRCh37	not known	Attention deficit hyperactive disorder|penile macules
PAVS_MASTER_2220	Manually curated Data.tsv	PAVS1201	UNKNOWN_SEX			HP:0001250|HP:0001263|HP:0001999|HP:0045028	not known:	GRCh37	not known	dysmorphism
PAVS_MASTER_2221	Manually curated Data.tsv	PAVS1202	UNKNOWN_SEX			HP:0000252|HP:0000863|HP:0001250|HP:0001257|HP:0001263|HP:0001360|HP:0001999	not known:	GRCh37	not known	dysmorphism|CL/P
PAVS_MASTER_2222	Manually curated Data.tsv	PAVS1203	UNKNOWN_SEX				not known:	GRCh37	not known	Intellectual disability and dysmorphism
PAVS_MASTER_2223	Manually curated Data.tsv	PAVS1204	UNKNOWN_SEX				not known:	GRCh37	not known	global developmental delay and dysmorphism
PAVS_MASTER_2224	Manually curated Data.tsv	PAVS1205	UNKNOWN_SEX			HP:0001045|HP:0001249|HP:0001634|HP:0001653|HP:0001999|HP:0004322	not known:	GRCh37	not known	large rough nevus on the back|dysmorphism
PAVS_MASTER_2225	Manually curated Data.tsv	PAVS1206	UNKNOWN_SEX			HP:0000256|HP:0001252|HP:0001263|HP:0001999	not known:	GRCh37	not known	and ASD|cutis aplasia on scalp|dysmorphism|right paraspinal lipoma
PAVS_MASTER_2226	Manually curated Data.tsv	PAVS1207	UNKNOWN_SEX			HP:0000639|HP:0001159|HP:0001263|HP:0001382|HP:0001999|HP:0004322	not known:	GRCh37	not known	dysmorphism
PAVS_MASTER_2227	Manually curated Data.tsv	PAVS1208	UNKNOWN_SEX			HP:0001263|HP:0001999|HP:0004322	not known:	GRCh37	not known	strabismus with limited eye movements|dysmorphism
PAVS_MASTER_2228	Manually curated Data.tsv	PAVS1209	UNKNOWN_SEX			HP:0000252|HP:0000639|HP:0001249|HP:0001252|HP:0001999	not known:	GRCh37	not known	bilateral cataract|dysmorphism
PAVS_MASTER_2229	Manually curated Data.tsv	PAVS1210	UNKNOWN_SEX			HP:0000252|HP:0001249	not known:	GRCh37	not known	
PAVS_MASTER_2230	Manually curated Data.tsv	PAVS1211	UNKNOWN_SEX			HP:0000486|HP:0001249|HP:0001999|HP:0004322	not known:	GRCh37	not known	Attention deficit hyperactive disorder|dysmorphism
PAVS_MASTER_2231	Manually curated Data.tsv	PAVS1212	UNKNOWN_SEX			HP:0000252|HP:0001249|HP:0001999|HP:0002652|HP:0004322	not known:	GRCh37	not known	dysmorphism
PAVS_MASTER_2232	Manually curated Data.tsv	PAVS1213	UNKNOWN_SEX				not known:	GRCh37	not known	Intellectual disability and morbid obesity
PAVS_MASTER_2233	Manually curated Data.tsv	PAVS1214	UNKNOWN_SEX			HP:0001249|HP:0001513|HP:0001999	not known:	GRCh37	not known	dysmorphic features
PAVS_MASTER_2234	Manually curated Data.tsv	PAVS1215	UNKNOWN_SEX			HP:0001263|HP:0001999	not known:	GRCh37	not known	dysmorphic features
PAVS_MASTER_2235	Manually curated Data.tsv	PAVS1216	UNKNOWN_SEX				not known:	GRCh37	not known	global developmental delay and choanal atresia
PAVS_MASTER_2236	Manually curated Data.tsv	PAVS1217	UNKNOWN_SEX			HP:0001249|HP:0001263|HP:0001508	not known:	GRCh37	not known	Dysmorphic Feature|small finger has two phalanges|Small for date|simian crease in left hand
PAVS_MASTER_2237	Manually curated Data.tsv	PAVS1218	UNKNOWN_SEX			HP:0000750	not known:	GRCh37	not known	Dysmorphic Features
PAVS_MASTER_2238	Manually curated Data.tsv	PAVS1219	UNKNOWN_SEX			HP:0001508|HP:0001629	not known:	GRCh37	not known	
PAVS_MASTER_2239	Manually curated Data.tsv	PAVS1220	UNKNOWN_SEX			HP:0000750|HP:0001252|HP:0001629|HP:0001631|HP:0001642|HP:0001999|HP:0410030	not known:	GRCh37	not known	Dysmorphic|Not Walking
PAVS_MASTER_2240	Manually curated Data.tsv	PAVS1221	UNKNOWN_SEX			HP:0000750|HP:0001263	not known:	GRCh37	not known	
PAVS_MASTER_2241	Manually curated Data.tsv	PAVS1222	UNKNOWN_SEX			HP:0000750|HP:0001263	not known:	GRCh37	not known	Dysmorphic feature
PAVS_MASTER_2242	Manually curated Data.tsv	PAVS1223	UNKNOWN_SEX			HP:0001263	not known:	GRCh37	not known	congenital heart disease
PAVS_MASTER_2243	Manually curated Data.tsv	PAVS1224	UNKNOWN_SEX			HP:0000750|HP:0001999	not known:	GRCh37	not known	Dysmorphic features
PAVS_MASTER_2244	Manually curated Data.tsv	PAVS1225	UNKNOWN_SEX				not known:	GRCh37	not known	Congenital Heart Disease
PAVS_MASTER_2245	Manually curated Data.tsv	PAVS1226	UNKNOWN_SEX			HP:0000369	not known:	GRCh37	not known	Closed Ventricular septal defect|Dysmorphic feature
PAVS_MASTER_2246	Manually curated Data.tsv	PAVS1227	UNKNOWN_SEX			HP:0000325|HP:0001249|HP:0001250|HP:0001344|HP:0001629|HP:0001999|HP:0008551|HP:0031936	not known:	GRCh37	not known	Attention deficit hyperactive disorder|Dysmorphic
PAVS_MASTER_2247	Manually curated Data.tsv	PAVS1228	UNKNOWN_SEX			HP:0000252|HP:0001250|HP:0001252|HP:0001263|HP:0001270|HP:0001344|HP:0001999	not known:	GRCh37	not known	no speech|Ventricular septal defect at birth|dysmorphic|not walking|preterm birth at 2 weeks
PAVS_MASTER_2248	Manually curated Data.tsv	PAVS1229	UNKNOWN_SEX			HP:0001263|HP:0004322	not known:|not known:	GRCh37	not known	
PAVS_MASTER_2249	Manually curated Data.tsv	PAVS1230	UNKNOWN_SEX			HP:0001263	not known:	GRCh37	not known	remarkable shyness|with subtle dysmorphic features and obesity
PAVS_MASTER_2250	Manually curated Data.tsv	PAVS1231	UNKNOWN_SEX			HP:0000121|HP:0001252|HP:0001263	not known:	GRCh37	not known	dysmorphic features and microcephaly|with linear mosaic hyperpigmentation seen in a linear fashion in the lower extremities and the lower abdomen|eye/vision problems|epilepsy (with infantile spasms)
PAVS_MASTER_2251	Manually curated Data.tsv	PAVS1232	UNKNOWN_SEX			HP:0001263|HP:0005484	not known:	GRCh37	not known	right microphthalmia and left anophthalmia|and micropenis
PAVS_MASTER_2252	Manually curated Data.tsv	PAVS1233	UNKNOWN_SEX			HP:0000327|HP:0001249|HP:0001510|HP:0001999|HP:0030084	not known:	GRCh37	not known	and bilateral inguinal hernia|large dark brown macule on the back|pleasant disposition and attention-deficit|left ectopic kidney|dysmorphic features
PAVS_MASTER_2253	Manually curated Data.tsv	PAVS1234	UNKNOWN_SEX			HP:0001263	not known:	GRCh37	not known	Failure to thrive and hypotonia
PAVS_MASTER_2254	Manually curated Data.tsv	PAVS1235	UNKNOWN_SEX			HP:0000954|HP:0001263|HP:0001508	not known:	GRCh37	not known	and clinodactyly of the 5th finger|distinct facial features
PAVS_MASTER_2255	Manually curated Data.tsv	PAVS1236	UNKNOWN_SEX				not known:	GRCh37	not known	Intellectual disability and speech delay with subtle dysmorphic features|bilateral shoulder and hip laxity
PAVS_MASTER_2256	Manually curated Data.tsv	PAVS1237	UNKNOWN_SEX			HP:0001631	not known:	GRCh37	not known	speech delay with partial syndactyly between second and third toes|white hypopigmented area over right thigh anteriorly
PAVS_MASTER_2257	Manually curated Data.tsv	PAVS1238	UNKNOWN_SEX			HP:0000256|HP:0000717|HP:0000750	not known:	GRCh37	not known	Attention deficit hyperactive disorder|right abdominal mass|sever Intellectual defficit|penile hyperpigmentation (multiple macules)
PAVS_MASTER_2258	Manually curated Data.tsv	PAVS1239	UNKNOWN_SEX			HP:0000589|HP:0001643|HP:0001762|HP:0001999|HP:0011968	not known:	GRCh37	not known	ASD*|Dysmorphic features|bilateral hand postaxial polydactyly
PAVS_MASTER_2259	Manually curated Data.tsv	PAVS1240	UNKNOWN_SEX			HP:0000135|HP:0001250|HP:0001513	not known:	GRCh37	not known	Attention deficit hyperactive disorder|exaggerated reflexes|in-toe gait|Intellectual defficit and speech delay|microbrachycephaly
PAVS_MASTER_2260	Manually curated Data.tsv	PAVS1241	UNKNOWN_SEX			HP:0000086|HP:0000252|HP:0001508|HP:0001511|HP:0001518	not known:	GRCh37	not known	mild ID with Developmental delay|MR and MVP
PAVS_MASTER_2261	Manually curated Data.tsv	PAVS1242	UNKNOWN_SEX			HP:0001250|HP:0001263|HP:0001513	not known:	GRCh37	not known	and unstable gait
PAVS_MASTER_2262	Manually curated Data.tsv	PAVS1243	UNKNOWN_SEX			HP:0000252|HP:0001762|HP:0004322	not known:	GRCh37	not known	Developmental delay with dysmorphic features
PAVS_MASTER_2263	Manually curated Data.tsv	PAVS1244	UNKNOWN_SEX			HP:0001263|HP:0001508|HP:0002136	not known:	GRCh37	not known	right radial ray defect with pedunculated thumb
PAVS_MASTER_2264	Manually curated Data.tsv	PAVS1245	UNKNOWN_SEX			HP:0001508	not known:	GRCh37	not known	post axial polydactyly of left hand|oromotor dyspraxia|poor dentition|Speech and gross motor delay
PAVS_MASTER_2265	Manually curated Data.tsv	PAVS1246	UNKNOWN_SEX			HP:0000956	not known:	GRCh37	not known	Developmental delay with morbid obesity|and clinodactyly
PAVS_MASTER_2266	Manually curated Data.tsv	PAVS1247	UNKNOWN_SEX				not known:	GRCh37	not known	Developmental delay and epilepsy with classical dysmorphic features
PAVS_MASTER_2267	Manually curated Data.tsv	PAVS1248	UNKNOWN_SEX			HP:0000750|HP:0001250|HP:0001999|HP:0045028	not known:	GRCh37	not known	dysmorphic features|brachydactyly with abnormal palmar creases
PAVS_MASTER_2268	Manually curated Data.tsv	PAVS1249	UNKNOWN_SEX			HP:0000175|HP:0001263|HP:0001508|HP:0001629|HP:0001999	not known:	GRCh37	not known	dysmorphic features|and mild camptodactyly
PAVS_MASTER_2269	Manually curated Data.tsv	PAVS1250	UNKNOWN_SEX			HP:0000252|HP:0000863|HP:0001360|HP:0001999|HP:0002510	not known:	GRCh37	not known	dysmorphic features|cleft lip and palate|and epilepsy
PAVS_MASTER_2270	Manually curated Data.tsv	PAVS1251	UNKNOWN_SEX			HP:0000218|HP:0000237|HP:0000252|HP:0000486|HP:0001263|HP:0001508|HP:0001511|HP:0002719|HP:0008689	not known:|not known:	GRCh37	not known	resolved laryngomalacia|ASD*|and rocker bottom feet|curved penis
PAVS_MASTER_2271	Manually curated Data.tsv	PAVS1252	UNKNOWN_SEX			HP:0000218|HP:0000276|HP:0000752	not known:	GRCh37	not known	dental carries and vascular ring|Developmental delay with microcephaly
PAVS_MASTER_2272	Manually curated Data.tsv	PAVS1253	UNKNOWN_SEX				not known:	GRCh37	not known	Intellectual deficit with dysmorphic features and bronchial asthma
PAVS_MASTER_2273	Manually curated Data.tsv	PAVS1254	UNKNOWN_SEX			HP:0001252|HP:0001382	not known:	GRCh37	not known	short stature and bilateral TEV|dental hypoplasia and mild right-sided facial asymmetry|global developmental delay with dysmorphic features
PAVS_MASTER_2274	Manually curated Data.tsv	PAVS1255	UNKNOWN_SEX				not known:	GRCh37	not known	Developmental delay with dysmorphic features|history of twitching on right side of face due to hypocalcaemia|no cleft and no murmur
PAVS_MASTER_2275	Manually curated Data.tsv	PAVS1256	UNKNOWN_SEX			HP:0001508	not known:	GRCh37	not known	prematurity|multiple skeletal abnormalities|global developmental delay with dysmorphic features
PAVS_MASTER_2276	Manually curated Data.tsv	PAVS1257	UNKNOWN_SEX			HP:0000028|HP:0000252|HP:0000589|HP:0001252|HP:0001263|HP:0001508|HP:0001999	not known:	GRCh37	not known	ASD*|multiple congenital anomalies: (PDA|left dysplastic kidney)|TR|and hypospadias|bilateral undescended testes|dysmorphic features
PAVS_MASTER_2277	Manually curated Data.tsv	PAVS1258	UNKNOWN_SEX			HP:0000175|HP:0001250|HP:0001508	not known:	GRCh37	not known	mosaic hypopigmentation|cardiac abnormalities|global developmental delay with subtle dysmorphic features|and bilateral 2-3 toe syndactyly
PAVS_MASTER_2278	Manually curated Data.tsv	PAVS1259	UNKNOWN_SEX			HP:0002750|HP:0004322|HP:0004325|HP:0009765	not known:	GRCh37	not known	grade II SM (MVP & MR)|Intellectual deficit with peculiar facial appearance of short palpebral fissures|vitiligo of both hands|wrinkled lower eyelids|and fissured corners of the mouth|large rough nevus on the back
PAVS_MASTER_2279	Manually curated Data.tsv	PAVS1260	UNKNOWN_SEX			HP:0002750|HP:0004322|HP:0004325|HP:0009765	not known:	GRCh37	not known	wrinkled lower eyelids|low insulin-like growth factor 1|Intellectual deficit with peculiar facial appearance of short palpebral fissures|and fissured corners of the mouth
PAVS_MASTER_2280	Manually curated Data.tsv	PAVS1261	UNKNOWN_SEX			HP:0001263	not known:	GRCh37	not known	and ASD|cutis aplasia on scalp|central hypotonia with macrocephaly and dysmorphic features|a right paraspinal lipoma
PAVS_MASTER_2281	Manually curated Data.tsv	PAVS1262	UNKNOWN_SEX			HP:0000252|HP:0001159|HP:0001252|HP:0001263|HP:0004322|HP:0030051|HP:0030084	not known:	GRCh37	not known	Attention deficit hyperactive disorder with dysmorphic features
PAVS_MASTER_2282	Manually curated Data.tsv	PAVS1263	UNKNOWN_SEX			HP:0001250|HP:0001263|HP:0001290	not known:	GRCh37	not known	
PAVS_MASTER_2283	Manually curated Data.tsv	PAVS1264	UNKNOWN_SEX			HP:0000405|HP:0000589|HP:0002015|HP:0002650|HP:0002937	not known:	GRCh37	not known	"bilateral microphthalmia and microcornea|and bifid spine
 (CHARGE-like)|right facial nerve palsy"
PAVS_MASTER_2284	Manually curated Data.tsv	PAVS1265	UNKNOWN_SEX			HP:0000821|HP:0001249|HP:0002749|HP:0004322	not known:	GRCh37	not known	
PAVS_MASTER_2285	Manually curated Data.tsv	PAVS1266	UNKNOWN_SEX			HP:0001159|HP:0001382|HP:0004322	not known:|not known:	GRCh37	not known	spontaneous nystagmus|frontonasal dysplasia|faint systolic murmur in aortic area|Global developmental delay with dysmorphic features
PAVS_MASTER_2286	Manually curated Data.tsv	PAVS1267	UNKNOWN_SEX			HP:0000252|HP:0001263|HP:0001274|HP:0001276	not known:	GRCh37	not known	left exotropia|history of poor feeding|asymmetric face
PAVS_MASTER_2287	Manually curated Data.tsv	PAVS1268	UNKNOWN_SEX			HP:0004322	not known:	GRCh37	not known	prominent distal phalangeal bones of both hands|congenital strabismus with limited eye movements|Global developmental delay with dysmorphic features
PAVS_MASTER_2288	Manually curated Data.tsv	PAVS1269	UNKNOWN_SEX			HP:0000639|HP:0001252	not known:|not known:	GRCh37	not known	bilateral cataract|Intellectual deficit with dysmorphic features and microcephaly
PAVS_MASTER_2289	Manually curated Data.tsv	PAVS1270	UNKNOWN_SEX			HP:0001263	not known:|not known:	GRCh37	not known	dysmorphic features with microcephaly
PAVS_MASTER_2290	Manually curated Data.tsv	PAVS1271	UNKNOWN_SEX			HP:0001249|HP:0001363|HP:0100259	not known:	GRCh37	not known	syndactyly (between right miDevelopmental delayle and ring finger)|right coloboma
PAVS_MASTER_2291	Manually curated Data.tsv	PAVS1272	UNKNOWN_SEX			HP:0001263|HP:0002376	ARSA:NM_001085425.3:c.809T>C	GRCh37	not known	Neuroregression
PAVS_MASTER_2292	Manually curated Data.tsv	PAVS1273	UNKNOWN_SEX			HP:0001263|HP:0002376	EIF2B4:NM_001318965.1:c.1132C>T	GRCh37	not known	Delayed myleination|Neuroregression|Generalized tonic-clonic seizure
PAVS_MASTER_2293	Manually curated Data.tsv	PAVS1274	UNKNOWN_SEX			HP:0001263|HP:0002376	EIF2B2:NM_014239.4:c.591C>G	GRCh37	not known	Neuroregression|Bilateral supratentorial confluent white matter
PAVS_MASTER_2294	Manually curated Data.tsv	PAVS1275	UNKNOWN_SEX			HP:0001263|HP:0007359	PEX13:NM_002618.3:c.1A>G	GRCh37	not known	
PAVS_MASTER_2295	Manually curated Data.tsv	PAVS1276	UNKNOWN_SEX			HP:0001263|HP:0002376	PEX16:NM_057174.2:c.113-1G>C	GRCh37	not known	Neuroregression
PAVS_MASTER_2296	Manually curated Data.tsv	PAVS1277	UNKNOWN_SEX			HP:0001263|HP:0007359	PEX6:NM_000287.3:c.1931G>A	GRCh37	not known	
PAVS_MASTER_2297	Manually curated Data.tsv	PAVS1278	UNKNOWN_SEX			HP:0001263	RNASEH2A:NM_006397.3:c.202T>G	GRCh37	not known	
PAVS_MASTER_2298	Manually curated Data.tsv	PAVS1279	UNKNOWN_SEX			HP:0001263	RNASEH2C:NM_032193.4:c.202C>G	GRCh37	not known	Generalized tonic-clonic seizure
PAVS_MASTER_2299	Manually curated Data.tsv	PAVS1280	UNKNOWN_SEX			HP:0001263|HP:0002376	IFIH1:NM_022168.4:c.1850T>C	GRCh37	not known	Neuroregression
PAVS_MASTER_2300	Manually curated Data.tsv	PAVS1281	UNKNOWN_SEX			HP:0001263|HP:0002376	GALC:NM_001201402.1:c.1886C>G	GRCh37	not known	Neuroregression
PAVS_MASTER_2301	Manually curated Data.tsv	PAVS1282	UNKNOWN_SEX			HP:0001263	GJC2:NM_020435.4:c.107delT	GRCh37	not known	
PAVS_MASTER_2302	Manually curated Data.tsv	PAVS1283	UNKNOWN_SEX			HP:0001263	MLC1:NM_139202.3:c.686_687delCAinsAG	GRCh37	not known	
PAVS_MASTER_2303	Manually curated Data.tsv	PAVS1284	UNKNOWN_SEX			HP:0001263|HP:0007359	HEPACAM:NM_152722.5:c.416T>C|HEPACAM:NM_152722.5:c.949-2A>G	GRCh37	not known	
PAVS_MASTER_2304	Manually curated Data.tsv	PAVS1285	UNKNOWN_SEX			HP:0001263|HP:0002376	ASPA:NM_000049.4:c.312_313delCA	GRCh37	not known	Neuroregression|Generalized tonic-clonic seizure
PAVS_MASTER_2305	Manually curated Data.tsv	PAVS1286	UNKNOWN_SEX			HP:0001263|HP:0002376|HP:0007359	ABCD1:NM_000033.4:c.542A>G	GRCh37	not known	Neuroregression
PAVS_MASTER_2306	Manually curated Data.tsv	PAVS1287	UNKNOWN_SEX			HP:0001263	SLC17A5:NM_012434.5:c.406A>G	GRCh37	not known	
PAVS_MASTER_2307	Manually curated Data.tsv	PAVS1288	UNKNOWN_SEX			HP:0001263	SLC17A5:NM_012434.5:c.116G>A	GRCh37	not known	Myclonic seizure
PAVS_MASTER_2308	Manually curated Data.tsv	PAVS1289	UNKNOWN_SEX			HP:0001263	GJA1:NM_000165.4:c.125A>G	GRCh37	not known	
PAVS_MASTER_2309	Manually curated Data.tsv	PAVS1290	UNKNOWN_SEX			HP:0001263|HP:0002376	ARSA:NM_001085425.3:c.1108-2A>G	GRCh37	not known	Neuroregression
PAVS_MASTER_2310	Manually curated Data.tsv	PAVS1291	UNKNOWN_SEX			HP:0001263|HP:0002376	ARSA:NM_001085425.3:c.883G>A	GRCh37	not known	Neuroregression
PAVS_MASTER_2311	Manually curated Data.tsv	PAVS1292	UNKNOWN_SEX			HP:0001263|HP:0002376	PSAP:NM_002778.4:c.722G>C	GRCh37	not known	Neuroregression|Generalized tonic-clonic seizure
PAVS_MASTER_2312	Manually curated Data.tsv	PAVS1293	UNKNOWN_SEX			HP:0001263|HP:0002376|HP:0007359	EIF2B3:NM_020365.5:c.32G>T	GRCh37	not known	Neuroregression
PAVS_MASTER_2313	Manually curated Data.tsv	PAVS1294	UNKNOWN_SEX			HP:0001263|HP:0007359	PEX1:NM_000466.3:c.2176C>T	GRCh37	not known	
PAVS_MASTER_2314	Manually curated Data.tsv	PAVS1295	UNKNOWN_SEX			HP:0001263|HP:0007359	HSD17B4:NM_000414.2:c.2207T>A	GRCh37	not known	
PAVS_MASTER_2315	Manually curated Data.tsv	PAVS1296	UNKNOWN_SEX			HP:0001263|HP:0032794	RNASEH2B:NM_024570.4:c.356A>G	GRCh37	not known	
PAVS_MASTER_2316	Manually curated Data.tsv	PAVS1297	UNKNOWN_SEX			HP:0001263	RNASEH2A:NM_006397.3:c.557G>A	GRCh37	not known	
PAVS_MASTER_2317	Manually curated Data.tsv	PAVS1298	UNKNOWN_SEX			HP:0001263	SAMHD1:NM_015474.4:c.428G>A	GRCh37	not known	Generalized tonic-clonic seizure
PAVS_MASTER_2318	Manually curated Data.tsv	PAVS1299	UNKNOWN_SEX				TREX1:NM_130384.3:c.223G>A	GRCh37	not known	Abnormal diffused white matter.
PAVS_MASTER_2319	Manually curated Data.tsv	PAVS1300	UNKNOWN_SEX			HP:0001263|HP:0002376	GALC:NM_000153.4:c.916G>A	GRCh37	not known	Neuroregression
PAVS_MASTER_2320	Manually curated Data.tsv	PAVS1301	UNKNOWN_SEX			HP:0001263|HP:0002376	GALC:NM_000153.4:c.396G>A	GRCh37	not known	Neuroregression
PAVS_MASTER_2321	Manually curated Data.tsv	PAVS1302	UNKNOWN_SEX			HP:0001263|HP:0002376	GALC:NM_000153.4:c.1685T>C	GRCh37	not known	Neuroregression
PAVS_MASTER_2322	Manually curated Data.tsv	PAVS1303	UNKNOWN_SEX			HP:0001263	GJC2:NM_020435.4:c.1134_1144del	GRCh37	not known	
PAVS_MASTER_2323	Manually curated Data.tsv	PAVS1304	UNKNOWN_SEX			HP:0001263	MLC1:NM_139202.3:c.177+1G>T	GRCh37	not known	
PAVS_MASTER_2324	Manually curated Data.tsv	PAVS1305	UNKNOWN_SEX			HP:0007359	GFAP:NM_002055.5:c.230A>G	GRCh37	not known	
PAVS_MASTER_2325	Manually curated Data.tsv	PAVS1306	UNKNOWN_SEX				GFAP:NM_002055.5:c.715C>T	GRCh37	not known	Generalized tonic-clonic seizure
PAVS_MASTER_2326	Manually curated Data.tsv	PAVS1307	UNKNOWN_SEX			HP:0001263	PLP1:NM_000533.5:c.115G>A	GRCh37	not known	
PAVS_MASTER_2327	Manually curated Data.tsv	PAVS1308	UNKNOWN_SEX			HP:0001252|HP:0001324|HP:0003198|HP:0003546	RYR1:NM_001042723:c.14194C>T	GRCh37	not known	exercise intolerance/easy fatigue|creatine phosphatase abnormalities|vacuolar myopathy
PAVS_MASTER_2328	Manually curated Data.tsv	PAVS1309	UNKNOWN_SEX			HP:0000252|HP:0000750|HP:0001249|HP:0001252|HP:0001257|HP:0001263|HP:0001270|HP:0001328|HP:0002194|HP:0012444	ADAT3:NM_138422:c.430G>A	GRCh37	not known	hypotonia hypertonia|spasticity.|learning disability|fine motor delay
PAVS_MASTER_2329	Manually curated Data.tsv	PAVS1310	UNKNOWN_SEX			HP:0001252|HP:0001270|HP:0001324|HP:0002058|HP:0002194	LAMA2:NM_000426:c.3924+2T>C	GRCh37	not known	significant hypotonia|myopathic facies with motor developmental delay|fine motor delay
PAVS_MASTER_2330	Manually curated Data.tsv	PAVS1311	UNKNOWN_SEX			HP:0001892|HP:0001943	not known:NM_000151:c.247C>T	GRCh37	not known	GSD type 1
PAVS_MASTER_2331	Manually curated Data.tsv	PAVS1312	UNKNOWN_SEX			HP:0001263|HP:0002500|HP:0012444	RNASEH2A:NM_006397:c.557G>A	GRCh37	not known	white matter changes).|MRI (brain atrophy
PAVS_MASTER_2332	Manually curated Data.tsv	PAVS1313	UNKNOWN_SEX			HP:0000776|HP:0001263|HP:0001508|HP:0002036|HP:0002089|HP:0005214	COG6:	GRCh37	not known	low intestinal motility disorder|partial intestinal obstruction
PAVS_MASTER_2333	Manually curated Data.tsv	PAVS1314	UNKNOWN_SEX			HP:0001999	PYCR1:NM_006907:c.540+1G>A	GRCh37	not known	dysmorphism
PAVS_MASTER_2334	Manually curated Data.tsv	PAVS1315	UNKNOWN_SEX			HP:0000347|HP:0001252|HP:0001631|HP:0001762|HP:0004279|HP:0004322	KIF7:NM_198525:c.3365C>G	GRCh37	not known	growth retardation/short stature|abnormal nails hypoplasia
PAVS_MASTER_2335	Manually curated Data.tsv	PAVS1316	UNKNOWN_SEX				FANCA:NM_000135:c.964C>T	GRCh37	not known	Renal agenesis and congenital malformations
PAVS_MASTER_2336	Manually curated Data.tsv	PAVS1317	UNKNOWN_SEX			HP:0000750|HP:0001943|HP:0001946	DLD:NM_001289750:c.388G>T	GRCh37	not known	history of recent episodes of hypoglycemia and acidosis with elevated liver enzymes
PAVS_MASTER_2337	Manually curated Data.tsv	PAVS1318	UNKNOWN_SEX			HP:0001257|HP:0001276|HP:0002415|HP:0006970	CYP2U1:NM_183075:c.947A>T	GRCh37	not known	
PAVS_MASTER_2338	Manually curated Data.tsv	PAVS1319	UNKNOWN_SEX			HP:0000556	RDH12:NM_152443:c.139G>A	GRCh37	not known	
PAVS_MASTER_2339	Manually curated Data.tsv	PAVS1320	UNKNOWN_SEX			HP:0001252|HP:0001270|HP:0001385|HP:0002194	COL1A1:NM_000088:c.2050G>A	GRCh37	not known	otherwise baby is alert and follow objects|fine motor delay
PAVS_MASTER_2340	Manually curated Data.tsv	PAVS1321	UNKNOWN_SEX				LAMA2:NM_000426:c.3924+2T>C	GRCh37	not known	Merosin deficiency
PAVS_MASTER_2341	Manually curated Data.tsv	PAVS1322	UNKNOWN_SEX			HP:0001252|HP:0001384|HP:0001629	SLC2A10:NM_030777:c.243C>G	GRCh37	not known	hip dysfunction|significant hypotonia|appropriate cognitive development
PAVS_MASTER_2342	Manually curated Data.tsv	PAVS1323	UNKNOWN_SEX			HP:0000639|HP:0001251|HP:0001270|HP:0001276|HP:0001510	GJC2:NM_020435:c.755A>G	GRCh37	not known	ataxia since birth cognitive|Growth retardation/short stature|fine motor delay
PAVS_MASTER_2343	Manually curated Data.tsv	PAVS1324	UNKNOWN_SEX			HP:0001249	C12orf57:NM_001301837:c.1A>G	GRCh37	not known	2 siblings are affected|sever speech delay
PAVS_MASTER_2344	Manually curated Data.tsv	PAVS1325	UNKNOWN_SEX			HP:0001250|HP:0001252|HP:0001270|HP:0001328	ALDH7A1:NM_001202404:c.1168G>C	GRCh37	not known	Fine/gross motor delay|learning disability|subcortical white matter disease
PAVS_MASTER_2345	Manually curated Data.tsv	PAVS1326	UNKNOWN_SEX			HP:0000729|HP:0000750|HP:0001249|HP:0001250|HP:0001252|HP:0001257|HP:0001508	MECP2:NM_001110792:c.509C>T	GRCh37	not known	Autistic features
PAVS_MASTER_2346	Manually curated Data.tsv	PAVS1327	UNKNOWN_SEX			HP:0000252|HP:0001250|HP:0001251|HP:0001270|HP:0002194|HP:0002376	MFSD8:NM_152778:c.863+1G>A	GRCh37	not known	fine motor delay|Neurodegenerative disorder|seizure (atomic since Feb 2016)|microcephaly (not congenital)|dysarthria. eye exam negative. Brain MRI: bilateral central white matter FLAIR/T2 hyperintensity cerebellar atrophy is noted with prominent folia and associated vermis atrophy last MRI 30/8/2016 no change. new symptoms: dysphagia to liquids
PAVS_MASTER_2347	Manually curated Data.tsv	PAVS1328	UNKNOWN_SEX			HP:0000510|HP:0001250|HP:0001513	RLBP1:NM_000326:c.773T>G	GRCh37	not known	
PAVS_MASTER_2348	Manually curated Data.tsv	PAVS1329	UNKNOWN_SEX			HP:0001508|HP:0001875|HP:0002013|HP:0002020|HP:0002024|HP:0002028|HP:0002099|HP:0400004	SLC5A1:NM_001256314:c.384C>G	GRCh37	not known	gastrointestinal reflux|recurrent vomiting|glucose galactose malabsorption|chronic diarrhea- heavy diarrhea once ate other then milk?
PAVS_MASTER_2349	Manually curated Data.tsv	PAVS1330	UNKNOWN_SEX			HP:0001394|HP:0001399|HP:0001543|HP:0002013|HP:0002019|HP:0002020|HP:0002021|HP:0002028|HP:0002251|HP:0002575|HP:0002578|HP:0002664|HP:0002910|HP:0004322|HP:0004389|HP:0410151	ABCB4:NM_018849:c.1560+3A>G	GRCh37	not known	growth retardation/short stature|gastroschisis/omphalocele|chronic intestinal pseudo-obstruction|gastrointestinal reflux|recurrent vomiting|liver cirrhosis or Wilson or PFIC|prematurity
PAVS_MASTER_2350	Manually curated Data.tsv	PAVS1331	UNKNOWN_SEX			HP:0000750|HP:0001257|HP:0001263|HP:0001270|HP:0001508|HP:0001510|HP:0002099|HP:0002652|HP:0011800|HP:0025259	FBN1:NM_000138:c.5087A>G	GRCh37	not known	Fine/ gross motor delay|stiff fingers in LF hand and stiff elbows
PAVS_MASTER_2351	Manually curated Data.tsv	PAVS1332	UNKNOWN_SEX			HP:0000252|HP:0000750|HP:0001249|HP:0001257|HP:0001270|HP:0001276|HP:0001999|HP:0002119	RNASEH2B:NM_001142279:c.356A>G	GRCh37	not known	Fine/ gross motor delay|Prematurity|dilated ventricles brain atrophy|Intrautrine growth retardation
PAVS_MASTER_2352	Manually curated Data.tsv	PAVS1333	UNKNOWN_SEX			HP:0000252|HP:0000750|HP:0001252|HP:0001270|HP:0001324|HP:0001548	PAH:NM_000277:c.1066-11G>A	GRCh37	not known	fine/gross motor delay
PAVS_MASTER_2353	Manually curated Data.tsv	PAVS1334	UNKNOWN_SEX			HP:0000989|HP:0001508|HP:0002910	ABCB4:NM_000443:c.526C>T	GRCh37	not known	Progressive familial intrahepatic cholestasis
PAVS_MASTER_2354	Manually curated Data.tsv	PAVS1335	UNKNOWN_SEX			HP:0000252|HP:0001252|HP:0001257|HP:0001270|HP:0001324|HP:0001508|HP:0001762|HP:0004322|HP:0034392	COL6A2:NM_058175:c.1332+2T>C	GRCh37	not known	growth retardation/short stature|fine/gross motor delay|mild spasticity|mild contractures
PAVS_MASTER_2355	Manually curated Data.tsv	PAVS1336	UNKNOWN_SEX			HP:0001876|HP:0002910	not known:NM_001171811:c.1187T>C	GRCh37	not known	
PAVS_MASTER_2356	Manually curated Data.tsv	PAVS1337	UNKNOWN_SEX			HP:0000750|HP:0001270|HP:0001276|HP:0010442	MGAT2:NM_002408:c.711G>C	GRCh37	not known	Cornelia de Lange syndrome ?|Fine / Gross motor delay
PAVS_MASTER_2357	Manually curated Data.tsv	PAVS1338	UNKNOWN_SEX			HP:0000774|HP:0001561|HP:0003026	CANT1:NM_138793:c.906_907insGCGCC	GRCh37	not known	short long bones|Intrautrine growth retardation
PAVS_MASTER_2358	Manually curated Data.tsv	PAVS1339	UNKNOWN_SEX			HP:0001250|HP:0001319	NDST1:NM_001543:c.985C>T	GRCh37	not known	Seizure disorder
PAVS_MASTER_2359	Manually curated Data.tsv	PAVS1340	UNKNOWN_SEX			HP:0000717|HP:0001250|HP:0001263	C12orf57:NM_001301837:c.1A>G	GRCh37	not known	Intractable epilepsy
PAVS_MASTER_2360	Manually curated Data.tsv	PAVS1341	UNKNOWN_SEX				not known:NM_005590:c.630G>C	GRCh37	not known	Neuronal ceroid lipofuscinoses
PAVS_MASTER_2361	Manually curated Data.tsv	PAVS1342	UNKNOWN_SEX				ESCO2:NM_001017420:c.1132-7A>G	GRCh37	not known	Roberts syndrome
PAVS_MASTER_2362	Manually curated Data.tsv	PAVS1343	UNKNOWN_SEX			HP:0001258	CYP2U1:c.320A>T	GRCh37	not known	
PAVS_MASTER_2363	Manually curated Data.tsv	PAVS1344	UNKNOWN_SEX				GABRD:NM_000815:c.875C>T	GRCh37	not known	seizures and Developmental delay
PAVS_MASTER_2364	Manually curated Data.tsv	PAVS1345	UNKNOWN_SEX			HP:0001284|HP:0001324|HP:0001761|HP:0001765|HP:0002460|HP:0002650	PMP22:NM_153322:c.449G>T	GRCh37	not known	distal weakness|pes cavus?|CMT|congenital
PAVS_MASTER_2365	Manually curated Data.tsv	PAVS1346	UNKNOWN_SEX			HP:0001252|HP:0001257|HP:0001276	CYP2U1:c.947A>T	GRCh37	not known	brisk reflexes and spasticity|peripheral hypertonia
PAVS_MASTER_2366	Manually curated Data.tsv	PAVS1347	UNKNOWN_SEX			HP:0000201|HP:0002140	not known:NM_004718:c.130A>T	GRCh37	not known	Patent Ductus arterieosis|Suspected hypoxic ischemic brain insult
PAVS_MASTER_2367	Manually curated Data.tsv	PAVS1348	UNKNOWN_SEX			HP:0000154|HP:0000533|HP:4000087	HSPG2:NM_005529:c.11208-7G>A	GRCh37	not known	unusual expressions|small eyes
PAVS_MASTER_2368	Manually curated Data.tsv	PAVS1349	UNKNOWN_SEX			HP:0001989	NEB:NM_001271208:c.11806-1G>A	GRCh37	not known	
PAVS_MASTER_2369	Manually curated Data.tsv	PAVS1350	UNKNOWN_SEX			HP:0001217|HP:0001561	not known:NM_001172418:c.1015C>T	GRCh37	not known	empty stomach and severe polyhydramnios|clubbing and clenching hand
PAVS_MASTER_2370	Manually curated Data.tsv	PAVS1351	UNKNOWN_SEX			HP:0000356|HP:0000750|HP:0001257|HP:0001270|HP:0001508|HP:0001510|HP:0012444	ADAT3:NM_138422:c.430G>A	GRCh37	not known	Abnormal  hair- blond|low set ear micro|fine motor delay|growth retardation/short structure|Intrautrine growth retardation
PAVS_MASTER_2371	Manually curated Data.tsv	PAVS1352	UNKNOWN_SEX			HP:0001252|HP:0012828	C12orf57:NM_001301837:c.1A>G	GRCh37	not known	severe intellectual/ mental delay|autistic features
PAVS_MASTER_2372	Manually curated Data.tsv	PAVS1353	UNKNOWN_SEX				PTPN11:NM_002834:c.1530G>T	GRCh37	not known	Dysmorphic facies and Congenital heart defects
PAVS_MASTER_2373	Manually curated Data.tsv	PAVS1354	UNKNOWN_SEX			HP:0001249	ADAT3:NM_138422:c.430G>A	GRCh37	not known	
PAVS_MASTER_2374	Manually curated Data.tsv	PAVS1355	UNKNOWN_SEX			HP:0002651|HP:0004322	RAB33B:NM_031296:c.136A>C	GRCh37	not known	
PAVS_MASTER_2375	Manually curated Data.tsv	PAVS1356	UNKNOWN_SEX			HP:0001252	AHI1:NM_001134830:c.1328T>A	GRCh37	not known	
PAVS_MASTER_2376	Manually curated Data.tsv	PAVS1357	UNKNOWN_SEX			HP:0001263|HP:0003128	FBXL4:NM_012160:c.1698A>G	GRCh37	not known	
PAVS_MASTER_2377	Manually curated Data.tsv	PAVS1358	UNKNOWN_SEX			HP:0004900	G6PD:NM_000402:c.653C>T	GRCh37	not known	
PAVS_MASTER_2378	Manually curated Data.tsv	PAVS1359	UNKNOWN_SEX			HP:0000252|HP:0000750|HP:0001270|HP:0001274|HP:0001508|HP:0003128	FBXL4:NM_012160:c.1698A>G	GRCh37	not known	lactic academia|fine motor delay
PAVS_MASTER_2379	Manually curated Data.tsv	PAVS1360	UNKNOWN_SEX			HP:0000750|HP:0001263|HP:0001399|HP:0002194|HP:0002721|HP:0002910	NBAS:NM_015909:c.4733_4734insCTA	GRCh37	not known	elevated alanine|immunodeficiency low IgG
PAVS_MASTER_2380	Manually curated Data.tsv	PAVS1361	UNKNOWN_SEX			HP:0000518|HP:0000750|HP:0001270|HP:0001324|HP:0002376|HP:0004322	SIL1:NM_001037633:c.1030-9G>A	GRCh37	not known	growth retardation/short stature|fine motor delay
PAVS_MASTER_2381	Manually curated Data.tsv	PAVS1362	UNKNOWN_SEX			HP:0001324	RYR1:NM_001042723:c.14194C>T	GRCh37	not known	
PAVS_MASTER_2382	Manually curated Data.tsv	PAVS1363	UNKNOWN_SEX			HP:0000718|HP:0000750|HP:0001270|HP:0002194|HP:0010864	MECP2:NM_001110792:c.961C>T	GRCh37	not known	severe intellectual disability/MR|fine motor delay
PAVS_MASTER_2383	Manually curated Data.tsv	PAVS1364	UNKNOWN_SEX			HP:0009830|HP:0012531	SCN9A:NM_002977:c.2687G>A	GRCh37	not known	pain/temp sensory deficit|sensory autonomic neuropathy
PAVS_MASTER_2384	Manually curated Data.tsv	PAVS1365	UNKNOWN_SEX			HP:0001252|HP:0001324	FKRP:NM_001039885:c.646C>G	GRCh37	not known	
PAVS_MASTER_2385	Manually curated Data.tsv	PAVS1366	UNKNOWN_SEX				SMPD1:NM_000543:c.1267C>T	GRCh37	not known	Severe neonatal cholestasis with fluctuating  gamma-glutamyl transpeptidase
PAVS_MASTER_2386	Manually curated Data.tsv	PAVS1367	UNKNOWN_SEX			HP:0001396|HP:0001399|HP:0001508	ABCB4:NM_000443:c.296C>T	GRCh37	not known	Chronic cholestasis|progressive liver failure
PAVS_MASTER_2387	Manually curated Data.tsv	PAVS1368	UNKNOWN_SEX			HP:0002376	CLN6:NM_017882:c.794_796del	GRCh37	not known	neuroregression
PAVS_MASTER_2388	Manually curated Data.tsv	PAVS1369	UNKNOWN_SEX			HP:0001257|HP:0001264	CYP2U1:NM_183075:c.947A>T	GRCh37	not known	spastic diplegia started to evolve in childhood
PAVS_MASTER_2389	Manually curated Data.tsv	PAVS1370	UNKNOWN_SEX			HP:0000836|HP:0002908	ABCC2:NM_000392:c.2273G>T	GRCh37	not known	
PAVS_MASTER_2390	Manually curated Data.tsv	PAVS1371	UNKNOWN_SEX			HP:0000952|HP:0002910	ABCB4:NM_018849:c.1560+3A>G	GRCh37	not known	
PAVS_MASTER_2391	Manually curated Data.tsv	PAVS1372	UNKNOWN_SEX			HP:0000252|HP:0000505|HP:0000750|HP:0001250|HP:0001270|HP:0001324|HP:0006829	GABRD:NM_000815:c.875C>T	GRCh37	not known	Fine/ gross motor delay|severe hypotonia|abnormal movement
PAVS_MASTER_2392	Manually curated Data.tsv	PAVS1373	UNKNOWN_SEX			HP:0001396	ABCB4:NM_000443:c.2906G>A	GRCh37	not known	Cholestatic jaundice (suspected PFIC)
PAVS_MASTER_2393	Manually curated Data.tsv	PAVS1374	UNKNOWN_SEX				ACADVL:NM_001033859:c.1633C>T	GRCh37	not known	Very long-chain acyl-CoA dehydrogenase deficiency
PAVS_MASTER_2394	Manually curated Data.tsv	PAVS1375	UNKNOWN_SEX			HP:0004923|HP:0032351	PAH:NM_000277:c.898G>T	GRCh37	not known	phenylketonuria|metabolic
PAVS_MASTER_2395	Manually curated Data.tsv	PAVS1376	UNKNOWN_SEX			HP:0001789	GUSB:NM_001284290:c.991C>T	GRCh37	not known	
PAVS_MASTER_2396	Manually curated Data.tsv	PAVS1377	UNKNOWN_SEX			HP:0001263	BCKDHA:NM_000709:c.347A>G	GRCh37	not known	
PAVS_MASTER_2397	Manually curated Data.tsv	PAVS1378	UNKNOWN_SEX			HP:0001987	ASL:NM_001024943:c.485A>G	GRCh37	not known	hyperammonemia with suspected argininosuccinic aciduria
PAVS_MASTER_2398	Manually curated Data.tsv	PAVS1379	UNKNOWN_SEX			HP:0000252|HP:0000750|HP:0001508|HP:0001629|HP:0004322	PTPN11:NM_002834:c.417G>C	GRCh37	not known	growth retardation/short stature
PAVS_MASTER_2399	Manually curated Data.tsv	PAVS1380	UNKNOWN_SEX			HP:0001399	ABCB4:NM_018849:c.1560+3A>G	GRCh37	not known	
PAVS_MASTER_2400	Manually curated Data.tsv	PAVS1381	UNKNOWN_SEX			HP:0002652	SMARCAL1:NM_001127207:c.2290C>T	GRCh37	not known	Schimke immuno-osseous dysplasia
PAVS_MASTER_2401	Manually curated Data.tsv	PAVS1382	UNKNOWN_SEX			HP:0000316|HP:0000750|HP:0001249|HP:0001252|HP:0001270|HP:0003128	FARS2:NM_006567:c.973G>A	GRCh37	not known	prematurity|lactic acidemia/high CSF lactate|fine/gross motor delay|hypertelorism of the eye
PAVS_MASTER_2402	Manually curated Data.tsv	PAVS1383	UNKNOWN_SEX			HP:0000989|HP:0002910	ABCB4:NM_000443:c.526C>T	GRCh37	not known	high liver enzymes and bile acids
PAVS_MASTER_2403	Manually curated Data.tsv	PAVS1384	UNKNOWN_SEX			HP:0001396|HP:0001399|HP:0002910	ABCB11:NM_003742:c.677C>T	GRCh37	not known	
PAVS_MASTER_2404	Manually curated Data.tsv	PAVS1385	UNKNOWN_SEX			HP:0000964	TRAF3IP2:NM_001164283:c.200G>C	GRCh37	not known	Severe eczema
PAVS_MASTER_2405	Manually curated Data.tsv	PAVS1386	UNKNOWN_SEX			HP:0007110	PHOX2B:NM_003924:c.296G>T	GRCh37	not known	Congenital central hypoventilation syndrome
PAVS_MASTER_2406	Manually curated Data.tsv	PAVS1387	UNKNOWN_SEX			HP:0002912	not known:NM_000255:c.1820T>G	GRCh37	not known	methylmalonic acid
PAVS_MASTER_2407	Manually curated Data.tsv	PAVS1388	UNKNOWN_SEX			HP:0002240	PHKA2:NM_000292:c.884G>A	GRCh37	not known	mild hepatomegaly|Glycogen storage disease type III
PAVS_MASTER_2408	Manually curated Data.tsv	PAVS1389	UNKNOWN_SEX				not known:NM_000255:c.1820T>G	GRCh37	not known	high methylmalonic acid
PAVS_MASTER_2409	Manually curated Data.tsv	PAVS1390	UNKNOWN_SEX			HP:0000750|HP:0001249|HP:0001252|HP:0001270|HP:0002194|HP:0003774	CEP290:NM_025114:c.5668G>T	GRCh37	not known	Fine motor delay
PAVS_MASTER_2410	Manually curated Data.tsv	PAVS1391	UNKNOWN_SEX				HAMP:NM_021175:c.232T>C	GRCh37	not known	Hemochromatosis
PAVS_MASTER_2411	Manually curated Data.tsv	PAVS1392	UNKNOWN_SEX			HP:0001806|HP:0002728|HP:0008064	IL17RA:NM_001289905:c.1472T>C	GRCh37	not known	recurrent mucocutaneous candidiasis|abnormal nails/onycholysis
PAVS_MASTER_2412	Manually curated Data.tsv	PAVS1393	UNKNOWN_SEX				ACAT1:NM_000019:c.410C>T	GRCh37	not known	Suspected beta-keto-thiolase deficiency
PAVS_MASTER_2413	Manually curated Data.tsv	PAVS1394	UNKNOWN_SEX			HP:0002037	ITGB2:NM_000211:c.1756C>T	GRCh37	not known	
PAVS_MASTER_2414	Manually curated Data.tsv	PAVS1395	UNKNOWN_SEX			HP:0001250	GAMT:NM_000156:c.491G>T	GRCh37	not known	
PAVS_MASTER_2415	Manually curated Data.tsv	PAVS1396	UNKNOWN_SEX			HP:0008181	MTTP:NM_001300785:c.1915G>C	GRCh37	not known	
PAVS_MASTER_2416	Manually curated Data.tsv	PAVS1397	UNKNOWN_SEX			HP:0002721	TNFRSF13B:NM_012452:c.515G>A	GRCh37	not known	Suspected immunodeficiency
PAVS_MASTER_2417	Manually curated Data.tsv	PAVS1398	UNKNOWN_SEX			HP:0008181	MTTP:NM_001300785:c.1915G>C	GRCh37	not known	
PAVS_MASTER_2418	Manually curated Data.tsv	PAVS1399	UNKNOWN_SEX			HP:0000126|HP:0000750|HP:0001249|HP:0001270|HP:0001274|HP:0001328|HP:0001999|HP:0002194	C12orf57:NM_001301837:c.1A>G	GRCh37	not known	facial dysmorphism (squint)|Fine motor delay|learning disability|corpus callosum collapse
PAVS_MASTER_2419	Manually curated Data.tsv	PAVS1400	UNKNOWN_SEX			HP:0002376	ISCA2:NM_194279:c.229G>A	GRCh37	not known	Neuroregression
PAVS_MASTER_2420	Manually curated Data.tsv	PAVS1401	UNKNOWN_SEX			HP:0000252|HP:0000618|HP:0000718|HP:0001250|HP:0001270|HP:0012833	SOS1:NM_005633:c.1490G>A	GRCh37	not known	Fine/ gross motor delay|unilateral ocular hypoplasia CRT|severe microcephaly|cognitive blindness
PAVS_MASTER_2421	Manually curated Data.tsv	PAVS1402	UNKNOWN_SEX			HP:0000316|HP:0000348|HP:0000486|HP:0000750|HP:0001249|HP:0001250|HP:0001999|HP:0005280	ADAT3:NM_138422:c.430G>A	GRCh37	not known	severe speech delay|hypertelorism of eye|depressed nasal bridge). Girl is more sever than the boy.
PAVS_MASTER_2422	Manually curated Data.tsv	PAVS1403	UNKNOWN_SEX			HP:0000750|HP:0001249|HP:0001263|HP:0001270|HP:0001942|HP:0001985|HP:0002135|HP:0002151	CA2:NM_000067:c.232+1G>A	GRCh37	not known	lactate slightly elevated|hypoketosis|fine/ gross motor delay|MRI:mild calcification in basal ganglia
PAVS_MASTER_2423	Manually curated Data.tsv	PAVS1404	UNKNOWN_SEX			HP:0000219|HP:0000252|HP:0000316|HP:0000348|HP:0000356|HP:0000369|HP:0003510|HP:0008070|HP:0034392	ESCO2:NM_001017420:c.1132-7A>G	GRCh37	not known	contractures|severe microcephaly|sever growth retardation|hypertelorism of the eye
PAVS_MASTER_2424	Manually curated Data.tsv	PAVS1405	UNKNOWN_SEX			HP:0000518|HP:0000639|HP:0001272	SIL1:NM_001037633:c.1030-9G>A	GRCh37	not known	
PAVS_MASTER_2425	Manually curated Data.tsv	PAVS1406	UNKNOWN_SEX			HP:0000750|HP:0000821|HP:0001249|HP:0001252|HP:0001270|HP:0001328|HP:0002194|HP:0002376|HP:0032792	KCNA2:NM_004974:c.1214C>T	GRCh37	not known	Learning disability|tonic seizures|Fine motor delay|Intellectual disability/ MR
PAVS_MASTER_2426	Manually curated Data.tsv	PAVS1407	UNKNOWN_SEX			HP:0000252|HP:0000750|HP:0001249	KIF14:NM_001305792:c.2598G>A	GRCh37	not known	intellectual disability/MR
PAVS_MASTER_2427	Manually curated Data.tsv	PAVS1408	UNKNOWN_SEX			HP:0000618|HP:0001263	C12orf57:NM_001301837:c.1A>G	GRCh37	not known	
PAVS_MASTER_2428	Manually curated Data.tsv	PAVS1409	UNKNOWN_SEX			HP:0000252|HP:0000618|HP:0000639|HP:0000750|HP:0001252|HP:0001270|HP:0001276|HP:0002019|HP:0002194|HP:0002376|HP:0002415	ISCA2:NM_194279:c.229G>A	GRCh37	not known	Fine motor delay|hypertonia peripheral?|hypotonia central
PAVS_MASTER_2429	Manually curated Data.tsv	PAVS1410	UNKNOWN_SEX			HP:0000750|HP:0001249|HP:0001251|HP:0001270|HP:0001272|HP:0002194	ARMC9:NM_001291656:c.1559C>T	GRCh37	not known	intellectual disability/MR|Fine motor delay
PAVS_MASTER_2430	Manually curated Data.tsv	PAVS1411	UNKNOWN_SEX			HP:0001510|HP:0004322	GALNS:NM_000512:c.245C>T	GRCh37	not known	
PAVS_MASTER_2431	Manually curated Data.tsv	PAVS1412	UNKNOWN_SEX			HP:0001324	TTN:NM_003319:c.58829C>T	GRCh37	not known	
PAVS_MASTER_2432	Manually curated Data.tsv	PAVS1413	UNKNOWN_SEX			HP:0000252|HP:0000648|HP:0000750|HP:0001249|HP:0001250|HP:0001270|HP:0002194|HP:0002376|HP:0002500|HP:0012444	ISCA2:NM_194279:c.229G>A	GRCh37	not known	intellectual disability/ MR|neuroregression|white matter changes|fine motor delay
PAVS_MASTER_2433	Manually curated Data.tsv	PAVS1414	UNKNOWN_SEX			HP:0001250|HP:0001263	DNM1:c.127G>A	GRCh37	not known	mother is pregnant
PAVS_MASTER_2434	Manually curated Data.tsv	PAVS1415	UNKNOWN_SEX			HP:0000826|HP:0001249	not known:NM_004274:c.1874A>T	GRCh37	not known	?precocious puberty
PAVS_MASTER_2435	Manually curated Data.tsv	PAVS1416	UNKNOWN_SEX			HP:0006829	TPM2:NM_001301226:c.121G>A	GRCh37	not known	Severe neonatal hypotonia
PAVS_MASTER_2436	Manually curated Data.tsv	PAVS1417	UNKNOWN_SEX				PSAT1:NM_021154:c.233G>C	GRCh37	not known	Multiple congenital anomalis
PAVS_MASTER_2437	Manually curated Data.tsv	PAVS1418	UNKNOWN_SEX				NEFL:NM_006158:c.293A>G	GRCh37	not known	Charcot-Marie-Tooth
PAVS_MASTER_2438	Manually curated Data.tsv	PAVS1419	UNKNOWN_SEX			HP:0001250|HP:0001508|HP:0002652|HP:0100651	EIF2AK3:NM_001313915:c.956C>G	GRCh37	not known	
PAVS_MASTER_2439	Manually curated Data.tsv	PAVS1420	UNKNOWN_SEX			HP:0000252|HP:0000750|HP:0001249|HP:0001252|HP:0001257|HP:0001270|HP:0001508|HP:0002090|HP:0002194|HP:0032794	AMPD2:NM_203404:c.1664G>A	GRCh37	not known	intellectual disability/MR|seizures - myoclonic|positive F/H of dandy walker malformation|fine motor delay|prematurity
PAVS_MASTER_2440	Manually curated Data.tsv	PAVS1421	UNKNOWN_SEX			HP:0003323	CHMP2B:NM_014043:c.85A>G	GRCh37	not known	Progressive muscle weakness and short stature
PAVS_MASTER_2441	Manually curated Data.tsv	PAVS1422	UNKNOWN_SEX			HP:0001263|HP:0001999	SMARCA4:NM_001128845:c.2681C>T	GRCh37	not known	paternal cousin with DD and hearing loss|siblings healthy|eye glasses and tube insertion?|Dysmorphic features|F/H of neonatal jaundice due to ABO incompatibility
PAVS_MASTER_2442	Variant list.tsv	1	MALE	13.12.2011	GENO:0000136	HP:0000076|HP:0000126|HP:0001263|HP:0040189	SUMF1:c.785A>G	GRCh37	OMIM:272200	
PAVS_MASTER_2443	Variant list.tsv	2	MALE	01.05.2011	GENO:0000135	HP:0000787	UMOD:c.1547C>T	GRCh37	OMIM:162000	
PAVS_MASTER_2444	Variant list.tsv	3	MALE	11.02.2016	GENO:0000136	HP:0000505|HP:0001250|HP:0001257|HP:0001263|HP:0002135|HP:0008936|HP:0010544	RNASEH2B:c.356A>G	GRCh37	OMIM:610181	
PAVS_MASTER_2445	Variant list.tsv	4	FEMALE	05.06.2012	GENO:0000136	HP:0000365	MYO7A:c.1903T>C	GRCh37	OMIM:600060	
PAVS_MASTER_2446	Variant list.tsv	5	FEMALE	26.07.2013	GENO:0000136	HP:0000767|HP:0001252|HP:0001270|HP:0001290|HP:0001385|HP:0001762|HP:0002650	PIEZO2:c.5716C>T	GRCh37	OMIM:617146	
PAVS_MASTER_2447	Variant list.tsv	6	MALE	21.03.2014	GENO:0000136	HP:0000253|HP:0001250|HP:0001272	not known:c.1058G>T	GRCh37	OMIM:615760	
PAVS_MASTER_2448	Variant list.tsv	7	MALE	06.10.2013	GENO:0000606	HP:0000505|HP:0000639|HP:0000646	G6PD:c.233T>C	GRCh37	OMIM:300908	
PAVS_MASTER_2449	Variant list.tsv	8	MALE	20.08.2005	GENO:0000136	HP:0001876|HP:0001973|HP:0002721	DCAF17:c.436del	GRCh37	OMIM:241080	
PAVS_MASTER_2450	Variant list.tsv	9	MALE	24.07.2006	GENO:0000606	HP:0000729|HP:0000750|HP:0001249|HP:0012434|HP:0012713	HUWE1:c.5986C>T	GRCh37	not known	
PAVS_MASTER_2451	Variant list.tsv	10	FEMALE	05.01.2016	GENO:0000136	HP:0000577|HP:0001263|HP:0002061|HP:0008936	SEPSECS:c.1466A>T	GRCh37	OMIM:613811	
PAVS_MASTER_2452	Variant list.tsv	11	FEMALE	28.07.2007	GENO:0000136	HP:0000822|HP:0003131	SLC3A1:c.1400T>A	GRCh37	OMIM:220100	
PAVS_MASTER_2453	Variant list.tsv	12	FEMALE	26.08.2005	GENO:0000136	HP:0000708|HP:0001513|HP:0001943|HP:0002925|HP:0010837|HP:0011788	MECR:c.773G>T	GRCh37	OMIM:617282	
PAVS_MASTER_2454	Variant list.tsv	13	MALE	23.06.2014	GENO:0000136	HP:0001252|HP:0001263|HP:0001290|HP:0005458|HP:0006808	COG6:c.1167-24A>G	GRCh37	OMIM:615328	
PAVS_MASTER_2455	Variant list.tsv	14	FEMALE	04.04.2009	GENO:0000136	HP:0000646|HP:0001263|HP:0001290|HP:0007146	COX15:c.750+85A>G	GRCh37	OMIM:256000	
PAVS_MASTER_2456	Variant list.tsv	15	MALE	23.01.2016	GENO:0000135	HP:0000488|HP:0001263|HP:0001320	TUBA1A:c.5G>A	GRCh37	OMIM:611603	
PAVS_MASTER_2457	Variant list.tsv	16	MALE	25.08.1998	GENO:0000135	HP:0004322|HP:0008807	COL2A1:c.1510G>A	GRCh37	OMIM:271700|OMIM:616583	
PAVS_MASTER_2458	Variant list.tsv	17	MALE	22.11.2017	GENO:0000136	HP:0012165|HP:0100257	WNT10B:c.338-1G>C	GRCh37	OMIM:225300	
PAVS_MASTER_2459	Variant list.tsv	18	FEMALE	26.12.2016	GENO:0000135	HP:0000508|HP:0000568|HP:0045025	FOXL2:c.313_315del	GRCh37	OMIM:110100	
PAVS_MASTER_2460	Variant list.tsv	19	FEMALE	28.07.2014	GENO:0000136	HP:0000294|HP:0000319|HP:0001263|HP:0001627|HP:0001642|HP:0001999|HP:0002500|HP:0002518|HP:0004349|HP:0004523|HP:0010316	XYLT2:c.520del	GRCh37	OMIM:605822	
PAVS_MASTER_2461	Variant list.tsv	20	FEMALE	06.06.2003	GENO:0000135	HP:0000805|HP:0001335	HCN1:c.2555del	GRCh37	OMIM:615871	
PAVS_MASTER_2462	Variant list.tsv	21	MALE	06.01.2007	GENO:0000135	HP:0001250	SCN1A:c.1244T>C	GRCh37	OMIM:604403	
PAVS_MASTER_2463	Variant list.tsv	22	MALE	15-11-2010	GENO:0000135	HP:0001873|HP:0001880|HP:0012583	RUNX1:c.610C>T	GRCh37	OMIM:601399	
PAVS_MASTER_2464	Variant list.tsv	23	FEMALE	03.12.2013	GENO:0000136	HP:0001263|HP:0012444	SEPSECS:c.256C>T	GRCh37	OMIM:613811	
PAVS_MASTER_2465	Variant list.tsv	24	MALE	20.05.2004	GENO:0000136	HP:0000028|HP:0000772|HP:0001249|HP:0001250|HP:0001631|HP:0001999|HP:0002171|HP:0006970|HP:0011344	TTI2:c.1309T>G	GRCh37	OMIM:615541	
PAVS_MASTER_2466	Variant list.tsv	25	MALE	05.01.2016	GENO:0000135	HP:0000588|HP:0001643|HP:0011820	TCOF1:c.2147A>G	GRCh37	OMIM:154500	
PAVS_MASTER_2467	Variant list.tsv	26	FEMALE	08.06.2009	GENO:0000136	HP:0025238|HP:0030838	UFSP2:c.1333G>A	GRCh37	OMIM:142669	
PAVS_MASTER_2468	Variant list.tsv	27	FEMALE	10.01.1959	GENO:0000135	HP:0000819|HP:0000822|HP:0001513|HP:0001677|HP:0001955|HP:0003228|HP:0003419|HP:0009830	SCN5A:c.5215C>T	GRCh37	OMIM:113900|OMIM:601144|OMIM:601154|OMIM:603830|OMIM:614022	
PAVS_MASTER_2469	Variant list.tsv	28	MALE	05.07.2016	GENO:0000136	HP:0000252|HP:0001250|HP:0001263|HP:0002020|HP:0002283	UNC80:c.8770G>A	GRCh37	OMIM:616801	
PAVS_MASTER_2470	Variant list.tsv	29	MALE	04.09.2010	GENO:0000136	HP:0001251|HP:0001258|HP:0001347|HP:0002169|HP:0002191	COQ9:c.73G>A	GRCh37	OMIM:614654	
PAVS_MASTER_2471	Variant list.tsv	30	FEMALE	27.03.2017	GENO:0000136		ITGB3:c.727G>C	GRCh37	OMIM:273800	GLANZMANN THROMBASTHENIA (OMIM:273800).
PAVS_MASTER_2472	Variant list.tsv	31	FEMALE	12.11.2013	GENO:0000136		PRX:c.3085A>T	GRCh37	OMIM:614895	CHARCOT-MARIE-TOOTH DISEASE|TYPE 4F (OMIM: 614895)|DEMYELINATING
PAVS_MASTER_2473	Variant list.tsv	32	FEMALE	28.05.2013	GENO:0000136	HP:0000218|HP:0001257|HP:0001263|HP:0001999|HP:0002079|HP:0002500|HP:0008936|HP:0033725	MCOLN1:c.1336G>A	GRCh37	OMIM:252650	
PAVS_MASTER_2474	Variant list.tsv	33	FEMALE	14.02.2017	GENO:0000135	HP:0000319|HP:0000358|HP:0000369|HP:0000470|HP:0001274|HP:0001276|HP:0001999|HP:0004322|HP:0007109|HP:0008070	IHH:c.53_78delinsGGGCC	GRCh37	OMIM:112500	
PAVS_MASTER_2475	Variant list.tsv	34	FEMALE	06.01.2013	GENO:0000135	HP:0000545|HP:0000851|HP:0000998|HP:0001252|HP:0001263|HP:0001290|HP:0001601|HP:0001629|HP:0002650|HP:0012450	ARID1B:c.4975del	GRCh37	OMIM:135900	
PAVS_MASTER_2476	Variant list.tsv	35	FEMALE	04.04.2003	GENO:0000135	HP:0001250	GABRB2:c.877C>T	GRCh37	OMIM:617829	
PAVS_MASTER_2477	Variant list.tsv	36	FEMALE	05.08.2004	GENO:0000136	HP:0001251|HP:0001284|HP:0006934	MAG:c.795C>A	GRCh37	OMIM:616680	
PAVS_MASTER_2478	Variant list.tsv	37	FEMALE	10.11.2008	GENO:0000136	HP:0002757	TNFSF11:c.561G>C	GRCh37	OMIM:259710	
PAVS_MASTER_2479	Variant list.tsv	38	MALE	06.06.2016	GENO:0000136	HP:0001263|HP:0007687|HP:0010557	ECEL1:c.1210C>T	GRCh37	OMIM:615065	
PAVS_MASTER_2480	Variant list.tsv	39	MALE	27.02.2015	GENO:0000136	HP:0000588	CNGB3:c.2410A>T	GRCh37	OMIM:248200|OMIM:262300	
PAVS_MASTER_2481	Variant list.tsv	40	FEMALE	23.01.2017	GENO:0000136	HP:0001397|HP:0001653|HP:0002240|HP:0005180	AGPAT2:c.335del	GRCh37	OMIM:608594	Congenital genaralized lipodystrophy type 1|(AGPAT2 GEN)|(OMIM: 608594)
PAVS_MASTER_2482	Variant list.tsv	41	FEMALE	05.12.2011	GENO:0000135	HP:0001252|HP:0001263|HP:0001290|HP:0002066	NR2F1:c.1117C>T	GRCh37	OMIM:615722	
PAVS_MASTER_2483	Variant list.tsv	42	FEMALE	26.10.2015	GENO:0000136	HP:0001252|HP:0001290|HP:0001433|HP:0002100	SMPD1:c.1430C>T	GRCh37	OMIM:257200	Niemann-Pick disease type A (257200)
PAVS_MASTER_2484	Variant list.tsv	43	MALE	26.10.2012	GENO:0000136	HP:0001252|HP:0001290|HP:0001350|HP:0002273	FASTKD2:c.1496T>C	GRCh37	OMIM:220110	
PAVS_MASTER_2485	Variant list.tsv	44	FEMALE	17.06.2012	GENO:0000135	HP:0000414|HP:0000750|HP:0001999|HP:0002003|HP:0002020|HP:0004415|HP:0005280|HP:0007018	PTPN11:c.1519G>A	GRCh37	OMIM:163950	Noonana syndrome (Omim:163950)
PAVS_MASTER_2486	Variant list.tsv	45	MALE	01.02.2006	GENO:0000135	HP:0000278|HP:0000465|HP:0000768|HP:0001639|HP:0002046|HP:0003546|HP:0005257	FLNC:c.3557C>T	GRCh37	OMIM:609524|OMIM:614065|OMIM:617047	synopherys
PAVS_MASTER_2487	Variant list.tsv	46	MALE	04.01.2016	GENO:0000136	HP:0000752|HP:0001249|HP:0001252|HP:0002376|HP:0011398	METTL23:c.271C>G	GRCh37	OMIM:615942	
PAVS_MASTER_2488	Variant list.tsv	47	MALE	16.11.2005	GENO:0000136	HP:0003040|HP:0012385	PRG4:c.3139_3140del	GRCh37	OMIM:208250	CAMPTODACTYLY-ARTHROPATHY-COXA VARA-PERICARDITIS SYNDROME (OMIM:208250)
PAVS_MASTER_2489	Variant list.tsv	48	MALE	16.07.2014	GENO:0000135	HP:0000729|HP:0001250|HP:0007018|HP:0030650	GRIN2A:c.890G>T	GRCh37	OMIM:245570	with speech disorder and with or without mental retardation(OMIM:245570)
PAVS_MASTER_2490	Variant list.tsv	49	MALE	21.06.2008	GENO:0000136	HP:0000540|HP:0000639|HP:0000851|HP:0000958|HP:0001558|HP:0006934|HP:0009642	CNGA3:c.830G>A	GRCh37	OMIM:216900	
PAVS_MASTER_2491	Variant list.tsv	50	MALE	18.09.2013	GENO:0000136	HP:0000238|HP:0000286|HP:0000316|HP:0000414|HP:0000582|HP:0000752|HP:0001250|HP:0001288|HP:0002359|HP:0002410|HP:0030051|HP:0040083	MPDZ:c.628C>T	GRCh37	OMIM:615219	
PAVS_MASTER_2492	Variant list.tsv	51	MALE	16.04.2013	GENO:0000136	HP:0000268|HP:0000316|HP:0000322|HP:0000348|HP:0000691|HP:0000750|HP:0000970|HP:0001263|HP:0003196|HP:0008070|HP:0011135	NTRK1:c.526C>T	GRCh37	OMIM:256800	
PAVS_MASTER_2493	Variant list.tsv	52	FEMALE	18.07.2015	GENO:0000136	HP:0000518|HP:0001257|HP:0001263	RAB3GAP1:c.1009C>T	GRCh37	OMIM:600118	
PAVS_MASTER_2494	Variant list.tsv	53	FEMALE	17.04.2005	GENO:0000136	HP:0000010|HP:0000787|HP:0002917|HP:0012408	CLDN16:c.445C>T	GRCh37	OMIM:248250	
PAVS_MASTER_2495	Variant list.tsv	54	FEMALE	16.06.2003	GENO:0000136	HP:0002652|HP:0004322	RAB33B:c.136A>C	GRCh37	OMIM:615222	
PAVS_MASTER_2496	Variant list.tsv	55	MALE	22.01.2004	GENO:0000136	HP:0000256|HP:0000957|HP:0001054|HP:0003391|HP:0007340|HP:0009053	LRSAM1:c.1600-106A>G	GRCh37	OMIM:614436	
PAVS_MASTER_2497	Variant list.tsv	56	MALE	14.12.2008	GENO:0000135	HP:0002652|HP:0004322|HP:0005871	COL10A1:c.1771T>G	GRCh37	OMIM:156500	SCHMID TYPE (omim:156500)
PAVS_MASTER_2498	Variant list.tsv	57	FEMALE	26.03.2004	GENO:0000135	HP:0001513	PHOX2B:c.721_722ins25	GRCh37	OMIM:209880	
PAVS_MASTER_2499	Variant list.tsv	58	MALE	29.03.2008		HP:0000708|HP:0000718|HP:0000729|HP:0001263|HP:0007018	SYP:c.512C>G	GRCh37	OMIM:300802	
PAVS_MASTER_2500	Variant list.tsv	59	FEMALE	02.04.2005	GENO:0000136	HP:0000252|HP:0001396|HP:0001744|HP:0002904	ABCC2:c.2273G>T	GRCh37	OMIM:237500	
PAVS_MASTER_2501	Variant list.tsv	60	MALE	31.05.2015	GENO:0000136	HP:0000252|HP:0001257|HP:0001263	RNASEH2A:c.557G>A	GRCh37	OMIM:610333	
PAVS_MASTER_2502	Variant list.tsv	61	MALE	29.01.2015	GENO:0000136	HP:0000047|HP:0000113|HP:0000126|HP:0001263|HP:0001631|HP:0100259	MKKS:c.116C>T	GRCh37	OMIM:605231	
PAVS_MASTER_2503	Variant list.tsv	62	FEMALE	02.06.2012	GENO:0000135	HP:0000750|HP:0001263|HP:0005484	MECP2:c.916C>T	GRCh37	OMIM:312750	Rett syndrome (OMIM:312750)
PAVS_MASTER_2504	Variant list.tsv	63	FEMALE	07.01.2014	GENO:0000136	HP:0000952|HP:0001873|HP:0001903|HP:0001923	SPTA1:c.5263C>G	GRCh37	OMIM:266140|OMIM:270970	
PAVS_MASTER_2505	Variant list.tsv	64	MALE	10.03.2013	GENO:0000136	HP:0000750|HP:0001263|HP:0001290|HP:0001298|HP:0007359|HP:0011166|HP:0011170|HP:0100702	SLC13A5:c.655G>A	GRCh37	OMIM:615905	
PAVS_MASTER_2506	Variant list.tsv	65	FEMALE	28.04.2015	GENO:0000136	HP:0001250|HP:0001298|HP:0001638|HP:0001657|HP:0001903|HP:0002900|HP:0008677	not known:c.532C>T	GRCh37	OMIM:615573	
PAVS_MASTER_2507	Variant list.tsv	66	FEMALE	11.07.2010	GENO:0000136	HP:0001249|HP:0001288|HP:0007018|HP:0008513	PTRH2:c.257A>C	GRCh37	OMIM:616263	
PAVS_MASTER_2508	Variant list.tsv	67	FEMALE	05.05.2009	GENO:0000136	HP:0000453|HP:0000545|HP:0001263|HP:0001274|HP:0001510|HP:0001629	SMG9:c.701+4A>G	GRCh37	OMIM:616920	
PAVS_MASTER_2509	Variant list.tsv	68	MALE	04.04.2009	GENO:0000135	HP:0001250|HP:0002020|HP:0002650|HP:0006976|HP:0012653	DLL4:c.1392C>A	GRCh37	OMIM:616589	Developmental Dysplasia Of The Hip (OMIM:615612)
PAVS_MASTER_2510	Variant list.tsv	69	FEMALE	10.05.2011	GENO:0000136	HP:0001263	INPP5E:c.1304G>A	GRCh37	OMIM:213300	
PAVS_MASTER_2511	Variant list.tsv	70	FEMALE	04.09.2011	GENO:0000136	HP:0000175|HP:0000750|HP:0001249|HP:0001263|HP:0001336|HP:0008064	PGAP3:c.850C>T	GRCh37	OMIM:615716	
PAVS_MASTER_2512	Variant list.tsv	71	MALE	24.02.2008	GENO:0000136	HP:0000164|HP:0000286|HP:0000494|HP:0001257|HP:0001263|HP:0001347	SNX14:c.2722C>T	GRCh37	OMIM:616354	
PAVS_MASTER_2513	Variant list.tsv	72	FEMALE	29.08.2012	GENO:0000136	HP:0002500|HP:0003429	CYP2U1:c.947	GRCh37	OMIM:615030	
PAVS_MASTER_2514	Variant list.tsv	73	MALE	03.10.2012	GENO:0000136	HP:0001263|HP:0001272	CWF19L1:c.605dup	GRCh37	OMIM:616127	
PAVS_MASTER_2515	Variant list.tsv	74	MALE	08.03.2013	GENO:0000136	HP:0000175|HP:0000388|HP:0002783|HP:0011951	LARP7:c.1045_1051dupAAGGATA	GRCh37	OMIM:615071	Laryngomalacia (OMIM:150280)
PAVS_MASTER_2516	Variant list.tsv	75	MALE	12.05.2012	GENO:0000135	HP:0001263	CTNNB1:c.1981C>T	GRCh37	OMIM:615075	
PAVS_MASTER_2517	Variant list.tsv	76	FEMALE	28.03.2012	GENO:0000136	HP:0000365|HP:0001263|HP:0001298|HP:0001332|HP:0001508|HP:0003535|HP:0031846	SERAC1:c.438del	GRCh37	OMIM:614739	
PAVS_MASTER_2518	Variant list.tsv	77	FEMALE	10.12.2014	GENO:0000136	HP:0000252|HP:0001250|HP:0001263|HP:0002020|HP:0002099	UGDH:c.950G>A	GRCh37	not known	
PAVS_MASTER_2519	Variant list.tsv	78	MALE	14.12.2014	GENO:0000136	HP:0000252|HP:0000322|HP:0001263|HP:0001510|HP:0001999|HP:0002079|HP:0002553	NUDT2:c.34C>T	GRCh37	not known	
PAVS_MASTER_2520	Variant list.tsv	79	FEMALE	31.12.2014	GENO:0000135	HP:0000252|HP:0000470|HP:0001250|HP:0001762|HP:0002015|HP:0002020|HP:0002943|HP:0011344|HP:0100814	TUBB2A:c.1178C>T	GRCh37	OMIM:615763	
PAVS_MASTER_2521	Variant list.tsv	80	FEMALE	26.01.2017	GENO:0000135	HP:0000482|HP:0000567|HP:0000612|HP:0000625|HP:0000647|HP:0004322|HP:0008905	MAB21L2:c.151C>G	GRCh37	OMIM:615877	
PAVS_MASTER_2522	Variant list.tsv	81	FEMALE	04.05.2012	GENO:0000136	HP:0000938|HP:0001263|HP:0001290|HP:0003111|HP:0100021	PCCA:c.425G>A	GRCh37	OMIM:606054	
PAVS_MASTER_2523	Variant list.tsv	82	FEMALE	17.05.2014	GENO:0000136	HP:0001098|HP:0001263|HP:0001290|HP:0002119|HP:0003235	ADK:c.813dup	GRCh37	OMIM:614300	Developmental Dysplasia Of The Hip (OMIM:615612)
PAVS_MASTER_2524	Variant list.tsv	83	MALE	10.05.2008	GENO:0000136	HP:0000729|HP:0000752	not known:c.3995G>A	GRCh37	not known	
PAVS_MASTER_2525	Variant list.tsv	84	FEMALE	05.07.2012	GENO:0000136	HP:0001263|HP:0001290	GLI2:c.1418G>A	GRCh37	OMIM:610829|OMIM:615849	
PAVS_MASTER_2526	Variant list.tsv	85	FEMALE	31.05.2015	GENO:0000136	HP:0000365|HP:0001263|HP:0001631|HP:0001642|HP:0002023|HP:0006695|HP:0010954|HP:0012620	UBR1:c.1440-1G>A	GRCh37	OMIM:243800	
PAVS_MASTER_2527	Variant list.tsv	86	MALE	01.10.2014	GENO:0000136	HP:0001290|HP:0001338|HP:0001388|HP:0007099	CHRND:c.1367A>G	GRCh37	OMIM:616322	
PAVS_MASTER_2528	Variant list.tsv	87	MALE	02.01.2013	GENO:0000136	HP:0001263|HP:0001290|HP:0012469	SLC25A22:c.754C>T	GRCh37	OMIM:609304	
PAVS_MASTER_2529	Variant list.tsv	88	FEMALE	16.12.2008	GENO:0000136		COL6A3:c.9128G>A	GRCh37	OMIM:158810|OMIM:254090|OMIM:616411	Developmental Dysplasia Of The Hip (OMIM:615612)|case of Ullrich Congenital Muscular Dystrophy
PAVS_MASTER_2530	Variant list.tsv	89	FEMALE	18.03.2013	GENO:0000136	HP:0001263|HP:0002099	NDUFS1:c.2163G>A	GRCh37	OMIM:252010	
PAVS_MASTER_2531	Variant list.tsv	90	FEMALE	23.12.2012	GENO:0000135	HP:0001249	POLG:c.576G>T	GRCh37	OMIM:157640	Developmental Dysplasia Of The Hip (OMIM:615612)
PAVS_MASTER_2532	Variant list.tsv	91	FEMALE	16.02.2011	GENO:0000136	HP:0002500	EIF2B2:c.591C>G	GRCh37	OMIM:603896	
PAVS_MASTER_2533	Variant list.tsv	92	MALE	23.12.2008	GENO:0000606	HP:0000750|HP:0001250|HP:0001944|HP:0002134|HP:0031123	KDM5C:c.3072G>T	GRCh37	OMIM:300534	
PAVS_MASTER_2534	Variant list.tsv	93	MALE	24.04.2007	GENO:0000606	HP:0001324	DMD:c.8027+7A>T	GRCh37	OMIM:300376	Becker Muscular Dystrophy  ORPHA:98895
PAVS_MASTER_2535	Variant list.tsv	94	MALE	02.06.2012	GENO:0000136	HP:0001263	ASXL3:c.2471C>T	GRCh37	OMIM:615485	
PAVS_MASTER_2536	Variant list.tsv	95	MALE	22.06.2008	GENO:0000606	HP:0000750|HP:0007018|HP:0010864	not known:c.773G>A	GRCh37	not known	
PAVS_MASTER_2537	Variant list.tsv	96	MALE	03.11.2004	GENO:0000136	HP:0002515|HP:0003701	FKRP:c.1012G>T	GRCh37	OMIM:607155	
PAVS_MASTER_2538	Variant list.tsv	97	MALE	01.12.2012	GENO:0000136	HP:0000518|HP:0001263	RAB3GAP1:c.559C>T	GRCh37	OMIM:600118	
PAVS_MASTER_2539	Variant list.tsv	98	MALE	23.07.2011	GENO:0000136	HP:0001263|HP:0001290|HP:0002123|HP:0032794	GAD1:c.1402T>G	GRCh37	not known	
PAVS_MASTER_2540	Variant list.tsv	99	FEMALE	08.08.2010	GENO:0000136	HP:0001298	CEP152:c.2148-17G>A	GRCh37	OMIM:613823|OMIM:614852	
PAVS_MASTER_2541	Variant list.tsv	100	MALE	16.12.1998	GENO:0000136	HP:0002098|HP:0002317|HP:0003323|HP:0003326	TTN:c.106375-2A>G	GRCh37	OMIM:608807|OMIM:611705	
PAVS_MASTER_2542	Variant list.tsv	101	MALE	31.12.2013	GENO:0000136	HP:0000280|HP:0000774|HP:0001744|HP:0001789|HP:0001873|HP:0002059|HP:0002286|HP:0009826|HP:0012061|HP:0100760	CTSA:c.655-2A>G	GRCh37	OMIM:256540	
PAVS_MASTER_2543	Variant list.tsv	102	FEMALE	26.08.1991	GENO:0000135		COL5A2:c.3260C>G	GRCh37	OMIM:130010	CLASSIC TYPE|EHLERS-DANLOS SYNDROME|2 (OMIM: 130010)
PAVS_MASTER_2544	Variant list.tsv	103	FEMALE	22.10.2013	GENO:0000136	HP:0001250|HP:0001290|HP:0012444	not known:c.353G>T	GRCh37	not known	
PAVS_MASTER_2545	Variant list.tsv	104	FEMALE	08.11.2006	GENO:0000136	HP:0000164|HP:0001250|HP:0001263|HP:0001525|HP:0002020|HP:0002650|HP:0100021	GALT:c.404C>T	GRCh37	OMIM:230400	Galactocemia (OMIM:230400)
PAVS_MASTER_2546	Variant list.tsv	105	MALE	10.11.2009	GENO:0000136	HP:0000252|HP:0000938|HP:0001250|HP:0001263|HP:0001513	ASNS:c.1130A>G	GRCh37	OMIM:615574	
PAVS_MASTER_2547	Variant list.tsv	106	FEMALE	27.03.2014	GENO:0000136	HP:0000180|HP:0000193|HP:0000239|HP:0000252|HP:0000303|HP:0000377|HP:0000470|HP:0001518|HP:0001631|HP:0010442|HP:0011335	DDX59:c.1654_1656del	GRCh37	OMIM:174300	
PAVS_MASTER_2548	Variant list.tsv	107	FEMALE	31.01.2008	GENO:0000136	HP:0000729|HP:0001249|HP:0001250|HP:0001257	C12orf57:c.1A>G	GRCh37	OMIM:218340	
PAVS_MASTER_2549	Variant list.tsv	108	MALE	10.10.2010	GENO:0000136	HP:0000023|HP:0002616	SLC2A10:c.243C>G	GRCh37	OMIM:208050	
PAVS_MASTER_2550	Variant list.tsv	109	MALE	26.10.2017	GENO:0000135	HP:0001252|HP:0001263|HP:0001290|HP:0001627|HP:0002015|HP:0009800|HP:0011398	PUF60:c.931del	GRCh37	OMIM:615583	
PAVS_MASTER_2551	Variant list.tsv	110	MALE	18.10.2017	GENO:0000136	HP:0001942|HP:0001987|HP:0003128	FBXL4:c.1555C>T	GRCh37	OMIM:615471	
PAVS_MASTER_2552	Variant list.tsv	111	FEMALE	04 Apr. 2008	GENO:0000135	HP:0000486|HP:0000752|HP:0000817|HP:0001249|HP:0001250|HP:0001288|HP:0001350|HP:0002342	KCNQ2:c.724T>G	GRCh37	OMIM:613720	
PAVS_MASTER_2553	Variant list.tsv	112	FEMALE	01 Oct. 1997	GENO:0000136	HP:0001392	ABCB4:c.2906G>A	GRCh37	OMIM:602347	
PAVS_MASTER_2554	Variant list.tsv	113	MALE	2009-05-10 00:00:00	GENO:0000136	HP:0000787|HP:0001250|HP:0001263|HP:0002269	COQ2:c.16C>A	GRCh37	OMIM:607426	
PAVS_MASTER_2555	Variant list.tsv	114	FEMALE	11 Jun. 2009	GENO:0000136	HP:0000365	OTOF:c.5375G>A	GRCh37	OMIM:601071	
PAVS_MASTER_2556	Variant list.tsv	115	FEMALE	23.07.2002	GENO:0000136	HP:0007340	PLA2G6:c.958G>A	GRCh37	OMIM:256600	
PAVS_MASTER_2557	Variant list.tsv	116	FEMALE	11.12.2003	GENO:0000135	HP:0010628	HNRNPA1:c.702_722del	GRCh37	OMIM:615424	
PAVS_MASTER_2558	Variant list.tsv	117	FEMALE	12.01.2000	GENO:0000136	HP:0000750|HP:0001249	ALG11:c.1265C>T	GRCh37	OMIM:613661	
PAVS_MASTER_2559	Variant list.tsv	118	MALE	09.06.2011	GENO:0000136	HP:0003128|HP:0012734	DLD:c.685G>T	GRCh37	OMIM:246900	
PAVS_MASTER_2560	Variant list.tsv	119	MALE	28.12.2013	GENO:0000135	HP:0000717|HP:0000750|HP:0001263	KCNB1:c.1160C>A	GRCh37	OMIM:616056	
PAVS_MASTER_2561	Variant list.tsv	120	MALE	11.08.2012	GENO:0000136	HP:0000252|HP:0000664|HP:0001263|HP:0001290|HP:0002307	SLC17A5:c.406A>G	GRCh37	OMIM:604369	
PAVS_MASTER_2562	Variant list.tsv	121	MALE	23.01.2014	GENO:0000136	HP:0000822|HP:0003774|HP:0004322	NPHP3:c.3406C>T	GRCh37	OMIM:604387	
PAVS_MASTER_2563	Variant list.tsv	122	FEMALE	29.12.1998	GENO:0000136	HP:0000819|HP:0000821|HP:0002910	ITPR3:c.2226C>A	GRCh37	OMIM:222100	
PAVS_MASTER_2564	Variant list.tsv	123	FEMALE	06.12.2013	GENO:0000135	HP:0001348|HP:0002317	SPAST:c.1496G>A	GRCh37	OMIM:182601	recurrent fall
PAVS_MASTER_2565	Variant list.tsv	124	FEMALE	24.07.2003	GENO:0000136	HP:0000750|HP:0001249|HP:0001251|HP:0001258|HP:0001263	not known:c.2228A>G	GRCh37	OMIM:220210	
PAVS_MASTER_2566	Variant list.tsv	125	FEMALE	09.02.2013	GENO:0000135	HP:0000023|HP:0000508|HP:0000772|HP:0000925|HP:0001252|HP:0001290|HP:0001488|HP:0002099|HP:0100512	PEX5:c.1822C>T	GRCh37	OMIM:202370|OMIM:214110|OMIM:616716	Chondrodysplasia
PAVS_MASTER_2567	Variant list.tsv	126	MALE	26.11.2013	GENO:0000136	HP:0001250|HP:0001263|HP:0001943|HP:0002014|HP:0002134|HP:0002788|HP:0002910|HP:0003128|HP:0006543|HP:0011398	ELAC2:c.680G>T	GRCh37	OMIM:615440	
PAVS_MASTER_2568	Variant list.tsv	127	FEMALE	19.07.2014	GENO:0000135	HP:0000175|HP:0000750|HP:0001270|HP:0001999	TGFBR1:c.1433A>G	GRCh37	OMIM:609192	
PAVS_MASTER_2569	Variant list.tsv	128	MALE	02.02.2014	GENO:0000136	HP:0000252|HP:0000568|HP:0001252|HP:0001263|HP:0001290	LARP7:c.1146_1163del	GRCh37	OMIM:615071	
PAVS_MASTER_2570	Variant list.tsv	129	FEMALE	10.01.2011	GENO:0000135	HP:0001250|HP:0001263|HP:0001298	GRIN2B:c.2429G>A	GRCh37	OMIM:616139	
PAVS_MASTER_2571	Variant list.tsv	130	FEMALE	06.04.1994	GENO:0000136	HP:0005268	RIT1:c.260A>G	GRCh37	OMIM:615355	
PAVS_MASTER_2572	Variant list.tsv	131	FEMALE	10.07.2014	GENO:0000136	HP:0000252|HP:0001250|HP:0002020|HP:0002510|HP:0011344	SUOX:c.520del	GRCh37	OMIM:272300	
PAVS_MASTER_2573	Variant list.tsv	132	MALE	26.02.2015	GENO:0000136	HP:0000028|HP:0001290|HP:0001999	LAMA2:c.1893_1897del	GRCh37	OMIM:607855	
PAVS_MASTER_2574	Variant list.tsv	133	FEMALE	29.10.2012	GENO:0000135	HP:0001250|HP:0004554	ARID1B:c.3077del	GRCh37	OMIM:135900	
PAVS_MASTER_2575	Variant list.tsv	134	MALE	23.05.2014	GENO:0000136	HP:0000505|HP:0001999	RPGRIP1:c.1107del	GRCh37	OMIM:613826	
PAVS_MASTER_2576	Variant list.tsv	135	FEMALE	01.12.2015	GENO:0000136	HP:0000343|HP:0000369|HP:0000592|HP:0000776|HP:0000902|HP:0001643|HP:0002757|HP:0003468|HP:0011220	ZNF469:c.5248C>A	GRCh37	OMIM:229200	
PAVS_MASTER_2577	Variant list.tsv	136	FEMALE	05.05.2012	GENO:0000135	HP:0000248|HP:0000322|HP:0000325|HP:0000750|HP:0001034|HP:0001252|HP:0001263|HP:0001290|HP:0001508|HP:0001999|HP:0004209	HDAC8:c.859T>C	GRCh37	OMIM:300882	
PAVS_MASTER_2578	Variant list.tsv	137	FEMALE	12.04.2016	GENO:0000136	HP:0001999|HP:0004322	NPR2:c.1032T>G	GRCh37	OMIM:602875	
PAVS_MASTER_2579	Variant list.tsv	138	FEMALE	22.12.2015	GENO:0000136	HP:0000122|HP:0002025|HP:0005815|HP:0410030	MASP1:c.1507C>T	GRCh37	OMIM:257920	
PAVS_MASTER_2580	Variant list.tsv	139	MALE	01.07.2013	GENO:0000135	HP:0000126|HP:0000750|HP:0001252|HP:0001263|HP:0001290|HP:0001321|HP:0001629|HP:0001631|HP:0001680|HP:0002020|HP:0002564	NOTCH2:c.1619C>T	GRCh37	OMIM:610205	
PAVS_MASTER_2581	Variant list.tsv	140	FEMALE	16.04.2015	GENO:0000136	HP:0000252|HP:0001250|HP:0001252|HP:0001263|HP:0001290|HP:0005484	WDR62:c.2972A>T	GRCh37	OMIM:604317	
PAVS_MASTER_2582	Variant list.tsv	141	MALE	27.07.2011	GENO:0000136	HP:0001250|HP:0001252|HP:0001263|HP:0001290|HP:0001382|HP:0001388	BRIP1:c.653G>A	GRCh37	OMIM:609054	
PAVS_MASTER_2583	Variant list.tsv	142	FEMALE	25.12.2011	GENO:0000135	HP:0000639|HP:0001249|HP:0001263|HP:0002066	CACNA1A:c.154A>G	GRCh37	OMIM:108500|OMIM:141500|OMIM:183086|OMIM:617106	
PAVS_MASTER_2584	Variant list.tsv	143	MALE	14.07.2009	GENO:0000606	HP:0001252|HP:0001263|HP:0001290	USP9X:c.90G>C	GRCh37	OMIM:300919	
PAVS_MASTER_2585	Variant list.tsv	144	FEMALE	01.08.2015	GENO:0000136	HP:0001508|HP:0002240|HP:0002910	ABCB4:c.1378A>T	GRCh37	OMIM:602347	
PAVS_MASTER_2586	Variant list.tsv	145	MALE	21.09.2010	GENO:0000136	HP:0001251|HP:0001263|HP:0002308	MLYCD:c.901G>C	GRCh37	OMIM:248360	
PAVS_MASTER_2587	Variant list.tsv	146	FEMALE	09.01.2009	GENO:0000136	HP:0001249|HP:0006889|HP:0007018|HP:0012827	CC2D1A:c.748+1G>T	GRCh37	OMIM:608443	
PAVS_MASTER_2588	Variant list.tsv	147	FEMALE	11.09.2015	GENO:0000136	HP:0005528	ERCC6L2:c.412C>G	GRCh37	OMIM:615715	
PAVS_MASTER_2589	Variant list.tsv	148	MALE	12.03.2001	GENO:0000136	HP:0001258	SPG11:c.3425C>G	GRCh37	OMIM:604360	
PAVS_MASTER_2590	Variant list.tsv	149	MALE	31.10.2011	GENO:0000136	HP:0001006|HP:0001596	KRT74:c.1403G>A	GRCh37	OMIM:614929	
PAVS_MASTER_2591	Variant list.tsv	150	MALE	30.01.2010	GENO:0000136	HP:0000256|HP:0001251|HP:0001263|HP:0002313	PSAP:c.722G>C	GRCh37	OMIM:249900	
PAVS_MASTER_2592	Variant list.tsv	151	FEMALE	24.10.2012	GENO:0000135	HP:0001263|HP:0001290	ADNP:c.2157de	GRCh37	OMIM:615873	
PAVS_MASTER_2593	Variant list.tsv	152	MALE	30.10.2013	GENO:0000136	HP:0000252|HP:0000980|HP:0001263|HP:0001290|HP:0001347|HP:0001508|HP:0002169|HP:0012444|HP:0025429	ETHE1:c.592dupC	GRCh37	OMIM:602473	
PAVS_MASTER_2594	Variant list.tsv	153	MALE	19.11.2011	GENO:0000606	HP:0000729|HP:0000750|HP:0002149	ZNF711:c.1744G>A	GRCh37	OMIM:300803	
PAVS_MASTER_2595	Variant list.tsv	154	MALE	17.10.2011	GENO:0000135	HP:0000505|HP:0000639|HP:0000750|HP:0002194	ATF6:c.511del	GRCh37	OMIM:616517	
PAVS_MASTER_2596	Variant list.tsv	155	FEMALE	06.12.2013	GENO:0000136	HP:0000293|HP:0000294|HP:0000340|HP:0000347|HP:0000350|HP:0000463|HP:0000470|HP:0000822|HP:0001182|HP:0001263|HP:0001284|HP:0001290|HP:0001371|HP:0001508|HP:0001643|HP:0002415|HP:0003128|HP:0003348|HP:0005280|HP:0005989|HP:0007305|HP:0012444|HP:0100814	TTN:c.28174+1G>T	GRCh37	OMIM:608807|OMIM:611705	
PAVS_MASTER_2597	Variant list.tsv	156	MALE	28.11.2009	GENO:0000136	HP:0000256|HP:0001249|HP:0007018	SOX5:c.1075G>A	GRCh37	OMIM:616803	
PAVS_MASTER_2598	Variant list.tsv	157	FEMALE	07.09.1993	GENO:0000135	HP:0002721	MALT1:c.1240G>A	GRCh37	OMIM:615468	
PAVS_MASTER_2599	Variant list.tsv	158	MALE	28.09.2013	GENO:0000135	HP:0001252|HP:0001257|HP:0001263|HP:0001290|HP:0002079|HP:0003202|HP:0030890	not known:c.630G>C	GRCh37	OMIM:604391	
PAVS_MASTER_2600	Variant list.tsv	159	FEMALE	24.08.2004	GENO:0000135	HP:0000486|HP:0000750|HP:0001250|HP:0001263|HP:0001328	ERCC6L2:c.452	GRCh37	OMIM:615715	
PAVS_MASTER_2601	Variant list.tsv	160	FEMALE	13.06.2016	GENO:0000135	HP:0001508|HP:0001629|HP:0001651|HP:0001901|HP:0002089	IFT172:c.4130C>T	GRCh37	OMIM:615630	
PAVS_MASTER_2602	Variant list.tsv	161	MALE	11.04.2005	GENO:0000135	HP:0001511|HP:0002376	ANK3:c.1069A>T	GRCh37	OMIM:615493	
PAVS_MASTER_2603	Variant list.tsv	162	MALE	09.02.2007	GENO:0000135	HP:0001251|HP:0100561|HP:0100653|HP:0500011	PHYH:c.173G>T	GRCh37	OMIM:266500	
PAVS_MASTER_2604	Variant list.tsv	163	MALE	30.10.2015	GENO:0000136	HP:0000023|HP:0000175|HP:0000343|HP:0000369|HP:0000586|HP:0001537|HP:0001999|HP:0008070	SGSH:c.344G>C	GRCh37	OMIM:252900	
PAVS_MASTER_2605	Variant list.tsv	164	MALE	03.07.2007	GENO:0000135	HP:0000268|HP:0000278|HP:0000369|HP:0001263|HP:0001382|HP:0001388|HP:0001999|HP:0002136	ALG13:c.2159G>T	GRCh37	OMIM:300884	
PAVS_MASTER_2606	Variant list.tsv	165	MALE	26.12.2015	GENO:0000135	HP:0001257|HP:0001263|HP:0001511	MYO18B:c.6908C>A	GRCh37	OMIM:616549	
PAVS_MASTER_2607	Variant list.tsv	166	MALE	04.06.2007	GENO:0000135	HP:0001250|HP:0001263|HP:0002020|HP:0002079|HP:0002119|HP:0002510|HP:0033725	TUBA1A:c.74G>A	GRCh37	OMIM:611603	
PAVS_MASTER_2608	Variant list.tsv	167	FEMALE		GENO:0000136	HP:0000252|HP:0001263|HP:0001290	MAN1B1:c.403G>A	GRCh37	OMIM:614202	
PAVS_MASTER_2609	Variant list.tsv	168	MALE	29.04.2014	GENO:0000136	HP:0002014|HP:0008258	CYP21A2:c.850A>G	GRCh37	OMIM:201910	
PAVS_MASTER_2610	Variant list.tsv	169	FEMALE	15.05.2004	GENO:0000135	HP:0004322	GALNS:c.1492G>A	GRCh37	OMIM:253000	
PAVS_MASTER_2611	Variant list.tsv	170	FEMALE	31.03.2012	GENO:0000136	HP:0001433|HP:0001876|HP:0002716	not known:c.882-2A>G	GRCh37	OMIM:615688	
PAVS_MASTER_2612	Variant list.tsv	171	FEMALE	27.05.1979	GENO:0000136	HP:0001324|HP:0003236|HP:0003701	not known:c.1978A>T	GRCh37	not known	
PAVS_MASTER_2613	Variant list.tsv	172	FEMALE	21.01.2012	GENO:0000136	HP:0000090|HP:0000821|HP:0000822|HP:0001395|HP:0003774	WDR35:c.206G>A	GRCh37	OMIM:613610|OMIM:614091	
PAVS_MASTER_2614	Variant list.tsv	173	FEMALE	15.01.2004	GENO:0000136	HP:0001263|HP:0008064	SUMF1:c.785A>G	GRCh37	OMIM:272200	
PAVS_MASTER_2615	Variant list.tsv	174	MALE	11.01.2012	GENO:0000135	HP:0000175|HP:0000268|HP:0000369|HP:0000508|HP:0001780|HP:0002980|HP:0004322|HP:0008070|HP:0009890|HP:0010781	XYLT1:c.1129C>G	GRCh37	OMIM:615777	
PAVS_MASTER_2616	Variant list.tsv	175	FEMALE	23.11.2001	GENO:0000135	HP:0000961|HP:0001249|HP:0001263|HP:0001433|HP:0001878|HP:0004401	DHTKD1:c.2402+3A>G	GRCh37	OMIM:204750	
PAVS_MASTER_2617	Variant list.tsv	176	FEMALE	25.07.2005	GENO:0000136	HP:0001263|HP:0001290|HP:0002650	ATP8A2:c.2749A>G	GRCh37	OMIM:615268	
PAVS_MASTER_2618	Variant list.tsv	177	MALE	07.01.2000	GENO:0000135	HP:0002608	RFXANK:c.362A>T	GRCh37	OMIM:209920	
PAVS_MASTER_2619	Variant list.tsv	178	MALE	24.01.2014	GENO:0000135	HP:0001639	not known:c.391G>A	GRCh37	OMIM:608840	
PAVS_MASTER_2620	Variant list.tsv	179	FEMALE	02 Oct. 2016	GENO:0000136	HP:0000160|HP:0000248|HP:0000286|HP:0000369|HP:0000463|HP:0000486|HP:0001252|HP:0001263|HP:0001290|HP:0001537|HP:0001582|HP:0001838|HP:0006610|HP:0007522|HP:0011220	ADAT3:c.430G>A	GRCh37	OMIM:615286	
PAVS_MASTER_2621	Variant list.tsv	180	MALE	14.09.2017	GENO:0000136	HP:0000365|HP:0001252|HP:0001508|HP:0011344|HP:0011398	GTPBP2:c.1236+1G>A	GRCh37	OMIM:617988	
PAVS_MASTER_2622	Variant list.tsv	181	FEMALE	30.04.2013	GENO:0000136	HP:0001263|HP:0001290	GRM1:c.1073G>A	GRCh37	OMIM:614831	
PAVS_MASTER_2623	Variant list.tsv	182	MALE	11.09.2002	GENO:0000606	HP:0001249	CUL4B:c.497C>T	GRCh37	OMIM:300354	
PAVS_MASTER_2624	Variant list.tsv	183	FEMALE	28.04.2012	GENO:0000135	HP:0000252|HP:0001263|HP:0001264|HP:0001274	ITPR1:c.3161C>T	GRCh37	OMIM:117360|OMIM:206700|OMIM:606658	
PAVS_MASTER_2625	Variant list.tsv	184	FEMALE	25.11.2013	GENO:0000136	HP:0001251|HP:0001263|HP:0002500	LAMA2:c.2755C>T	GRCh37	OMIM:607855	
PAVS_MASTER_2626	Variant list.tsv	185	FEMALE	06.02.2012	GENO:0000135		PCCA:c.425G>A	GRCh37	OMIM:606054	coagulopath and Pancytopenia|Shaheen syndrome) caused by  homozygous COG6 gene pathogenic variant (c.1167-24A>G with Improving EBV  infection|4 years old girl known case of Congenital disorder of Glycosylation type 2L ( CDG2L
PAVS_MASTER_2627	Variant list.tsv	186	FEMALE	06.02.2012	GENO:0000135	HP:0001250|HP:0001252|HP:0001263|HP:0001290	KCNB1:c.1222C>T	GRCh37	OMIM:616056	
PAVS_MASTER_2628	Variant list.tsv	187	MALE	10 Oct. 2013	GENO:0000136	HP:0001263|HP:0001276|HP:0001347|HP:0001642|HP:0007957|HP:0100814	MCOLN1:c.1336G>A	GRCh37	OMIM:252650	
PAVS_MASTER_2629	Variant list.tsv	189	MALE	04.05.2016	GENO:0000136	HP:0001942|HP:0002033|HP:0002092|HP:0002789|HP:0003128	ECHS1:c.88+5G>A	GRCh37	OMIM:616277	
PAVS_MASTER_2630	Variant list.tsv	190	MALE	04 Sept. 2016	GENO:0000135	HP:0000218|HP:0000316|HP:0001338|HP:0002007|HP:0002126|HP:0005280	DACT1:c.979_980del	GRCh37	OMIM:617466	chiari II Malformation(OMIM207950)
PAVS_MASTER_2631	Variant list.tsv	191	MALE	18 Sept. 2015	GENO:0000136	HP:0001263|HP:0001999	SMG9:c.701+4A>G	GRCh37	OMIM:616920	
PAVS_MASTER_2632	Variant list.tsv	192	MALE	27 Mar. 2011	GENO:0000136	HP:0001508|HP:0002013|HP:0002591	MYO5A:c.3098T>G	GRCh37	OMIM:214450	
PAVS_MASTER_2633	Variant list.tsv	193	MALE	12 Nov. 2002	GENO:0000135	HP:0007565	MSH2:c.619G>T	GRCh37	OMIM:120435	
PAVS_MASTER_2634	Variant list.tsv	194	MALE	26 Jul. 2012	GENO:0000136	HP:0008258	CYP21A2:c.955C>T	GRCh37	OMIM:201910	
PAVS_MASTER_2635	Variant list.tsv	195	MALE	29.08.2013	GENO:0000136	HP:0000028|HP:0000337|HP:0000369|HP:0000527|HP:0001252|HP:0001263|HP:0001290|HP:0001999	UGDH:c.950G>A	GRCh37	not known	
PAVS_MASTER_2636	Variant list.tsv	196	FEMALE	2008-05-26 00:00:00	GENO:0000135	HP:0001263|HP:0007018	MYT1L:c.1585G>A	GRCh37	OMIM:616521	
PAVS_MASTER_2637	Variant list.tsv	197	FEMALE	27 Jun. 2007	GENO:0000136	HP:0001263|HP:0001264|HP:0001999	not known:c.7778G>A	GRCh37	OMIM:614615	
PAVS_MASTER_2638	Variant list.tsv	198	MALE	2017-05-16 00:00:00	GENO:0000135	HP:0001387|HP:0001508|HP:0001999|HP:0005684|HP:0200136	LEMD3:c.2094T>G	GRCh37	OMIM:166700	
PAVS_MASTER_2639	Variant list.tsv	199	FEMALE	16 Nov. 1986	GENO:0000136	HP:0002904|HP:0006349	ABCC2:c.2273G>T	GRCh37	OMIM:237500	
PAVS_MASTER_2640	Variant list.tsv	200	MALE	12 Aug. 2014	GENO:0000136	HP:0001263|HP:0001999|HP:0025300	VPS13B:c.1219C>T	GRCh37	OMIM:216550	
PAVS_MASTER_2641	Variant list.tsv	201	FEMALE	09 Aug. 2011	GENO:0000136	HP:0000252|HP:0000750|HP:0001263	PARS2:c.283G>A	GRCh37	OMIM:203700|OMIM:616239	
PAVS_MASTER_2642	Variant list.tsv	202	FEMALE	26 Nov. 2017	GENO:0000136	HP:0001508|HP:0001942|HP:0001943	EPCAM:c.499dup	GRCh37	OMIM:613217	
PAVS_MASTER_2643	Variant list.tsv	203	FEMALE	02 Aug. 2014	GENO:0000135	HP:0000202|HP:0001252|HP:0001263|HP:0001290|HP:0001508|HP:0002780|HP:0002786|HP:0030680	CHD7:c.6734del	GRCh37	OMIM:214800	
PAVS_MASTER_2644	Variant list.tsv	204	MALE	2017-05-09 00:00:00	GENO:0000135	HP:0000126|HP:0001250|HP:0001508|HP:0002020	CREBBP:c.7311G>T	GRCh37	OMIM:180849	
PAVS_MASTER_2645	Variant list.tsv	205	MALE	02 Sept. 2011		HP:0000750	THOC2:c.133T>A	GRCh37	OMIM:300957	
PAVS_MASTER_2646	Variant list.tsv	206	FEMALE	12 Aug. 2009	GENO:0000136	HP:0001263|HP:0012444	LPAR6:c.373_374del	GRCh37	OMIM:278150	
PAVS_MASTER_2647	Variant list.tsv	207	FEMALE	31 Oct. 2012	GENO:0000135	HP:0000819	ABCC8:c.1882G>A	GRCh37	OMIM:240800	
PAVS_MASTER_2648	Variant list.tsv	208	MALE	28 Sept. 2015	GENO:0000136	HP:0001250|HP:0001263|HP:0001274|HP:0001508|HP:0001639|HP:0004442	LHX3:c.127A>G	GRCh37	OMIM:221750	
PAVS_MASTER_2649	Variant list.tsv	209	MALE	01 Jan. 1996	GENO:0000135	HP:0000518|HP:0001250|HP:0002518|HP:0012433|HP:0200134	WFS1:c.2494C>T	GRCh37	OMIM:116400|OMIM:125853|OMIM:600965|OMIM:614296	
PAVS_MASTER_2650	Variant list.tsv	210	FEMALE	03 Dec. 2014	GENO:0000135	HP:0000218|HP:0000252|HP:0000278|HP:0000325|HP:0000347|HP:0000358|HP:0000851|HP:0001508	CIT:c.3350+5G>A|SELENON:c.455G>T	GRCh37	OMIM:617090	
PAVS_MASTER_2651	Variant list.tsv	211	MALE	04 Nov. 2009	GENO:0000135	HP:0004322	PTPN11:c.794G>A	GRCh37	OMIM:163950	
PAVS_MASTER_2652	Variant list.tsv	212	FEMALE	07 Nov. 2009	GENO:0000136	HP:0001973	SLITRK6:c.1904G>A	GRCh37	OMIM:221200	
PAVS_MASTER_2653	Variant list.tsv	213	MALE	03 Jan. 2002	GENO:0000135	HP:0001025|HP:0001369|HP:0001954	KIT:c.2872A>G	GRCh37	OMIM:154800|OMIM:172800|OMIM:606764	
PAVS_MASTER_2654	Variant list.tsv	214	FEMALE	01 Feb. 2016	GENO:0000136	HP:0000421|HP:0001433|HP:0001873|HP:0001903|HP:0003256	GBE1:c.998A>T	GRCh37	OMIM:232500	
PAVS_MASTER_2655	Variant list.tsv	215	FEMALE	08 Apr. 2014	GENO:0000135	HP:0000324|HP:0000347|HP:0000377|HP:0001999|HP:0010668	EDN1:c.184G>C	GRCh37	OMIM:612798	
PAVS_MASTER_2656	Variant list.tsv	216	MALE	23 Mar. 2018	GENO:0000136	HP:0001643|HP:0002092	LARS2:c.457A>C	GRCh37	OMIM:617021	
PAVS_MASTER_2657	Variant list.tsv	217	MALE	17 Feb. 2016	GENO:0000136	HP:0001737|HP:0002020|HP:0002023	LTBP2:c.1934T>C	GRCh37	OMIM:251750|OMIM:614819	
PAVS_MASTER_2658	Variant list.tsv	218	MALE	16 Jul. 2005	GENO:0000135	HP:0000252|HP:0001250|HP:0001263	POLR1A:c.253C>T	GRCh37	OMIM:616462	
PAVS_MASTER_2659	Variant list.tsv	219	FEMALE	03 Jun. 1985	GENO:0000136	HP:0005268	TMEM231:c.685C>G	GRCh37	OMIM:614970|OMIM:615397	
PAVS_MASTER_2660	Variant list.tsv	220	FEMALE	08 Nov. 2017	GENO:0000136	HP:0002014	SLC9A3:c.932+1G>A	GRCh37	OMIM:616868	
PAVS_MASTER_2661	Variant list.tsv	221	FEMALE	27 Jul. 2017	GENO:0000136	HP:0000486|HP:0000639|HP:0001263|HP:0001290|HP:0001508|HP:0001631|HP:0002020	ALMS1:c.2731_2734del	GRCh37	OMIM:203800	
PAVS_MASTER_2662	Variant list.tsv	222	MALE	04 Aug. 2015	GENO:0000136	HP:0001684|HP:0002092	KCNK3:c.250_267dup	GRCh37	OMIM:615344	
PAVS_MASTER_2663	Variant list.tsv	223	MALE	25 Aug. 2011		HP:0000750|HP:0007018	SRPX2:c.560C>T	GRCh37	OMIM:300643	
PAVS_MASTER_2664	Variant list.tsv	224	MALE	11 Nov. 2016		HP:0001999|HP:0002092	ATRX:c.3535G>A	GRCh37	OMIM:300448|OMIM:301040|OMIM:309580	
PAVS_MASTER_2665	Variant list.tsv	225	MALE	04 Jan. 2007	GENO:0000136	HP:0001324|HP:0002099|HP:0002650	KANK1:c.130G>T	GRCh37	OMIM:612900	
PAVS_MASTER_2666	Variant list.tsv	226	MALE	30 Nov. 2013	GENO:0000135	HP:0000787	SLC36A2:c.448G>A	GRCh37	OMIM:138500	
PAVS_MASTER_2667	Variant list.tsv	227	MALE	29 Oct. 2013	GENO:0000136	HP:0000028|HP:0000964|HP:0002748|HP:0002925|HP:0003307|HP:0004322	not known:c.300del	GRCh37	OMIM:208230	
PAVS_MASTER_2668	Variant list.tsv	228	FEMALE	09 Jun. 2008	GENO:0000135	HP:0000365|HP:0001250|HP:0001263|HP:0002414	CASK:c.2327_2328del	GRCh37	OMIM:300749	
PAVS_MASTER_2669	Variant list.tsv	229	MALE	19 Aug. 2004	GENO:0000136	HP:0001251|HP:0001272	COQ8A:c.1867_1869dup	GRCh37	OMIM:612016	
PAVS_MASTER_2670	Variant list.tsv	230	FEMALE	5 JUL. 2004	GENO:0000135	HP:0000252|HP:0000750|HP:0001249|HP:0001256|HP:0001999|HP:0007018|HP:0012825	DEAF1:c.776C>T	GRCh37	OMIM:615828	
PAVS_MASTER_2671	Variant list.tsv	231	FEMALE	09 Aug. 1998	GENO:0000136	HP:0006481	PTH1R:c.611T>A	GRCh37	OMIM:215045	
PAVS_MASTER_2672	Variant list.tsv	232	FEMALE	25 Jun. 2000	GENO:0000136	HP:0002572|HP:0006554	DLD:c.685G>T	GRCh37	OMIM:246900	
PAVS_MASTER_2673	Variant list.tsv	233	FEMALE	2010-05-07 00:00:00	GENO:0000136	HP:0000365|HP:0001252|HP:0001263|HP:0001290|HP:0001999	CYP27B1:c.305G>A	GRCh37	OMIM:264700	
PAVS_MASTER_2674	Variant list.tsv	234	MALE	2009-05-31 00:00:00	GENO:0000135	HP:0000202|HP:0000268|HP:0000527|HP:0000957|HP:0007441	SOS1:c.2316G>C	GRCh37	OMIM:610733	
PAVS_MASTER_2675	Variant list.tsv	235	FEMALE	01 Jun. 2006	GENO:0000135	HP:0001943	ELN:c.1357G>A	GRCh37	OMIM:123700	
PAVS_MASTER_2676	Variant list.tsv	236	MALE	04 Jul. 2017	GENO:0000136	HP:0001249|HP:0001263|HP:0002080	PRUNE1:c.901A>G	GRCh37	OMIM:617481	
PAVS_MASTER_2677	Variant list.tsv	237	FEMALE	15 Jul. 2007	GENO:0000136	HP:0001252|HP:0001522|HP:0001627|HP:0002098|HP:0011968	PEX5:c.1641T>G	GRCh37	OMIM:202370|OMIM:214110|OMIM:616716	
PAVS_MASTER_2678	Variant list.tsv	238	FEMALE	09 Jun. 1997	GENO:0000135	HP:0000303|HP:0000689|HP:0000708|HP:0001249|HP:0001250	KCNA2:c.1195G>A	GRCh37	OMIM:616366	
PAVS_MASTER_2679	Variant list.tsv	239	MALE	06 Feb. 2015	GENO:0000135	HP:0001513|HP:0002870	POMC:c.297_298ins90	GRCh37	OMIM:601665	
PAVS_MASTER_2680	Variant list.tsv	240	MALE	04 Apr. 2016	GENO:0000136	HP:0001250|HP:0001873	CEP164:c.76G>A	GRCh37	OMIM:614845	
PAVS_MASTER_2681	Variant list.tsv	241	MALE	29 Nov. 2016	GENO:0000135	HP:0000892|HP:0001252|HP:0001263|HP:0001290|HP:0001999|HP:0007565|HP:0007832	PTPN11:c.1415C>T	GRCh37	OMIM:151100	
PAVS_MASTER_2682	Variant list.tsv	242	MALE	27 Nov. 2014	GENO:0000136	HP:0000252|HP:0001250|HP:0001263	TRMT10A:c.697_698delinsTA	GRCh37	OMIM:616033	
PAVS_MASTER_2683	Variant list.tsv	243	MALE	16 Sept. 1994		HP:0001249|HP:0001250	ARHGEF9:c.311G>A	GRCh37	OMIM:300607	
PAVS_MASTER_2684	Variant list.tsv	244	MALE	02 Mar. 2011	GENO:0000135	HP:0001250|HP:0001263|HP:0007018	ARID1B:c.5602G>T	GRCh37	OMIM:135900	
PAVS_MASTER_2685	Variant list.tsv	245	MALE	13 Jan. 2014	GENO:0000136	HP:0000752|HP:0001252|HP:0001263|HP:0001290	WNT1:c.1090C>G	GRCh37	OMIM:615220	
PAVS_MASTER_2686	Variant list.tsv	246	MALE	29 Feb. 2012	GENO:0000136	HP:0000729|HP:0000750|HP:0001250|HP:0007018	TBCD:c.1661C>T	GRCh37	OMIM:617193	
PAVS_MASTER_2687	Variant list.tsv	247	FEMALE	07 Jul. 2013	GENO:0000136	HP:0012221	FLG2:c.632C>G	GRCh37	OMIM:618084	
PAVS_MASTER_2688	Variant list.tsv	248	FEMALE	30 Jul. 2015	GENO:0000135	HP:0001305|HP:0002085	KIF11:c.980G>A	GRCh37	OMIM:152950	G6PD (OMIM:300908)
PAVS_MASTER_2689	Variant list.tsv	249	FEMALE	09 Oct. 2017	GENO:0000136	HP:0001155|HP:0001508|HP:0001760|HP:0001999	DSE:c.1625G>A	GRCh37	OMIM:615539	
PAVS_MASTER_2690	Variant list.tsv	250	FEMALE	07 Mar. 2012	GENO:0000135	HP:0000750|HP:0001250|HP:0410030	not known:c.1719del	GRCh37	OMIM:616351	
PAVS_MASTER_2691	Variant list.tsv	251	MALE	30 Sept. 2017	GENO:0000136	HP:0001257|HP:0001347|HP:0001363|HP:0001999|HP:0009920|HP:0100814	SAMHD1:c.571A>G	GRCh37	OMIM:612952	
PAVS_MASTER_2692	Variant list.tsv	252	FEMALE	2017-05-22 00:00:00	GENO:0000136	HP:0001642|HP:0001644|HP:0001999	AGL:c.113C>G	GRCh37	OMIM:232400	
