ID	LABEL	Related Synonym
ID	LABEL	A oboInOwl:hasRelatedSynonym
HP:0008775	Abnormal prostate morphology	تشوه البروستاتا
HP:0008776	Abnormal renal artery morphology	تشوه شريان الكلى
HP:0008777	Abnormal vocal cord morphology	تشوه الحبال الصوتية
HP:0008780	Congenital bilateral hip dislocation	خلع خلقي مزدوج للورك
HP:0008783	Wide proximal femoral metaphysis	اتساع الجزء العلوي من عظم الفخذ
HP:0008784	Wide capital femoral epiphyses	اتساع نهاية عظم الفخذ العلوية
HP:0008785	Delayed ossification of pubic rami	تأخر تصلب عظم العانة
HP:0008786	Iliac crest serration	مظهر متعرج لقمة الحرقفة
HP:0008788	Delayed pubic bone ossification	تأخر تكلس عظم العانة
HP:0008789	Cone-shaped capital femoral epiphysis	نهاية الفخذ بشكل مخروطي
HP:0008762	Repetitive compulsive behavior	سلوك قهري متكرر
HP:0008763	No social interaction	عدم التفاعل الاجتماعي
HP:0008765	Auditory hallucination	سماع أصوات غير موجودة
HP:0008767	Self-mutilation of tongue and lips due to involuntary movements	إصابة اللسان والشفاه بسبب حركات غير إرادية
HP:0008768	Abnormal sexual behavior	سلوك جنسي غير لائق
HP:0008770	Obsessive-compulsive trait	صفات الوسواس القهري
HP:0008771	Aplasia/Hypoplasia of the ear	أذن غائبة أو صغيرة
HP:0008772	Aplasia/Hypoplasia of the external ear	أذن خارجية غائبة أو غير مكتملة التطور
HP:0008773	Aplasia/Hypoplasia of the middle ear	أذن وسطى غائبة أو صغيرة
HP:0008774	Aplasia/Hypoplasia of the inner ear	أذن داخلية غائبة أو صغيرة
HP:0008749	Laryngeal hypoplasia	عدم اكتمال نمو الحنجرة
HP:0008750	Laryngeal atresia	عدم وجود فتحة في الحنجرة عند الولادة
HP:0008751	Laryngeal cleft	وجود فجوة في الحنجرة
HP:0008752	Laryngeal cartilage malformation	خلل في تشكيل غضاريف الحنجرة
HP:0008753	Aplasia of the epiglottis	عدم وجود لسان المزمار
HP:0008754	Laryngeal calcification	ترسبات كلسية في الحنجرة
HP:0008755	Laryngotracheomalacia	ارتخاء في الحنجرة والقصبة
HP:0008756	Bowing of the vocal cords	انحناء في الحبال الصوتية
HP:0008757	Unilateral vocal cord paralysis	شلل في حبل صوتي واحد
HP:0008760	Violent behavior	تصرف عنيف
HP:0032213	Increased urinary renal tubular epithelial cell count	زيادة خلايا الظهارة في البول
HP:0032214	Increased urinary transitional epithelial cell count	زيادة خلايا الظهارة في البول
HP:0032215	Disseminated cutaneous warts	ثآليل جلدية
HP:0032216	Lymphocytic infiltration of the colorectal mucosa	خلايا لمفاوية في القولون
HP:0032217	Indurated nodule	تورم صلب على الجلد
HP:0032218	Decreased CD4+ T cell proportion	نقص خلايا المناعة
HP:0032219	Increased CD4+ T cell proportion	زيادة خلايا المناعة
HP:0032220	Interface hepatitis	التهاب الكبد
HP:0032221	Periportal emperipolesis	نشاط خلايا الكبد غير طبيعي
HP:0032222	Serrated intestinal polyps	زوائد معوية
HP:0032201	Rotator cuff tear	تمزق أو انفصال الأوتار في الكتف
HP:0032202	Vulvar intraepithelial neoplasia	آفة محتملة للسرطان في الفرج
HP:0032203	Lymphoid nodular hyperplasia	زيادة في العقد اللمفاوية في الأمعاء
HP:0032204	Chronic active Epstein-Barr virus infection	عدوى فيروسية مستمرة
HP:0032205	Increased circulating galectin-3 level	زيادة الجلاكتين-3 في الدم
HP:0032208	Increased urinary type 1 collagen N-terminal telopeptide level	زيادة منتج انهيار الكولاجين في البول
HP:0032209	Abnormal circulating free T3 concentration	خلل في هرمون الغدة الدرقية T3 الحر
HP:0032210	Decreased circulating free T3	انخفاض هرمون T3 الحر
HP:0032211	Increased urinary epithelial cell count	زيادة الخلايا في البول
HP:0032212	Increased urinary squamous epithelial cell count	زيادة الخلايا الحرشفية في البول
HP:0008794	Dysplastic iliac wing	عيب في جناح الحرقفة
HP:0008796	Femoral retroversion	الفخذين موجهين للخارج
HP:0008797	Early ossification of capital femoral epiphyses	التعظم المبكر لرأس الفخذ
HP:0008798	Widened greater sciatic notch	توسع الشق الوركي
HP:0008800	Limited hip movement	حركة الورك محدودة
HP:0008801	Hypoplasia of the lesser trochanter	تقصير المدور الصغير
HP:0008802	Hypoplasia of the femoral head	رأس الفخذ صغير
HP:0008804	Broad femoral head	رأس الفخذ العريض
HP:0008807	Acetabular dysplasia	خلل التنسج الحقي
HP:0008808	High iliac wing	جناح الحرقفة العالي
HP:0032223	Blood group	نوع الدم
HP:0032224	ABO blood group	أنواع دم A و B و O
HP:0032225	Perifollicular fibroma	ورم جلدي نادر حول الجريب
HP:0032226	Abnormal sebaceous gland morphology	تشوه في الغدد الدهنية
HP:0032227	Sebaceous hyperplasia	حالة جلدية غير ضارة مع تضخم في الغدد الدهنية
HP:0032228	Trichodiscoma	ورم ليفي بسيط في الشعر
HP:0032229	Perinuclear antineutrophil antibody positivity	وجود أجسام مضادة للعدلات حول النواة
HP:0032230	Cytoplasmic antineutrophil antibody positivity	وجود أجسام مضادة للعدلات في السيتوبلازم
HP:0032231	Hypochromia	خلايا الدم الحمراء أقل لونا
HP:0032232	Elevated circulating CK-MB concentration	زيادة CK-MB في الدم
HP:0032233	Increased circulating creatine kinase BB isoform	ارتفاع كرياتين كيناز BB في الدم
HP:0032234	Increased circulating creatine kinase MM isoform	ارتفاع كرياتين كيناز MM في الدم
HP:0032235	Anti-La/SS-B antibody positivity	وجود أجسام مضادة ضد La/SS-B
HP:0032236	Increased circulating immature neutrophil count	ارتفاع الخلايا النيوتروفيلية غير الناضجة في الدم
HP:0032237	Increased circulating myelocyte count	ارتفاع الخلايا النقوية في الدم
HP:0032238	Increased circulating metamyelocyte count	ارتفاع الخلايا النقوية المتزايدة في الدم
HP:0032239	Increased circulating band cell count	ارتفاع خلايا الشريط في الدم
HP:0032240	Elevated circulating E selectin level	ارتفاع E سيليكتين في الدم
HP:0100792	Acantholysis	فقدان ارتباط الخلايا في البشرة
HP:0100795	Abnormally straight spine	استقامة العمود الفقري
HP:0008812	Flattened femoral head	رأس الفخذ المسطح
HP:0008817	Aplastic pubic bone	عدم وجود عظام العانة
HP:0008818	Large iliac wing	جناح حوض كبير
HP:0008819	Narrow femoral neck	عنق الفخذ الضيق
HP:0008820	Absent ossification of capital femoral epiphysis	عدم تعظم رأس الفخذ
HP:0008821	Hypoplastic inferior ilia	الحرقفة السفلية ناقصة التنسج
HP:0008822	Hypoplastic ischiopubic ramus	فرع العانة الإسكي غير مكتمل النمو
HP:0008823	Inferior pubic ramus hypoplasia	نقص نمو الفرع العاني السفلي
HP:0008824	Hypoplastic iliac body	جسم الحرقفة غير مكتمل النمو
HP:0008828	Delayed proximal femoral epiphyseal ossification	تأخر تعظم رأس الفخذ
HP:0100796	Orchitis	التهاب الخصية
HP:0100797	Toenail dysplasia	تطور غير طبيعي لأظافر القدم
HP:0100798	Fingernail dysplasia	تطور غير طبيعي لأظافر اليد
HP:0100799	Neoplasm of the middle ear	ورم في الأذن الوسطى
HP:0100800	Aplasia/Hypoplasia of the pancreas	غياب/تطور غير كامل للبنكرياس
HP:0100801	Pancreatic aplasia	غياب البنكرياس
HP:0100802	Malposition of the stomach	مكان غير طبيعي للمعدة
HP:0100803	Abnormal periungual morphology	شكل غير طبيعي حول الأظافر
HP:0100804	Ungual fibroma	ورم بجانب الظفر
HP:0100806	Sepsis	عدوى في مجرى الدم
HP:0008829	Delayed femoral head ossification	تأخر تطور رأس عظم الفخذ
HP:0008830	Hypoplastic pubic ramus	عدم نمو جزء من عظم العانة
HP:0008833	Irregular acetabular roof	سقف الحُق غير منتظم
HP:0008835	Multicentric femoral head ossification	تعظم متعدد برأس عظم الفخذ
HP:0008838	Stippled calcification proximal humeral epiphyses	تكلسات منقطة في نهايات العظم العلوي للذراع
HP:0008839	Hypoplastic pelvis	قصر نمو الحوض
HP:0008843	Hip osteoarthritis	خشونة المفاصل في الورك
HP:0008845	Mesomelic short stature	قصر الأطراف الوسطى
HP:0007879	Allergic conjunctivitis	حساسية العين
HP:0007880	Marginal corneal dystrophy	ضمور حافة القرنية
HP:0100818	Long thorax	القفص الصدري الطويل
HP:0100819	Intestinal fistula	اتصال غير طبيعي في الأمعاء
HP:0100820	Glomerulopathy	مرض بالكبيبات الكلوية
HP:0100821	Urethrocele	انزلاق الإحليل في المهبل
HP:0100822	Rectocele	فتق المستقيم في المهبل
HP:0100823	Genital hernia	الفتق في الأعضاء التناسلية
HP:0100825	Cheilitis	التهاب الشفة
HP:0100826	Neoplasm of the nail	ورم في الأظافر
HP:0100827	Increased total lymphocyte count	زيادة عدد الخلايا اللمفاوية
HP:0100828	Increased total T cell count	زيادة عدد خلايا تي
HP:0100807	Long fingers	أصابع طويلة
HP:0100808	Gastric diverticulum	جيب في المعدة
HP:0100809	Scalp tenderness	ألم في فروة الرأس
HP:0100810	Pointed helix	أذن مدببة
HP:0100811	Aplasia/Hypoplasia of the colon	عدم تكوين أو قولون صغير
HP:0100812	Halitosis	رائحة الفم الكريهة
HP:0100813	Testicular torsion	التواء الخصية
HP:0100814	Blue nevus	وحمة زرقاء
HP:0100816	Lip hyperpigmentation	تغمق في لون الشفاه
HP:0100817	Renovascular hypertension	ارتفاع ضغط الدم بسبب الكلية
HP:0007881	Central corneal dystrophy	ضبابية مركزية في القرنية
HP:0007885	Slowed horizontal saccades	بطء حركة العين الأفقية
HP:0007886	Absent extraocular muscles	عدم وجود عضلات العين
HP:0007889	Iridescent posterior subcapsular cataract	إعتام عدسة العين الخلفي الملون
HP:0007892	Hypoplasia of the lacrimal punctum	نمو غير كامل للنقطة الدمعية
HP:0007894	Fundus hypopigmentation	قلة التصبغ في قاع العين
HP:0007899	Retinal nonattachment	عدم ارتباط الشبكية
HP:0011515	Abnormal stereopsis	مشاكل في رؤية العمق
HP:0011516	Achromatopsia	عجز عن تمييز الألوان
HP:0011517	Cone monochromacy	مشاكل في تمييز الألوان
HP:0011518	Dichromacy	عجز رؤية اللون
HP:0011519	Anomalous trichromacy	تغيير ألوان غير طبيعي
HP:0011520	Deuteranomaly	ضعف التمييز بين الأحمر والأخضر
HP:0011521	Deuteranopia	عدم تمييز الأخضر
HP:0011522	Protanopia	عدم تمييز الأحمر
HP:0011523	Iris cyst	كيس في القزحية
HP:0011524	Iris melanoma	ورم خبيث في القزحية
HP:0011525	Iris nevus	نمش في العين
HP:0011526	Abnormality of lens shape	تغيير في شكل العدسة
HP:0011527	Lentiglobus	انتفاخ العدسة
HP:0100829	Galactorrhea	خروج الحليب من الثدي تلقائيًا
HP:0100830	Round ear	أذن مستديرة
HP:0100831	Abnormality of vitamin K metabolism	خلل في أيض فيتامين ك
HP:0100832	Vitreous floaters	بقع أمام العين
HP:0100833	Neoplasm of the small intestine	ورم الأمعاء الدقيقة
HP:0100834	Neoplasm of the large intestine	ورم الأمعاء الغليظة
HP:0100835	Benign neoplasm of the central nervous system	ورم حميد في الجهاز العصبي المركزي
HP:0100836	Malignant neoplasm of the central nervous system	ورم خبيث في الجهاز العصبي المركزي
HP:0100837	Atrophodermia vermiculata	تجاعيد في الجلد
HP:0100838	Recurrent cutaneous abscess formation	خراجات جلدية متكررة
HP:0011528	Solitary congenital hypertrophy of retinal pigment epithelium	تضخم خلقي في العين
HP:0011529	Multiple congenital hypertrophy of retinal pigment epithelium	تضخم خلقي متكرر في العين
HP:0011530	Retinal hole	ثقب في الشبكية
HP:0011531	Vitritis	التهاب في العين
HP:0011532	Subretinal exudate	إفرازات في العين
HP:0011533	Snowflake vitreoretinal degeneration	بقع صفراء في الشبكية
HP:0011534	Abnormal spatial orientation of the cardiac segments	خلل في تموضع القلب
HP:0011535	Abnormal atrial arrangement	ترتيب غير صحيح للأذين
HP:0011536	Right atrial isomerism	تماثل غير طبيعي في الأذين الأيمن
HP:0011537	Left atrial isomerism	تماثل غير طبيعي في الأذين الأيسر
HP:0100839	Hepatic agenesis	عدم تكون الكبد
HP:0100840	Aplasia/Hypoplasia of the eyebrow	غياب الحاجب
HP:6000842	Multiple eyelid beaded papules	حطاطات جفن
HP:6000843	Nonexudative conjunctivitis	التهاب الملتحمة بدون إفرازات
HP:6000844	Nematode in retina	ديدان في العين
HP:6000845	Vascular compression of the eighth cranial nerve	ضغط وعاء دموي على العصب السمعي
HP:6000846	Beaded bile ducts	القنوات الصفراوية المحببة
HP:6000847	Cardiac mass	كتلة في القلب
HP:6000848	Superior olive hypertrophy	تضخم زيتون الدماغ
HP:6000849	Spinal extradural arachnoid cyst	كيسة خارج العمود الفقري
HP:6000850	Temporal cortex localization	وجود في القشرة الزمنية
HP:6000851	Basilar meningeal enhancement	تعزيز غير طبيعي في السحايا القاعدية
HP:6000852	Megacolon	تضخم القولون
HP:6000853	Thyroid cyst	كيس في الغدة الدرقية
HP:6000854	Decreased circulating sulfate concentration	انخفاض نسبة الكبريتات في الدم
HP:6000855	Cold intolerance	صعوبة تحمل البرد
HP:6000856	Head and neck distribution	موجود في الرأس والرقبة
HP:6000857	Symmetric distribution	متماثل على الجانبين
HP:6000858	Muscle extensor surface location	موجود على سطح العضلات الباسطة
HP:6000859	Dermal foam cells	خلايا دهنية في الجلد
HP:0011538	Atrial situs inversus	الأذينان في وضع معكوس
HP:0011539	Atrial situs ambiguous	الأذين غير المحدد
HP:0011540	Levotransposition of the great arteries	التبدل الخلقي المصحح للشرايين الكبرى
HP:0011541	Criss-cross atrioventricular valves	الصمامات المتقاطعة في القلب
HP:0011542	Criss-cross atrioventricular valves with superior-inferior ventricles	القلب ببطينين علوي وسفلي
HP:0011543	Superior-inferior ventricles without criss-cross atrioventricular valves	وجود بطين أعلى وبطين أسفل في القلب
HP:0011544	L-looping of the right ventricle	تبدل في موقع البطين الأيمن
HP:0011545	Abnormal connection of the cardiac segments	التوصيلات غير الطبيعية بين أجزاء القلب
HP:0011546	Abnormal atrioventricular connection	وصلة غير طبيعية بين الأذينين والبطينين
HP:0011547	Absent left sided atrioventricular connection	عدم وجود اتصال بين الأذين الأيسر والبطين الأيسر
HP:0011548	Absent right sided atrioventricular connection	عدم وجود اتصال بين الأذين الأيمن والبطين الأيمن
HP:0011549	Univentricular heart with absent left sided atrioventricular connection	قلب ذو بطين واحد وغياب الاتصال الأذيني البطيني الأيسر
HP:0011550	Biventricular heart with straddling right sided atrioventricular valve and absent left sided atrioventricular connection	قلب ذو بطينين وصمام يحاذي وغياب الاتصال الأذيني البطيني الأيسر
HP:0011551	Right sided atrium to left ventricle and absent left sided atrioventricular connection	الأذين الأيمن إلى البطين الأيسر وغياب الاتصال الأذيني البطيني الأيسر
HP:0011552	Ambiguous atrioventricular connection	الاتصال الأذيني البطيني الغامض
HP:0011553	Discordant atrioventricular connection	الاتصال الأذيني البطيني غير المتوافق
HP:0011554	Double inlet atrioventricular connection	الاتصال الأذيني البطيني ذو المدخلين
HP:0011555	Double inlet left ventricle	البطين الأيسر ذو المدخلين
HP:0011556	Double inlet right ventricle	البطين الأيمن ذو المدخلين
HP:0011557	Double inlet to single ventricle of indeterminate morphology	بطين واحد غير واضح الشكل
HP:6000860	Diminished tissue very long-chain acyl-CoA dehydrogenase activity	قلة نشاط إنزيم معين في الأنسجة
HP:6000861	Diminished tissue glycogen branching enzyme activity	قلة نشاط إنزيم معين في الأنسجة
HP:6000862	Parotid adenoma	ورم حميد في الغدة اللعابية النكافية
HP:6000863	Elevated serum-ascites albumin gradient (SAAG)	ارتفاع فرق الألبومين في الجسم
HP:6000864	Transverse smile	مشكلة في الابتسام
HP:6000865	Hyperphalangy of the 4th finger	زيادة العُظَيمات في الإصبع الرابع
HP:6000866	Delayed distal femoral epiphyseal ossification	تأخر تشكل العظام في نهاية الفخذ
HP:6000867	Delayed tibial epiphyseal ossification	تأخر تشكل العظام في القصبة
HP:6000868	Toe hyperphalangy	زيادة العُظَيمات في أصبع القدم
HP:6000869	Sclerotic ilium	زيادة كثافة عظم الحوض
HP:0011568	Double orifice mitral valve	صمام قلب بفتحتين
HP:0011569	Cleft anterior mitral valve leaflet	شق في صمام القلب
HP:0009401	Small epiphyses of the 4th finger	صغر نهاية عظم إصبع الخاتم
HP:0009402	Stippling of the epiphyses of the 4th finger	نقاط تكلس في عظم إصبع الخاتم
HP:0009403	Triangular epiphyses of the 4th finger	نهاية عظم مثلث لإصبع الخاتم
HP:0009404	Broad phalanges of the 4th finger	عظام عريضة لإصبع الخاتم
HP:0009405	Bullet-shaped phalanges of the 4th finger	عظام بشكل رصاصة لإصبع الخاتم
HP:0009406	Patchy sclerosis of 4th finger phalanx	زيادة غير متساوية في كثافة العظام في إصبع الخاتم
HP:0009407	Triangular shaped phalanges of the 4th finger	عظام بشكل مثلث لإصبع الخاتم
HP:0009408	Aplasia/Hypoplasia of the phalanges of the 4th finger	عظام غائبة أو متطورة بشكل ضعيف لإصبع الخاتم
HP:6000870	Metaphyseal chevron deformity	تشوه معنقة على شكل V
HP:6000871	Popcorn calcification	تكلسات تشبه الفشار
HP:6000872	Aplasia/Hypoplasia of the calvaria	غياب أو نقص نمو قبة الجمجمة
HP:6000873	Bowdler spurs	زوائد عظمية
HP:6000874	Delayed ossification of the clavicle	تأخر نمو الترقوة
HP:6000875	Wide sacroiliac joint	مسافة واسعة بين العظام في منطقة الحوض
HP:6000876	Anti-Glutamate Receptor delta2 antibody positivity	الأجسام المضادة ضد مستقبل الغلوتامات
HP:6000877	Anti-dachshund family transcription factor 1 antibody positivity	الأجسام المضادة ضد داتشسند
HP:6000878	Anti-potassium channel tetramerization domain containing 16 antibody positivity	الأجسام المضادة ضد قنوات البوتاسيوم
HP:6000879	Anti-regulator of G protein signaling 8 antibody positivity	الأجسام المضادة ضد البروتينات التنظيمية
HP:6000880	Anti-neurochondrin antibody positivity	وجود أجسام مضادة ضد النيروكندرن
HP:6000881	Anti-DCC netrin 1 receptor antibody positivity	وجود أجسام مضادة ضد مستقبل النتريين 1
HP:6000882	Anti-recoverin antibody positivity	وجود أجسام مضادة ضد الريكوفرين
HP:6000883	Recent history of sedation by propofol infusion	تم تخديره مؤخراً بالبرووفوفول
HP:6000884	Enlarged humeral head	كبر حجم رأس العضد
HP:6000885	Enlarged radial head	كبر حجم رأس الكعبرة
HP:6000886	Enlarged distal tibial epiphysis	كبر حجم نهاية العظمة القصبية
HP:6000887	Elevated blood bismuth concentration	زيادة نسبة البزموت في الدم
HP:6000888	Elevated urine bismuth level	زيادة نسبة البزموت في البول
HP:6000889	Distal radioulnar joint dislocation	خلع نهاية عظام الساعد
HP:0011558	Double inlet to single ventricle with common atrioventricular orifice	فتحة واحدة تدخل إلى بطين واحد مع فتحة أذينية بطينية مشتركة
HP:0011559	Double inlet to single ventricle with two atrioventricular valves	مدخل مزدوج إلى بطين واحد مع صمامين أذينيين بطينيين
HP:0011560	Mitral atresia	انسداد الصمام المترالي
HP:0011561	Overriding atrioventricular valve	صمام يغطي الحاجز البطيني
HP:0011562	Straddling atrioventricular valve	الصمام المتراكب بين البطينين
HP:0011563	Abnormal ventriculoarterial connection	خلل في ارتباط البطين بالشرايين
HP:0011564	Mitral valve arcade	تشوه في الصمام المترالي
HP:0011565	Common atrium	وجود أذين واحد
HP:0011566	Cor triatriatum dexter	تقسيم الأذين الأيمن إلى ثلاث غرف
HP:0011567	Sinus venosus atrial septal defect	عيب في الجدار الأذيني قرب الوريد العلوي
HP:0009420	Triangular epiphyses of the 3rd finger	نهاية مثلثة لعظمة الإصبع الأوسط
HP:0009421	Aplasia/Hypoplasia of the distal phalanx of the 3rd finger	غياب أو صغر العظمة الخارجية للإصبع الأوسط
HP:0009422	Broad distal phalanx of the 3rd finger	اتساع العظمة الخارجية للإصبع الأوسط
HP:0009423	Bullet-shaped distal phalanx of the 3rd finger	العظمة الخارجية للإصبع الأوسط بشكل رصاصة
HP:0009424	Osteolytic defects of the distal phalanx of the 3rd finger	تحلل العظمة النهائية للإصبع الأوسط
HP:0009425	Patchy sclerosis of the distal phalanx of the 3rd finger	زيادة غير متساوية في كثافة العظمة الخارجية للإصبع الثالث
HP:0009426	Distal/middle symphalangism of 3rd finger	اندماج العظام الخارجية والوسطى للإصبع الأوسط
HP:0009427	Triangular shaped distal phalanx of the 3rd finger	العظمة الخارجية للإصبع الأوسط بشكل مثلث
HP:0009428	Curved distal phalanx of the 3rd finger	العظمة الخارجية المنحنية للإصبع الثالث
HP:0009429	Aplasia of the distal phalanx of the 3rd finger	غياب العظمة الخارجية للإصبع الأوسط
HP:0009410	Absent epiphyses of the 3rd finger	غياب نهاية العظم في الإصبع الأوسط
HP:0009411	Bracket epiphyses of the 3rd finger	شكل قوس في نهاية عظم الإصبع الأوسط
HP:0009412	Cone-shaped epiphyses of the 3rd finger	شكل مخروطي في نهاية عظم الإصبع الأوسط
HP:0009413	Enlarged epiphyses of the 3rd finger	تضخم في نهاية عظم الإصبع الأوسط
HP:0009414	Fragmentation of the epiphyses of the 3rd finger	تجزئة نهاية عظم الإصبع الأوسط
HP:0009415	Irregular epiphyses of the 3rd finger	شكل غير منتظم في نهاية عظم الإصبع الأوسط
HP:0009416	Ivory epiphyses of the 3rd finger	زيادة كثافة العظم في نهاية الإصبع الأوسط
HP:0009417	Pseudoepiphyses of the 3rd finger	مشاشات كاذبة في الإصبع الأوسط
HP:0009418	Small epiphyses of the 3rd finger	صغر نهاية عظم الإصبع الأوسط
HP:0009419	Stippling of the epiphyses of the 3rd finger	تكلسات منقطة في نهاية عظم الإصبع الأوسط
HP:6000900	Positive mumps virus PCR test in the blood circulation	اختبار إيجابي لفيروس النكاف في الدم
HP:6000901	Positive bloodstream tuberculosis-induced T-cell-based interferon-gamma release assay	اختبار إيجابي لفيروس السل في الدم
HP:6000902	Positive blood Neisseria gonorrhoeae culture	اختبار إيجابي لجرثومة السيلان في الدم
HP:6000903	Anti-mumps antibody positivity	إيجابية الأجسام المضادة للنُكاف
HP:6000904	Positive Vibrio cholerae stool culture	اختبار إيجابي لجرثومة الكوليرا في البراز
HP:6000905	Positive cutaneous varicella zoster virus nucleic acid test	اختبار إيجابي لفيروس الحماق الجلدي
HP:6000906	Positive bloodstream cryptococcus culture	اختبار إيجابي لفطر المستخفية في الدم
HP:6000907	Positive bloodstream Borrelia miyamotoi nucleic acid test	اختبار إيجابي لفيروس بوريليا في الدم
HP:6000908	Positive bloodstream Coxsackievirus nucleic acid pathogen test	اختبار إيجابي لفيروس كوكساكي في الدم
HP:6000910	Diminished tissue alpha-L-iduronidase activity	خمول إنزيم في الأنسجة
HP:0009430	Broad middle phalanx of the 3rd finger	عظمة وسطى عريضة للإصبع الثالث
HP:0009431	Bullet-shaped middle phalanx of the 3rd finger	عظمة وسطى بشكل الرصاصة للإصبع الثالث
HP:0009432	Curved middle phalanx of the 3rd finger	عظمة وسطى منحنية للإصبع الثالث
HP:0009434	Patchy sclerosis of the middle phalanx of the 3rd finger	زيادة غير منتظمة في كثافة العظم في العظمة الوسطى للإصبع الثالث
HP:0009435	Symphalangism of middle phalanx of 3rd finger	التصاق العظمة الوسطى للإصبع الثالث
HP:0009436	Triangular shaped middle phalanx of the 3rd finger	عظمة وسطى مثلثة الشكل للإصبع الثالث
HP:0009437	Aplasia/Hypoplasia of the middle phalanx of the 3rd finger	غياب/صغر العظمة الوسطى للإصبع الثالث
HP:0009438	Absent middle phalanx of 3rd finger	غياب العظمة الوسطى للإصبع الثالث
HP:0009439	Short middle phalanx of the 3rd finger	عظمة وسطى قصيرة للإصبع الثالث
HP:6000890	Proximal radioulnar joint dislocation	خلع في المرفق
HP:6000891	Absent toe phalanx flexion crease	عدم وجود خطوط انثناء الإصبع
HP:6000892	White matter globoid cells	خلايا غريبة في الدماغ
HP:6000893	Gaucher cells	خلايا تراكمية
HP:6000894	Breast adenoma	ورم حميد في الثدي
HP:6000895	Breast apocrine adenoma	ورم حميد بخلايا أبقري في الثدي
HP:6000896	Fibrocystic breast lesion	كيسات في الثدي
HP:6000897	Pancreatic VIPoma	ورم هرموني في البنكرياس
HP:6000898	Gastric carcinoid tumor	ورم نادر في المعدة
HP:6000899	Positive skin scabies test	اختبار الجرب الجلدي
HP:0009452	Curved proximal phalanx of the 3rd finger	عظمة منحنية في الإصبع الأوسط
HP:0009453	Osteolytic defects of the proximal phalanx of the 3rd finger	تحلل في عظمة الإصبع الأوسط
HP:0009454	Patchy sclerosis of the proximal phalanx of the 3rd finger	زيادة غير متساوية في كثافة العظام في الإصبع الأوسط
HP:0009455	Symphalangism affecting the proximal phalanx of the 3rd finger	التصاق عظمة الإصبع الأوسط
HP:0009456	Triangular shaped proximal phalanx of the 3rd finger	عظمة مثلثة الشكل في الإصبع الأوسط
HP:0009457	Aplasia/Hypoplasia of the proximal phalanx of the 3rd finger	عظمة غائبة أو صغيرة في الإصبع الأوسط
HP:0009458	Aplasia of the proximal phalanx of the 3rd finger	غياب عظمة في الإصبع الأوسط
HP:0009459	Short proximal phalanx of the 3rd finger	عظمة قصيرة في الإصبع الأوسط
HP:0009460	Aplasia of the 3rd finger	غياب الإصبع الأوسط
HP:0009461	Short 3rd finger	إصبع أوسط قصير
HP:6000911	Reduced tissue neuraminidase activity	نشاط إنزيم منخفض في الأنسجة
HP:6000912	Nummular keratitis	التهاب قرنية على شكل بقع
HP:6000913	Swelling of inguinal region	انتفاخ في المنطقة الأربية
HP:6000914	Single lesion	آفة واحدة
HP:6000915	Dysorthography	مشكلة في الهجاء
HP:6000916	Echogenic fetal colon	زيادة سطوع القولون في الجنين
HP:6000917	Bone marrow edema	تورم في نخاع العظم
HP:6000918	Transverse terminal upper limb defect	بتر جزئي للطرف العلوي
HP:6000919	Trousseau sign	تشجن في اليد عند قياس ضغط الدم
HP:6000920	Craniocervical junction constriction	تضيق في منطقة الجمجمة والفقرات العنقية
HP:0009440	Broad phalanges of the 3rd finger	عظام عريضة في إصبع الوسطى
HP:0009441	Bullet-shaped phalanges of the 3rd finger	عظام بشكل الرصاصة في الإصبع الوسطى
HP:0009442	Curved phalanges of the 3rd finger	عظام منحنية في إصبع الوسطى
HP:0009443	Osteolytic defects of the phalanges of the 3rd finger	تحلل العظم في إصبع الوسطى
HP:0009444	Patchy sclerosis of 3rd finger phalanx	زيادة غير متجانسة في كثافة العظام في الإصبع الوسطى
HP:0009445	Symphalangism of the 3rd finger	عظم الإصبع الوسطى ملتحم
HP:0009446	Triangular shaped phalanges of the 3rd finger	عظمة مثلثة الشكل في الإصبع الوسطى
HP:0009447	Aplasia/Hypoplasia of the phalanges of the 3rd finger	عظمة الإصبع الوسطى غير مكتملة النمو/مفقودة
HP:0009450	Broad proximal phalanx of the 3rd finger	عظم داخلي عريض في الإصبع الوسطى
HP:0009451	Bullet-shaped proximal phalanx of the 3rd finger	عظم داخلي بشكل الرصاصة في الإصبع الوسطى
HP:4000038	Infantile hydrocele	تجمع السوائل في الخصية عند الرضيع
HP:4000039	Decreased mucosal-associated invariant T cell proportion	نقص خلايا مناعية تائية خاصة بالغشاء المخاطي
HP:4000040	Puerpural onset	بداية ظهور الأعراض بعد الولادة
HP:4000041	AA amyloidosis	تراكم البروتينات في الأنسجة
HP:4000042	Fracture type	نوع الكسر
HP:4000043	Greenstick fracture	كسر جزئي العظمة
HP:4000044	Transverse fracture	كسر بشكل خط مستقيم
HP:4000045	Spiral fracture	كسر يلتف حول العظمة
HP:4000046	Oblique fracture	كسر قطري
HP:4000047	Compression fracture	العظمة المسحوقة
HP:6000921	Fibular torsion	التواء عظمة الساق
HP:6000922	Abnormal finger phalanx ossification	تصلب العظام في أصابع اليد
HP:4000030	Anti-reticulin antibody positivity	أجسام مضادة ضد الشبكية
HP:4000031	Anti-type VII collagen antibody	أجسام مضادة ضد الكولاجين السابع
HP:4000032	False perception of self-motion	الإحساس بالحركة بدون حركة
HP:4000033	Non-spinning vertigo	دوخة بدون إحساس بالدوران
HP:4000034	Infection-associated lymphopenia	نقص خلايا الدم البيضاء أثناء العدوى
HP:4000035	Primary obstructive megaureter	انسداد الحالب وتضخمه
HP:4000036	Encysted hydrocele of the cord	جيوب ماء في الخصية
HP:4000037	Congenital hydrocele	ماء في الخصية منذ الولادة
HP:0008846	Severe intrauterine growth retardation	تأخر النمو داخل الرحم الشديد
HP:0008848	Moderately short stature	قصر القامة المعتدل
HP:0008850	Severe postnatal growth retardation	تأخر النمو الشديد عند الأطفال
HP:0008855	Moderate postnatal growth retardation	تأخر النمو المعتدل بعد الولادة
HP:0008857	Neonatal short-trunk short stature	قصر الجذع منذ الولادة
HP:0008866	Failure to thrive secondary to recurrent infections	نقص الوزن بسبب العدوى المتكررة
HP:0008872	Feeding difficulties in infancy	مشاكل التغذية عند الرضع
HP:0008873	Disproportionate short-limb short stature	قصر الأطراف الغير متناسب
HP:0008883	Mild intrauterine growth retardation	تأخر النمو داخل الرحم الخفيف
HP:0008887	Adipose tissue loss	فقدان الدهون
HP:0008890	Severe short-limb dwarfism	قصر شديد في الأطراف
HP:0008897	Postnatal growth retardation	تأخر النمو عند الأطفال
HP:0008905	Rhizomelia	قصر غير متناسب في الجزء العلوي من الأطراف
HP:0008909	Lethal short-limbed short stature	قصر القامة الحاد القاتل
HP:0008915	Childhood-onset truncal obesity	السمنة المركزية في الطفولة
HP:0008921	Neonatal short-limb short stature	قصر الأطراف عند الولادة
HP:0008922	Childhood-onset short-trunk short stature	قصر الجذع عند الأطفال
HP:0008929	Asymmetric short stature	قصر غير متماثل في القامة
HP:0008935	Generalized neonatal hypotonia	ضعف العضلات عند الوليد
HP:0008936	Axial hypotonia	ضعف عضلات الجذع
HP:4000048	Comminuted fracture	كسر مكون من قطع متعددة
HP:4000049	Segmental fracture	كسر في جزئين من العظم
HP:4000050	Open fracture	كسر مع جرح مفتوح
HP:4000051	Closed fracture	كسر غير نافذ للجلد
HP:4000052	Avulsion fracture	كسر اشتمل على تمزق العضل
HP:4000053	Displaced fracture	كسر مع انحراف الأطراف
HP:4000054	Exanthem	طفح جلدي
HP:4000055	Intestinal inflammation	التهاب في الأمعاء
HP:4000056	Abnormal apoptosis	خلل في موت الخلايا
HP:4000057	Decreased FasL-mediated apoptosis	انخفاض موت الخلايا المحفز بـFasL
HP:4000058	Glomerular proteinuria	زيادة البروتين في البول
HP:4000059	Abnormal lung development	خلل في نمو الرئة
HP:4000060	Abnormal pulmonary alveolar system development	تطور غير طبيعي للأسناخ الرئوية
HP:4000061	Pancreatic alpha-cell hyperplasia	زيادة خلايا ألفا البنكرياسية
HP:4000062	3-4 metacarpal synostosis	التحام عظام الإصبع الأوسط والبنصر
HP:4000063	Sleep related hallucination	هلاوس عند النوم
HP:4000064	Poor sleep	صعوبة في النوم
HP:4000066	Abnormal iliac artery morphology	خلل في شكل شريان الحرقفية
HP:4000067	Iliac artery aneurysm	انتفاخ في الشريان الحرقفي
HP:4000068	Abnormal interest	اهتمام غريب
HP:0008940	Generalized lymphadenopathy	تورم العقد اللمفاوية في جميع أنحاء الجسم
HP:0008942	Acute rhabdomyolysis	تحطم العضلات الحاد
HP:0008944	Distal lower limb amyotrophy	ضمور العضلات في الساقين
HP:0008945	Loss of ability to walk in early childhood	عدم القدرة على المشي في الطفولة
HP:0008946	Pelvic girdle amyotrophy	ضعف عضلات الحوض
HP:0008947	Floppy infant	ضعف العضلات عند الرضع
HP:0008948	Proximal upper limb amyotrophy	ضمور عضلات الذراعين
HP:0008952	Shoulder muscle hypoplasia	ضعف عضلات الكتف
HP:0008953	Pectoralis major hypoplasia	ضعف العضلة الصدرية الكبرى
HP:0008954	Intrinsic hand muscle atrophy	ضعف عضلات اليد
HP:0008955	Progressive distal muscular atrophy	ضعف العضلات في الأطراف
HP:0008956	Proximal lower limb amyotrophy	ضعف عضلات الفخذين
HP:0008959	Distal upper limb muscle weakness	ضعف اليدين
HP:0008962	Calf muscle hypoplasia	ضعف نمو عضلات الساق
HP:0008963	Tibialis muscle weakness	ضعف العضلة الأمامية للساق
HP:0008964	Nonprogressive muscular atrophy	عدم تقدم في ضعف العضلات
HP:0008967	Exercise-induced muscle stiffness	تحجر العضلات بعد التمرين
HP:0008968	Muscle hypertrophy of the lower extremities	زيادة حجم عضلات الساقين
HP:0008969	Leg muscle stiffness	تحجر الساقين
HP:0008970	Scapulohumeral muscular dystrophy	ضعف العضلات حول الكتف والذراع
HP:4000069	Persistent preoccupation with parts of objects	تركيز على أجزاء معينة من الألعاب
HP:4000070	Fixated interests	اهتمامات محدودة أو خاصة
HP:4000072	Abnormal language feature	لغة غير معتادة
HP:4000073	Pronoun reversal	خطأ في استخدام الضمائر
HP:4000074	Involuntary vocalization	إصدار أصوات بدون تحكم
HP:4000075	Reduced frequency of facial expressions	قلة تعابير الوجه
HP:4000076	Use of another person's body to communicate	استخدام الأيدي للتعبير
HP:4000077	Fixated interest with abnormal focus	اهتمام غير معتاد بموضوعات خاصة
HP:4000078	Fixated interest with abnormal intensity	اهتمام شديد بموضوعات معينة
HP:4000079	Sensory seeking	اهتمام بالحواس
HP:0008972	Decreased activity of mitochondrial respiratory chain	انخفاض نشاط سلسلة التنفس في الخلايا
HP:0008978	Necrotizing myopathy	التهاب عضلات ناتج عن تدمير النسيج
HP:0008981	Calf muscle hypertrophy	زيادة حجم عضلات الساق
HP:0008984	Neck muscle hypoplasia	نقص نمو عضلات الرقبة
HP:0008985	Increased intramuscular fat	زيادة الدهون داخل العضلات
HP:0008986	Agenesis of the diaphragm	غياب الحجاب الحاجز
HP:0008988	Pelvic girdle muscle atrophy	ضمور عضلات الحوض
HP:0008991	Exercise-induced leg cramps	تشنجات الساق بعد التمارين
HP:0008993	Increased intraabdominal fat	زيادة الدهون في البطن
HP:0008994	Proximal lower limb muscle weakness	ضعف عضلات الفخذين
HP:4000081	Reduced production of gestures	قلة الإشارات
HP:4000082	Reduced cooperative play	قلة اللعب الجماعي
HP:4000083	Lack of interest in peers	قلة الاهتمام بالأطفال الآخرين
HP:4000084	Reduced sharing of interests	قلة الحديث عن الاهتمامات
HP:4000085	Reduced object sharing	قلة مشاركة الألعاب
HP:4000087	Abnormal communicative facial expressions	تعبيرات وجه غير طبيعية
HP:4000088	Facial expressions that do not match the context	عدم تطابق تعابير الوجه مع الموقف
HP:4000089	Abnormal quality of facial expression	تعبيرات وجه غير طبيعية
HP:4000090	Abnormal gesture use	إيماءات غير طبيعية
HP:0034805	Buttock pain	وجع في المؤخرة
HP:0008997	Proximal upper limb muscle weakness	ضعف العضلات في الذراعين
HP:0008998	Pectoralis hypoplasia	عضلة الصدر الصغيرة
HP:0009002	Loss of truncal subcutaneous adipose tissue	فقدان الدهون في الجذع
HP:0009003	Increased subcutaneous truncal adipose tissue	زيادة الدهون في الجذع
HP:0009004	Hypoplasia of the musculature	ضعف نمو العضلات
HP:0009005	Weakness of the intrinsic hand muscles	ضعف عضلات اليد
HP:0009007	Biceps hypoplasia	نقص نمو العضلة ذات الرأسين
HP:0009011	Hypoplasia of serratus anterior muscle	نقص نمو العضلة المنشارية الأمامية
HP:0009013	Congenital absence of gluteal muscles	غياب عضلات الإلية
HP:0009016	Upper limb muscle hypoplasia	نقص نمو عضلات الذراعين
HP:0034816	Mild oligozoospermia	قلة الحيوانات المنوية الخفيفة
HP:0034817	Moderate oligozoospermia	قلة الحيوانات المنوية المتوسطة
HP:0034818	Severe oligozoospermia	قلة الحيوانات المنوية الشديدة
HP:0034819	Iris nodule	كتلة صغيرة في القزحية
HP:0034820	Koeppe nodules	عقد التهابية في حافة القزحية
HP:0034821	Bussaca nodules	عقد التهابية على سطح القزحية
HP:0034822	Abnormal CSF ion concentration	خلل في أيونات السائل النخاعي
HP:0034823	Decreased CSF copper concentration	نقص النحاس في السائل النخاعي
HP:0034824	Diffuse pulmonary lymphoid hyperplasia	تضخم أنسجة جهاز المناعة في الرئة
HP:0034825	Ameliorated by steroid medication	تحسن باستخدام الستيرويدات
HP:0009017	Loss of gluteal subcutaneous adipose tissue	فقدان الدهون تحت الجلد في المؤخرة
HP:0009019	Progressive loss of facial adipose tissue	فقدان تدريجي لدهون الوجه
HP:0009020	Exercise-induced muscle fatigue	تعب العضلات بعد التمرين
HP:0009023	Abdominal wall muscle weakness	ضعف عضلات البطن
HP:0009025	Increased connective tissue	زيادة في الأنسجة الضامة
HP:0009026	Hypoplasia of latissimus dorsi muscle	تطور ناقص لعضلة الظهر العريضة
HP:0009027	Foot dorsiflexor weakness	هبوط القدم
HP:0009028	Generalized weakness of limb muscles	ضعف عام لعضلات الذراعين والساقين
HP:0009031	Amyotrophy of ankle musculature	ضعف عضلات الكاحل
HP:0009037	Segmental spinal muscular atrophy	ضمور عضلي شوكي
HP:0034827	Triggered by levothyroxin exposure	رد فعل لليفوثيروكسين
HP:0034828	Reduced muscle laminin alpha-2 chain staining	انخفاض اللطخة العضلية
HP:0034829	Adrenal cortical sclerosis	تصلب الغدة الكظرية
HP:0034830	Reduced hepatic fructose-1,6-phosphate aldolase activity	انخفاض إنزيم الكبد
HP:0034831	Pancreatic hamartoma	ورم غير سرطاني في البنكرياس
HP:0034832	Liver angiomyolipoma	ورم حميد في الكبد
HP:0034833	Cardiac lipoma	ورم شحمي في القلب
HP:0034834	Peripheral nerve polyglucosan inclusion bodies	تراكم غير طبيعي في الأعصاب
HP:0034835	Cardiac polyglucosan accumulation	تراكم غير طبيعي في القلب
HP:0034836	Cystic nephroma	ورم كيسي في الكلى
HP:0009045	Exercise-induced rhabdomyolysis	تلف العضلات بسبب التمرين
HP:0009046	Difficulty running	صعوبة في الركض
HP:0009174	Abnormality of the epiphyses of the 4th finger	تشوه في نهاية الإصبع الرابع
HP:0009175	Patchy sclerosis of the middle phalanx of the 5th finger	زيادة غير متساوية في كثافة العظم في منتصف الإصبع الخامس
HP:0009177	Proximal/middle symphalangism of 5th finger	التحام العظام الداخلية والوسطى للإصبع الخامس
HP:0009178	Symphalangism of middle phalanx of 5th finger	التحام العظام الوسطى للإصبع الخامس
HP:0009179	Deviation of the 5th finger	انحراف الإصبع الخامس
HP:0009180	Ulnar deviation of the 5th finger	انحراف نحو الزند للإصبع الخامس
HP:0009182	Triangular shaped middle phalanx of the 5th finger	شكل ثلاثي للسلامية الوسطى للإصبع الخامس
HP:0009183	Joint contracture of the 5th finger	تقلص المفصل للإصبع الخامس
HP:0034806	Vaginal foreign body sensation	إحساس بجسم غريب في المهبل
HP:0034807	Paroxysmal nocturnal dyspnea	نوبات ضيق التنفس ليلاً
HP:0034808	Eyelid pain	وجع في الجفن
HP:0034809	Abnormal sperm physiology	خلل في وظيفة الحيوان المنوي
HP:0034810	Small acrosomal area	مساحة صغيرة في رأس الحيوان المنوي
HP:0034811	Bent sperm flagella	انحناء في ذيل الحيوان المنوي
HP:0034812	Spermiation failure	فشل خروج الحيوانات المنوية
HP:0034813	Hypospermatogenesis	عدم كفاية إنتاج الحيوانات المنوية
HP:0034814	Conjunctival membrane	غشاء على العين
HP:0034815	Extreme oligozoospermia	قلة شديدة في عدد الحيوانات المنوية
HP:0034847	Fetal cytarabine exposure	التعرض للسيتارابين أثناء الحمل
HP:0034848	Fetal tetracycline exposure	التعرض للتتراسيكلين أثناء الحمل
HP:0034849	Fetal quinine exposure	التعرض للكينين أثناء الحمل
HP:0034850	Fetal cyclophosphamide exposure	التعرض للسيكلوفوسفاميد أثناء الحمل
HP:5200213	Diminishment of emotional responsiveness	قلة التعاطف
HP:5200214	Somatic hallucination	هلوسة في إحساس الجسم
HP:5200215	Visceral hallucination	هلوسة داخلية
HP:5200216	Abnormal perceptual state	تغير الوعي بالواقع
HP:5200217	Depersonalization	الإحساس بالانفصال
HP:5200218	Derealization	الشعور بعدم الواقعية
HP:0009184	Contracture of the distal interphalangeal joint of the 5th finger	تصلب في المفصل البعيد من الإصبع الخامس
HP:0009185	Contracture of the proximal interphalangeal joint of the 5th finger	انحناء وتصلب في مفصل الإصبع الخامس
HP:0009186	Contracture of the metacarpophalangeal joint of the 5th finger	تصلب في المفصل المشطي السلامي من الإصبع الخامس
HP:0009187	Bracket epiphysis of the distal phalanx of the 5th finger	نهاية العظمة البعيدة للإصبع الخامس بشكل قوسي
HP:0009188	Pseudoepiphysis of the distal phalanx of the 5th finger	مظهر زائف للمشاشة في عظمة الإصبع الخامس
HP:0009189	Fragmented metacarpal epiphysis	تجزئة نهاية العظمة الطويلة في اليد
HP:0009190	Irregular epiphyses of the metacarpals	نهاية العظمة الطويلة في اليد بشكل غير منتظم
HP:0009191	Ivory epiphyses of the metacarpals	زيادة كثافة العظام في نهاية الأجزاء الطويلة في اليد
HP:0009192	Aplasia/Hypoplasia of the proximal phalanx of the 5th finger	غياب أو صغر عظمة الإصبع الخامس الداخلية
HP:0009193	Metacarpal pseudoepiphysis	مشاشة زائفة في عظام اليد
HP:0034837	Absent dermal elastic fibers	عدم وجود الألياف المرنة في الجلد
HP:0034838	Cleavage at junction of stratum corneum and stratum granulosum	تمزق الجلد بين طبقتين
HP:0034839	Lymphoid hyperplasia	زيادة غير طبيعية في الأنسجة اللمفاوية
HP:0034840	Absence of epidermal lamellar bodies	عدم وجود أجسام صفائحية في البشرة
HP:0034841	Gastrointestinal granulomatosis	تورم حبيبي في الأمعاء
HP:0034842	Enlarged sperm head vacuole	زيادة حجم الفجوة في رأس الحيوان المنوي
HP:0034843	Ureteral hamartoma	ورم غير سرطاني في المسالك البولية
HP:0034844	Fetal methimazole exposure	تعرض الجنين للدواء ميثيمازول
HP:0034845	Fetal procarbazine exposure	تعرض الجنين للدواء بروكاربازين
HP:0034846	Fetal fluorouracil exposure	تعرض الجنين للدواء فلورويوراسيل
HP:0009194	Small epiphyses of the metacarpals	صغر جزء النهاية لعظم اليد الطويل
HP:0009195	Epiphyseal stippling of the metacarpals	ترسبات كالسيوم منقطة في نهاية عظام اليد
HP:0009196	Absent metacarpal epiphyses	غياب الجزء الطرفي لعظم اليد الطويل
HP:0009197	Bracket epiphysis of the proximal phalanx of the 5th finger	شكل القوس في نهاية عظمة البنصر الداخلية
HP:0009198	Abnormality of the epiphysis of the distal phalanx of the 5th finger	شذوذ في نهاية العظمة الخارجية للبنصر
HP:0009199	Irregular epiphysis of the proximal phalanx of the 5th finger	نهاية غير منتظمة لعظمة البنصر الداخلية
HP:0009200	Pseudoepiphysis of the proximal phalanx of the 5th finger	مشاش كاذب لعظمة البنصر الداخلية
HP:0009201	Stippling of the epiphysis of the proximal phalanx of the 5th finger	ترسبات كالسيوم منقطة في نهاية عظمة البنصر الداخلية
HP:0009202	Fragmentation of the epiphysis of the proximal phalanx of the 5th finger	تجزؤ في نهاية عظمة البنصر الداخلية
HP:0009203	Absent epiphysis of the middle phalanx of the 5th finger	غياب النهاية لعظمة البنصر الوسطى
HP:5200220	Decreased facial expression mirroring	قلة تقليد تعابير الوجه
HP:5200221	Diminishment of comfort with casual physical contact	عدم ارتياح مع اللمس
HP:5200227	Thought blocking	توقف التفكير بشكل مفاجئ
HP:5200230	Maladaptive fear-related cognitions	تفكير غير سليم بسبب الخوف
HP:5200231	Hypervigilance	اليقظة الزائدة
HP:5200232	Phobia	خوف شديد وغير منطقي
HP:5200233	Anticipatory anxiety	القلق من المستقبل
HP:5200234	Flight of ideas	تشتت الأفكار والكلام
HP:5200237	Pronunciation difficulties	مشاكل في النطق
HP:5200238	Vowel expressive impediment	صعوبة في التعبير عن الأصوات
HP:0009204	Bracket epiphysis of the middle phalanx of the 5th finger	نهاية شكلها مثل الأقواس من العظم الأوسط للإصبع الصغير
HP:0009205	Cone-shaped epiphysis of the middle phalanx of the 5th finger	نهاية مخروطية الشكل للعظم الأوسط بالإصبع الصغير
HP:0009206	Enlarged epiphysis of the middle phalanx of the 5th finger	تضخم نهاية العظم الأوسط للإصبع الصغير
HP:0009207	Fragmentation of the epiphysis of the middle phalanx of the 5th finger	تفتيت نهاية العظم الأوسط للإصبع الصغير
HP:0009208	Irregular epiphysis of the middle phalanx of the 5th finger	نهاية غير منتظمة للعظم الأوسط للإصبع الصغير
HP:0009209	Ivory epiphysis of the middle phalanx of the 5th finger	زيادة كثافة العظم في نهاية العظم الأوسط للإصبع الصغير
HP:0009210	Pseudoepiphysis of the middle phalanx of the 5th finger	شبه الشريحة الغضروفية لعظم السنعي الأوسط للإصبع الخامس
HP:0009211	Small epiphysis of the middle phalanx of the 5th finger	نهاية صغيرة للعظم الأوسط للإصبع الصغير
HP:0009212	Stippling of the epiphysis of the middle phalanx of the 5th finger	ترسبات نقطية في نهاية العظم الأوسط للإصبع الصغير
HP:0009213	Triangular epiphysis of the middle phalanx of the 5th finger	نهاية مثلثة للجزء الأوسط من الإصبع الصغير
HP:0009214	Absent epiphysis of the middle phalanx of the 4th finger	غياب الجزء الطرفي من أصبع الخاتم
HP:0009215	Bracket epiphysis of the middle phalanx of the 4th finger	مشاشة على شكل قوس للعظمة الوسطى من أصبع الخاتم
HP:0006938	Impaired vibration sensation at ankles	انخفاض الإحساس بالاهتزاز في القدمين
HP:0006943	Diffuse spongiform leukoencephalopathy	التهاب الدماغ الأبيض الإسفنجي
HP:0006944	Abolished vibration sense	فقدان تام للإحساس بالاهتزاز
HP:0006946	Recurrent meningitis	التهاب السحايا المتكرر
HP:0006949	Episodic peripheral neuropathy	اعتلال الأعصاب هامشية متقطع
HP:0006951	Retrocerebellar cyst	كيس في المخيخ
HP:0006955	Olivopontocerebellar hypoplasia	نقص نمو المخيخ
HP:0006956	Lateral ventricle dilatation	توسع البطين في الدماغ
HP:5200239	Consonant expressive impediment	صعوبة في نطق الحروف
HP:5200240	Delayed spoken language comprehension	تأخر في فهم الكلام
HP:5200241	Recurrent maladaptive behavior	سلوك ضار متكرر
HP:5200242	Cognitive distortion	تفكير غير دقيق
HP:5200243	Abnormal change in social behavior	تغيير في التصرفات الاجتماعية
HP:5200261	Abnormal demeanor	سلوك غير عادي
HP:5200263	Abnormally increased volition	تحفيز زائد
HP:5200265	Pressured speech	كثرة الكلام بسرعة
HP:5200267	Leaden paralysis	ثقل في الأطراف
HP:5200270	Grandiosity	الشعور بالعظمة
HP:0006958	Abnormal auditory evoked potentials	مشاكل في الإشارات السمعية
HP:0006959	Proximal spinal muscular atrophy	ضعف وضمور عضلات بالقرب من العمود الفقري
HP:0006960	Choroid plexus calcification	ترسبات كالسيوم في الدماغ
HP:0006961	Jerky head movements	حركات مفاجئة في الرأس
HP:0006962	Gait instability, worse in the dark	صعوبة المشي في الظلام
HP:0006964	Cerebral cortical neurodegeneration	تلف القشرة الدماغية
HP:0006965	Acute necrotizing encephalopathy	التهاب دماغ حاد مع تلف
HP:0006970	Periventricular leukomalacia	تلف المادة البيضاء حول البطينات
HP:0006976	Necrotizing encephalopathy	تلف النسيج الدماغي
HP:0006977	Deficit in grammar	مشاكل في القواعد اللغوية
HP:5200271	Hopelessness	الإحساس باليأس
HP:5200273	Pathological sadness	الشعور بالحزن المستمر
HP:5200276	Decreased need for sleep	نوم قليل
HP:5200283	Sleep-related breathing disorders	مشاكل التنفس أثناء النوم
HP:5200287	Recurrent distressing nightmares	أحلام مرعبة
HP:5200288	Sleep-related eating behavior	الأكل أثناء النوم
HP:5200289	Microsleep	غفوة قصيرة
HP:5200290	Exploding head syndrome	سماع أصوات عالية في الرأس
HP:5200291	REM sleep behavior disorder	سلوكيات غير طبيعية أثناء النوم
HP:5200292	Non-restorative sleep	الاستيقاظ متعبًا
HP:5200293	Sleep-wake transition abnormality	اضطراب في التحول بين النوم واليقظة
HP:5200294	Sexsomnia	السلوك الجنسي أثناء النوم
HP:0100008	Schwannoma	ورم عصبي سليم
HP:0100009	Intracranial meningioma	ورم دماغي سحائي
HP:0100010	Spinal meningioma	ورم سحائي في العمود الفقري
HP:0100011	Scleral schwannoma	ورم في صُلبة العين
HP:0100012	Neoplasm of the eye	ورم في العين
HP:0100013	Neoplasm of the breast	ورم في الثدي
HP:0100014	Epiretinal membrane	غشاء على سطح الشبكية
HP:0100015	Stahl ear	زيادة حجم في الحلمة الأذنية
HP:0006978	Dysmyelinating leukodystrophy	اضطراب مادة بيضاء في الدماغ
HP:0006979	Sleep-wake cycle disturbance	مشاكل في النوم واليقظة
HP:0006980	Progressive leukoencephalopathy	تدهور مادة بيضاء الدماغ
HP:0006986	Upper limb spasticity	تشنجات في الذراعين
HP:0006988	Alobar holoprosencephaly	تشوه في الدماغ
HP:0006989	Dysplastic corpus callosum	تشكيل غير طبيعي للجسم الجاسيء
HP:0006990	Myelin-dependent gliosis	نسيج ندبي مرتبط بالميالين
HP:0006992	Anterior basal encephalocele	نتوء دماغي أمامي
HP:0006994	Diffuse leukoencephalopathy	تغيرات في المادة البيضاء
HP:0006999	Basal ganglia gliosis	تليف في العقد القاعدية
HP:0100026	Arteriovenous malformation	تشوه في الأوعية الدموية
HP:0100027	Recurrent pancreatitis	التهاب متكرر في البنكرياس
HP:0100028	Ectopic thyroid	موقع غير طبيعي للغدة الدرقية
HP:0100029	Lingual thyroid	الغدة الدرقية عند قاعدة اللسان
HP:0100030	Accessory ectopic thyroid tissue	جزء زائد من الغدة الدرقية في مكان غير طبيعي
HP:0100031	Neoplasm of the thyroid gland	سرطان الغدة الدرقية
HP:0100033	Tics	حركات متكررة لا إرادية
HP:0100034	Motor tics	حركات لا إرادية في العضلات
HP:0100035	Phonic tics	حركات صوتية لا إرادية
HP:0100036	Pseudo-fractures	كسور غير حقيقية في العظام
HP:0100016	Abnormal mesentery morphology	تشوه المساريق
HP:0100017	Capsular cataract	إعتام في كبسولة العدسة
HP:0100018	Nuclear cataract	مركز العدسة الضبابي المصفر
HP:0100019	Cortical cataract	إعتام في قشرة العدسة
HP:0100020	Posterior capsular cataract	إعتام في الطبقة الخلفية للعدسة
HP:0100021	Cerebral palsy	شلل دماغي
HP:0100022	Abnormality of movement	اضطراب في الحركة
HP:0100023	Recurrent hand flapping	رفرفة اليد
HP:0100024	Conspicuously happy disposition	شخص دائم السعادة
HP:0100025	Overfriendliness	ود زائد
HP:0100037	Abnormality of the scalp hair	شعر الرأس غير طبيعي
HP:0100038	Slow-growing scalp hair	شعر الرأس ينمو ببطء
HP:0100039	Thickened cortex of bones	سمك غير طبيعي لقشرة العظام
HP:0100040	Broad 2nd toe	اتساع في إصبع القدم الثاني
HP:0100041	Broad 3rd toe	اتساع في إصبع القدم الثالث
HP:0100042	Broad 4th toe	اتساع في إصبع القدم الرابع
HP:0100043	Broad 5th toe	اتساع في إصبع القدم الصغير
HP:0100044	Absent epiphyses of the 2nd toe	عدم وجود النهاية العظمية في الإصبع الثاني للقدم
HP:0100045	Bracket epiphyses of the 2nd toe	نهاية على شكل قوس في الإصبع الثاني للقدم
HP:0100046	Cone-shaped epiphyses of the 2nd toe	نهاية مخروطية في الإصبع الثاني للقدم
HP:0007000	Morning myoclonic jerks	حركات غير مستقرة صباحاً
HP:0007001	Loss of Purkinje cells in the cerebellar vermis	فقدان خلايا عصبية في المخيخ
HP:0007002	Motor axonal neuropathy	ضعف العضلات بسبب تلف الأعصاب
HP:0007006	Dorsal column degeneration	تلف العمود الظهري في الحبل الشوكي
HP:0007007	Cavitation of the basal ganglia	وجود ثقوب في العقد القاعدية
HP:0007009	Central nervous system degeneration	تدهور الجهاز العصبي المركزي
HP:0007010	Poor fine motor coordination	صعوبة في التحكم بحركات اليدين الدقيقة
HP:0007011	Fourth cranial nerve palsy	شلل في العصب المسؤول عن حركة العين
HP:0007015	Poor gross motor coordination	صعوبة في التحكم بحركات الجسم الكبيرة
HP:0007016	Corticospinal tract hypoplasia	نقص تطور المسالك الحركية الرئيسية
HP:0007017	Progressive forgetfulness	فقدان الذاكرة تدريجيًا
HP:0007018	Attention deficit hyperactivity disorder	فرط النشاط وقلة الانتباه عند الأطفال
HP:0007020	Progressive spastic paraplegia	تشنج تدريجي في الساقين
HP:0007021	Pain insensitivity	عدم الشعور بالألم
HP:0007023	Antenatal intracerebral hemorrhage	نزيف دماغي لدى الجنين
HP:0007024	Pseudobulbar paralysis	مشاكل في البلع والكلام
HP:0007027	Poorly formed metencephalon	تشوه في جزء من الدماغ
HP:0007029	Cerebral berry aneurysm	انتفاخ في الأوعية الدموية بالدماغ
HP:0007030	Nonprogressive encephalopathy	اعتلال دماغي لا يتفاقم
HP:0007033	Cerebellar dysplasia	تشوه في نمو المخيخ
HP:0100047	Enlarged epiphyses of the 2nd toe	تضخم طرف عظمة إصبع القدم الثانية
HP:0100048	Fragmentation of the epiphyses of the 2nd toe	تجزؤ طرف عظمة إصبع القدم الثانية
HP:0100049	Irregular epiphyses of the 2nd toe	عدم انتظام طرف عظمة إصبع القدم الثانية
HP:0100050	Ivory epiphyses of the 2nd toe	زيادة كثافة العظم في طرف إصبع القدم الثانية
HP:0100051	Pseudoepiphyses of the 2nd toe	شبه طرف عظمة إصبع القدم الثانية
HP:0100052	Small epiphyses of the 2nd toe	صغر طرف عظمة إصبع القدم الثانية
HP:0100053	Stippling of the epiphyses of the 2nd toe	تنقيط في طرف عظمة إصبع القدم الثانية
HP:0100054	Triangular epiphyses of the 2nd toe	مثلثية الشكل في طرف عظمة إصبع القدم الثانية
HP:0100055	Absent epiphyses of the 3rd toe	غياب طرف عظمة إصبع القدم الثالثة
HP:0100056	Bracket epiphyses of the 3rd toe	طرف عظمة على شكل قوس لإصبع القدم الثالثة
HP:0007034	Generalized hyperreflexia	فرط في ردود الفعل العصبية
HP:0007035	Anterior encephalocele	بروز في الدماغ من مقدمة الرأس
HP:0007036	Hypoplasia of olfactory tract	ضعف في الجهاز الشمي
HP:0007039	Symmetric T2-signal increase with T1-signal decrease in the putamen	تغيرات إشعاعية في الدماغ
HP:0007041	Chronic lymphocytic meningitis	التهاب السحايا طويل الأمد
HP:0007042	Focal white matter lesions	آفات دماغية
HP:0011742	Ectopic adrenal gland	موقع غير طبيعي للغدة الكظرية
HP:0011743	Adrenal gland agenesis	عدم وجود الغدة الكظرية
HP:0011744	Secondary hypercortisolism	زيادة الكورتيزول بسبب مشكلة أخرى
HP:0011745	Non-secretory adrenocortical adenoma	ورم غير نشط في الغدة الكظرية
HP:0100057	Cone-shaped epiphyses of the 3rd toe	نهاية مخروطية لإصبع القدم الثالث
HP:0100058	Enlarged epiphyses of the 3rd toe	نهاية كبيرة لإصبع القدم الثالث
HP:0100059	Fragmentation of the epiphyses of the 3rd toe	تجزؤ نهاية إصبع القدم الثالث
HP:0100060	Irregular epiphyses of the 3rd toe	نهاية غير منتظمة لإصبع القدم الثالث
HP:0100061	Ivory epiphyses of the 3rd toe	كثافة عظمية عالية لنهاية إصبع القدم الثالث
HP:0100062	Pseudoepiphyses of the 3rd toe	نهاية زائفة لإصبع القدم الثالث
HP:0100063	Small epiphyses of the 3rd toe	نهاية صغيرة لإصبع القدم الثالث
HP:0100064	Stippling of the epiphyses of the 3rd toe	نقاط في نهاية إصبع القدم الثالث
HP:0100065	Triangular epiphyses of the 3rd toe	نهاية مثلثة لإصبع القدم الثالث
HP:0100066	Absent epiphyses of the 4th toe	عدم وجود نهاية لإصبع القدم الرابع
HP:0100067	Bracket epiphyses of the 4th toe	نهاية مشبكية الشكل لعظم الإصبع الرابع
HP:0100068	Cone-shaped epiphyses of the 4th toe	نهاية مخروطية الشكل لعظم الإصبع الرابع
HP:0100069	Enlarged epiphyses of the 4th toe	تضخم نهاية العظم للإصبع الرابع
HP:0100070	Fragmentation of the epiphyses of the 4th toe	تنفتت نهاية العظم للإصبع الرابع
HP:0100071	Irregular epiphyses of the 4th toe	نهاية عظمية غير منتظمة للإصبع الرابع
HP:0100072	Ivory epiphyses of the 4th toe	جسم صلب ومكثف لعظم الإصبع الرابع
HP:0100073	Pseudoepiphyses of the 4th toe	نهاية عظمية كاذبة للإصبع الرابع
HP:0100074	Small epiphyses of the 4th toe	نهاية عظمية صغيرة للإصبع الرابع
HP:0100075	Stippling of the epiphyses of the 4th toe	بقع نقطية في عظم الإصبع الرابع
HP:0100076	Triangular epiphyses of the 4th toe	نهاية عظمة مثلثة للإصبع الرابع
HP:0011746	Secretory adrenocortical adenoma	ورم في الغدة الكظرية ينتج هرمونات زائدة
HP:0011747	Abnormality of the anterior pituitary	مشاكل في الغدة النخامية الأمامية
HP:0011748	Adrenocorticotropic hormone deficiency	نقص في هرمون يحفز الغدة الكظرية
HP:0011749	Adrenocorticotropic hormone excess	زيادة في هرمون يحفز الغدة الكظرية
HP:0011750	Neoplasm of the anterior pituitary	ورم في الغدة النخامية الأمامية
HP:0011751	Abnormal posterior pituitary morphogenesis	مشاكل في الفص الخلفي للغدة النخامية
HP:0011752	Neoplasm of the posterior pituitary	ورم في الغدة النخامية الخلفية
HP:0011753	Posterior pituitary dysgenesis	تطور غير طبيعي لفص الغدة النخامية الخلفي
HP:0011754	Pituicytoma	نوع من الورم في الفص الخلفي
HP:0011755	Ectopic posterior pituitary	موقع غير طبيعي للفص الخلفي
HP:0011756	Posterior pituitary agenesis	غياب الفص الخلفي للنخامية
HP:0011757	Posterior pituitary hypoplasia	ضعف نمو الفص الخلفي للنخامية
HP:0011758	Pituitary acidophilic stem cell adenoma	ورم خلايا حمضية بالنخامية
HP:0011759	Pituitary gonadotropic cell adenoma	ورم هرمونات تناسلية للنخامية
HP:0011760	Pituitary growth hormone cell adenoma	ورم هرمون النمو بالنخامية
HP:0011761	Pituitary null cell adenoma	ورم هادئ بالنخامية
HP:0011762	Pituitary thyrotropic cell adenoma	ورم ثايروتروبين بالنخامية
HP:0011763	Pituitary carcinoma	سرطان بالنخامية
HP:0011764	Pituitary spindle cell oncocytoma	ورم مغزلي بالنخامية
HP:0011766	Abnormal parathyroid morphology	خلل في شكل الجار الدرقية
HP:0011767	Abnormality of the parathyroid physiology	مشاكل في الغدة الجار درقية
HP:0011768	Parathyroid dysgenesis	نمو غير طبيعي للغدة الجار درقية
HP:0011769	Ectopic parathyroid	مكان غير طبيعي للغدة الجار درقية
HP:0011770	Tertiary hyperparathyroidism	مشاكل في الغدة بعد زراعة الكلى
HP:0011771	Autoimmune hypoparathyroidism	نقص نشاط الغدة بسبب المناعة الذاتية
HP:0011772	Abnormal thyroid morphology	شكل غير طبيعي للغدة الدرقية
HP:0011773	Uninodular goiter	تضخم في الغدة بسبب عقدة واحدة
HP:0011774	Thyroid follicular adenoma	ورم حميد في نسيج الغدة الدرقية
HP:0011775	Thyroid macrofollicular adenoma	ورم حميد كبير في الغدة الدرقية
HP:0011776	Thyroid microfollicular adenoma	ورم حميد صغير في الغدة الدرقية
HP:0100077	Absent epiphyses of the 5th toe	غياب الجزء النهائي من إصبع القدم الصغير
HP:0100078	Bracket epiphyses of the 5th toe	شكل مقوّس لنهاية عظمة الإصبع الصغير
HP:0100079	Cone-shaped epiphyses of the 5th toe	شكل مخروطي لنهاية عظمة الإصبع الصغير
HP:0100080	Enlarged epiphyses of the 5th toe	كبر حجم نهاية عظمة الإصبع الصغير
HP:0100081	Fragmentation of the epiphyses of the 5th toe	تكسر نهاية عظمة الإصبع الصغير
HP:0100082	Irregular epiphyses of the 5th toe	شكل غير منتظم لنهاية عظمة الإصبع الصغير
HP:0100083	Ivory epiphyses of the 5th toe	نهاية عظمية كثيفة صلبة للإصبع الصغير
HP:0100084	Pseudoepiphyses of the 5th toe	مشاشة غير مكتملة في الإصبع الصغير
HP:0100085	Small epiphyses of the 5th toe	حجم صغير لنهاية عظمة الإصبع الصغير
HP:0100086	Stippling of the epiphyses of the 5th toe	وجود نقاط صغيرة في نهاية عظمة الإصبع الصغير
HP:0010386	Curved 5th toe phalanx	انحناء عظام إصبع القدم الصغير
HP:0010387	Osteolytic defects of the phalanges of the 5th toe	تآكل عظام إصبع القدم الصغير
HP:0010388	Patchy sclerosis of 5th toe phalanx	زيادة غير متساوية في كثافة عظم إصبع القدم الصغير
HP:0010389	Symphalangism affecting the phalanges of the 5th toe	التصاق عظام إصبع القدم الصغير
HP:0010390	Triangular shaped phalanges of the 5th toe	عظم إصبع القدم الصغير مثلث الشكل
HP:0010391	Duplication of the phalanges of the 5th toe	ازدواجية عظام إصبع القدم الصغير
HP:0010392	Abnormality of the distal phalanx of the 5th toe	تشوه العظم الأبعد في إصبع القدم الصغير
HP:0010393	Abnormality of the middle phalanx of the 5th toe	تشوه العظم الأوسط في إصبع القدم الصغير
HP:0010394	Abnormal morphology of the proximal phalanx of the 5th toe	تشوه العظم الأقرب في إصبع القدم الصغير
HP:0010395	Aplasia/hypoplasia of the proximal phalanx of the 2nd toe	غياب أو قلة نمو عظم الإصبع الثاني
HP:0100087	Triangular epiphyses of the 5th toe	طرف مثلث لعظمة إصبع القدم الصغير
HP:0100088	Abnormality of the epiphysis of the distal phalanx of the 2nd toe	شذوذ في نهاية عظمة إصبع القدم الثاني
HP:0100089	Abnormality of the epiphysis of the middle phalanx of the 2nd toe	شذوذ في نهاية العظمة الوسطى للإصبع الثاني
HP:0100090	Abnormality of the epiphysis of the proximal phalanx of the 2nd toe	شذوذ في نهاية العظمة القريبة للإصبع الثاني
HP:0100091	Abnormality of the epiphysis of the distal phalanx of the 3rd toe	شذوذ في نهاية العظمة البعيدة للإصبع الثالث
HP:0100092	Abnormality of the epiphysis of the middle phalanx of the 3rd toe	شذوذ في نهاية العظمة الوسطى للإصبع الثالث
HP:0100093	Abnormality of the epiphysis of the proximal phalanx of the 3rd toe	شذوذ في نهاية العظمة القريبة للإصبع الثالث
HP:0100094	Abnormality of the epiphysis of the distal phalanx of the 4th toe	شذوذ في نهاية العظمة البعيدة للإصبع الرابع
HP:0034380	Juvenile type testicular granulosa cell tumor	ورم خصية للأطفال
HP:0034381	Central nervous system axonal spheroid	فجوات في الأعصاب
HP:0011777	Thyroid papillary adenoma	ورم في الغدة الدرقية
HP:0011778	Thyroid atypical adenoma	ورم في الغدة الدرقية
HP:0011779	Anaplastic thyroid carcinoma	سرطان في الغدة الدرقية
HP:0011780	Thyroid hemiagenesis	غدة درقية غير مكتملة
HP:0010380	Abnormality of the distal phalanx of the 4th toe	شذوذ في الأصبع الرابع من القدم
HP:0010381	Abnormality of the middle phalanx of the 4th toe	شذوذ في الأصبع الرابع من القدم
HP:0010382	Abnormal morphology of the proximal phalanx of the 4th toe	شذوذ في الأصبع الرابع من القدم
HP:0010383	Aplasia/Hypoplasia of the phalanges of the 5th toe	عدم وجود عظام الأصبع الخامس من القدم
HP:0010384	Broad phalanges of the 5th toe	عرض عظام الأصبع الخامس من القدم
HP:0010385	Bullet-shaped 5th toe phalanx	شكل عظم الرصاصة للإصبع الخامس من القدم
HP:0010396	Broad proximal phalanx of the 2nd toe	عظمة إصبع القدم الثانية الكبيرة
HP:0010397	Bullet-shaped proximal phalanx of the 2nd toe	عظمة إصبع القدم الثانية على شكل رصاصة
HP:0010398	Curved proximal phalanx of the 2nd toe	عظمة إصبع القدم الثانية المنحنية
HP:0010399	Osteolytic defects of the proximal phalanx of the 2nd toe	عيوب عظمية في إصبع القدم الثانية
HP:0010400	Patchy sclerosis of the proximal phalanx of the 2nd toe	زيادة غير متساوية في كثافة عظمة إصبع القدم الثانية
HP:0010401	Symphalangism affecting the proximal phalanx of the 2nd toe	اندماج عظمة إصبع القدم الثانية
HP:0010402	Triangular shaped proximal phalanx of the 2nd toe	عظمة مثلثة لإصبع القدم الثانية
HP:0010403	Duplication of the proximal phalanx of the 2nd toe	ازدواجية عظمة إصبع القدم الثانية
HP:0010404	Aplasia/Hypoplasia of the middle phalanx of the 2nd toe	عدم وجود/صغر عظمة إصبع القدم الثانية الوسطى
HP:0010405	Broad middle phalanx of the 2nd toe	عظمة إصبع القدم الثانية الوسطى الكبيرة
HP:0034382	Disease remission	تحسن حال المرض
HP:0034383	Elevated circulating biliverdin concentration	ارتفاع البيليفردين في الدم
HP:0034384	Elevated circulating insulin:C-peptide ratio	ارتفاع نسبة الأنسولين في الدم
HP:0034385	Abnormal left ventricular endsystolic diameter	قياس غير طبيعي للقلب
HP:0034386	Reduced left ventricular endsystolic diameter	قياس منخفض للقلب
HP:0034387	Bacterial encephalitis	عدوى بكتيرية بالدماغ
HP:0034388	Hilar lymph node enlargement	تضخم العقد اللمفاوية
HP:0034389	Pulmonary vein varix	توسع الأوردة الرئوية
HP:0034390	Decreased CSF glycine concentration	انخفاض الجلايسين في السائل الشوكي
HP:0034391	Elbow contracture	تصلب الكوع
HP:0010406	Bullet-shaped middle phalanx of the 2nd toe	عظمة وسطية شكل طلقة للسلامية الثانية
HP:0010407	Curved middle phalanx of the 2nd toe	عظمة وسطية منحنية للسلامية الثانية
HP:0010408	Osteolytic defects of the middle phalanx of the 2nd toe	تشوهات في عظمة السلامية الثانية
HP:0010409	Patchy sclerosis of the middle phalanx of the 2nd toe	زيادة كثافة العظم بشكل غير متساوي للسلامية الثانية
HP:0010410	Symphalangism affecting the middle phalanx of the 2nd toe	اندماج العظمة الوسطى للسلامية الثانية
HP:0010411	Triangular shaped middle phalanx of the 2nd toe	عظمة وسطية مثلثة الشكل للسلامية الثانية
HP:0010412	Duplication of the middle phalanx of the 2nd toe	تضاعف العظمة الوسطى للسلامية الثانية
HP:0010413	Aplasia/Hypoplasia of the distal phalanx of the 2nd toe	غياب/صغر العظمة الأطرافية للسلامية الثانية
HP:0010414	Broad distal phalanx of the 2nd toe	العظمة الأطرافية العريضة للسلامية الثانية
HP:0010415	Bullet-shaped distal phalanx of the 2nd toe	عظمة أطرافية شكل طلقة للسلامية الثانية
HP:0010416	Curved distal phalanx of the 2nd toe	العظمة المنحنية لطرف الإصبع الثاني
HP:0010417	Osteolytic defects of the distal phalanx of the 2nd toe	تآكل في طرف الإصبع الثاني
HP:0010418	Patchy sclerosis of the distal phalanx of the 2nd toe	زيادة غير متساوية في كثافة العظم في طرف الإصبع الثاني
HP:0010419	Symphalangism affecting the distal phalanx of the 2nd toe	التحام عظمة طرف الإصبع الثاني
HP:0010420	Triangular shaped distal phalanx of the 2nd toe	العظمة المثلثة لطرف الإصبع الثاني
HP:0010421	Duplication of the distal phalanx of the 2nd toe	تضاعف عظمة طرف الإصبع الثاني
HP:0010422	Complete duplication of the proximal phalanx of the 2nd toe	تضاعف كامل لعظمة قاعدة الإصبع الثاني
HP:0010423	Partial duplication of the proximal phalanx of the 2nd toe	تضاعف جزئي لعظمة قاعدة الإصبع الثاني
HP:0010424	Complete duplication of the distal phalanx of the 2nd toe	تضاعف كامل لعظمة طرف الإصبع الثاني
HP:0010425	Partial duplication of the distal phalanx of the 2nd toe	تضاعف جزئي لعظمة طرف الإصبع الثاني
HP:0034392	Joint contracture	تصلب في المفاصل
HP:0034393	Elbow extension contracture	عدم قدرة على ثني المرفق
HP:0034394	Forearm supination contracture	تصلب روتين الساعد
HP:0034395	Forearm pronation contracture	تصلب دوران الساعد
HP:4000092	Poor conversational reciprocity	صعوبة في التواصل
HP:4000093	Ectopic tooth eruption	طلوع الأسنان في المكان الخطأ
HP:4000094	Corpus cavernosum hypoplasia	قلة نمو العضو الكهفي
HP:4000095	Elevated circulating thymine concentration	زيادة الثايمين في الدم
HP:4000100	Positive lactose hydrogen breath test	اختبار اللاكتوز إيجابي
HP:4000101	Triggered by exposure to medication	ناتج عن الدواء
HP:4000112	Medication history	قائمة الأدوية التي تناولها الشخص
HP:4000113	Aminoglycoside exposure	تناول مضادات حيوية أمينوجليكوسيد
HP:4000114	Statin exposure	تناول أدوية الكوليسترول
HP:4000115	Potassium-sparing diuretic exposure	تناول أدوية مدرة للبول لا تفقد البوتاسيوم
HP:4000116	Carbamazepine exposure	تناول دواء كاربامازيبين
HP:4000117	Valproate exposure	تناول دواء فالبروات
HP:4000118	Hydralazine exposure	تناول دواء هيدرالازين
HP:4000119	Calcium channel blocker exposure	تناول أدوية حاصرة لقنوات الكالسيوم
HP:4000120	Triggered by nickel	حساسية من النيكل
HP:4000121	Triggered by poison ivy, poson oak, or sumac	حساسية من نباتات سامة
HP:4000102	Triggered by allopurinol	الحالة التي تحدث بسبب الألوبورينول
HP:4000103	Ameliorated by oral zinc supplementation	التحسن بتناول مكملات الزنك
HP:4000104	Curved dental root	جذر الأسنان المنحني
HP:4000105	Abnormal four chamber view of the fetal heart	مشهد غير طبيعي لحجرات قلب الجنين
HP:4000106	Spleen hamartoma	كتلة حميدة في الطحال
HP:4000107	Positive lupus band test	اختبار إيجابي لحزمة الذئبة
HP:4000108	Bone marrow erythroid vacuolization	فراغات في خلايا الدم الحمراء في النخاع العظمي
HP:4000109	Triggered by electromagnetic field	الحالة التي تحدث بسبب حقل كهرومغناطيسي
HP:4000110	Exposure history	معلومات عن تعرضك للعوامل المختلفة
HP:4000111	Asbestos exposure	تاريخ التعرض للأسبستوس
HP:0010426	Complete duplication of the middle phalanx of the 2nd toe	ازدواج كامل لعظمة الإصبع الثاني
HP:0010427	Partial duplication of the middle phalanx of the 2nd toe	ازدواج جزئي لعظمة الإصبع الثاني
HP:0010428	Partial duplication of phalanx of the 2nd toe	ازدواج جزئي لعظمة الإصبع الثاني
HP:0010429	Complete duplication of the phalanges of the 2nd toe	ازدواج كامل لعظام الإصبع الثاني
HP:0010430	Aplasia of the phalanges of the 2nd toe	غياب عظام الإصبع الثاني
HP:0010431	Short phalanx of the 2nd toe	قصر عظمة الإصبع الثاني
HP:0010432	Absent distal phalanx of the 2nd toe	غياب العظمة الخارجية للإصبع الثاني
HP:0010433	Short distal phalanx of the 2nd toe	قصر العظمة الخارجية للإصبع الثاني
HP:0010434	Aplasia of the middle phalanx of the 2nd toe	غياب العظمة الوسطى للإصبع الثاني
HP:0010435	Short middle phalanx of the 2nd toe	قصر العظمة الوسطى للإصبع الثاني
HP:4000122	History of exclusive breast feeding	تغذية الطفل فقط بحليب الأم
HP:4000123	Nutrition history	ما يأكله الشخص بشكل عام
HP:4000124	High dietary oxalate intake	تناول الأطعمة الغنية بالأكسالات
HP:4000125	Recent honey ingestion	أكل العسل في الأسابيع الأخيرة
HP:4000126	Raw egg-white ingestion	أكل بياض البيض النيء
HP:4000127	Exacerbated by sodium channel blocking agent exposure	يزداد سوءًا بسبب بعض الأدوية
HP:4000128	Addictive nitrous oxide use	إدمان أكسيد النيتروز
HP:4000129	Recent blood transfusion	تلقي نقل دم مؤخراً
HP:4000130	Ameliorated by colchicine	الأعراض تتحسن باستخدام الكولشيسين
HP:4000131	Ameliorated by vitamin D	الأعراض تتحسن باستخدام فيتامين D
HP:0001772	Talipes equinovalgus	تشوه القدم
HP:0001773	Short foot	أقدام صغيرة
HP:0001775	Tarsal osteovalgus	القدم المشوهة
HP:0001776	Bilateral talipes equinovarus	تشوه القدمين
HP:0001780	Abnormal toe morphology	تشوه الأصابع
HP:0001782	Bulbous tips of toes	أطراف الأصابع الكبيرة
HP:0001783	Broad metatarsal	عظم القدم العريض
HP:0001785	Ankle swelling	تورم الكاحل
HP:0001786	Narrow foot	القدم الضيقة
HP:0001787	Abnormal delivery	الولادة الصعبة
HP:0001788	Premature rupture of membranes	تمزق الكيس قبل الولادة
HP:0001789	Hydrops fetalis	تراكم السوائل في الجنين
HP:0001790	Nonimmune hydrops fetalis	استسقاء جنيني بدون سبب مناعي
HP:0001791	Fetal ascites	تجمع السوائل في بطن الجنين
HP:0001792	Small nail	أظافر صغيرة
HP:0001795	Hyperconvex nail	انحناء زائد للأظافر
HP:0001798	Anonychia	غياب الأظافر
HP:0001799	Short nail	أظافر قصيرة
HP:0001800	Hypoplastic toenails	أظافر القدم غير مكتملة النمو
HP:0001802	Absent toenail	لا توجد أظافر للقدم
HP:4000132	Exacerbated by phenytoin exposure	تفاخم الأعراض بسبب الفينيتوين
HP:4000133	Triggered by angiotensin-converting enzyme inhibitor	محفز الهجمات بواسطة مثبطات الأنزيم المحول للأنجيوتنسين
HP:4000134	Prostaglandin E1 exposure	معالجة ببروستاجلاندين إي1
HP:4000135	5-fluorouracil exposure	معالجة بفلورويوراسيل 5
HP:4000136	6-mercaptopurine exposure	معالجة ب6-ميركابتوبيورين
HP:4000137	Isoniazid exposure	معالجة بأيزونيازيد
HP:4000138	Absent cavum septum pellucidum	غياب الحاجز الشفاف في الجنين
HP:4000139	Fetal abdominal cyst	كيس في بطن الجنين
HP:4000140	Fetal bowel dilatation	اتساع الأمعاء في الجنين
HP:4000141	Left ventricular dilatation	تضخم البطين الأيسر
HP:0001803	Nail pits	نقر في الأظافر
HP:0001804	Hypoplastic fingernail	ظفر صغير
HP:0001805	Onychogryphosis	ظفر سميك
HP:0001806	Onycholysis	انفصال الظفر
HP:0001807	Ridged nail	خطوط في الظفر
HP:0001808	Fragile nails	أظافر تتكسر بسهولة
HP:0001809	Split nail	انقسام طولي للظفر
HP:0001810	Dystrophic toenail	تكوين ضعيف لظفر أصبع القدم
HP:0001812	Hyperconvex fingernails	أظافر مقوسة بشدة
HP:0001814	Deep-set nails	الأظافر العميقة
HP:4000142	Fetal trigonocephaly	شكل الجمجمة مثل الفراولة للجنين
HP:4000143	Abnormal fetal heart outflow tract	خلل في مخرج القلب للجنين
HP:4000144	Recent past medical history	التاريخ الطبي السابق القريب
HP:4000145	History of recent viral illness	تعرض لفيروس قريب
HP:4000146	History of recent dental procedure	إجراء طبي للأسنان مؤخراً
HP:4000147	Abnormal hepatic artery morphology	خلل في شريان الكبد
HP:4000148	Hepatic artery hyperplasia	زيادة حجم الشريان الكبدي
HP:4000149	Lymph node necrosis	تحلل العقد اللمفاوية
HP:4000150	Multinucleated neuron	خلية عصبية بأكثر من نواة
HP:4000151	History of recent contralateral injury	إصابة سابقة في الجهة المعاكسة للجسم
HP:0001816	Thin nail	أظافر رقيقة
HP:0001817	Absent fingernail	فقدان الأظفر
HP:0001818	Paronychia	التهاب حول الظفر
HP:0001820	Leukonychia	بياض الأظافر
HP:0001821	Broad nail	أظافر عريضة
HP:0001822	Hallux valgus	نتوء عظمي في القدم
HP:0011973	Paroxysmal lethargy	نوبات من التعب المفاجئ
HP:0011974	Myelofibrosis	تليف نخاع العظام
HP:0011975	Aminoglycoside-induced hearing loss	فقدان السمع بسبب المضادات الحيوية
HP:0011976	Elevated urinary catecholamine level	زيادة في الكاتيكولامينات البولية
HP:4000152	Alternating laterality	التناوب بين الجانبين
HP:4000153	Cervical squamous cell papilloma	ورم حميد في عنق الرحم
HP:4000154	Liver leiomyoma	ورم حميد في الكبد
HP:4000158	Typified by high penetrance	احتمالية مرتفعة لظهور المرض بالجينات المعينة
HP:4000159	Typified by moderate penetrance	احتمالية معتدلة لظهور المرض بالجينات المعينة
HP:4000160	Typified by low penetrance	احتمالية منخفضة لظهور المرض بالجينات المعينة
HP:4000162	Decreased Succinyl-CoA 3-ketoacid CoA transferase activity	انخفاض نشاط الإنزيم
HP:4000163	Reduced phytanic acid oxidase activity in cultured fibroblasts	انخفاض نشاط الإنزيم في الخلايا الليفية
HP:4000164	Reduced bifunctional protein activity	انخفاض نشاط البروتين
HP:4000165	Decreased circulating plasmalogen concentration	انخفاض نسبة البلازمالوجين في الدم
HP:0011977	Elevated urinary homovanillic acid	زيادة حامض الهوموفنيلفيك في البول
HP:0011978	Elevated urinary vanillylmandelic acid	زيادة حامض الفانيللمنديليك في البول
HP:0011979	Elevated urinary dopamine level	زيادة الدوبامين في البول
HP:0011980	Cholesterol gallstones	حصى المرارة من الكوليسترول
HP:0011981	Pigment gallstones	حصى المرارة من الصبغة
HP:0011982	Black pigment gallstones	حصى المرارة السوداء
HP:0011983	Brown pigment gallstones	حصى المرارة البنية
HP:0011984	Atretic gallbladder	فشل تكون المرارة
HP:0011985	Acholic stools	براز بلون الطين
HP:0011986	Ectopic ossification	تكوين العظام في أنسجة غير طبيعية
HP:4000176	Aggravated by exposure to medication	تفاقم الأعراض بسبب الدواء
HP:4000177	Bleeding ameliorated by vitamin K	النزيف الذي يقل بفيتامين ك
HP:4000178	Anti-retroviral therapy exposure	تاريخ استخدام علاج مضادات الفيروسات
HP:4000179	Potassium-wasting diuretic exposure	استخدام مدرات البول التي تفقد البوتاسيوم
HP:4000180	Tricyclic antidepressant exposure	استخدام مضادات الاكتئاب ثلاثية الحلقات
HP:4000181	Excessive dental attrition	تآكل شديد في الأسنان
HP:4000182	Positionally dependent pain	الألم الذي يزداد بتغيير الوضعية
HP:4000183	Abnormal erythrocyte adenosine triphosphate concentration	تغير مستوى الطاقة في كريات الدم الحمراء
HP:4000184	Reduced erythrocyte adenosine triphosphate concentration	انخفاض مستوى الطاقة في كريات الدم الحمراء
HP:4000186	Elevated erythrocyte adenosine triphosphate concentration	ارتفاع مستوى الطاقة في كريات الدم الحمراء
HP:4000166	Post-vaccination varicella zoster virus infection	عدوى بعد لقاح الحماق
HP:4000167	Recent steroid exposure	استخدام حديث للستيرويدات
HP:4000168	Shark teeth	صف مزدوج من الأسنان
HP:4000169	Pontine T2 hypointensity	انخفاض إشارة في منطقة الدماغ
HP:4000170	Anti-platelet antigen antibody positivity	أجسام مضادة للصفائح الدموية
HP:4000171	Anti-voltage-gated potassium channel antibody positivity	أجسام مضادة لقنوات البوتاسيوم
HP:4000172	Vegan diet	النظام النباتي
HP:4000173	History of previous pregnancy with hydrops fetalis	تاريخ استسقاء الجنين في حمل سابق
HP:4000174	Ameliorated by potassium supplements	تحسن باستخدام البوتاسيوم
HP:4000175	Ameliorated by niacin	تحسن باستخدام النياسين
HP:0011987	Ectopic ossification in muscle tissue	تصلب في نسيج العضلات
HP:0011988	Ectopic ossification in tendon tissue	تصلب في نسيج الأوتار
HP:0011989	Ectopic ossification in ligament tissue	تصلب في نسيج الأربطة
HP:0011990	Abnormal neutrophil physiology	خلل في وظيفة خلايا الدم البيضاء
HP:0011991	Abnormal total neutrophil count	تغير في عدد خلايا الدم البيضاء
HP:0011992	Abnormal neutrophil morphology	تغير في شكل خلايا الدم البيضاء
HP:0011993	Impaired neutrophil bactericidal activity	ضعف في مقاومة خلايا الدم البيضاء للبكتيريا
HP:0011994	Abnormal atrial septum morphology	خلل في الجدار الذي يفصل بين حجرات القلب
HP:0011995	Atrial septal dilatation	انتفاخ في الجدار الفاصل بين حجرات القلب
HP:0011996	Elevated coagulation factor V activity	زيادة نشاط بروتين في الدم يساهم في التجلط
HP:0011997	Postprandial hyperlactemia	زيادة حمض اللاكتيك بعد الأكل
HP:0008142	Delayed calcaneal ossification	تأخر نضوج عظم الكعب
HP:0008144	Flattening of the talar dome	تسطح عظم الكاحل
HP:0008148	Impaired epinephrine-induced platelet aggregation	تأثر تجمع الصفائح بتأثير الأدرينالين
HP:0008150	Elevated serum transaminases during infections	زيادة إنزيمات الكبد في العدوى
HP:0008151	Prolonged prothrombin time	تطويل زمن تخثر الدم
HP:0008153	Periodic hypokalemic paresis	ضعف عضلي دوري مع نقص البوتاسيوم
HP:0008155	Mucopolysacchariduria	زيادة المواد المخاطية في البول
HP:0008158	Hyperapobetalipoproteinemia	زيادة بروتينات دم معينة
HP:0008160	3-hydroxydicarboxylic aciduria	زيادة حمض معين في البول
HP:0008161	Absent leukocyte alkaline phosphatase	عدم وجود الإنزيم القلوي في خلايا الدم البيضاء
HP:0008162	Asymptomatic hyperammonemia	زيادة غير ملحوظة للأمونيا في الدم
HP:0008163	Decreased circulating cortisol level	مستوى منخفض من الكورتيزول في الدم
HP:0008166	Decreased beta-galactosidase activity	نشاط إنزيم بيتا-جالاكتوسيداز منخفض
HP:0008167	Very long chain fatty acid accumulation	تراكم الأحماض الدهنية الطويلة في الجسم
HP:0008169	Reduced factor VII activity	نقص نشاط العامل السابع للتخثر
HP:0008176	Neonatal unconjugated hyperbilirubinemia	اصفرار الجلد الشديد لحديثي الولادة
HP:0008178	Abnormal cartilage matrix	خلل في الأنسجة الغضروفية
HP:0008179	Decreased Arden ratio of electrooculogram	انخفاض قراءة فحص العيون
HP:0008180	Mildly elevated creatine kinase	ارتفاع بسيط في إنزيم عضة العضلات
HP:6001283	Disseminated candidiasis	عدوى فطرية شاملة
HP:6001284	Phrenic neuropathy	خلل في العصب الحجابي
HP:6001285	Glomerular basement membrane subendothelial remodeling	تغير في بطانة الأسس الكبيبي
HP:6001286	Glomerular endothelium swelling	انتفاخ البطانة الكبيبية
HP:6001287	Medullary collecting duct ectasia	توسيع القنوات في الكلية
HP:6001289	Corneal keloid	ندبة على القرنية
HP:6001290	Podocytic mitochondrial proliferation	زيادة في ميتوكوندريا الخلايا الكلوية
HP:6001291	Elevated vitamin D metabolite ratio	زيادة في تحليل فيتامين د
HP:6001292	Aggravated by vitamin D supplementation	يزداد سوءًا مع فيتامين د
HP:6001293	Aggravated by sun exposure	يزداد سوءًا مع الشمس
HP:4000187	Spermatogonial maturation arrest	توقف نضج الخلايا المنوية
HP:4000189	Elevated circulating neuron-specific enolase concentration	ارتفاع إنزيم في الدم
HP:6001275	Tibialis anterior tendon rupture	تمزق وتر في القدم
HP:6001276	Decreased circulating ADAMTS13 activity	انخفاض نشاط إنزيم في الدم
HP:6001277	Abnormal methacholine challenge test	نتيجة غير طبيعية لاختبار رئوي
HP:6001278	Positive stool glutamate dehydrogenase test	اختبار إيجابي لبكتيريا في البراز
HP:6001279	Retrocorneal membrane	غشاء خلف العين
HP:6001280	Adrenal hemorrhage	نزيف في الغدة الكظرية
HP:6001281	Optic nerve sheath dilatation	كبر غمد العصب البصري
HP:6001282	Right ventricular thrombus	جلطة دموية في القلب
HP:6001294	Tubular accumulation of uromodulin	تراكم بروتين في الكلى
HP:6001295	Elevated stool reducing substances	زيادة في سكر البراز
HP:6001296	Osteochondral lesion of talus	إصابة في غضروف الكاحل
HP:6001297	Mallet toe	تشوه إصبع القدم
HP:6001298	Bunionette deformity	نتوء في إصبع القدم الصغير
HP:6001299	Elevated CSF beta chorionic gonadotropin concentration	ارتفاع هرمون في السائل النخاعي
HP:6001300	Pigment epithelium detachment	انفصال في العين
HP:6001301	Retinal gliosis	نمو غير طبيعي في الشبكية
HP:6001302	Aphakia	عدم وجود عدسة في العين
HP:6001303	Pain on thumb extension	ألم عند تحريك الإبهام
HP:6001304	Fractured lunate bone	كسر في عظم المعصم
HP:6001305	Fractured triquetrum bone	كسر في عظم المعصم
HP:6001306	Fractured pisiform bone	كسر في عظم المعصم
HP:6001307	Fractured trapezium bone	كسر في عظم المعصم
HP:6001308	Fractured trapezoid bone	كسر في عظم المعصم
HP:6001309	Fractured capitate bone	كسر في عظم المعصم
HP:6001310	Fractured hamate bone	كسر في عظم المعصم
HP:6001311	Pulsatile abdominal mass	ورم نابض في البطن
HP:6001312	Nonpulsatile abdominal mass	ورم ثابت في البطن
HP:6001313	Iatrogenic anophthalmos	استئصال العين الجراحي
HP:0008181	Abetalipoproteinemia	غياب الكوليسترول الدهني منخفض الكثافة في الدم
HP:0008182	Adrenocortical hypoplasia	الطبقة الخارجية الصغيرة للغدة الكظرية
HP:0008185	Precocious puberty in males	البلوغ المبكر عند الأولاد
HP:0008186	Adrenocortical cytomegaly	وجود خلايا كبيرة في الغدة الكظرية
HP:0008187	Absence of secondary sex characteristics	عدم ظهور علامات البلوغ
HP:0008188	Thyroid dysgenesis	خلل تطور الغدة الدرقية
HP:0008189	Insulin insensitivity	مقاومة الجسم للإنسولين
HP:0008191	Thyroid agenesis	غياب الغدة الدرقية
HP:0008193	Primary gonadal insufficiency	فشل وظيفة الغدد التناسلية
HP:0008194	Multiple pancreatic beta-cell adenomas	أورام في خلايا البنكرياس
HP:6001314	Reduced erythrocyte glutathione peroxidase	انخفاض إنزيم في الدم
HP:6001315	Elevated circulating malonyl carnitine concentration	زيادة مادة في الدم
HP:6001316	Sertoli cell hypoplasia	قلة خلايا في الخصية
HP:6001317	Positive talar tilt test	اختبار خلل الكاحل
HP:6001318	Plantar ecchymosis	كدمة في باطن القدم
HP:6001319	Prolonged exposure to axillary pressure	ضغط طويل على الإبط
HP:6001320	Lateral ankle pain	وجع في جانب الكاحل
HP:6001321	Medial ankle pain	وجع في داخل الكاحل
HP:6001322	Posterior ankle pain	وجع في خلف الكاحل
HP:6001323	Anterior ankle pain	وجع في مقدمة الكاحل
HP:0008197	Absence of pubertal development	عدم البلوغ
HP:0008198	Congenital hypoparathyroidism	نقص هرمون الغدة الجار درقية الولادي
HP:0008200	Primary hyperparathyroidism	فرط نشاط الغدة الجار درقية
HP:0008202	Reduced circulating prolactin concentration	نقص البرولاكتين
HP:0008204	Precocious puberty with Sertoli cell tumor	بلوغ مبكر مع ورم
HP:0008205	Insulin-dependent but ketosis-resistant diabetes	سكري معتمد على الإنسولين بدون كيتونات
HP:0008207	Primary adrenal insufficiency	داء أديسون
HP:0008208	Parathyroid hyperplasia	تضخم الغدة الجار درقية
HP:0008209	Premature ovarian insufficiency	انقطاع الطمث المبكر
HP:0008211	Parathyroid agenesis	عدم وجود الغدة الجار درقية
HP:0008213	Gonadotropin deficiency	نقص هرمونات الغدد التناسلية
HP:0008214	Decreased serum estradiol	انخفاض هرمون الاستراديول في الدم
HP:0008216	Adrenal gland dysgenesis	خلل نمو الغدة الكظرية
HP:0008221	Adrenal hyperplasia	زيادة حجم الغدة الكظرية
HP:0008222	Female infertility	عدم قدرة المرأة على الإنجاب
HP:0008223	Compensated hypothyroidism	قصور الغدة الدرقية الخفيف
HP:0008225	Thyroid follicular hyperplasia	تضخم الخلايا المسؤولة عن إفراز هرمونات الغدة الدرقية
HP:0008226	Androgen insufficiency	نقص هرمونات الذكورة
HP:0008227	Pituitary resistance to thyroid hormone	مقاومة الهرمونات الدرقية في الغدة النخامية
HP:0008229	Thyroid lymphangiectasia	تمدد الأوعية الليمفاوية في الغدة الدرقية
HP:0008231	Macronodular adrenal hyperplasia	تضخم الكظر الكبير
HP:0008232	Elevated circulating follicle stimulating hormone level	ارتفاع هرمون في الدم
HP:0008233	Decreased circulating progesterone	انخفاض هرمون البروجسترون في الدم
HP:0008236	Isosexual precocious puberty	بلوغ مبكر
HP:0008237	Hypothalamic hypothyroidism	قصور الدرقية بسبب مشاكل في الدماغ
HP:0008239	Adrenal medullary hypoplasia	صغر لب الكُظر
HP:0008240	Secondary growth hormone deficiency	نقص هرمون النمو
HP:0008242	Pseudohypoaldosteronism	عدم تأثير الألدوستيرون في الكلى
HP:0008244	Congenital adrenal hypoplasia	نقص حجم الكظر منذ الولادة
HP:0008245	Pituitary hypothyroidism	قصور وظيفة الغدة الدرقية بسبب النخامية
HP:0008247	Euthyroid hyperthyroxinemia	زيادة الثيروكسين بدون أعراض
HP:0008249	Thyroid hyperplasia	غدة درقية كبيرة
HP:0008251	Congenital goiter	تضخم الغدة الدرقية من الولادة
HP:0008255	Transient neonatal diabetes mellitus	سكري مؤقت في المواليد
HP:0008256	Adrenocortical adenoma	ورم حميد في الكظر
HP:0012202	Increased serum bile acid concentration	زيادة حمض الصفراء في الدم
HP:0012203	Onychomycosis	عدوى فطرية في الأظافر
HP:0012204	Recurrent vulvovaginal candidiasis	عدوى فطرية مهبلية متكررة
HP:0012205	Globozoospermia	تشوه رأس الحيوان المنوي
HP:0012206	Abnormal sperm motility	ضعف حركة الحيوانات المنوية
HP:6001324	Exacerbated by colchicine	تفاقم بسبب العلاج بالكولشيسين
HP:6001325	Retinal periphlebitis	التهاب في أوردة عين الشبكية
HP:6001326	Purulent pericardial effusion	وجود صديد في سائل القلب
HP:6001327	Conjunctival erosion	تلف في العين
HP:6001328	Positive Mycobacterium tuberculosis sputum culture	نتيجة إيجابية لفحص البلغم لمرض السل
HP:6001329	Increased external rotation of shoulder	تحرك الكتف للخارج بشكل زائد
HP:6001330	Positive trunk flexion test	انحناء الجسم للأمام ليلامس الأرض
HP:6001331	Tibiotalar arthritis	التهاب مفصل الكاحل
HP:6001332	Anterior ankle osteophyte	نتوء عظمي أمام الكاحل
HP:6001333	Midfoot arthritis	التهاب مفاصل في منتصف القدم
HP:6001334	Decreased circulating reverse T3 concentration	انخفاض هرمون T3 العكسي في الدم
HP:6001335	Stocking-glove distribution	توزيع الأعراض في الأطراف كاليدين والقدمين
HP:6001336	Hairy kidney sign	ظهور للكلية يشبه الشعر على الأشعة
HP:6001337	White appearance of duodenal mucosa	المظهر الأبيض للاثني عشر عند الفحص
HP:6001338	Acromioclavicular joint separation	انفصال الكتف
HP:6001339	Acromioclavicular joint arthritis	التهاب المفصل في الكتف
HP:6001340	Positive shoulder cross-body adduction test	اختبار الألم في الكتف عند الضغط
HP:6001341	Proximal humeral epiphysiolysis	إصابة الكتف لدى لاعبي البيسبول الصغار
HP:6001342	Positive anterior drawer test	اختبار عدم استقرار الكاحل
HP:6001343	Peroneal tendon tear	إصابة في وتر القدم
HP:0012207	Reduced sperm motility	نقص في حركة السائل المنوي
HP:0012208	Immotile sperm	السائل المنوي غير المتحرك
HP:0012209	Juvenile myelomonocytic leukemia	نوع من سرطان الدم عند الأطفال
HP:0012210	Abnormal renal morphology	تشوه في شكل الكلية
HP:0012211	Abnormal renal physiology	خلل في وظائف الكلى
HP:0012212	Abnormal glomerular filtration rate	خلل في وظائف كلى الترشيح
HP:0012213	Decreased glomerular filtration rate	انخفاض في وظائف كلى الترشيح
HP:0012214	Increased glomerular filtration rate	زيادة في وظائف كلى الترشيح
HP:0012215	Testicular microlithiasis	رواسب الكالسيوم في الخصية
HP:0012216	Entrapment neuropathy of suprascapular nerve	ألم في الكتف بسبب العصب العلوي المحصور
HP:0012217	Increased urinary porphobilinogen	زيادة بوليفيرينوجين في البول
HP:0012218	Alveolar soft part sarcoma	ورم سرطاني في الأنسجة الرخوة
HP:0012219	Erythema nodosum	تورم جلدي مؤلم
HP:0012220	Non-caseating epithelioid cell granulomatosis	تجمعات خلوية غير متجبنة
HP:0012221	Pretibial blistering	فقاعات على الساق
HP:0012222	Arachnoid hemangiomatosis	أورام وعائية في السحايا
HP:0012223	Splenic rupture	تهتك الطحال
HP:0012224	Circulating immune complexes	مركبات مناعية في الدم
HP:0012225	Oligodontia of primary teeth	نقص أسنان الطفل
HP:0011367	Yellow nails	أظافر صفراء
HP:6001344	Fifth metatarsal apophysitis	التهاب في قاعدة العظمة الصغيرة للقدم
HP:6001345	Tibial tubercle apophysitis	التهاب في الجزء العلوي من الساق
HP:6001346	Enteric anendocrinosis	انخفاض الخلايا الهرمونية بالأمعاء
HP:6001347	Metatarsal head osteochondrosis	نخر في رأس العظم المشطي
HP:6001348	Hallux sesamoiditis	التهاب عظم صغير داخل إبهام القدم
HP:6001349	Os trigonum	عظمة إضافية في الكاحل
HP:6001350	Positive heel squeeze test	اختبار الضغط المؤلم للكعب
HP:6001351	Calcaneal apophysitis	التهاب العقب
HP:6001352	Decreased circulating guanidinoacetic acid concentration	انخفاض مستوى حمض معين في الدم
HP:6001353	Elevated circulating C-triol concentration	زيادة مستوى C-triol في الدم
HP:6001354	Germinal vesicle oocyte maturation arrest	توقف نضوج البويضة
HP:6001355	Metaphase II oocyte maturation arrest	توقف البويضة في الطور الثاني
HP:6000389	Non-glucose reducing substance in urine	مواد سكرية غير الجلوكوز في البول
HP:6000390	Elevated urinary succinylaminoimidazole carboxamide riboside level	ارتفاع مواد بولية سامة
HP:6000391	Elevated urine hyaluronic acid level	زيادة حمض الهيالورونيك في البول
HP:6000392	Elevated urinary methylmalonylcarnitine level	زيادة الكارنيتين في البول
HP:6000393	Elevated urine trihydroxycholestanoic acid level	ارتفاع مستوى حمض معين في البول
HP:6000394	Elevated CSF ammonia concentration	ارتفاع الأمونيا في السائل النخاعي
HP:6000395	Positive CSF VDRL test	اختبار مرض تناسلي إيجابي في السائل النخاعي
HP:6000396	Elevated CSF guanidinoacetic acid concentration	زيادة مادة معينة في السائل النخاعي
HP:6000397	CSF oligoclonal immunoglobulin G bands	نطاقات البروتين المناعي في السائل الشوكي
HP:6000398	Decreased CSF 3-methoxy-4-hydroxyphenylglycolaldehyde concentration	انخفاض تركيز مادة معينة في السائل الشوكي
HP:6000399	Elevated CSF alpha-crystallin B chain concentration	ارتفاع بروتين معين في السائل الشوكي
HP:6000400	Reduced CSF creatine concentration	نقص مادة الكرياتين في السائل الشوكي
HP:6000401	Reduced circulating protein Z concentration	نقص بروتين Z في الدم
HP:6000402	Elevated circulating 27-hydroxycholesterol concentration	زيادة كوليسترول خاص في الدم
HP:6000403	Elevated circulating lysophosphatidylcholine concentration	ارتفاع نسبة دهن خاص في الدم
HP:6000404	Reduced circulating insulin-like growth factor 2 concentration	نقص هرمون عامل النمو 2 في الدم
HP:6000405	Decreased circulating nicotinamide adenine dinucleotide concentration	نقص مادة NAD في الدم
HP:6000406	Diminished circulating reduced nicotinamide adenine dinucleotide (NADH) concentration	نقص مادة NADH في الدم
HP:0011368	Epidermal thickening	سماكة الجلد
HP:0011369	Mongolian blue spot	بقعة زرقاء على الجلد
HP:0011370	Recurrent cutaneous fungal infections	عدوى فطرية متكررة في الجلد
HP:0011371	Recurrent viral skin infections	عدوى فيروسية متكررة في الجلد
HP:0011372	Aplasia of the inner ear	عدم وجود الأذن الداخلية
HP:0011373	Incomplete partition of the cochlea	تكوين غير مكتمل للقوقعة
HP:0011374	Incomplete partition of the cochlea type I	تشوه كيسي للقوقعة والدهليز
HP:0011375	Cochlear aplasia	عدم وجود القوقعة
HP:0011376	Abnormal morphology of the vestibule of the inner ear	خلل في شكل دهليز الأذن الداخلية
HP:0011377	Aplasia of the vestibule	عدم وجود الدهليز
HP:0011378	Hypoplasia of the vestibule of the inner ear	تطور غير كامل لدهليز الأذن
HP:0011379	Dilated vestibule of the inner ear	اتساع دهليز الأذن
HP:0011380	Abnormal semicircular canal morphology	تشوه في شكل القناة
HP:0011381	Aplasia of the semicircular canal	غياب القناة الهلالية
HP:0011382	Hypoplasia of the semicircular canal	تطور غير كامل للقناة الهلالية
HP:0011383	Enlarged semicircular canal	حجم أكبر للقناة الهلالية
HP:0011384	Abnormality of the internal auditory canal	تشوه في قناة الأذن الداخلية
HP:0011385	Absent internal auditory canal	غياب قناة السمع الداخلية
HP:0011386	Narrow internal auditory canal	قناة السمع ضيقة
HP:0011387	Enlarged vestibular aqueduct	اتساع القناة الدهليزية
HP:6000407	Elevated circulating fibroblast growth factor 23 concentration	زيادة مستوى عامل نمو الأرومة الليفية في الدم
HP:6000408	Reduced CSF asparagine concentration	انخفاض الأسباراجين في السائل النخاعي
HP:6000409	Pancreatic mass	تورم في البنكرياس
HP:6000410	Small intestine mass	تورم في الأمعاء الدقيقة
HP:6000411	Facial nerve compression	ضغط على العصب الوجهي
HP:6000412	Pulmonary perfusion defect	تدفق دم غير كافي في الرئة
HP:6000413	Ectopic ureteral orifice	فتحة حالب في موقع غير طبيعي
HP:6000414	Duplicate uterine cervix	وجود عنقين للرحم
HP:6000415	Intradural spinal lipoma	ورم دُهني في الحبل الشوكي
HP:6000416	T2 hyperintense cerebellar lesion	آفة في المخيخ ظاهرة في التصوير بالرنين
HP:0011388	Enlarged cochlear aqueduct	تضخم قناة الأذن الداخلية
HP:0011389	Functional abnormality of the inner ear	مشكلة في وظيفة الأذن الداخلية
HP:0011390	Abnormal inner ear morphology	تغير في شكل الأذن الداخلية
HP:0011391	Abnormal inner ear nerve morphology	تغير في شكل أعصاب الأذن الداخلية
HP:0011392	Abnormality of the vestibular nerve	مشكلة في العصب الدهليزي
HP:0011393	Aplasia of the vestibular nerve	غياب العصب الدهليزي
HP:0011394	Hypoplasia of the vestibular nerve	نمو غير مكتمل للعصب الدهليزي
HP:0011395	Aplasia/Hypoplasia of the cochlea	عدم وجود القوقعة أو نموها بشكل غير مكتمل
HP:0011396	Abnormality of the cochlear nerve	مشكلة في العصب القوقعي
HP:0011397	Abnormal spinal cord dorsal column morphology	تغير في شكل العمود الظهري للنخاع
HP:6000427	Reduced alkyl-dihydroxyacetonephosphate synthase activity in cultured fibroblasts	نشاط إنزيم منخفض في الخلايا المزروعة
HP:6000428	Glomerular fibronectin deposits	تراكم الفايبرونيكتين في الكلى
HP:6000429	Renal tubular karyomegaly	تضخم النواة في خلايا الكلى
HP:6000430	Reduced tissue acetyl-CoA carboxylase activity	نشاط إنزيم منخفض في الأنسجة
HP:6000431	Elevated urinary glycolic acid level	ارتفاع حمض الجليكوليك في البول
HP:6000432	Elevated urine propionic acid level	ارتفاع حمض البروبيونيك في البول
HP:6000433	Elevated urinary butyric acid level	ارتفاع حمض البوتيريك في البول
HP:6000434	Elevated urinary isovaleric acid level	ارتفاع حمض الأيزوفاليريك في البول
HP:6000435	Elevated circulating alpha-ketoglutarate concentration	ارتفاع ألفا-كيتوجلوتارات في الدم
HP:6000436	Elevated circulating ghrelin concentration	ارتفاع الغريلين في الدم
HP:6000417	Inferior vena cava obstruction	انسداد الوريد الرئيسي
HP:6000418	Rheumatoid nodule	كتلة تحت الجلد
HP:6000419	Elevated circulating proinsulin concentration	ارتفاع مستوى البروإنسولين
HP:6000420	Burning eye sensation	حرقة في العين
HP:6000421	Collarettes	تراكم قشور على جفن العين
HP:6000422	Tympanic membrane bulla	فقاعات الأذن
HP:6000423	Beard and mustache distribution	شعر الوجه
HP:6000424	Kerion	كتلة منتفخة في الجلد
HP:6000425	Truncal location	في صدر أو بطن الجسم
HP:6000426	Reduced Acyl-CoA:dihydroxyacetone phosphate acyltransferase activity in cultured fibroblasts	نشاط إنزيم منخفض في الخلايا
HP:6000437	Reduced circulating stearoylcarnitine concentration	نقص الستيرويلكارنيتين في الدم
HP:6000438	Reduced urinary iodine level	مستوى اليود المنخفض في البول
HP:6000439	Increased circulating interleukin 15 concentration	ارتفاع الإنترلوكين 15 في الدم
HP:6000440	Reduced circulating squalene concentration	نقص السكوالين في الدم
HP:6000441	Abnormal circulating interleukin 6 concentration	خلل في الإنترلوكين 6 بالدم
HP:6000442	Abnormal circulating interleukin 12 concentration	خلل في الإنترلوكين 12 بالدم
HP:6000443	Elevated blood mercury concentration	زيادة الزئبق في الدم
HP:6000444	Elevated blood cadmiun concentration	زيادة الكادميوم في الدم
HP:6000445	Elevated thallium concentration	زيادة الثاليوم في الدم
HP:6000446	Abnormal circulating CC chemokine concentration	خلل في السيتوكينات CC بالدم
HP:0011399	Tibialis anterior muscle atrophy	ضعف عضلة الساق الأمامية
HP:0011400	Abnormal CNS myelination	مشاكل في تغطية الأعصاب في الدماغ
HP:0011401	Delayed peripheral myelination	تأخر تكوين غلاف الأعصاب المحيطية
HP:0011402	Demyelinating sensory neuropathy	تآكل الأعصاب الحسية
HP:0011403	Abnormal umbilical cord blood vessel morphology	مشاكل في أوعية الحبل السري
HP:0011404	Lethal short-trunk short stature	قصر قاتل للجذع
HP:0011405	Childhood onset short-limb short stature	قصر الأطراف في الطفولة
HP:0011406	Infancy onset short-trunk short stature	قصر الجذع في الطفولة المبكرة
HP:0011407	Proportionate tall stature	طول متناسب
HP:0011408	Moderate intrauterine growth retardation	نمو بطيء داخل الرحم
HP:0011409	Abnormal placental membrane morphology	تشوه أغشية المشيمة
HP:0011410	Caesarean section	الولادة القيصرية
HP:0011411	Forceps delivery	الولادة بالملقط
HP:0011412	Ventouse delivery	الولادة بالمحجم
HP:0011413	Shoulder dystocia	عسر الولادة الكتفي
HP:0011414	Hydropic placenta	تضخم المشيمة
HP:0011415	Calcified placenta	تكليس المشيمة
HP:0011416	Placental infarction	تجلط المشيمة
HP:0011417	Long umbilical cord	الحبل السري الطويل
HP:0011418	Abnormal insertion of umbilical cord	مكان غير طبيعي للحبل السري
HP:6000011	Guilt	الشعور بالتقصير
HP:6000012	Mediastinal shift	تحرك القلب والرئتين
HP:6000013	Bendopnea	ضيق التنفس عند الانحناء
HP:6000014	Pain worse when lying flat	الألم عند الاستلقاء
HP:6000015	Tympanic membrane hypermobility	زيادة حركة طبلة الأذن
HP:6000016	Elevated circulating vitamin B12 concentration	زيادة فيتامين ب12 في الدم
HP:6000017	Elevated circulating sFASL concentration	زيادة بروتين sFASL في الدم
HP:6000018	Internal anal sphincter achalasia	مشاكل في الارتخاء الشرجي
HP:6000019	Anthracycline exposure	تعرض للعلاج الكيميائي
HP:6000020	Binge drinking	شرب الكحول بكثرة
HP:0011419	Placental abruption	انفصال المشيمة
HP:0011420	Age of death	عمر الوفاة
HP:0011421	Death in adolescence	وفاة في سن المراهقة
HP:0011422	Abnormal blood chloride concentration	اختلال مستوى الكلوريد في الدم
HP:0011423	Hyperchloremia	زيادة الكلوريد في الدم
HP:0011424	Increased serum zinc	زيادة الزنك في الدم
HP:0011425	Fetal ultrasound soft marker	علامة ناعمة في الموجات فوق الصوتية للجنين
HP:0011426	Fetal choroid plexus cysts	أكياس في دماغ الجنين
HP:0011427	Enlarged fetal cisterna magna	تكبير الصهريج الجنيني
HP:0011428	Short fetal femur length	قصر عظم الفخذ عند الجنين
HP:6000021	Decreased circulating thrombopoietin concentration	انخفاض هرمون الترومبوبويتين في الدم
HP:6000022	Collagenoma	زيادة نمو الكولاجين
HP:6000023	Lack of sufficient daily physical activity	عدم كفاية النشاط البدني
HP:6000024	Synesthesia	تداخل الحواس
HP:6000025	Dark cerumen	شمع الأذن الداكن
HP:6000026	History of spicy food intake	أكل الأطعمة الحارة
HP:6000027	Oil-drop brown pigmentation of the corneal limbus	بقع بنية على حافة القرنية
HP:6000028	Hazardous alcohol use	شرب الكحول بشكل خطير
HP:6000029	Social anxiety	خوف من المواقف الاجتماعية
HP:6000030	Placidity	الهدوء التام
HP:0011429	Short fetal humerus length	قصر عظم الذراع لدى الجنين
HP:0011430	Hypoplasia of fetal nasal bone	تطور ناقص لعظم الأنف لدى الجنين
HP:0011431	Fetal fifth finger clinodactyly	انحناء الإصبع الصغير عند الجنين
HP:0011432	Elevated maternal circulating alpha-fetoprotein concentration	مستوى مرتفع من ألفا-فيتوبروتين لدى الحامل
HP:0011433	High maternal circulating chorionic gonadotropin concentration	مستوى مرتفع من موجهة الغدد التناسلية المشيمية لدى الحامل
HP:0011434	Low maternal circulating chorionic gonadotropin concentration	مستوى منخفض من موجهة الغدد التناسلية المشيمية لدى الحامل
HP:0011435	Low maternal circulating PAPP-A concentration	مستوى منخفض من PAPP-A لدى الحامل
HP:0011436	Abnormal maternal serum screening	نتائج تحليل دم غير طبيعية للحامل
HP:0009462	Radial deviation of the 3rd finger	انحناء الإصبع الأوسط للداخل
HP:0009463	Ulnar deviation of the 3rd finger	انحناء الإصبع الأوسط للخارج
HP:0009464	Ulnar deviation of the 2nd finger	انحراف إصبع السبابة جهة الزند
HP:0009465	Ulnar deviation of finger	انحناء الإصبع نحو الخنصر
HP:0009466	Radial deviation of finger	انحناء الإصبع نحو الإبهام
HP:0009467	Radial deviation of the 2nd finger	إزاحة الإصبع الثاني نحو الشعاعي
HP:0009468	Deviation of the 2nd finger	خلل في موضع السبابة
HP:0009469	Contracture of the distal interphalangeal joint of the 3rd finger	تقلص مفصل الإصبع الثالث الخارجي
HP:0009470	Contracture of the metacarpophalangeal joint of the 3rd finger	تقلص مفصل الإصبع الثالث
HP:0009471	Contracture of the proximal interphalangeal joint of the 3rd finger	تقلص مفصل الإصبع الثالث
HP:0009473	Joint contracture of the hand	تقلصات في مفاصل اليد
HP:0009477	Proximal/middle symphalangism of 4th finger	التحام عظام الإصبع الرابع
HP:6000041	Repeated cold water exposure	تعرض للماء البارد
HP:6000042	Tinnitus exacerbated by swallowing	طنين الأذن يزداد عند البلع
HP:6000043	Rhythmic movements of the tympanic membrane	حركات منتظمة لطبلة الأذن
HP:6000044	Elongated temporal styloid process	زيادة طول النتوء العظمي في الجمجمة
HP:6000045	Ameliorated by nitroglycerin	يتحسن عند استخدام النيتروجليسرين
HP:6000046	Pulsus paradoxus	انخفاض الضغط عند الشهيق
HP:6000047	Chest pain triggered by palpation	وجع في الصدر عند اللمس
HP:6000048	Chest pain described as pressure	ألم ضاغط في الصدر
HP:6000049	Chest pain described as ripping or tearing	ألم حاد في الصدر
HP:6000050	Ameliorated by flexion	يتحسن عند ثني المفصل
HP:6000031	Phaeohyphomycosis	عدوى فطرية جلدية
HP:6000032	Autophony	سماع صوتك داخل أذنك
HP:6000033	High altitude exposure	التواجد في أماكن مرتفعة
HP:6000034	History of recent hospitalization	البقاء في المستشفى مؤخرًا
HP:6000035	Palpitations terminated by Valsava maneuver	توقف الخفقان عن طريق مناورة فالسالفا
HP:6000036	Long telomere length	التيلوميرات الطويلة
HP:6000037	Reduced circulating aromatic L-amino acid decarboxylase activity	انخفاض نشاط إنزيم في الدم
HP:6000038	Subclavian artery stenosis	تضيق في الشريان تحت الترقوة
HP:6000039	Pulsatile liver	حركة الكبد مع النبض
HP:6000040	Neuropathic pain	ألم الأعصاب
HP:0009478	Symphalangism of the proximal phalanx of the 4th finger with the 4th metacarpal	التحام عظم الإصبع الرابعة مع العظم الطويل الرابع
HP:0009482	Proximal/middle symphalangism of 3rd finger	التحام العظم الداخلي والوسطى للإصبع الوسطى
HP:0009483	Symphalangism of the proximal phalanx of the 3rd finger with the 3rd metacarpal	التحام العظم الداخلي للإصبع الوسطى مع العظم الطويل الأوسط
HP:0009484	Deviation of the hand or of fingers of the hand	تغير موضع اليد أو أصابع اليد
HP:0009485	Radial deviation of the hand or of fingers of the hand	الانحراف الشعاعي لليد
HP:0009486	Radial deviation of the hand	اليد مائلة نحو الإبهام
HP:0009487	Ulnar deviation of the hand	اليد مائلة نحو الإصبع الصغير
HP:0009488	Absent epiphyses of the 2nd finger	عدم وجود نهاية الإصبع السبابة
HP:0009489	Bracket epiphyses of the 2nd finger	نهاية الإصبع السبابة على شكل قوس
HP:0009490	Cone-shaped epiphyses of the 2nd finger	نهاية الإصبع السبابة على شكل مخروط
HP:0009491	Enlarged epiphyses of the 2nd finger	تضخم نهاية الأصبع الثانية
HP:0009492	Fragmentation of the epiphyses of the 2nd finger	تفتت نهاية الأصبع الثانية
HP:0009493	Irregular epiphyses of the 2nd finger	نهاية غير منتظمة للأصبع الثانية
HP:0009494	Ivory epiphyses of the 2nd finger	زيادة كثافة العظام في نهاية الأصبع الثانية
HP:0009495	Pseudoepiphysis of the 2nd finger	مشاشة إضافية في الأصبع الثانية
HP:0009496	Small epiphyses of the 2nd finger	صغر نهاية الأصبع الثانية
HP:0009497	Stippling of the epiphyses of the 2nd finger	تكلسات نقطية في نهاية الأصبع الثانية
HP:0009498	Triangular epiphyses of the 2nd finger	نهاية مثلثة للأصبع الثانية
HP:0009499	Abnormality of the epiphysis of the distal phalanx of the 2nd finger	شذوذ نهاية العظم الخارجي للأصبع الثانية
HP:0009500	Abnormality of the epiphysis of the middle phalanx of the 2nd finger	شذوذ نهاية العظم الأوسط للأصبع الثانية
HP:6000051	Located on the chest	موقعه على الصدر
HP:6000052	Localized to the penis	موقعه على القضيب
HP:6000053	Snowstorm pattern of uterus on ultrasound	نمط غير طبيعي في الرحم على السونار
HP:6000054	Multiparity	ولادات متعددة
HP:6000055	Exposure to aquatic animals	التعرض للحيوانات المائية
HP:6000056	Superficial blush-like subcutaneous fatty lesions	آفات دهنية جلدية سطحية
HP:6000057	Dermal multinucleated giant cells	خلايا جلدية غير طبيعية
HP:6000058	Exacerbation of eyelid lesion by crying	انتفاخ آفة الجفن عند البكاء
HP:6000059	Localized to upper eyelid	موقعه على الجفن العلوي
HP:6000060	Aerophagia	بلع الهواء
HP:0009501	Abnormality of the epiphysis of the proximal phalanx of the 2nd finger	خلل في نهاية العظمة الأولى من الإصبع الثاني
HP:0009502	Absent epiphysis of the distal phalanx of the 2nd finger	غياب نهاية العظمة الأخيرة من الإصبع الثاني
HP:0009503	Bracket epiphysis of the distal phalanx of the 2nd finger	نهاية قوسية الشكل للعظمة الأخيرة من الإصبع الثاني
HP:0009504	Cone-shaped epiphysis of the distal phalanx of the 2nd finger	نهاية مخروطية الشكل للعظمة الأخيرة من الإصبع الثاني
HP:0009505	Enlarged epiphysis of the distal phalanx of the 2nd finger	تضخم نهاية العظمة الأخيرة من الإصبع الثاني
HP:0009506	Fragmentation of the epiphysis of the distal phalanx of the 2nd finger	تفتت نهاية العظمة الأخيرة من الإصبع الثاني
HP:0009507	Irregular epiphysis of the distal phalanx of the 2nd finger	نهاية غير منتظمة للعظمة الأخيرة من الإصبع الثاني
HP:0009508	Ivory epiphysis of the distal phalanx of the 2nd finger	زيادة كثافة العظام في نهاية العظمة الأخيرة من الإصبع الثاني
HP:0009509	Pseudoepiphysis of the distal phalanx of the 2nd finger	نهاية عظم كاذب للإصبع الثاني
HP:0009510	Small epiphysis of the distal phalanx of the 2nd finger	نهاية صغيرة للعظمة الأخيرة من الإصبع الثاني
HP:6000061	Vaginal passage of hydatidiform mole tissue	إفرازات غير طبيعية من المهبل
HP:6000062	Abnormal nipple discharge	إفرازات غير عادية من الحلمة
HP:6000063	Hepatolithiasis	حصوات في الكبد
HP:6000064	Excessive eructation	التجشؤ المفرط
HP:6000065	Esophageal fibrosis	التليف في المريء
HP:6000066	Triggered by extension of leg	ألم عند تمديد الساق
HP:6000067	Increased myocardial pyrophosphate uptake	زيادة امتصاص مواد في القلب
HP:6000068	Ameliorated by nerve block	تحسن الألم بحجب الأعصاب
HP:6000069	Brief tear break-up time	قصور فترة بقاء الدموع
HP:6000070	Cutaneous granuloma	كتلة تحت الجلد
HP:0009511	Stippling of the epiphysis of the distal phalanx of the 2nd finger	تنقيط في نهاية عظمة الإصبع الثاني
HP:0009512	Triangular epiphysis of the distal phalanx of the 2nd finger	شكل مثلث في نهاية عظمة الإصبع الثاني
HP:0009513	Absent epiphysis of the middle phalanx of the 2nd finger	نقص في نهاية العظمة المتوسطة للإصبع الثاني
HP:0009514	Bracket epiphysis of the middle phalanx of the 2nd finger	شكل قوس في نهاية العظمة المتوسطة للإصبع الثاني
HP:0009515	Cone-shaped epiphysis of the middle phalanx of the 2nd finger	نهاية مخروطية للإصبع الثاني
HP:0009516	Enlarged epiphysis of the middle phalanx of the 2nd finger	نهاية متضخمة في الإصبع الثاني
HP:0009517	Fragmentation of the epiphysis of the middle phalanx of the 2nd finger	تجزئة في نهاية العظمة المتوسطة للإصبع الثاني
HP:0009518	Irregular epiphysis of the middle phalanx of the 2nd finger	نهاية غير منتظمة للإصبع الثاني
HP:0009519	Ivory epiphysis of the middle phalanx of the 2nd finger	زيادة كثافة العظم في نهاية الإصبع الثاني
HP:0009520	Pseudoepiphysis of the middle phalanx of the 2nd finger	مركز عظمي ثانوي في الإصبع الثاني
HP:6000081	Reduced alpha-aminoadipic semialdehyde synthase activity in cultured fibroblasts	نشاط إنزيم منخفض في الخلايا الليفية
HP:6000082	Reduced hepatic beta-ureidopropionase activity	نشاط إنزيم منخفض في الكبد
HP:6000083	Reduced hepatic dihydropyrimidinase activity	نشاط إنزيم منخفض في الكبد
HP:6000084	Sunken fontanelle	اليافوخ الغائر
HP:6000085	Angulation of penis	القضيب المنحني
HP:6000086	History of urethral procedure or catheterization	إجراء سابق بالإحليل
HP:6000087	Penile swelling	القضيب المتورم
HP:6000088	Reduced muscle alpha-1,4-glucosidase activity	نشاط إنزيم منخفض في العضلات
HP:6000089	Brown tumor	ورم عظمي
HP:6000090	Dermal flame figures	أشكال جلدية خاصة
HP:6000071	Heterotopic dermal ossification	عظام في الجلد
HP:6000072	Thinning of outer muscular layer of small bowel	ترقق العضلات في الأمعاء الصغيرة
HP:6000073	Renal lymphangiectasia	كيسات لمفاوية في الكلى
HP:6000074	Pharyngeal myxoma	ورم في الحلق
HP:6000075	Subcutaneous arteriolar thrombosis	تجلطات في الأوعية جلدية
HP:6000076	Renal vasculitis	التهاب الكلى
HP:6000077	Pancreatic islet beta cell iron deposition	تراكم الحديد في البنكرياس
HP:6000078	Nasal hamartoma	نمو غير طبيعي في الأنف
HP:6000079	Metachromatic intraneuronal lipid deposits	دهون في الأعصاب
HP:6000080	Reduced phosphoserine phosphatase activity in cultured fibroblasts	نشاط منخفض لإنزيم معين في خلايا الجلد
HP:0006587	Straight clavicles	الترقوة المستقيمة
HP:0006589	Flaring of lower rib cage	توسع القفص الصدري السفلي
HP:0006590	Premature sternal synostosis	التحام القص المبكر
HP:0006591	Absent glenoid fossa	عدم وجود الجوف الحقاني
HP:0006593	Anomalous rib insertion to vertebrae	إدخال ضلع غير طبيعي إلى الفقرات
HP:0006595	Scapulohumeral synostosis	التحام عضد الكتف
HP:0006596	Restricted chest movement	حركة الصدر المقيدة
HP:0006597	Diaphragmatic paralysis	شلل الحجاب الحاجز
HP:0006598	Irregular ossification at anterior rib ends	التعظم غير المنتظم في نهايات الأضلاع
HP:0006599	Medial widening of clavicles	اتساع إنسي للترقوة
HP:0009521	Small epiphysis of the middle phalanx of the 2nd finger	نهاية صغيرة للعظمة الداخلية للإصبع الثاني
HP:0009522	Stippling of the epiphysis of the middle phalanx of the 2nd finger	كربونات صغيرة في نهاية العظمة الوسطى للإصبع الثاني
HP:0009523	Triangular epiphysis of the middle phalanx of the 2nd finger	نهاية مثلثة للعظمة الوسطى للإصبع الثاني
HP:0009524	Absent epiphysis of the proximal phalanx of the 2nd finger	فقدان نهاية العظمة الداخلية للإصبع الثاني
HP:0006580	Portal fibrosis	تليف في الكبد من جهة البوابة
HP:0006581	Depletion of mitochondrial DNA in liver	نقص الميتوكوندريا في خلايا الكبد
HP:0006582	Reye syndrome-like episodes	نوبات تشبه متلازمة راي
HP:0006583	Fatal liver failure in infancy	فشل كبدي قاتل عند الأطفال الصغار
HP:0006584	Small abnormally formed scapulae	عظام كتف صغيرة وغير طبيعية
HP:0006585	Congenital pseudoarthrosis of the clavicle	عظمة ترقوة منقسمة خلقياً
HP:0006600	Progressive calcification of costochondral cartilage	تصلب الغضروف
HP:0006603	Flared, irregular rib ends	نهايات ضلع غير منتظمة
HP:0006606	Irregular chondrocostal junctions	وصلات ضلعية غير منتظمة
HP:0006607	Precocious costochondral ossification	تصلب الغضروف مبكرًا
HP:0006608	Midclavicular hypoplasia	نمو غير مكتمل في منتصف العظمة الترقوية
HP:0006610	Wide intermamillary distance	المسافة بين الحلمتين واسعة
HP:0006611	Decreased number of sternal ossification centers	عدد أقل من العظام في القص
HP:0006615	Absent in utero rib ossification	عدم تكون عظام الأضلاع قبل الولادة
HP:0006619	Anterior rib punctate calcifications	نقاط كالسيوم في الأضلاع
HP:0006623	Costochondral joint sclerosis	زيادة كثافة المفاصل الضلعية
HP:6000447	Decreased CSF asialotransferrin to transferrin ratio	انخفاض نسبة بروتين السائل الشوكي
HP:6000448	Anti-desmocollin antibody positivity	وجود أجسام مضادة للجسم
HP:6000449	Occupational exposure to raw nonsynthetic textiles	التعرض للغبار الصناعي
HP:6000450	Rokitansky-Aschoff gallbladder sinuses	جيوب في المرارة
HP:6000451	Porcelain gallbladder	تكلس جدار المرارة
HP:6000452	Gallbladder adhesions	التصاقات في البطن
HP:6000453	Bilioduodenal fistula	اتصال غير طبيعي بين المرارة والاثني عشر
HP:6000454	Pneumobilia	هواء في الكبد
HP:6000455	Ectopic gallstone	حصى خارج المرارة
HP:6000456	Sleep drunkeness	صعوبة الاستيقاظ
HP:6000457	Mallory bodies	أجسام المالوري
HP:6000458	Sulfur-containing abscess	خرّاج بالكبريت
HP:6000459	Retracted tympanic membrane	الغطاء الطبلي المسحوب إلى الداخل
HP:6000460	Ectopic testis	خصية في مكان غير كيس الصفن
HP:6000461	Cerebral subcortical cyst	كيس تحت قشرة الدماغ
HP:6000462	Anti-ADAMTS13 antibody positivity	أجسام مضادة ضد إنزيم ADAMTS13
HP:6000463	Habitual mouth breathing	التنفس عبر الفم
HP:6000464	Squared off shoulders	الكتف المربع الشكل
HP:6000465	Elevated urine mesaconic acid level	زيادة حمض الميساكونيك في البول
HP:6000466	Elevated urine 3-methyladipic acid level	زيادة حمض 3-ميثيلا ديبيك في البول
HP:0006625	Multifocal breast carcinoma	سرطان الثدي في أكثر من موقع
HP:0006628	Absent sternal ossification	غياب تكوين العظم في القص
HP:0006631	Hypoplastic distal segments of scapulae	تطور غير مكتمل للأجزاء الخارجية من لوح الكتف
HP:0006633	Glenoid fossa hypoplasia	تطور غير مكتمل للحفرة العنابية
HP:0006634	Osteosclerosis of ribs	زيادة كثافة العظام في الأضلاع
HP:0006637	Sternal punctate calcifications	تكلسات نقطية في القص
HP:0006638	Midclavicular aplasia	غياب الجزء الأوسط من الترقوة
HP:0006640	Multiple rib fractures	كسور متعددة في الأضلاع
HP:0006641	Prominent floating ribs	بروز في الأضلاع العائمة
HP:0006642	Large sternal ossification centers	مراكز تعظم كبيرة في القص
HP:6000477	Elevated urine 2-trans,4-cis-decadienoylcarnitine level	زيادة مركب في البول
HP:6000478	Elevated circulating 2-trans,4-cis-decadienoylcarnitine concentration	زيادة مركب في الدم
HP:6000479	Elevated urine N-acetyltyrosine level	زيادة في مركب البول
HP:6000480	Elevated urine manganese level	زيادة منغنيز في البول
HP:6000481	Reduced urinary manganese level	نقص منغنيز في البول
HP:6000482	Decreased circulating catecholamine concentration	نقص كاتيكولامين في الدم
HP:6000483	Empty sella turcica	السلا الفارغة
HP:6000484	Elevated brain guanidinoacetate level by MRS	زيادة مركب في الدماغ
HP:6000485	Elevated circulating beta chorionic gonadotropin concentration	زيادة هرمون في الدم
HP:6000486	Elevated circulating CXCL10 concentration	زيادة بروتين في الدم
HP:6000487	Reduced circulating interleukin 12 concentration	انخفاض إنترلوكين 12 في الدم
HP:6000488	Reduced circulating fibroblast growth factor 23 concentration	انخفاض هرمون FGF23 في الدم
HP:6000489	Abnormal circulating fibroblast growth factor 23 concentration	تغير تركيز FGF23 في الدم
HP:0100841	Microgastria	حجم المعدة صغير
HP:0100842	Septo-optic dysplasia	خلل في العصب البصري والحاجز الشفاف
HP:0100844	Pancreatic fistula	فتحة غير طبيعية في البنكرياس
HP:0100845	Anaphylactic shock	صدمة تحسسية
HP:0100847	Palmoplantar pustulosis	بثور في اليدين والقدمين
HP:0100848	Neoplasm of the male external genitalia	ورم في الأعضاء الذكرية الخارجية
HP:0100849	Neoplasm of the scrotum	ورم في كيس الصفن
HP:0006643	Fused sternal ossification centers	التصاق في عظم الصدر
HP:0006644	Thoracic dysplasia	تشوه في القفص الصدري
HP:0006645	Thin clavicles	عظام الترقوة الرقيقة
HP:0006646	Costal cartilage calcification	تصلب في غباريف الأضلاع
HP:0006647	Congenital microthorax	صدر صغير عند الولادة
HP:0006649	Costochondral pain	ألم في الصدر
HP:0006650	Thickening of the lateral border of the scapula	زيادة سمك طرف الكتف
HP:0006655	Rib segmentation abnormalities	تشوه تقسيم الضلوع
HP:0006657	Hypoplasia of first ribs	عدم تطور الضلع الأول
HP:0006659	Internally rotated shoulders	التفاف الكتف للداخل
HP:6000467	Elevated urine D-lactate level	زيادة D-لاكتيت في البول
HP:6000468	Elevated CSF alpha-ketoglutarate concentration	زيادة ألفا-كيتوغلوتارات في السائل النخاعي
HP:6000469	Elevated urine 2,3-dihydroxy-2-methylbutanoic acid level	زيادة حمض بوتانويك في البول
HP:6000470	Fetal oral mass	انتفاخ فم الجنين
HP:6000471	Dilated ejaculatory duct	اتساع القناة القاذفة
HP:6000472	Decreased Wiskott-Aldrich syndrome protein concentration in hematopoietic cells	قلة بروتين ويسكوت-ألدريتش في خلايا الدم
HP:6000473	Decreased FOXP3-expressing T cell count	نقص خلايا T المعبرة عن FOXP3
HP:6000474	Elevated circulating complement component concentration	زيادة مكونات المتممات في الدم
HP:6000475	Anti-beta fodrin antibody positivity	وجود أجسام مضادة لبيتا فودرين
HP:6000476	Elevated circulating tetradecenoylcarnitine concentration	زيادة تيتراديكينويلكارنيتين في الدم
HP:0100850	Neoplasm of the penis	ورم القضيب
HP:0100851	Abnormal emotional state	حالة عاطفية مضطربة
HP:0100852	Abnormal fear-induced behavior	سلوك غير طبيعي بسبب الخوف
HP:0100853	Hypoplastic areola	نقص نمو الهالة
HP:0100854	Aplasia of the musculature	غياب العضلات
HP:0100855	Triceps hypoplasia	صغر حجم العضلة ثلاثية الرؤوس
HP:0100856	Poorly ossified vertebrae	فقرة غير مُكلسة بشكل جيد
HP:0100857	Flat sella turcica	تجويف تركي مسطح
HP:0100858	Dilatation of celiac artery	تمدد الشريان الزلاقي
HP:0100859	Dilatation of superior mesenteric artery	تمدد الشريان المساريقي العلوي
HP:0006683	Abnormal ventricular filling	خلل في امتلاء البطين
HP:0006684	Ventricular preexcitation with multiple accessory pathways	ارتجاف قلبي
HP:0006685	Endocardial fibrosis	تليف بطانة القلب
HP:0006687	Aortic tortuosity	التواء الأبهر
HP:0006688	Paroxysmal tachycardia	تسارع مفاجئ في ضربات القلب
HP:0006689	Bacterial endocarditis	عدوى جرثومية في القلب
HP:0006690	Myocardial calcification	ترسب الكالسيوم في القلب
HP:0006691	Pulmonic valve myxoma	ورم حميد في الصمام الرئوي
HP:0006692	Short chordae tendineae of the tricuspid valve	حبال وترية قصيرة في الصمام ثلاثي الشرفات
HP:0006693	Myocardial steatosis	دهون في القلب
HP:0006660	Aplastic clavicle	غياب عظمة الترقوة
HP:0006665	Coat hanger sign of ribs	اختلال شكل الأضلاع
HP:0006668	Twelfth rib hypoplasia	ضلع ثاني عشر صغير
HP:0006670	Impaired myocardial contractility	ضعف انقباض القلب
HP:0006671	Paroxysmal atrial tachycardia	زيادة مفاجئة في ضربات القلب
HP:0006673	Reduced systolic function	ضعف في انقباض القلب
HP:0006677	Prolonged QRS complex	توسّع مركب QRS في القلب
HP:0006679	Granulomatous coronary arteritis	التهاب شرايين القلب
HP:0006681	Absent atrioventricular node	عدم وجود العقدة الأذينية البطينية
HP:0006682	Premature ventricular contraction	نبضة قلب إضافية
HP:0100860	Dilatation of Inferior mesenteric artery	تمدد وعاء دموي في البطن
HP:0100861	Sclerotic vertebral body	زيادة كثافة عظام العمود الفقري
HP:0100862	Aplasia of the femoral head	غياب رأس عظم الفخذ
HP:0100863	Aplasia of the femoral neck	غياب عنق عظم الفخذ
HP:0100864	Short femoral neck	عنق فخذ قصير
HP:0100865	Broad ischia	اتساع عظام الحوض
HP:0100866	Short iliac bones	قصر عظام الحوض
HP:0100867	Duodenal stenosis	انسداد جزئي في الجزء الأول من الأمعاء
HP:0100869	Palmar telangiectasia	عروق صغيرة مرئية في راحة اليد
HP:0100870	Plantar telangiectasia	عروق صغيرة مرئية في باطن القدم
HP:0006694	Early progressive calcific cardiac valvular disease	تكلس صمامات القلب مبكراً
HP:0006695	Atrioventricular canal defect	ثقب في وسط القلب
HP:0006696	Polymorphic and polytopic ventricular extrasystoles	ضربات قلب غير منتظمة
HP:0006698	Dilatation of the ventricular cavity	تمدّد في البطين
HP:0006699	Premature atrial contractions	ضربات قلب أذينية مبكرة
HP:0006702	Coronary artery dissection	تمزق في شريان القلب
HP:0006703	Aplasia/Hypoplasia of the lungs	رئتين مفقودتين أو غير مكتملتين
HP:0006704	Abnormal coronary artery morphology	تشوهات في شرايين القلب
HP:0006705	Abnormal atrioventricular valve morphology	تشوهات في صمامات القلب
HP:0006706	Cystic liver disease	أكياس في الكبد
HP:0006707	Abnormality of the hepatic vasculature	تشوه الأوعية الدموية في الكبد
HP:0006709	Aplasia/Hypoplasia of the nipples	عدم وجود أو تطور الحلمات بشكل كامل
HP:0006710	Aplasia/Hypoplasia of the clavicles	عدم وجود أو تطور العظمة الترقوية بشكل كامل
HP:0006711	Aplasia/Hypoplasia involving bones of the thorax	عدم وجود أو تطور العظام في الصدر بشكل كامل
HP:0006712	Aplasia/Hypoplasia of the ribs	عدم وجود أو تطور الأضلاع بشكل كامل
HP:0012428	Prominent calcaneus	بروز عظمة الكعب
HP:0012429	Aplasia/Hypoplasia of the cerebral white matter	عدم وجود أو تطور المادة البيضاء الدماغية بشكل كامل
HP:0012430	Cerebral white matter hypoplasia	نقص تنسج المادة البيضاء الدماغية
HP:0012431	Episodic fatigue	شعور بالتعب المتقطع
HP:0012432	Chronic fatigue	شعور بالتعب المستمر
HP:0012433	Abnormal social behavior	السلوك الاجتماعي غير الطبيعي
HP:0012434	Delayed early-childhood social milestone development	تأخر في التطور الاجتماعي
HP:0012435	Ventral shortening of foreskin	قصر القلفة من الجهة السفلية
HP:0012436	Nonocclusive coronary artery atherosclerosis	تصلب الشرايين التاجية دون انسداد
HP:0012437	Abnormal gallbladder morphology	شكل المرارة غير الطبيعي
HP:0012438	Abnormal gallbladder physiology	خلل في عمل المرارة
HP:0012439	Abnormal biliary tract physiology	خلل في وظيفة القنوات الصفراوية
HP:0012440	Abnormal biliary tract morphology	هيكل غير طبيعي للقنوات الصفراوية
HP:0012441	Sphincter of Oddi dyskinesia	خلل حركة مصرة أودي
HP:0012442	Gallbladder dyskinesia	حركة المرارة غير الطبيعية
HP:0100871	Abnormal palm morphology	تشوه كف اليد
HP:0100872	Abnormality of the plantar skin of foot	تشوه جلد القدم
HP:0100874	Thick hair	شعر كثيف
HP:0100875	Hemimacroglossia	نصف لسان كبير
HP:0100876	Infra-orbital crease	خط تحت العين
HP:0100877	Renal diverticulum	كيس بولي في الكلى
HP:0100878	Enlarged uterus	رحم كبير
HP:0100879	Enlarged ovaries	مبيضين كبيرين
HP:0100880	Nephrogenic rest	خلايا كلى متبقية
HP:0100881	Congenital mesoblastic nephroma	ورم خلقي في الكلى
HP:0100882	Fibrous hamartoma	ورم ليفي
HP:0100883	Chorangioma	ورم في المشيمة
HP:0100884	Compensatory scoliosis	جنف بسبب فرق طول الأطراف
HP:0100885	Lateral venous anomaly	وريد جانبي غير طبيعي
HP:0100886	Abnormality of globe location	خلل في موقع كرة العين
HP:6001356	Mixed oocyte maturation arrest	مشكلة في نضج البويضات
HP:6001357	Dorsal forearm pain	ألم في ظهر الساعد
HP:6001358	Volar forearm pain	ألم في كف الساعد
HP:6001359	Cholesterol gallbladder polyp	بوليبات كولسترولية في المرارة
HP:6001360	Hyperlordotic gait	مشية زائدة الانحناء
HP:0012443	Abnormal brain morphology	شكل غير طبيعي للدماغ
HP:0012444	Brain atrophy	تدهور الدماغ
HP:0012446	Decreased CSF 5-methyltetrahydrofolate concentration	نقص حمض الفوليك في السائل الدماغي
HP:0012447	Abnormal myelination	مشاكل في التغميد
HP:0012448	Delayed myelination	تأخر في تكوين الغلاف العصبي
HP:0012449	Sacroiliac joint synovitis	التهاب في مفصل الحوض
HP:0012450	Chronic constipation	إمساك مستمر
HP:0012451	Acute constipation	إمساك مفاجئ
HP:0012452	Restless legs	تحرك الساقين غير المريح
HP:0012453	Bilateral wrist flexion contracture	تقيد حركة المعصم
HP:0012454	Unilateral wrist flexion contracture	مشكلة في حركة المعصم من جهة واحدة
HP:0012456	Medial arterial calcification	تكلس في الشرايين
HP:0012457	Medial calcification of medium-sized arteries	تكلس في الشرايين متوسطة الحجم
HP:0012458	Medial calcification of small arteries	تكلس في الشرايين الصغيرة
HP:0012459	Hypnic headache	صداع يوقظ المريض من النوم
HP:0012460	Dysmorphic inferior cerebellar vermis	تشوه في الجزء السفلي من المخيخ
HP:0012461	Bacteriuria	وجود بكتيريا في البول
HP:0012462	Chin myoclonus	تشنجات في الذقن
HP:0012463	Elevated transferrin saturation	زيادة في التشبع بالحديد في الدم
HP:0009809	Abnormal upper limb metaphysis morphology	تشوه في نهاية عظام الذراع
HP:6001361	Radioulnar interosseous membrane tear	تمزق بين عظام الساعد
HP:6001362	Fleck sign of elbow	شظايا عظام صغيرة في الكوع
HP:6001363	Resisted wrist flexion provokes pain	ألم عند محاولة ثني المعصم بالقوة
HP:6001364	Lateral epicondylitis of the elbow	مرفق التنس
HP:6001365	Medial epicondylitis of the elbow	مرفق الجولف
HP:6001366	Popeye sign	انتفاخ العضلة عند الانقباض
HP:6001367	Distal biceps tendon rupture	تمزق وتر العضلة في الأخرم
HP:6001368	Proximal biceps tendon rupture	تمزق وتر في أعلى الذراع
HP:6001369	Positive bursal fluid infectious agent test	اختبار عدوى في السائل المحيط بالمفصل
HP:6001370	Acute retinal necrosis	موت أنسجة الشبكية
HP:6001371	Cystic changes in greater tuberosity of the humerus	تغيرات كيسية في عظم العضد
HP:6001372	Positive Hawkins test	اختبار ألم الكتف
HP:6001373	Hallux weakness	ضعف في إصبع القدم الكبير
HP:6001374	Hallux dorsiflexion weakness	ضعف رفع الإصبع الكبير
HP:6001375	Hallux plantarflexion weakness	ضعف الضغط بالإصبع الكبير
HP:6001376	Forefoot pain	ألم في مقدمة القدم
HP:6001377	Spur at inferior pole of patella	نتوء عظمي في الركبة
HP:6001378	Urinary ascites	وجود بول في البطن
HP:6001379	Abnormal mixed venous oxygen saturation	تشبع غير طبيعي بالأكسجين في الدم
HP:6001380	Elevated circulating lysosphingomyelin concentration	ارتفاع مستوى الليزوسفنجوميالين في الدم
HP:0009810	Abnormality of upper limb joint	خلل في مفاصل الذراع
HP:0009811	Abnormality of the elbow	خلل في الكوع
HP:0009812	Amelia involving the upper limbs	فقدان الأطراف العلوية
HP:0009813	Upper limb phocomelia	ذراع قصير يشبه الزعنفة
HP:0009814	Upper limb peromelia	فقدان أجزاء من الذراع
HP:0009815	Aplasia/hypoplasia of the extremities	غياب أو صغر الأطراف
HP:0009816	Lower limb undergrowth	أرجل قصيرة بسبب نقص التكون
HP:0009817	Aplasia involving bones of the lower limbs	غياب عظام الساقين
HP:0009818	Amelia involving the lower limbs	فقدان الأرجل
HP:0009819	Lower limb phocomelia	ساق يشبه الزعنفة
HP:6001381	Abnormal lens capsule morphology	عدم انتظام كبسولة العدسة
HP:6001382	Posterior capsule opacification	تعكر الكبسولة الخلفية
HP:6001383	Bronchial stenosis	ضيق القُصَب الهوائية
HP:6001384	Skin tenting due to fracture	شد الجلد بسبب الكسر
HP:6001385	Follicular conjunctivitis	التهاب ملتحمة بوجود جريبات
HP:6001386	Granulomatous conjunctivitis	التهاب ملتحمة بوجود حبيبات
HP:6001387	Areas of hypopigmentation and hyperpigmentation that follow Blaschko lines	خطوط مختلفة التصبغات
HP:6001388	Retinal drusen	بقع صفراء على الشبكية
HP:6001389	Intrauterine amputation	بتر خلقي
HP:6001390	Intrauterine digital amputation	فقدان إصبع أثناء الحمل
HP:0009820	Lower limb peromelia	فقدان الأطراف السفلية
HP:0009821	Forearm undergrowth	قصر عظام الساعد
HP:0009822	Aplasia involving forearm bones	غياب عظام الساعد
HP:0009823	Aplasia involving bones of the upper limbs	غياب عظام الأطراف العليا
HP:0009824	Upper limb undergrowth	قصر الذراعين
HP:0009825	Aplasia involving bones of the extremities	غياب عظام الأطراف
HP:0009826	Limb undergrowth	قصر الأطراف
HP:0009827	Amelia	غياب الأطراف
HP:0009828	Peromelia	فقدان الأطراف البعيدة
HP:0009829	Phocomelia	شذوذ في الأطراف
HP:6001391	Intrauterine limb amputation	فقدان طرف أثناء الحمل
HP:6001392	Proximal interphalangeal joint arthritis	التهاب مفاصل الأصابع
HP:6001393	Dorsal intercalated segment instability	عدم استقرار الرسغ
HP:6001394	Disruption of carpal arcs	عدم انتظام عظام الرسغ
HP:6001395	Spilled teacup sign of the wrist	خلع عظمة الهلالية
HP:6001396	Positive Finkelstein sign	اختبار فينكلستاين التحسسي
HP:6001397	Forefoot abduction	انحناء القدم الأمامي
HP:6001398	Posterior tibial tendon injury	إصابة وتر الكاحل
HP:6001399	Plantar pain	ألم أسفل القدم
HP:6001400	Flexor hallucis longus tendon injury	إصابة وتر إصبع القدم الكبير
HP:6001401	Hallux pain	ألم في إصبع القدم الكبير
HP:6001402	Pain on the medial aspect of the foot	ألم في الجانب قرب إصبع القدم الكبير
HP:6001403	Hallux sesamoid injury	إصابة عظام إصبع القدم الكبير
HP:6001404	Radial wrist pain	ألم في جانب معصم اليد الأقرب للإبهام
HP:6001405	Volar wrist pain	ألم في الجانب الأمامي لمعصم اليد
HP:6001406	Dorsal wrist pain	ألم في الجانب الخلفي لمعصم اليد
HP:6001407	Peroneal tendon tenderness	ألم عند لمس وتَر العصب الشظوي
HP:6001408	Peroneal tendon subluxation	انزلاق وتر العصب الشظوي
HP:6001409	Peroneal tendon injury	إصابة في وتر العصب الشظوي
HP:6001410	Elevated circulating succinylacetone concentration	ارتفاع سكسينيل أسيتون في الدم
HP:0009830	Peripheral neuropathy	تضرر الأعصاب المحيطية
HP:0009831	Mononeuropathy	تضرر عصب واحد
HP:0009832	Abnormal distal phalanx morphology of finger	تشوه عظام طرف الإصبع
HP:0009833	Abnormal middle phalanx morphology of the hand	تشوه عظام الإصبع الوسطى
HP:0009834	Abnormal proximal phalanx morphology of the hand	تشوه عظام الإصبع الداخلية
HP:0009835	Aplasia/Hypoplasia of the distal phalanges of the hand	عدم وجود/تكون غير مكتمل لعظام الإصبع الطرفية
HP:0009836	Broad distal phalanx of finger	عظام الإصبع الطرفية العريضة
HP:0009837	Bullet-shaped distal phalanges of the hand	عظام الإصبع الطرفية بشكل الرصاصة
HP:0009838	Curved distal phalanges of the hand	عظام الإصبع الطرفية المنحنية
HP:0009839	Osteolytic defects of the distal phalanges of the hand	تآكل العظام الطرفية لليد
HP:6001411	Flat palate	القبة المسطحة
HP:6001412	Elevated circulating C-terminal telopeptide cross-link of type1 collagen concentration	زيادة في الكولاجين بالدم
HP:6001413	Exacerbated by pulmonary vasodilator exposure	سوء الحالة عند استخدام أدوية الرئة
HP:6001414	Mercury exposure	التعرض للزئبق
HP:6001415	Urinoma	تجمع البول حول الكلية
HP:6001416	Umbilical discharge	سائل يخرج من السرة
HP:6001417	Abnormal biparietal diameter	قياس غير طبيعي لرأس الجنين
HP:6000490	Impaired heel-walking ability	صعوبة المشي بالكعب
HP:6000491	Anti-prothrombin antibody positivity	وجود أجسام مضادة للبروثرومبين
HP:6000492	Anti-factor V antibody positivity	وجود أجسام مضادة للعامل الخامس
HP:6000493	Anti-factor VII antibody positivity	وجود أجسام مضادة لعامل التخثر السابع
HP:6000494	Anti-factor VIII antibody positivity	وجود أجسام مضادة لعامل التخثر الثامن
HP:6000495	Anti-factor IX antibody positivity	وجود أجسام مضادة لعامل التخثر التاسع
HP:6000496	Anti-factor X antibody positivity	وجود أجسام مضادة لعامل التخثر العاشر
HP:6000497	Anti-factor XI antibody positivity	وجود أجسام مضادة لعامل التخثر الحادي عشر
HP:6000498	Anti-factor XIII antibody positivity	وجود أجسام مضادة لعامل التخثر الثالث عشر
HP:6000499	Anti-factor H antibody positivity	وجود أجسام مضادة لعامل التخثر H
HP:6000500	Extremities cold to touch	برودة اليدين والقدمين
HP:6000501	Ruffled acrosome	شكل غير طبيعي في مقدمة الحيوانات المنوية
HP:6000502	Elevated circulating calprotectin concentration	زيادة كالبركتين في الدم
HP:0009852	Broad proximal phalanges of the hand	سلاميات اليد القريبة العريضة
HP:0009853	Bullet-shaped proximal phalanges of the hand	سلاميات اليد القريبة على شكل رصاصة
HP:0009525	Bracket epiphysis of the proximal phalanx of the 2nd finger	نهاية عظمة الإصبع الثاني على شكل قوس
HP:0009526	Cone-shaped epiphysis of the proximal phalanx of the 2nd finger	نهاية عظمة الإصبع الثاني على شكل مخروط
HP:0009527	Enlarged epiphysis of the proximal phalanx of the 2nd finger	نهاية عظم الإصبع الثاني المكبرة
HP:0009528	Fragmentation of the epiphysis of the proximal phalanx of the 2nd finger	تجزئة نهاية عظمة الإصبع الثاني
HP:0009529	Irregular epiphysis of the proximal phalanx of the 2nd finger	نهاية عظمة الإصبع الثاني غير منتظمة
HP:0009530	Ivory epiphysis of the proximal phalanx of the 2nd finger	زيادة كثافة عظمة إصبع اليد الثاني
HP:0009531	Pseudoepiphysis of the proximal phalanx of the 2nd finger	نهاية عظمة كاذبة في الإصبع الثاني
HP:0009532	Small epiphysis of the proximal phalanx of the 2nd finger	نهاية عظمة الإصبع الثاني الصغيرة
HP:0009840	Patchy sclerosis of distal phalanx of finger	زيادة غير متساوية في كثافة العظام في عظم الإصبع الخارجي
HP:0009843	Aplasia/Hypoplasia of the middle phalanges of the hand	غياب/صغر عظمة الإصبع الوسطى في اليد
HP:0009844	Broad middle phalanx of finger	اتساع عظام الإصبع الوسطى
HP:0009845	Bullet-shaped middle phalanges of the hand	عظام الإصبع الوسطى عريضة وقصيرة
HP:0009846	Curved middle phalanges of the hand	عظام الإصبع الوسطى المقوسة في اليد
HP:0009847	Osteolytic defects of the middle phalanges of the hand	عيوب تآكلية في عظام الإصبع الوسطى
HP:0009848	Patchy sclerosis of middle phalanx of finger	زيادة غير متساوية في كثافة العظام في عظام الإصبع الوسطى
HP:0009849	Symphalangism of middle phalanx of finger	دمج عظمة الإصبع الوسطى
HP:0009850	Triangular shaped middle phalanges of the hand	عظام الإصبع الوسطى المثلثة الشكل
HP:0009851	Aplasia/Hypoplasia of the proximal phalanges of the hand	غياب/صغر عظام الإصبع الداخلية لليد
HP:6000503	4-5 toe cutaneous syndactyly	التحام الجلد بين أصبعين القدم الرابع والخامس
HP:6000504	Poly-hill sign	فحص عضلات الظهر والكتف
HP:6000505	3-5 finger cutaneous syndactyly	التحام الجلد بين الأصابع الثالث والرابع والخامس في اليد
HP:6000506	Radioulnar subluxation	جزء من خلع مفصل الكوع والمعصم
HP:6000507	Non-pitting edema	انتفاخ لا يترك أثراً عند الضغط
HP:6000508	Anti-human ferritin peptide antibody positivity	وجود أجسام مضادة ضد الفيريتين
HP:6000509	Elevated CSF L-2-hydroxyglutaric acid concentration	زيادة حمض محدد في سائل النخاع الشوكي
HP:6000510	Elevated erythrocyte inosine triphosphate concentration	زيادة مادة معينة في كريات الدم
HP:6000511	Reduced erythrocyte inosine triphosphatase activity	ضعف نشاط إنزيم معين في الدم
HP:6000512	Reduced circulating alpha-1,3-fucosyltransferase activity	ضعف نشاط إنزيم محدد في الدم
HP:0009533	Stippling of the epiphysis of the proximal phalanx of the 2nd finger	البقع في نهاية العظمة الداخلية للإصبع
HP:0009534	Triangular epiphysis of the proximal phalanx of the 2nd finger	السلامية بشكل مثلث للإصبع
HP:0009535	Aplasia of the 2nd finger	اختفاء الإصبع الثاني
HP:0009536	Short 2nd finger	قصر الإصبع الثاني
HP:0009537	Flexion contracture of the 2nd finger	تقلص مرن في الإصبع الثاني
HP:0009538	Contracture of the distal interphalangeal joint of the 2nd finger	تقلص في مفصل الإصبع الثاني البعيد
HP:0009539	Contracture of the metacarpophalangeal joint of the 2nd finger	تقلص في مفصل الإصبع الثاني
HP:0009540	Contracture of the proximal interphalangeal joint of the 2nd finger	تقفع الكف للخنصر للإصبع الثاني
HP:0009541	Abnormality of the phalanges of the 2nd finger	مشاكل في عظام إصبع السبابة
HP:0009542	Abnormality of the distal phalanx of the 2nd finger	خلل في نهاية عظمة الإصبع الثاني
HP:6000513	Diminished neutrophil myeloperoxidase activity	نشاط الإنزيم في الخلايا المناعية منخفض
HP:6000514	Reduced erythrocyte uroporphyrinogen III cosynthase activity	نشاط الإنزيم في الكريات الحمراء منخفض
HP:6000515	Elevated 18-hydroxycorticosterone to aldosterone ratio	زيادة نسبة الكورتيزون في الدم
HP:6000516	Elevated circulating 21-deoxycortisol concentration	زيادة الكورتيزول في الدم
HP:6000517	Elevated monolysocardiolipin/cardiolipin ratio	زيادة نسبة الدهون الفسفورية في الدم
HP:6000518	Low maternal vitamin B12 concentration	نقص فيتامين B12 عند الحامل
HP:6000519	Elevated circulating inhibin A concentration	زيادة تركيز الإينهيبين في الدم
HP:6000520	Increased circulating inhibin B concentration	زيادة إينهيبين B في الدم
HP:6000521	Elevated circulating lipoprotein(a) concentration	ارتفاع البروتين الدهني في الدم
HP:6000522	Reduced circulating lipoprotein(a) concentration	نقص البروتين الدهني في الدم
HP:0009543	Abnormality of the middle phalanx of the 2nd finger	عظم الإصبع الثاني المشوه
HP:0009544	Abnormality of the proximal phalanx of the 2nd finger	عظم الإصبع الثاني المشوه
HP:0009545	Symphalangism of the 2nd finger	انصهار عظام الإصبع الثاني
HP:0009546	Triangular shaped phalanges of the 2nd finger	عظام الإصبع الثاني المثلثة
HP:0009547	Broad phalanges of the 2nd finger	عظام الإصبع الثاني العريضة
HP:0009548	Bullet-shaped phalanges of the 2nd finger	عظام الإصبع الثاني الرصاصية الشكل
HP:0009549	Curved phalanges of the 2nd finger	عظام الإصبع الثاني المنحنية
HP:0009550	Osteolytic defects of the phalanges of the 2nd finger	عيوب انحلال العظام في الإصبع
HP:0009551	Patchy sclerosis of 2nd finger phalanx	زيادة غير متساوية في كثافة العظم بالإصبع الثاني
HP:0009552	Aplasia/Hypoplasia of the phalanges of the 2nd finger	عظم الإصبع الثاني الغائب أو غير مكتمل النمو
HP:6000524	Abnormal urinary bile acid level	حمض الصفراء في البول غير طبيعي
HP:6000525	Reduced erythrocyte glutathione reductase activity	نشاط اختزال الجلوتاثيون منخفض في كريات الدم الحمراء
HP:6000526	Failure to elevate lactate upon ischemic exercise test	عدم ارتفاع اللاكتات في تمرين الإسقيمي
HP:6000527	Elevated circulating cholestanol concentration	كوليستانول الدم مرتفع
HP:6000528	Livestock exposure	التعرض للحيوانات في المزرعة
HP:6000529	Synchronous skin lesions	ظهور آفات جلدية متعددة في نفس الوقت
HP:6000530	Serpentine skin location	جلد يشبه الثعبان
HP:6000531	Abnormal urinary organic compound level	مركبات عضوية في البول غير طبيعية
HP:6000532	Elevated urinary histamine level	الهستامين مرتفع في البول
HP:6000533	Elevated urinary N-methylhistamine level	N-ميثيل الهستامين مرتفع في البول
HP:0009553	Abnormality of the hairline	خط شعر غير طبيعي
HP:0009554	Preauricular hair displacement	نمو الشعر على الخد
HP:0009555	Hypoplasia of the pharynx	نقص نمو البلعوم
HP:0009556	Absent tibia	غياب عظم الساق
HP:0009557	Aplasia/Hypoplasia of the distal phalanx of the 2nd finger	غياب أو صغر عظمة نهاية الإصبع السبابة
HP:0009558	Broad distal phalanx of the 2nd finger	عظمة واسعة لنهاية الإصبع السبابة
HP:0009559	Bullet-shaped distal phalanx of the 2nd finger	عظمة نهاية الإصبع السبابة بشكل الرصاصة
HP:0009560	Curved distal phalanx of the 2nd finger	عظمة نهاية الإصبع السبابة المنحنية
HP:0009561	Osteolytic defects of the distal phalanx of the 2nd finger	انحلال عظم الإصبع السبابة
HP:0009562	Patchy sclerosis of the distal phalanx of the 2nd finger	زيادة غير منتظمة في كثافة العظم لنهاية الإصبع السبابة
HP:6000544	Positive mycobacterium CSF microscopy	تحليل السائل الشوكي للكشف عن المتفطرات
HP:6000545	Positive treponema pallidum PCR test in the blood circulation	تحليل الدم للكشف عن اللولبية الشاحبة
HP:6000546	Positive human Immunodeficiency virus nucleic acid test in the blood circulation	تحليل الدم للكشف عن فيروس نقص المناعة البشري
HP:6000547	Positive CSF enterovirus nucleic acid test	تحليل السائل النخاعي للكشف عن الفيروس المعوي
HP:6000548	Positive CSF Borrelia burgdorferi nucleic acid test	تحليل السائل النخاعي للكشف عن بوريليا برغدورفيرية
HP:6000549	Positive CSF arbovirus nucleic acid test	تحليل السائل النخاعي للكشف عن فيروسات المفصليات
HP:6000550	Positive Bartonella henselae nucleic acid test in the blood circulation	تحليل الدم للكشف عن بارتونيلا هنسيلاي
HP:6000551	Positive Dengue virus PCR test in the blood circulation	تحليل الدم للكشف عن فيروس الضنك
HP:6000552	Positive CSF JC-virus nucleic acid test	تحليل السائل النخاعي للكشف عن الفيروس JC
HP:6000553	Bloodstream Malaria parasite	طفيل الملاريا في الدم
HP:0009574	Symphalangism of middle phalanx of 2nd finger	التصاق عظم الإصبع الأوسط
HP:0009575	Triangular shaped middle phalanx of the 2nd finger	عظم الإصبع الأوسط المثلث
HP:0009576	Absent middle phalanx of 2nd finger	غياب عظم الإصبع الأوسط
HP:0009577	Short middle phalanx of the 2nd finger	قصر عظم الإصبع الأوسط
HP:0009579	Proximal/middle symphalangism of the 2nd finger	التصاق العظام الداخلية والوسطى للإصبع
HP:0009580	Aplasia/Hypoplasia of the proximal phalanx of the 2nd finger	غياب/صغر العظم الداخلي للإصبع
HP:0009581	Broad proximal phalanx of the 2nd finger	زيادة عرض العظم الداخلي للإصبع
HP:0012464	Decreased transferrin saturation	انخفاض مستوى الترانسفيرين
HP:0012465	Elevated hepatic iron concentration	زيادة مستوى الحديد في الكبد
HP:0012466	Chronic respiratory acidosis	الحماض التنفسي المزمن
HP:6000534	Elevated urinary ureidopropionic acid level	زيادة حمض اليوريدوبروبيونيك في البول
HP:6000535	Elevated urinary porphyrin level	زيادة البورفيرين في البول
HP:6000536	Elevated urinary coproporphyrin level	زيادة الكوبروبورفيرين في البول
HP:6000537	Eccrine sweat gland predominance	زيادة غدد العرق الإفرازية
HP:6000538	Poorly demarcated skin lesion	آفة جلدية غير محددة
HP:6000539	History of recent cat bite	تعرض لعضة قطة قريبة
HP:6000540	History of recent stay in area with inadequate sewage sanitation	إقامة قصيرة في منطقة ذات صرف سيء
HP:6000541	Positive cutaneous herpes simplex virus nucleic acid test	اختبار جلدي إيجابي للهربس
HP:6000542	Positive CSF mycobacterium tuberculosis nucleic acid test	إصابة إيجابية بالسل في السائل النخاعي
HP:6000543	Positive mycobacterium CSF culture	اختبار إيجابي لميكوبكتيريا في السائل النخاعي
HP:0009563	Distal/middle symphalangism of 2nd finger	التحام عظام الإصبع الثاني
HP:0009564	Triangular shaped distal phalanx of the 2nd finger	شكل مثلث لعظم الإصبع الثاني
HP:0009565	Aplasia of the distal phalanx of the 2nd finger	عدم وجود نهاية عظم الإصبع الثاني
HP:0009566	Short distal phalanx of the 2nd finger	قصور في عظم إصبع السبابة
HP:0009568	Aplasia/Hypoplasia of the middle phalanx of the 2nd finger	عدم وجود/صغر عظم الوسط للإصبع الثاني
HP:0009569	Broad middle phalanx of the 2nd finger	عرض في عظم الوسط للإصبع الثاني
HP:0009570	Bullet-shaped middle phalanx of the 2nd finger	عظم على شكل رصاصة في الإصبع الثاني
HP:0009571	Curved middle phalanx of the 2nd finger	انحناء في عظم الإصبع الثاني
HP:0009572	Osteolytic defects of the middle phalanx of the 2nd finger	تآكل في عظم الإصبع الثاني
HP:0009573	Patchy sclerosis of the middle phalanx of the 2nd finger	كثافة العظم غير متساوية في الإصبع الثاني
HP:0012467	Acute respiratory acidosis	الحماض التنفسي المفاجئ
HP:0012468	Chronic acidosis	الحماض المستمر
HP:0012469	Infantile spasms	تشنجات الرضع
HP:0012470	Setting-sun eye phenomenon	العينان المتجهتان للأسفل
HP:0012471	Thick vermilion border	الشفاه الممتلئة
HP:0012472	Eclabion	الشفة مقلوبة للخارج
HP:0012473	Tongue atrophy	تآكل اللسان
HP:0012474	Carotid artery occlusion	انسداد الشريان السباتي
HP:0012475	Decreased circulating level of specific antibody	نقص الجسم المضاد الخاص
HP:0012476	Decreased specific pneumococcal antibody level	نقص الجسم المضاد للمكورات الرئوية
HP:6000564	Elevated circulating vasoactive intestinal peptide concentration	زيادة الببتيد المعوي في الدم
HP:6000565	Elevated circulating cholesterol sulfate concentration	زيادة كبريتات الكوليسترول في الدم
HP:6000566	Elevated circulating lipoprotein-X concentration	زيادة بروتين دهني-X في الدم
HP:6000567	Elevated circulating oxalate concentration	زيادة الأوكسالات في الدم
HP:6000568	Elevated blood ethylene glycol concentration	زيادة إيثيلين جليكول في الدم
HP:6000569	Midline notching of lower lip	انخفاض منتصف الشفة السفلى
HP:6000570	Reduced tissue thymidine phosphorylase activity	نقص إنزيم التيميدين في الأنسجة
HP:6000571	Reduced tissue tripeptidyl peptidase 1 activity	نقص إنزيم التريبيبتيديل في الأنسجة
HP:6000572	Reduced tissue arginine:glycine amidinotransferase activity	نقص إنزيم أرجينين في الأنسجة
HP:6000573	Reduced tissue aspartylglucosaminidase activity	نقص إنزيم الأسبارتيل في الأنسجة
HP:6000554	Positive bloodstream plasmodium falciparum nucleic acid pathogen test	اختبار الملاريا في الدم
HP:6000555	Decreased erythrocyte fructose-1,6-bisphosphate aldolase activity	انخفاض نشاط إنزيم في كريات الدم الحمراء
HP:6000556	Reduced circulating dopamine beta-hydroxylase activity	انخفاض نشاط إنزيم في الدم
HP:6000557	Reduced erythrocyte bisphosphoglycerate mutase activity	انخفاض نشاط إنزيم في كريات الدم الحمراء
HP:6000558	Reduced erythrocyte adenylate kinase activity	انخفاض نشاط إنزيم في كريات الدم الحمراء
HP:6000559	Reduced erythrocyte hexokinase activity	انخفاض نشاط إنزيم في كريات الدم الحمراء
HP:6000560	Decreased circulating carboxypeptidase N activity	انخفاض نشاط إنزيم في الدم
HP:6000561	Elevated red cell pyruvate kinase activity	زيادة نشاط إنزيم في كريات الدم الحمراء
HP:6000562	Reduced circulating adenosine deaminase-2 activity	انخفاض نشاط إنزيم في الدم
HP:6000563	Reduced sepiapterin reductase activity in cultured fibroblasts	انخفاض نشاط إنزيم في الخلايا الليفية
HP:6000574	Reduced tissue carnitine-acylcarnitine translocase activity	انخفاض نشاط إنزيم كارنيتين في الأنسجة
HP:6000575	Reduced circulating 6-pyruvoyltetrahydropterin synthase activity	انخفاض نشاط إنزيم في الدم
HP:6000576	Reduced tissue mannosyl-oligosaccharide glucosidase activity	انخفاض نشاط إنزيم مانوسيل في الأنسجة
HP:6000577	Reduced tissue 3-methylglutaconyl-CoA hydratase activity	انخفاض نشاط إنزيم ميثيل في الأنسجة
HP:6000578	Reduced tissue gamma-glutamyltransferase activity	انخفاض نشاط إنزيم غاما غلوتاميل في الأنسجة
HP:6000579	Positive oropharangeal infectious agent test	نتيجة إيجابية لاختبار عدوى في الحلق
HP:6000580	Positive oropharynx poliovirus nucleic acid test	إيجابية اختبار فيروس شلل الأطفال في الحلق
HP:6000581	Positive synonvial fluid infectious agent test	نتيجة إيجابية لاختبار العدوى في سائل المفاصل
HP:6000582	Positive synonvial fluid culture	زرع إيجابي لسائل المفاصل
HP:6000583	Positive synovial fluid gram stain	اختبار إيجابي للبكتيريا في سائل المفاصل
HP:0012477	Vocal tremor	اهتزاز الصوت
HP:0012478	Temporomandibular joint ankylosis	التصاق مفصل الفك
HP:0012479	Temporomandibular joint crepitus	أصوات مفصل الفك
HP:0012480	Abnormal cerebral vein morphology	تشوه أوردة الدماغ
HP:0012481	Cerebral venous angioma	ورم دموي في الدماغ
HP:0012482	Frontal venous angioma	ورم دموي جبهوي
HP:0012483	Abnormal alpha granules	خلل في حبيبات الدم
HP:0012484	Abnormal dense granules	خلل في حبيبات الدم
HP:0012485	Abnormal surface-connected open canalicular system	تشوه في نظام الصفائح الدموية
HP:0012486	Myelitis	التهاب النخاع الشوكي
HP:0012487	Cerebellopontine angle arachnoid cyst	كيسة في الدماغ
HP:0012488	Intraventricular arachnoid cyst	كيسة داخل الدماغ
HP:0012489	Suprasellar arachnoid cyst	كيسة فوق منطقة الغدة النخامية
HP:0012490	Panniculitis	التهاب في الأنسجة الدهنية
HP:0012491	Abnormal dense tubular system	تشوه في النظام الخلوي
HP:0012492	Cerebral artery stenosis	ضيق في شريان الدماغ
HP:0012493	Middle cerebral artery stenosis	ضيق في الشريان الأوسط في الدماغ
HP:0012494	Anterior cerebral artery stenosis	ضيق في الشريان الأمامي في الدماغ
HP:0012495	Posterior cerebral artery stenosis	ضيق في الشريان الخلفي في الدماغ
HP:0012496	Reduced maximal inspiratory pressure	ضعف في قوة الشهيق
HP:6000584	Anti Parvovirus antibody positivity	وجود أجسام مضادة ضد فيروس بارفو
HP:6000585	Brain parenchymal tuberculoma	درن في الدماغ
HP:6001087	Irregular P-P interval	عدم انتظام في تخطيط القلب
HP:6001088	Fungal hair infection	فطرة في الشعر
HP:6001089	Long hairstyle	الشعر الطويل
HP:6001090	Conjunctival subepithelial fibrosis	تليف في العين
HP:6001091	Conjunctival fornix foreshortening	تغيير في عمق الملتحمة
HP:6001092	Strong ultraviolet light exposure	التعرض لأشعة الشمس القوية
HP:6001093	Exposure to vaginal douching	استخدام غسول مهبلي
HP:6001094	Exposure to oily lotions or creams	استخدام مستحضرات تجميل زيتية
HP:0012497	Reduced maximal expiratory pressure	انخفاض قوة الزفير
HP:0012498	Nuchal cord	التفاف الحبل السري حول رقبة الجنين
HP:0012499	Descending aortic dissection	تمزق الأبهر النازل
HP:0012500	Verrucous papule	حطاطة مثل الثؤلول
HP:0012501	Abnormal brainstem white matter morphology	تشوه المادة البيضاء في جذع الدماغ
HP:0010649	Flat nasal alae	تسطح جناحي الأنف
HP:0010650	Hypoplasia of the premaxilla	نقص في نمو عظم ما قبل الفك العلوي
HP:0010651	Abnormal meningeal morphology	تشوه السحايا
HP:0010652	Abnormal dura mater morphology	تشوه الأم الجافية
HP:0010653	Abnormality of the falx cerebri	تشوه المخيخ
HP:0010654	Aplasia of the falx cerebri	غياب الحاجز المخي
HP:0010655	Epiphyseal stippling	تكلسات مرقطة في نهاية العظم
HP:0010656	Abnormal epiphyseal ossification	نضوج غير طبيعي لنهاية العظم
HP:0010657	Patchy reduction of bone mineral density	انخفاض غير منتظم في كثافة العظام
HP:0010658	Patchy changes of bone mineral density	تغيرات غير منتظمة في كثافة العظام
HP:0010659	Patchy variation in bone mineral density	تفاوت غير منتظم في كثافة العظام
HP:0010660	Abnormal hand bone ossification	نضوج غير طبيعي لعظام اليد
HP:0010661	Absence of the third cerebral ventricle	عدم وجود البطين الثالث
HP:0010662	Abnormal diencephalon morphology	خلل في شكل الدماغ الأوسط
HP:0010663	Abnormal thalamus morphology	خلل في شكل المهاد
HP:6001095	Elevated circulating pristanic acid concentration following branched-chain fatty acid ingestion	زيادة حمض بريستانيك في الدم
HP:6001096	Decreased CD4+ T cell ZAP-70 protein expression	انخفاض في بروتين معين في خلايا المناعة
HP:6001097	Dorsal flexion contracture of the ankle	تقلص في عضلات الكاحل
HP:6001098	Metaphyseal undermodelling	نقص في تشكيل العظام عند الأطراف
HP:6001099	Iliac vein compression	ضغط على وريد في منطقة الحوض
HP:6001100	Positive serum amyloid P scintigraphy	اختبار إيجابي لترسبات غير طبيعية في الجسم
HP:6001101	Crossed brainstem sign	علامة على تلف في جذع الدماغ
HP:6001102	Inability to puff cheeks	صعوبة في نفخ الخدين
HP:6001103	Entoptic phenomenon	ظواهر بصرية ذاتية
HP:6001104	Abnormal vestibulo-spinal reflex	مشاكل في التوازن
HP:0010664	Fusion of the left and right thalami	التصاق السريرين البصريين
HP:0010665	Bilateral coxa valga	التواء الوركين
HP:0010666	Hypoplasia of the anterior nasal spine	نقص نمو العمود الأنفي الأمامي
HP:0010667	Aplasia of the maxilla	غياب عظام الفك العلوي
HP:0010668	Abnormal zygomatic bone morphology	تشوه الوجنة
HP:0010669	Hypoplasia of the zygomatic bone	صغر عظمة الوجنة
HP:0010672	Abnormality of the third metatarsal bone	تشوه في العظمة الثالثة للقدم
HP:0010674	Abnormal curvature of the vertebral column	انحناء غير طبيعي للعمود الفقري
HP:0010675	Abnormal foot bone ossification	تكلس غير طبيعي لعظام القدم
HP:0010676	Mechanical ileus	انسداد ميكانيكي في الأمعاء
HP:0010677	Enuresis nocturna	التبول الليلي
HP:0010678	Enuresis diurna	التبول في النهار
HP:0010679	Elevated tissue non-specific alkaline phosphatase	ارتفاع الفوسفاتاز القلوي
HP:0010680	Elevated alkaline phosphatase of renal origin	ارتفاع الفوسفاتاز القلوي من الكلى
HP:0010681	Elevated intestinal alkaline phosphatase	ارتفاع الفوسفاتاز القلوي من الأمعاء
HP:0010682	Elevated placental alkaline phosphatase	ارتفاع الفوسفاتاز القلوي من المشيمة
HP:0010683	Low tissue non-specific alkaline phosphatase	انخفاض الفوسفاتاز القلوي
HP:0010684	Low alkaline phosphatase of bone origin	انخفاض الفوسفاتاز القلوي من العظام
HP:0010685	Low alkaline phosphatase of renal origin	انخفاض الفوسفاتاز القلوي من الكلى
HP:0010686	Low alkaline phosphatase of hepatic origin	انخفاض الفوسفاتاز القلوي من الكبد
HP:6001105	Positive probe-to-bone test	اختبار الجرح للوصول للعظم
HP:6001106	Exposure to repetitive hand impact	استخدام أدوات تهتز
HP:6001107	Fractured scaphoid bone	كسر العظمة في الرسغ
HP:6001108	Local anesthetic ineffectiveness	مقاومة المخدر الموضعي
HP:6001109	Palmoplantar location	موقع الجرح في اليدين أو القدمين
HP:6001110	Oral mucosa plaque	لويحة في الفم
HP:6001111	Positive saliva rabies nucleic acid test	اختبار داء الكلب في اللعاب
HP:6001112	Elevated tissue arylsulfatase A activity	نشاط أنزيم أريل سلفاتاز أ مرتفع
HP:6001113	Elevated circulating methysterol concentration	ارتفاع دهون مثيسترول في الدم
HP:6001114	Elevated urinary adipic acid	زيادة حمض الأديبيك في البول
HP:6001115	EEG with temporal slowing	تخطيط دماغ بطيء في الفص الصدغي
HP:6001116	History of high-pressure injection injury of the hand	إصابة في اليد بضغط عالي
HP:6001117	Hypertrophic ulnar styloid process	زيادة حجم زر الزند
HP:6001118	History of recent peripheral venous catheter	تركيب قسطرة وريدية مؤخرا
HP:6001119	Purulent drainage from skin	خروج صديد من الجرح
HP:6001120	Occupational history of putting fingers in other people's mouths	عمل يتطلب وضع الأصابع في أفواه الناس
HP:6001121	Single-finger involvement	مشكلة في إصبع واحد
HP:6001122	Multiple-finger involvement	مشكلات في عدة أصابع
HP:6001123	Pain disproportionate to abnormality on physical exam	ألم يظهر أكبر من المتوقع عند الفحص
HP:6001124	Sphenoid wing dysplasia	خلل في عظمة الجناح الوتدي
HP:6001125	Skin laceration	جروح الجلد
HP:6001126	Metacarpal fracture	كسر عظمة في اليد
HP:6001127	Pain at the base of the thumb	وجع في قاعدة الإبهام
HP:6001128	History of recent participation in athletics	ممارسة الرياضة مؤخرًا
HP:6001129	Remote trauma history	إصابة قديمة
HP:6001130	Distal radioulnar joint arthritis	التهاب المفصل بين الكعبرة والزند
HP:6001131	Radial head fracture	كسر في الكعبرة
HP:6001132	Elbow lateral collateral ligament tear	تمزق رباط في المرفق
HP:6001133	Elbow medial collateral ligament tear	تمزق رباط من الجهة الداخلية للمرفق
HP:6001134	Coronoid fracture	كسر في الالتحام العلوي للزند
HP:0010687	Low intestinal alkaline phosphatase	انخفاض الفوسفاتاز القلوي في الأمعاء
HP:0010688	Low placental alkaline phosphatase	انخفاض الفوسفاتاز القلوي في المشيمة
HP:0010689	Mirror image polydactyly	يد أو قدم إضافية الأصابع مع ترتيب مرآتي
HP:0010690	Mirror image hand polydactyly	تكرار مرآتي للأصابع في اليد
HP:0010691	Mirror image foot polydactyly	تكرار مرآتي للأصابع في القدم
HP:0010693	Pulverulent cataract	الساد الحبيبي
HP:0010694	Lamellar pulverulent cataract	الساد الحبيبي الصفائحي
HP:0010695	Sutural cataract	الساد على شكل خطي
HP:0010696	Polar cataract	الساد عند طرف العدسة
HP:0010697	Anterior pyramidal cataract	عتامة هرمية أمامية
HP:6001135	History of spinal cord injury	سابق إصابة النخاع الشوكي
HP:6001136	Femoral nerve distribution	ألم في منطقة العصب الفخذي
HP:6001137	Triceps tendon rupture	قطع في وتر العضلة ثلاثية الرؤوس
HP:6001138	Digoxin exposure	تناول دواء الديجوكسين
HP:6001139	Upper arm pain	ألم في الذراع العليا
HP:6001140	Capitellum fracture	كسر في نهاية عظم الذراع
HP:6001141	Anterior shoulder pain	ألم في مقدمة الكتف
HP:6001142	Pain at the anterior aspect of the elbow	ألم في مقدمة المرفق
HP:6001143	Posterior fat pad sign of the elbow	علامة الأشعة للمرفق
HP:6001144	Pain at the anterior aspect of the knee	ألم في مقدمة الركبة
HP:0010698	Nuclear pulverulent cataract	الماء الأبيض في العين
HP:0010699	Triangular nuclear cataract	الماء الأبيض النووي المثلثي
HP:0003180	Flat acetabular roof	سطح عظم الورك المسطح
HP:0003182	Shallow acetabular fossae	تجويف الورك الضحل
HP:0003183	Wide pubic symphysis	التحام العانة العريض
HP:0003184	Decreased hip abduction	صعوبة فتح الورك
HP:0003185	Short greater sciatic notch	قصر الشق في الورك
HP:0003186	Inverted nipples	حلمات داخلة
HP:0003187	Breast hypoplasia	ثدي غير مكتمل النمو
HP:0003189	Long nose	أنف طويل
HP:0003191	Cleft ala nasi	شق في فتحة الأنف
HP:0003193	Allergic rhinitis	حساسية الأنف
HP:0003194	Short nasal bridge	قصر جسر الأنف
HP:0003196	Short nose	أنف صغير
HP:0003198	Myopathy	مرض النسيج العضلي
HP:0003199	Decreased muscle mass	نقص في الكتلة العضلية
HP:0003200	Ragged-red muscle fibers	ألياف عضلية غير طبيعية
HP:0003201	Rhabdomyolysis	انهيار الألياف العضلية الهيكلية
HP:0003202	Skeletal muscle atrophy	ضمور العضلات
HP:0003203	Decreased neutrophil oxidative burst	انخفاض الاستجابة التأكسدية للعدلات
HP:6001145	Pain at the posterior aspect of the knee	ألم خلف الركبة
HP:6001146	Biceps tendonitis	التهاب وتر العضلة ذات الرأسين
HP:6000586	Muscle arteriovenous malformation	تشوه في الأوعية الدموية بالعضلات
HP:6000587	Bone arteriovenous malformation	تشوه في الأوعية الدموية بالعظام
HP:6000588	Periosteal elevation	ارتفاع غشاء العظم
HP:6000589	Esophageal dilation	توسع المريء
HP:6000590	Spinal lipoma	ورم دهني في العمود الفقري
HP:6000591	Loose body in joint	قطع صغيرة في المفصل
HP:6000592	Paraspinal arteriovenous malformation	تشوه الأوعية بجانب العمود الفقري
HP:0100238	Synostosis involving bones of the upper limbs	التحام عظام الذراعين
HP:0003204	Intracellular accumulation of autofluorescent lipopigment storage material	تراكم مواد تخزين داخل الخلية
HP:0003205	Curvilinear intracellular accumulation of autofluorescent lipopigment storage material	تراكم مواد تخزين داخل الخلية بشكل منحني
HP:0003206	Decreased activity of NADPH oxidase	نشاط منخفض لأوكسيداز NADPH
HP:0003207	Arterial calcification	ترسب الكالسيوم في الشرايين
HP:0003208	Fingerprint intracellular accumulation of autofluorescent lipopigment storage material	تراكم مواد تخزين داخل الخلية بشكل بصمات
HP:0003209	Decreased pyruvate carboxylase activity	انخفاض نشاط إنزيم بيروفات كربوكسيليز
HP:0003210	Decreased methylmalonyl-CoA mutase activity	انخفاض نشاط إنزيم مثيل مالونيل-كو إيه ميوتيز
HP:0003212	Increased circulating IgE concentration	زيادة مستوى IgE في الدم
HP:0003213	Deficient excision of UV-induced pyrimidine dimers in DNA	نقص في إزالة ثنائيات البيريميدين الناتجة عن الأشعة فوق البنفسجية في الحمض النووي
HP:0003214	Prolonged G2 phase of cell cycle	إطالة الطور G2 من دورة الخلية
HP:0100250	Meningeal calcification	ترسيب الكالسيوم في الأغشية السحائية
HP:0100251	Multiple central nervous system lipomas	أورام دهنية في المخ
HP:0100252	Diaphyseal dysplasia	اضطراب في الجذع العظمي
HP:0100253	Abnormality of the medullary cavity of the long bones	تغير في العظام المجوفة
HP:0100254	Stenosis of the medullary cavity of the long bones	ضيق التجويف العظمي
HP:0100255	Metaphyseal dysplasia	اضطراب في نهاية العظام
HP:0100256	Senile plaques	ترسبات بروتين في المخ
HP:0100257	Ectrodactyly	اليد المشقوقة
HP:0100258	Preaxial polydactyly	إصبع زائد عند الإبهام
HP:0100259	Postaxial polydactyly	إصبع زائد بجانب الخنصر
HP:0100240	Synostosis of joints	التحام العظام عند المفاصل
HP:0100241	Ectopic respiratory mucosa	مخاط تنفسي غير طبيعي في الجلد
HP:0100242	Sarcoma	ورم ماليني في النسيج الضام
HP:0100243	Leiomyosarcoma	ورم خبيث في العضلات الملساء
HP:0100244	Fibrosarcoma	ورم خبيث من النسيج الليفي
HP:0100245	Gastrointestinal desmoid tumor	ورم ديسمويد حميد
HP:0100246	Osteoma	نمو عظمي غير طبيعي
HP:0100247	Recurrent singultus	الحازوقة
HP:0100248	Hemiballismus	حركات مفاجئة لا إرادية
HP:0100249	Calcification of muscles	تراكم الكالسيوم في العضلات
HP:0003215	Dicarboxylic aciduria	زيادة حمض الديكربوكسي في البول
HP:0003216	Generalized amyloid deposition	انتشار الأميلويد في الجسم
HP:0003217	Hyperglutaminemia	ارتفاع الجلوتامين في الدم
HP:0003218	Oroticaciduria	زيادة حمض الأوروتيك في البول
HP:0003219	Ethylmalonic aciduria	زيادة حمض الإيثيلمالونيك في البول
HP:0003220	Abnormality of chromosome stability	اضطراب في ثبات الكروموسومات
HP:0003221	Chromosomal breakage induced by crosslinking agents	تكسر الكروموسومات بسبب العوامل الكيمائية
HP:0003223	Decreased circulating methylcobalamin concentration	نقص فيتامين ب12
HP:0003224	Increased cellular sensitivity to UV light	زيادة حساسية الخلايا للشمس
HP:0003225	Reduced coagulation factor V activity	نقص نشاط البروتين الخامس للتخثر
HP:0100260	Mesoaxial polydactyly	زيادة في عدد الأصابع
HP:0100261	Abnormal tendon morphology	تشوه شكل الأوتار
HP:0100262	Synostosis involving digits	التحام الأصابع
HP:0100263	Distal symphalangism	التحام الأصابع البعيد
HP:0100264	Proximal symphalangism	التحام الأصابع القريب
HP:0100265	Synostosis of metacarpals/metatarsals	التحام عظام اليد/القدم الطويلة
HP:0100266	Synostosis of carpals/tarsals	التحام عظام الرسغ/الكاحل
HP:0100267	Lip pit	انخفاض في الشفة
HP:0100268	Upper lip pit	انخفاض في الشفة العلوية
HP:0100269	Paramedian lip pit	انخفاض بجانب الشفة
HP:0003226	Rectilinear intracellular accumulation of autofluorescent lipopigment storage material	تراكم خطي لمواد اللون في الخلايا
HP:0003228	Hypernatremia	ارتفاع مستوى الصوديوم في الدم
HP:0003231	Hypertyrosinemia	زيادة التيروزين في الدم
HP:0009950	Complete duplication of the distal phalanx of the 2nd finger	ازدواجية كاملة في العظم الأبعد لإصبع السبابة
HP:0009951	Partial duplication of the distal phalanx of the 2nd finger	ازدواجية جزئية في العظم الأبعد للإصبع الثاني
HP:0009952	Complete duplication of the middle phalanx of the 2nd finger	ازدواجية كاملة في العظم الأوسط لإصبع السبابة
HP:0009953	Partial duplication of the middle phalanx of the 2nd finger	ازدواجية جزئية في العظم الأوسط لإصبع السبابة
HP:0009954	Complete duplication of the proximal phalanx of the 2nd finger	ازدواجية كاملة في العظم القريب لإصبع السبابة
HP:0009955	Partial duplication of the proximal phalanx of the 2nd finger	ازدواجية جزئية في العظم القريب لإصبع السبابة
HP:0009956	Partial duplication of the phalanges of the 2nd finger	ازدواجية جزئية في عظام الإصبع السبابة
HP:0100281	Chronic colitis	التهاب الأمعاء
HP:0100282	Acute colitis	التهاب الأمعاء الحاد
HP:0100283	EMG: continuous motor unit activity at rest	نشاط عضلي مستمر في الراحة
HP:0100284	EMG: myotonic discharges	نشاط عضلي غير طبيعي
HP:0100285	EMG: impaired neuromuscular transmission	نقل عصبي عضلي غير منتظم
HP:0100287	EMG: slow motor conduction	بطء الحركة
HP:0100288	EMG: myokymic discharges	نشاط عضلي غير طبيعي
HP:0100289	Abnormality of pattern reversal visual evoked potentials	خلل في الفحص البصري
HP:0100290	Abnormality of peripheral somatosensory evoked potentials	خلل في الفحوصات العصبية
HP:0100291	Delayed somatosensory central conduction time	تأخر في الاستجابة العصبية
HP:0100270	Abnormality of dorsoventral patterning of the limbs	تشوه نمو الأطراف
HP:0100271	Hyponasal speech	كلام مكتوم
HP:0100272	Branchial sinus	تشوه خلقي في الرقبة
HP:0100273	Neoplasm of the colon	ورم في القولون
HP:0100274	Gustatory lacrimation	دموع عند الأكل
HP:0100275	Diffuse cerebellar atrophy	ضعف المخيخ
HP:0100276	Skin pit	حفرة في الجلد
HP:0100277	Periauricular skin pits	حفرة حول الأذن
HP:0100279	Ulcerative colitis	التهاب مزمن في القولون
HP:0100280	Crohn's disease	التهاب الأمعاء المزمن
HP:0009957	Complete duplication of the phalanges of the 2nd finger	ازدواج كامل لعظام الإصبع الثاني
HP:0009958	Polydactyly affecting the 3rd finger	إصبع وسطى إضافي
HP:0009959	Duplication of phalanx of 3rd finger	ازدواج عظام الإصبع الوسطى
HP:0009960	Complete duplication of the phalanges of the 3rd finger	ازدواج كامل لعظام الإصبع الوسطى
HP:0009961	Partial duplication of the phalanges of the 3rd finger	ازدواج جزئي لعظام الإصبع الوسطى
HP:0009962	Duplication of the distal phalanx of the 3rd finger	ازدواج العظمة الخارجية للإصبع الوسطى
HP:0009963	Duplication of the middle phalanx of the 3rd finger	ازدواج العظمة الوسطى للإصبع الوسطى
HP:0009964	Duplication of the proximal phalanx of the 3rd finger	ازدواج العظمة القريبة للإصبع الوسطى
HP:0009965	Complete duplication of the distal phalanx of the 3rd finger	ازدواج كامل للعظمة الخارجية للإصبع الثالث
HP:0009966	Complete duplication of the middle phalanx of the 3rd finger	ازدواج كامل للعظمة الوسطى للإصبع الوسطى
HP:0100292	Amyloidosis of peripheral nerves	ترسبات نشوانية في الأعصاب
HP:0100293	Hypertrophied muscle fibers	تضخم العضلات
HP:0100295	Muscle fiber atrophy	ضعف الألياف العضلية
HP:0100296	Perifascicular muscle fiber atrophy	ضعف الألياف العضلية حول الحزم
HP:0100297	Increased endomysial connective tissue	زيادة النسيج بين الألياف العضلية
HP:0100298	Motheaten muscle fibers	الألياف العضلية المتضررة
HP:0100299	Muscle fiber inclusion bodies	ترسبات داخل الألياف العضلية
HP:0100300	Desmin bodies	ترسبات ديسمين داخل الألياف
HP:0100301	Muscle fiber tubular inclusions	ترسبات أنبوبية في الألياف
HP:0100302	Muscle fiber tubuloreticular inclusions	ترسبات أنبوبية شبكية في الألياف
HP:0009967	Complete duplication of the proximal phalanx of the 3rd finger	ازدواج كامل لعظمة الإصبع الثالث
HP:0009968	Partial duplication of the distal phalanx of the 3rd finger	ازدواج جزئي لعظمة الإصبع الأوسط
HP:0009969	Partial duplication of the middle phalanx of the 3rd finger	ازدواج جزئي لعظمة الإصبع الثالث
HP:0009970	Partial duplication of the proximal phalanx of the 3rd finger	ازدواج جزئي لعظمة الإصبع الثالث
HP:0009971	Polydactyly affecting the 4th finger	إصبع إضافي في الإصبع الرابع
HP:0009972	Duplication of phalanx of 4th finger	ازدواج عظام الإصبع الرابع
HP:0009973	Complete duplication of the phalanges of the 4th finger	ازدواج كامل لعظام الإصبع الرابع
HP:0009974	Partial duplication of the phalanges of the 4th finger	ازدواج جزئي لعظام الإصبع الرابع
HP:0009975	Duplication of the distal phalanx of the 4th finger	ازدواج عظمة الطرف البعيد للإصبع الرابع
HP:0009976	Duplication of the middle phalanx of the 4th finger	ازدواج عظمة الوسطى للإصبع الرابع
HP:0009977	Duplication of the proximal phalanx of the 4th finger	ازدواج العظمة القريبة من الإصبع الرابع
HP:0009978	Complete duplication of the distal phalanx of the 4th finger	ازدواج العظمة البعيدة من الإصبع الرابع
HP:0009979	Complete duplication of the middle phalanx of the 4th finger	ازدواج العظمة الوسطى من الإصبع الرابع
HP:0009980	Complete duplication of the proximal phalanx of the 4th finger	ازدواج العظمة القريبة من الإصبع الرابع
HP:0009981	Partial duplication of the distal phalanx of the 4th finger	ازدواج العظمة البعيدة من الإصبع الرابع
HP:0009982	Partial duplication of the middle phalanx of the 4th finger	ازدواج العظمة الوسطى من الإصبع الرابع
HP:0009983	Partial duplication of the proximal phalanx of the 4th finger	ازدواج العظمة القريبة من الإصبع الرابع
HP:0009985	Duplication of phalanx of 5th finger	ازدواج عظام الإصبع الصغير
HP:0009986	Complete duplication of the phalanges of the 5th finger	ازدواج كامل لعظام الإصبع الصغير
HP:0009987	Partial duplication of the phalanges of the 5th finger	ازدواج جزئي لعظام الإصبع الصغير
HP:0009988	Duplication of the distal phalanx of the 5th finger	ازدواج العظمة الأخيرة للإصبع الصغير
HP:0009989	Duplication of the middle phalanx of the 5th finger	ازدواج العظمة الوسطى للإصبع الصغير
HP:0009990	Duplication of the proximal phalanx of the 5th finger	ازدواج العظمة القريبة للإصبع الصغير
HP:0009991	Complete duplication of the distal phalanx of the 5th finger	ازدواج كامل للعظمة الأخيرة للإصبع الصغير
HP:0009992	Complete duplication of the middle phalanx of the 5th finger	ازدواج كامل للعظمة الوسطى للإصبع الصغير
HP:0009993	Complete duplication of the proximal phalanx of the 5th finger	ازدواج كامل للعظمة القريبة للإصبع الصغير
HP:0009994	Partial duplication of the distal phalanx of the 5th finger	ازدواج جزئي للعظمة الأخيرة للإصبع الصغير
HP:0009995	Partial duplication of the middle phalanx of the 5th finger	ازدواج جزئي للعظمة الوسطى للإصبع الصغير
HP:0009996	Partial duplication of the proximal phalanx of the 5th finger	ازدواج جزئي للعظمة القريبة للإصبع الصغير
HP:0009997	Duplication of phalanx of hand	ازدواج عظام الأصابع
HP:0100303	Muscle fiber cytoplasmatic inclusion bodies	تجمعات داخل الخلية العضلية
HP:0100304	Muscle fiber intranuclear inclusion bodies	تجمعات داخل نواة الخلية العضلية
HP:0100305	Ring fibers	ألياف دائرية في العضلات
HP:0100306	Muscle fiber hyaline bodies	تجمعات زجاجية داخل الألياف العضلية
HP:0100307	Cerebellar hemisphere hypoplasia	صغر نصف المخيخ
HP:0100308	Cerebral cortical hemiatrophy	الضمور في أحد نصفي المخ
HP:0100309	Subdural hemorrhage	نزيف بين الدماغ والجمجمة
HP:0100310	Epidural hemorrhage	نزيف بين الجمجمة والدماغ
HP:0100311	Cerebral ventricular adhesions	ندوب داخل البطين الدماغي
HP:0100312	Cerebral germinoma	ورم خلايا جنينية في الدماغ
HP:0430066	Anti-Zikavirus-specific antibody positivity	وجود أجسام مضادة ضد فيروس زيكا
HP:0430067	Positive bloodstream nucleic acid pathogen test	اختبار إيجابي للكشف عن جراثيم في الدم
HP:0430068	Positive microfilaria PCR test in the blood circulation	اختبار إيجابي للميكروفيلاريا في الدم
HP:0430069	Positive JC-virus PCR test in the blood circulation	اختبار إيجابي للفيروس JC في الدم
HP:0430070	Placenta previa	المشيمة أمام الطفل
HP:0430071	Abnormal circulating organic compound concentration	مستوى غير طبيعي للمواد العضوية في الدم
HP:0430072	Abnormal circulating beta-carotene concentration	مستوى غير طبيعي للبيتاكاروتين في الدم
HP:0430073	Decreased circulating beta-carotene concentration	نقص البيتاكاروتين في الدم
HP:0430074	Increased circulating beta-carotene concentration	ارتفاع البيتاكاروتين في الدم
HP:0430075	Mammary blocked duct	انسداد قناة حليب الثدي
HP:0009998	Complete duplication of phalanx of hand	ازدواج كامل في عظام اليد
HP:0009999	Partial duplication of the phalanx of hand	ازدواج جزئي في عظام اليد
HP:0010000	Complete duplication of the proximal phalanges of the hand	ازدواج كامل في العظام الداخلية لليد
HP:0010001	Complete duplication of the distal phalanges of the hand	ازدواج كامل في العظام الخارجية لليد
HP:0010002	Complete duplication of the middle phalanges of the hand	ازدواج كامل في العظام الوسطى لليد
HP:0010003	Partial duplication of the proximal phalanges of the hand	ازدواج جزئي في العظام الداخلية لليد
HP:0010004	Partial duplication of the distal phalanges of the hand	ازدواج جزئي في العظام الخارجية لليد
HP:0010005	Partial duplication of the middle phalanges of the hand	ازدواج جزئي في العظام الوسطى لليد
HP:0010006	Duplication of the proximal phalanx of hand	ازدواج في العظام الداخلية لليد
HP:0010008	Duplication of the middle phalanx of hand	ازدواج في العظام الوسطى لليد
HP:0100313	Cerebral granulomatosis	التهاب دماغي
HP:0100314	Cerebral inclusion bodies	تجمعات غير طبيعية في الدماغ
HP:0100316	Hirano bodies	تجمعات داخل الخلايا العصبية
HP:0100317	Argyrophilic inclusion bodies	تجمعات دماغية غير طبيعية
HP:0100318	Lafora bodies	تكوينات غير طبيعية بالعصبونات
HP:0100319	Cerebral hyaline bodies	تجمعات غير معروفة في الدماغ
HP:0100320	Rosenthal fibers	الألياف الدماغية الغريبة
HP:0100321	Abnormal dentate nucleus morphology	تغيرات في نواة المخيخ
HP:0430065	Anti-babesia-specific antibody positivity	وجود أجسام مضادة للببزيا
HP:0010009	Abnormal 1st metacarpal morphology	خلل في العظمة الأولى من اليد
HP:0010010	Abnormal 2nd metacarpal morphology	خلل في العظمة الثانية من اليد
HP:0010011	Abnormal 3rd metacarpal morphology	خلل في العظمة الثالثة من اليد
HP:0010012	Abnormal 4th metacarpal morphology	خلل في العظمة الرابعة من اليد
HP:0010013	Abnormal 5th metacarpal morphology	خلل في العظمة الخامسة من اليد
HP:0010014	Abnormality of the epiphysis of the 1st metacarpal	خلل في نهاية العظمة الأولى من اليد
HP:0010015	Absent epiphysis of the 1st metacarpal	غياب نهاية العظمة الأولى من اليد
HP:0003232	Mitochondrial malic enzyme reduced	إنزيم الميتوكوندريا الماليك منخفض
HP:0003233	Decreased HDL cholesterol concentration	انخفاض كوليسترول HDL
HP:0003234	Decreased circulating carnitine concentration	نقص الكارنيتين
HP:0430076	Bloodstream antifungal antibody positivity	وجود أجسام مضادة للفطريات في الدم
HP:0430077	Anti-coccidioidal antibody positivity	أجسام مضادة للفطر كوكسيديا في الدم
HP:0430078	Anti-cryptococcal antibody positivity	أجسام مضادة للفطر كربتوكوكاس في الدم
HP:0430079	Anti-mycoplasma antibody positivity	أجسام مضادة للميكوبلازما في الدم
HP:0430080	Anti-rickettsial antibody positivity	أجسام مضادة للريكتسيا في الدم
HP:0430081	Anti-Bartonella henselae antibody positivity	أجسام مضادة للبرتونِيلا في الدم
HP:0430082	Anti-Dengue virus antibody positivity	أجسام مضادة للضنك في الدم
HP:0430083	Anti-arbovirus antibody positivity	أجسام مضادة للأربوفيروس في الدم
HP:0430084	Anti-lymphocytic choriomeningitis antibody positivity	أجسام مضادة لفيروس التهاب السحايا في الدم
HP:0430085	Anti-varicella-zoster antibody positivity	أجسام مضادة للفيروس الحماق النطاقي في الدم
HP:0003235	Hypermethioninemia	زيادة الميثيونين في الدم
HP:0003236	Elevated circulating creatine kinase concentration	زيادة إنزيم الكرياتين كيناز في الدم
HP:0003237	Increased circulating IgG concentration	زيادة الغلوبولين المناعي G في الدم
HP:0003238	Hyperpepsinogenemia I	زيادة الببسينوجين في الدم
HP:0003239	Phosphoethanolaminuria	زيادة مستوى الفوسفوأيثانول أمين في البول
HP:0003240	Increased phosphoribosylpyrophosphate synthetase level	زيادة إنزيم PRPS1
HP:0003241	External genital hypoplasia	نقص نمو الأعضاء التناسلية الخارجية
HP:0003244	Penile hypospadias	مكان فتح الإحليل تحت القضيب
HP:0003246	Prominent scrotal raphe	خط العجان البارز
HP:0003247	Overgrowth of external genitalia	زيادة نمو الأعضاء التناسلية الخارجية
HP:0430086	Anti-rubella antibody positivity	وجود أجسام ضد الحصبة الألمانية
HP:0430087	Anti-cytomegalovirus antibody positivity	وجود أجسام ضد الفيروس المضخم للخلايا
HP:0430088	Anti-measles antibody positivity	وجود أجسام ضد الحصبة
HP:0430089	Anti-schistosoma antibody positivity	وجود أجسام ضد البلهارسيا
HP:0430090	Anti-Powassan virus antibody positivity	وجود أجسام ضد فيروس بواسان
HP:0430091	Marker expression	وجود علامة في الخلايا
HP:0430092	BCL2 expression	وجود BCL2 في الخلايا
HP:0430093	BCL6 expression	وجود BCL6 في الخلايا
HP:0430094	CD5 expression	وجود CD5 في الخلايا
HP:0430095	CD10 expression	وجود CD10 في الخلايا
HP:0003248	Gonadal tissue inappropriate for external genitalia or chromosomal sex	نسيج تناسلي غير متناسق
HP:0003249	Genital ulcers	قروح الأعضاء التناسلية
HP:0003250	Aplasia of the vagina	عدم وجود المهبل
HP:0003251	Male infertility	عدم قدرة الرجل على الإنجاب
HP:0003252	Anteriorly displaced genitalia	موقع غير طبيعي للأعضاء التناسلية
HP:0003254	Abnormality of DNA repair	خلل في عملية إصلاح DNA
HP:0003256	Abnormality of the coagulation cascade	اضطراب في تجلط الدم
HP:0003258	Glyoxalase deficiency	نقص إنزيم متعلق بالكيمياء الحيوية
HP:0003259	Elevated circulating creatinine concentration	ارتفاع الكرياتينين في الدم
HP:0003260	Hydroxyprolinemia	ارتفاع مستوى الهيدروكسيبرولين في الدم
HP:0010701	Abnormal circulating immunoglobulin concentration	تغير مستوى البروتينات المناعية في الدم
HP:0010702	Increased circulating immunoglobulin concentration	ارتفاع مستوى الأجسام المضادة في الدم
HP:0010704	1-2 finger cutaneous syndactyly	وجود جلد بين الإبهام والسبابة
HP:0010705	4-5 finger cutaneous syndactyly	وجود جلد بين الإصبع الرابع والخامس
HP:0010706	1-3 finger cutaneous syndactyly	وجود جلد بين الإبهام والإصبع الأوسط
HP:0010707	1-4 finger cutaneous syndactyly	وجود جلد بين الإبهام والإصبع الرابع
HP:0010708	1-5 finger cutaneous syndactyly	وجود جلد بين كل الأصابع
HP:0010709	2-4 finger cutaneous syndactyly	وجود جلد بين السبابة والإصبع الرابع
HP:0010710	3-5 finger syndactyly	وجود جلد بين الإصبع الثالث والرابع والخامس
HP:0010711	1-2 toe syndactyly	تلاصق أصابع القدم الأولى والثانية
HP:0430096	CD23 expression	وجود CD23 في الخلايا
HP:0430097	CD38 expression	وجود CD38 في الخلايا
HP:0430098	CD45 expression	وجود CD45 في الخلايا
HP:0430099	Cyclin D1 expression	وجود السيكلين D1 في الخلايا
HP:0430100	FMC7 expression	وجود FMC7 في الخلايا
HP:0430101	CD19 expression	وجود CD19 في الخلايا
HP:0430102	CD20 expression	وجود CD20 في الخلايا
HP:0430103	Past surgical history	العمليات الجراحية السابقة
HP:0430104	Abnormal superficial temporal artery morphology	تغيرات في شريان الرأس السطحي
HP:0430105	Skip lesions on temporal artery biopsy	التهاب متقطع في شريان الرأس
HP:0010712	1-4 toe syndactyly	التصاق الأصابع من الأول للرابع
HP:0010713	1-5 toe syndactyly	التصاق كل أصابع القدم
HP:0010714	2-4 toe syndactyly	التصاق الأصابع من الثاني للرابع
HP:0010715	2-5 toe syndactyly	التصاق الأصابع من الثاني للخامس
HP:0010716	3-5 toe syndactyly	التصاق الأصابع من الثالث للخامس
HP:0010717	Osseous syndactyly of toes	التصاق عظمي في أصابع القدم
HP:0010719	Abnormality of hair texture	خلل في نسيج الشعر
HP:0010720	Abnormal hair pattern	توزيع غير طبيعي للشعر
HP:0010721	Abnormal hair whorl	نمو غير طبيعي للشعر بالأشكال اللولبية
HP:0010722	Asymmetry of the ears	أذنين غير متماثلتين
HP:0430106	Abnormal brain-evoked potentials	مشاكل في إشارات الدماغ
HP:0430107	Sputum infectious agent	جراثيم في البلغم
HP:0430108	Positive Mycobacterium avium sputum culture	وجود المتفطرة الطيرية في البلغم
HP:0430109	Positive bloodstream infectious agent antigen test	وجود مستضد عامل معدي في الدم
HP:0430110	Positive bloodstream Cysticercosis antigen test	وجود مستضد داء الكيسات في الدم
HP:0430111	Klazomania	نوبات صراخ لاإرادي
HP:0430112	Coprolalia	الصراخ بألفاظ نابية
HP:0430113	Continuous involuntary vocalizations	أصوات مستمرة غير إرادية
HP:0430114	Aplasia/hypoplasia of the uterine cervix	عدم وجود أو نقص تطور عنق الرحم
HP:0430115	Cervical hypoplasia	عنق الرحم لم يكتمل نموه
HP:0430116	Primary peritoneal serous papillary adenocarcinoma	سرطان بريتواني
HP:0430117	Positive skin infectious agent test	اختبار جلدي إيجابي للعدوى
HP:0430118	Positive skin fungus test	اختبار فطريات الجلد
HP:0430119	Nasal secretion eosinophilia	يوزينات عالية في إفرازات الأنف
HP:0430120	Nasal secretion neutrophilia	نيوتروفيلات عالية في إفرازات الأنف
HP:0430121	Seminal vesicle agenesis	غياب الحويصلة المنوية
HP:0430122	Head impulse test has corrective saccade	اختبار وظيفي للعين في حركة الرأس
HP:0032241	Cervical neoplasm	ورم في عنق الرحم
HP:0032242	Cervical intraepithelial neoplasia	حالة ما قبل السرطان للعنق
HP:0032243	Abnormal tissue metabolite concentration	مستويات غير طبيعية لمركبات الأنسجة
HP:0010723	Cystic lesions of the pinnae	أكياس الأذن
HP:0010724	Advanced pneumatization of the mastoid process	تفخيم الهواء في العظم وراء الأذن
HP:0010726	Prominent corneal nerve fibers	أعصاب قرنية بارزة
HP:0010727	Spontaneous rupture of the globe	تمزق العين دون إصابة
HP:0010728	Aplasia of the retina	عدم وجود الشبكية
HP:0010729	Cherry red spot of the macula	بقعة حمراء في الشبكية
HP:0010730	Double eyebrow	حاجب مزدوج
HP:0010731	Extension of eyebrows towards upper eyelid	امتداد الحاجب نحو الجفن
HP:0010732	Nodular changes affecting the eyelids	عقد في الجفون
HP:0010733	Naevus flammeus of the eyelid	وحمة حمراء على الجفن
HP:0032244	Decreased serum thromboxane B2	انخفاض الثروبوكسان في الدم
HP:0032245	Abnormal metabolism	الأيض غير الطبيعي
HP:0032247	Persistent CMV viremia	وجود دائم لفيروس CMV في الدم
HP:0032248	Persistent viremia	وجود دائم للفيروس في الدم
HP:0032249	Coccidioidomycosis	حمى الوادي
HP:0032250	Acinetobacter infection	عدوى زائفة زنجارية
HP:0032251	Abnormal immune system morphology	خلل في شكل الجهاز المناعي
HP:0032252	Granuloma	مجموعة خلايا مناعية
HP:0032253	Eosinophilic granuloma	ورم حبيبي خلايا حمضية
HP:0032254	Increased circulating copper concentration	زيادة النحاس في الدم
HP:0010734	Fibrous dysplasia of the bones	نمو غير طبيعي للعظام
HP:0010735	Polyostotic fibrous dysplasia	نمو غير طبيعي في العديد من العظام
HP:0010736	Monostotic fibrous dysplasia	نمو غير طبيعي في عظمة واحدة
HP:0010739	Osteopoikilosis	نقاط صلبة في العظام
HP:0010740	Osteopathia striata	خطوط في العظام
HP:0010741	Pedal edema	تورم الساقين
HP:0010742	Edema of the upper limbs	تورم الذراعين
HP:0010743	Short metatarsal	قصر العظم في القدم
HP:0010744	Absent metatarsal bone	غياب العظم في القدم
HP:0010745	Aplasia of the phalanges of the toes	غياب عظام الأصابع
HP:0032255	Opportunistic fungal infection	عدوى فطرية لدى مرضى نقص المناعة
HP:0032256	Histoplasmosis	عدوى فطرية لدى مرضى نقص المناعة
HP:0032257	Disseminated histoplasmosis	انتشار الهستو بلازما في الجسم
HP:0032258	Pulmonary histoplasmosis	التهاب الرئة بسبب فطر الهستو بلازما
HP:0032259	Chronic tinea infection	عدوى جلدية فطرية
HP:0032260	Opportunistic bacterial infection	عدوى بكتيرية لدى مرضى ضعف المناعة
HP:0032261	Nontuberculous mycobacterial pulmonary infection	عدوى رئوية ببكتيريا غير السلية
HP:0032262	Pulmonary tuberculosis	السل الذي يؤثر على الرئتين
HP:0032263	Increased blood pressure	ارتفاع ضغط الدم
HP:0032264	Anti-NMDA receptor antibody positivity	أضداد مستقبلات NMDA
HP:0010746	Hypoplasia of the phalanges of the toes	عظام أصبع القدم صغيرة
HP:0010747	Medial flaring of the eyebrow	اتساع الحاجب من الجهة الداخلية
HP:0010748	Ectopic lacrimal punctum	وضع غير طبيعي للنقطة الدمعية
HP:0010749	Blepharochalasis	ترهل الجلد فوق الجفون
HP:0010750	Dermatochalasis	ارتخاء الجلد على الجفون
HP:0010751	Dimple chin	انبعاج في الذقن
HP:0010752	Cleft mandible	شق الفك السفلي
HP:0010753	Midline defect of mandible	عيب في خط الوسط للفك السفلي
HP:0010754	Abnormality of the temporomandibular joint	تشوه في مفصل الفك
HP:0010755	Asymmetry of the maxilla	الفك العلوي مائل
HP:0003261	Increased circulating IgA concentration	زيادة IgA في الدم
HP:0003262	Anti-smooth muscle antibody positivity	وجود أجسام مضادة للعضلات الملساء
HP:0003264	Deficiency of N-acetylglucosamine-1-phosphotransferase	نقص في N-acetylglucosamine-1-phosphotransferase
HP:0003265	Neonatal hyperbilirubinemia	زيادة البيليروبين عند الرضع
HP:0003267	Reduced orotidine 5-prime phosphate decarboxylase level	انخفاض إنزيم الأوروتدين
HP:0003268	Argininuria	ارتفاع الأرجينين في البول
HP:0003270	Abdominal distention	انتفاخ البطن
HP:0003271	Visceromegaly	كبر حجم الأعضاء الداخلية
HP:0003272	Abnormal hip bone morphology	تشوه في عظمة الورك
HP:0032276	Prominent subcalcaneal fat pad	وسادة دهنية سميكة تحت الكعب
HP:0032277	Lozenge-shaped umbilicus	السرة بشكل معين
HP:0032278	2-hydroxyglutarate aciduria	زيادة حمض 2-هيدروكسي غلوتاريك في البول
HP:0032281	Abnormal base excess	عدم التوازن في الفائض الأساسي
HP:0032282	Contact dermatitis	حساسية الجلد التماسي
HP:0032283	Disseminated nontuberculous mycobacterial infection	عدوى فطرية غير سلّيّة منتشرة
HP:0032284	Ultra-low vision with retained motion projection	رؤية ضعيفة مع إمكانية رؤية حركة
HP:0032285	Ultra-low vision with retained light projection	رؤية ضعيفة مع إمكانية رؤية الضوء
HP:0032286	Ultra-low vision with retained light perception	رؤية ضعيفة مع إمكانية تمييز الضوء
HP:0032287	Ultra-low vision with no light perception	رؤية ضعيفة بدون إدراك للضوء
HP:0032265	CSF autoimmune antibody positivity	وجود أجسام مضادة في السائل النخاعي
HP:0032266	CSF anti-NMDA receptor antibody positivity	وجود أجسام مضادة في السائل النخاعي
HP:0032267	Empty delta sign	علامة دلتا في التصوير
HP:0032268	Dural tail sign	علامة الذيل في التصوير
HP:0032269	Lemon sign	شكل رأس الجنين مثل الليمونة
HP:0032270	Optic nerve tram-track sign	علامة القضيبين في التصوير
HP:0032271	Extrapulmonary tuberculosis	السل خارج الرئتين
HP:0032273	Increased circulating N-acetylaspartic acid concentration	زيادة حمض أن أسيتيل الأسبارتيك في الدم
HP:0032274	Increased CSF N-acetylaspartic acid concentration	زيادة حمض أن أسيتيل الأسبارتيك في السائل النخاعي
HP:0032275	Recurrent shingles	جدري الماء المتكرر
HP:0003273	Hip contracture	تصلب مفصل الورك
HP:0003274	Hypoplastic acetabulae	التنس المسيع الصغير
HP:0003275	Narrow pelvis bone	الحوض الضيق
HP:0003276	Pelvic bone exostoses	نمو زائد في عظم الحوض
HP:0003277	Constricted iliac wing	جناح الحرقفة المتضيق
HP:0003278	Square pelvis bone	عظم الحوض المربع
HP:0003279	Coxa magna	تضخم رأس ونق العظم الفخذي
HP:0003281	Increased circulating ferritin concentration	ارتفاع مستوى الفيريتين في الدم
HP:0003282	Decreased circulating alkaline phosphatase activity	انخفاض مستوى الفوسفاتاز القلوي في الدم
HP:0003286	Cystathioninemia	ارتفاع مستويات السيستاثيونين في الدم
HP:0003287	Abnormality of mitochondrial metabolism	خلل في وظائف الميتوكوندريا
HP:0003288	Mitochondrial propionyl-CoA carboxylase defect	خلل في بروبيونيل-كو أ الكربوكسيليز
HP:0003292	Decreased serum leptin	نقص الليبتين في الدم
HP:0003296	Hyperthreoninuria	زيادة الثريونين في البول
HP:0003297	Hyperlysinuria	زيادة الليزين في البول
HP:0003298	Spina bifida occulta	السنسنة المشقوقة المخفية
HP:0003300	Ovoid vertebral bodies	فقرات بشكل بيضاوي
HP:0003301	Irregular vertebral endplates	سطح غير منتظم للصفائح الفقرية
HP:0003302	Spondylolisthesis	انزلاق العمود الفقري
HP:0003304	Spondylolysis	كسر في العمود الفقري
HP:0032288	Polyclonal elevation of circulating IgG	ارتفاع في أضداد الدم
HP:0032289	Oligoclonal elevation of circulating IgG	ارتفاع محدود في أضداد الدم
HP:0032290	Monoclonal elevation of IgG	ارتفاع في أضداد محددة
HP:0032291	Monoclonal elevation of intact IgG	ارتفاع في أضداد عادية
HP:0032292	Monoclonal elevation of IgG light chain	ارتفاع في سلاسل غلوبين خفيفة
HP:0032293	Monoclonal elevation of IgG heavy chain	ارتفاع في سلاسل غلوبين ثقيلة
HP:0032294	Monoclonal elevation of IgG kappa chain	ارتفاع في سلسلة كابا
HP:0032295	Monoclonal elevation of IgG lambda chain	ارتفاع في سلسلة لامبدا
HP:0032296	Increased circulating IgG subclass	ارتفاع في نوع معين من الأضداد
HP:0032297	Increased circulating IgG3 level	ارتفاع في IgG3
HP:0032298	Increased circulating IgG1 level	زيادة في IgG1 في الدم
HP:0032299	Increased circulating IgG2 level	زيادة في IgG2 في الدم
HP:0032300	Increased circulating IgG4 level	زيادة في IgG4 في الدم
HP:0032301	Genital warts	ثآليل في المنطقة الحساسة
HP:0032302	Kappa Bence Jones proteinuria	وجود بروتين كابا في البول
HP:0032303	Lambda Bence Jones proteinuria	وجود بروتين لامبدا في البول
HP:0032304	Abnormal circulating mannose-binding protein concentration	تغير مستوى بروتين ربط المانوز في الدم
HP:0032305	Decreased circulating mannose-binding protein concentration	انخفاض بروتين ربط المانوز في الدم
HP:0032306	Elevated circulating mannose-binding protein concentration	زيادة بروتين ربط المانوز في الدم
HP:0032308	Increased circulating procalcitonin concentration	زيادة البروكالسيتونين في الدم
HP:0003305	Block vertebrae	فقرات ملتصقة
HP:0003306	Spinal rigidity	تيبس العمود الفقري
HP:0003307	Hyperlordosis	زيادة الانحناء الخلفي
HP:0003308	Cervical subluxation	انزلاق جزئي في فقرات العنق
HP:0003309	Ovoid thoracolumbar vertebrae	فقرات بيضاوية
HP:0003310	Abnormal odontoid process morphology	تشوه في عملية الأودونتيد
HP:0003311	Hypoplasia of the odontoid process	نقص نمو في عملية الأودونتيد
HP:0003312	Abnormal form of the vertebral bodies	تشوه في شكل الفقرات
HP:0003316	Butterfly vertebrae	فقرات الفراشة
HP:0003318	Cervical spine hypermobility	فرط حركة في العنق
HP:0032309	Abnormal granulocyte count	عدد حبيبيات الدم غير طبيعي
HP:0032310	Increased total granulocyte count	زيادة عدد الحبيبات في الدم
HP:0032311	Elevated circulating globulin concentration	زيادة الجلوبولين في الدم
HP:0032312	Decreased circulating globulin concentration	انخفاض الجلوبولين في الدم
HP:0032313	Frontotemporal hypertrichosis	زيادة الشعر في الجبهة والصدغ
HP:0032314	Abnormal areolar morphology	شكل غير طبيعي للهالة حول الحلمة
HP:0032315	Areolar fullness	شكل دائري للهالة
HP:0032316	Family history	تاريخ صحة العائلة
HP:0032317	Family history of cancer	السرطان في العائلة
HP:0032318	Family history of heart disease	أمراض القلب في العائلة
HP:0032319	Health status	الوضع الصحي
HP:0032320	Affected	مصاب بالمرض
HP:0032321	Unaffected	لا يوجد إصابة
HP:0032322	Healthy	ليس لديه أمراض خطيرة
HP:0032323	Periodic fever	حمى تحدث بشكل منتظم
HP:0032324	Non-periodic recurrent fever	حمى تحدث بشكل غير منتظم
HP:0032325	Lacunar stroke	سكتة دماغية صغيرة
HP:0032326	Methicillin-resistant Staphylococcus aureus infection	عدوى MRSA
HP:0032327	Interhemispheric cyst	جيب في الدماغ
HP:0032328	Temporomandibular joint adhesion	التصاق في فك
HP:0003319	Abnormality of the cervical spine	مشاكل في الرقبة
HP:0003320	C1-C2 subluxation	فك جزئي بين فقرتي الرقبة
HP:0003321	Biconcave flattened vertebrae	فقرات عظمية بشكل غير طبيعي
HP:0003323	Progressive muscle weakness	ضعف عضلي متزايد
HP:0003324	Generalized muscle weakness	ضعف عام في العضلات
HP:0003325	Limb-girdle muscle weakness	ضعف حول الكتفين والحوض
HP:0003326	Myalgia	ألم في العضلات
HP:0003327	Axial muscle weakness	ضعف في عضلات الرأس والعنق والعمود الفقري
HP:0003328	Abnormal hairshaft morphology	مشاكل في هيكل الشعر
HP:0003329	Hair shafts flattened at irregular intervals and twisted through 180 degrees about their axes	الشعر المنحني والمشوه
HP:0032329	Increased urinary 11-deoxycortisol level	ارتفاع هرمون 11-دي أوكسي كورتيزول في البول
HP:0032330	Increased urinary 11-deoxycorticosterone level	زيادة 11-دي أوكسي كورتيكوستيرون في البول
HP:0032331	Increased urinary 11-deoxytetrahydrocorticosterone level	زيادة 11-دي أوكسي تتراهيدروكورتيكوستيرون في البول
HP:0032332	Oligoclonal elevation of circulating IgM	ارتفاع IgM في الدم
HP:0032333	Polyclonal elevation of circulating IgA	زيادة IgA في الدم
HP:0032334	Oligoclonal elevation of circulating IgA	ارتفاع IgA في الدم
HP:0032335	Monoclonal elevation of circulating IgA	ارتفاع IgA في الدم
HP:0032336	Increased circulating specific IgE antibody concentration	زيادة الأجسام المضادة الخاصة IgE
HP:0032337	Monoclonal elevated circulating IgE concentration	زيادة IgE في الدم
HP:0032338	Oligoclonal elevated circulating IgE concentration	ارتفاع IgE في الدم
HP:0003330	Abnormal bone structure	بنية العظام غير الطبيعية
HP:0003332	Absent primary metaphyseal spongiosa	غائب الإسفنجية الميتافيزيائية الأولية
HP:0003333	Increased serum beta-hexosaminidase	زيادة بيتا-هيكسوسامينيداز في الدم
HP:0003334	Elevated circulating catecholamine level	ارتفاع الكاتيكولامينات في الدم
HP:0003336	Abnormal enchondral ossification	خلل في عملية تكلس العظام
HP:0003337	Reduced prothrombin consumption	انخفاض في التحويل من البروثرومبين إلى ثرومبين
HP:0003338	Focal necrosis of right ventricular muscle cells	تنخر جزئي لعضلات البطين الأيمن
HP:0003339	Pyrimidine-responsive megaloblastic anemia	فقر الدم الذي يتحسن مع البريميدينات
HP:0003341	Lamina lucida cleavage	انفصال طبقات الجلد
HP:0003343	Reduced glutathione synthetase level	نقص الجلوتاثيون سينثيز
HP:0100095	Abnormality of the epiphysis of the middle phalanx of the 4th toe	تشوه في نهاية العظم الأوسط للإصبع الرابع
HP:0100096	Abnormality of the epiphysis of the proximal phalanx of the 4th toe	تشوه في نهاية العظم الداخلي للإصبع الرابع
HP:0100097	Abnormality of the epiphysis of the distal phalanx of the 5th toe	تشوه في نهاية العظم الخارجي للإصبع الصغير
HP:0100098	Abnormality of the epiphysis of the middle phalanx of the 5th toe	تشوه في نهاية العظم الأوسط للإصبع الصغير
HP:0100099	Abnormality of the epiphysis of the proximal phalanx of the 5th toe	تشوه في نهاية العظم الداخلي للإصبع الصغير
HP:0100100	Absent epiphysis of the distal phalanx of the 2nd toe	غياب نهاية العظم الخارجي للإصبع الثاني
HP:0100101	Bracket epiphysis of the distal phalanx of the 2nd toe	نهاية عظم القوس الشكل للإصبع الثاني
HP:0100102	Cone-shaped epiphysis of the distal phalanx of the 2nd toe	نهاية عظم المخروط للإصبع الثاني
HP:0100103	Enlarged epiphysis of the distal phalanx of the 2nd toe	تضخم نهاية العظم الخارجي للإصبع الثاني
HP:0100104	Fragmentation of the epiphysis of the distal phalanx of the 2nd toe	تجزؤ نهاية العظم الخارجي للإصبع الثاني
HP:0003344	3-Methylglutaric aciduria	زيادة حمض 3-ميثيل غلوتاريك في البول
HP:0003345	Elevated urinary norepinephrine level	زيادة النورإبينفرين في البول
HP:0003347	Impaired lymphocyte transformation with phytohemagglutinin	ضعف تحول الخلايا الليمفاوية
HP:0003348	Hyperalaninemia	زيادة الألانين في الدم
HP:0003349	Low cholesterol esterification rate	انخفاض معدل تحويل الكولسترول
HP:0003351	Decreased circulating renin concentration	انخفاض مستوى الرينين في الدم
HP:0003352	Endopolyploidy on chromosome studies of bone marrow	زيادة عدد المجموعات الصبغية في خلايا نقي العظم
HP:0003353	Propionyl-CoA carboxylase deficiency	نقص إنزيم البروبونيل-كو أ
HP:0003354	Hyperthreoninemia	زيادة الثريونين في الدم
HP:0003355	Aminoaciduria	زيادة الأحماض الأمينية في البول
HP:0003357	Thymic hormone decreased	هرمون الغدة الزعترية أقل
HP:0003358	Elevated intracellular cystine	زيادة السيستين داخل الخلايا
HP:0003359	Decreased urinary sulfate	انخفاض كبريتات البول
HP:0003361	Tryptophanuria	ارتفاع نسبة التريبتوفان في البول
HP:0003710	Exercise-induced muscle cramps	تشنجات العضلات بعد التمرين
HP:0003712	Skeletal muscle hypertrophy	زيادة حجم عضلات الهيكل العظمي
HP:0003713	Muscle fiber necrosis	موت الخلايا العضلية
HP:0003715	Myofibrillar myopathy	تغيرات في العضلات الليفية
HP:0003716	Generalized muscular appearance from birth	المظهر العضلي منذ الولادة
HP:0003717	Minimal subcutaneous fat	قليل من الدهون تحت الجلد
HP:0100105	Irregular epiphysis of the distal phalanx of the 2nd toe	نهاية الإصبع الثاني غير مستقيمة
HP:0100106	Ivory epiphysis of the distal phalanx of the 2nd toe	زيادة كثافة عظمة الإصبع الثاني
HP:0100107	Pseudoepiphysis of the distal phalanx of the 2nd toe	نهاية زائفة للإصبع الثاني
HP:0100108	Small epiphysis of the distal phalanx of the 2nd toe	نهاية الإصبع الثاني الأصغر
HP:0100109	Stippling of the epiphysis of the distal phalanx of the 2nd toe	ترقيط في نهاية الإصبع الثاني
HP:0100110	Triangular epiphysis of the distal phalanx of the 2nd toe	نهاية مثلثة للإصبع الثاني
HP:0100111	Absent epiphysis of the middle phalanx of the 2nd toe	غياب نهاية العظمة الوسطى للإصبع الثاني
HP:0100112	Bracket epiphysis of the middle phalanx of the 2nd toe	نهاية مثل القوس للإصبع الثاني
HP:0100113	Cone-shaped epiphysis of the middle phalanx of the 2nd toe	نهاية مخروطية للإصبع الثاني
HP:0100114	Enlarged epiphysis of the middle phalanx of the 2nd toe	نهاية مكبرة للإصبع الثاني
HP:0100125	Enlarged epiphysis of the proximal phalanx of the 2nd toe	زيادة حجم نهاية عظم الإصبع الثاني
HP:0100126	Fragmentation of the epiphysis of the proximal phalanx of the 2nd toe	تجزؤ نهاية عظم الإصبع الثاني
HP:0100127	Irregular epiphysis of the proximal phalanx of the 2nd toe	عدم انتظام نهاية عظم الإصبع الثاني
HP:0100128	Ivory epiphysis of the proximal phalanx of the 2nd toe	كثافة عظمية عالية في نهاية عظم الإصبع الثاني
HP:0100129	Pseudoepiphysis of the proximal phalanx of the 2nd toe	مشاشة زائدة لا تؤثر على نمو العظم
HP:0100130	Small epiphysis of the proximal phalanx of the 2nd toe	صغر حجم نهاية عظم الإصبع الثاني
HP:0100131	Stippling of the epiphysis of the proximal phalanx of the 2nd toe	بقع كالسيوم في نهاية عظم الإصبع الثاني
HP:0100132	Triangular epiphysis of the proximal phalanx of the 2nd toe	نهاية عظم مثلثة الشكل للإصبع الثاني
HP:0100133	Abnormality of the pubic hair	خلل في نمو شعر العانة
HP:0100134	Abnormality of the axillary hair	خلل في نمو شعر الإبط
HP:0003719	Muscle mounding	انكماش العضلات عند الضرب
HP:0003720	Generalized muscle hypertrophy	زيادة عامة في حجم العضلات
HP:0003722	Neck flexor weakness	ضعف عند ثني الرقبة
HP:0003724	Shoulder girdle muscle atrophy	ضمور عضلات الكتف
HP:0003725	Firm muscles	عضلات صلبة
HP:0003729	Enteroviral dermatomyositis syndrome	التهاب الجلد والعضلات الفيروسي
HP:0003730	EMG: myotonic runs	نشاط كهربائي متكرر
HP:0003731	Quadriceps muscle weakness	ضعف العضلة الرباعية
HP:0003733	Thigh hypertrophy	زيادة في حجم الفخذ
HP:0003736	Autophagic vacuoles	حويصلات الهضم الذاتي
HP:0003737	Mitochondrial myopathy	مشكلة في العضلات بسبب الميتوكوندريا
HP:0003738	Exercise-induced myalgia	ألم عضلي بعد التمرين
HP:0003739	Myoclonic spasms	تشنجات عضلية مفاجئة
HP:0003740	Myotonia with warm-up phenomenon	صلابة عضلية تزول مع التمرين
HP:0003743	Genetic anticipation	زيادة المرض في الأجيال القادمة
HP:0003744	Genetic anticipation with paternal anticipation bias	زيادة المرض من الأبناء الذكور
HP:0012883	Fallopian tube cyst	كيس في قناة فالوب
HP:0012884	Fallopian tube torsion	قناة فالوب ملتوية
HP:0012885	Fallopian tube duplication	قناة فالوب إضافية
HP:0012886	Hemorrhagic ovarian cyst	نزيف في الكيس المبيضي
HP:0100115	Fragmentation of the epiphysis of the middle phalanx of the 2nd toe	تفتت نهاية العظمة الوسطى لإصبع القدم الثاني
HP:0100116	Irregular epiphysis of the middle phalanx of the 2nd toe	نهاية غير منتظمة للعظمة الوسطى لإصبع القدم الثاني
HP:0100117	Ivory epiphysis of the middle phalanx of the 2nd toe	زيادة كثافة العظام في نهاية العظمة الوسطى لإصبع القدم الثاني
HP:0100118	Pseudoepiphysis of the middle phalanx of the 2nd toe	نهاية كاذبة للعظمة الوسطى لإصبع القدم الثاني
HP:0100119	Small epiphysis of the middle phalanx of the 2nd toe	نهاية صغيرة للعظمة الوسطى لإصبع القدم الثاني
HP:0100120	Stippling of the epiphysis of the middle phalanx of the 2nd toe	تنقيط في نهاية العظمة الوسطى لإصبع القدم الثاني
HP:0100121	Triangular epiphysis of the middle phalanx of the 2nd toe	نهاية مثلثة للعظمة الوسطى لإصبع القدم الثاني
HP:0100122	Absent epiphysis of the proximal phalanx of the 2nd toe	عدم وجود نهاية للعظمة الداخلية لإصبع القدم الثاني
HP:0100123	Bracket epiphysis of the proximal phalanx of the 2nd toe	نهاية دعامة للعظمة الداخلية لإصبع القدم الثاني
HP:0100124	Cone-shaped epiphysis of the proximal phalanx of the 2nd toe	نهاية مخروطية للعظمة الداخلية لإصبع القدم الثاني
HP:0012887	Ovarian serous cystadenoma	كيس مائي في المبيض
HP:0012888	Abnormal uterine cervix morphology	تشوه في عنق الرحم
HP:0012889	Cervical endometriosis	بطانة الرحم في عنق الرحم
HP:0012890	Posteriorly placed anus	موقع غير طبيعي للشرج
HP:0012891	High posterior hairline	خط شعر مرتفع في مؤخرة الرأس
HP:0012892	Facial muscle hypertrophy	كبر عضلات الوجه
HP:0012893	Neck muscle hypertrophy	كبر عضلات الرقبة
HP:0012894	Paraspinal muscle hypertrophy	كبر عضلات حول العمود الفقري
HP:0012895	Scapular muscle hypertrophy	كبر عضلات اللوح
HP:0012896	Abnormal motor evoked potentials	خلل في القياسات الحركية
HP:0012897	Abnormal upper-limb motor evoked potentials	خلل في استجابة الحركة في الذراع
HP:0012898	Abnormal lower-limb motor evoked potentials	خلل في استجابة الحركة في الساق
HP:0012899	Handgrip myotonia	صعوبة فتح قبضة اليد
HP:0012900	Myotonia of the face	تشنج في وجه
HP:0012901	Myotonia of the jaw	تشنج في الفك
HP:0012902	Myotonia of the lower limb	تشنج في الساق
HP:0012903	Myotonia of the upper limb	تشنج في الذراع
HP:0012904	Cold-sensitive myotonia	تشنج بسبب البرد
HP:0012905	Euryblepharon	فتحة جفن واسعة غير طبيعية
HP:0020001	Clinical anophthalmos	ولادة بدون عين
HP:0100135	Absent epiphysis of the distal phalanx of the 3rd toe	غياب نهاية عظمة الإصبع الثالث
HP:0100136	Bracket epiphysis of the distal phalanx of the 3rd toe	نهاية العظمة على شكل قوس لإصبع القدم الثالث
HP:0100137	Cone-shaped epiphysis of the distal phalanx of the 3rd toe	نهاية العظمة على شكل مخروط لإصبع القدم الثالث
HP:0100138	Enlarged epiphysis of the distal phalanx of the 3rd toe	نهاية العظمة الكبيرة لإصبع القدم الثالث
HP:0100139	Fragmentation of the epiphysis of the distal phalanx of the 3rd toe	تقطيع نهاية العظمة لإصبع القدم الثالث
HP:0100140	Irregular epiphysis of the distal phalanx of the 3rd toe	نهاية العظمة غير المنتظمة لإصبع القدم الثالث
HP:0100141	Ivory epiphysis of the distal phalanx of the 3rd toe	زيادة كثافة العظم لنهاية الإصبع الثالث
HP:0100142	Pseudoepiphysis of the distal phalanx of the 3rd toe	مشاشة زائفة لإصبع القدم الثالث
HP:0100143	Small epiphysis of the distal phalanx of the 3rd toe	نهاية العظمة الصغيرة لإصبع القدم الثالث
HP:0100144	Stippling of the epiphysis of the distal phalanx of the 3rd toe	بقع صغيرة في نهاية عظمة الإصبع الثالث
HP:0100145	Triangular epiphysis of the distal phalanx of the 3rd toe	نهاية مثلثة لعظمة أصبع القدم الثالث
HP:0100146	Absent epiphysis of the middle phalanx of the 3rd toe	غياب نهاية عظمة أصبع القدم الثالث
HP:0100147	Bracket epiphysis of the middle phalanx of the 3rd toe	نهاية حاصرة لعظمة أصبع القدم الثالث
HP:0100148	Cone-shaped epiphysis of the middle phalanx of the 3rd toe	نهاية مخروطية لعظمة أصبع القدم الثالث
HP:0100149	Enlarged epiphysis of the middle phalanx of the 3rd toe	نهاية عظمة متضخمة لأصبع القدم الثالث
HP:0100150	Fragmentation of the epiphysis of the middle phalanx of the 3rd toe	تجزئة نهاية عظمة أصبع القدم الثالث
HP:0100151	Irregular epiphysis of the middle phalanx of the 3rd toe	نهاية عظمة غير منتظمة لأصبع القدم الثالث
HP:0100152	Ivory epiphysis of the middle phalanx of the 3rd toe	زيادة كثافة نهاية عظمة أصبع القدم الثالث
HP:0100153	Pseudoepiphysis of the middle phalanx of the 3rd toe	المشاشة الكاذبة لأصبع القدم الثالث
HP:0100154	Small epiphysis of the middle phalanx of the 3rd toe	نهاية عظمة صغيرة لأصبع القدم الثالث
HP:0100155	Stippling of the epiphysis of the middle phalanx of the 3rd toe	بقع كالسيوم في آخر عظمة الإصبع الثالثة
HP:0100156	Triangular epiphysis of the middle phalanx of the 3rd toe	شكل مثلث في نهاية العظمة الوسطى من الإصبع الثالث
HP:0100157	Absent epiphysis of the proximal phalanx of the 3rd toe	نهاية العظمة الداخلية للإصبع الثالث مفقودة
HP:0100158	Bracket epiphysis of the proximal phalanx of the 3rd toe	شكل قوس في نهاية العظمة الداخلية للإصبع الثالث
HP:0100159	Cone-shaped epiphysis of the proximal phalanx of the 3rd toe	شكل مخروطي في نهاية العظمة الداخلية للإصبع الثالث
HP:0100160	Enlarged epiphysis of the proximal phalanx of the 3rd toe	تضخم النهاية للعظمة الداخلية للإصبع الثالث
HP:0100161	Fragmentation of the epiphysis of the proximal phalanx of the 3rd toe	تجزئة نهاية العظمة الداخلية للإصبع الثالث
HP:0100162	Irregular epiphysis of the proximal phalanx of the 3rd toe	نهاية غير منتظمة للعظمة الداخلية للإصبع الثالث
HP:0100163	Ivory epiphysis of the proximal phalanx of the 3rd toe	كثافة عظمية زائدة في النهاية للعظمة الداخلية للإصبع الثالث
HP:0100322	Aplasia of the pyramidal tract	غياب المسار الهرمي
HP:0020002	Ileal stricture	تضيق في جزء من الأمعاء
HP:0020003	Embryo developmental arrest	توقف نمو الجنين
HP:0020004	Abnormal CSF guanidinoacetic acid concentration	مستوى غير طبيعي لحمض معين في السائل الشوكي
HP:0020005	Decreased CSF guanidinoacetic acid concentration	انخفاض مستوى حمض معين في السائل الشوكي
HP:0020006	Ciliary body coloboma	فتحة غير طبيعية في العين
HP:0020007	Abnormal affect regulation	مشكلة في التحكم في المشاعر
HP:0020008	History of disease onset in winter	المرض ظهر في الشتاء
HP:0020009	History of disease onset in summer	المرض ظهر في الصيف
HP:0020010	Cutaneous lesion morphology	شكل غير طبيعي في الجلد
HP:0020011	Bleeding into skin lesions	نزيف في الجلد
HP:0100323	Juvenile aseptic necrosis	موت العظم عند الأطفال
HP:0100324	Scleroderma	تصلب الجلد
HP:0100326	Immunologic hypersensitivity	فرط حساسية المناعة
HP:0100327	Cow milk allergy	حساسية من الحليب
HP:0100328	Carpometacarpal synostosis	التحام عظام اليد
HP:0100329	Tarsometatarsal synostosis	التحام عظام منتصف القدم
HP:0100333	Unilateral cleft lip	شفة مشقوقة من جهة واحد
HP:0100334	Unilateral cleft palate	حنك مشقوق من جهة واحد
HP:0100335	Non-midline cleft of the upper lip	شفة عليا مشقوقة جانبية
HP:0100336	Bilateral cleft lip	شفة مشقوقة من اليمين واليسار
HP:0020012	Crusted skin lesions	آفات متقشرة على الجلد
HP:0020013	Slough	نسيج متموت على الجلد
HP:0020014	Local paresthesia at bite site	إحساس غريب في موقع العضة
HP:0020015	Amyloid deposition by anatomical site	ترسب الأميلويد في مكان معين
HP:0020016	Amyloid deposition by type of amyloid	ترسب الأميلويد حسب النوع
HP:0012226	Ovarian teratoma	ورم مسخي في المبيض
HP:0012227	Urethral stricture	تضيق في مجرى البول
HP:0012228	Tension-type headache	صداع التوتر
HP:0012229	CSF pleocytosis	زيادة خلايا الدم البيضاء في السائل الشوكي
HP:0012230	Rhegmatogenous retinal detachment	انفصال الشبكية
HP:0012231	Serous retinal detachment	انفصال الشبكية بواسطة السوائل
HP:0012232	Shortened QT interval	قصر مدة جزء من نبضات القلب
HP:0012233	Intramuscular hematoma	تجمع دموي داخل العضلة
HP:0012234	Absence of circulating granulocytes	عدم وجود خلايا مناعية حبيبية في الدم
HP:0012235	Drug-induced agranulocytosis	عدم وجود خلايا مناعية حبيبية بسبب دواء
HP:0012236	Elevated sweat chloride	زيادة الكلوريد في العرق
HP:0012237	Urocanic aciduria	ارتفاع مستوى الحمض الأوركاني في البول
HP:0012238	Increased circulating chylomicron concentration	ارتفاع الدهون الكبيرة في الدم
HP:0012239	Atransferrinemia	عدم وجود البروتين الناقل للحديد في الدم
HP:0012240	Increased intramyocellular lipid droplets	زيادة الدهون داخل العضلة
HP:0012241	Levator palpebrae superioris atrophy	ضعف العضلة الرافعة للجفن العلوي
HP:0012242	Superior rectus atrophy	ضعف العضلة المستقيمة العلوية
HP:0012243	Abnormal reproductive system morphology	تشوهات الجهاز التناسلي
HP:0012244	Abnormal sex determination	خلل في تحديد الجنس
HP:0012245	Sex reversal	انعكاس الجنس
HP:0012246	Oculomotor nerve palsy	ضعف التحكم في حركة العين
HP:0012247	Specific anosmia	فقدان الشم لرائحة محددة
HP:0012248	Prolonged PR interval	طول ال PR في تخطيط القلب
HP:0012249	Abnormal ST segment	خلل في مقطع ST في تخطيط القلب
HP:0012250	ST segment depression	انخفاض خط ST في تخطيط القلب
HP:0100337	Bilateral cleft palate	شق حنكي على الجانبين
HP:6001418	Abnormal fetal femur length	طول غير طبيعي لعظم الفخذ عند الجنين
HP:6001419	Pain exacerbated by wrist ulnar deviation	الألم يزداد عند تحريك اليد باتجاه الإصبع الخامس
HP:6001420	Pain exacerbated by wrist radial deviation	الألم يزداد عند تحريك اليد باتجاه الإبهام
HP:6001421	Ulnar positive variance	الزند أطول من المعتاد
HP:6001422	Negative ulnar variance	الزند أقصر من المعتاد
HP:6001423	Flexor carpi radialis tendonitis	التهاب أوتار العضلة المثنية باليد
HP:6001424	Transillumination test shows high light transmission	اختبار يشير إلى نفاذية ضوئية قوية
HP:6001425	Hyperleukocytosis	زيادة مفرطة في خلايا الدم البيضاء
HP:6001426	Elbow instability	كوع غير ثابت
HP:6001427	Valgus instability of the elbow	عدم استقرار مرفق
HP:6001428	Varus instability of the elbow	عدم استقرار مرفق
HP:6001429	Limited foot eversion	عدم القدرة على تحريك القدم للخارج
HP:6001430	Limited foot inversion	عدم القدرة على تحريك القدم للداخل
HP:6001431	Positive synovial Tropheryma whipplei bacteria microscopy	وجود بكتيريا في سائل المفصل
HP:6001432	Positive calf squeeze test	اختبار إصابة وتر العرقوب
HP:6001433	Achilles tendon tear	تمزق وتر العرقوب
HP:6001434	Positive bursa fluid gram stain	وجود بكتيريا في سائل الكيس
HP:6001435	Abnormal medial epicondyle morphology	تغيرات في عظم المرفق الداخلي
HP:6001436	Medial humerus epicondyle avulsion fracture	كسر في الجزء الداخلي من المرفق
HP:0012251	ST segment elevation	ارتفاع في قراءة تخطيط القلب
HP:0012252	Abnormal respiratory system morphology	شكل غير طبيعي للرئتين والقصبة الهوائية
HP:0012253	Abnormal respiratory epithelium morphology	ظهارة الجهاز التنفسي غير طبيعية
HP:0012254	Ewing sarcoma	ورم خبيث للعظام
HP:0012255	Dynein arm defect of respiratory motile cilia	خلل في أذرع الأهداب التنفسية
HP:0012256	Absent outer dynein arms	عدم وجود الأذرع الخارجية للأهداب التنفسية
HP:0012257	Absent inner dynein arms	عدم وجود الأذرع الداخلية للأهداب التنفسية
HP:0012258	Abnormal axonemal organization of respiratory motile cilia	تنظيم غير طبيعي للأهداب التنفسية
HP:0012259	Absent inner and outer dynein arms	عدم وجود الأذرع الداخلية والخارجية للأهداب التنفسية
HP:0012260	Abnormal central microtubular pair morphology of respiratory motile cilia	تشوه في الأنابيب الدقيقة المركزية للأهداب
HP:6001437	Hand mass	كتلة في اليد
HP:6001438	Tenosynovitis	التهاب غمد الوتر
HP:6001439	Tigroid fundus	نمط نمري في قاع العين
HP:6001440	Decreased myocardial glycogen content	نقص الجلايكوجين في القلب
HP:6001441	CSF anti-myelin oligodendrocyte glycoprotein antibody positivity	إيجابية الأجسام المضادة في السائل النخاعي
HP:6001442	Spinal cord H sign	علامة H في الحبل الشوكي
HP:6001443	Abnormal testosterone: estradiol ratio	خلل في توازن الهرمونات الجنسية
HP:6001444	Abnormal circulating insulin-like growth factor 3 concentration	اختلال في تركيز هرمون IGFBP-3
HP:6001445	Decreased circulating insulin-like growth factor 3 concentration	نقص هرمون IGFBP-3 في الدم
HP:6001446	Airway chondritis	التهاب الغضاريف في الجهاز التنفسي
HP:0012261	Abnormal respiratory motile cilium physiology	خلل في أهداب التنفس
HP:0012262	Abnormal ciliary motility	خلل حركة الأهداب
HP:0012263	Immotile cilia	أهداب غير متحركة
HP:0012264	Absent central microtubular pair morphology of respiratory motile cilia	عدم وجود التركيب المركزي للأهداب
HP:0012265	Ciliary dyskinesia	خلل في حركة الأهداب
HP:0012266	T-wave alternans	تغيرات دورية في موجة T
HP:0012267	Absent respiratory ciliary axoneme radial spokes	عدم وجود الأجزاء الداعمة في الأهداب
HP:0012268	Myxoid liposarcoma	ورم شحمي مع نسيج مخاطي
HP:0012269	Abnormal muscle glycogen content	خلل في سكر العضلات
HP:0012270	Decreased muscle glycogen content	نقص سكر العضلات
HP:0012271	Episodic upper airway obstruction	انسداد متكرر في مجرى الهواء العلوي
HP:0012272	J wave	موجة J في تخطيط القلب
HP:0012273	Increased carotid artery intimal medial thickness	سماكة زائدة لجدار الشريان السباتي
HP:0012274	Autosomal dominant inheritance with paternal imprinting	وراثة سائدة مع طبع من الأب
HP:0012275	Autosomal dominant inheritance with maternal imprinting	وراثة سائدة مع طبع من الأم
HP:0012276	Digital flexor tenosynovitis	التهاب الأوتار القابضة للأصابع
HP:0012277	Hypoglycinemia	نقص مستوى الجلايسين في الدم
HP:0012278	Abnormal circulating serine concentration	تغير مستوى السيرين في الدم
HP:0012279	Hyposerinemia	نقص مستوى السيرين في الدم
HP:0012280	Hepatic amyloidosis	الداء النشواني في الكبد
HP:6001457	Deltoid muscle tear	تمزق عضلة الكتف
HP:6001458	Glenohumeral arthritis	التهاب مفصل الكتف
HP:0430123	Positive CSF infectious agent test	نتيجة إيجابية للعدوى في فحص السائل النخاعي
HP:0430124	Positive CSF toxoplasma gondii nucleic acid test	تكشف إيجابي لتكسوبلازما في السائل النخاعي
HP:0430125	Elevated circulating plasminogen activator inhibitor 1 activity	زيادة مثبط نشاط البلازمينوجين
HP:0430126	Abnormal circulating plasminogen activator inhibitor 1 activity	نشاط شاذ لمثبط البلازمينوجين
HP:0430127	Brain localization	مكان في الدماغ
HP:0430128	Frontal cortical localization	مكان في القشرة الأمامية
HP:0430129	Posterior fossa localization	مكان في الحفرة الخلفية
HP:0430130	Subcortical localization	مكان تحت القشرة في الدماغ
HP:0012281	Chylous ascites	تراكم سائل لمفاوي في البطن
HP:0012282	Morbilliform rash	طفح جلدي مثل الحصبة
HP:0012283	Small distal femoral epiphysis	نهاية صغيرة لعظم الفخذ الخارجي
HP:0012284	Small proximal tibial epiphyses	نهاية صغيرة لعظم الساق الداخلي
HP:0012285	Abnormal hypothalamus physiology	خلل في وظائف الدماغ
HP:0012286	Abnormal hypothalamus morphology	شكل غير طبيعي للوطاء
HP:0006335	Persistence of primary teeth	عدم سقوط الأسنان اللبنية
HP:0006336	Short dental root	جذر سن قصير
HP:0006337	Premature eruption of permanent teeth	ظهور مبكر للأسنان الدائمة
HP:0006338	Malformation of mandibular premolar	تشوه في الضواحك السفلية
HP:0430131	Parietal cortex localization	موقع في القشرة الدماغية الجدارية
HP:0430132	Occipital cortex localization	موقع في القشرة الدماغية القذالية
HP:0430133	Tobacco use history	تاريخ التدخين
HP:0430134	Bartholin cyst	ورم سائل قرب فتحة المهبل
HP:0430135	Abnormal circulating hepatic transaminase concentration	خلل في أنزيمات الكبد في الدم
HP:0430136	Reduced circulating aspartate aminotransferase concentration	انخفاض إنزيمات الكبد في الدم
HP:0430137	Elevated urine succinic acid level	زيادة حمض السكسينيك في البول
HP:0430138	Positive CSF varicella zoster virus nucleic acid test	وجود فيروس الحماق النطاقي في السائل النخاعي
HP:0430139	CSF pathogen-specific antibody positivity	وجود أجسام مضادة في السائل النخاعي
HP:0430140	Positive CSF nucleic acid pathogen test	وجود حمض نووي لمسببات الأمراض في السائل النخاعي
HP:6001447	inflammation of the costal cartilage, the cartilage that connects the ribs to the sternum (breastbone).	التهاب غضروف الضلع
HP:6001448	History of ocular surgery	جراحة سابقة في العين
HP:6001449	Increased plantar fascia thickness	زيادة سمك اللفافة الأخمصية
HP:6001450	Increased mixed venous oxygen saturation	زيادة تشبع الأكسجين في الدم الوريدي
HP:6001451	Decreased mixed venous oxygen saturation	انخفاض تشبع الأكسجين في الدم الوريدي
HP:6001452	Chocolate brown blood	دم بني
HP:6001453	Elevated pCO2 gap	زيادة الفارق في ثاني أكسيد الكربون
HP:6001454	Putaminal eye sign	علامة العين في التصوير
HP:6001455	Decreased coracohumeral distance	انخفاض المسافة في الكتف
HP:6001456	Abnormal deltoid muscle morphology	تشوه في العضلة الدالية
HP:0006339	Conical mandibular incisor	سن أمامي سفلي مخروطي الشكل
HP:0006342	Peg-shaped maxillary lateral incisors	القواطع الجانبية العلوية المخروطية
HP:0006344	Abnormal primary molar morphology	شكل غير طبيعي للضرس اللبني
HP:0006346	Screwdriver-shaped incisors	أسنان أمامية ذات شكل مفك البراغي
HP:0006347	Microdontia of primary teeth	صغر أسنان الحليب
HP:0006349	Agenesis of permanent teeth	عدم وجود الأسنان الدائمة
HP:0006350	Pulp obliteration	انطمار حجرة اللب السني
HP:0006352	Failure of eruption of permanent teeth	عدم بزوغ الأسنان الدائمة
HP:0006353	Hypoplasia of the tooth germ	صغر برعم السن
HP:0006355	Agenesis of mandibular central incisor	عدم وجود القاطع المركزي السفلي
HP:0430141	CSF varicella zoster antibody positivity	وجود أجسام مضادة ضد فيروس النطاقي الحماقي في السائل الشوكي
HP:0430142	Reduced circulating interleukin 6 concentration	انخفاض مستوى الإنترلوكين 6 في الدم
HP:0430143	Elevated circulating C12 acylcarnitine concentration	زيادة مستوى السي 12 أسيلكارنيتين في الدم
HP:0430144	Frontalis muscle overactivity	زيادة حركية عضلة الجبهة
HP:0430145	Nasal dermoid cyst	كيس ديرمويد في الأنف
HP:0430146	Elevated circulating complement C3 concentration	زيادة مستوى المتممة C3 في الدم
HP:0430147	Abnormal circulating inhibin B concentration	مستوى غير طبيعي للإنهيبين B في الدم
HP:0430148	Abnormal circulating lipoprotein(a) concentration	مستوى غير طبيعي لبروتين-ب في الدم
HP:0430150	Positive blood infectious agent test	اختبار الدم يكشف عدوى
HP:0430151	Positive respiratory tract infectious agent test	اختبار يكشف عدوى في الجهاز التنفسي
HP:0500001	Body odor	رائحة كريهة من الجسم
HP:0500005	Anal pain	ألم في منطقة الشرج
HP:0500006	Urethritis	التهاب في قناة البول
HP:0500007	Iris flocculi	خراجات قزحية العين
HP:0500008	Cornea verticillata	دوامات في قرنية العين
HP:0500009	Dysplastic gangliocytoma of the cerebellum	ورم نادر في المخيخ
HP:0500011	Moon facies	وجه دائري ومنتفخ
HP:0500012	Abnormal gonadotropin-releasing hormone concentration	مستوى هرمون غير طبيعي
HP:0500013	Lack of gonadotropin-releasing hormone pulsatility	عدم تذبذب إفراز الهرمون
HP:0500015	Abnormal cardiac test	نتيجة فحص قلبي غير طبيعية
HP:0006357	Premature loss of permanent teeth	فقدان مبكر للأسنان
HP:0006358	Shovel-shaped maxillary central incisors	الأسنان الأمامية العلوية بشكل المجرفة
HP:0006361	Irregular femoral epiphysis	نهاية عظمة الفخذ غير المنتظمة
HP:0006362	Varus deformity of humeral neck	تشوه العضد
HP:0006366	Adductor longus contractures	تقلصات العضلة في الفخذ
HP:0006367	Crumpled long bones	العظام المكرمشة
HP:0006368	Forearm reduction defects	عيوب في الساعد
HP:0020205	Tubulointerstitial fungal infiltration	عدوى فطرية في الكلى
HP:0020206	Simple ear	الأذن غير المعقدة
HP:0020207	Reflex seizure	النوبة المحفزة
HP:0020208	Eating-induced seizure	نوبة بسبب الأكل
HP:0010274	Ivory epiphyses of the proximal phalanges of the hand	زيادة كثافة العظام في نهاية عظام اليد الداخلية
HP:0010275	Pseudoepiphyses of the proximal phalanges of the hand	عرف عظمي ثانوي في اليد
HP:0010276	Small epiphyses of the proximal phalanges of the hand	صغر نهاية عظام اليد الداخلية
HP:0010277	Stippling of the epiphyses of the proximal phalanges of the hand	تصبغات نقطية في نهاية عظام اليد الداخلية
HP:0010278	Triangular epiphyses of the proximal phalanges of the hand	نهاية عظام يد مثلثة
HP:0010280	Stomatitis	التهاب في الفم
HP:0010281	Cleft lower lip	انشقاق في الشفة السفلية
HP:0010282	Thin lower lip vermilion	شفة سفلية رقيقة
HP:0010284	Intra-oral hyperpigmentation	لثة داكنة اللون
HP:0500016	Abnormal cardiac MRI	فحص رنين القلب غير طبيعي
HP:0500017	Abnormal cardiac catheterization	نتائج قسطرة القلب غير طبيعية
HP:0500018	Abnormal cardiac exercise stress test	اختبار الجهد للقلب غير طبيعي
HP:0500019	Abnormal resting energy expenditure from metabolic cart test	فحص الأيض غير طبيعي
HP:0500020	Abnormal cardiac biomarker test	اختبار الدم للقلب غير طبيعي
HP:0500021	Reduced brain gamma-aminobutyric acid level by MRS	انخفاض حمض الغاما في الدماغ
HP:0500022	Abnormal circulating dehydroepiandrosterone concentration	مستوى ديهيدروأندروستيرون في الدم غير طبيعي
HP:0500023	Shoulder muscle aplasia	عدم وجود عضلات الكتف
HP:0500024	Aplasia of the musculature of the pelvis	عدم وجود عضلات الحوض
HP:0500026	Hypoplasia of the musculature of the pelvis	ضعف عضلات الحوض
HP:0010285	Oral synechia	الألياف الفموية
HP:0010286	Abnormal salivary gland morphology	اضطراب الغدد اللعابية
HP:0010287	Abnormality of the submandibular glands	اضطراب الغدد تحت الفك
HP:0010288	Abnormality of the sublingual glands	اضطراب الغدد تحت اللسان
HP:0010289	Cleft maxillary alveolar ridge	شق اللثة
HP:0010290	Short hard palate	حنك صلب قصير
HP:0010291	Prominent palatine ridges	بروز التجاعيد الحنكية
HP:0010292	Absent uvula	عدم وجود لهاة
HP:0010293	Aplasia/Hypoplasia of the uvula	عدم نمو اللهاة
HP:0010294	Palate fistula	ثقب في سقف الفم
HP:0500027	Aplastic colon	عدم وجود القولون
HP:0500028	Cotton wool plaques	ترسبات غير طبيعية في الدماغ
HP:0500030	Abnormal hepatic glycogen storage	تخزين غير طبيعي للسكر في الكبد
HP:0500031	Sclerosis of the carpal bones	زيادة كثافة عظام اليد
HP:0500032	Abnormal neuron branching	تفرع غير طبيعي للعصبون
HP:0500033	Abnormal natural killer subset distribution	توزيع غير طبيعي لخلايا المناعة القاتلة
HP:0500034	Nasolacrimal sac obstruction	انسداد مجرى الدموع
HP:0500035	Nasolacrimal sac granuloma	ورم صغير في مجرى الدموع
HP:0500036	Nasolacrimal sac papilloma	ورم حميد في مجرى الدموع
HP:0500037	Nasolacrimal sac epithelial papillary carcinoma	سرطان في مجرى الدموع
HP:0010295	Aplasia/Hypoplasia of the tongue	غياب أو صغر اللسان
HP:0010296	Ankyloglossia	ربط اللسان
HP:0010297	Bifid tongue	لسان مشقوق
HP:0010298	Smooth tongue	لسان أملس
HP:0010299	Abnormal dentin morphology	تشوه العاج
HP:0010300	Abnormally low-pitched voice	الصوت المنخفض
HP:0010301	Spinal dysraphism	تشوه العمود الفقري
HP:0010302	Spinal cord tumor	ورم الحبل الشوكي
HP:0010303	Abnormal spinal meningeal morphology	تشوه السحايا الشوكية
HP:0010304	Spinal meningeal diverticulum	جيبة السحايا
HP:0010305	Absence of the sacrum	عدم وجود العجز
HP:0010306	Short thorax	صدر قصير
HP:0010307	Stridor	صرير التنفس
HP:0010308	Asternia	عدم وجود عظم القص
HP:0010309	Bifid sternum	انشقاق في عظم القص
HP:0010310	Chylothorax	تراكم سائل الليمف في الصدر
HP:0010311	Aplasia/Hypoplasia of the breasts	عدم وجود أو صغر الثديين
HP:0010312	Asymmetry of the breasts	عدم التناسق بين الثديين
HP:0010313	Breast hypertrophy	زيادة حجم الثدي
HP:0010314	Premature thelarche	نمو مبكر للثديين
HP:0500039	Conjunctival cicatrization	تندب في العين
HP:6001147	Increased peripheral nerve cross sectional area	تضخم في العصب
HP:6001148	Pain exacerbated by passive flexion at joint	وجع عند تحريك المفصل
HP:6001149	Positive hook test at the elbow	اختبار شد عند الكوع
HP:6001150	Positive Speed's test	اختبار ألم في الكتف الأمامي
HP:6001151	Triangular lunate bone	عظم اليد المتضرر
HP:6001152	Pain exacerbated by wrist deviation	وجع عند تحريك المعصم
HP:6001153	Pain on the lateral aspect of the foot	أوجاع في جانب القدم
HP:6001154	Pain at the medial aspect of the knee	وجع في داخل الركبة
HP:6001155	Pain at the lateral aspect of the knee	وجع في خارج الركبة
HP:0010315	Aplasia/Hypoplasia of the diaphragm	غياب أو نقص نمو الحجاب الحاجز
HP:0010316	Ebstein anomaly of the tricuspid valve	تشوه إبشتاين في الصمام ثلاثي الشرفات
HP:0010317	Scapular aplasia	غياب عظمة الكتف
HP:0010318	Aplasia/Hypoplasia of the abdominal wall musculature	غياب أو نقص نمو عضلات جدار البطن
HP:0009049	Peroneal muscle atrophy	ضعف عضلات الساق
HP:0009050	Quadriceps muscle atrophy	ضعف العضلات الرباعية
HP:0009051	Increased muscle glycogen content	زيادة الجلايكوجين في العضلات
HP:0009053	Distal lower limb muscle weakness	ضعف عضلات الساق
HP:0009054	Scapuloperoneal myopathy	إعتلال عضلي كتفي شظوي
HP:0009055	Generalized limb muscle atrophy	ضعف عام في العضلات
HP:6001167	Discoid adrenal gland	شكل غير طبيعي للغدة الكظرية
HP:6001168	Abnormal optic disc vasculature morphology	تغييرات في الأوعية الدموية للعين
HP:6001169	Supraclavicular nerve distribution	مشاكل في الجلد فوق الكتف
HP:6001170	Limited shoulder internal rotation	صعوبة في دوران الكتف للداخل
HP:6001171	Superior displacement of the humeral head	ارتفاع رأس الكتف
HP:6001172	Increased compartment pressure	ضغط عالٍ في العضلات
HP:6001173	Pain at the lateral aspect of the elbow	ألم في جانب الكوع
HP:6001174	Pain at the posterior aspect of the elbow	ألم في ظهر الكوع
HP:6001175	Pain at the medial aspect of the elbow	ألم في جانب الكوع الداخلي
HP:6001176	Radial nerve distribution	مشاكل في اليد والرسغ بسبب العصب الكعبري
HP:6001157	Occupational exposure to frequent kneeling	تعرض للعمل يتطلب الركوع المتكرر
HP:6001158	Trochanteric pain	ألم في الورك الخارجي
HP:6001159	Pulsatile mass in extremity	ورم نابض في الذراع أو الساق
HP:6001160	Abnormal R wave	موجة R غير طبيعية في التخطيط الكهربائي للقلب
HP:6001161	Poor R-wave progression	تقدم غير طبيعي لموجة R في التخطيط الكهربائي للقلب
HP:6001162	Prominent V1-V2 R wave	موجة R كبيرة في الأقطاب V1-V2
HP:6001163	Finger mass	تورم في الإصبع
HP:6001164	Foot mass	تورم في القدم
HP:6001165	Abnormal retinal vein morphology	تشوه الأوردة في العين
HP:6001166	Spongiosis	تجمع السوائل في الجلد
HP:0009056	Loss of subcutaneous adipose tissue from upper limbs	فقدان الدهون من الجلد في اليدين أو الذراعين
HP:0009058	Increased muscle lipid content	تراكم الدهون في العضلات
HP:0009059	Congenital generalized lipodystrophy	فقدان شامل للدهون منذ الولادة
HP:0009060	Scapular muscle atrophy	ضمور عضلات الكتف
HP:0009063	Progressive distal muscle weakness	ضعف تدريجي في العضلات البعيدة
HP:0009064	Generalized lipodystrophy	تغير شامل في الدهون
HP:0009067	Progressive spinal muscular atrophy	ضعف العضلات المرتبط بالنخاع الشوكي تدريجيًا
HP:0009069	Lethal infantile mitochondrial myopathy	مرض عضلي يؤدي للوفاة في الرضع
HP:0009071	Inflammatory myopathy	التهاب العضلات
HP:0009072	Decreased Achilles reflex	ضعف منعكس الكاحل
HP:0009073	Progressive proximal muscle weakness	ضعف العضلات القريبة بشكل متزايد
HP:0009077	Weakness of long finger extensor muscles	ضعف عضلات اليد
HP:0009084	Midline notch of upper alveolar ridge	شق وسطي في اللثة العلوية
HP:0009085	Alveolar ridge overgrowth	زيادة حجم اللثة
HP:0009087	Posteriorly placed tongue	وضع اللسان الخلفي
HP:0009088	Speech articulation difficulties	صعوبات في نطق الكلام
HP:0009092	Progressive alveolar ridge hypertrophy	زيادة نمو حافة اللثة بشكل متزايد
HP:0009094	Cleft lower alveolar ridge	شق في اللثة السفلية
HP:0009098	Chronic oral candidiasis	القلاع الفموي المزمن
HP:0009099	Median cleft palate	شق وسطي في الحنك
HP:6001177	Omovertebral bone	عظم بين الكتف والعمود الفقري
HP:6001178	Clavicular edema	تورم عند الترقوة
HP:6001179	Positive CSF anti-measles antibody test	وجود أجسام مضادة للحصبة في السائل النخاعي
HP:6001180	Vogt striae	خطوط في قرنية العين
HP:6001181	Choroid thickening	زيادة في سُمك طبقة المشيمية
HP:6001182	Corneal epithelial edema	انتفاخ في سطح القرنية
HP:6001183	Retinal shunt vessels	شرايين غير طبيعية في الشبكية
HP:6001184	Filamentary keratitis	التهاب في سطح القرنية
HP:6001185	Elevated circulating glucosylsphingosine concentration	زيادة في مستوى مادة في الدم
HP:6001186	Optic disc hemorrhage	نزيف في نهاية العصب البصري
HP:0009100	Thick anterior alveolar ridges	زيادة سمك الفك الأمامي
HP:0009101	Submucous cleft lip	شق مخفي في الشفة
HP:0009102	Anterior open-bite malocclusion	فجوة بين الأسنان الأمامية العلوية والسفلية أثناء العض
HP:0009103	Aplasia/Hypoplasia involving the pelvis	حوض غير مكتمل النمو أو مفقود
HP:0009104	Aplasia/Hypoplasia of the pubic bone	غياب أو نقص في عظام العانة
HP:0009105	Abnormal ossification of the pubic bone	نضوج غير طبيعي لعظم العانة
HP:0009106	Abnormal pelvis bone ossification	نضوج غير طبيعي لعظام الحوض
HP:0009107	Abnormal ossification involving the femoral head and neck	نضوج غير طبيعي لرأس وعنق عظم الفخذ
HP:0009108	Aplasia/Hypoplasia involving the femoral head and neck	رأس وعنق عظم الفخذ غير مكتمل النمو أو مفقود
HP:0009109	Denervation of the diaphragm	فقدان التحكم العصبي في الحجاب الحاجز
HP:0009110	Diaphragmatic eventration	ارتفاع الحجاب الحاجز
HP:0009112	Aplasia of the left hemidiaphragm	فتق الحجاب الحاجز الأيسر
HP:0009113	Diaphragmatic weakness	ضعف عضلة الحجاب الحاجز
HP:0009115	Aplasia/hypoplasia involving the skeleton	غياب أو صغر الهيكل العظمي
HP:0009116	Aplasia/Hypoplasia involving bones of the skull	نقص نمو عظام الجمجمة
HP:0009117	Aplasia/Hypoplasia of the maxilla	نقص نمو عظام الفك العلوي
HP:0009118	Aplasia/Hypoplasia of the mandible	نقص نمو عظام الفك السفلي
HP:0009119	Aplasia/Hypoplasia of the frontal sinuses	نقص نمو الجيوب الجبهية
HP:0025120	Abnormal circulating reverse T3 concentration	مستوى غير طبيعي لـ T3 العكسي في الدم
HP:0025122	Sawtooth acanthosis	تغير منتشر للجلد بشكل منشاري
HP:6001187	Reduced circulating progranulin concentration	انخفاض بروتين الدم
HP:6001188	Preauricular lymphadenopathy	تورم الغدد الليمفاوية أمام الأذن
HP:6001189	Onychoheterotopia	نمو الأظافر خارج مكانها الطبيعي
HP:6001190	Abnormal MHC surface expression	مشاكل في جزيئات المناعة على سطح الخلية
HP:6001191	Forward displacement of posterior cervical dura mater on neck flexion	تحرك الأم الجافية عند ثني الرقبة
HP:6001192	Corneal dellen	ترقق القرنية
HP:6001193	Conjunctival xerosis	جفاف العين
HP:6001194	Limited shoulder external rotation	صعوبة تحريك الكتف للخارج
HP:6001195	Occupational exposure to frequent hand trauma	تعرض العمل لإصابات اليد المتكررة
HP:6001196	Inability to fully extend finger at metacarpophalangeal joint	عدم القدرة على فرد الإصبع بالكامل
HP:6001197	Wrist arthritis	التهاب في مفصل اليد
HP:6001198	Scapholunate interval widening	اتساع المسافة بين عظام اليد
HP:6001199	FInger pulp localization	مشاكل في لحم الإصبع
HP:6001200	Ulnar wrist pain	ألم في جانب اليد
HP:6001201	Lunotriquetral interval widening	اتساع المسافة بين عظام اليد
HP:6001202	Ulnar translocation of the carpus	انزلاق الرسغ إلى جهة التني
HP:6001203	Snapping sensation at time of injury	إحساس بالفرقعة عند الإصابة
HP:6001204	Pagetoid spread	انتشار الخلايا لدى باجيت
HP:6001205	Central scarring	تندب في وسط الجلد
HP:6001206	Scapholunate ligament tear	تمزق الرباط في اليد
HP:0025133	Abnormal serum estradiol	إستراديول دم غير طبيعي
HP:0025134	Increased serum estradiol	زيادة الإستراديول في الدم
HP:0025135	Abnormal serum estriol	إستريول دم غير طبيعي
HP:0025136	Increased serum estriol	زيادة الإستريول في الدم
HP:0025137	Decreased serum estriol	انخفاض الإستريول في الدم
HP:0025138	Abnormal serum estrone	إسترون دم غير طبيعي
HP:0025139	Increased serum estrone	زيادة الإسترون في الدم
HP:0025140	Decreased serum estrone	انخفاض الإسترون في الدم
HP:0025141	Gingival calcification	تكلس في اللثة
HP:0025142	Constitutional symptom	أعراض تؤثر على الصحة العامة
HP:6001207	Lunotriquetral ligament tear	تمزق في رباط الرسغ
HP:6001208	Pisotriquetral arthritis	التهاب مفصل الرسغ
HP:6001209	Volar intercalated segment instability	عدم استقرار في رسغ اليد
HP:6001210	Inaccurate finger pulse oximetry oxygen saturation measurement	قياس الأكسجين بالأصبع غير دقيق
HP:6001211	Finger pulse oximetry lower than arterial blood gas analysis measurement of oxygen saturation	قياس الأكسجين بالأصبع أقل من الطبيعي
HP:6001212	Finger pulse oximetry higher than arterial blood gas analysis measurement of oxygen saturation	قياس الأكسجين بالأصبع أعلى من الطبيعي
HP:6001213	History of thumb sucking past the age of four years	استمرار عادة مص الإصبع
HP:6001214	Cutaneous granulomatosis	التهاب جلدي حبيبي
HP:6001215	Ureteric stricture	انسداد الحالب
HP:6001216	Arteriovenous crossing sign	تضيق في الأوعية الدموية لشبكية العين
HP:6001217	Haab striae	خطوط حول العين
HP:6001218	Positive Legionella sputum culture	عدوى ليجيونيلا في البلغم
HP:6001219	Positive Streptococcus pneumoniae sputum culture	عدوى المتكورات الرئوية في البلغم
HP:6001220	Positive Blastomyces dermatitidis sputum fungal stain	عدوى البلاتوميكسيس في البلغم
HP:6001221	Posterior shoulder pain	ألم في ظهر الكتف
HP:6001222	Superior shoulder pain	ألم فوق الكتف
HP:6001223	Lateral shoulder pain	ألم في جانب الكتف
HP:6001224	Shoulder instability	الكتف غير ثابت
HP:6001225	Shoulder labrum tear	تمزق غضروف الكتف
HP:6001226	Positive modified dynamic labral shear test	اختبار الشفة الغضروفية الإيجابي
HP:0025123	White streaks/specks on enamel.	بقع بيضاء على الأسنان
HP:0025124	Fragile teeth	تكسر الأسنان بسهولة
HP:0025125	White lesion of the oral mucosa	بقع بيضاء في الفم
HP:0025126	Oral hairy leukoplakia	بقع بيضاء مشعرة في الفم
HP:0025127	Actinic keratosis	بثور جلدية بسبب الشمس
HP:0025128	Reduced intraabdominal adipose tissue	نقص الدهون داخل البطن
HP:0025129	Abnormal small intestinal mucosa morphology	شكل غير طبيعي لجدار الأمعاء الدقيقة
HP:0025130	Decreased small intestinal mucosa lactase level	نقص اللاكتاز في الأمعاء
HP:0025131	Finger swelling	انتفاخ الإصبع
HP:0025132	Abnormal circulating estrogen level	مستوى هرمون استروجين غير طبيعي
HP:6001227	Positive O'Brien active compression test	اختبار ألم الكتف
HP:6001228	Positive shoulder apprehension test	اختبار تخوف مفصل الكتف
HP:6001229	Foamy tear film	دموع رغوية
HP:6001230	Salzmann corneal nodules	عقيدات في القرنية
HP:0032339	Polyclonal elevated circulating IgE concentration	زيادة في الأجسام المضادة IgE
HP:0032341	Reduced forced vital capacity	انخفاض السعة التنفسية
HP:0032342	Reduced forced expiratory volume in one second	انخفاض الحجم الزفيري
HP:0032344	Upslanting toenail	ظفر القدم المرتفع
HP:6000091	Postpartum exacerbation	زيادة الأعراض بعد الولادة
HP:6000092	Retinoid exposure	استخدام الريتينويدات
HP:0025143	Chills	برد مفاجئ
HP:0025144	Shivering	ارتعاش
HP:0025145	Rigors	هزات قوية مع الارتعاش
HP:0005366	Recurrent streptococcus pneumoniae infections	التهابات الرئة المتكررة
HP:0005368	Abnormality of humoral immunity	ضعف المناعة الخلطية
HP:0005369	Decreased circulating complement factor H concentration	قلة عامل المتمم H في الدم
HP:0005372	Abnormal B cell physiology	ضعف وظيفة الخلايا البائية
HP:0005374	Cellular immunodeficiency	خلل المناعة الخلوية
HP:0005376	Recurrent Haemophilus influenzae infections	التهابات الإنفلونزا المتكررة
HP:0005381	Recurrent meningococcal disease	حساسية زائدة للمكورات السحائية
HP:6000103	Precipitous labor	مخاض سريع
HP:6000104	Twin pregnancy	حمل بتوأم
HP:6000105	Vaginal mass	انتفاخ في المهبل
HP:6000093	Propylthiouracil exposure	التعرّض لبروبيلثيوراسيل
HP:6000094	History of outdoor activities	الوقت الذي يقضى خارجاً
HP:6000095	Draining sinus tract in skin	الناسور النازح في الجلد
HP:6000096	Corneal transplant history	زراعة قرنية سابقة
HP:6000097	Spontaneous lens capsule rupture	تمزق عدسة العين
HP:6000098	Contact lens wearer	مرتدي العدسات اللاصقة
HP:6000099	Airway mucosal thickening	تثخن مخاطية المجاري الهوائية
HP:6000100	Hyperpolarized transepithelial nasal potential difference	زيادة الجهد الأنفي
HP:6000101	Corneopalpebral synechiae	التصاق العين والجفن
HP:6000102	Breast intraductal papilloma	ورم في قنوات الثدي
HP:0005384	Defective B cell activation	ضعف في تنشيط خلايا ب
HP:0005386	Recurrent protozoan infections	الإصابة المتكررة بالأوليات
HP:0005387	Combined immunodeficiency	نقص المناعة
HP:0005389	Depletion of components of the alternative complement pathway	نقص في مكونات المكمل البديل
HP:0005390	Recurrent opportunistic infections	تكرار العدوى الانتهازية
HP:0005396	Susceptibility to coronavirus 229e	قابلية العدوى بفيروس كورونا
HP:0005400	Reduction of neutrophil motility	ضعف حركة خلايا الدم البيضاء
HP:0005401	Recurrent candida infections	تكرر عدوى الفطريات
HP:0005403	Decreased total T cell count	نقص عدد خلايا ت
HP:0005404	Increased total B cell count	زيادة خلايا ب في الدم
HP:6000113	Elevated urinary succinyladenosine level	زيادة سكسينيل أدينوزين في البول
HP:6000114	Elevated urinary 5-hydroxymethyluracil level	زيادة 5-هيدروكسيميثيل يوراسيل في البول
HP:6000115	Decreased urine creatinine level	نقص الكرياتينين في البول
HP:6000116	Elevated urinary deoxyuridine level	زيادة الديوكسيوريدين في البول
HP:6000118	Elevated urinary dihydrouracil level	زيادة ثنائي هيدرويوراسيل في البول
HP:6000119	Elevated urinary dihydrothymine level	زيادة ثنائي هيدروثيمين في البول
HP:6000120	Elevated urinary sulfatide level	زيادة السلفاتيدات في البول
HP:6000121	Elevated urinary xanthurenic acid level	زيادة حمض الزانثرونيك في البول
HP:6000122	Increased urinary N-acetylglucosamine-rich oligosaccharide level	وجود سكريات غنية بـ N-أسيتيل جلوكوزامين في البول
HP:6000123	Elevated urinary 2'-deoxyadenosine level	زيادة 2'-ديوكسيأدينوزين في البول
HP:0005406	Recurrent bacterial skin infections	التهابات جلدية متكررة
HP:0005411	Chronic intestinal candidiasis	زيادة الفطريات في الأمعاء
HP:0005413	Elevated circulating alpha-globulin concentration	ارتفاع بروتين الألفا في الدم
HP:0005415	Decreased CD8+ T cell proportion	نقص خلايا CD8+
HP:0005416	Decreased circulating complement factor B concentration	نقص العامل المكمل B
HP:0005419	Decreased T cell activation	ضعف تفعيل الخلايا المناعية
HP:0005420	Recurrent gram-negative bacterial infections	التهابات سلبية الغرام المتكررة
HP:0005421	Decreased circulating complement C3 concentration	نقص المكمل C3
HP:0005422	Absence of CD8-positive T cells	غياب خلايا CD8+
HP:0005423	Dysfunctional alternative complement pathway	خلل في مسار المكملات
HP:0005424	Absent specific antibody response	عدم وجود أجسام مضادة معينة
HP:0005425	Recurrent sinopulmonary infections	التهابات الجيوب الأنفية والرئتين المتكررة
HP:0005428	Severe recurrent varicella	الجدري الشديد المتكرر
HP:0005429	Recurrent systemic pyogenic infections	العدوى القيحية المتكررة
HP:0005430	Recurrent Neisserial infections	العدوى بالبكتيريا النيسرية
HP:0005432	Transient hypogammaglobulinemia of infancy	نقص الغاما غلوبولين في الأطفال
HP:0005437	Recurrent infections in infancy and early childhood	العدوى المتكررة عند الأطفال الصغار
HP:0005439	Maxillozygomatic hypoplasia	نقص نمو العظم في الوجه
HP:0005441	Sclerotic cranial sutures	تصلب الدروز القحفية
HP:0005442	Widely patent coronal suture	الدُرز المفتوح في الجمجمة
HP:6000124	Positive 2,4-dinitrophenylhydrazine urine test	اختبار البولة الشاذ
HP:6000125	Elevated urinary dolichol level	مستويات دوليكول عالية في البول
HP:6000126	Decreased urinary bile acid level	أحماض صفراء منخفضة في البول
HP:6000127	Elevated urinary creatine/creatinine ratio	نسبة كرياتين عالية في البول
HP:6000128	Elevated urinary thymidine level	مستوى ثيميدين عالٍ في البول
HP:6000129	Elevated urinary glutarylglycine level	مستوى جلوتاريل-جليسين عالٍ في البول
HP:6000130	Elevated urinary indican level	الكشف عن الإندوكان في البول
HP:6000131	Dacrolith	حجر الدمع
HP:6000132	Reduced erythrocyte gamma-glutamyl cysteine synthetase activity	انخفاض نشاط غاما-جلوتاميل في الدم
HP:6000133	Decreased erythrocyte nicotinamide adenine dinucleotide-cytochrome b5 reductase activity	نشاط منخفض للإنزيم في الدم
HP:0005445	Enlarged posterior fossa	زيادة حجم التجويف الخلفي للجمجمة
HP:0005446	Obtuse angle of mandible	زاوية الفك المسطحة
HP:0005449	Bridged sella turcica	الجسر فوق السرج التركي
HP:0005450	Calvarial osteosclerosis	زيادة سماكة عظام الجمجمة
HP:0005451	Decreased cranial base ossification	تكلس غير كافي للجمجمة
HP:0005453	Absent/hypoplastic paranasal sinuses	عدم وجود الجيوب الأنفية
HP:0005456	Absent ethmoidal sinuses	عدم وجود الجيوب الغربالية
HP:0005458	Premature closure of fontanelles	انسداد مبكر فتحات الجمجمة
HP:0005461	Craniofacial disproportion	اختلاف في شكل الجمجمة والوجه
HP:0005462	Calcification of falx cerebri	ترسب الكالسيوم في الجزء المركزي من الجمجمة
HP:0005463	Elongated sella turcica	تطاول السرج التركي
HP:0005464	Craniofacial osteosclerosis	زيادة كثافة عظام الوجه والجمجمة
HP:0005465	Facial hyperostosis	زيادة حجم عظام الوجه
HP:0005466	Hypoplasia of the frontal bone	صغر عظم الجبهة
HP:0005469	Flat occiput	استواء مؤخرة الرأس
HP:0005472	Orbital craniosynostosis	تعظم الدروز المدارية
HP:0005473	Fusion of middle ear ossicles	اندماج عظيمات الأذن
HP:0005474	Decreased calvarial ossification	طراوة قبة الجمجمة
HP:0005476	Widely patent sagittal suture	درزة سهمية مفتوحة
HP:0005477	Progressive sclerosis of skull base	زيادة كثافة قاعدة الجمجمة تدريجيًا
HP:0005478	Prominent frontal sinuses	جيوب جبهية كبيرة
HP:0005479	Decreased circulating IgE concentration	نقص في نوع من الأجسام المضادة في الدم
HP:0005482	Abnormality of the alternative complement pathway	خلل في نظام المكمل البديل
HP:0005483	Abnormal epiglottis morphology	شكل غير طبيعي للسان المزمار
HP:0005484	Secondary microcephaly	تطور رأس صغير بعد الولادة
HP:0005486	Small fontanelle	البقعة الناعمة الصغيرة
HP:0005487	Prominent metopic ridge	خط عظمي بارز في الجبهة
HP:0005490	Postnatal macrocephaly	تضخم الجمجمة بعد الولادة
HP:0005494	Premature posterior fontanelle closure	إغلاق مبكر لليافوخ الخلفي
HP:0005495	Metopic suture patent to nasal root	الدرز الجبهي مفتوح حتى الأنف
HP:6000134	Reduced alpha-methylacyl-CoA racemase activity in cultured fibroblasts	نشاط منخفض لإنزيم في الأرومات الليفية
HP:6000135	Low semen volume	قليلاً من السائل المنوي
HP:6000136	Elbow localization	مكانه الكوع
HP:6000137	Enlarged lunula	تضخم في الظفر
HP:6000138	Heel localization	مكانه الكعب
HP:0200012	Short corpus callosum	قِصر الجسم الثفني
HP:0200013	Neoplasm of fatty tissue	ورم في النسيج الدهني
HP:0200015	Symmetric great toe depigmentation	إصبع القدم الكبير غير متماثل اللون
HP:0200016	Acrokeratosis	زيادات الجلد في اليدين والقدمين
HP:0200017	Cerebral white matter agenesis	عدم تكوين المادة البيضاء في الدماغ
HP:0200018	Protanomaly	ضعف رؤية اللون الأحمر
HP:0200020	Corneal erosion	تلف الطبقة الخارجية من القرنية
HP:0200021	Down-sloping shoulders	ميلان الكتفين للأسفل
HP:0200022	Choroid plexus papilloma	ورم في الضفائر المشيمية
HP:0200023	Priapism	الانتصاب المديد (البريابيزم)
HP:0200024	Premature chromatid separation	انفصال الكروماتيد المبكر
HP:0200025	Mandibular pain	ألم الفك السفلي
HP:0200026	Ocular pain	ألم في العين
HP:0200028	Pretibial myxedema	تضخم في الجلد على الساق السفلى
HP:0200029	Vasculitis in the skin	التهاب الأوعية في الجلد
HP:0200030	Punctate vasculitis skin lesions	بقع جلدية صغيرة
HP:0200032	Kayser-Fleischer ring	حلقة في العين
HP:0200034	Papule	نتوء جلدي
HP:0200035	Skin plaque	ارتفاع جلدي واسع
HP:0200036	Skin nodule	ورم صغير تحت الجلد
HP:0200037	Skin vesicle	فقاعة صغيرة على الجلد
HP:0200039	Pustule	حبوب
HP:0200040	Epidermoid cyst	كتلة تحت الجلد
HP:0200041	Skin erosion	خلل في الجلد
HP:0200042	Skin ulcer	قرحة مفتوحة
HP:0010016	Bracket epiphysis of the 1st metacarpal	نهاية على شكل حرف C للعظمة الأولى في اليد
HP:0010017	Cone-shaped epiphysis of the 1st metacarpal	نهاية مخروطية العظمة الأولى في اليد
HP:0010018	Enlarged epiphysis of the 1st metacarpal	تضخم نهاية العظمة الأولى في اليد
HP:0010019	Fragmentation of the epiphysis of the 1st metacarpal	تجزؤ نهاية العظمة الأولى في اليد
HP:0010020	Irregular epiphysis of the 1st metacarpal	نهاية غير منتظمة للعظمة الأولى في اليد
HP:0010021	Ivory epiphysis of the 1st metacarpal	زيادة كثافة العظمة الأولى في اليد
HP:0010022	Pseudoepiphysis of the 1st metacarpal	نهاية حلقية كاذبة للعظمة الأولى في اليد
HP:0010023	Small epiphysis of the 1st metacarpal	نهاية صغيرة للعظمة الأولى في اليد
HP:0010024	Epiphyseal stippling of the first metacarpal	وجود نقط في نهاية العظمة الأولى في اليد
HP:0010025	Triangular epiphysis of the 1st metacarpal	نهاية مثلثة للعظمة الأولى في اليد
HP:0200043	Verrucae	البثور
HP:0200044	Porokeratosis	بوروكيراتوسيس
HP:0200046	Cat cry	بكاء يشبه مواء القطة
HP:0200047	Chondritis of pinna	التهاب غضروف الأذن
HP:0200048	Cyanotic episode	نوبة زرقاء
HP:0200049	Upper limb hypertonia	صلابة العضلات في الذراعين
HP:0200050	Bracket metacarpal epiphyses	نهايات مشبكية لعظام اليد
HP:0200053	Hemihypotrophy of lower limb	قصر رجل واحدة
HP:0200054	Foot monodactyly	إصبع واحدة في القدم
HP:0200055	Small hand	اليد الصغيرة
HP:0010026	Aplasia/Hypoplasia of the 1st metacarpal	غياب أو صغر العظمة الأولى لليد
HP:0010027	Broad 1st metacarpal	عرض العظمة الأولى لليد
HP:0010028	Bullet-shaped 1st metacarpal	العظمة الأولى لليد على شكل رصاصة
HP:0010029	Curved 1st metacarpal	انحناء العظمة الأولى لليد
HP:0010030	Osteolytic defects of the 1st metacarpal	تآكل العظمة الأولى لليد
HP:0010031	Patchy sclerosis of the 1st metacarpal	زيادة كثافة العظمة الأولى لليد بشكل غير متساوٍ
HP:0010033	Triangular shaped 1st metacarpal	العظمة الأولى لليد على شكل مثلث
HP:0010034	Short 1st metacarpal	قصر العظمة الأولى لليد
HP:0010035	Aplasia of the 1st metacarpal	غياب العظمة الأولى لليد
HP:0010036	Aplasia/Hypoplasia of the 2nd metacarpal	غياب أو قلة نمو العظمة الثانية لليد
HP:0010037	Aplasia of the 2nd metacarpal	غياب العظم الطويل الثاني من اليد
HP:0010038	Short 2nd metacarpal	قصر العظم الطويل الثاني من اليد
HP:0010039	Aplasia/Hypoplasia of the 3rd metacarpal	غياب/نقص التكون للعظم الطويل الثالث من اليد
HP:0010040	Aplasia of the 3rd metacarpal	غياب العظم الطويل الثالث من اليد
HP:0010041	Short 3rd metacarpal	قصر العظم الطويل الثالث من اليد
HP:0010042	Aplasia/Hypoplasia of the 4th metacarpal	غياب/نقص التكون للعظم الطويل الرابع من اليد
HP:0010043	Aplasia of the 4th metacarpal	غياب العظم الطويل الرابع من اليد
HP:0010044	Short 4th metacarpal	قصر العظم الطويل الرابع من اليد
HP:0010045	Aplasia/Hypoplasia of the 5th metacarpal	غياب/نقص التكون للعظم الطويل الخامس من اليد
HP:0010046	Aplasia of the 5th metacarpal	غياب العظم الطويل الخامس من اليد
HP:0200056	Macular scar	ندبة في مركز العين
HP:0200057	Marcus Gunn pupil	حدقة ماركوس غان
HP:0200058	Angiosarcoma	سرطان الأوعية الدموية
HP:0200059	Metastatic angiosarcoma	سرطان الأوعية المنتشر
HP:0200063	Colorectal polyposis	زائدات لحمية في القولون
HP:0200064	Asymmetry of iris pigmentation	اختلاف لون القزحيات
HP:0200066	Ribbonlike corneal degeneration	تنكس القرنية الشريطي
HP:0200067	Recurrent spontaneous abortion	إجهاضات متكررة
HP:0200068	Nonprogressive visual loss	فقدان الرؤية المستقر
HP:0200070	Peripheral retinal atrophy	ضعف في شبكية الأطراف
HP:0200071	Peripheral vitreoretinal degeneration	التنكس في أطراف الشبكية
HP:0200072	Episodic quadriplegia	شلل مؤقت للأطراف الأربعة
HP:0200073	Respiratory insufficiency due to defective ciliary clearance	صعوبة التنفس بسبب مشكلة في الأهداب
HP:0200083	Severe limb shortening	قصر شديد في الأطراف
HP:0200084	Giant cell hepatitis	التهاب كبد بالخلايا الكبيرة
HP:0200085	Limb tremor	ارتعاش في الأطراف
HP:0200094	Frontal open bite	مسافة بين الأسنان الأمامية
HP:0200096	Triangular-shaped open mouth	فم مفتوح شكله مثلث
HP:0200097	Oral mucosal blisters	نفطات في الفم
HP:0200098	Absent skin pigmentation	انعدام لون الجلد
HP:0010047	Short 5th metacarpal	قصر العظم الخامس في اليد
HP:0010048	Aplasia of metacarpal bones	غياب العظم الطويل في اليد
HP:0010049	Short metacarpal	قصر العظم الطويل في اليد
HP:0010051	Deviation of the hallux	تحرك إبهام القدم
HP:0010052	Abnormal morphology of the proximal phalanx of the hallux	تشوه عظم إبهام القدم الداخلي
HP:0010053	Abnormality of the distal phalanx of the hallux	تشوه عظم إبهام القدم الخارجي
HP:0010054	Abnormality of the first metatarsal bone	تشوه العظم الطويل الأول في القدم
HP:0010055	Broad hallux	عرض إبهام القدم
HP:0010056	Abnormality of the epiphyses of the hallux	تشوه نهاية عظم إبهام القدم
HP:0010057	Abnormal hallux phalanx morphology	تشوه عظام إصبع القدم الكبير
HP:0010058	Aplasia/Hypoplasia of the phalanges of the hallux	غياب/صغر العظمة في إصبع القدم الكبير
HP:0010059	Broad hallux phalanx	عظمة عريضة في إصبع القدم الكبير
HP:0010060	Bullet-shaped hallux phalanx	عظمة بشكل رصاصة في إصبع القدم الكبير
HP:0010061	Curved hallux phalanx	عظمة منحنية في إصبع القدم الكبير
HP:0010062	Osteolytic defects of the phalanges of the hallux	عيوب تآكلية في عظام إصبع القدم الكبير
HP:0010063	Patchy sclerosis of hallux phalanx	زيادة غير متساوية في كثافة العظام في إصبع القدم الكبير
HP:0010064	Symphalangism affecting the phalanges of the hallux	التحام عظام إصبع القدم الكبير
HP:0010065	Triangular shaped phalanges of the hallux	عظام مثلثية الشكل في إصبع القدم الكبير
HP:0010066	Duplication of phalanx of hallux	ازدواج العظمة في إصبع القدم الكبير
HP:0010067	Aplasia/hypoplasia of the 1st metatarsal	غياب/صغر العظم الطويل الأول في القدم
HP:0200101	Decreased/absent ankle reflexes	غياب أو ضعف رد فعل الكاحل
HP:0200102	Sparse or absent eyelashes	قلة أو عدم وجود رموش
HP:0200104	Absent fifth fingernail	عدم وجود ظفر الإصبع الصغير
HP:0200105	Absent fifth toenail	عدم وجود ظفر إصبع القدم الصغير
HP:0200106	Absent/shortened dynein arms	عدم وجود أو قصر أذرع الداينين
HP:0200107	Shortened inner dynein arms	قصر الأذرع الداخلية للداينين
HP:0200108	Shortened outer dynein arms	قصر الأذرع الخارجية للداينين
HP:0200109	Absent/shortened outer dynein arms	عدم وجود أو قصر الأذرع الخارجية للداينين
HP:0200111	Absent stapes head	عدم وجود رأس عظيمة الركاب
HP:0200113	Aphalangy of hands and feet	عدم وجود عظام أصابع اليدين والقدمين
HP:0200114	Metabolic alkalosis	قلاء الدم بسبب الأيض
HP:0200116	Distal ileal atresia	انسداد الأمعاء
HP:0200117	Recurrent upper and lower respiratory tract infections	التهابات رئوية وأنفية متكررة
HP:0200118	Malabsorption of Vitamin B12	مشاكل في امتصاص فيتامين ب12
HP:0200119	Acute hepatitis	التهاب الكبد الحاد
HP:0200120	Chronic active hepatitis	التهاب الكبد المزمن والنشط
HP:0200122	Atypical or prolonged hepatitis	التهاب الكبد الطويل
HP:0200123	Chronic hepatitis	التهاب الكبد المزمن
HP:0200124	Chronic hepatitis due to cryptosporidium infection	التهاب الكبد بسبب طفيليات الكريبتوسبوريوم
HP:0200125	Mitochondrial respiratory chain defects	مشاكل في الميتوكوندريا
HP:0010068	Broad first metatarsal	عظمة القدم الأولى العريضة
HP:0010069	Bullet-shaped 1st metatarsal	عظمة القدم الأولى بشكل رصاصة
HP:0010070	Curved 1st metatarsal	انحناء عظمة القدم الأولى
HP:0010071	Osteolytic defects of the 1st metatarsal	تفتت العظمة المشطية الأولى
HP:0010072	Patchy sclerosis of the 1st metatarsal	زيادة غير منتظمة في كثافة عظمة القدم الأولى
HP:0010073	Synostosis involving the 1st metatarsal	التحام عظمة القدم الأولى
HP:0010074	Triangular shaped 1st metatarsal	عظمة القدم الأولى بشكل مثلث
HP:0010075	Duplication of the 1st metatarsal	تضاعف عظمة القدم الأولى
HP:0010076	Aplasia/Hypoplasia of the distal phalanx of the hallux	عدم وجود/صغر العظمة الخارجية في الإصبع الكبير
HP:0010077	Broad distal phalanx of the hallux	عظمة الإصبع الكبير الخارجية العريضة
HP:0010320	Abnormal third toe morphology	تشوه الإصبع الثالث
HP:0010321	Abnormal fourth toe morphology	تشوه الإصبع الرابع
HP:0010322	Abnormal fifth toe morphology	تشوه الإصبع الصغير
HP:0010323	Abnormality of the epiphyses of the 2nd toe	تشوه نهاية عظم الإصبع الثاني
HP:0010324	Abnormal morphology of phalanx of the 2nd toe	تشوه عظم الإصبع الثاني
HP:0010325	Aplasia/Hypoplasia of the 2nd toe	الإصبع الثاني المفقود/الصغير
HP:0010326	Deviation of the 2nd toe	الإصبع الثاني المتحرك
HP:0010327	Flexion contracture of the 2nd toe	تقلص في الإصبع الثاني
HP:0010328	Polydactyly affecting the 2nd toe	تعدد الأصابع عند الإصبع الثاني
HP:0010329	Abnormality of the epiphyses of the 3rd toe	تشوه نهاية عظم الإصبع الثالث
HP:0200127	Atrial cardiomyopathy	مشاكل في جدران الأذين
HP:0200128	Biventricular hypertrophy	زيادة سمك جدران القلب في الجهتين
HP:0200133	Lumbosacral meningocele	ورم سحائي في الجزء السفلي من الظهر
HP:0200134	Epileptic encephalopathy	مشاكل دماغية بسبب الصرع
HP:0200136	Oral-pharyngeal dysphagia	صعوبة في ابتلاع الطعام والسوائل
HP:0200138	Bilateral choanal atresia/stenosis	انسداد أنف ثنائي
HP:0200141	Small, conical teeth	أسنان صغيرة ومدببة
HP:0200143	Megaloblastic erythroid hyperplasia	زيادة في خلايا الدم الحمراء غير الناضجة الضخمة
HP:0200146	Mucoid extracellular matrix accumulation	تجمع من المادة المخاطية بين الأنسجة
HP:6000923	Positive bloodstream EBV monospot test	اختبار دم إيجابي لفيروس إبشتاين-بار
HP:0010078	Bullet-shaped distal phalanx of the hallux	شكل عظمة طرف إصبع القدم الكبير يشبه الرصاصة
HP:0010079	Curved distal phalanx of the hallux	عظمة طرف إصبع القدم الكبير المنحني
HP:0010080	Osteolytic defects of the distal phalanx of the hallux	نقص كثافة عظمة طرف إصبع القدم الكبير
HP:0010081	Patchy sclerosis of the distal phalanx of the hallux	زيادة غير متساوية بكثافة العظام في طرف إصبع القدم الكبير
HP:0010082	Symphalangism affecting the distal phalanx of the hallux	الانصهار العظمي لعظمة طرف إصبع القدم الكبير
HP:0010083	Triangular shaped distal phalanx of the hallux	عظمة طرف إصبع القدم الكبير المثلثة الشكل
HP:0010084	Duplication of the distal phalanx of the hallux	تكرار عظمة طرف إصبع القدم الكبير
HP:0010085	Aplasia/Hypoplasia of the proximal phalanx of the hallux	عدم وجود/نقص نمو عظمة طرف إصبع القدم الداخلي
HP:0010086	Broad proximal phalanx of the hallux	زيادة عرض عظمة طرف إصبع القدم الداخلي
HP:0010319	Abnormal second toe morphology	تشوه شكل إصبع القدم الثاني
HP:6000924	Positive CSF Toxoplasma gondii antibody positivity	وجود أجسام مضادة لمرض المقوسات في السائل الدماغي
HP:6000925	Positive tuberculin skin test	نتيجة إيجابية لاختبار الجلد للسل
HP:6000926	Anti-Treponema pallidum antibody positivity	وجود أجسام مضادة لمرض الزهري في الدم
HP:6000927	Positive CSF Borrelia burgdorferi antibody positivity	وجود أجسام مضادة لبوريليا في السائل الدماغي
HP:6000928	Positive CSF JC-virus antibody positivity	وجود أجسام مضادة لفيروس JC في السائل الدماغي
HP:6000929	Neutralizing anti-rabies virus antibody positivity	وجود أجسام مضادة لفيروس داء الكلب
HP:6000930	Impaired hepatobiliary scintigraphy tracer uptake	ضعف امتصاص المواد المشعة في الكبد والمرارة
HP:6000931	Calcified pulmonary nodule	وجود كتلة متكلسة في الرئة
HP:6000932	Postprandial exacerbation	تفاقم الأعراض بعد الأكل
HP:6000933	Koebner Phenomenon	ظهور آفات جلدية جديدة بعد الصدمات
HP:6000934	Glenoid dysplasia	خلل في نمو عظمة الكتف
HP:6000935	Prolonged retraction of penile foreskin	ترك القلفة مسحوبة لفترة طويلة
HP:6000936	Thickened cortex of the clavicle	زيادة سماكة طبقة الترقوة
HP:6000937	Thickened cortex of the mandible	زيادة سماكة طبقة الفك السفلي
HP:6000938	Thumb hypoplasia grade 1	نمو غير كامل للإبهام
HP:6000939	Thumb hypoplasia grade 2	نمو غير كامل للإبهام
HP:6000940	Thumb hypoplasia grade 3A	نمو غير كامل للإبهام
HP:6000941	Thumb hypoplasia grade 3B	نمو غير كامل للإبهام
HP:6000942	Thumb hypoplasia grade 4	نمو غير كامل للإبهام
HP:6000943	Femoral osteopoikilosis	نقاط عظمية في عظم الفخذ
HP:0010330	Abnormality of the phalanges of the 3rd toe	خلل في عظام الإصبع الثالث من القدم
HP:0010331	Aplasia/Hypoplasia of the 3rd toe	غياب أو صغر الإصبع الثالث من القدم
HP:0010332	Deviation of the 3rd toe	انزياح الإصبع الثالث من القدم
HP:0010333	Flexion contracture of 3rd toe	تقلص في الإصبع الثالث من القدم
HP:0010334	Polydactyly affecting the 3rd toe	إصبع ثالث زائد في القدم
HP:0010335	Abnormality of the epiphyses of the 4th toe	خلل في نهاية عظام الإصبع الرابع من القدم
HP:0010336	Abnormality of the phalanges of the 4th toe	خلل في عظام الإصبع الرابع من القدم
HP:0010337	Aplasia/Hypoplasia of the 4th toe	غياب أو صغر الإصبع الرابع من القدم
HP:0010338	Deviation of the 4th toe	انزياح الإصبع الرابع من القدم
HP:0025349	Limbal edema	انتفاخ حول القرنية
HP:6000944	Carotidynia	ألَم في الرقبة
HP:6000945	Asymmetric blood pressure between arms	اختلاف ضغط الدم بين الذراعين
HP:6000946	Transverse terminal lower limb defect	نقص في الساق عند الولادة
HP:6000947	Hemimelia of lower leg	غياب الساق
HP:6000948	Hemimelia of forearm	غياب الساعد
HP:6000949	Sodium glucose transport inhibitor exposure	دواء لخفض السكر
HP:6000950	Breath-holding spell	نوبات حبس التنفس عند الأطفال
HP:6000951	Flared proximal tibial metaphysis	اتساع في عظام الساق
HP:6000952	Delayed toe phalanx ossification	تأخر نمو عظام أصابع القدم
HP:6000953	Sorbitol ingestion	تناول المواد الحاوية على السوربيتول
HP:6000954	Positive peritoneal fluid bacterial culture	نمو بكتيريا في السائل البطني
HP:6000955	Ocular cystine crystal deposition	وجود بلورات في العين
HP:6000956	Exuberant granulation tissue	النسيج الزائد في الجرح
HP:6000957	Oral mucosal papule	كتلة صغيرة في الفم
HP:6000958	Excessive piloerection	قشعريرة زائدة
HP:6000959	Scalp edema	تورم في فروة الشعر
HP:6000960	Serpiginous burrow	مسار منحني في الجلد
HP:6000961	Positive brain-tissue rabies nucleic acid test	كشف فيروس الكلب في الدماغ
HP:6000962	Positive respiratory tract Bordetella pertussis nucleic acid test	كشف بورديتيلا الشاهوق في الأنف والحلق
HP:6000963	Demonstration of acid-fast bacilli in wound tissue	رؤية بكتيريا مقاومة للحمض في الجرح
HP:0025350	Giant conjunctival papillae	حلمات كبيرة في الملتحمة
HP:0025351	Recurrent interdigital mycosis	فطريات بين الأصابع
HP:0025352	Typically de novo	ظهور جديد
HP:0025353	Anti-multiple nuclear dots antibody positivity	إيجابية الأجسام المضادة للنقاط النووية
HP:0025354	Abnormal cellular phenotype	شكل خلوي غير عادي
HP:0025355	Retinal arteriolar macroaneurysms	انتفاخات في شرايين الشبكية
HP:0025357	Erratic myoclonus	تشنجات عضلية متقطعة
HP:0025358	Uveal ectropion	انقلاب العنبية الأمامية
HP:0025359	Polygonal renal calices	شكل متعدد الأضلاع لكاليسات الكلى
HP:0025360	Polycalycosis	زيادة عدد الكاليسات
HP:6000964	Positive tissue encapsulated budding yeast test	اكتشاف الخمائر في الجسم
HP:6000965	Positive tissue coccidioidomycosis culture	نمو الفطريات في الجسم
HP:6000966	Diminished tissue dihydropteridine reductase activity	انخفاض نشاط أنزيم في الجسم
HP:6000967	Decreased circulating transcobalamin I concentration	انخفاض بروتين في الدم
HP:6000968	Diminished circulating cationic trypsinogen concentration	انخفاض تربسينوجين في الدم
HP:6000969	Diminished circulating hyaluronidase activity	انخفاض نشاط الهيالورونيداز في الدم
HP:6000970	Diminished sulfotransferase activity in cultured fibroblasts	نقص نشاط الأنزيمات في الخلايا
HP:6000971	Elevated tissue alpha-N-acetylglucosaminidase activity	نشاط مرتفع لأنزيم في الأنسجة
HP:6000972	Abnormal tissue alpha-N-acetylglucosaminidase activity	نشاط غير طبيعي لأنزيم في الأنسجة
HP:6000973	Elevated circulating trihydroxycholestanoic acid concentration	زيادة حمض في الدم
HP:0025361	Abnormal medullary pyramid morphology	تغير في شكل هرم الكلى
HP:0025362	Renal medullary pyramid hypoplasia	نقص نمو هرم الكلى
HP:0025363	Glomerular endocapillary hypercellularity	زيادة الخلايا داخل الشعيرات الكلوية
HP:0025364	Glomerular extracapillary hypercellularity	زيادة الخلايا خارج الشعيرات الدموية الكلوية
HP:0025365	Free-running sleep pattern	نمط نوم غير منتظم
HP:0025367	Trichoepithelioma	نمو غير طبيعي لخلايا بصيلات الشعر
HP:0025368	Abnormal growth plate morphology	تغير في شكل صفيحة النمو
HP:0025369	Thick growth plates	زيادة سماكة صفيحة النمو
HP:0025370	Abnormal ossification of the sacrum	خلل في نمو عظمة العجز
HP:0025371	Delayed ossification of the sacrum	نمو عظمة العجز متأخر
HP:0025372	Loud snoring	الشخير بصوت عالي
HP:0025373	Interictal EEG abnormality	خلل موجات الدماغ بين النوبات
HP:0025374	Duplicated odontoid process	وجود نتوءين سنيين
HP:0025375	Orthotopic os odontoideum	عظم السنية الأرثوتوبكية
HP:0025376	Hyperglutaminuria	جلوتامين مرتفع في البول
HP:0025377	Triggered by exertion	يحدث بسبب المجهود
HP:0025379	Anti-thyroid peroxidase antibody positivity	وجود أجسام مضادة ضد الغدة الدرقية
HP:0025380	Increased circulating androstenedione concentration	أندروستينيديون مرتفع في الدم
HP:0025381	Anti-pituitary antibody positivity	وجود أجسام مضادة ضد الغدة النخامية
HP:0025382	Hypodipsia	شرب ماء قليل
HP:0025383	Dorsocervical fat pad	حدبة في العنق
HP:0003362	Increased VLDL cholesterol concentration	زيادة كوليسترول في الدم
HP:0025593	Superior oblique muscle restriction	محدودية حركة العضلة العليا
HP:0025594	Superior oblique muscle overaction	زيادة حركة العضلة العليا
HP:0025595	Superior oblique muscle underaction	ضعف العضلة المائلة العليا
HP:0025596	Abnormal inferior oblique muscle physiology	خلل في العضلة السفلى
HP:0025597	Inferior oblique muscle restriction	قيود في حركة العضلة السفلى
HP:0025598	Inferior oblique muscle weakness	ضعف في العضلة السفلى
HP:0025599	Inferior oblique muscle overaction	زيادة حركة العضلة السفلى
HP:0025600	Abnormal inferior rectus muscle physiology	خلل في العضلة المستقيمة السفلية
HP:6000974	Elevated circulating glyoxylic acid concentration	زيادة حمض الجليكزيلك في الدم
HP:6000975	Elevated CSF sepiapterin concentration	زيادة السبيابتيرين في السائل الشوكي
HP:6000976	Intrahepatic inclusion bodies	أجسام في خلايا الكبد
HP:6000977	Muscle vacuoles	فجوات في العضلات
HP:6000978	Nonrimmed muscle vacuoles	فجوات غير محاطة بحافة في العضلات
HP:6000979	Reduced hepatic glycogen phosphorylase activity	انخفاض إنزيم الكبد لهضم الجليكوجين
HP:6000980	Bone marrow hemophagocytosis	التهاب في نخاع العظام يتعلق بالبلعمة
HP:6000981	Splenic granulomatosis	التهاب في الطحال بالحبيبات
HP:6000982	Immediate detumescence of penis at time of symptom onset	فقدان الانتصاب مع بدء الألم
HP:6000983	History of aortic valve replacement	استبدال سابق لصمام القلب
HP:0025601	Inferior rectus muscle weakness	ضعف في حركة العين للأسفل
HP:0025602	Inferior rectus muscle restriction	عدم قدرة حركة العين للأسفل
HP:0025603	Abnormal superior rectus muscle physiology	مشكلة في العضلة العلوية للعين
HP:0025604	Orbital schwannoma	ورم حول العين
HP:0025605	Lid lag on downgaze	تأخر نزول الجفن
HP:0025606	Abnormal medial rectus muscle physiology	مشكلة في العضلة الوسطى للعين
HP:0025607	Upper eyelid entropion	انقلاب الجفن للداخل
HP:0025608	Cicatricial ectropion	انقلاب الجفن للخارج بسبب ندبة
HP:0025609	Anterior blepharitis	التهاب في حافة الجفن
HP:0025610	Posterior blepharitis	التهاب الغدد في الجفن
HP:6000984	Coved type ST segment elevation	ارتفاع غير طبيعي في نبض القلب
HP:6000985	Saddle-back type ST segment elevation	ارتفاع في تخطيط القلب
HP:6000986	Substantially elevated circulating ethanol concentration	تسمم الكحول
HP:6000987	Tortuous appearance of the stomach	التواء المعدة
HP:6000988	Cochlear nerve aplasia	فقدان السمع بسبب عدم وجود العصب السمعي
HP:6000989	Slit-like lateral ventricle	بطين جانبي صغير
HP:6001231	Corneal stromal vascularisation	أوعية دموية في القرنية
HP:6001232	Corneal iron line	ترسب الحديد في القرنية
HP:6001233	Conjunctivochalasis	زوائد جلدية في عينك
HP:6001234	Conjunctival hyperpigmentation	بقع سوداء في بياض العين
HP:6001235	Anti-Saccharomyces cerevisiae antibodies	الأجسام المضادة ضد خميرة
HP:6001236	Elevated fraction exhaled nitric oxide	زيادة أكسيد النيتريك في النفس
HP:6001237	Iris hyperemia	احمرار قزحية العين
HP:6001238	Elevated circulating reticulated platelet count	زيادة الصفائح الدموية الشبكية
HP:6001239	Reduced circulating reticulated platelet count	نقص الصفائح الدموية الشبكية
HP:6001240	Abnormal circulating reticulated platelet count	عدد غير طبيعي للصفائح الدموية الشبكية
HP:6001241	Flexed posturing of finger	انعكاس الأصبع
HP:6001242	Positive synovial fluid alpha-defensin	تواجد ألفا-ديفنسين في السائل الزليلي
HP:6001243	Physeal fracture	كسر الطبقة النامية
HP:6001244	Salter I fracture	كسر فيزيائي الأول
HP:0025626	Increased circulating oleate level	ارتفاع حمض الأوليات في الدم
HP:0025627	Increased circulating octadecanoate level	ارتفاع أوكتاديكانوات في الدم
HP:0025628	Increased circulating myristoleate level	ارتفاع ميريستوليات في الدم
HP:0025629	Anti-myelin-associated glycoprotein antibody positivity	أجسام مضادة ضد بروتين المايلين
HP:0025630	Argininosuccinic aciduria	زيادة الأرجينينوسكسينات في البول
HP:0025631	Alpha-aminobutyric aciduria	زيادة الألفا-أمينوبيوتيريك أسيد في البول
HP:0025633	Abnormal ureter morphology	تشوه في الحالب
HP:0025634	Abnormal ureter physiology	خلل وظيفي في الحالب
HP:0025635	Ureteral polyp	نمو في الحالب
HP:0025636	Endometritis	التهاب الرحم
HP:6001245	Salter II fracture	كسر بالعظم قرب المفصل
HP:6001246	Salter III fracture	كسر داخل المفصل بالعظم
HP:6001247	Salter IV fracture	كسر شامل للمفصل و العظم
HP:6001248	Salter V fracture	إصابة سحق لصفحة النمو
HP:6001249	Nail bed laceration	جرح تحت الظفر
HP:6001250	History of distal radius fracture	تاريخ كسر في الذراع
HP:6001251	History of triangular fibrocartilage complex tear	تاريخ إصابة في الرسغ
HP:6001252	Reduced plantar creases	قلة تجاعيد في باطن القدم
HP:6001253	Skin burn	حرق
HP:6001254	Elevanted carboxysterol concentration in cultured lymphoblasts	زيادة في تركيز مادة في خلايا
HP:0025611	Epicanthus superciliaris	طيّة الجلد قرب العين
HP:0025612	Corneal astigmatism	تشوه القرنية البصرية
HP:0025613	Focal emotional seizure	نوبة عاطفية
HP:0025615	Abscess	خراج
HP:0025616	Sterile abscess	خراج غير معدي
HP:0025617	Abnormal plasma cell count	خلل في عدد الخلايا البلازمية
HP:0025618	Reduced plasma cell count	نقص الخلايا البلازمية
HP:0025619	Elevated plasma cell count	زيادة الخلايا البلازمية
HP:0025624	Decreased CD4+ effector memory T cell proportion	نقص خلايا الذاكرة T
HP:0025625	Increased CD4+ effector memory T cell proportion	زيادة خلايا الذاكرة T
HP:6000242	Decreased circulating complement component 1s concentration	انخفاض C1s في الدم
HP:6000243	Reduced circulating corticosteroid-binding globulin concentration	انخفاض بروتين رابط الكورتيزول في الدم
HP:6000244	Decreased circulating thyroglobulin concentration	انخفاض بروتين الغدة الدرقية في الدم
HP:6000245	Elevated circulating granulocyte-macrophage colony-stimulating factor concentration	ارتفاع GM-CSF في الدم
HP:6000246	Elevated CSF D-2-hydroxyglutaric acid concentration	ارتفاع حمض D-2-هيدروكسيغلوتاريك في السائل النخاعي
HP:6000247	Esophageal mass	تورم في المريء
HP:6000248	Bursa fluid crystals	وجود بلورات في سائل الجراب
HP:6000249	Enlarged gastric folds	طيات معدية عملاقة
HP:6000250	Gastric intraepithelial lymphocytosis	زيادة الخلايا الليمفاوية في بطانة المعدة
HP:6000251	Small intestinal intraepithelial lymphocytosis	زيادة الخلايا الليمفاوية في بطانة الأمعاء الدقيقة
HP:0025637	Vasospasm	تشنج الأوعية
HP:0025638	Elevated urinary N-butyrylglycine	زيادة ن-بوتيريل جليسين في البول
HP:0025639	Increased urinary zinc level	زيادة الزنك في البول
HP:0025640	Abnormal urinary mineral level	مستوى غير طبيعي للمعادن في البول
HP:0025641	Elevated circulating glycolate concentration	زيادة الجليكولات في الدم
HP:0025643	Tarlov cyst	كيسة مملوءة بسائل في العمود الفقري
HP:0025644	Fixation-off epileptiform discharges	تغير في نشاط الدماغ أثناء إغلاق العينين
HP:0025646	Bilateral polymicrogyria	زيادة التلافيف الدماغية
HP:0025647	Steroid-sensitive nephrotic syndrome	المتلازمة الكلوية القابلة للعلاج بالستيرويدات
HP:0025648	Steroid-sensitive nephrotic syndrome with infrequent relapses	المتلازمة الكلوية القابلة للعلاج بالستيرويدات مع ندرة الانتكاس
HP:6001265	Localized to the lower eyelid	مرتكز في الجفن السفلي
HP:6001266	Localized to eyelid	مرتكز في الجفن
HP:6001267	Halo vision	رؤية الهالة
HP:6001268	Hematospermia	دم في السائل المنوي
HP:6001269	Choledocholithiasis	حصوات في القناة الصفراوية
HP:6001270	Axillary nerve distribution	اشكال في العصب الإبطي
HP:6001271	Pelvic ring fracture	كسر الحوض
HP:6001272	Scapulothoracic dissociation	انفصال لوح الكتف
HP:6001273	Pain exacerbated by weight bearing	ألم يزيد عند الوقوف
HP:6000241	Diminished prolactin response to thyrotrophin-releasing hormone stimulation	انخفاض استجابة البرولاكتين
HP:0025649	Steroid-sensitive nephrotic syndrome with frequent relapses	مرض المتلازمة الكلوية المتكرر
HP:0025650	Steroid-dependent nephrotic syndrome	مرض الكلى المعتمد على الستيرويدات
HP:0025652	Abnormal placental adhesion into the uterine wall	التصاق المشيمة بجدار الرحم
HP:0025653	Placenta percreta	المشيمة التي تخترق الرحم
HP:0025654	Placenta accreta	المشيمة الملتصقة
HP:0025655	Placenta increta	المشيمة التي تخترق جدار الرحم
HP:0025656	Prenatal double bubble sign	الفقاعة المزدوجة
HP:0025657	Abnormal umbilical blood flow measurement	قياس تدفق الدم غير طبيعي في الحبل السري
HP:0025659	Decreased circulating creatine kinase concentration	نقص إنزيم الكرياتين كيناز في الدم
HP:0025660	Chiari type II malformation	تشوه خياري
HP:6001255	Superficial CNS hemosiderin deposition	ترسب الحديد السطحي في الدماغ
HP:6001256	Cortical superficial CNS hemosiderin deposition	ترسب الحديد السطحي على السطح القشري
HP:6001257	Infratentorial superficial CNS hemosiderin deposition	ترسب الحديد السطحي تحت المخيخ
HP:6001258	Pulmonary hyperplasia	زيادة عدد الحويصلات الهوائية
HP:6001259	Positive protozoan parasite CSF wet mount test	اختبار إيجابي للطفيليات في السائل الشوكي
HP:6001260	Gallbladder polyp	نتوءات في المرارة
HP:6001261	Gallbladder polyposis	زوائد متعددة في المرارة
HP:6001262	Biceps tendon rupture	قطع وتر العضلة الثنائية
HP:6001263	Medial epicondyle apophysitis	إصابة مرفق اللاعبين الصغار
HP:6001264	Thumb carpometacarpal subluxation	خلع في قاعدة الإبهام
HP:0025661	Chiari type III malformation	تشوه في الدماغ الخلفي
HP:0025662	Abnormal fetal skeletal morphology	خلل في شكل الهيكل العظمي للجنين
HP:0025663	Reduced fetal femur/foot length ratio	انخفاض نسبة طول الفخذ للقدم عند الجنين
HP:0025664	Moderate to late preterm birth	ولادة مبكرة من 32 إلى 36 أسبوع
HP:0025665	Extremely preterm birth	ولادة قبل الأوان قبل 28 أسبوعًا
HP:0025666	Very preterm birth	ولادة مبكرة قبل 32 أسبوعًا
HP:0025667	Fetal neck anomaly	خلل في عنق الجنين
HP:0025668	Abnormal neck morphology	خلل في شكل العنق
HP:0025669	Abnormal neck physiology	خلل في وظيفة العنق
HP:0025670	Syntelencephaly	اتصال غير طبيعي لنصفَي الدماغ
HP:6000262	Pseudoglioma	كتلة بيضاء صفراء في العين
HP:6000263	Papillary dermal edema	تورم في الجلد
HP:6000264	Fetal tachycardia	تسارع ضربات قلب الجنين
HP:6000265	Elevated urinary 3-hydroxykynurenine level	زيادة 3-هيدروكسيكينورينين في البول
HP:6000266	2-oxoadipic aciduria	زيادة 2-أوكسواديبيك في البول
HP:6000267	Elevated circulating methionine sulfoxide concentration	زيادة ميثيونين سلفوكسيد في الدم
HP:6000268	Elevated circulating pipecolic acid concentration	زيادة حمض البيبيكوليك في الدم
HP:6000269	Elevated urinary pipecolic acid level	زيادة حمض البيبيكوليك في البول
HP:6000270	Elevated CSF saccharopine concentration	زيادة السكروز في السائل الشوكي
HP:6000271	Elevated circulating glycylproline concentration	زيادة الجليسلبرويلين في الدم
HP:6000252	Fetal lung hyperechogenicity	زيادة سطوع رئة الجنين
HP:6000253	Necrotizing vasculitis	التهاب الأوعية الدموية
HP:6000254	Abnormal proximal convoluted tubule morphology	تشوه في جزء الكلى الأول
HP:6000255	Demonstration of Leishmania in tissue	وجود الليشمانيا في الجسم
HP:6000256	Pneumocystis cysts in respiratory secretions	وجود خراجات المتكيسة في إفرازات التنفس
HP:6000257	Spinal cord granuloma	ورم حبيبي في العمود الفقري
HP:6000258	Impaired folate absorption	عدم امتصاص الفولات جيداً
HP:6000259	Positive hydrogen breath test	زيادة الهيدروجين في اختبار التنفس
HP:6000260	History of recent plant thorn skin puncture	إصابة حديثة بشوكة نبات
HP:6000261	Absent circulating immunoglobulin kappa chain	عدم وجود كابا في الدم
HP:0025681	Distal clavicular thinning	ترقق نهاية الترقوة
HP:0025682	Crouch gait	مشية القرفصاء
HP:0020209	Hot water-induced seizure	نوبة عند سكب الماء الساخن
HP:0020210	Praxis-induced seizure	نوبة بسبب ممارسة معقدة
HP:0020211	Proprioceptive-induced seizure	نوبة بسبب تغيير الوضعية
HP:0020212	Reading-induced seizure	نوبة عند القراءة
HP:0020213	Somatosensory-induced seizure	نوبة بسبب لمسة الجسم
HP:0020214	Startle-induced seizure	نوبة بسبب المفاجأة
HP:0020215	Thinking-induced seizure	نوبة بسبب التفكير
HP:0020216	Visually-induced seizure	نوبة بسبب الضوء
HP:0025671	Fetal pericardial effusion	تجمع السوائل حول قلب الجنين
HP:0025672	Fetal skin edema	انتفاخ جلد الجنين
HP:0025673	Loculated ascites	تجمع سوائل مقسم في البطن
HP:0025674	Meconium pseudocyst	كيس يحتوي على مخلفات الجنين
HP:0025675	Premature closure of the ductus arteriosus	انغلاق القناة القلبية في الجنين قبل الأوان
HP:0025676	Fetal pleural effusion	تجمع سوائل حول رئة الجنين
HP:0025677	Fetal chylothorax	وجود سوائل غنية بالدهون حول رئة الجنين
HP:0025678	Fetal hydrothorax	تجمع سوائل ليمفاوية حول رئة الجنين
HP:0025679	Diskitis	التهاب قرص العمود الفقري
HP:0025680	Compound muscle action potential amplitude facilitation	زيادة في الاستجابة العضلية
HP:6000272	Elevated circulating octanoylcarnitine concentration	ارتفاع مادة في الدم تسمى أوكتانويلكارنيتين
HP:6000273	Elevated circulating decanoylcarnitine concentration	ارتفاع مادة في الدم تسمى ديكانويلكارنيتين
HP:6000274	2--hydroxyphenylacetic aciduria	زيادة حمض معين في البول
HP:6000275	4-hydroxyphenyllactic aciduria	زيادة حمض معين في البول
HP:6000277	Elevated CSF beta-alanine concentration	ارتفاع بيتا-ألانين في السائل الدماغي الشوكي
HP:6000278	Elevated circulating 2-aminoadipic acid concentration	ارتفاع حمض معين في الدم
HP:6000279	Elevated urinary N-carbamoyl-beta-alanine level	زيادة مادة معينة في البول
HP:6000280	Elevated CSF cystathionine concentration	ارتفاع سيستاثيونين في السائل الدماغي الشوكي
HP:6000281	Elevated urinary gamma-glutamylphenylalanine level	زيادة مادة معينة في البول
HP:6000282	Elevated circulating aspartylglucosamine concentration	ارتفاع مادة معينة في الدم
HP:0020217	Focal aware motor seizure	تشنج حركي بؤري مع الوعي
HP:0020218	Focal aware atonic seizure	تشنج بؤري مع ضعف التوتر مع الوعي
HP:0020219	Motor seizure	تشنج حركي
HP:0020220	Focal atonic seizure	تشنج بؤري مع ضعف التوتر
HP:0020221	Clonic seizure	تشنج رمعي
HP:0020222	Hypohomocysteinemia	انخفاض مستوى الهوموسيستين في الدم
HP:0020223	Dermal sinus tract	ممر جلدي غير طبيعي
HP:0020224	Mammary duct ectasia	اتساع قناة الحليب في الثدي
HP:0020225	Breast abscess	مجموعة صديد في الثدي
HP:0020226	Nipple tenderness	ألم في الحلمة
HP:6000283	Elevated urinary saccharopine level	زيادة الساكاروبين في البول
HP:6000284	Tectal plate enlargement	تضخم في قاعدة الدماغ
HP:6000285	Retroperitoneal mass	ورم خلف الصفاق
HP:6000286	Focal T1 hyperintense brainstem lesion	بقعة فاتحة في تصوير الدماغ
HP:6000287	Subchondral fracture	كسر قريب من سطح المفصل
HP:6000288	Deep neck abscess	تجمع الصديد في العنق
HP:6000289	Epiglottic enlargement	تورم في لسان المزمار
HP:6000290	Prevertebral space enlargement	توسّع المساحة بأمام العمود الفقري
HP:6000291	Third cranial nerve thickening	ثخانة في العصب المحرك للعين
HP:6000292	Elevated tissue sphingomyelin concentration	زيادة سفينجوميلين في الأنسجة
HP:0020227	Floating gallbladder	المرارة غير المثبتة
HP:0020228	Biospecimen phenotypic feature	خاصية غير طبيعية في العينة
HP:0020229	Abnormal lymph-node biospecimen	خزعة غير طبيعية من العقدة اللمفاوية
HP:0020230	Abnormal lymph-node tissue architecture	خلل في بناء العقدة اللمفاوية
HP:0020231	Abnormal lymph-node cellular finding	خلل في خلايا العقدة اللمفاوية
HP:0020232	Abnormal Q wave	موجة Q مشوهة
HP:0020233	Abnormal lymph-node cellular antigen expression	تغير في مستضد خلايا العقدة اللمفاوية
HP:0020234	Altered lymph-node tissue architecture	تغير في بناء العقدة اللمفاوية
HP:0020235	Effaced lymph-node architecture	تلف في بناء العقدة اللمفاوية
HP:0020236	Vaguely nodular lymph-node architecture	كتل غير واضحة في العقدة اللمفاوية
HP:6000293	History of recent iodated contrast medium administration	استخدام وسيط تباين مؤخراً
HP:6000294	Difficulty passing nasogastric tube	صعوبة تمرير الأنبوب إلى المعدة
HP:6000295	Persistent falcine venous sinus	الجيب الوريدي المستمر
HP:6000296	Penis uncircumcised	القضيب مع وجود القلفة
HP:6000297	History of facial cosmetic use	استخدام المكياج على الوجه
HP:6000298	Snapping sensation at metacarpophalangeal joint	فرقعة في مفصل الأصبع
HP:6000299	Forearm pain	ألم في الساعد
HP:6000300	Rotational fracture	كسر مع تدوير
HP:6000301	Localized over bony prominences	مكان فوق العظام البارزة
HP:6000302	History of compressive footwear	ارتداء الأحذية الضيقة
HP:0020237	Lymph-node capsular invasion by lymphocytes	اختراق العقدة الليمفاوية بالخلايا
HP:0020238	Lymph-node extracapsular extension by lymph-node lymphocytes	انتشار الخلايا الليمفاوية خارج العقدة
HP:0020239	Increased lymph-node epithelioid histiocyte count	زيادة في خلايا الأنسجة في العقدة
HP:0020240	Scattered lymph node individual epithelioid histiocytes	خلايا البلاعم الفردية المتفرقة
HP:0020241	Clustered lymph node epithelioid histiocytes	تجمع خلايا البلاعم
HP:0020242	Abnormal lymph-node follicle architecture	تغير شكل الجريبات بالعقدة
HP:0020243	Floral-pattern lymph node follicles	شكل زهري لجريبات العقد
HP:0020244	Colonization of follicles by lymphoma cells	دخول خلايا الورم إلى الجريبات
HP:0020245	Crowded lymph-node follicles	ازدحام الجريبات
HP:0020246	Lymph-node follicular lysis	تحلل الجريبات
HP:6000303	Decreased skin turgor	جلد مترهل
HP:6000304	Recent foraged mushroom consumption	أكل الفطر البري مؤخراً
HP:6000305	Proximal to distal progression	أعراض تبدأ من الأعلى للأسفل
HP:6000306	Autonomic-voluntary dissociation of facial movements	اختلاف حركات الوجه الإرادية واللا إرادية
HP:6000307	Jaw mass	تورم في الفك
HP:6000308	Excessive nocturnal light exposure	زيادة التعرض للضوء في الليل
HP:6000309	Menstruating female between menarche and menopause	امرأة بين فترة الحيض وانقطاع الطمث
HP:6000310	Preterm premature rupture of membranes	تمزق الأغشية قبل الموعد
HP:6000311	History of abdominal surgery	سبق له جراحة في البطن
HP:6000312	Thickened Descemet membrane	زيادة سماكة غشاء ديسيميت
HP:0020247	Non-polarized lymph node germinal centers	مراكز العقد اللمفاوية غير الطبيعية
HP:0020248	Irregularly shaped lymph node germinal centers	مراكز العقد اللمفاوية غير منتظمة الشكل
HP:0020249	Abnormal lymph-node marginal or mantle zone morphology	تشوه في هيكل العقدة اللمفاوية
HP:0020250	Abnormal lymph node marginal zone morphology	تشوه في الحافة العقدية
HP:0020251	Abnormal lymph node mantle zone morphology	تشوه في الرداء العقدي
HP:0020252	Abnormal bursal fluid morphology	خلل في سائل الجراب
HP:0020253	Lymph node with expanded mantle zones	عقدة ليمفاوية كبيرة الحجم
HP:0020254	Lymph node with poorly defined germinal center borders	حدود غير واضحة في العقدة اللمفاوية
HP:0020255	Abnormal lymph-node germinal center morphology	مركز جرثومي غير طبيعي في العقدة اللمفاوية
HP:0020256	Elevated bursal fluid leukocyte count	كثرة خلايا الدم البيضاء في الجراب
HP:0020257	Mantle zone pattern	شكل غير طبيعي في العقد اللمفاوية
HP:0020258	Germinal centers with absent marginal zones	غياب المناطق الهامشية في العقد اللمفاوية
HP:0020259	Decreased biparietal diameter	عرض الرأس الجنيني أقل من الطبيعي
HP:0020260	Increased biparietal diameter	عرض الرأس الجنيني أعلى من الطبيعي
HP:0020261	Poorly defined primary lymph-node follicles	ضعف تحديد الجريبات في العقد اللمفاوية
HP:0020262	Progressive transformation of germinal centers	تحولات في مراكز العقد اللمفاوية
HP:0020263	Absent germinal center tingible body macrophages	عدم وجود خلايا بلاعم في العقد اللمفاوية
HP:0020264	Lack of germinal center mitotic figures	انخفاض انقسام الخلايا في العقد اللمفاوية
HP:0020265	Non-polarized mantle zones	فقدان الاستقطاب في العقد اللمفاوية
HP:0020266	Hyalinized lymph-node vessels	زيادة سماكة في الأوعية الدموية للعقد اللمفاوية
HP:6000313	Incomplete right bundle branch block	خلل في توصيل القلب
HP:6000314	Perimenopausal onset	علامات قبل انقطاع الطمث
HP:6000315	Postmenopausal onset	علامات بعد انقطاع الطمث
HP:6000316	Spastic monoplegia	شلل في طرف واحد
HP:6000317	Mosaic attenuation pattern in lung	اختلاف كثافة الرئة في الصور
HP:6000318	Elevated aldosterone:renin ratio	ارتفاع غير طبيعي في نسبة الألدوستيرون والرينين
HP:6000319	Meteorism	انتفاخ البطن بسبب الغاز
HP:6000320	Failure to elevate ammonia on ischemic exercise	عدم زيادة الأمونيا بعد التمرين
HP:6000321	Labile Hypertension	تقلبات في ضغط الدم
HP:6000322	Absent axon flare response after intradermal histamine injection	عدم رد فعل جلدي للهستامين
HP:6000323	Reduced sympathoneural responses to the cold pressor test	استجابة ضعيفة للاختبار بالماء البارد
HP:6000324	Positive stool Giardia antigen test	اختبار الجيارديا في البراز إيجابي
HP:6000325	Excessive blood loss during delivery	نزيف شديد أثناء الولادة
HP:6000990	Fetal methamphetamine exposure	تعرض الجنين للمخدرات أثناء الحمل
HP:6000991	Elevated circulating 4-hydroxybutyric acid concentration	ارتفاع مستوى 4-هيدروكسيبوتيريك أسيد في الدم
HP:6000992	Elevated urinary 2,4-dihydroxybutyric acid level	ارتفاع مستوى 2،4-ديهيدروكسيبوتيريك أسيد في البول
HP:6000993	Pupillary hypersensitivity to parasympathomimetic agents	تحسس عيني للعلاجات الودية
HP:6000994	Lack of pupillary response to hydroxyamphetamine	عدم استجابة العين للأمفيتامين
HP:6000995	Subcortical U fiber lesion	خلل في ألياف U الدماغية
HP:6000996	Intraspinal extradural lipoma	ورم دهني في الحبل الشوكي
HP:6000997	Intranasal mass	ورم في الأنف
HP:6000998	Liver rupture	تمزق الكبد
HP:6000999	Elevated urinary mandelic acid	حمض المندليك مرتفع في البول
HP:6001000	Elevated urine malic acid level	حمض الماليك مرتفع في البول
HP:6001001	Elevated urine 3-hydroxysebacic acid level	حمض 3-هيدروكسي سيباسيك مرتفع في البول
HP:6001002	Elevated urinary vanillactic acid level	حمض الفانيللاكتيك مرتفع في البول
HP:6001003	Elevated urine 4,5-dihydroxyhexanoic acid level	حمض 4,5-ديهيدروكسي هكسانويك مرتفع في البول
HP:6001004	Elevated urine hydroxyphenyllactic acid level	حمض الهيدروكسي فينيل لاكتيك مرتفع في البول
HP:6001005	Positive gastric CMV intranuclear inclusions	وجود فيروس CMV في المعدة
HP:6001006	Elevated urine dihydroxycholestanoic acid level	حمض الدايهيدروكسي كولستانويك مرتفع في البول
HP:0020267	Lymph-node follicular sclerosis	تصلب داخل العقد الليمفاوية
HP:0020268	Compressed lymph-node sinuses	تضيق الجيوب داخل العقد الليمفاوية
HP:0020269	Lymph-node proliferation centers	مراكز تكاثر داخل العقد الليمفاوية
HP:0020270	Cytologic atypia in mantle cells	تغيرات غير طبيعية في خلايا الوشاح
HP:0020271	Increased lymph-node eosinophils	زيادة نوع معين من خلايا الدم البيضاء في العقد الليمفاوية
HP:0020272	Increased lymph-node plasma cells	زيادة نوع من خلايا الدم البيضاء في العقد الليمفاوية
HP:0020273	High lymph node non-germinal center mitotic activity	زيادة النشاط الانقسامي في العقد الليمفاوية
HP:0020274	Lymph-node lymphocyte monocytoid morphology	خلايا في العقد الليمفاوية تشبه كريات الدم البيضاء
HP:0020275	Reduced lymph node lymphocyte morphological variability	قلة تنوع أشكال الخلايا في العقد الليمفاوية
HP:0020276	Increased large lymphocytes in lymph node	زيادة خلايا الدم البيضاء الكبيرة في العقد الليمفاوية
HP:0020287	Abnormal level of lymph-node cellular CD19 expression	مستوى غير طبيعي لـ CD19 في العقدة الليمفاوية
HP:0020288	Abnormal lymph-node cellular B-cell marker expression	تعبير غير طبيعي عن واصف الخلية البائية في العقدة الليمفاوية
HP:0020289	Abnormal level of lymph-node cellular CD20 expression	مستوى غير طبيعي لـ CD20 في العقدة الليمفاوية
HP:0020290	CD79a expression	تعبير CD79a في الخلايا
HP:0020291	Increased lymph-node cellular CD20 expression	زيادة CD20 في العقدة الليمفاوية
HP:0020292	Decreased lymph-node cellular CD20 expression	انخفاض CD20 في العقدة الليمفاوية
HP:0020293	Decreased lymph-node cellular CD19 expression	انخفاض CD19 في العقدة الليمفاوية
HP:0020294	Increased lymph-node cellular CD19 expression	زيادة CD19 في العقدة الليمفاوية
HP:0020295	PAX5 expression	تعبير PAX5 في الخلايا
HP:0020296	Germinal center B-lymphocyte BCL2 expression	تعبير BCL2 في العقدة الليمفاوية
HP:0020277	Hodgkin morphology cells	خلايا السرطان في اللمف
HP:0020278	Abnormal lymph-node lymphoctye nuclear morphology	شكل غير طبيعي لنواة الخلايا اللمفاوية
HP:0020279	Irregular lymph-node lymphocyte nuclei	نوى الخلايا اللمفاوية غير منتظمة
HP:0020280	Lymph-node Dutcher bodies	ترسبات بروتينية في خلايا العقدة اللمفاوية
HP:0020281	Finely dispersed lymph node lymphocyte chromatin	كروماتين غير كثيف في الخلايا اللمفاوية
HP:0020282	Abnormal lymph-node lymphocyte chromatin	كروماتين غير طبيعي في خلايا العقدة اللمفاوية
HP:0020283	Clumping of lymph node lymphocyte chromatin	كروماتين متكتل في الخلايا اللمفاوية
HP:0020284	Abnormal lymph-node lymphocyte cytoplasm morphology	شكل غير طبيعي للسيتوبلازم
HP:0020285	Decreased lymph node lymphocyte cytoplasm	سيتوبلازم قليل في الخلايا اللمفاوية
HP:0020286	Increased lymph node lymphocyte cytoplasm	سيتوبلازم زائد في الخلايا اللمفاوية
HP:6001017	Rapid gastric emptying	حالة خروج الطعام سريعاً من المعدة
HP:6001018	Mediastinal lymph node calcification	ترسب الكالسيوم في العقد الليمفاوية القريبة من القلب
HP:6001019	Eggshell calcification of lymph nodes	تكلس في حواف العقد الليمفاوية
HP:6001020	Knee joint effusion	زيادة السوائل في مفصل الركبة
HP:6001021	Subcutaneous emphysema	وجود هواء تحت الجلد
HP:6001022	Elevated bone scintigraphy uptake	زيادة في نشاط فحص العظام
HP:6001023	Diminished long-chain-enoyl-CoA hydratase activity in cultured fibroblasts	نقص نشاط إنزيم في الخلايا الليفية
HP:6001024	Diminished acetyl-CoA C-acyltransferase activity in cultured fibroblasts	نقص نشاط إنزيم في الخلايا الليفية
HP:6001025	Pathological inclusion body	تراكمات غير طبيعية داخل الخلية
HP:6001026	Reduced epidermal collagen IV alpha 5 chain staining	ضعف صبغ الكولاجين في الجلد
HP:6001007	Elevated urinary bile alcohol level	زيادة الكحول الصفراوي في البول
HP:6001008	Elevated urine glucose tetrasaccharide level	زيادة جلوكوز التتراسكلارايد في البول
HP:6001009	Increased urine 4-hydroxy-2-oxoglutarate level	زيادة 4-هيدروكسي-2-أوكسوجلوتارات في البول
HP:6001010	Inability to protrude lips	عدم القدرة على تحريك الشفاه للأمام
HP:6001011	Wet voice	صوت غَرْغَرَيّ أو مبلل
HP:6001012	Erythema marginatum	طفح جلدي دائري
HP:6001013	Mechanic's hands	أيدي مشققة وجافة
HP:6001014	Hiker's feet	تشقق في الجلد وطبقات جافة على القدمين
HP:6001015	Anti-HLA-DQ antibody positivity	وجود أجسام مضادة معينة في الدم
HP:6001016	Inappropriate normal or low erythropoietin	نقص في هرمون تكوين الكريات الحمر
HP:0020297	Abnormal occipitofrontal diameter	عرض رأس غير طبيعي
HP:0020298	Decreased occipitofrontal diameter	عرض رأس صغير
HP:0020299	Increased occipitofrontal diameter	عرض رأس كبير
HP:0010436	Aplasia of the proximal phalanx of the 2nd toe	غياب عظمة أصبع القدم الثاني
HP:0010437	Short proximal phalanx of the 2nd toe	قصر عظمة أصبع القدم الثاني
HP:0010438	Abnormal ventricular septum morphology	تشوه في الجدار الفاصل بين البطينين
HP:0010440	Ectopic accessory toe-like appendage	إصبع زائد بمكان غير متوقع
HP:0010441	Ectopic accessory finger-like appendage	إصبع زائد بمكان غير متوقع
HP:0010442	Polydactyly	وجود أكثر من خمسة أصابع في الأيدي أو الأقدام
HP:0010443	Bifid femur	تشقق عظم الفخذ
HP:6001027	Diminished glomerular basement membrane collagen IV alpha 3 chain staining	انخفاض تصبغ الكولاجين في الكلى
HP:6001028	Diminished glomerular basement membrane collagen IV alpha 4 chain staining	انخفاض تصبغ الكولاجين في الكلى
HP:6001029	Diminished glomerular basement membrane collagen IV alpha 5 chain staining	انخفاض تصبغ الكولاجين في الكلى
HP:6001031	Cystine nephrolithiasis	تراكم بلورات السيستين في الكلى
HP:6001032	Hepatic cystine accumulation	تراكم السيستين في الكبد
HP:6001033	Bone marrow cystine accumulation	تراكم السيستين في نخاع العظم
HP:6001034	Desmoid tumor	ورم ليفي عدواني
HP:6001035	Tubular jejunal duplication	ازدواجية الأمعاء
HP:6001036	Left ventricular rupture	تمزق في القلب
HP:6001037	Punctate pontine perivascular enhancement	بقع مشعة حول الأوعية الدموية في الدماغ
HP:0010444	Pulmonic regurgitation	رجوع الدم في صمام الرئة
HP:0010445	Primum atrial septal defect	ثقب في الحاجز الأذيني
HP:0010446	Tricuspid stenosis	ضيق في صمام القلب الثلاثي
HP:0010447	Anal fistula	اتصال غير طبيعي في الشرج
HP:0010448	Colonic atresia	انسداد في القولون
HP:0010450	Esophageal stenosis	ضيق في المريء
HP:0010451	Aplasia/Hypoplasia of the spleen	طحال غير موجود أو صغير
HP:0010452	Ectopia of the spleen	موضع غير طبيعي للطحال
HP:0010453	Pelvic bone asymmetry	عدم تساوي جانبي الحوض
HP:0010454	Acetabular spurs	بروزات عظمية في الحق
HP:0010455	Steep acetabular roof	سقف الجوف الحقي الحاد
HP:0010456	Abnormal greater sciatic notch morphology	تشوه في الثلمة الوركية
HP:0010458	Female pseudohermaphroditism	خنوثة كاذبة أنثوية
HP:0010459	True hermaphroditism	خنوثة حقيقية
HP:0010460	Abnormality of the female genitalia	تشوه في الجهاز التناسلي الأنثوي
HP:0010461	Abnormality of the male genitalia	تشوه في الجهاز التناسلي الذكري
HP:0010462	Aplasia/Hypoplasia of the ovary	انعدام أو نقص نمو المبيض
HP:0010463	Aplasia of the ovary	عدم وجود المبيض
HP:0010464	Streak ovary	مبيض خيطي
HP:0010465	Precocious puberty in females	بلوغ مبكر عند البنات
HP:6001038	Intestinal worm	دودة في الأمعاء
HP:6001039	Scrotal worm	دودة في الصفن
HP:6001040	Small intestinal adenoma	ورم صغير في الأمعاء الدقيقة
HP:6001041	Maternal retinal mottling	بقع في شبكية الأم
HP:6001042	Twisted gallbladder pedicle	التواء في قاعدة المرارة
HP:6001043	Cholecyst-enteric fistula	اتصال غير طبيعي بين المرارة والأمعاء
HP:6001044	Dyschronometria	صعوبة قياس الوقت
HP:6001045	History of recent intermittent breastfeeding	الإرضاع غير المنتظم مؤخراً
HP:6001046	Breast cyst	كيسة في الثدي
HP:6000326	Cardiac valve vegetations	التهابات على صمامات القلب
HP:0010468	Aplasia/Hypoplasia of the testes	عدم وجود أو صغر الخصيتين
HP:0010469	Absent testis	عدم وجود الخصية
HP:0010470	Supernumerary testes	خصيات إضافية
HP:0010471	Oligosacchariduria	زيادة سكاكر في البول
HP:0010472	Abnormal circulating porphyrin concentration	خلل في بروفرينات الدم
HP:0010473	Porphyrinuria	زيادة بروفرين في البول
HP:0010474	Bladder stones	حصوات في المثانة
HP:0010475	Cloacal exstrophy	خلل في بجدار البطن الأمامي
HP:0010476	Aplasia/Hypoplasia of the bladder	عدم وجود أو صغر المثانة
HP:0010477	Aplasia of the bladder	عدم وجود المثانة
HP:6000327	Thoracic cage flatness	صدر مسطح
HP:6000328	Absent zona pellucida	عدم وجود المنطقة الشفافة
HP:6000329	Umbilical cord prolapse	سقوط الحبل السري
HP:6000330	Increased ratio of deoxypyridinoline to pyridinoline cross-links in urine	زيادة نسبة مواد معينة في البول
HP:6000331	Elevated urinary thymine level	وجود ثايمين زائد في البول
HP:6000332	Elevated urinary indoleacetic acid level	وجود حمض زائد في البول
HP:6000333	Reduced hepatic phosphorylase kinase activity	انخفاض نشاط إنزيم معين في الكبد
HP:6000334	Reduced hepatic ornithine transcarbamylase activity	انخفاض نشاط إنزيم معين في الكبد
HP:6000335	Elevated urinary quinolinic acid level	وجود حمض الكينولينيك زائد في البول
HP:6000336	Rectal duplication	وجود مستقيم إضافي
HP:0010478	Abnormality of the urachus	تشوه المسالك البولية
HP:0010479	Patent urachus	السرة غير المنغلقة
HP:0010480	Urethral fistula	فتحة غير طبيعية من الإحليل
HP:0010481	Urethral valve	غشاء في الإحليل
HP:0010482	Acromelia of the upper limbs	قصر اليدين
HP:0010483	Amniotic constriction rings of arms	حلقات تضييق على الذراعين
HP:0010484	Hypertrophy of the upper limb	زياده حجم اليدين
HP:0010485	Hyperextensibility at elbow	حركة مفرطة للكوع
HP:0010486	Abnormality of the hypothenar eminence	تشوه في اليد
HP:0010487	Small hypothenar eminence	نقص بروزة راحة اليد
HP:6000337	Thinned small intestinal mucosa	ترقق بطانة الأمعاء الدقيقة
HP:6000338	Seminal vesicle hypoplasia	تطور ناقص للحويصلة المنوية
HP:6000339	Decreased fetal abdominal circumference	صغر بطن الجنين
HP:6000340	Prenatal flattened diaphragm	الحجاب الحاجز المسطح للجنين
HP:6000341	Snowflake effect in amniotic cavity	جسيمات الثلج في السائل الأمنيوسي
HP:6000342	Thickened mitral valve cusp	سمك شرفة قلب السطح التاجي
HP:6000343	Antiparietal cell antibody positivity	وجود أجسام مضادة ضد الخلايا الجدارية
HP:6000344	Anti-intrinsic factor antibody positivity	وجود أجسام مضادة ضد العامل الداخلي
HP:6000345	Anti-human immunodeficiency virus antibody positivity	وجود أجسام مضادة لفيروس نقص المناعة البشرية
HP:6000346	Anti-polio virus antibody positivity	وجود أجسام مضادة ضد فيروس شلل الأطفال
HP:6000347	Anti-NR2A antibody positivity	وجود أجسام مضادة ضد NR2A
HP:6000348	Antistreptolysin O antibody positivity	وجود أجسام مضادة للستربتوليسين O
HP:6000349	Reduced tissue tissue AICAR transformylase activity	انخفاض نشاط إنزيم AICAR في الأنسجة
HP:6000350	Ameliorated by gastric acid-reducing therapy	تحسن بعلاج تقليل حموضة المعدة
HP:6000351	Anti-coagulation factor antibody positivity	وجود أجسام مضادة لعامل التخثر
HP:6000352	Tachyphagia	الأكل بسرعة
HP:6000353	Reduced tissue argininosuccinate synthetase activity	انخفاض نشاط إنزيم أرجينينوسكسينات في الأنسجة
HP:6000354	Reduced aspartoacylase activity in cultured fibroblasts	انخفاض نشاط الأسبارتوأسيلاز
HP:6000355	Reduced malonyl-CoA decarboxylase activity in cultured fibroblasts	انخفاض نشاط ميسونييل-كو إنزع
HP:6000356	Reduced tissue medium-chain acyl-CoA dehydrogenase activity	انخفاض نشاط إنزيم MCAD في الأنسجة
HP:0010488	Aplasia/Hypoplasia of the palmar creases	غياب أو نقص تطور خطوط راحة اليد
HP:0010489	Absent palmar crease	غياب خطوط راحة اليد
HP:0010490	Abnormality of the palmar creases	خلل في خطوط راحة اليد
HP:0010491	Digital constriction ring	حلقة ضيقة على الأصابع
HP:0010492	Osseous finger syndactyly	التصاق أصابع
HP:0010493	Long metacarpals	العظام الطويلة للسلاميات طويلة
HP:0010494	Acromelia of the lower limbs	قصر في أرجل الأطراف السفلى
HP:0007045	Midline brain calcifications	تكلسات في منتصف الدماغ
HP:0007047	Atrophy of the dentate nucleus	ضمور النواة المسنّنة
HP:0007048	Large basal ganglia	أجزاء كبيرة من الدماغ
HP:0007052	Multifocal cerebral white matter abnormalities	مشاكل في المادة البيضاء في الدماغ
HP:0007054	Proximal hyperreflexia	ردود فعل قوية في المفاصل القريبة
HP:0007057	Poor hand-eye coordination	صعوبة في تنسيق حركة اليد مع العين
HP:0007058	Generalized cerebral atrophy/hypoplasia	تدهور أو عدم نمو كامل للدماغ
HP:0007063	Aplasia of the inferior half of the cerebellar vermis	غياب الجزء السفلي من دودة المخيخ
HP:0007064	Progressive language deterioration	فقدان تدريجي لقدرات اللغة
HP:0007065	Disorganization of the anterior cerebellar vermis	خلل في تنظيم الجزء الأمامي من دودة المخيخ
HP:0007066	Proximal limb muscle stiffness	تيبس في عضلات الأطراف القريبة
HP:0007067	Distal peripheral sensory neuropathy	فقدان الإحساس في الأطراف
HP:0007068	Inferior cerebellar vermis hypoplasia	نقص نمو في الجزء السفلي من دودة المخيخ
HP:0040203	Abnormal CSF neopterin concentration	مستوى غير طبيعي من النيوبيترين في السائل النخاعي
HP:0040204	Elevated CSF neopterin level	مستوى عالي من النيوبيترين في السائل النخاعي
HP:0040205	Decreased CSF neopterin level	مستوى منخفض من النيوبيترين في السائل النخاعي
HP:0040206	Abnormal circulating neopterin concentration	مستوى غير طبيعي من النيوبيترين في الدم
HP:0040207	Abnormal CSF pterin concentration	مستوى غير طبيعي للبيترين في السائل النخاعي
HP:0040208	Elevated CSF biopterin level	مستوى عالي للبيترين في السائل النخاعي
HP:0040209	Decreased CSF biopterin level	مستوى منخفض للبيترين في السائل النخاعي
HP:0040210	Abnormal circulating biopterin concentration	مستوى غير طبيعي للبيترين في الدم
HP:0040211	Abnormal skin morphology of the palm	تغير في جلد راحة اليد
HP:0040212	Risus sardonicus	ابتسامة عضلية ثابته
HP:0007069	Profound static encephalopathy	دماغ لا يتغير
HP:0007074	Thick corpus callosum	زيادة في سماكة الجسم الثفني
HP:0007076	Extrapyramidal muscular rigidity	تصلب عضلات
HP:0007078	Decreased amplitude of sensory action potentials	انخفاض استجابة الأعصاب الحسية
HP:0007082	Dilated third ventricle	زيادة حجم البطين الثالث
HP:0007083	Hyperactive patellar reflex	منعكس ركبة نشط جداً
HP:0007086	Social and occupational deterioration	تدهور في أداء العمل والحياة الاجتماعية
HP:0007089	Facial-lingual fasciculations	حركة لا إرادية في عضلات الوجه واللسان
HP:0007096	Hypoplasia of the optic tract	نقص نمو المسار البصري
HP:0007097	Cranial nerve motor loss	ضعف في حركة الأعصاب القحفية
HP:6000357	Reduced cystathionine beta-synthase activity in cultured fibroblasts	انخفاض نشاط إنزيم في الخلايا الليفية
HP:6000358	Reduced muscle glycogen phosphorylase activity	انخفاض نشاط إنزيم في العضلات
HP:6000359	Reduced muscle 6-phosphofructokinase activity	انخفاض نشاط إنزيم في العضلات
HP:6000360	Reduced tissue alpha-N-acetylglucosaminidase activity	انخفاض نشاط إنزيم في الأنسجة
HP:6000361	Reduced succinyl-CoA:3-oxoacid-CoA transferase activity in cultured fibroblasts	انخفاض نشاط إنزيم في الخلايا الليفية
HP:6000362	Blunted aldosterone response to aldosterone suppression test	استجابة ضعيفة لهرمون الألدوستيرون
HP:6000363	Flank mass	ورم أو كتلة في الخاصرة
HP:6000364	Synovial cyst	كيس مملوء بالسائل في المفصل
HP:6000365	Brown pigmentation of the conjunctiva	لون بني في العين
HP:0040202	Abnormal consumption behavior	سلوك أكل غير طبيعي
HP:0040213	Hypopnea	تنفس سطحي
HP:0040214	Abnormal circulating insulin concentration	مستوى الأنسولين غير الطبيعي
HP:0040216	Hypoinsulinemia	نقص الأنسولين
HP:0040217	Elevated hemoglobin A1c	ارتفاع السكر المتراكم
HP:0040218	Reduced total natural killer cell count	العدد القليل للخلايا القاتلة الطبيعية
HP:0040219	Absent natural killer cells	عدم وجود الخلايا القاتلة الطبيعية
HP:0040220	Abnormal size of the dental root	شكل غير طبيعي لجذر السن
HP:0040221	Hypoplasia of the dental root	نقص نمو جذر السن
HP:0040222	Maternal thrombophilia	ميل للتجلط عند الأم
HP:0040223	Pulmonary hemorrhage	نزيف في الرئة
HP:0040224	Abnormality of fibrinolysis	مشاكل في تكسير الجلطات
HP:0040225	Decrease in high molecular weight von Willebrand factor Multimers	انخفاض عوامل فون ويلبراند الكبيرة
HP:0040226	Decreased level of heparin co-factor II	نقص معامل مساعد الهيبارين
HP:0040227	Decreased level of histidine-rich glycoprotein	نقص الجليكوبروتين
HP:0040228	Decreased level of plasminogen	نقص البلازمينوجين
HP:0040229	Decreased level of thrombomodulin	نقص الثرومبومودولين
HP:0040230	Decreased level of tissue plasminogen activator	نقص منشط البلازمينوجين
HP:0040231	Abnormal onset of bleeding	بداية غير عادية للنزيف
HP:0040232	Delayed onset bleeding	تأخر في نزيف
HP:0040233	Factor XIII subunit A deficiency	نقص في عامل التخثر 13
HP:0040234	Factor XIII subunit B deficiency	نقص عامل التخثر الثالث عشر
HP:0040235	Leukocyte inclusion bodies	تراكمات داخل الكريات البيضاء
HP:0040236	Hyperfibrinolysis	تحلل متزايد للفبرين
HP:0040237	Impaired binding of factor VIII to VWF	ضعف ارتباط العامل الثامن
HP:0040238	Impaired neutrophil chemotaxis	قصور في حركة الكريات البيضاء المتعادلة
HP:0040239	Increased plasma vitamin K epoxide after vitamin K supplementation	زيادة إبوكسيد فيتامين ك بعد المكملات
HP:0040240	Increased ratio of VWF propeptide to VWF antigen	زيادة نسبة البروبيبتيد إلى المستضد لـVWF
HP:0040241	Increased RIPA	زيادة تراكم الصفائح الدموية
HP:0040242	Muscle hemorrhage	نزيف في العضلات
HP:0040243	Prolonged euglobulin clot lysis time	زمن طويل لانحلال الجلطة
HP:0007111	Chronic hepatic encephalopathy	تلف الدماغ بسبب الكبد المزمن
HP:0007112	Temporal cortical atrophy	تقلص في الجزء الصدغي من الدماغ
HP:0007115	Naso-orbital encephalocele	انفتاق دماغي في منطقة الأنف والعين
HP:0007117	Corticospinal tract atrophy	ضعف في الأعصاب الحركية الرئيسية
HP:0007123	Subcortical dementia	ضعف عقلي تدريجي
HP:0007126	Proximal amyotrophy	ضعف أو هزال في العضلات القريبة من الجسم
HP:0007129	Cerebellar medulloblastoma	ورم في الدماغ لدى الأطفال
HP:0007131	Acute demyelinating polyneuropathy	تلف مفاجئ في الأعصاب
HP:0007132	Pallidal degeneration	تلف في جزء من الدماغ المسؤول عن الحركة
HP:0007133	Progressive peripheral neuropathy	تدهور تدريجي في الأعصاب الطرفية
HP:0007098	Paroxysmal choreoathetosis	حركات لا إرادية مؤقتة
HP:0007099	Chiari type I malformation	تشوه بسيط في المخيخ
HP:0007100	Progressive ventriculomegaly	تضخّم البطينات في الدماغ
HP:0007103	Hypointensity of cerebral white matter on MRI	لون غامق للمادة البيضاء في الرنين
HP:0007104	Prolonged somatosensory evoked potentials	إطالة استجابة الأعصاب الحسية
HP:0007105	Infantile encephalopathy	مشاكل الدماغ لدى الرضع
HP:0007107	Segmental peripheral demyelination	تآكل غلاف الأعصاب المحيطية
HP:0007108	Demyelinating peripheral neuropathy	مشاكل في توصيل الأعصاب المحيطية
HP:0007109	Periventricular cysts	أكياس حول البطينات في الدماغ
HP:0007110	Central hypoventilation	بطء التنفس المركزي
HP:0040244	Prolonged Russell's viper venom time	زمن تخثر طويل
HP:0040245	Reduced alpha-2-antiplasmin activity	انخفاض نشاط البروتين المانع للألياف
HP:0040246	Reduced antithrombin antigen	نقص مضاد الثرومبين
HP:0040247	Reduced euglobulin clot lysis time	زمن انحلال الجلطة القصير
HP:0040248	Reduced plasminogen activator inhibitor 1 activity	نشاط منخفض لمثبط إذابة الجلطة
HP:0040249	Reduced plasminogen activator inhibitor 1 antigen	نقص بروتين مثبط لعملية إذابة الجلطات
HP:0040250	Reduced prothrombin antigen	نقص البروثرومبين
HP:0040251	Hand dimple	دمل في اليد
HP:0040252	Abnormal size of the clitoris	حجم غير طبيعي للبظر
HP:0040253	Increased size of the clitoris	زيادة في حجم البظر
HP:0007141	Sensorimotor neuropathy	ضرر الأعصاب يسبب نقص الشعور والحركة
HP:0007146	Bilateral basal ganglia lesions	آفات في العقد القاعدية في كلا الجانبين
HP:0007149	Distal upper limb amyotrophy	ضمور العضلات في الأذرع البعيدة
HP:0025824	Decreased neutrophil phagocytosis	ضعف نشاط البلعمة للعدلات
HP:0025825	Decreased neutrophil adhesion	ضعف التصاق العدلات
HP:0025826	Severely decreased neutrophil count	عدد قليل جداً من العدلات
HP:0025827	Abnormal Th1 T cell proportion	اختلال نسبة خلايا Th1
HP:0025828	Increased Th1 T cell proportion	ارتفاع نسبة خلايا Th1
HP:0025829	Decreased Th1 T cell proportion	انخفاض نسبة خلايا Th1
HP:0025830	Abnormal Th17 T cell proportion	اختلال نسبة خلايا Th17
HP:0040254	Decreased size of the clitoris	حجم البظر صغير
HP:0040255	Aplasia/Hypoplasia of the clitoris	عدم تكون أو نقص تنسج البظر
HP:0040256	Aplastic/Hypoplastic nasopharyngeal adenoids	الزوائد الأنفية غير موجودة أو صغيرة
HP:0040257	Abnormal size of nasopharyngeal adenoids	حجم الزوائد الأنفية غير عادي
HP:0040258	Hypoplastic nasopharyngeal adenoids	الزوائد الأنفية البلعومية غير مكتملة النمو
HP:0040259	Aplastic nasopharyngeal adenoids	الزوائد الأنفية غير موجودة
HP:0040260	Decreased size of nasopharyngeal adenoids	حجم الزوائد الأنفية صغير
HP:0040261	Increased size of nasopharyngeal adenoids	الزوائد الأنفية كبيرة الحجم
HP:0040262	Glue ear	الأذن ممتلئة بسائل لزج
HP:0040264	Jaw pain	وجع الفك
HP:0040265	Upper limb muscle hypertrophy	زيادة حجم عضلات الذراع
HP:0040266	Proximal upper limb muscle hypertrophy	زيادة حجم العضلات القريبة في الذراع
HP:0040267	Distal upper limb muscle hypertrophy	زيادة حجم العضلات البعيدة في الذراع
HP:0040269	Blocked Eustachian tube	انسداد الأذن
HP:0040270	Impaired glucose tolerance	عدم انتظام نسبة السكر
HP:0040272	Hyperintensity of MRI T2 signal of the spinal cord	زيادة سطوع في صورة الرنين للحبل الشوكي
HP:0040273	Adenocarcinoma of the intestines	سرطان غددي في الأمعاء
HP:0040274	Adenocarcinoma of the small intestine	سرطان غددي في الأمعاء الدقيقة
HP:0040275	Adenocarcinoma of the large intestine	سرطان غددي في الأمعاء الغليظة
HP:0040276	Adenocarcinoma of the colon	سرطان غددي في القولون
HP:0025841	Decreased proportion of HLA DR+ CD4+ T cells	نسبة منخفضة من خلايا الدم المناعية CD4+
HP:0025842	Abnormal HLA DR+ CD8+ T cell proportion	نسبة غير طبيعية من خلايا الدم المناعية CD8+
HP:0025843	Increased HLA DR+ CD8+ T cell proportion	زيادة في نسبة خلايا الدم المناعية CD8+
HP:0025844	Decreased HLA DR+ CD8+ T cell proportion	انخفاض في نسبة خلايا الدم المناعية CD8+
HP:0025845	Abnormal TCR repertoire	توزيع غير طبيعي للمستقبلات المناعية
HP:0025846	Decreased natural killer cell perforin expression	انخفاض البروتين المثقِب في خلايا الدم القاتلة
HP:0025847	Fish allergy	حساسية من السمك
HP:0025848	Shellfish allergy	حساسية من المحار
HP:0025849	Localized along nerve distribution	متموضع على امتداد العصب
HP:0025850	Abnormal synovial cavity morphology	تشوه غير طبيعي لتجويف المفصل
HP:0030000	EMG: repetitive nerve stimulation abnormality	مشكلة في اختبار العضلات
HP:0030001	Lagophthalmos	عدم القدرة على غلق الجفون
HP:0030002	Nocturnal lagophthalmos	عدم القدرة على غلق الجفون أثناء النوم
HP:0030003	Paralytic lagophthalmos	المشكلة بسبب شلل الوجه
HP:0030004	Cicatricial lagophthalmos	مشكلة بسبب ندبات
HP:0030005	Capillary leak	تسرب السوائل من الأوعية
HP:0030006	Single fiber EMG abnormality	مشكلة في اختبار ليف عضلي فردي
HP:0030007	EMG: positive sharp waves	موجات غير طبيعية في اختبار العضلات
HP:0030008	Cervical agenesis	غياب عنق الرحم
HP:0030009	Cervical insufficiency	عنق الرحم الضعيف
HP:0040277	Neoplasm of the pituitary gland	ورم في الغدة النخامية
HP:0040279	Frequency	التكرار
HP:0040280	Obligate	مؤكد
HP:0040281	Very frequent	غالباً
HP:0040282	Frequent	شائع
HP:0040283	Occasional	متقطع
HP:0040284	Very rare	نادر
HP:0040285	Excluded	غير موجود
HP:0040286	Abnormal axial muscle morphology	شكل غير طبيعي لعضلات الجسم
HP:0040287	Axial muscle atrophy	ضمور في عضلات الجسم
HP:0025831	Increased Th17 T cell proportion	زيادة خلايا تي من النوع 17
HP:0025832	Decreased Th17 T cell proportion	نقص خلايا تي من النوع 17
HP:0025833	Decreased PMA/ionomycin-induced T-cell proliferation	نقص تكاثر خلايا تي بالمحفزات
HP:0025834	Decreased PHA-induced T-cell proliferation	نقص تكاثر خلايا تي بالفيتوهمجلوتينين
HP:0025835	Decreased CD8+ T cell degranulation	نقص نشاط خلايا تي CD8+
HP:0025836	Increased CD8+ T cell proportion	زيادة خلايا تي القاتلة CD8+
HP:0025837	Abnormal RTE CD4+ T cell proportion	خلل في خلايا تي جديدة CD4+
HP:0025838	Increased RTE CD4+ T cell proportion	زيادة خلايا تي جديدة CD4+
HP:0025839	Decreased RTE CD4+ T cell proportion	نقص خلايا تي جديدة CD4+
HP:0025840	Abnormal HLA DR+ CD4+ T cell proportion	خلل في خلايا تي المفعلة CD4+
HP:6000818	Transverse terminal limb defect	بتر خلقي بالطرف
HP:6000819	Elevated circulating beta-glucuronidase activity	ارتفاع نشاط إنزيم في الدم
HP:0040050	Sparse upper eyelashes	رموش العلوية خفيفة
HP:0040051	Abnormality of upper eyelashes	رموش العلوية غير طبيعية
HP:0040052	Abnormality of lower eyelashes	رموش السفلية غير طبيعية
HP:0040053	Long lower eyelashes	رموش السفلية طويلة
HP:0100338	Non-midline cleft palate	شق بالحنك
HP:0100339	Abnormality of the os naviculare pedis	خلل في عظم القدم
HP:0100340	Fibular deviation of the 4th toe	انحراف الإصبع الرابع
HP:0100341	Tibial deviation of the 4th toe	انحراف الإصبع الرابع
HP:0030022	Question mark ear	الأذن على شكل علامة استفهام
HP:0030023	Quelprud nodule	نودول خلف الأذن
HP:0030024	Pretragal ectopia	غضروف إضافي أمام الأذن
HP:0030025	Auricular pit	حفرة صغيرة في الأذن
HP:0030026	Squared superior portion of helix	الجزء العلوي المستوي من الأذن
HP:0030027	Abnormal nasal cartilage morphology	خلل في غضروف الأنف
HP:0030028	Absent nasal cartilage	غضروف الأنف مفقود
HP:0030029	Splayed fingers	انتشار الأصابع
HP:0030030	Absent ray	الأصبع مفقود
HP:0030031	Small toe	الأصبع قصير
HP:0030010	Hydrometrocolpos	تراكم سوائل في المهبل والرحم
HP:0030011	Imperforate hymen	غشاء البكارة المغلق كليًا
HP:0030012	Abnormal female reproductive system physiology	اختلال وظائف الجهاز التناسلي الأنثوي
HP:0030014	Female sexual dysfunction	مشاكل جنسية لدى النساء
HP:0030015	Female anorgasmia	صعوبة بلوغ النشوة لدى النساء
HP:0030016	Dyspareunia	ألم أثناء الجماع
HP:0030017	Vaginismus	تقلصات لا إرادية في المهبل
HP:0030018	Decreased female libido	قلة الرغبة الجنسية لدى النساء
HP:0030019	Increased female libido	ارتفاع الرغبة الجنسية لدى النساء
HP:0030021	Auricular tag	نتوء صغير على الأذن
HP:0040288	Nasogastric tube feeding	التغذية بالأنبوب من الأنف إلى المعدة
HP:0040289	Cyclically decreased total neutrophil count	انخفاض مؤقت في خلايا الدم البيضاء
HP:0040291	Skeletal muscle steatosis	تراكم الدهون في العضلات
HP:0040292	Left hemiplegia	شلل في الجانب الأيسر من الجسم
HP:6000812	Thickened cortex of the ulna	زيادة سمك قشرة عظم الساعد
HP:6000813	Elevated circulating aspartate aminotransferase to alanine aminotransferase ratio	اختلال نسب إنزيمات الكبد
HP:6000814	Temporomandibular joint dislocation	خلع الفك
HP:6000815	Amyloid goiter	تورم الغدة الدرقية بسبب النشوانية
HP:6000816	Prominent lesser trochanter	ظهور بارز للمُدَوَّر الصغير
HP:6000817	Melorheostosis	تشوه العظام الطويلة
HP:0030032	Partial absence of foot	قدم ناقصة
HP:0030033	Small finger	إصبع قصير وصغير
HP:0030034	Glomerular basement membrane lamellation	خلل في غشاء الكُلية
HP:0030035	Struvite nephrolithiasis	حُصى كلى الستروفيت
HP:0030036	Isothenuria	عدم توازن تركيز البول
HP:0030037	Bifid ureter	حالب مزدوج جزئياً
HP:0030038	Enchondroma	ورم غضروفي حميد
HP:0010087	Bullet-shaped proximal phalanx of the hallux	عظم الإصبع الكبير بشكل الرصاصة
HP:0010088	Curved proximal phalanx of the hallux	عظم الإصبع الكبير منحنٍ
HP:0010089	Osteolytic defects of the proximal phalanx of the hallux	فقدان العظم في إصبع القدم الكبير
HP:0100342	Fibular deviation of the 3rd toe	انحراف إصبع القدم الثالث نحو الخارج
HP:0100343	Tibial deviation of the 3rd toe	انحراف إصبع القدم الثالث نحو الداخل
HP:0100344	Fibular deviation of the 2nd toe	انحراف إصبع القدم الثاني نحو الخارج
HP:0100345	Tibial deviation of the 2nd toe	انحراف إصبع القدم الثاني نحو الداخل
HP:0100346	Fibular deviation of the 5th toe	انحراف إصبع القدم الخامس نحو الخارج
HP:0100347	Tibial deviation of the 5th toe	انحراف إصبع القدم الخامس نحو الداخل
HP:0100348	Contracture of the proximal interphalangeal joint of the 2nd toe	تقلص في مفصل إصبع القدم الثاني
HP:0100349	Contracture of the proximal interphalangeal joint of the 3rd toe	تقلص في مفصل إصبع القدم الثالث
HP:0100350	Contracture of the proximal interphalangeal joint of the 4th toe	تقلص في مفصل إصبع القدم الرابع
HP:0100351	Contractures of the proximal interphalangeal joint of the 5th toe	تقلص في مفصل إصبع القدم الخامس
HP:0100352	Contracture of the distal interphalangeal joint of the 2nd toe	تصلب مفصل الإصبع الثاني
HP:0100353	Contracture of the distal interphalangeal joint of the 3rd toe	تصلب مفصل الإصبع الثالث
HP:0100354	Contracture of the distal interphalangeal joint of the 4th toe	تصلب مفصل الإصبع الرابع
HP:0100355	Contractures of the distal interphalangeal joint of the 5th toe	تصلب مفصل الإصبع الخامس
HP:0100356	Contracture of the metatarsophalangeal joint of the 2nd toe	تصلب مفصل مشط الإصبع الثاني
HP:0100357	Contracture of the metatarsophalangeal joint of the 3rd toe	تصلب مفصل مشط الإصبع الثالث
HP:0100358	Contracture of the metatarsophalangeal joint of the 4th toe	تصلب مفصل مشط الإصبع الرابع
HP:0100359	Contracture of the metatarsophalangeal joint of the 5th toe	تصلب مفصل مشط الإصبع الخامس
HP:0100360	Upper-limb joint contracture	تصلب مفاصل الذراعين
HP:0100362	Aplasia of the phalanges of the 3rd toe	غياب عظم الإصبع الثالث
HP:0100363	Aplasia of the phalanges of the 4th toe	غياب عظام الإصبع الرابع
HP:0100364	Aplasia of the phalanges of the 5th toe	غياب عظام الإصبع الصغير
HP:0100366	Short phalanx of the 3rd toe	عظمة قصيرة في الإصبع الثالث
HP:0100367	Short phalanx of the 4th toe	عظمة قصيرة في الإصبع الرابع
HP:0100368	Short phalanx of the 5th toe	عظمة قصيرة في الإصبع الصغير
HP:0100369	Aplasia/Hypoplasia of the distal phalanx of the 3rd toe	غياب/صغر العظمة الخارجية للإصبع الثالث
HP:0100370	Aplasia/Hypoplasia of the distal phalanx of the 4th toe	غياب/صغر العظمة الخارجية للإصبع الرابع
HP:0100371	Aplasia/Hypoplasia of the distal phalanx of the 5th toe	غياب/صغر العظمة الخارجية للإصبع الصغير
HP:0100372	Aplasia/Hypoplasia of the middle phalanx of the 3rd toe	غياب/صغر العظمة الوسطى للإصبع الثالث
HP:0100373	Aplasia/Hypoplasia of the middle phalanx of the 4th toe	غياب/صغر العظمة الوسطى للإصبع الرابع
HP:0010090	Patchy sclerosis of the proximal phalanx of the hallux	تصلب في عظم الإصبع الكبير
HP:0010091	Symphalangism affecting the proximal phalanx of the hallux	التحام في عظم الإصبع الكبير
HP:0010092	Triangular shaped proximal phalanx of the hallux	عظم الإصبع الكبير مثلث الشكل
HP:0010093	Duplication of the proximal phalanx of the hallux	تكرار في عظم الإصبع الكبير
HP:0010094	Complete duplication of the proximal phalanx of the hallux	ازدواج كامل لعظم الإصبع الكبير
HP:0010095	Partial duplication of the proximal phalanx of the hallux	ازدواج جزئي لعظم الإصبع الكبير
HP:0010096	Complete duplication of the distal phalanx of the hallux	ازدواج كامل للعظم الخارجي للإصبع الكبير
HP:0010097	Partial duplication of the distal phalanx of the hallux	ازدواج جزئي للعظم الخارجي للإصبع الكبير
HP:0010098	Complete duplication of the 1st metatarsal	ازدواج كامل في العظم الطويل الأول للقدم
HP:0010099	Partial duplication of the 1st metatarsal	ازدواج جزئي للعظم الطويل الأول للقدم
HP:0010100	Complete duplication of hallux phalanx	ازدواج كامل لعظام إصبع القدم الكبير
HP:0010101	Partial duplication of the phalanges of the hallux	ازدواج جزئي لعظام إصبع القدم الكبير
HP:0010102	Aplasia of the distal phalanx of the hallux	غياب العظم الخارجي لإصبع القدم الكبير
HP:0010103	Short distal phalanx of hallux	صغر العظم الخارجي لإصبع القدم الكبير
HP:0010104	Absent first metatarsal	غياب العظم الطويل الأول للقدم
HP:0025683	Abnormal amyloid beta 42 peptide CSF concentration	تركيز غير طبيعي لأميليويد بيتا في السائل النخاعي
HP:0025684	Decreased amyloid beta 42 peptide CSF concentration	انخفاض أميليويد بيتا في السائل النخاعي
HP:0025685	Increased amyloid beta 42 peptide CSF concentration	زيادة أميليويد بيتا في السائل النخاعي
HP:0025686	Abnormal amyloid beta 40 peptide CSF concentration	تركيز غير طبيعي لأميليويد بيتا في السائل النخاعي
HP:0025687	Increased amyloid beta 40 peptide CSF concentration	زيادة أميليويد بيتا في السائل النخاعي
HP:0100374	Aplasia/Hypoplasia of the middle phalanx of the 5th toe	عدم وجود عظمة وسطى في الإصبع الصغير
HP:0100375	Aplasia/hypoplasia of the proximal phalanx of the 3rd toe	عدم وجود عظمة الداخلية في الإصبع الثالث
HP:0100376	Aplasia/hypoplasia of the proximal phalanx of the 4th toe	عدم وجود عظمة الداخلية في الإصبع الرابع
HP:0100377	Aplasia/hypoplasia of the proximal phalanx of the 5th toe	عدم وجود عظمة الداخلية في الإصبع الصغير
HP:0100378	Absent distal phalanx of the 3rd toe	عدم وجود العظمة الخارجية في الإصبع الثالث
HP:0100379	Aplasia of the distal phalanx of the 4th toe	عدم وجود العظمة الخارجية في الإصبع الرابع
HP:0100380	Aplasia of the distal phalanx of the 5th toe	عدم وجود العظمة الخارجية في الإصبع الصغير
HP:0100381	Absent middle phalanx of the 3rd toe	عدم وجود العظمة الوسطى في الإصبع الثالث
HP:0100382	Aplasia of the middle phalanx of the 4th toe	عدم وجود العظمة الوسطى في الإصبع الرابع
HP:0100383	Aplasia of the middle phalanx of the 5th toe	عدم وجود العظمة الوسطى في الإصبع الصغير
HP:0100384	Absent proximal phalanx of the 3rd toe	عدم وجود العظمة الداخلية من الإصبع الثالث
HP:0100385	Aplasia of the proximal phalanx of the 4th toe	عدم وجود العظمة الداخلية من الإصبع الرابع
HP:0100386	Aplasia of the proximal phalanx of the 5th toe	عدم وجود العظمة الداخلية من الإصبع الصغير
HP:0100387	Aplasia of the middle phalanges of the toes	غياب العظام الوسطى من أصابع القدم
HP:0100388	Aplasia of the proximal phalanges of the toes	عدم وجود العظام الداخلية من أصابع القدم
HP:0100389	Short distal phalanx of the 3rd toe	قصر العظمة الخارجية من الإصبع الثالث
HP:0100390	Short distal phalanx of the 4th toe	قصر العظمة الخارجية من الإصبع الرابع
HP:0100391	Short distal phalanx of the 5th toe	قصر العظمة الخارجية من الإصبع الصغير
HP:0100392	Short middle phalanx of the 3rd toe	قصر العظمة الوسطى من الإصبع الثالث
HP:0100393	Short middle phalanx of the 4th toe	قصر العظمة الوسطى من الإصبع الرابع
HP:0025688	Abnormal amyloid beta peptide CSF concentration	مستوى غير طبيعي لبروتين في السائل الشوكي
HP:0025689	Extra-abdominal umbilical vein varix	تضخم الوعاء الدموي السري خارج البطن
HP:0025690	Fetal intra-abdominal umbilical vein varix	تضخم الوريد السري داخل البطن عند الجنين
HP:0025691	Impaired fasting glucose	مستوى سكر أعلى من الطبيعي أثناء الصيام
HP:0025692	Atelencephaly	تلف حاد في الدماغ
HP:0025693	Pituitary macroadenoma	ورم كبير في الغدة النخامية
HP:0025694	Pituitary microadenoma	ورم صغير في الغدة النخامية
HP:0025695	Mucus plug	انسداد مخاطي
HP:0025696	Airway casts	انسدادات في الممرات الهوائية
HP:0025697	Fibrin casts	انسدادات خلوية في الممرات الهوائية
HP:0100394	Short middle phalanx of the 5th toe	قصر السلامية الوسطى للإصبع الصغير
HP:0100395	Short proximal phalanx of the 3rd toe	قصر العظمة القريبة لإصبع القدم الثالث
HP:0100396	Short proximal phalanx of the 4th toe	قصر العظمة القريبة لإصبع القدم الرابع
HP:0100397	Short proximal phalanx of the 5th toe	قصر العظمة القريبة للإصبع الصغير
HP:0100398	Duplication of the distal phalanx of the 3rd toe	تضاعف العظمة البعيدة للإصبع الثالث
HP:0100399	Duplication of the distal phalanx of the 4th toe	تضاعف العظمة البعيدة للإصبع الرابع
HP:0100400	Duplication of the distal phalanx of the 5th toe	تضاعف العظمة البعيدة للإصبع الصغير
HP:0100401	Duplication of the middle phalanx of the 3rd toe	تضاعف العظمة الوسطى للإصبع الثالث
HP:0200147	Neuronal loss in basal ganglia	فقدان الأعصاب في العقد القاعدية
HP:0200148	Abnormal liver function tests during pregnancy	اختبارات وظائف الكبد غير الطبيعية أثناء الحمل
HP:0025698	Mucin casts	كتل المخاط
HP:0025699	Perisylvian FDG hypermetabolism	فرط الأيض في الدماغ حول الصدغ
HP:0025700	Anhydramnios	انعدام السائل المحيط بالجنين
HP:0025701	Distended jugular lymphatic sacs	انتفاخ الغدد اللمفاوية حول الرقبة
HP:0025702	Type 1 schizencephaly	فجوة غير واضحة في الدماغ
HP:0025703	Type 2 schizencephaly	فجوة واضحة في الدماغ
HP:0025704	Type 3 schizencephaly	فجوة غامضة في الدماغ
HP:0025705	Abnormal fetal nasal bone visualization	اختفاء عظمة الأنف في الجنين
HP:0025706	Absent fetal nasal bone	عدم ظهور عظمة الأنف في الجنين
HP:0025707	Hypoplastic fetal nasal bone	صغر في عظمة الأنف في الجنين
HP:0025708	Early young adult onset	بداية المرض بين 16 و19 سنة
HP:0025709	Intermediate young adult onset	بداية المرض بين 19 و25 سنة
HP:0025710	Late young adult onset	بداية المرض بين 25 و40 سنة
HP:0025711	Convergence-retraction nystagmus	حركة لا إرادية في العين
HP:0025712	Spontaneous chorioamniotic separation	انفصال الأغشية قبل الولادة
HP:0025713	Neurite dystrophy	اضطراب في الخلايا العصبية
HP:0025714	Cerebral cortical microinfarct	احتشاء صغير في الدماغ
HP:0025715	Abnormal umbilical artery doppler waveform during pregnancy	مشكلة في تدفق دم الحبل السري
HP:0025716	Fetal anemia	نقص الدم عند الجنين
HP:0025717	Skeletal muscle autophagosome accumulation	تراكم مواد غريبة في العضلات
HP:0200149	CSF lymphocytic pleiocytosis	زيادة الخلايا اللمفاوية في السائل النخاعي
HP:0200150	Increased serum bile acid concentration during pregnancy	زيادة الأحماض الصفراوية أثناء الحمل
HP:0200151	Cutaneous mastocytosis	ورم الخلايا البدينة في الجلد
HP:0200153	Agenesis of lateral incisor	غياب القاطع الجانبي
HP:0200154	Agenesis of mandibular lateral incisor	غياب القاطع الجانبي السفلي
HP:0200158	Agenesis of permanent mandibular lateral incisor	غياب القاطع الجانبي السفلي الدائم
HP:0200159	Agenesis of primary mandibular lateral incisor	غياب الناب الأمامي السفلي للطفل
HP:0200160	Agenesis of maxillary incisor	عدم وجود الناب العلوي
HP:0200161	Agenesis of mandibular incisor	عدم وجود الناب السفلي
HP:0400000	Tall chin	ذقن طويل
HP:0025718	Skeletal muscle hyperechogenicity	زيادة صدى العضلات
HP:0025719	Maternal vascular malperfusion	مشاكل في الأوعية الدموية للأم
HP:0025720	Limited horizontal extraocular movement	حركة عين محدودة جانبياً
HP:0025721	Limited vertical extraocular movement	حركة عين محدودة للأعلى والأسفل
HP:0025722	Cerebral infarct	جلطة دماغية
HP:0025723	Abnormal fetal skin morphology	تغيرات جلد الجنين
HP:0025724	Caseous vernix-like desquamation	تقشر جلدي سميك عند الولادة
HP:0025725	Type 1 congenital pulmonary airway malformation	خلل في الرئة عند الرضع - النوع الأول
HP:0025726	Type 2 congenital pulmonary airway malformation	خلل في الرئة عند الرضع - النوع الثاني
HP:0025727	Type 3 congenital pulmonary airway malformation	خلل في الرئة عند الرضع - النوع الثالث
HP:0400001	Chin with vertical crease	شق في الذقن
HP:0400002	Extra concha fold	طية زائدة في الأذن
HP:0400003	Focal absence of the external ear	جزء من الأذن مفقود
HP:0400004	Long ear	أذن طويلة
HP:0400005	Short ear	أذن قصيرة
HP:0400007	Polymenorrhea	دورة شهرية متكررة
HP:0400008	Menometrorrhagia	نزف شديد وغير منتظم
HP:0410000	Abnormal vomer morphology	شذوذ في العظم الميكعي
HP:0410006	Abnormality of ophthalmic artery	شذوذ في الشريان العيني
HP:0410008	Abnormality of the peripheral nervous system	اضطراب الأعصاب المحيطية
HP:0410009	Abnormality of the somatic nervous system	اضطراب الأعصاب المسؤولة عن الحركة والإحساس
HP:0410010	Abnormality of somatic nerve plexus	اضطراب الضفيرة العصبية
HP:0410011	Abnormality of masticatory muscle	اضطراب عضلات المضغ
HP:0410012	Abnormal mouth floor morphology	شكل غير طبيعي لقاع الفم
HP:0410013	Abnormality of the submandibular region	اضطراب تحت الفك
HP:0410014	Abnormal ganglion morphology	تشوه شكل العقد العصبية
HP:0410015	Abnormal peripheral nervous system ganglion morphology	تشوه شكل عقد الأعصاب المحيطية
HP:0410016	Abnormal cranial ganglion morphology	تشوه شكل العقد العصبية في الجمجمة
HP:0410017	Otitis externa	التهاب الأذن للسباحين
HP:0025738	Ring-enhancing cerebral lesion	تورم دماغي مشع
HP:0025739	Optic nerve mass	ورم في العصب البصري
HP:0011998	Postprandial hyperglycemia	ارتفاع السكر بعد الأكل
HP:0011999	Paranoia	جنون الارتياب
HP:0012000	EEG with generalized spikes	رسم دماغ بنفخات عامة
HP:0012001	EEG with generalized polyspikes	رسم دماغي بنبضات متكررة
HP:0012002	Experiential epileptic aura	هالة صرعية
HP:0012003	Affective epileptic aura	هالة عاطفية
HP:0012004	Focal cognitive seizure with deja vu/jamais vu	نوبة دماغية
HP:0012005	Deja vu aura	ديجا فو
HP:0025728	Periventricular pseudocyst	تكيسات حول الدماغ
HP:0025729	Fetal vascular malperfusion	تدفق الدم غير الطبيعي في الجنين
HP:0025730	Foramen ovale aneurysm	انتفاخ في حاجز القلب
HP:0025731	Anti-glycosylphosphatidylinositol anchored high-density lipoprotein binding protein 1 antibody positivity	وجود أجسام مضادة غير طبيعية في الدم
HP:0025732	Abnormal social development	تأخر اجتماعي
HP:0025733	Streak gonad	عدم تطور الغدد التناسلية
HP:0025734	Elevated urinary 5-hydroxyhexanoic acid level	ارتفاع حمض معين في البول
HP:0025735	Abnormal third cranial nerve morphology	خلل في العصب الحركي للعين
HP:0025736	Long-bone fracture	كسر في العظام الطويلة
HP:0025737	Abnormal subthalamic nucleus morphology	خلل في نواة الدماغ تحت المهاد
HP:0012006	Jamais vu aura	شعور غير مألوف
HP:0012007	Focal cognitive seizure with hallucination	نوبة بصرية أو سماعية
HP:0012008	Focal cognitive seizure with illusion	تغير بالإحساس
HP:0012009	EEG with central focal spike waves	نمط غير طبيعي بالمخ
HP:0012010	EEG with frontal focal spike waves	نمط غير طبيعي بالمخ
HP:0012011	EEG with occipital focal spike waves	نمط غير طبيعي بالمخ
HP:0012012	EEG with parietal focal spike waves	نمط غير طبيعي بالمخ
HP:0012013	EEG with temporal focal spike waves	نمط غير طبيعي بالمخ
HP:0012014	EEG with central focal spikes	نمط غير طبيعي بالمخ
HP:0012015	EEG with frontal focal spikes	نمط غير طبيعي بالمخ
HP:0410018	Recurrent ear infections	التهابات الأذن المتكررة
HP:0410019	Epigastric pain	ألم في الجزء العلوي من البطن
HP:0410020	Fish odor	رائحة السمك
HP:0410021	Musty odor	رائحة عفنة
HP:0410022	Vaginal fish odor	رائحة سمكية في المهبل
HP:0410023	Abnormal distribution of cell junction proteins in buccal mucosal cells	بروتينات غير طبيعية في خلايا الفم
HP:0410026	Abnormal periodontium morphology	تشوه النسج المحيطة بالأسنان
HP:0410027	Alveolar bone loss around teeth	فقدان العظم حول الأسنان
HP:0410028	Recurrent oral herpes	تقرحات الفم المتكررة
HP:0410030	Cleft lip	الشفاه المشقوق
HP:0012016	EEG with occipital focal spikes	رسم المخ بموجات حادة في الجزء الخلفي
HP:0012017	EEG with parietal focal spikes	رسم المخ بموجات حادة في الجوانب
HP:0012018	EEG with temporal focal spikes	رسم المخ بموجات حادة في الجزء الصدغي
HP:0012019	Lens luxation	انزلاق عدسة العين بالكامل
HP:0012020	Right aortic arch	الشق الأيمن للشريان الأورطي
HP:0012021	Persistent patent ductus venosus	استمرار تدفق الدم عبر صلة وعائية بعد الولادة
HP:0012022	Congenital portosystemic venous shunt	خلل في الأوعية الدموية بعدم مرور الدم عبر الكبد
HP:0012023	Galactosuria	زيادة مستوى الجالاكتوز في البول
HP:0012024	Hypergalactosemia	زيادة الجالاكتوز في الدم
HP:0012025	Abnormal circulating ornithine concentration	تغير في مستوى الأورنيثين في الدم
HP:0012026	Hyperornithinemia	ارتفاع مستوى الأورنيثين في الدم
HP:0012027	Laryngeal edema	تجمع السوائل في الحنجرة
HP:0012028	Hepatocellular adenoma	ورم حميد في الكبد
HP:0012029	Abnormal urine hormone level	هرمون غير طبيعي في البول
HP:0012030	Increased urinary cortisol level	ارتفاع الكورتيزول في البول
HP:0012031	Lipomatous tumor	ورم دهني
HP:0012032	Lipoma	كتلة دهنية غير سرطانية
HP:0012033	Sacral lipoma	ورم دهني في منطقة العجز
HP:0012034	Liposarcoma	ورم دهني خبيث
HP:0012035	Steatocystoma multiplex	أكياس دهنية جلدية متعددة
HP:0410031	Submucous cleft of soft and hard palate	شق في سقف الفم
HP:0410033	Unilateral alveolar cleft of maxilla	شق في الفك العلوي من جهة واحدة
HP:0410034	Bilateral alveolar cleft of maxilla	شق في كلا جانبي الفك العلوي
HP:0410035	Abnormal T cell activation	نشاط غير طبيعي للخلايا المناعية
HP:0410042	Abnormal liver morphology	شكل غير طبيعي للكبد
HP:0410043	Abnormal neural tube morphology	شكل غير طبيعي للأنبوب العصبي
HP:0410050	Decreased level of 1,5 anhydroglucitol in serum	انخفاض سكر معين في الدم
HP:0410051	Increased level of 3-hydroxy-3-methylglutaric acid in urine	زيادة حمض معين في البول
HP:0033100	Increased proteinogenic amino acid level in urine	زيادة أحماض أمينية في البول
HP:0033101	Elevated urine aconitic acid level	زيادة حامض معين في البول
HP:0033102	Monkey wrench femoral neck	شكل غير طبيعي لرأس الفخذ
HP:0033103	Elevated circulating CHI3L1 level	زيادة بروتين في الدم
HP:0033104	Inappropriate absence of fever	غياب الحمى مع العدوى
HP:0033105	Interhypothalamic adhesion	التصاق في الدماغ
HP:0033106	Elevated circulating D-dimer concentration	زيادة D-dimer في الدم
HP:0033107	Abnormal circulating proteinogenic amino acid concentration	زيادة الأحماض الأمينية في الدم
HP:0033108	Abnormal circulating proteinogenic amino acid derivative concentration	زيادة مشتقات الأحماض الأمينية في الدم
HP:0033109	Abnormal circulating non-proteinogenic amino acid concentration	زيادة الأحماض الأمينية غير البروتينية في الدم
HP:0033110	Elevated circulating alpha-aminobutyric acid concentration	زيادة حمض ألفا-أمينوبيوتيريك في الدم
HP:0033111	3-hydroxyisovaleric aciduria	زيادة حمض 3-هيدروكسي إيزوفاليريك في البول
HP:0012036	Sternocleidomastoid amyotrophy	ضعف العضلة الأمامية للرقبة
HP:0012037	Pectoralis amyotrophy	ضعف عضلات الصدر
HP:0012038	Corneal guttata	تجمعات في القرنية
HP:0012039	Descemet Membrane Folds	طيات في غشاء القرنية
HP:0012040	Corneal stromal edema	تورم في القرنية
HP:0012041	Decreased fertility in males	انخفاض الخصوبة عند الرجال
HP:0012042	Aspirin-induced asthma	الربو بسبب الأسبرين
HP:0012043	Pendular nystagmus	حركة لا إرادية للعين
HP:0012044	Seesaw nystagmus	حركات عيون متبادلة
HP:0012045	Retinal flecks	علامات على الشبكية
HP:0033112	Elevated circulating apolipoprotein C-III concentration	زيادة بروتين دهن معين في الدم
HP:0033113	Gallop rhythm	إيقاع قلب مثل جريان الحصان
HP:0033114	Quadruple gallop rhythm	إيقاع قلب غير طبيعي
HP:0033115	Elevated circulating tenascin-C concentration	زيادة بروتين خاص في الدم
HP:0033116	Duodenal gastric metaplasia	تغير خلايا في الاثني عشر
HP:0033117	Duodenitis	التهاب جدار الاثني عشر
HP:0033118	Abnormal right ventricular function	خلل في عمل الجزء الأيمن من القلب
HP:0033119	Elevated right ventricular systolic pressure	ارتفاع ضغط في جزء من القلب
HP:0033120	Nummular eczema	بقع حمراء على الجلد
HP:0033121	Barking cough	سعال يشبه نباح الكلب
HP:0012046	Areflexia of upper limbs	فقدان ردود الفعل في اليدين والذراعين
HP:0012047	Hemeralopia	صعوبة الرؤية في الضوء الساطع
HP:0012048	Oromandibular dystonia	تقلصات في الفم والفك
HP:0012049	Laryngeal dystonia	تشنجات في الأحبال الصوتية
HP:0012050	Anasarca	تورم شديد في الجسم
HP:0012051	Reactive hypoglycemia	انخفاض سكر الدم بعد الأكل
HP:0012052	Low serum calcitriol	نقص فيتامين د الفعال في الدم
HP:0012053	Decreased circulating calcifediol concentration	نقص مشتق فيتامين د في الدم
HP:0012054	Choroidal melanoma	سرطان الخلايا الصبغية في العين
HP:0012055	Ciliary body melanoma	سرطان الخلايا الصبغية في الجسم الهدبي
HP:0033122	Absent P wave	غياب موجة في التخطيط القلبي
HP:0033123	Elevated circulating osteopontin level	ارتفاع بروتين الأوستيوپونتين في الدم
HP:0033124	Increased serum sorbitol concentration	زيادة مستوى السوربيتول في الدم
HP:0033125	Follicular lymphoma	نوع من الأورام اللمفاوية
HP:0033126	Cutaneous necrosis	موت الأنسجة الجلدية
HP:0033127	Abnormality of the musculoskeletal system	مشاكل في العظام والعضلات
HP:0033128	Delayed ability to crawl	تأخر الزحف عند الأطفال
HP:0033129	Abnormal shoulder physiology	مشاكل في حركة الكتف
HP:0033130	Abnormal renal echogenicity	تغير الصدى في الكلى
HP:0033131	Renal medullary hyperechogenicity	زيادة الصدى في النخاع الكلوي
HP:0033142	Long nasal bridge	طول الأنف العلوي
HP:0033143	Jejunitis	التهاب الأمعاء الدقيقة
HP:0033144	Abnormal circulating ceruloplasmin concentration	تغير في مستوى السيرولوبلازمين
HP:0033145	Increased circulating ceruloplasmin concentration	زيادة السيرولوبلازمين
HP:0033146	Elevated circulating methylsuccinic acid concentration	زيادة حمض الميثيل سكسينيك
HP:0033147	Abnormal circulating short-chain fatty-acid concentration	تغير في تركيز الأحماض الدهنية القصيرة
HP:0033148	Increased circulating isovaleric acid concentration	زيادة حمض الإيزوفاليريك
HP:0033149	Intrahepatic bile duct dilatation	توسيع القنوات الصفراوية
HP:0033150	Anorectal abscess	الخراج في منطقة الشرج
HP:0033151	Abnormal pharynx morphology	تغير شكل البلعوم
HP:0005498	Midline skin dimples over anterior/posterior fontanelles	غمازات في جلد الرأس
HP:0005502	Increased red cell osmotic fragility	هشاشة كريات الدم الحمراء
HP:0005505	Refractory anemia	فقر دم لا يتحسن بالعلاج
HP:0005506	Chronic myelogenous leukemia	سرطان الدم المزمن
HP:0005507	Hemoglobin Barts	هيموغلوبين غير طبيعي
HP:0005508	Monoclonal immunoglobulin M proteinemia	زيادة بروتين في الدم
HP:0005510	Transient erythroblastopenia	نقص مؤقت في خلايا الدم الحمراء
HP:0005511	Heinz body anemia	فقر دم بكريات غير طبيعية
HP:0030444	Anal margin melanoma	سرطان جلد حول الشرج
HP:0030445	Pulmonary carcinoid tumor	ورم سرطاني في الرئة
HP:0033132	Renal cortical hyperechogenicity	زيادة الصدى في قشرة الكلية
HP:0033133	Renal cortical hypoechogeneity	قلة الصدى في قشرة الكلية
HP:0033134	Abdominal adhesions	روابط ليفية في البطن
HP:0033135	Hepatic infarction	موت الخلايا الكبدية
HP:0033136	Lymph node abscess	خراج في العقدة اللمفاوية
HP:0033137	Abnormal pulmonary alveolar system morphology	تشوه في نسيج الرئة السنخي
HP:0033138	Right atrial thrombus	جلطة دم في الأذين الأيمن
HP:0033139	Elevated circulating uracil concentration	زيادة اليوراسيل في الدم
HP:0033140	Blake's pouch cyst	كيسة في منطقة المخيخ
HP:0033141	Severe SARS-CoV-2 infection	إصابة شديدة بفيروس كورونا
HP:0030446	Atypical pulmonary carcinoid tumor	ورم رئوي غير نمطي
HP:0030447	Merkel cell skin cancer	سرطان خلايا الجلد
HP:0030448	Soft tissue sarcoma	ورم الأنسجة الرخوة
HP:0030449	Therapeutic abortion	الإجهاض العلاجي
HP:0030450	Neoplasm of the autonomic nervous system	ورم في الأعصاب الذاتية
HP:0030451	Mesenteric cyst	كيسة في البطن
HP:0030452	Chylolymphatic mesenteric cyst	كيسة المسراق المملوءة بسائل
HP:0030453	Abnormal visual electrophysiology	مشاكل في اختبارات العين
HP:0030454	Abnormal electrooculogram	مشاكل في تخطيط العين
HP:0030455	Abnormality of pattern visual evoked potentials	مشاكل في الإشارات البصرية
HP:0030456	Abnormality of pattern onset/offset visual evoked potentials	مشاكل في اختبار العين
HP:0030457	Abnormal amplitude of pattern onset/offset visual evoked potentials	مشاكل في قوة إشارة اختبار العين
HP:0030458	Abnormal timing of pattern onset/offset visual evoked potentials	مشاكل في توقيت إشارة اختبار العين
HP:0030460	Abnormal timing of pattern reversal visual evoked potentials	مشاكل في توقيت اختبار العين
HP:0030461	Abnormal timing of flash visual evoked potentials	مشاكل في توقيت وميض اختبار العين
HP:0030462	Abnormal amplitude of flash visual evoked potentials	مشاكل في قوة إشارة وميض اختبار العين
HP:0030463	Asymmetrical distribution of flash visual evoked potentials	توزيع غير متماثل في اختبار العين
HP:0030464	Asymmetrical distribution of pattern reversal visual evoked potentials	توزيع غير متماثل في اختبار العين
HP:0030465	Undetectable light-adapted electroretinogram	فشل في اكتشاف استجابة اختبار العين عند الضوء
HP:0030466	Abnormal full-field electroretinogram	اختبار شبكية العين غير طبيعي
HP:0033152	Abnormal pharynx physiology	مشكلة في البلعوم
HP:0033153	Elevated circulating dodecenoylcarnitine concentration	ارتفاع مادة معينة في الدم
HP:0033154	Elevated circulating deoxypyridinoline concentration	ارتفاع مادة معينة في الدم
HP:0033155	Elevated circulating L-alloisoleucine concentration	ارتفاع مادة معينة في الدم
HP:0033156	Elevated urine L-alloisoleucine level	ارتفاع مزيد من الألّوأيزوليوسين في البول
HP:0033157	Elevated circulating 3-methylhistidine concentration	ارتفاع مادة معينة في الدم
HP:0033158	Reduced respiratory ciliary beating frequency	انخفاض حركة الأهداب التنفسية
HP:0033159	Reduced urinary inosine level	نقص مادة الإينوسين في البول
HP:0033160	Decreased urinary guanosine level	نقص مادة الجوانين في البول
HP:0033161	Abnormal urinary purine level	خلل في البيورين في البول
HP:0030467	Abnormal pattern electroretinogram	تخطيط كهربية الشبكية غير طبيعي
HP:0030468	Abnormal multifocal electroretinogram	تخطيط كهربية الشبكية غير طبيعي
HP:0030469	Abnormal dark-adapted electroretinogram	تخطيط كهربية الشبكية في الظلام غير طبيعي
HP:0030470	Abnormal dark-adapted bright flash electroretinogram	تخطيط كهربية الشبكية للأضواء الساطعة في الظلام غير طبيعي
HP:0030471	Abnormal dark-adapted dim flash electroretinogram	تخطيط كهربية الشبكية للأضواء الخافتة في الظلام غير طبيعي
HP:0030472	Abnormal light-adapted single flash electroretinogram	تخطيط كهربية الشبكية للأضواء الفردية في الضوء غير طبيعي
HP:0030473	Abnormal light-adapted flicker electroretinogram	تخطيط كهربية الشبكية للفلاشر غير طبيعي
HP:0030474	Undetectable dark-adapted electroretinogram	عدم ظهور استجابة الشبكية في الظلام
HP:0030475	Abnormal timing of dark-adapted dim flash electroretinogram	توقيت سيء لاستجابة الشبكية في الظلام
HP:0030476	Abnormal amplitude of dark-adapted dim flash electroretinogram	استجابة ضعيفة للشبكية في الظلام
HP:0030477	Abnormal timing of dark-adapted bright flash electroretinogram	خلل في توقيت تخطيط كهربية الشبكية بعد التكيف مع الظلام
HP:0030478	Abnormal amplitude of dark-adapted bright flash electroretinogram	خلل في سعة تخطيط كهربية الشبكية بعد التكيف مع الظلام
HP:0030479	Abnormal amplitude of light-adapted flicker electroretinogram	خلل في سعة تخطيط كهربية الشبكية بعد التكيف مع الضوء
HP:0030480	Abnormal timing of light-adapted flicker electroretinogram	خلل في توقيت تخطيط كهربية الشبكية بعد التكيف مع الضوء
HP:0030481	Abnormal amplitude of light-adapted single flash electroretinogram	خلل في سعة تخطيط كهربية الشبكية بعد التكيف مع الضوء
HP:0030482	Abnormal timing of light-adapted single flash electroretinogram	خلل في توقيت تخطيط كهربية الشبكية بعد التكيف مع الضوء
HP:0012502	Abnormality of the internal capsule	خلل في المحفظة الداخلية للدماغ
HP:0012503	Abnormal pituitary gland morphology	خلل في شكل الغدة النخامية
HP:0012504	Abnormal size of pituitary gland	خلل في حجم الغدة النخامية
HP:0012505	Enlarged pituitary gland	تضخم الغدة النخامية
HP:0033162	Abnormal urinary pyrimidine level	هرمونات البيريميدين غير الطبيعية في البول
HP:0033163	Small intestinal bacterial overgrowth	زيادة البكتيريا في الأمعاء الدقيقة
HP:0033164	Focal active colitis	التهاب القولون النشط
HP:0033165	Necrotizing enterocolitis	التهاب الأمعاء يؤدي إلى ضرر وموت الخلايا
HP:0033166	Recurrent viral upper respiratory tract infections	نزلات البرد الفيروسية المتكررة
HP:0033167	Neutrophilic urticarial dermatosis	طفح جلدي شرياني بسبب الخلايا البيضاء
HP:0033168	Reduced mevalonate kinase activity	نشاط منخفض لإنزيم الكولسترول
HP:0033169	Reduced total lung capacity	نقص الهواء في الرئتين
HP:0033170	Abnormal skinfold thickness measurement	قياس الدهون تحت الجلد غير الطبيعي
HP:0033171	Abnormal triceps skinfold thickness	سمك الدهون في العضلة الثلاثية
HP:0012506	Small pituitary gland	صغر الغدة النخامية
HP:0012507	Weakness of orbicularis oculi muscle	ضعف عضلة العين
HP:0012508	Metamorphopsia	تشوه الرؤية
HP:0012510	Extra-axial cerebrospinal fluid accumulation	زيادة السائل حول الدماغ
HP:0012511	Temporal optic disc pallor	شحوب الجزء الجانبي من القرص البصري
HP:0012512	Diffuse optic disc pallor	شحوب كامل للقرص البصري
HP:0012513	Upper limb pain	ألم في الذراع
HP:0012514	Lower limb pain	ألم في الساق
HP:0012515	Hip flexor weakness	ضعف عضلات الورك
HP:0012516	Tetralogy of Fallot with pulmonary atresia	أمراض القلب الخلقية المعقدة
HP:0033172	Increased triceps skinfold thickness	زيادة سماكة الجلد الثلاثية
HP:0033173	Milky appearance of bronchoalveolar lavage fluid	السائل اللبني في غسل الرئة
HP:0033174	Bloody bronchoalveolar lavage fluid	السائل الدموي في غسل الرئة
HP:0033175	Elevated circulating 5-oxoproline concentration	زيادة حمض 5-أوكسيبرولين في الدم
HP:0033176	Submandibular lymph node enlargement	تضخم عقدة تحت الفك
HP:0033177	Elevated circulating suberic acid concentration	زيادة حمض السوبيريك في الدم
HP:0033178	Increased circulating interleukin 8 concentration	زيادة إنترلوكين 8 في الدم
HP:0033179	Elevated circulating aconitic acid concentration	زيادة حمض الأكونيتيك في الدم
HP:0033180	Torsion of appendix of testis	التواء زائدة الخصية
HP:0033181	Spinal epidural abscess	خراج في العمود الفقري
HP:0033182	Increased circulating cathepsin D level	زيادة إنزيم في الدم
HP:0033183	Bilobed right lung	رئة يمنى بفصين
HP:0033184	Triggered by infection	تحفيز بسبب عدوى
HP:0033185	Triggered by EBV infection	تحفيز بسبب عدوى فيروس إبشتاين-بار
HP:0033186	Misalignment of the pulmonary veins	تغير مكان الأوردة الرئوية
HP:0033187	Hyperimidodipeptiduria	زيادة مركبات في البول
HP:0033188	Cystic acne	حب الشباب الكيسي
HP:0033189	Radiculomegaly	زيادة طول جذور الأسنان
HP:0033190	Hypertrichotic hyperpigmented patch	تصبغ مفرط مشعر
HP:0033191	Increased circulating selenium concentration	زيادة السيلينيوم في الدم
HP:0012517	Reduced circulating catalase activity	انخفاض مستوى الكاتلاز
HP:0012518	Abnormal circle of Willis morphology	خلل في شرايين الدماغ
HP:0012519	Hypoplastic posterior communicating artery	تضيق شريان الدماغ الخلفي
HP:0012520	Dilation of Virchow-Robin spaces	توسع المساحات الدماغية
HP:0012521	Optic nerve aplasia	عدم وجود العصب البصري
HP:0012522	Spider hemangioma	ورم دموي يشبه العنكبوت
HP:0012523	Oral aversion	رفض الطعام عند الأطفال
HP:0012524	Abnormal platelet shape	شكل صفيحات غير طبيعي
HP:0012525	Abnormal alpha granule distribution	توزيع غير طبيعي للحبيبات
HP:0012526	Absence of alpha granules	الصفائح الدموية الرمادية
HP:0033192	Decreased circulating selenium concentration	انخفاض السيلينيوم في الدم
HP:0033193	Ballooning hepatocyte degeneration	انتفاخ الخلايا الكبدية
HP:0033194	Perioral erythema	احمرار الجلد حول الفم
HP:0033195	Perianal erythema	احمرار الجلد حول الشرج
HP:0033196	Portal inflammation	التهاب في مناطق البوابات الكبدية
HP:0033197	Hepatic lobular inflammation	التهاب في الفصيصات الكبدية
HP:0033198	Triggered by viral infection	تبدأ بسبب عدوى فيروسية
HP:0033199	Increased circulating interleukin 10 concentration	زيادة الإنترلوكين 10 في الدم
HP:0033200	Triceps hyporeflexia	ضعف رد فعل عضلة العضد ثلاثي الرؤوس
HP:0033201	Biceps hyporeflexia	ضعف رد فعل عضلة العضد ثنائي الرؤوس
HP:0012527	Abnormal alpha granule content	تغير في مكونات الحبيبات ألفا
HP:0012528	Abnormal number of alpha granules	تغير في عدد الحبيبات ألفا
HP:0012529	Abnormal dense granule content	تغير في مكونات الحبيبات الكثيفة
HP:0012530	Abnormal number of dense granules	تغير في عدد الحبيبات الكثيفة
HP:0012531	Pain	ألم
HP:0012532	Chronic pain	ألم طويل الأمد
HP:0012533	Allodynia	ألم من سبب غير مؤلم
HP:0012534	Dysesthesia	إحساس غير طبيعي بالألم
HP:0012535	Abnormal synaptic transmission	خلل في اتصال الخلايا العصبية
HP:0012536	Maternal anticardiolipin antibody positive	وجود أجسام مضادة لمضاد الكارديوليبين في الأم
HP:0033202	Brachioradialis hyporeflexia	ضعف انعكاس عضلة الذراع
HP:0033203	Brachioradialis hyperreflexia	زيادة انعكاس عضلة الذراع
HP:0033204	Triceps hyperreflexia	زيادة رد فعل العضلة ثلاثية الرؤوس
HP:0033205	Biceps hyperreflexia	زيادة رد فعل العضلة ذات الرأسين
HP:0033206	Hyperactive Achilles reflex	زيادة رد فعل وتر العرقوب
HP:0033207	Increased CD21low B cell proportion	زيادة خلايا B محددة
HP:0033208	Alveolar capillary dysplasia	خلل في نمو الرئة
HP:0033209	Acinar dysplasia	تطور غير مكتمل للرئة
HP:0033210	Congenital alveolar dysplasia	تطور غير مكتمل للرئة منذ الولادة
HP:0033211	Decreased total iron binding capacity	نقص في حمل الحديد
HP:0012537	Food intolerance	حساسية الطعام غير التحسسية
HP:0012538	Gluten intolerance	حساسية الغلوتين
HP:0012539	Non-Hodgkin lymphoma	سرطان العقد اللمفاوية غير هودجكين
HP:0012540	Axillary epidermoid cyst	كيس في الإبط
HP:0012541	Cephalohematoma	نزيف في رأس حديثي الولادة
HP:0012542	Onychauxis	زيادة سمك الأظافر
HP:0012543	Hemosiderinuria	وجود الحديد في البول
HP:0012544	Elevated circulating aldolase concentration	زيادة الألدولاز في الدم
HP:0012545	Reduced circulating aldolase concentration	نقص الألدولاز في الدم
HP:0012546	Skewed maternal X inactivation	انحراف في تعطيل كروموسوم X عند الأم
HP:0033212	Abnormal total iron binding capacity	السعة الكلية للحديد
HP:0033213	Elevated urine suberic acid level	حمض السوبريك في البول
HP:0033214	Recurrent viral pneumonia	التهاب رئوي فيروسي متكرر
HP:0033215	Obliterative abnormality of the renal glomerulus	خلل في الكبيبة الكلوية
HP:0033216	Glomerular hyalinosis	تراكم في الكبيبة
HP:0033217	Perihilar glomerular hyalinosis	تراكم الزجاجية في الكبيبة
HP:0033218	Glomerular hyalinosis at the tubular pole	تراكم الزجاجية في الكبيبة
HP:0033219	Glomerular hyalinosis away from the vascular and tubular poles	تراكم الزجاجية في الكبيبة
HP:0033220	2-ethylhydracylic aciduria	زيادة حمض معين في البول
HP:0033221	Increased CD4:CD8 ratio	اختلاف في خلايا الدم البيضاء
HP:0012547	Abnormal involuntary eye movements	حركات العين الغير ارادية
HP:0012548	Fatty replacement of skeletal muscle	تحول العضلات إلى دهون
HP:0012549	Conjunctival lipoma	كتلة دهنية في الملتحمة
HP:0012287	Hypothalamic luteinizing hormone-releasing hormone deficiency	نقص الهرمون المفرز من الدماغ للتناسل
HP:0012288	Neoplasm of head and neck	ورم في الرأس أو الرقبة
HP:0012289	Facial neoplasm	ورم في الوجه
HP:0012292	Fusion of gums	التحام اللثة
HP:0012293	Abnormal genital pigmentation	لون غريب في المنطقة التناسلية
HP:0012294	Abnormal occipital bone morphology	تشوه بخلفية الجمجمة
HP:0012295	Slender middle phalanx of finger	عظمة وسط الأصبع نحيفة
HP:0012296	Slender distal phalanx of finger	عظمة الإصبع الرفيعة
HP:0012297	Slender proximal phalanx of finger	عظمة الإصبع الداخلية الرفيعة
HP:0012298	Long middle phalanx of finger	العظمة الوسطى الطويلة في الإصبع
HP:0012299	Long distal phalanx of finger	عظمة الإصبع الخارجية الطويلة
HP:0012300	Ureteral agenesis	عدم تكون الحالب
HP:0012301	Type II transferrin isoform profile	نمط غير طبيعي للترافيرين
HP:0012302	Herpes simplex encephalitis	التهاب الدماغ بالهربس
HP:0012303	Abnormal aortic arch morphology	تشوه في قوس الأبهر
HP:0012304	Hypoplastic aortic arch	قوس الأبهر غير مكتمل النمو
HP:0012305	Coarctation of the descending aortic arch	تضيق في الأبهر النازل
HP:0033222	Inverted CD4:CD8 ratio	تغير نسبة الخلايا المناعية
HP:0033223	Abnormal glomerular parietal epithelial cell morphology	تغير في شكل خلايا الكبسولة الكبيبية
HP:0033224	Glomerular parietal epithelial cell hyperplasia	ازدياد خلايا الكبسولة الكبيبية
HP:0033225	Glomerular parietal epithelial cell hypertrophy	زيادة حجم خلايا الكبسولة الكبيبية
HP:0033226	Bowman capsular hyaline drops	تجمع مادي في الكبسولة الكبيبية
HP:0033227	Glomerular synechial adhesion	التصاق غير طبيعي في الكبسولة الكبيبية
HP:0033228	Triceps areflexia	عدم استجابة عضلة الذراع الخلفية
HP:0033229	Brachioradialis areflexia	عدم استجابة منعكس العضلة المثنية
HP:0033230	Biceps areflexia	عدم استجابة عضلة الذراع الأمامية
HP:0033231	Abnormal glomerular mesangial cellularity	زيادة أو نقصان خلايا الكبيبة
HP:0012306	Abnormal rib ossification	خلل تكوين عظام الأضلاع
HP:0012307	Spatulate ribs	الأضلاع العريضة
HP:0012308	Decreased circulating complement C9 concentration	نقص عنصر C9 في الدم
HP:0012309	Cutaneous amyloidosis	وجود تراكم النشواني في الجلد
HP:0012310	Abnormal monocyte count	تغير في عدد خلايا الدم الوحيدة
HP:0012311	Increased total monocyte count	زيادة عدد خلايا الدم الوحيدة
HP:0012312	Decreased total monocyte count	نقص عدد خلايا الدم الوحيدة
HP:0012313	Heberden node	تورم في مفاصل الأصابع
HP:0012314	Bouchard node	تورم في مفاصل الأصابع
HP:0012315	Histiocytoma	ورم الأنسجة
HP:0033232	Abnormal glomerular mesangial matrix morphology	مشاكل في مصفوفة الكلى
HP:0033233	Paramesangial deposits	ترسبات مناعية في الكلى
HP:0033234	Mesangial hyaline deposition	مواد غير طبيعية في المسراق
HP:0033235	Difficulty descending stairs	صعوبة في النزول من الدرج
HP:0033236	Cognitive fatigue	الإرهاق الذهني
HP:0033237	Visceral epithelial cell detachment	انفصال خلايا الكلى
HP:0033238	Podocyte microvillous transformation	تغير في شكل الأهداب في الكلى
HP:0033239	Visceral epithelial cell capping	غطاء الخلايا الطلائية في الكلى
HP:0033240	Elevated RV/TLC ratio	مشاكل تنفسية في الرئة
HP:0033241	Polyalveolar lobe	زيادة عدد الأسناخ في الرئة
HP:0012316	Fibrous tissue neoplasm	ورم ليفي
HP:0012317	Sacroiliac arthritis	التهاب المفصل في أسفل الظهر
HP:0012318	Occipital neuralgia	صداع في قاعدة الرأس
HP:0012319	Absent pigmentation of the abdomen	غياب لون الجلد في البطن
HP:0012320	Absent pigmentation of the limbs	غياب لون الجلد في الأطراف
HP:0012321	D-2-hydroxyglutaric aciduria	زيادة الحمض في البول
HP:0012322	Perifolliculitis	التهاب حول بصيلات الشعر
HP:0012323	Sleep myoclonus	تشنجات عضلية أثناء النوم
HP:0012324	Myeloid leukemia	سرطان الدم نخاعي
HP:0012325	Chronic myelomonocytic leukemia	سرطان الدم المزمن
HP:0033242	Horseshoe lung	اندماج الرئة الخلفي
HP:0033243	Pulmonary necrosis	موت خلايا الرئة
HP:0033244	Glycogen accumulation in pulmonary interstitial cells	تراكم الجليكوجين في رئة
HP:0033245	Abnormal alveolar type II pneumocyte morphology	تشوه خلايا رئوية نوع II
HP:0033246	Type II pneumocyte hypertrophy	تضخم خلايا رئوية نوع II
HP:0033247	Pulmonary amyloidosis	تراكم بروتين غير طبيعي في الرئة
HP:0033248	Multiple pulmonary interstitial hyalinized nodules	عقيدات ليفية في الرئة
HP:0033249	Focal substantia nigra T2 hyperintensity	زيادة إضاءة المادة السوداء في التصوير بالرنين
HP:0033250	Nailfold capillary tortuosity	تعرج الأوعية الدموية في الأظافر
HP:0033251	Elevated residual volume	زيادة الهواء المتبقي في الرئة
HP:0033252	Palmar hyperlinearity	علامات جلد بارزة على راحة اليد
HP:0033253	Reduced circulating interferon gamma concentration	انخفاض أحد بروتينات المناعة في الدم
HP:0033254	Anorectal stricture	تضييق في منطقة الشرج
HP:0033255	Congenital lobar overinflation	تضخم خلقي في جزء من الرئة
HP:0033256	Pancolitis	التهاب في كل أجزاء القولون
HP:0033257	Delayed ability to walk with support	تأخر الطفل في المشي مع التمسك
HP:0033258	Sudden unexpected death in epilepsy	وفاة مفاجئة بسبب الصرع
HP:0033259	Non-motor seizure	نوبة بدون حركات مفاجئة
HP:0012326	Abnormal celiac artery morphology	تشوه الشريان البطني
HP:0012327	Celiac artery compression	ضغط الشريان البطني
HP:0012328	Cementoma	ورم الأسنان
HP:0012329	Tufted angioma	ورم وعائي في الجلد
HP:0010495	Amniotic constriction rings of legs	حلقات انقباض في الأرجل
HP:0010496	Hypertrophy of the lower limb	زيادة حجم القدمين
HP:0010497	Sirenomelia	التصاق الساقين
HP:0010498	Bipartite patella	كسر في عظمة الركبة
HP:0010499	Patellar subluxation	خلع جزئي في الرضفة
HP:0010500	Hyperextensibility of the knee	تمدد الركبة بشكل مفرط
HP:0010501	Limitation of knee mobility	حركة محدودة في الركبة
HP:0010502	Fibular bowing	انحناء عظم الساق
HP:0010503	Fibular duplication	عظم الساق المزدوج
HP:0010504	Increased length of the tibia	زيادة طول الساق السفلية
HP:0010505	Limitation of movement at ankles	تقييد حركة الكاحل
HP:0010506	Abnormal plantar dermatoglyphics	نقوش القدم غير العادية
HP:0010507	Foot asymmetry	اختلاف بين القدمين
HP:0010508	Metatarsus valgus	مشط القدم للخارج
HP:0010509	Aplasia of the tarsal bones	غياب عظم الكاحل
HP:0010510	Hypermobility of toe joints	زيادة حركة مفاصل الأصابع
HP:0010511	Long toe	طول غير معتاد للأصابع
HP:0010512	Adrenal calcification	تكلس الغدد الكظرية
HP:0010513	Pituitary calcification	تكلس في الغدة النخامية
HP:0010514	Hyperpituitarism	زيادة إفراز هرمونات الغدة النخامية
HP:0010515	Aplasia/Hypoplasia of the thymus	غياب أو نقص تطور الغدة الزعترية
HP:0010516	Thymus hyperplasia	تضخم الغدة الزعترية
HP:0010517	Ectopic thymus tissue	موقع غير طبيعي للغدة الزعترية
HP:0010518	Thyroglossal cyst	كيس في الغدة الدرقية
HP:0010519	Increased fetal movement	حركة زائدة للجنين
HP:0010521	Gait apraxia	صعوبة في المشي
HP:0025748	Restricted tongue movement	صعوبة تحريك اللسان
HP:0025749	Asymmetric blood pressure between limbs	فرق في قياس ضغط الدم بين اليدين أو القدمين
HP:0025750	Asymmetric blood pressure between legs	فرق في قياس ضغط الدم بين الساقين
HP:0025751	Reduced anterior scleral thickness	الصلبة الأمامية أقل سماكة
HP:0025752	Reduced posterior scleral thickness	الصلبة الخلفية أقل سماكة
HP:0025753	Elevated urinary 2-aminoisobutyric acid	ارتفاع حمض أميني في البول
HP:0025754	Reduced beta-hexosaminidase A activity	انخفاض إنزيم في الدم
HP:0025755	Abnormal nail shape	شكل غير عادي للظفر
HP:0025756	Abnormal nail attachment	مشاكل في تعلق الظفر
HP:0025757	Abnormal nail surface	سطح غير عادي للظفر
HP:0010532	Paroxysmal vertigo	نوبات دوار
HP:0010533	Spasmus nutans	تشنج يافع
HP:0010534	Transient global amnesia	فقدان مؤقت للذاكرة
HP:0010535	Sleep apnea	توقف التنفس أثناء النوم
HP:0010536	Central sleep apnea	انقطاع التنفس المركزي أثناء النوم
HP:0010537	Wide cranial sutures	دروز جمجمة كبيرة
HP:0010538	Small sella turcica	صغر الحفرة النخامية
HP:0010539	Thin calvarium	عظم جمجمة رقيق
HP:0010540	Advanced pneumatization of cranial sinuses	زيادة تصخيم في جيوب الجمجمة
HP:0010541	Cutis gyrata of scalp	تجاعيد فروة الرأس
HP:0010542	Vestibular nystagmus	حركات غير طبيعية في العين بسبب مشاكل توازن
HP:0010543	Opsoclonus	حركات غير مستمرة وكبيرة للعين في كل الاتجاهات
HP:0025740	Elevated brain succinate level by MRS	زيادة في مستوى سوكسينات الدماغ عند الفحص بالرنين المغناطيسي
HP:0025741	Brainstem lucency	منطقة في جذع الدماغ تظهر أقل كثافة في الصور الطبية
HP:0025742	Elevated urine L-xylulose level	زيادة في نسبة زيلولوز في البول
HP:0025743	Elevated urine biliverdin level	زيادة في نسبة بيلفيردين في البول
HP:0025744	Elevated urine dodecanedioic acid level	زيادة في نسبة حمض دوديكانديويك في البول
HP:0025745	Abnormal urine amino acid level	تغير في نسبة الأحماض الأمينية في البول
HP:0025746	Diminished urine glutamine level	نقص في نسبة الجلوتامين في البول
HP:0025747	Tongue spasticity	تصلب في عضلات اللسان
HP:0010522	Dyslexia	صعوبة في القراءة
HP:0010523	Alexia	العمى عن الكلمات
HP:0010524	Disturbed sensory perception	اضطراب حسي
HP:0010525	Finger agnosia	عدم القدرة على التعرف على الأصابع
HP:0010526	Dysgraphia	صعوبة في الكتابة
HP:0010527	Astereognosis	عدم القدرة على تعرف الأشياء باللمس
HP:0010528	Prosopagnosia	عدم القدرة على تعرف الوجوه
HP:0010529	Echolalia	ترديد الكلام
HP:0010530	Palatal tremor	اهتزاز لا إرادي في الحنك
HP:0010531	Spinal myoclonus	تشنجات لا إرادية في العمود الفقري
HP:0025758	Characteristic of mass	خاصية الكتلة
HP:0025759	Mobile lump	نتوء متحرك
HP:0025760	Immobile lump	نتوء ثابت
HP:0025761	Painless mass	نتوء غير مؤلم
HP:0025762	Anti-ganglionic acetylcholine receptor antibody positivity	أجسام مضادة لمستقبلات الأسيتيل كولين
HP:0025763	Positive urine anion gap	فارق أيونات البول
HP:0025764	Nasoethmoidal encephalocele	نتوء دماغي عبر الأنف
HP:0025765	Rubber-like lump	نتوء طري
HP:0025766	Abnormal affect	مشاعر غير طبيعية
HP:0025769	Disordered formal thought process	تفكير غير منظم
HP:0009225	Aplasia of the proximal phalanx of the 5th finger	عدم وجود العظم الداخلي للإصبع الصغير
HP:0009226	Short proximal phalanx of the 5th finger	قصر العظم الداخلي للإصبع الصغير
HP:0009227	Broad proximal phalanx of the 5th finger	اتساع العظم الداخلي للإصبع الصغير
HP:0009228	Bullet-shaped proximal phalanx of the 5th finger	العظم الداخلي للإصبع الصغير شكل رصاصة
HP:0009229	Curved proximal phalanx of the 5th finger	العظم الداخلي المنحني للإصبع الصغير
HP:0009230	Osteolytic defects of the proximal phalanx of the 5th finger	تحلل العظم الداخلي للإصبع الصغير
HP:0009231	Patchy sclerosis of the proximal phalanx of the 5th finger	زيادة غير متساوية في كثافة العظم الداخلي للإصبع الصغير
HP:0009232	Symphalangism affecting the proximal phalanx of the 5th finger	التحام العظم الداخلي للإصبع الصغير
HP:0009233	Triangular shaped proximal phalanx of the 5th finger	العظم الداخلي للإصبع الصغير شكل مثلث
HP:0009234	Symphalangism of the proximal phalanx of the 5th finger with the 5th metacarpal	التحام العظم الداخلي للإصبع الصغير مع العظم الطويل الخامس لليد
HP:0025770	2-3 finger osseus syndactyly	التحام الأصابع
HP:0025771	Ruminations	اجترار الأفكار
HP:0025772	Abnormal lexical patterns	كلام غير طبيعي
HP:0020300	Abnormal elbow morphology	عيب في الكوع
HP:0020301	Abnormal elbow physiology	وظيفة غير طبيعية في الكوع
HP:0020302	Restrictive eating	التقليل من الطعام
HP:0020303	Abnormal fetal abdominal circumference	محيط بطن الجنين غير طبيعي
HP:0020304	Increased fetal abdominal circumference	محيط البطن الجنيني كبير
HP:0020305	Abnormal fetal head circumference	محيط رأس الجنين غير طبيعي
HP:0020306	Decreased fetal head circumference	محيط رأس الجنين صغير
HP:0020307	Increased fetal head circumference	زيادة حجم رأس الجنين
HP:0009216	Cone-shaped epiphysis of the middle phalanx of the 4th finger	نهاية مخروطية لعظمة الإصبع البنصر الوسطى
HP:0009217	Enlarged epiphysis of the middle phalanx of the 4th finger	تضخم النهاية العظمية للإصبع البنصر الوسطى
HP:0009218	Fragmentation of the epiphysis of the middle phalanx of the 4th finger	تجزؤ النهاية العظمية للإصبع البنصر الوسطى
HP:0009219	Irregular epiphysis of the middle phalanx of the 4th finger	عدم انتظام النهاية العظمية للإصبع البنصر الوسطى
HP:0009220	Ivory epiphysis of the middle phalanx of the 4th finger	زيادة كثافة العظم في نهاية الإصبع البنصر الوسطى
HP:0009221	Pseudoepiphysis of the middle phalanx of the 4th finger	نهاية عظمية إضافية كاذبة للإصبع البنصر الوسطى
HP:0009222	Small epiphysis of the middle phalanx of the 4th finger	صغر النهاية العظمية للإصبع البنصر الوسطى
HP:0009223	Stippling of the epiphysis of the middle phalanx of the 4th finger	نقط كلسية في نهاية الإصبع البنصر الوسطى
HP:0009224	Triangular epiphysis of the middle phalanx of the 4th finger	نهاية مثلثة للإصبع البنصر الوسطى
HP:0009236	Rhomboid or triangular shaped 5th finger proximal phalanx	عظمة الإصبع الأصغر بشكل معين أو مثلث
HP:0009237	Short 5th finger	الإصبع الأصغر قصير
HP:0009238	Aplasia of the 5th finger	الإصبع الأصغر غائب
HP:0009239	Aplasia/Hypoplasia of the distal phalanx of the 5th finger	عظمة الإصبع الأصغر الخارجية غائبة أو صغيرة
HP:0009240	Broad distal phalanx of the 5th finger	عظمة الإصبع الأصغر الخارجية عريضة
HP:0009241	Bullet-shaped distal phalanx of the 5th finger	عظمة الإصبع الأصغر الخارجية على شكل رصاصة
HP:0009242	Osteolytic defects of the distal phalanx of the 5th finger	عيوب انحلالية في عظمة الإصبع الأصغر الخارجية
HP:0009243	Patchy sclerosis of the distal phalanx of the 5th finger	زيادة غير منتظمة في كثافة العظام في عظمة الإصبع الأصغر الخارجية
HP:0009244	Distal/middle symphalangism of 5th finger	اندماج عظمتي الإصبع الأصغر البعيد والوسطى
HP:0009245	Triangular shaped distal phalanx of the 5th finger	عظمة الإصبع الأصغر الخارجية على شكل مثلث
HP:0009246	Aplasia of the distal phalanx of the 5th finger	غياب عظمة الإصبع الصغير البعيدة
HP:0009247	Abnormality of the epiphysis of the middle phalanx of the 4th finger	تشوه نهاية العظمة الوسطى للإصبع البنصر
HP:0009248	Abnormality of the epiphysis of the proximal phalanx of the 4th finger	تشوه نهاية العظمة الداخلية للإصبع البنصر
HP:0009249	Abnormality of the epiphysis of the distal phalanx of the 4th finger	تشوه نهاية العظمة الخارجية للإصبع البنصر
HP:0009250	Absent epiphysis of the distal phalanx of the 4th finger	غياب نهاية العظمة الخارجية للإصبع البنصر
HP:0009251	Bracket epiphysis of the distal phalanx of the 4th finger	نهاية العظمة الخارجية للإصبع البنصر بشكل قوس
HP:0009252	Cone-shaped epiphysis of the distal phalanx of the 4th finger	نهاية العظمة الخارجية للإصبع البنصر بشكل مخروط
HP:0009253	Enlarged epiphysis of the distal phalanx of the 4th finger	نهاية العظمة الخارجية للإصبع البنصر مكبرة
HP:0009254	Fragmentation of the epiphysis of the distal phalanx of the 4th finger	تفكك نهاية العظمة الخارجية للإصبع البنصر
HP:0009255	Irregular epiphysis of the distal phalanx of the 4th finger	نهاية العظمة الخارجية للإصبع البنصر غير منتظمة
HP:0009266	Irregular epiphysis of the proximal phalanx of the 4th finger	نهاية غير منتظمة للعظم الأقرب في الإصبع الرابع
HP:0009267	Ivory epiphysis of the proximal phalanx of the 4th finger	كثافة عظمية زائدة في نهاية العظم الأقرب في الإصبع الرابع
HP:0009268	Pseudoepiphysis of the proximal phalanx of the 4th finger	المشاشة الكاذبة في الإصبع الرابع
HP:0009269	Small epiphysis of the proximal phalanx of the 4th finger	نهاية صغيرة للعظم الأقرب في الإصبع الرابع
HP:0009270	Stippling of the epiphysis of the proximal phalanx of the 4th finger	تكلسات منقطة في نهاية العظم الأقرب في الإصبع الرابع
HP:0009271	Triangular epiphysis of the proximal phalanx of the 4th finger	نهاية مثلثة الشكل للعظم الأقرب في الإصبع الرابع
HP:0009272	Aplasia/Hypoplasia of the 4th finger	غياب/صغر عظم الإصبع الرابع
HP:0009273	Deviation of the 4th finger	انحراف الإصبع الرابع
HP:0009274	Joint contracture of the 4th finger	تقلص مفاصلي في الإصبع الرابع
HP:0009275	Contracture of the distal interphalangeal joint of the 4th finger	تقلص في مفصل الإصبع الرابع
HP:0009256	Ivory epiphysis of the distal phalanx of the 4th finger	زيادة كثافة العظم في نهاية أصبع الخاتم
HP:0009257	Pseudoepiphysis of the distal phalanx of the 4th finger	وجود نواة نمو أخرى في السلامية من أصبع الخاتم
HP:0009258	Small epiphysis of the distal phalanx of the 4th finger	نواة نمو صغيرة في نهاية أصبع الخاتم
HP:0009259	Stippling of the epiphysis of the distal phalanx of the 4th finger	وجود ترسيبات نقطية في نهاية أصبع الخاتم
HP:0009260	Triangular epiphysis of the distal phalanx of the 4th finger	نواة نمو مثلثة الشكل في نهاية أصبع الخاتم
HP:0009261	Absent epiphysis of the proximal phalanx of the 4th finger	غياب نهاية العظم الأقرب من أصبع الخاتم
HP:0009262	Bracket epiphysis of the proximal phalanx of the 4th finger	نواة نمو بشكل قوس في أصبع الخاتم
HP:0009263	Cone-shaped epiphysis of the proximal phalanx of the 4th finger	نواة نمو مخروطية الشكل في نهاية أصبع الخاتم
HP:0009264	Enlarged epiphysis of the proximal phalanx of the 4th finger	نهاية العظم الكبيرة القريبة من أصبع الخاتم
HP:0009265	Fragmentation of the epiphysis of the proximal phalanx of the 4th finger	تجزئة نهاية العظم القريبة من أصبع الخاتم
HP:0020312	Focal hyperpigmented area associated with subretinal scar tissue	منطقة داكنة تحت العين
HP:0020313	Discrete fundus hypopigmentation	منطقة فاتحة في شبكية العين
HP:0025002	Abnormal cecum morphology	شكل غير طبيعي للأعور
HP:0025003	Flail chest	كسور في الأضلاع تسبب صدر غير مستقر
HP:0025004	Hallux rigidus	التهاب المفاصل في إصبع القدم الكبير
HP:0025005	Thickening of glomerular capillary wall	جدار الشعيرات الدموية السميك في الكلى
HP:0025006	Abnormal glomerular capillary morphology	شكله غير طبيعي في شعيرات الكلى
HP:0025007	Ectopic fovea	مكان غير صحيح لبقعة الرؤية المركزية
HP:0025008	Tracheal tug on inspiration	حركة لأسفل في القصبة الهوائية أثناء التنفس
HP:0025009	Forward slanting upper incisors	ميلان الأسنان للأمام
HP:0009276	Contracture of the proximal interphalangeal joint of the 4th finger	التواء الإصبع الرابع
HP:0009277	Contracture of the metacarpophalangeal joint of the 4th finger	انحناء المفصل بين راحة اليد والإصبع الرابع
HP:0009278	Ulnar deviation of the 4th finger	انحراف الإصبع الرابع نحو الإصبع الخامس
HP:0009279	Radial deviation of the 4th finger	انحراف الإصبع الرابع نحو الإبهام
HP:0009280	Short 4th finger	قصر الإصبع الرابع
HP:0009281	Aplasia of the 4th finger	فقدان الإصبع الرابع
HP:0020308	Increased anteroposterior lens thickness	زيادة سمك العدسة
HP:0020309	Ankle instability	ضعف الكاحل
HP:0020310	Retinal phlebitis	التهاب العروق في العين
HP:0020311	Ophthalmic artery hypoperfusion	نقص إمداد الدم إلى العين
HP:0025010	Foveal atrophy	تآكل مركز الشبكية
HP:0025011	Pyriform aperture stenosis	تضيق فتحة الأنف الأمامية
HP:0025012	Status cribrosum	وجود فراغات في الدماغ
HP:0025013	Decerebrate rigidity	تيبس عضلي شديد
HP:0025014	Subcutaneous spheroids	نتوءات صلبة تحت الجلد
HP:0025015	Abnormal vascular morphology	شذوذ في شكل الأوعية الدموية
HP:0025016	Abnormal capillary morphology	شذوذ في شكل الشعيرات الدموية
HP:0025017	Capillary fragility	شعيرات ضعيفة وسهلة الانفجار
HP:0025773	Abnormal semantics	استخدام غريب للكلمات
HP:0025774	Idiosyncratic use of words	استخدام غريب للكلمات
HP:0025775	Tangential speech	كلام غير واضح
HP:0025776	Thought insertion	شعور بأفكار غريبة
HP:0025777	Thought broadcasting	شعور بأن الأفكار معلنة
HP:0025778	Thought echo	شعور بتكرار الأفكار
HP:0025779	Disorder of thought content	أفكار غير طبيعية
HP:0025780	Abnormal volitional state	قلة الإرادة أو الطاقة
HP:0025781	Abnormally rapid thought process	سرعة التفكير الزائدة
HP:0025782	Abnormal syntax	مشاكل تركيب الجمل
HP:0025783	Diagnostic behavioral phenotype	تشخيص السلوك
HP:0025784	Word salad	كلام غير مترابط
HP:0025785	Abnormal preoccupation	تفكير زائد
HP:0025786	Intraosseous lipoma	ورم دهني بالعظم
HP:0025787	Paraphilia	اهتمامات جنسية غير تقليدية
HP:0025788	Radiographic modifier	ميزة في الأشعة
HP:0025789	Radiolucent	يظهر داكن بالأشعة
HP:0025790	Radiodense	يظهر أبيض بالأشعة
HP:0025791	Delusion of guilt	شعور بالذنب غير مبرر
HP:0025792	Abnormal cognitive process	عملية تفكير غير طبيعية
HP:0025793	Abnormal change in sexual drive	تغير في الرغبة الجنسية
HP:0025794	Reduced MHC I cell surface expression	انخفاض في بروتينات سطح الخلية
HP:0025795	Positive urine infectious agent test	اختبار عدوى إيجابي في البول
HP:0025796	Positive urine Legionella pneumophila antigen test	اختبار مستضد الليجيونيلا في البول
HP:0025797	Unilateral sensorineural hearing impairment	ضعف السمع في أذن واحدة
HP:0025798	Abnormal wrist morphology	تشوه في رسغ اليد
HP:0025799	Abnormal wrist physiology	خلل وظيفي في رسغ اليد
HP:0025800	Wrist instability	عدم ثبات رسغ اليد
HP:0025801	Nail elevation	رفع الظفر عن السرير
HP:0025802	Talipes varus	التواء القدم إلى الداخل
HP:0025803	Mucocutaneous lesion painful	آفة جلدية مؤلمة
HP:0025804	Painful lymphadenopathy	ألم في العقد اللمفاوية
HP:0025805	Absent circulating T cells	غياب الخلايا المناعية التائية
HP:0025806	Abnormal total B cell count	عدد غير طبيعي للخلايا المناعية البائية
HP:0025807	Decreased natural killer cell degranulation	انخفاض إفراز الخلايا القاتلة الطبيعية
HP:0025808	Decreased natural killer cell-induced killing of target cells	انخفاض فعالية قتل الخلايا الطبيعية
HP:0025809	Generalized scaling	تقشير جلدي واسع النطاق
HP:0025810	Ichthyosis linearis circumflexa	بقع جلدية بملامح حرشفية
HP:0025811	Trichorrhexis invaginata	شعر بشكل البامبو
HP:0025812	Seborrheic scales on scalp	قشور فروة الرأس
HP:0025813	Eyebrow scaling skin	قشور على الحواجب
HP:0025814	Patchy stratum granulosum of epidermis	طبقة حبيبية غير متجانسة في الجلد
HP:0030687	Abnormal glucagon level	مستوى غير طبيعي للهرمون جلوكاجون
HP:0030688	Increased glucagon level	ارتفاع مستوى الجلوكاجون في الدم
HP:0030689	Decreased glucagon level	نقص مستوى الجلوكاجون في الدم
HP:0030690	Gingival cleft	تشقق في اللثة
HP:0030691	Divergence nystagmus	حركة غير طبيعية للخارج للعيون
HP:0030692	Brain neoplasm	نمو غير طبيعي في الدماغ
HP:0030693	Supratentorial neoplasm	ورم في الجزء العلوي من الدماغ
HP:0030694	Pineal parenchymal cell neoplasm	ورم في الغدة الصنوبرية
HP:0030706	Ranula	كيس في الفم تحت اللسان
HP:0030707	Unilateral lung agenesis	عدم تطور إحدى الرئتين
HP:0025815	Absent stratum granulosum of epidermis	عدم وجود طبقة حبيبية في الجلد
HP:0025816	Hypogranulosis	قلة الطبقة الحبيبية في الجلد
HP:0025817	Psoriasiform acanthosis	تضخم جلد يشبه الصدفية
HP:0025818	Intraepidermal microabscess formation	خلايا التهابية في الجلد
HP:0025819	Palmoplantar peeling	تقشر الجلد في اليدين والقدمين
HP:0025820	Offspring of consanguineous relationship	طفل من زواج قريب
HP:0025821	Lower eyelid erythema	احمرار الجلد تحت العين
HP:0025822	Upper eyelid erythema	احمرار الجلد فوق العين
HP:0025823	Positive provocative functional shoulder test	اختبار ألم الكتف
HP:0030675	Contracture of proximal interphalangeal joints of 2nd-5th fingers	تيبس في مفاصل الأصابع
HP:0030676	Satyr ear	أذن مدببة
HP:0030677	Mozart ear	تشوه الأذن الخلقي
HP:0030679	Ash-leaf spot	بقعة فاتحة
HP:0030680	Abnormal cardiovascular system morphology	تشوهات القلب والأوعية الدموية
HP:0030681	Abnormal morphology of myocardial trabeculae	تشوه عضلات القلب
HP:0030682	Left ventricular noncompaction	تشوه عضلة القلب اليسرى
HP:0030683	Recurrent bacterial vaginosis	التهابات المهبل
HP:0030684	Abnormal adiponectin level	تغير مستوى الأديبونكتين
HP:0030685	Decreased adiponectin level	انخفاض الأديبونكتين
HP:0030686	Increased adiponectin level	ارتفاع الأديبونكتين
HP:0030708	Myeloschisis	انفتاح في النخاع الشوكي
HP:0030709	Myelocystocele	توسع كيسي في نهاية النخاع الشوكي
HP:0030710	Lipomeningocele	تشوه خلفي مغلق في النخاع الشوكي
HP:0030711	Hydrocolpos	امتلاء المهبل بالسوائل
HP:0012656	Reduced CSF dopamine concentration	انخفاض الدوبامين في السائل المحيط بالدماغ
HP:0012657	Abnormal brain positron emission tomography	مسح دماغي غير طبيعي
HP:0012658	Abnormal brain FDG positron emission tomography	مسح دماغي باستخدام FDG غير طبيعي
HP:0012659	Prefrontal hypometabolism in FDG PET	انخفاض النشاط في الجزء الأمامي من الدماغ
HP:0012660	Thalamic hypometabolism in FDG PET	انخفاض النشاط في الثالاموس
HP:0012661	Hypothalamic hypometabolism in FDG PET	انخفاض النشاط في الوطاء
HP:0012672	Akinetic mutism	عدم الحركة والتحدث
HP:0012673	Aplasia of the upper vagina	عدم وجود الجزء العلوي من المهبل
HP:0012674	Aplasia of the lower vagina	عدم وجود الجزء السفلي من المهبل
HP:0012675	Iron accumulation in brain	تراكم الحديد في الدماغ
HP:0012676	Copper accumulation in brain	تراكم النحاس في الدماغ
HP:0012678	Iron accumulation in substantia nigra	تراكم الحديد في المادة السوداء
HP:0012679	Widened interpedicular distance	زيادة التباعد بين عظام العمود الفقري
HP:0012680	Abnormality of the pineal gland	مشاكل في الغدة الصنوبرية
HP:0012681	Abnormal pineal morphology	شكل غير طبيعي للغدة الصنوبرية
HP:0012682	Pineal gland calcification	تكلس الغدة الصنوبرية
HP:0012693	Abnormal thalamic size	حجم المهاد غير طبيعي
HP:0012694	Enlarged thalamic volume	كبر حجم المهاد
HP:0012695	Decreased thalamic volume	صغر حجم المهاد
HP:0012696	Abnormal thalamic MRI signal intensity	إشارة غير طبيعية في صورة المهاد
HP:0012697	Small basal ganglia	صغر حجم العقد القاعدية
HP:0012698	Cerebellar gliosis	نمو الغراء العصبي في المخيخ
HP:0012699	Anomaly of lower limb diaphyses	خلل في عظم الساق
HP:0012700	Abnormal large intestine physiology	خلل في وظيفة الأمعاء الغليظة
HP:0012701	Bowel urgency	الإلحاح للتبرز
HP:0012702	Tenesmus	الرغبة المؤلمة في التبرز
HP:0012662	Parietal hypometabolism in FDG PET	انخفاض نشاط في الفص الجداري
HP:0012663	Mildly reduced left ventricular ejection fraction	انخفاض طفيف في ضخ البطين الأيسر
HP:0012664	Reduced left ventricular ejection fraction	انخفاض في ضخ البطين الأيسر
HP:0012665	Moderately reduced left ventricular ejection fraction	انخفاض معتدل في ضخ البطين الأيسر
HP:0012666	Severely reduced left ventricular ejection fraction	انخفاض شديد في ضخ البطين الأيسر
HP:0012667	Regional left ventricular wall motion abnormality	خلل في حركة جزء من البطين الأيسر
HP:0012668	Vasovagal syncope	إغماء مفاجئ
HP:0012669	Carotid sinus syncope	إغماء بسبب استجابة جيب السباتي
HP:0012670	Orthostatic syncope	إغماء بسبب الوقوف فجأة
HP:0012671	Abulia	تخاذل الإرادة
HP:0012683	Pineal cyst	كيسة في الغدة الصنوبرية
HP:0012684	Abnormal pineal volume	تغير حجم الغدة الصنوبرية
HP:0012685	Decreased pineal volume	صغر حجم الغدة الصنوبرية
HP:0012686	Increased pineal volume	كبر حجم الغدة الصنوبرية
HP:0012687	Agenesis of pineal gland	عدم وجود الغدة الصنوبرية
HP:0012688	Abnormality of pineal physiology	خلل وظيفة الغدة الصنوبرية
HP:0012689	Abnormal pineal melatonin secretion	خلل في إفراز الميلاتونين من الغدة الصنوبرية
HP:0012690	T2 hypointense thalamus	المهاد الداكن في التصوير بالرنين المغناطيسي
HP:0012691	Focal T2 hypointense thalamic lesion	بقعة داكنة في المهاد في التصوير
HP:0012692	Focal T2 hyperintense thalamic lesion	بقعة فاتحة في المهاد في التصوير
HP:0012703	Abnormal subarachnoid space morphology	تشوه فضاء في الدماغ
HP:0012704	Widened subarachnoid space	اتساع الفضاء الدماغي
HP:0012705	Abnormal metabolic brain imaging by MRS	تصوير غير طبيعي لدماغ بالأشعة
HP:0012706	Elevated brain choline level by MRS	زيادة الكولين في الدماغ
HP:0012707	Elevated brain lactate level by MRS	زيادة اللاكتات في الدماغ
HP:0012708	Reduced brain N-acetyl aspartate level by MRS	انخفاض N-acetyl aspartate في الدماغ
HP:0012709	Abnormal brain choline/creatine ratio by MRS	خلل في نسبة كولين/كرياتين
HP:0012710	Ingrown nail	ظفر داخل الجلد
HP:0012711	Delayed ossification of vertebral epiphysis	تأخر في نضوج عظمة الفقرات
HP:0012712	Mild hearing impairment	ضعف سمع خفيف
HP:0012713	Moderate hearing impairment	ضعف السمع المعتدل
HP:0012714	Severe hearing impairment	ضعف السمع الشديد
HP:0012715	Profound hearing impairment	ضعف السمع العميق
HP:0012716	Moderate conductive hearing impairment	ضعف السمع التوصيلي المعتدل
HP:0012717	Severe conductive hearing impairment	ضعف السمع التوصيلي الشديد
HP:0012718	Abnormal gastrointestinal tract morphology	تشوه في شكل الجهاز الهضمي
HP:0012719	Functional abnormality of the gastrointestinal tract	خلل وظيفي في الجهاز الهضمي
HP:0012720	Neoplasm of the nose	ورم في الأنف
HP:0012721	Venous malformation	خلل في الأوردة
HP:0012722	Heart block	انسداد القلب
HP:0012723	Sinoatrial block	اضطراب توصيل نبضات القلب
HP:0012724	Upper eyelid edema	تورم الجفن العلوي
HP:0012725	Cutaneous syndactyly	التصاق الأصابع
HP:0012726	Episodic hypokalemia	انخفاض البوتاسيوم المتكرر
HP:0012727	Thoracic aortic aneurysm	زيادة في حجم الشريان الأبهر الصدري
HP:0012728	Fusiform descending thoracic aortic aneurysm	تمدد المغزلي للشريان الأبهر
HP:0012729	Saccular descending thoracic aortic aneurysm	تمدد الكيسي للشريان الأبهر
HP:0012730	Aglossia	عدم وجود اللسان
HP:0012731	Ectopic anterior pituitary gland	غدة نخامية في مكان غير طبيعي
HP:0012732	Anorectal anomaly	خلل في منطقة الشرج أو المستقيم
HP:0012733	Macule	منطقة مسطحة ومتلونة على الجلد
HP:0012734	Ketotic hypoglycemia	انخفاض سكر الدم مع الكيتون
HP:0012735	Cough	سعال
HP:0012736	Profound global developmental delay	تأخر شديد في تطور الطفل
HP:0012737	Small intestinal polyp	كتلة غير طبيعية في الأمعاء الدقيقة
HP:0012738	Agenesis of canine	غياب الناب
HP:0012739	Agenesis of the small intestine	الأمعاء الدقيقة غير مكتملة النمو
HP:0012740	Papilloma	ورم جلدي بروز
HP:0012741	Unilateral cryptorchidism	غياب الخصية من كيس الصفن في جانب واحد
HP:0012742	Thin fingernail	ظفر رقيق
HP:0012743	Abdominal obesity	دهون زائدة حول البطن
HP:0012744	Femoral aplasia	عدم وجود عظم الفخذ
HP:0012745	Short palpebral fissure	قصر الفتحة بين الجفون
HP:0012746	Thin toenail	الرقة في أظافر القدم
HP:0012747	Abnormal brainstem MRI signal intensity	تغير في إشارة الرنين المغناطيسي لجذع المخ
HP:0012748	Focal T2 hyperintense brainstem lesion	بقعة فاتحة في جذع الدماغ في الرنين المغناطيسي
HP:0012749	Focal T2 hypointense brainstem lesion	بقعة داكنة في جذع الدماغ في الرنين المغناطيسي
HP:0012750	T2 hypointense brainstem	جذع الدماغ الداكن في الرنين المغناطيسي
HP:0012751	Abnormal basal ganglia MRI signal intensity	تغير في إشارة الرنين المغناطيسي للعقد القاعدية
HP:0009582	Bullet-shaped proximal phalanx of the 2nd finger	عظم صغير في الإصبع الثاني يشبه الرصاصة
HP:0009583	Curved proximal phalanx of the 2nd finger	عظام الإصبع الثاني منحنية
HP:0009584	Osteolytic defects of the proximal phalanx of the 2nd finger	تحلل في عظام الإصبع الثاني
HP:0009585	Patchy sclerosis of the proximal phalanx of the 2nd finger	زيادة غير منتظمة في كثافة العظام في الإصبع الثاني
HP:0009586	Symphalangism affecting the proximal phalanx of the 2nd finger	التحام العظام في الإصبع الثاني
HP:0009587	Triangular shaped proximal phalanx of the 2nd finger	عظم مثلث الشكل في الإصبع الثاني
HP:0009588	Vestibular schwannoma	ورم في العصب السمعي
HP:0009589	Bilateral vestibular schwannoma	أورام عصبية صوتية في كلا الجانبين
HP:0009590	Unilateral vestibular schwannoma	ورم عصبي صوتي في جانب واحد
HP:0009591	Abnormal vestibulocochlear nerve morphology	تشوه في العصب السمعي التوازني
HP:0009592	Astrocytoma	ورم في الجهاز العصبي المركزي
HP:0009593	Peripheral schwannoma	ورم عصبي
HP:0009594	Retinal hamartoma	ورم حميد في الشبكية
HP:0009596	Aplasia of the proximal phalanx of the 2nd finger	عدم وجود العظمة الداخلية للإصبع الثاني
HP:0009597	Short proximal phalanx of the 2nd finger	قصر عظمة الإصبع الثاني
HP:0009598	Symphalangism of the proximal phalanx of the 2nd finger with the 2nd metacarpal	التصاق العظمة الداخلية للإصبع الثاني مع العظمة الطويلة الثانية لليد
HP:0009599	Abnormality of thumb epiphysis	تشوه نهاية عظمة الإبهام
HP:0009600	Thumb contracture	تقلص مفصل الإبهام
HP:0009601	Aplasia/Hypoplasia of the thumb	غياب/عدم نماء الإبهام
HP:0009602	Abnormality of thumb phalanx	تشوه عظام الإبهام
HP:0009603	Deviation of the thumb	تموضع غير طبيعي للإبهام
HP:0009606	Complete duplication of distal phalanx of the thumb	ازدواج كامل لعظمة الإبهام الخارجية
HP:0030919	Low 5-minute APGAR score	نتيجة أبغار منخفضة بعد 5 دقائق
HP:0030920	5-minute APGAR score of 0	نتيجة أبغار صفر بعد 5 دقائق
HP:0030921	5-minute APGAR score of 1	نتيجة أبغار واحد بعد 5 دقائق
HP:0030922	5-minute APGAR score of 2	نتيجة أبغار اثنين بعد 5 دقائق
HP:0030923	5-minute APGAR score of 3	نتيجة أبغار ثلاثة بعد 5 دقائق
HP:0030924	5-minute APGAR score of 4	نتيجة أبغار أربعة بعد 5 دقائق
HP:0030925	5-minute APGAR score of 5	نتيجة أبغار خمسة بعد 5 دقائق
HP:0030926	5-minute APGAR score of 6	نتيجة أبغار ستة بعد 5 دقائق
HP:0030927	1-minute APGAR score of 0	نتيجة أبغار صفر بعد دقيقة واحدة
HP:0030928	1-minute APGAR score of 1	درجة أبغار 1 بعد دقيقة
HP:0030929	1-minute APGAR score of 2	درجة أبغار 2 بعد دقيقة
HP:0030930	1-minute APGAR score of 3	درجة أبغار 3 بعد دقيقة
HP:0030931	1-minute APGAR score of 4	درجة أبغار 4 بعد دقيقة
HP:0030932	1-minute APGAR score of 5	درجة أبغار 5 بعد دقيقة
HP:0030933	1-minute APGAR score of 6	درجة أبغار 6 بعد دقيقة
HP:0030934	Oral erythroplakia	بقعة حمراء في الفم
HP:0030935	Abnormal intestinal smooth muscle morphology	شكل غير طبيعي لعضلات الأمعاء
HP:0030936	Abnormal layering of muscularis propria	طبقات غير طبيعية لعضلات الأمعاء
HP:0030937	Fibrotic muscularis propria	ألياف زائدة في الأمعاء
HP:0030938	Enteric intraneuronal nuclear inclusion bodies	تجمعات غير طبيعية في خلايا الأعصاب المعوية
HP:0030939	Palpebral thickening	زيادة سماكة الجفن
HP:0030943	Vulvodynia	ألم في منطقة الفرج
HP:0030946	Conjunctival papillae	نتوءات تحت الجفن العلوي
HP:0030947	Conjunctival follicles	عقد صغيرة على الملتحمة
HP:0030948	Elevated gamma-glutamyltransferase level	زيادة في الأنزيم GGT
HP:0030949	Glomerular deposits	تجمع بروتينات في الكلى
HP:0030950	Pulmonary venous hypertension	ارتفاع ضغط الدم في الأوردة الرئوية
HP:0030951	Skeletal muscle fibrosis	تليف في العضلات
HP:0030952	Birdshot choroidal lesions	تغيرات في الكورويد مرتبطة بالكورويد الطائر
HP:0030966	Abnormal pulmonary artery morphology	شكل غير طبيعي للشريان الرئوي
HP:0030967	Abnormal pulmonary artery physiology	وظيفة غير طبيعية للشريان الرئوي
HP:0030968	Abnormal pulmonary vein morphology	شكل غير طبيعي للوريد الرئوي
HP:0030969	Abnormal pulmonary vein physiology	وظيفة غير طبيعية للوريد الرئوي
HP:0030970	Abnormal vena cava physiology	وظيفة غير طبيعية للوريد الأجوف
HP:0030972	Abnormal systemic blood pressure	ضغط الدم غير طبيعي
HP:0012752	Focal T2 hypointense basal ganglia lesion	منطقة داكنة في الصورة بالرنين المغناطيسي للعقد القاعدية
HP:0012753	T2 hypointense basal ganglia	عقد قاعدية داكنة في الصورة بالرنين المغناطيسي
HP:0012754	CNS hypermyelination	زيادة الميالين في الدماغ
HP:0012755	Enlarged brainstem	زيادة حجم جذع الدماغ
HP:0012756	CSF polymorphonuclear pleocytosis	زيادة كريات الدم البيضاء في السائل النخاعي
HP:0012757	Abnormal neuron morphology	شكل خلايا عصبية غير طبيعي
HP:0012758	Neurodevelopmental delay	تأخر في النمو العصبي
HP:0012759	Neurodevelopmental abnormality	خلل في النمو العصبي
HP:0012760	Reduced social responsiveness	صعوبة في التفاعل الاجتماعي
HP:0012761	Absent mastoid	عدم وجود النتوء الحلمي
HP:0012762	Cerebral white matter atrophy	ضعف المادة البيضاء في الدماغ
HP:0012763	Paroxysmal dyspnea	نوبة ضيق التنفس
HP:0012764	Orthopnea	صعوبة التنفس أثناء الاستلقاء
HP:0012765	Widened cerebellar subarachnoid space	اتساع الفراغ حول المخيخ
HP:0030953	Conjunctival hyperemia	احمرار العين
HP:0030955	Addictive alcohol use	إدمان الكحول
HP:0030956	Abnormality of cardiovascular system electrophysiology	مشاكل كهربية القلب
HP:0030957	Ventricular septal aneurysm	انتفاخ في الحاجز القلبي
HP:0030958	Membranous ventricular septal aneurysm	انتفاخ الغشاء الحاجزي القلبي
HP:0030959	Muscular ventricular septal aneurysm	انتفاخ العضلة الحاجزية القلبية
HP:0030961	Microspherophakia	عدسة كروية الشكل صغيرة
HP:0030962	Abnormal morphology of the great vessels	خلل في تركيب الشرايين الكبرى
HP:0030964	Abnormal aortic physiology	خلل في وظائف الشريان الأورطي
HP:0030965	Aortic stiffness	تصلب الشريان الرئيسي
HP:0012776	Abnormal ciliary body morphology	مشاكل في الجسم الهدبي
HP:0012777	Retinal neoplasm	كتلة في الشبكية
HP:0012778	Retinal astrocytic hamartoma	ورم في الشبكية
HP:0012779	Transient hearing impairment	فقدان السمع المؤقت
HP:0012780	Neoplasm of the ear	كتلة في الأذن
HP:0012550	Colonic varices	أوردة متضخمة في القولون
HP:0012551	Absent neutrophil specific granules	عدم وجود حبيبات خاصة في خلايا الدم البيضاء
HP:0012552	Increased neutrophil nuclear projections	زيادة النتوءات في خلايا الدم البيضاء
HP:0012553	Hypoplastic thumbnail	صغر ظفر الإبهام
HP:0012554	Absent thumbnail	لا يوجد ظفر للإبهام
HP:0012766	Widened cerebral subarachnoid space	مساحة الدماغ المتوسعة
HP:0012767	Abnormal placental size	حجم المشيمة غير الطبيعي
HP:0012768	Neonatal asphyxia	صعوبة تنفس حديثي الولادة
HP:0012769	Abnormal arm span	طول الذراع غير الطبيعي
HP:0012770	Reduced arm span	قصر الذراعين
HP:0012771	Increased arm span	طول الذراعين الطويل
HP:0012772	Abnormal upper to lower segment ratio	نسبة الجسم غير المتوازنة
HP:0012773	Reduced upper to lower segment ratio	نسبة الجسم المنخفضة
HP:0012774	Increased upper to lower segment ratio	نسبة الجسم المرتفعة
HP:0012775	Stellate iris	قزحية بنمط نجمي
HP:0012555	Absent nail of hallux	عدم وجود ظفر بإصبع القدم الكبير
HP:0012556	Hyperbeta-alaninemia	ارتفاع مستوى البيتا ألانين في الدم
HP:0012557	EEG with centrotemporal focal spike waves	تخطيط دماغ بموجات غير طبيعية في منطقة الرأس
HP:0012558	Abnormal T3/T4 ratio	نسبة هرمونات الغدة الدرقية غير طبيعية
HP:0012559	Increased T3/T4 ratio	زيادة نسبة هرمونات الغدة الدرقية
HP:0012560	Decreased T3/T4 ratio	انخفاض نسبة هرمونات الغدة الدرقية
HP:0012561	Unicuspid aortic valve	صمام القلب بشرفة واحدة
HP:0012562	Premature epimetaphyseal fusion in hand	توقف نمو عظام اليد مبكرًا
HP:0012563	Premature epimetaphyseal fusion in foot	توقف نمو عظام القدم مبكرًا
HP:0012564	Premature epimetaphyseal fusion in tibia	توقف نمو عظمة قصبة الساق مبكرًا
HP:0012575	Abnormal nephron morphology	تشوه في شكل الوحدة الكلوية
HP:0012576	Glomerular C3 deposition	ترسب بروتين C3 في الكلى
HP:0012577	Thin glomerular basement membrane	غشاء كبيبي أرق من المعتاد
HP:0012578	Membranous nephropathy	التهاب كبيبات الكلى الغشائي
HP:0012579	Minimal change glomerulonephritis	التهاب كبيبات الكلى بدون تغيرات كبيرة
HP:0012580	Calcium phosphate nephrolithiasis	حصيات الكلى بالكالسيوم والفوسفات
HP:0012581	Simple renal cyst	كيسة بسيطة في الكلية
HP:0012582	Bilateral renal dysplasia	تشوه الكلى من الجهتين
HP:0012583	Unilateral renal hypoplasia	كلية صغيرة من جهة واحدة
HP:0012584	Bilateral renal hypoplasia	كلتا الكليتين صغيرتين
HP:0012585	Renal atrophy	تآكل الكلى
HP:0012586	Bilateral renal atrophy	تآكل الكلى في كلا الجانبين
HP:0012587	Macroscopic hematuria	دم مرئي في البول
HP:0012588	Steroid-resistant nephrotic syndrome	متلازمة كلوية لا تستجيب للكورتيزون
HP:0012589	Multidrug-resistant nephrotic syndrome	متلازمة كلوية لا تستجيب للعلاج
HP:0012590	Abnormal urine output	كمية غير طبيعية من البول
HP:0012591	Abnormal urinary electrolyte concentration	اختلال توازن شوارد البول
HP:0012592	Albuminuria	بروتين في البول
HP:0030973	Postexertional symptom exacerbation	تفاقم الأعراض بعد القيام بجهد
HP:0030974	Cryptozoospermia	قلة النطف التي تحتاج إلى فحص دقيق
HP:0012565	Premature epimetaphyseal fusion in fibula	توقف النمو في العظمة السفلية
HP:0012566	Premature epimetaphyseal fusion in radius	توقف النمو في عظمة الذراع
HP:0012567	Premature epimetaphyseal fusion in ulna	توقف النمو في العظمة الجانبية للذراع
HP:0012568	Lower eyelid edema	انتفاخ الجفن السفلي
HP:0012569	Delayed menarche	تأخر بداية الدورة الشهرية الأولى
HP:0012570	Synovial sarcoma	ورم في الأنسجة اللينة
HP:0012571	Ureter fissus	انقسام جزئي في الحالب
HP:0012572	Ureter duplex	ازدواج كامل للحالب
HP:0012573	Global proximal tubulopathy	مشاكل في وظائف الكلى
HP:0012574	Mesangial hypercellularity	زيادة خلايا الكلى
HP:0030975	Pontine tegmental cap	غطاء غير طبيعي للجسر
HP:0030976	Abnormal factor VIII activity	نشاط غير طبيعي لعامل التجلط الثامن
HP:0030977	Increased factor VIII activity	زيادة نشاط عامل التجلط الثامن
HP:0030978	Decreased CSF/serum albumin ratio	نقص ألبومين السائل الشوكي بالنسبة لألبومين الدم
HP:0030979	Dilatation of large choroidal vessels	تضخم الأوعية الدموية في العين
HP:0030980	Reduced brain glutamine level by MRS	نقص الغلوتامين في الدماغ
HP:0030981	Abnormal CSF/serum albumin ratio	نسبة ألبومين السائل الشوكي/المصل غير الطبيعية
HP:0030983	Ovarian thecoma	ورم في المبيض
HP:0030984	Abnormal serum bile acid concentration	تركيز غير طبيعي لأحماض الصفراء في الدم
HP:0030985	Decreased serum bile acid concentration	نقص أحماض الصفراء في الدم
HP:0030986	Biliary epithelial hyperplasia	زيادة الخلايا في قنوات الصفراء
HP:0030987	Suppurative cholangitis	التهاب قنوات الصفراوية مع صديد
HP:0030988	Granulomatous cholangitis	التهاب القنوات الصفراوية مع حبيبات
HP:0030989	Lymphoid cholangitis	التهاب القنوات الصفراوية مع تجمعات لمفاوية
HP:0030990	Pleomorphic cholangitis	التهاب القنوات الصفراوية المختلط
HP:0030991	Sclerosing cholangitis	تليف القنوات الصفراوية
HP:0030992	Abnormal pancreatic duct morphology	تشوه في القناة البنكرياسية
HP:0030993	Duplication of pancreatic duct	قناتين للبنكرياس
HP:0030994	Pancreas divisum	بانكرياس غير ملتحم
HP:0030996	Megaduodenum	تضخم الاثني عشر
HP:0030997	Atretic vas deferens	انسداد مجرى السائل المنوي
HP:0030998	Cerebrospinal fluid rhinorrhoea	تسرب السائل الدماغي الشوكي من الأنف
HP:0030999	Abnormal vestibular saccule morphology	مشاكل في تركيب الأذن الداخلية
HP:0031000	Vestibular saccular degeneration	تلف الكيس الدهليزي
HP:0031001	Minifascicle formation	حزم عصبية صغيرة
HP:0031002	Neuritis	التهاب العصب
HP:0031003	Polyneuritis	التهاب عدة أعصاب
HP:0031004	Hemiareflexia	نقص ردود الفعل في نصف الجسم
HP:0031006	Acroparesthesia	وخز وتنمل في اليدين والقدمين
HP:0031007	Orofacial action-specific dystonia induced by speech	تشنج في الفك عند التحدث
HP:0031019	Pyknotic bone marrow neutrophils	تجمع غير طبيعي في خلايا الدم البيضاء
HP:0031020	Bone marrow hypercellularity	زيادة عدد الخلايا في نخاع العظم
HP:0031021	Squamous Papilloma	نمو غير طبيعي في الجلد
HP:0031022	Oropharyngeal squamous papilloma	نمو غير طبيعي في الفم والبلعوم
HP:0031023	Multiple mucosal neuromas	نتوءات مؤلمة في الفم
HP:0031024	Cylindroma	ورم جلدي حميد
HP:0031025	Gastric leiomyosarcoma	ورم خبيث في المعدة
HP:0031026	Snail-like ilia	تشوه عظم الورك
HP:0031027	Internal notch of the femoral head	تشوه في رأس عظم الفخذ
HP:0031028	Lactescent serum	مصل يشبه الحليب
HP:0031008	Lingual dystonia	تشوهات حركة اللسان غير المسيطر عليها
HP:0031009	Ainhum	تضييق قاعدة الأصابع
HP:0031010	Hyperphalangy of the 3rd finger	زيادة عظام الإصبع الثالث
HP:0031011	Fatty streak	بقع صفراء على الشرايين
HP:0031012	Thin-cap fibroatheroma	لويحة تسبب تجلط القلب
HP:0031013	Ankylosis	تصلب المفاصل
HP:0031015	Intrahepatic portal vein sclerosis	انسداد الأوعية الكبدية
HP:0031016	Alternating radiolucent and radiodense metaphyseal lines	خطوط مثل الحمار الوحشي بالعظام
HP:0031017	Swiss cheese atrial septal defect	فتحات متعددة في حاجز القلب
HP:0031018	Eccrine syringofibroadenoma	ورم جلدي حميد
HP:0031029	Elevated circulating CEA concentration	مستوى مرتفع لمستضد سرطاني في الدم
HP:0031030	Elevated circulating carcinoma antigen 125 concentration	مستوى مرتفع لمستضد السرطان 125 في الدم
HP:0031031	Abnormal circulating retinol-binding protein concentration	مستوى غير طبيعي لبروتين ربط الريتينول في الدم
HP:0031032	Decreased circulating retinol-binding protein concentration	مستوى منخفض لبروتين ربط الريتينول في الدم
HP:0031033	Impaired urinary acidification	عدم قدرة الكلى على تحمّض البول
HP:0031034	Abnormal circulating insulin-like growth factor-binding protein acid-labile subunit concentration	مستوى غير طبيعي لبروتين ربط عامل النمو في الدم
HP:0031035	Chronic infection	عدوى طويلة الأمد
HP:0031036	Decreased circulating GH-binding protein concentration	مستوى منخفض لهرمون مرتبط بالنمو في الدم
HP:0031037	Reduced insulin-like factor 3 level	مستوى منخفض لعامل شبيه بالأنسولين في الدم
HP:0031038	Spermatogenesis maturation arrest	توقف تكوين الحيوانات المنوية
HP:0031039	Spermatocyte maturation arrest	توقف نمو الخلايا المنوية
HP:0031040	Round spermatid arrest	توقف نمو النطفة
HP:0031041	Obstruction of the superior vena cava	انسداد الوريد الأجوف العلوي
HP:0031042	Strawberry tongue	لسان الفراولة
HP:0031043	Type A4 brachydactyly	قصر الأصابع
HP:0031044	Type A5 brachydactyly	غياب السلاميات الوسطى
HP:0031045	Acral blistering	فقاعات جلدية على الأطراف
HP:0031046	Absent soft palate	عدم وجود الحنك الرخو
HP:0031047	Paraproteinemia	اضطراب بروتيني غير طبيعي في الدم
HP:0031048	Light-chain paraproteinemia	خلايا بروتيينية غير طبيعية في الدم
HP:0031059	Impaired ability to bathe oneself	صعوبة في الاستحمام
HP:0031060	Impaired ability to dress oneself	صعوبة في ارتداء الملابس
HP:0031061	Impaired toileting ability	صعوبة في استخدام الحمام
HP:0031062	Impaired transferring ability	صعوبة في التحرك
HP:0031063	Impaired feeding ability	صعوبة في الأكل
HP:0031064	Impaired continence	سلس البول أو البراز
HP:0031065	Abnormal ovarian morphology	شكل غير طبيعي للمبيض
HP:0031066	Abnormal ovarian physiology	مشاكل في وظائف المبيض
HP:0031067	Empty ovarian follicle	عدم وجود بويضات
HP:0031069	Abnormal femoral torsion	التواء عظم الفخذ
HP:0031049	Heavy-chain paraproteinemia	خلل في البروتينات المناعية
HP:0031050	Whole-immunoglobulin paraproteinemia	خلل في البروتينات المناعية
HP:0031051	Tarsal sclerosis	زيادة كثافة عظام القدم
HP:0031052	Elevated vascular endothelial growth factor level	ارتفاع في عامل النمو
HP:0031053	Coarctation in the transverse aortic arch	ضيق في الشريان الأورطي
HP:0031054	Long segment coarctation of the aorta	تضيق طويل في الشريان الأورطي
HP:0031055	Abnormal branching pattern of left aortic arch	خلل في تفرع الشريان الأورطي
HP:0031056	Fusiform cerebral aneurysm	تمدّد شرياني في الدماغ
HP:0031057	Skin fissure	تشقق الجلد
HP:0031058	Impairment of activities of daily living	صعوبة في الأنشطة اليومية
HP:0031071	Abnormal endocrine morphology	خلل في شكل الغدد
HP:0031072	Abnormal endocrine physiology	خلل في وظيفة الغدد
HP:0031073	Abnormal response to endocrine stimulation test	رد فعل غير طبيعي لتحفيز الغدد
HP:0031074	Abnormal response to ACTH stimulation test	رد فعل غير طبيعي لاختبار هرمون ACTH
HP:0031075	Abnormal response to insulin tolerance test	رد فعل غير طبيعي لاختبار تحمل الإنسولين
HP:0031076	Impaired cortisol response to insulin stimulation test	عدم زيادة الكورتيزول مع الإنسولين
HP:0031077	Abnormal response to corticotropin releasing hormone stimulation test	رد فعل غير طبيعي لاختبار هرمون CRH
HP:0031078	Impaired cortisol response to corticotropin releasing hormone stimulation test	عدم زيادة الكورتيزول مع CRH
HP:0031079	Impaired growth-hormone response to insulin stimulation test	عدم زيادة هرمون النمو مع الإنسولين
HP:0031080	Abnormal response to glucagon stimulation test	رد فعل غير طبيعي لاختبار الجلوكاجون
HP:0031081	Impaired cortisol response to glucagon stimulation test	استجابة الكورتيزول المنخفضة
HP:0031082	Impaired growth-hormone response to glucagon stimulation test	استجابة هرمون النمو المنخفضة
HP:0031083	Abnormal response to human chorionic gonadotrophin stimulation test	استجابة غير طبيعية للجونادوتروبين
HP:0031084	Excessive insulin response to glucagon test	زيادة الإنسولين بشكل مفرط
HP:0031085	Decreased circulating prealbumin concentration	انخفاض مستوى البريألبومين
HP:0031086	Ectopic ovary	مبيض غير نازل
HP:0031087	Absent pubertal growth spurt	غياب النمو السريع في البلوغ
HP:0031088	Vaginal dryness	جفاف المهبل
HP:0031089	Palatal edema	تورم الحنك
HP:0030483	Reduced amplitude of dark-adapted bright flash electroretinogram a-wave	انخفاض سعة تخطيط الشبكية
HP:0030484	Supernormal dark-adapted bright flash electroretinogram b-wave	فحص كهربائي للشبكية غير طبيعي بالتكيف مع الظلام
HP:0030485	Abnormal amplitude of pattern electroretinogram	تخطيط كهربية الشبكية غير طبيعي
HP:0030486	Abnormal timing of pattern electroretinogram	توقيت غير طبيعي في فحص العين الكهربائي
HP:0030487	Abnormal P50/N95 ratio of pattern electroretinogram	نسبة غير طبيعية في فحص العين الكهربائي
HP:0030488	Abnormal central response of multifocal electroretinogram	استجابة مركزية غير طبيعية في فحص العين
HP:0030489	Abnormal paracentral response of multifocal electroretinogram	استجابة شبه مركزية غير طبيعية في فحص العين
HP:0030490	Exudative vitreoretinopathy	مشاكل في شبكية العين
HP:0030491	Choriocapillaris atrophy	ضمور الأوعية الدموية في العين
HP:0030493	Abnormal foveal pigmentation	تصبغ العين غير طبيعي
HP:0030495	Abnormal macular vasculature morphology	تشوهات في أوعية العين
HP:0030496	Macular exudate	إفرازات بقعية
HP:0030497	Macular cotton wool spot	بقعة بيضاء رقيقة في البقعة
HP:0030498	Macular thickening	زيادة سمك في البقعة
HP:0030499	Macular drusen	رواسب دهنية في البقعة
HP:0030500	Yellow/white macular lesion	بقعة صفراء أو بيضاء في البقعة
HP:0030501	Macular crystals	ترسبات بلورية في البقعة
HP:0030502	Retinoschisis	انقسام في طبقات الشبكية
HP:0030503	Macular telangiectasia	تمدد غير طبيعي للأوعية الدموية في البقعة
HP:0030504	Clustered congenital hypertrophy of retinal pigment epithelium	بقع صبغية مجمعة في العين
HP:0030505	Nummular pigmentation of the retina	بقع تصبغية على شكل العملات في الشبكية
HP:0030506	Yellow/white retinal lesion	بقع صفراء أو بيضاء في الشبكية
HP:0030507	Retinal crystals	بلورات في الشبكية
HP:0030509	Retinal racemose hemangioma	ورم وعائي في الشبكية
HP:0030510	Combined hamartoma of the retinal pigment epithelium and retina	ورم مركب في الشبكية
HP:0030511	Bradyopsia	صعوبة رؤية الأشياء المتحركة
HP:0030512	Difficulty adjusting to changes in luminance	صعوبة التكيف مع الضوء
HP:0030513	Difficulty adjusting from light to dark	صعوبة الرؤية عند الانتقال من الضوء إلى الظلام
HP:0030514	Difficulty adjusting from dark to light	صعوبة الرؤية عند الانتقال من الظلام إلى الضوء
HP:0030515	Moderately reduced visual acuity	ضعف بصري متوسط
HP:0030516	Homonymous hemianopia	فقدان نصف الرؤية
HP:0030539	Unaided visual acuity 0.4 LogMAR	وضوح النظر 0.4
HP:0030540	Unaided visual acuity 0.5 LogMAR	وضوح النظر 0.5
HP:0030541	Unaided visual acuity 0.6 LogMAR	وضوح النظر 0.6
HP:0030542	Unaided visual acuity 0.7 LogMAR	وضوح النظر 0.7
HP:0030543	Unaided visual acuity 0.8 LogMAR	وضوح النظر 0.8
HP:0030544	Unaided visual acuity 0.9 LogMAR	وضوح النظر 0.9
HP:0030545	Unaided visual acuity 1.0 LogMAR	وضوح النظر 1.0
HP:0030546	Unaided visual acuity 1.1 LogMAR	وضوح النظر 1.1
HP:0030547	Unaided visual acuity 1.2 LogMAR	وضوح النظر 1.2
HP:0030548	Unaided visual acuity 1.3 LogMAR	وضوح النظر 1.3
HP:0030517	Heteronymous hemianopia	فقدان نصف البصر المتغاير
HP:0030518	Congruous homonymous hemianopia	فقدان نصف البصر المتطابق في نفس الجانبين
HP:0030519	Congruous heteronymous hemianopia	فقدان نصف البصر المتغاير المتطابق
HP:0030520	Binasal hemianopia	فقدان الرؤية في الأنف في كلتا العينين
HP:0030521	Bitemporal hemianopia	فقدان الرؤية في الجوانب الخارجية
HP:0030522	Mild constriction of peripheral visual field	تضيق بسيط في مجال الرؤية الجانبي
HP:0030525	Moderate constriction of peripheral visual field	تضيق متوسط في مجال الرؤية الجانبي
HP:0030526	Severe constriction of peripheral visual field	تضيق شديد في مجال الرؤية الجانبي
HP:0030527	Very severe constriction of peripheral visual field	تضيق شديد جدًا في مجال الرؤية الجانبي
HP:0030528	Paracentral scotoma	فقدان نصف البصر حول المركز
HP:0030529	Ring scotoma	نقطة عمياء حلقية
HP:0030530	Arcuate scotoma	نقطة عمياء بشكل قوس
HP:0030531	Altitudinal visual field defect	فقدان جزئي في الرؤية العلوية أو السفلية
HP:0030532	Visual acuity test abnormality	رؤية غير طبيعية
HP:0030533	Abnormal unaided visual acuity test	فحص رؤية غير طبيعي بدون نظارات
HP:0030534	Abnormal best corrected visual acuity test	فحص رؤية غير طبيعي حتى مع النظارات
HP:0030535	Abnormal pinhole visual acuity test	فحص رؤية غير طبيعي باستخدام فتحة الإبرة
HP:0030536	Unaided visual acuity 0.1 LogMAR	حدة بصر ضعيفة بمعدل 0.1
HP:0030537	Unaided visual acuity 0.2 LogMAR	حدة بصر ضعيفة بمعدل 0.2
HP:0030538	Unaided visual acuity 0.3 LogMAR	حدة بصر ضعيفة بمعدل 0.3
HP:0030549	Unaided visual acuity 2.0 LogMAR	وضوح الرؤية بدون نظارات
HP:0030550	Unaided visual acuity 3.0 LogMAR	وضوح الرؤية بدون نظارات
HP:0025384	Diet-resistant subcutaneous adipose tissue	دهون لا تستجيب للحمية
HP:0025385	Diet-resistant subcutaneous adipose tissue below waist	دهون تحت الخصر لا تستجيب للحمية
HP:0025386	Bitemporal hollowing	انخفاض في الصدغين
HP:0025387	Pill-rolling tremor	رجفة الأصابع
HP:0025388	Thyroid nodule	نتوء في الغدة الدرقية
HP:0025389	Pulmonary interstitial high-resolution computed tomography abnormality	مشاكل في صورة الأشعة لرئة
HP:0025390	Reticular pattern on pulmonary HRCT	مظهر الشبكة بالرئة
HP:0025391	Crazy paving pattern	شكل الرصف المبعثر
HP:0025402	Square-wave jerks	حركات العين السريعة الغير طبيعية
HP:0025403	Stooped posture	انحناء الجسم للأمام
HP:0025404	Abnormal visual fixation	مشاكل في تثبيت العين
HP:0025405	Visual fixation instability	عدم استقرار حركة العين
HP:0025406	Asthenia	ضعف عام
HP:0025407	Rectourethral fistula	اتصال غير طبيعي بين المستقيم والإحليل
HP:0025408	Abnormal spleen morphology	شكل غير طبيعي للطحال
HP:0025409	Abnormal spleen physiology	وظائف غير طبيعية للطحال
HP:0025410	Splenogonadal fusion	اتحاد الطحال مع الغدد التناسلية
HP:0025413	Fossa navicularis urethral stricture	تضييق في الإحليل قرب حشفة القضيب
HP:0025392	Nodular pattern on pulmonary HRCT	عقد في الرئة
HP:0025393	Reticulonodular pattern on pulmonary HRCT	شبكات وعقد في الرئة
HP:0025394	Cystic pattern on pulmonary HRCT	تكيس في الرئة
HP:0025395	Combined cystic and ground-glass pattern on pulmonary HRCT	تكيس وزجاجي في الرئة
HP:0025396	Decreased attenuation pattern on pulmonary HRCT	انخفاض الكثافة في الرئة
HP:0025397	Mosaic attenuation pattern on pulmonary HRCT	فسيفساء في الرئة
HP:0025398	Nodular-perilymphatic pattern on pulmonary HRCT	عقد حول اللمفاوي في الرئة
HP:0025399	Nodular-centrilobular with tree-in-bud pattern on pulmonary HRCT	نمط شجرة في البرعم في الرئة
HP:0025400	Nodular-random pattern on pulmonary HRCT	عقد عشوائية في الرئة
HP:0025401	Staring gaze	تحديق العين
HP:0025424	Abnormal larynx physiology	مشاكل في وظيفة الحنجرة
HP:0025425	Laryngospasm	تشنج في الحنجرة
HP:0025426	Abnormal bronchus morphology	مشاكل في شكل القصبات الهوائية
HP:0025427	Abnormal bronchus physiology	مشاكل في وظيفة القصبات الهوائية
HP:0025429	Abnormal cry	بكاء مختلف أو غريب
HP:0025430	High-pitched cry	بكاء بنبرة مرتفعة
HP:0025431	Staccato cry	صوت بكاء متقطع
HP:0025432	Acanthoma	نتوء جلدي أو ورم سطحي على الجلد
HP:0025433	Decreased lecithin cholesterol acyl transferase level	انخفاض في إنزيم معين بالدم
HP:0025434	Reduced circulating CH50 activity	انخفاض نشاط مكمل الدم
HP:0025414	Pendulous urethral stricture	ضيق في الإحليل الخارجي
HP:0025415	Bulbar urethral stricture	ضيق في قاعدة الإحليل
HP:0025416	Vaginal stricture	ضيق المهبل
HP:0025417	Patulous urethra	إحليل مفتوح
HP:0025418	Renal cortical necrosis	موت أنسجة القشرة الكلوية
HP:0025419	Pulmonary pneumatocele	كيس غازي بالرئة
HP:0025420	Diffuse alveolar hemorrhage	نزيف في الرئة
HP:0025421	Pneumomediastinum	هواء في الصدر
HP:0025422	Pleural cyst	كيس على الغشاء الجنبي
HP:0025423	Abnormal larynx morphology	خلل في الحنجرة
HP:0025435	Increased circulating lactate dehydrogenase concentration	زيادة مستوى إنزيم ديهيدروجينيز اللاكتات
HP:0025436	Elevated serum 11-deoxycortisol	زيادة هرمون 11-ديوكسيكورتيزول في الدم
HP:0025437	Macrozoospermia	زيادة حجم رأس الحيوانات المنوية
HP:0025439	Pharyngitis	التهاب الحلق
HP:0025440	Warm reactive autoantibody positivity	إيجابية الأجسام المضادة الذاتية لكرات الدم الحمراء
HP:0025441	Achilles tendon calcification	تكلس وتر العرقوب
HP:0025443	Abnormal cardiac atrial physiology	مشاكل في وظيفة القلب
HP:0025444	Reduced amygdala volume	صغر حجم اللوزة الدماغية
HP:0025445	Abnormal papillary muscle morphology	شكل غير طبيعي للعضلات القلبية
HP:0025446	Anomalous insertion of papillary muscle directly into anterior mitral leaflet	خلل خلقي في تركيب القلب
HP:0025447	Displacement of the papillary muscles	إزاحة العضلات القلبية
HP:0025448	Anterior displacement of the papillary muscles	إزاحة العضلات القلبية الأمامية
HP:0025018	Abnormal capillary physiology	خلل في عمل الشعيرات الدموية
HP:0025019	Arterial rupture	انفجار الشريان
HP:0025020	Elevated prostate-specific antigen level	زيادة في مستوى PSA
HP:0025021	Abnormal erythrocyte sedimentation rate	اختبار ESR غير طبيعي
HP:0025022	Decreased erythrocyte sedimentation rate	انخفاض ESR
HP:0025023	Rectal atresia	انسداد في المستقيم
HP:0025024	Megarectum	اتساع غير طبيعي للمستقيم
HP:0025025	Rectovestibular fistula	اتصال غير طبيعي بين المستقيم والمدخل المهبلي
HP:0025026	H-type rectovestibular fistula	فتحة غير طبيعية بين المستقيم والمهبل
HP:0025027	Osteoma cutis	ورم عظمي صلب تحت الجلد
HP:0025028	Abnormal enteric nervous system morphology	خلل في أعصاب الأمعاء
HP:0025029	Abnormal enteric neuron morphology	خلل في شكل أعصاب الأمعاء
HP:0025030	Enteric neuronal degeneration	تلف أعصاب الأمعاء
HP:0025031	Abnormality of the digestive system	خلل في الجهاز الهضمي
HP:0025032	Abnormality of digestive system physiology	خلل في عمل الجهاز الهضمي
HP:0025033	Abnormal digestive system morphology	تغير في شكل الجهاز الهضمي
HP:0025034	Abnormal morphology of erythroid progenitor cell	تغير في خلايا الدم الأولية
HP:0025035	Abnormal proerythroblast morphology	تغير في خلايا الدم الحمراء غير الناضجة
HP:0025036	Type I radial ray deficiency	قصر شعاع الكعبرة
HP:0025037	Hypothalamic gliosis	تليف في جزء من الدماغ
HP:0025038	Intratesticular abscess	صديد في الخصية
HP:0025039	Basal ganglia edema	تورم العقد القاعدية
HP:0025040	Thalamic edema	تورم في المهاد
HP:0025041	Thalamic calcification	ترسب الكالسيوم في المهاد
HP:0025042	Abnormality of mesenteric lymph nodes	مشاكل في العقد الليمفاوية داخل البطن
HP:0025043	Enlarged mesenteric lymph node	تضخم العقد الليمفاوية داخل البطن
HP:0025044	Lung abscess	صديد في الرئة
HP:0025045	Abnormal brain lactate level by MRS	مستوى لاكتات غير طبيعي في الدماغ
HP:0025046	Reduced brain lactate level by MRS	انخفاض اللاكتات في الدماغ
HP:0025047	Abnormal brain choline level by MRS	مستوى الكولين غير الطبيعي في الدماغ
HP:0025048	Reduced brain choline level by MRS	انخفاض الكولين في الدماغ
HP:0025049	Abnormal brain creatine level by MRS	مستوى الكرياتين غير الطبيعي في الدماغ
HP:0025050	Elevated brain creatine level by MRS	ارتفاع الكرياتين في الدماغ
HP:0025051	Reduced brain creatine level by MRS	انخفاض الكرياتين في الدماغ
HP:0025052	Abnormal brain N-acetyl aspartate level by MRS	مستوى الأسبرتيت غير الطبيعي في الدماغ
HP:0025053	Elevated brain N-acetyl aspartate level by MRS	ارتفاع الأسبرتيت في الدماغ
HP:0025054	Type II radial ray deficiency	نقص نمو الشعاع الثاني للعظمة
HP:0025055	Type III radial ray deficiency	نقص في الشعاع الثاني للعظمة
HP:0025056	Type IV radial ray deficiency	نقص نمو عظمي في الذراع
HP:0025057	Abnormal olfactory lobe morphology	تغير غير طبيعي في بنية الفص الشمي
HP:0025058	Hypothalamic atrophy	انكماش في نسيج الوطاء
HP:0011781	Thyroid C cell hyperplasia	نمو زائد في خلايا الغدة الدرقية
HP:0011782	Thyroid crisis	حالة طارئة في الغدة الدرقية
HP:0011783	Thyrotoxicosis from ectopic thyroid tissue	فرط نشاط الغدة بسبب نسيج درقي خارج المكان
HP:0011784	Thyrotoxicosis with diffuse goiter	فرط نشاط الغدة الدرقية مع تضخم عام
HP:0011785	Thyrotoxicosis with toxic multinodular goiter	فرط نشاط الغدة بعقيدات سامة كثيرة
HP:0011786	Thyrotoxicosis with toxic single thyroid nodule	فرط نشاط الغدة بسبب عقدة مفردة
HP:0011787	Central hypothyroidism	انخفاض وظيفة الغدة من الدماغ
HP:0011798	Renal oncocytoma	ورم كلوي غير طبيعي
HP:0011799	Abnormality of facial soft tissue	تشوه في الأنسجة الرخوة للوجه
HP:0011800	Midface retrusion	تراجع منتصف الوجه
HP:0011801	Enlargement of parotid gland	كبر حجم الغدة النكفية
HP:0011802	Hamartoma of tongue	ورم غير طبيعي في اللسان
HP:0011803	Bifid nose	أنف مشقوق
HP:0011804	Abnormal muscle physiology	مشاكل في وظيفة العضلات
HP:0011805	Abnormal skeletal muscle morphology	شكل غير طبيعي للعضلات
HP:0011807	Type 1 muscle fiber atrophy	ضمور العضلات النوع 1
HP:0011808	Decreased patellar reflex	ضعف منعكس الركبة
HP:0011788	Increased circulating free T3	زيادة هرمون الثايرودين الحر في الدم
HP:0011789	Impaired sensitivity to thyroid stimulating hormone	قلة التجاوب مع هرمون تنشيط الدرقية
HP:0011790	Activating thyroid-stimulating hormone receptor defect	زيادة نشاط مستقبِل هرمون الدرقية
HP:0011791	Inactivating thyroid-stimulating hormone receptor defect	ضعف نشاط مستقبِل هرمون الدرقية
HP:0011792	Neoplasm by histology	ورم بحسب نوع الخلايا
HP:0011793	Neoplasm by anatomical site	ورم في مكان معين
HP:0011794	Embryonal renal neoplasm	ورم كلوي عند الأطفال
HP:0011795	Intralobar nephroblastomatosis	وجود أنسجة ورمية داخل أنسجة الكلى
HP:0011796	Perilobar nephroblastomatosis	ورم في القشرة الخارجية للكلى
HP:0011797	Papillary renal cell carcinoma type 1	نوع من سرطان الكلى الحليمي
HP:0011809	Paradoxical myotonia	تصلب العضلات عند التكرار
HP:0011810	Impaired two-point discrimination	صعوبة التمييز بين اللمسات المتقاربة
HP:0011811	Impaired touch localization	صعوبة تحديد مكان اللمس
HP:0011812	Agraphesthesia	صعوبة تمييز الأرقام والحروف المرسومة على الجلد
HP:0011813	Increased cerebral lipofuscin	تراكم صبغات الشيخوخة في الدماغ
HP:0011814	Increased urinary hypoxanthine level	ارتفاع مستوى الهيبوكساثين في البول
HP:0011815	Cephalocele	خلل في جمجمة الرأس
HP:0011816	Parietal encephalocele	نتوء الدماغ بين البريجما واللامبدا
HP:0011817	Basal encephalocele	نتوء الدماغ في قاعدة الجمجمة
HP:0011818	Nasofrontal encephalocele	نتوء الدماغ أمام الأنف والجبهة
HP:0011819	Submucous cleft soft palate	شق في الحنك الرخو
HP:0011820	Membranous choanal atresia	انسداد خلف الأنفي
HP:0011821	Abnormal facial skeleton morphology	تشوه في عظام الوجه
HP:0011822	Broad chin	ذقن عريض
HP:0011823	Chin with horizontal crease	ذقن مع تجعد أفقي
HP:0011824	Chin with H-shaped crease	ذقن مع تجعد بشكل H
HP:0011825	Tented philtrum	أعلى الشريط الشفوي المؤنف
HP:0011826	Philtrum with midline raphe	الشريط الشفوي مع شق في المنتصف
HP:0011827	Malaligned philtral ridges	عدم انتظام خطوط الشريط الشفوي
HP:0011828	Midline sinus of philtrum	حفرة في الشريط الشفوي
HP:0011829	Narrow philtrum	النتوء الضيق تحت الأنف
HP:0011830	Abnormal oral mucosa morphology	خلل في بطانة الفم
HP:0011831	Deviated nasal tip	انحراف طرف الأنف
HP:0011832	Narrow nasal tip	ضيق طرف الأنف
HP:0030712	Uterine synechiae	التصاقات داخل الرحم
HP:0030713	Vein of Galen aneurysmal malformation	تمدد في وريد تحت المخ
HP:0030714	Subchorionic thrombohematoma	تجمع دموي فوق المشيمة
HP:0030715	Bronchial atresia	انسداد خلقي بالقصبة الهوائية
HP:0030716	Acrania	عدم نمو عظام الجمجمة
HP:0030717	Meconium peritonitis	التهاب بسبب تمزق الأمعاء عند الجنين
HP:0030718	Right atrial enlargement	زيادة حجم الأذين الأيمن
HP:0030719	Unguarded tricuspid valve	صمام ثلاثي الشرفات بدون حماية
HP:0030720	Subchorionic septal cyst	كيسة على سطح المشيمة
HP:0030721	Tetraphocomelia	فوكوميليا في الأطراف الأربعة
HP:0030722	Ectopic liver	نسيج كبدي خارج الكبد
HP:0030723	Congenital megalourethra	زيادة حجم الإحليل الذكري عند الولادة
HP:0030724	Central nervous system cyst	كيسة في الجهاز العصبي
HP:0030725	Neurenteric cyst	كيسة نادرة في الجهاز العصبي
HP:0030726	Spinal neurenteric cyst	كيسة نورانتيريك في العمود الفقري
HP:0030727	Intracranial neurenteric cyst	كيسة نورانتيريك في الجمجمة
HP:0030739	Altman type III sacrococcygeal teratoma	ورم في منطقة العصعص
HP:0030740	Anomalous muscle bundle of the right ventricle	حزمة عضلية شاذة في القلب
HP:0030741	Mediastinal teratoma	ورم في منطقة الصدر بين الرئتين
HP:0030742	Glial remnants posterior to lens	بقعة سوداء في العين
HP:0030743	Glial remnants anterior to the optic disc	بقايا أمام القرص البصري
HP:0030744	Hyaloid vascular remnant and retrolental mass	بقايا خلف العدسة
HP:0030745	Dilatation of the ductus arteriosus	تمدد في القناة الشريانية
HP:0030746	Intraventricular hemorrhage	نزيف في بطينات الدماغ
HP:0030747	Preterm intraventricular hemorrhage	نزيف في دماغ المواليد المبكرة
HP:0030748	Grade I preterm intraventricular hemorrhage	نزيف بسيط في دماغ المواليد الخدج
HP:0030749	Grade II preterm intraventricular hemorrhage	نزيف في الدماغ للرضع الخدج
HP:0030750	Grade III preterm intraventricular hemorrhage	نزيف حاد في دماغ الرضع الخدج
HP:0030751	Grade IV preterm intraventricular hemorrhage	نزيف شديد في دماغ الرضع الخدج
HP:0030752	Dacryocystocele	تورم بجانب العين
HP:0030753	Intrauterine fetal demise of one twin after midgestation	وفاة جنين توأم في الرحم
HP:0030754	Allantoic cyst	تورم في قاعدة السرّة
HP:0030755	Craniofacial teratoma	ورم في منطقة الوجه أو الجمجمة
HP:0030756	Erythrodontia	أسنان حمراء
HP:0030757	Tooth abscess	خراج في الأسنان
HP:0030758	Periapical tooth abscess	خراج في جذر السن
HP:0030728	Meromelia	غياب جزئي للذراع أو الساق
HP:0030729	Frontoethmoidal meningocele	انتفاخ الأغشية السحائية عند الجبين
HP:0030730	Parietal meningocele	انتفاخ الأغشية السحائية عند الجانب
HP:0030731	Carcinoma	ورم خبيث
HP:0030732	Dysplastic tricuspid valve	تنميط الصمام الثلاثي الشرفات
HP:0030733	Vesicoallantoic abdominal wall defect	عيب جدار البطن المرتبط بالمثانة
HP:0030735	Ureterovesical junction obstruction	انسداد عند تقاطع الحالب والمثانة
HP:0030736	Sacrococcygeal teratoma	ورم مسخي في أسفل الظهر
HP:0030737	Altman type I sacrococcygeal teratoma	ورم مسخي خارجي في أسفل الظهر
HP:0030738	Altman type II sacrococcygeal teratoma	ورم مسخي خارجي مع مكون داخل حوض
HP:0030759	Adipocyte hypertrophy	زيادة حجم الخلايا الدهنية
HP:0030760	Renal fibrosis	تليف الكلى
HP:0030762	Mesangiolysis	انحلال المسانج
HP:0030763	Amniotic Sheet	امتداد السلى
HP:0030764	Ochronosis	تلون الجلد
HP:0030765	Sleep terror	الاستيقاظ بالصراخ
HP:0030766	Ear pain	ألم في الأذن
HP:0030767	Epignathus	تورم الفم
HP:0030769	Exencephaly	تشوه في الدماغ
HP:0030770	Craniorachischisis	تشوه في الدماغ والنخاع الشوكي
HP:0030781	Increased circulating free fatty acid level	زيادة الأحماض الدهنية في الدم
HP:0031090	Finger dactylitis	انتفاخ الأصابع
HP:0031091	Toe dactylitis	انتفاخ أصابع القدم
HP:0031092	Spindle-shaped finger	أصابع مغزلية
HP:0031093	Abnormal breast morphology	تغير في شكل الثدي
HP:0031094	Abnormal breast physiology	وظيفة غير طبيعية للثدي
HP:0031095	Abnormal humerus morphology	عظم الذراع العلوي غير طبيعي
HP:0031096	Delayed vertebral ossification	نقص تعظم الفقرات
HP:0031097	Abnormal thyroid-stimulating hormone level	خلل في مستوى هرمون الدرقية
HP:0031098	Decreased thyroid-stimulating hormone level	انخفاض هرمون الدرقية
HP:0030771	Mallet finger	إصبع منحني
HP:0030772	Proximal femoral focal deficiency	تشوه في عظم الفخذ
HP:0030773	Internuclear ophthalmoplegia	مشاكل في حركة العين
HP:0030774	Mitochondrial swelling	انتفاخ في خلايا الطاقة
HP:0030775	Modic type vertebral endplate changes	تغيرات الفقرات
HP:0030776	Modic type I vertebral endplate changes	تغيرات الفقرات من النوع الأول مدك
HP:0030777	Modic type II vertebral endplate changes	تغيرات الفقرات من النوع الثاني مدك
HP:0030778	Modic type III vertebral endplate changes	تغيرات الفقرات من النوع الثالث مدك
HP:0030779	Ethmocephaly	تشوه الدماغ الأمامي
HP:0030780	Abnormality of the protein C anticoagulant pathway	مشاكل تخثر الدم
HP:0031124	Decreased platelet thromboxane A2 receptor	انخفاض مستقبل الثرومبوكسان
HP:0031125	Decreased platelet alpha-2A-adrenergic receptor	انخفاض مستقبل الأدرينالين
HP:0031126	Impaired clot retraction	ضعف لمعان الدم
HP:0031127	Impaired convulxin-induced platelet aggregation	ضعف تراكم الصفائح الدموية مع كونفولكسين
HP:0031128	Impaired collagen-related peptide-induced platelet aggregation	ضعف تراكم الصفائح الدموية مع ببتيد الكولاجين
HP:0031129	Impaired phorbol myristate acetate-induced platelet aggregation	ضعف تراكم الصفائح الدموية مع الفوريبول مايرستيت
HP:0031130	Impaired calcium ionophore-induced platelet aggregation	ضعف تراكم الصفائح الدموية مع مؤين الكالسيوم
HP:0031131	Abnormal platelet phosphatidylserine exposure	تعرض غير طبيعي للصفائح
HP:0031132	Impaired annexin V binding to platelet phosphatidylserine	ضعف ارتباط الأنكسين
HP:0031133	Increased annexin V binding to platelet phosphatidylserine	زيادة ارتباط الأنكسين
HP:0031099	Abnormal circulating inhibin level	مستوى غير طبيعي لهرمون الإنهبين
HP:0031100	Decreased circulating inhibin B concentration	انخفاض مستوى الإنهيبين B
HP:0031101	Abnormal circulating antimullerian hormone concentration	مستوى غير طبيعي لهرمون مضاد مولر
HP:0031102	Increased circulating antimullerian hormone concentration	زيادة مستوى هرمون مضاد مولر
HP:0031103	Decreased circulating antimullerian hormone circulation	انخفاض مستوى هرمون مضاد مولر
HP:0031104	Insulin receptor antibody positivity	وجود أجسام مضادة لمستقبلات الأنسولين
HP:0031105	Abnormal uterus morphology	تشوهات في الرحم
HP:0031106	T-shaped uterus	الرحم بشكل T
HP:0031107	Decreased fibular diameter	نحافة الشظية
HP:0031108	Triceps weakness	ضعف في عضلة الترايسبس
HP:0031134	Cor triatriatum sinister	تشوه بالقلب
HP:0031135	Triggered by physical trauma	بسبب إصابة جسدية
HP:0031136	Decreased acrosin in sperm head	قلة إنزيم في الحيوان المنوي
HP:0031137	Storage in hepatocytes	تراكم في الكبد
HP:0031138	Abnormal circulating B-type natriuretic peptide concentration	تركيز غير طبيعي في الدم
HP:0031139	Frog-leg posture	وضعية ضعف العضلات
HP:0031140	Abnormal liver sonography	صورة كبد غير طبيعية
HP:0031141	Increased hepatic echogenicity	زيادة بياض الكبد في الفحص
HP:0031142	Abnormal hepatic echogenicity	غير طبيعي في الفحص الصوتي للكبد
HP:0031143	Decreased hepatic echogenicity	زيادة سواد الكبد في الفحص
HP:0031144	Coarsened hepatic echotexture	ملمس الكبد غير منتظم
HP:0031145	Starry sky appearance on hepatic sonography	مظهر الكبد مثل السماء المرصعة بالنجوم
HP:0031146	Impaired oral bolus formation	صعوبة في تكوين الطعام في الفم
HP:0031150	Vitreomacular adhesion	التصاق في الجزء الخلفي من العين
HP:0031151	Vitreomacular traction	سحب الزجاجي لشبكية العين
HP:0031152	Full-thickness macular hole	ثقب كامل في شبكية العين المركزية
HP:0031153	Membranous vitreous appearance	مظهر زجاجي مع غشاء
HP:0031154	Beaded vitreous appearance	زجاجي يشبه الخرز
HP:0031155	Increased Arden ratio of electrooculogram	زيادة في قياسات فحص حركة العين
HP:0031156	Decreased platelet glycoprotein Ib	انخفاض في بروتين الصفائح الدموية
HP:0012787	Recurrent pyelonephritis	التهابات الكلى المتكررة
HP:0012788	Reticulate pigmentation of oral mucosa	بقع لونية في الفم
HP:0012789	Hypoplasia of the calcaneus	عظمة الكعب الصغيرة
HP:0012790	Abnormal intramembranous ossification	نمو عظمي غير طبيعي
HP:0012791	Abnormal humeral ossification	نمو غير طبيعي في عظمة الذراع العلوية
HP:0012792	Absent ossification of thoracic vertebral bodies	نقص تكوين العظام في الفقرات الصدرية
HP:0012793	Kinked brainstem	انحناء في منطقة جذع الدماغ
HP:0012794	Periventricular white matter hypodensities	مناطق داكنة في المخ
HP:0012795	Abnormal optic disc morphology	تشوه في منطقة القرص البصري
HP:0012796	Increased cup-to-disc ratio	انخفاض في خلايا الشبكية الصحية
HP:0031157	Carotid cavernous fistula	اتصال غير طبيعي في الدماغ
HP:0031158	Widened atrophic scar	ندبة متسعة
HP:0031159	Thinning of Descemet membrane	ترقق الغشاء في العين
HP:0031160	Myelokathexis	مشاكل في نضوج كريات الدم البيضاء
HP:0012781	Mid-frequency hearing loss	فقدان السمع المتوسط
HP:0012782	Perilobar nephrogenic rest	نشوء كلوي حول الفص
HP:0012783	Intralobar nephrogenic rest	نشوء كلوي داخل اللوب
HP:0012784	Perinephritis	التهاب حول الكلية
HP:0012785	Flexion contracture of finger	تقلص في حركة الأصبع
HP:0012786	Recurrent cystitis	التهابات مثانية متكررة
HP:0012797	Lymphatic vessel neoplasm	ورم الأوعية اللمفاوية
HP:0012798	Pulmonary lymphangiomyomatosis	ليمفانجيومايوماتوس الرئوي
HP:0012799	Unilateral facial palsy	ضعف جانب واحد من الوجه
HP:0012800	Accessory cranial suture	قطعة جمجمة إضافية
HP:0012801	Narrow jaw	فك ضيق
HP:0012802	Broad jaw	فك عريض
HP:0012803	Anisometropia	اختلاف في قوة الانكسار بين العينين
HP:0012804	Corneal ulceration	قرحة القرنية
HP:0012805	Iris transillumination defect	خلل عبور الضوء في القزحية
HP:0012806	Proboscis	شفة أنفية كبيرة
HP:0031109	Agalactia	عدم القدرة على الإرضاع
HP:0031110	Twin-to-twin transfusion	نقل الدم بين الأجنة التوائم
HP:0031111	Cutaneous hamartoma	نمو غير طبيعي في الجلد
HP:0031117	Purely bicuspid aortic valve	صمام قلب ثنائي الشرفات
HP:0031118	Single raphe bicuspid aortic valve	صمام قلب ثنائي الشرفات مع خط فصل واحد
HP:0031119	Bicuspid aortic valve with right-left cusp fusion	صمام قلب ثنائي الشرفات مدموج
HP:0031120	Bicuspid aortic valve with right-noncoronary cusp fusion	صمام قلب ثنائي الشرفات مدموج
HP:0031121	Bicuspid aortic valve with left-noncoronary cusp fusion	صمام قلب ثنائي الشرفات مدموج
HP:0031122	Two-raphe bicuspid aortic valve	صمام قلب ثنائي الشرفات مع خطين فاصلين
HP:0031123	Recurrent gastroenteritis	إصابات متكررة في البطن
HP:0012807	High insertion of columella	التركيب العالي للدعامة
HP:0012808	Abnormal nasal base norphology	تشوه قاعدة الأنف
HP:0012809	Narrow nasal base	قاعدة الأنف الضيقة
HP:0012810	Wide nasal base	قاعدة الأنف العريضة
HP:0012811	Wide nasal ridge	حاجز الأنف العريض
HP:0012812	Fullness of paranasal tissue	امتلاء الأنسجة حول الأنف
HP:0012813	Unilateral breast hypoplasia	ثدي واحد غير متطور
HP:0012814	Bilateral breast hypoplasia	ثديين غير متطورين
HP:0012815	Hypoplastic female external genitalia	أعضاء تناسلية نسائية غير متطورة
HP:0012816	Right ventricular noncompaction cardiomyopathy	اعتلال القلب غير المضغوط للبطين الأيمن
HP:0012817	Noncompaction cardiomyopathy	مشاكل في عضلة القلب
HP:0012818	Biventricular noncompaction cardiomyopathy	مشاكل في عضلة القلب في كلا البطينين
HP:0012819	Myocarditis	التهاب عضلة القلب
HP:0012820	Bilateral vocal cord paralysis	عدم القدرة على تحريك الحبال الصوتية
HP:0012821	Unilateral vocal cord paresis	ضعف حبل صوتي واحد
HP:0012822	Bilateral vocal cord paresis	ضعف الحبال الصوتية في كلا الجانبين
HP:0012823	Clinical modifier	صفة طبية إضافية
HP:0012824	Severity	حدة أو كثافة
HP:0012825	Mild	بسيط
HP:0012826	Moderate	متوسط الشدة
HP:0010888	Morbus Koehler	مشكلة في عظم القدم
HP:0010889	Morbus Kienboeck	مشكلة في عظم اليد
HP:0010890	Morbus Osgood-Schlatter	مشكلة في العظمة الأمامية للركبة
HP:0010891	Morbus Scheuermann	انحناء في العمود الفقري عند الأطفال
HP:0010892	Abnormal circulating branched chain amino acid concentration	مشكلة في أحماض الدم
HP:0010893	Abnormal circulating phenylalanine concentration	مشكلة في مادة الفينيل ألانين في الدم
HP:0010894	Abnormal circulating serine family amino acid concentration	مشكلة في أحماض السيرين في الدم
HP:0010895	Abnormal circulating glycine concentration	مشكلة في مادة الجليسين في الدم
HP:0010896	Hypersarcosinemia	ارتفاع مستوى الساركوسين في البلازما
HP:0010897	Hypersarcosinuria	ارتفاع مستوى الساركوسين في البول
HP:0012827	Borderline	مستوى بين الطبيعي وغير الطبيعي
HP:0012828	Severe	حالة شديدة
HP:0010868	Ocular dyssynergia	مشاكل في حركة العين
HP:0010869	Asynergia	فقدان التنسيق الحركي
HP:0010871	Sensory ataxia	فقدان التنسيق بسبب مشكلة حسية
HP:0010872	T-wave inversion	انعكاس في مخطط القلب
HP:0010873	Cervical spinal cord atrophy	ضمور في الفقرات العنقية
HP:0010874	Tendon xanthomatosis	تجمعات دهنية في الأوتار
HP:0010875	Chaddock reflex	رد فعل شادوك
HP:0010876	Abnormal circulating protein concentration	مرض بروتينات الدم
HP:0010898	Abnormal circulating sarcosine concentration	تغير في مستوى الساركوسين في الدم
HP:0010899	Abnormal circulating aspartate family amino acid concentration	تغير في مستوى الأحماض الأمينية المتعلقة بالأسبارتات في الدم
HP:0010900	Abnormal circulating threonine concentration	تغير في مستوى الثريونين في الدم
HP:0010901	Abnormal circulating methionine concentration	تغير في مستوى الميثيونين في الدم
HP:0010902	Abnormal circulating glutamine family amino acid concentration	تغير في مستوى الأحماض الأمينية المتعلقة بالجلوتامين في الدم
HP:0010903	Abnormal circulating glutamine concentration	تغير في مستوى الجلوتامين في الدم
HP:0010904	Abnormal circulating histidine concentration	تغير في مستوى الهيستيدين في الدم
HP:0010906	Hyperhistidinemia	مستوى مرتفع من الهيستيدين في الدم
HP:0010907	Abnormal circulating proline concentration	تغير في مستوى البرولين في الدم
HP:0010908	Abnormal circulating lysine concentration	تغير في مستوى الليسين في الدم
HP:0010909	Abnormal circulating arginine concentration	تركيز غير طبيعي للأرجينين في الدم
HP:0010910	Hypervalinemia	ارتفاع فالين الدم
HP:0010911	Hyperleucinemia	ارتفاع لوسين الدم
HP:0010912	Abnormal circulating isoleucine concentration	تركيز غير طبيعي للإيزوليوسين في الدم
HP:0010913	Hyperisoleucinemia	ارتفاع إيزوليوسين الدم
HP:0010914	Abnormal circulating valine concentration	تركيز غير طبيعي للفالين في الدم
HP:0010915	Abnormal circulating pyruvate family amino acid concentration	تركيز غير طبيعي لأحماض البيروفات الأمينية في الدم
HP:0010916	Abnormal circulating alanine concentration	تركيز غير طبيعي للألانين في الدم
HP:0010917	Abnormal circulating tyrosine concentration	تركيز غير طبيعي للتيروسين في الدم
HP:0010918	Abnormal circulating cysteine concentration	تركيز غير طبيعي للسيستين في الدم
HP:0010877	Monocular strabismus	انحراف عين واحدة
HP:0010878	Fetal cystic hygroma	تورم في رقبة الجنين
HP:0010879	Postnatal cystic hygroma	تورم كيسي بعد الولادة
HP:0010880	Increased nuchal translucency	زيادة السوائل خلف رقبة الجنين
HP:0010881	Abnormality of the umbilical cord	مشكلة في الحبل السري
HP:0010882	Pulmonary valve atresia	مشاكل في الصمام الرئوي
HP:0010883	Aortic valve atresia	مشاكل في الصمام الأورطي
HP:0010884	Acromelia	قصر اليدين والقدمين
HP:0010885	Avascular necrosis	موت العظم بسبب نقص الدم
HP:0010886	Osteochondritis dissecans	اضطراب في المفصل بسبب نقص الدم
HP:0030571	Pinhole visual acuity 0.3 LogMAR	حدة البصر بإبرة 0.3 لوجمار
HP:0030572	Pinhole visual acuity 0.4 LogMAR	حدة البصر بإبرة 0.4 لوجمار
HP:0030573	Pinhole visual acuity 0.5 LogMAR	حدة البصر بإبرة 0.5 لوجمار
HP:0030574	Pinhole visual acuity 0.6 LogMAR	حدة البصر بإبرة 0.6 لوجمار
HP:0030575	Pinhole visual acuity 0.7 LogMAR	حدة البصر بإبرة 0.7 لوجمار
HP:0030576	Pinhole visual acuity 0.8 LogMAR	حدة البصر بإبرة 0.8 لوجمار
HP:0030577	Pinhole visual acuity 0.9 LogMAR	حدة البصر بإبرة 0.9 لوجمار
HP:0030578	Pinhole visual acuity 1.0 LogMAR	حدة البصر بإبرة 1.0 لوجمار
HP:0030579	Pinhole visual acuity 1.1 LogMAR	حدة البصر بإبرة 1.1 لوجمار
HP:0030580	Pinhole visual acuity 1.2 LogMAR	حدة البصر بإبرة 1.2 لوجمار
HP:0030561	Best corrected visual acuity 0.8 LogMAR	اختبار الرؤية 0.8
HP:0030562	Best corrected visual acuity 0.9 LogMAR	اختبار الرؤية 0.9
HP:0030563	Best corrected visual acuity 1.0 LogMAR	اختبار الرؤية 1.0
HP:0030564	Best corrected visual acuity 1.1 LogMAR	اختبار الرؤية 1.1
HP:0030565	Best corrected visual acuity 1.2 LogMAR	اختبار الرؤية 1.2
HP:0030566	Best corrected visual acuity 1.3 LogMAR	اختبار الرؤية 1.3
HP:0030567	Best corrected visual acuity 2.0 LogMAR	اختبار الرؤية 2.0
HP:0030568	Best corrected visual acuity 3.0 LogMAR	اختبار الرؤية 3.0
HP:0030569	Pinhole visual acuity 0.1 LogMAR	اختبار رؤية عبر الثقب 0.1
HP:0030570	Pinhole visual acuity 0.2 LogMAR	اختبار رؤية عبر الثقب 0.2
HP:0030551	Visual acuity light perception with projection	الرؤية الطفيفة مع تحديد الاتجاه
HP:0030552	Visual acuity light perception without projection	الرؤية الطفيفة بدون تحديد الاتجاه
HP:0030553	Visual acuity no light perception	عدم الرؤية حتى للضوء
HP:0030554	Best corrected visual acuity 0.1 LogMAR	أفضل رؤية مصححة 0.1
HP:0030555	Best corrected visual acuity 0.2 LogMAR	أفضل رؤية مصححة 0.2
HP:0030556	Best corrected visual acuity 0.3 LogMAR	أفضل رؤية مصححة 0.3
HP:0030557	Best corrected visual acuity 0.4 LogMAR	أفضل رؤية مصححة 0.4
HP:0030558	Best corrected visual acuity 0.5 LogMAR	أفضل رؤية مصححة 0.5
HP:0030559	Best corrected visual acuity 0.7 LogMAR	أفضل رؤية مصححة 0.7
HP:0030560	Best corrected visual acuity 0.6 LogMAR	أفضل رؤية مصححة 0.6
HP:0030581	Pinhole visual acuity 1.3 LogMAR	حدة النظر عبر ثقب صغير 1.3 LogMAR
HP:0030582	Pinhole visual acuity 2.0 LogMAR	حدة النظر عبر ثقب صغير 2.0 LogMAR
HP:0030583	Pinhole visual acuity 3.0 LogMAR	حدة النظر عبر ثقب صغير 3.0 LogMAR
HP:0030584	Color vision test abnormality	مشاكل في الرؤية اللونية
HP:0030585	Red desaturation	ضعف رؤية اللون الأحمر
HP:0030586	Abnormal Ishihara plate test	نتيجة غير عادية لاختبار اللون
HP:0030587	Abnormal Hardy-Rand-Rittler plate test	نتائج غير عادية لاختبار تمييز الألوان
HP:0030588	Abnormal visual field test	اختبار حقل الرؤية غير الطبيعي
HP:0030589	Abnormal confrontational visual field test	اختبار حقل الرؤية بالمواجهة غير الطبيعي
HP:0030590	Abnormal Amsler grid test	اختبار شبكة آمسلر غير الطبيعي
HP:0030612	Abnormal retinal morphology on macular OCT	تغير شكل الشبكية في مسح العين
HP:0030613	Abnormal foveal morphology on macular OCT	تغير شكل النقرة في مسح العين
HP:0030614	Foveal photoreceptor layer loss on macular OCT	فقدان مستقبلات الضوء في النقرة
HP:0030615	Foveal photoreceptor outer segment loss on macular OCT	فقدان جزء من مستقبلات الضوء في النقرة
HP:0030616	Foveal retinal pigment epithelial loss on macular OCT	فقدان طبقة الصبغة في مركز الشبكية
HP:0030617	Abnormal OCT-measured foveal thickness	سمك النقرة غير الطبيعي
HP:0030618	Increased OCT-measured foveal thickness	زيادة سمك النقرة
HP:0030619	Reduced OCT-measured foveal thickness	انخفاض سمك النقرة
HP:0030620	Inner retinal layer loss on macular OCT	فقدان الطبقة الداخلية للشبكية
HP:0030621	Foveal inner retinal layer loss on macular OCT	فقدان الطبقة الداخلية في النقرة
HP:0030591	Abnormal kinetic perimetry test	اختبار رؤية حركة العين غير الطبيعي
HP:0030592	Abnormal static perimetry test	اختبار رؤية ثابتة غير طبيعي
HP:0030593	Abnormal manual kinetic perimetry test	اختبار يدوي لحركة العين غير طبيعي
HP:0030594	Abnormal automated kinetic perimetry test	اختبار آلي لحركة العين غير طبيعي
HP:0030595	Abnormal static automated perimetry test	اختبار آلي للرؤية الثابتة غير طبيعي
HP:0030596	Abnormal Humphrey SITA 30-2 perimetry test	اختبار همفري 30-2 غير طبيعي
HP:0030597	Abnormal Humphrey SITA 24-2 perimetry test	اختبار همفري 24-2 غير طبيعي
HP:0030598	Abnormal Humphrey SITA 10-2 perimetry test	اختبار همفري 10-2 غير طبيعي
HP:0030599	Abnormal Esterman grid perimetry test	اختبار شبكة إستيرمان غير الطبيعي
HP:0030601	Abnormal posterior segment imaging	تصوير خلف العين غير طبيعي
HP:0030622	Abnormal foveal pit on macular OCT	مشكلة في مركز النظر
HP:0030623	Intraretinal hyporeflective spaces on macular OCT	فراغات داخل الشبكية
HP:0030624	Subretinal hyporeflective spaces on macular OCT	فراغات تحت الشبكية
HP:0030625	Hyporeflective spaces on macular OCT	فراغات في الشبكية
HP:0030626	Foveal intraretinal hyporeflective spaces on macular OCT	فراغات في مركز الشبكية
HP:0030627	Foveal hyporeflective spaces on macular OCT	فراغات في مركز النظر
HP:0030628	Foveal subretinal hyporeflective spaces on macular OCT	فراغات تحت مركز النظر
HP:0030629	Perifoveal ring of hyperautofluorescence	حلقة لامعة حول مركز النظر
HP:0030630	Irregular central macular autofluorescence	توهج غير منتظم في مركز النظر
HP:0030631	Hyperautofluorescent macular lesion	بقعة لامعة في مركز النظر
HP:0030602	Abnormal fundus autofluorescence imaging	مشاكل في تصوير العين
HP:0030603	Abnormal optical coherence tomography	مشاكل في تصوير العين بالموجات
HP:0030604	Abnormal fundus fluorescein angiography	مشاكل في تصوير الأوعية الشبكية
HP:0030605	Abnormal indocyanine green angiography	مشاكل في تصوير الأوعية
HP:0030606	Abnormal OCT-measured macular thickness	مشاكل في سماكة البقعة
HP:0030607	Reduced OCT-measured macular thickness	نحافة البقعة
HP:0030608	Increased OCT-measured macular thickness	زيادة سماكة البقعة
HP:0030609	Photoreceptor layer loss on macular OCT	فقدان طبقة المستقبلات
HP:0030610	Photoreceptor outer segment loss on macular OCT	فقدان جزء المستقبلات
HP:0030611	Retinal pigment epithelial loss on macular OCT	فقدان الظهارة الصبغية
HP:0030642	Fundus albipunctatus	بقع بيضاء في الشبكية
HP:0030643	Vitelliform-like retinal lesions	بقع صفراء شبكية
HP:0030644	Blind-spot enlargement	توسع منطقة الرؤية العمياء
HP:0030645	Central	في الوسط
HP:0030646	Peripheral	في الطرف
HP:0030647	Paracentral	بالقرب من الوسط
HP:0030648	Midperipheral	في مركز الحافة
HP:0030649	Pericentral	حول الوسط
HP:0030650	Focal	مركز محدد
HP:0030651	Multifocal	متعدد المراكز
HP:0030632	Hypoautofluorescent macular lesion	إصابة في العين
HP:0030633	Perifoveal ring of hyperautofluorescence surrounded by normal autofluorescence	حلقة محاطة بفلورة طبيعية
HP:0030634	Perifoveal ring of hyperautofluorescence surrounded by abnormal autofluorescence	حلقة محاطة بفلورة غير طبيعية
HP:0030635	Retinal dystrophy with early macular involvement	مشاكل في الشبكية
HP:0030636	Occult macular dystrophy	اضطراب في مركز الرؤية
HP:0030637	Congenital stationary cone dysfunction	اضطراب في الرؤية
HP:0030638	Congenital stationary night blindness with normal fundus	عمى ليلي مع عين طبيعية
HP:0030639	Congenital stationary night blindness with abnormal fundus	عمى ليلي مع عين غير طبيعية
HP:0030640	Complete congenital stationary night blindness	عمى ليلي تام
HP:0030641	Incomplete congenital stationary night blindness	عمى ليلي جزئي
HP:0030652	Vitreous haze	غشاوة في العين
HP:0030654	Umbilical cord cyst	انتفاخ في الحبل السري
HP:0030655	Umbilical cord knot	عقدة في الحبل السري
HP:0030656	Umbilical vein varix	تورم في وريد الحبل السري
HP:0030657	Umbilical cord hematoma	نزيف في الحبل السري
HP:0030658	Marginal umbilical cord insertion	إدخال الحبل السري قريب من حافة المشيمة
HP:0030659	Velamentous cord insertion	إدخال الحبل السري في الأغشية المشيمية
HP:0030660	Furcate cord insertion	تفرع الحبل السري قبل دخوله المشيمة
HP:0030661	Vitreous snowballs	بقع صفراء بيضاء في الجسم الزجاجي
HP:0030662	Vitreous inflammatory cells	خلايا التهابية في العين
HP:0030663	Optically empty vitreous	الجسم الزجاجي الفارغ
HP:0030664	Beevor's sign	انتقال السرة للأعلى عند الجلوس
HP:0010919	Abnormal circulating homocysteine concentration	مستوى غير طبيعي للهوموسيستين
HP:0010920	Zonular cataract	عتامة عدسة في مناطق محددة
HP:0010921	Coralliform cataract	عتامة عدسة مثل المرجان
HP:0010922	Membranous cataract	عدسة منكمشة ومسطحة
HP:0010923	Anterior subcapsular cataract	عتامة عدسة من الأمام
HP:0010924	Posterior cortical cataract	عتامة عدسة في الجزء الخلفي
HP:0010925	Nuclear punctate cataract	عتامة نقطية في نواة العدسة
HP:0010926	Aculeiform cataract	عتامة عدسة بأشكال إبرية
HP:0010927	Abnormal blood inorganic cation concentration	خلل في تركيز أيونات الدم
HP:0010929	Abnormal blood cation concentration	خلل في تركيز أيونات الدم
HP:0010930	Abnormal blood monovalent inorganic cation concentration	خلل في تركيز أيونات الدم
HP:0010931	Abnormal blood sodium concentration	خلل في نسبة الصوديوم في الدم
HP:0010932	Abnormal circulating nucleobase concentration	خلل في معدل القواعد النيتروجينية في الدم
HP:0010933	Hyperxanthinemia	زيادة الزانثين في الدم
HP:0010934	Xanthinuria	زيادة الزانثين في البول
HP:0010935	Abnormality of the upper urinary tract	خلل في الجزء العلوي من الجهاز البولي
HP:0010936	Abnormality of the lower urinary tract	خلل في الجزء السفلي من الجهاز البولي
HP:0010937	Abnormal nasal skeleton morphology	تشوه في عظام الأنف
HP:0010948	Abnormal fetal cardiovascular morphology	تشوهات قلب الجنين
HP:0010949	Abnormality of umbilical vein blood flow	مشاكل في تدفق دم الوريد السري
HP:0010950	Abnormal fourth ventricle morphology	تشوه البطين الرابع
HP:0010951	Abnormal third ventricle morphology	تشوه البطين الثالث
HP:0011833	Overhanging nasal tip	طرف الأنف المتراخي
HP:0011834	Moyamoya phenomenon	ظاهرة مويامويا
HP:0011835	Absent scaphoid	خلو العظم الزورقي
HP:0011836	Delayed talus ossification	تأخر في نمو عظم الكاحل
HP:0011837	Partial IgA deficiency	نقص جزئي في IgA
HP:0011838	Sclerodactyly	تصلب جلد الأصابع
HP:0010938	Abnormal external nose morphology	تشوه الأنف الخارجي
HP:0010939	Abnormal nasal bone morphology	تشوه عظام الأنف
HP:0010940	Aplasia/Hypoplasia of the nasal bone	عدم تكون العظمة الأنفية
HP:0010941	Aplasia of the nasal bone	غياب العظمة الأنفية
HP:0010942	Echogenic intracardiac focus	بؤرة مشعة في القلب
HP:0010943	Echogenic fetal bowel	أمعاء مشعة للجنين
HP:0010944	Abnormal renal pelvis morphology	تشوه حوض الكلى
HP:0010945	Fetal pyelectasis	اتساع حوض كلى الجنين
HP:0010946	Dilatation of the renal pelvis	اتساع حوض الكلى
HP:0010947	Abnormality of ductus venosus blood flow	خلل تدفق الدم في الدورة الدموية
HP:0011839	Abnormal total T cell count	تعداد غير طبيعي للخلايا التائية
HP:0011840	Abnormal T cell physiology	خلل وظيفي في الخلايا التائية
HP:0011841	Ventricular flutter	اضطراب ضربات القلب في البطين
HP:0011842	Abnormal skeletal morphology	شكل غير طبيعي للهيكل العظمي
HP:0011843	Abnormal musculoskeletal physiology	خلل في وظيفة الهيكل العضلي
HP:0011844	Abnormal appendicular skeleton morphology	تشوه في هيكل الأطراف
HP:0011845	Short second metatarsal	قصر في العظم الثاني للقدم
HP:0011846	Osteoblastoma	ورم عظمي حميد
HP:0011847	Giant cell tumor of bone	ورم عظمي بالخلايا العملاقة
HP:0011848	Abdominal colic	آلام البطن المتقطعة
HP:0011849	Abnormal bone ossification	نضوج العظام غير الطبيعي
HP:0011850	Parotitis	التهاب الغدة النكافية
HP:0011851	Hemopericardium	نزيف في الكيس القلبي
HP:0011852	Chylopericardium	تجمع السائل اللبني في الكيس القلبي
HP:0011853	Serous pericardial effusion	تجمع سائل مصلي حول القلب
HP:0011854	Hemoperitoneum	نزيف في تجويف البطن
HP:0011855	Pharyngeal edema	تورم الحلق
HP:0011856	Pica	أكل أشياء غير غذائية
HP:0011857	Plasmacytoma	ورم خلايا البلازما
HP:0011858	Reduced factor IX activity	نشاط عامل التخثر IX المنخفض
HP:0011859	Punctate keratitis	التهاب القرنية النقطي
HP:0011860	Metaphyseal dappling	التصبغ في العظم
HP:0011861	Bilateral trilobed lung	رئة ثلاثية الفصوص في الجانبين
HP:0011862	Abnormal bone collagen fibril morphology	تشوهات في شكل ألياف العظم
HP:0011863	Abnormal sternal ossification	تشوهات في نمو عظم القص
HP:0011864	Elevated plasma pyrophosphate	ارتفاع مستوى البيروفوسفات في الدم
HP:0011867	Abnormal iliac wing morphology	تشوهات في عظمة الحوض
HP:0011868	Sciatica	ألم عرق النسا
HP:0011869	Abnormal platelet function	مشاكل في أداء الصفائح الدموية
HP:0011870	Impaired arachidonic acid-induced platelet aggregation	ضعف تجمع الصفائح الدموية
HP:0011881	Decreased platelet glycoprotein VI	انخفاض بروتين في غشاء الصفائح
HP:0011882	Decreased platelet P2Y12 receptor	انخفاض مستقبل في غشاء الصفائح
HP:0011883	Abnormal platelet granules	اضطراب حبيبات الصفائح
HP:0011884	Abnormal umbilical stump bleeding	نزيف سرة المولود
HP:0011885	Hemorrhage of the eye	نزيف من العين
HP:0011886	Hyphema	دم في العين
HP:0011887	Choroid hemorrhage	نزيف في المشيمية
HP:0011888	Bleeding requiring red cell transfusion	نزيف شديد يتطلب نقل دم
HP:0025059	Splenic abscess	قيح في الطحال
HP:0025060	Multifocal splenic abscess	خراجات متعددة في الطحال
HP:0011871	Impaired ristocetin-induced platelet aggregation	مشاكل في تخثر الدم عند إضافة الريستوستين
HP:0011872	Impaired thrombin-induced platelet aggregation	مشاكل في تخثر الدم عند إضافة الثرومبين
HP:0011873	Abnormal platelet count	عدد الصفائح الدموية غير الطبيعي
HP:0011874	Heparin-induced thrombocytopenia	انخفاض عدد الصفائح الدموية بعد إعطاء الهيبارين
HP:0011875	Abnormal platelet morphology	شكل غير طبيعي للصفائح الدموية
HP:0011876	Abnormal platelet volume	حجم الصفائح الدموية غير الطبيعي
HP:0011877	Increased mean platelet volume	صفائح دموية كبيرة
HP:0011878	Abnormal platelet membrane protein expression	تغير بروتينات سطح الصفائح الدموية
HP:0011879	Decreased platelet glycoprotein Ib-IX-V	نقص بروتين معين في سطح الصفائح
HP:0011880	Acute disseminated intravascular coagulation	حالة حادة من تخثر الدم في الأوعية
HP:0025061	Unifocal splenic abscess	خراج في الطحال
HP:0025062	Geophagia	أكل التراب
HP:0025063	Scaphoid abdomen	بطن مجوفة
HP:0025064	Thalamic hemorrhage	نزيف في الدماغ
HP:0025065	Abnormal mean corpuscular volume	تغير حجم خلايا الدم الحمراء
HP:0025066	Decreased mean corpuscular volume	صغر حجم خلايا الدم الحمراء
HP:0025067	Recurrent sepsis	عدوى متكررة حادة
HP:0025068	Incomitant strabismus	حول متغير
HP:0025069	Concomitant strabismus	حول ثابت
HP:0025070	Abnormal U wave	موجة قلب غير طبيعية
HP:0025081	Darier's sign	حكة وطفح عند فرك الجلد
HP:0025082	Abnormal cutaneous elastic fiber morphology	خلل في ألياف الجلد المرنة
HP:0025083	Elevated dermal desmosine content	زيادة مادة الديزموسين في الجلد
HP:0025084	Folliculitis	التهاب بصيلات الشعر
HP:0025085	Bloody diarrhea	إسهال مع دم
HP:0025086	Bloody mucoid diarrhea	إسهال مع دم ومخاط
HP:0025087	Delayed recoil upon stretching of skin	بطء رجوع الجلد بعد شده
HP:0025088	Onychomadesis	انفصال الظفر
HP:0025089	Feculent vomiting	استفراغ يشبه البراز
HP:0025090	Abnormal large intestinal mucosa morphology	خلل في بطانة الأمعاء الغليظة
HP:0025071	U wave inversion	انعكاس موجة U
HP:0025072	Prominent U wave	موجة U واضحة
HP:0025073	Exercise-induced U wave inversion	انعكاس موجة U بعد التمرين
HP:0025074	Abnormal QRS complex	مشاكل في QRS
HP:0025075	Increased QRS voltage	ارتفاع الجهد الكهربائي لـ QRS
HP:0025076	Abnormal QRS voltage	مشاكل جهد QRS
HP:0025077	Decreased QRS voltage	انخفاض الجهد الكهربائي لـ QRS
HP:0025078	Electrical alternans	تغير في ارتفاع QRS
HP:0025079	Pancreatic abscess	عَدوى في البنكرياس
HP:0025080	Orthokeratotic hyperkeratosis	تكون طبقة الجلد سميكة
HP:0025091	Wrist sign	إشارة الرسغ
HP:0025092	Epidermal acanthosis	زيادة سماكة الطبقة العليا من الجلد
HP:0025093	Peripapillary exudate	إفرازات حول العصب البصري
HP:0025094	Disciform macular scar	ندبة في البقعة
HP:0025095	Sneeze	العطاس
HP:0025096	Paroxysmal sneezing	نوبات عطاس غير مبررة
HP:0025097	Eyelid myoclonus	ارتعاش الجفن
HP:0025098	Dysgenesis of the hypothalamus	خلل في بناء الوطاء
HP:0025099	Dysgenesis of the thalamus	خلل في بناء المهاد
HP:0025100	Abnormal hippocampus morphology	تشوه الحُصين
HP:0012840	Proximal	قريب من الوسط
HP:0012841	Retinal vascular tortuosity	التواء الأوعية الدموية في الشبكية
HP:0012842	Skin appendage neoplasm	ورم في غدد الجلد
HP:0012843	Hair follicle neoplasm	ورم في بصيلة الشعر
HP:0012844	Trichilemmoma	ورم حميد في بصيلة الشعر
HP:0012845	Single trichilemmoma	ورم فردي في بصيلة الشعر
HP:0012846	Multiple trichilemmomata	أورام متعددة في بصيلات الشعر
HP:0012847	Epilepsia partialis continua	الصرع المستمر الجزئي
HP:0012848	Small intestinal stenosis	تضيق في الأمعاء الدقيقة
HP:0012849	Small intestinal bleeding	نزيف في الأمعاء الدقيقة
HP:0012830	Position	مكان
HP:0012831	Laterality	الجانب
HP:0012832	Bilateral	مزدوج الجانب
HP:0012833	Unilateral	وحيد الجانب
HP:0012834	Right	الأيمن
HP:0012835	Left	الأيسر
HP:0012836	Spatial pattern	نمط التوزيع
HP:0012837	Generalized	منتشر
HP:0012838	Localized	محدود
HP:0012839	Distal	بعيد
HP:0025111	Acquired aphakia	عدم وجود عدسة العين
HP:0025112	Auditory sensitivity	الحساسية من الأصوات
HP:0025113	Misophonia	الانزعاج من الأصوات
HP:0025114	Hypergranulosis	سماكة في طبقة الجلد الحبيبية
HP:0025115	Civatte bodies	أجسام غير طبيعية في الجلد
HP:0025116	Fetal distress	مشاكل الجنين خلال الحمل
HP:0025117	Rete ridge flattening	تسطح جلد
HP:0025118	Lip discoloration	تغير لون الشفاه
HP:0025119	Violet lip discoloration	شفاه بلون بنفسجي
HP:0012829	Profound	شديد للغاية
HP:0012850	Small intestinal dysmotility	عدم انتظام حركة الأمعاء
HP:0012851	Colonic stenosis	تضييق في القولون
HP:0012852	Hepatic bridging fibrosis	تليف الكبد
HP:0012853	Scrotal hypospadias	فتحة الإحليل في كيس الصفن
HP:0012854	Midshaft hypospadias	فتحة الإحليل في منتصف القضيب
HP:0012855	Scrotal hyperpigmentation	غمقان لون كيس الصفن
HP:0012856	Abnormal scrotal rugation	تجاعيد الجلد غير الطبيعية في كيس الصفن
HP:0012857	Increased scrotal rugation	زيادة تجاعيد جلد كيس الصفن
HP:0012858	Decreased scrotal rugation	قلة تجاعيد جلد كيس الصفن
HP:0012859	Esophageal leukoplakia	بقع بيضاء في المريء
HP:0025101	Dysgenesis of the hippocampus	خلل في نمو الحُصين
HP:0025102	Dysgenesis of the basal ganglia	خلل في نمو العقد القاعدية
HP:0025103	Umbilicated nodule	عقدة جلدية بشكل السرة
HP:0025104	Capillary malformation	وحمة جلدية مسطحة
HP:0025105	Nevus anemicus	بقع جلدية فاتحة
HP:0025106	Nevus roseus	بقعة وردية اللون
HP:0025107	Cutis marmorata telangiectatica congenita	نمط جلدي يشبه الرخام
HP:0025108	Angioma serpentinum	بقع جلدية حمراء منتشرة
HP:0025109	Reduced red cell pyruvate kinase level	انخفاض في إنزيم خلايا الدم الحمراء
HP:0025110	Placoid macular lesion	بقعة صفراء أو بيضاء كبيرة
HP:0012860	Testicular fibrosis	تليف في الخصية
HP:0012861	Ovotestis	غدة تناسل تحتوي على أجزاء ذكرية وأنثوية
HP:0012862	Abnormal germ cell morphology	خلية تناسلية غير طبيعية الشكل
HP:0012863	Abnormal male germ cell morphology	خلل في شكل خلايا التناسل الذكرية
HP:0012864	Abnormal sperm morphology	شكل غير طبيعي للحيوانات المنوية
HP:0012865	Abnormal sperm head morphology	شكل غير طبيعي لرأس الحيوان المنوي
HP:0012866	Abnormal sperm neck morphology	شكل غير طبيعي لعنق الحيوان المنوي
HP:0012867	Abnormal sperm mid-piece morphology	شكل غير طبيعي للجزء الأوسط من الحيوان المنوي
HP:0012868	Abnormal sperm tail morphology	شكل غير طبيعي لذيل الحيوان المنوي
HP:0012869	Acephalic spermatozoa	حيوانات منوية دون رؤوس
HP:0012870	Vanishing testis	اختفاء الخصية
HP:0012871	Varicocele	دوالي الخصية
HP:0012872	Abnormal vas deferens morphology	تشوه الوعاء الناقل
HP:0012873	Absent vas deferens	غياب الوعاء الناقل
HP:0012874	Abnormal male reproductive system physiology	خلل في وظيفة الجهاز التناسلي
HP:0012875	Abnormal ejaculation	خلل في القذف
HP:0012876	Premature ejaculation	القذف المبكر
HP:0012877	Retrograde ejaculation	القذف الخلفي
HP:0012878	Retarded ejaculation	القذف المتأخر
HP:0012879	Anejaculation	عدم القذف
HP:0025457	Decreased CSF protein concentration	انخفاض بروتين السائل النخاعي
HP:0025458	Decreased CSF albumin concentration	انخفاض ألبومين السائل النخاعي
HP:0025459	Increased CSF/serum albumin ratio	زيادة نسبة الألبومين في السائل النخاعي إلى الدم
HP:0025460	High myoinositol in brain by MRS	ارتفاع المايوينوزيتول في الدماغ
HP:0025461	Abnormal cell morphology	خلل في شكل الخلايا
HP:0025463	Abnormality of redox activity	خلل في نشاط الأكسدة والاختزال
HP:0025464	Increased reactive oxygen species production	الإجهاد التأكسدي
HP:0025465	Abnormal circulating beta globulin concentration	خلل في تركيز بيتا غلوبولين في الدم
HP:0025466	Beta 2-microglobulinuria	زيادة بيتا 2 ميكروغلوبولين في البول
HP:0025469	Anagen effluvium	تساقط الشعر في مرحلة النمو
HP:0012880	Abnormal labia minora morphology	تشوه الشفاه المهبلية الداخلية
HP:0012881	Abnormal labia majora morphology	تشوه الشفاه المهبلية الخارجية
HP:0012882	Hyperplastic labia majora	زيادة حجم الشفاه المهبلية الخارجية
HP:0025449	Apically displaced anterolateral papillary muscle	انتقال العضلة في القلب
HP:0025451	Testicular adrenal rest tumor	ورم في الخصية
HP:0025452	Pyoderma gangrenosum	قرحة في الجلد
HP:0025453	Delayed adrenarche	تأخر النمو الطبيعي عند الأطفال
HP:0025454	Abnormal CSF metabolite concentration	خلل في مواد السائل الدماغي
HP:0025455	Decreased CSF 5-hydroxyindolacetic acid concentration	انخفاض مادة في السائل الدماغي
HP:0025456	Abnormal CSF protein concentration	خلل في بروتين السائل الدماغي
HP:0025470	Telogen effluvium	تساقط الشعر
HP:0025471	Congenital panfollicular nevus	وحمة خلقية بالشعر غير مكتملة
HP:0025472	Recurrent plantar mycosis	فطريات القدم المتكررة
HP:0025473	Hyperpigmented papule	بقعة داكنة
HP:0025474	Erythematous plaque	بقعة حمراء
HP:0025475	Erythematous macule	بقعة حمراء مسطحة
HP:0025476	Testicular lipomatosis	دهون الخصية
HP:0025477	Periarticular calcification	تكلس خارج المفصل
HP:0025478	Atrial standstill	توقف عمل الأذين
HP:0025479	Self-neglect	عدم الاهتمام بالنفس
HP:0025480	Lipomyelomeningocele	كتلة دهنية تحت الجلد في العمود الفقري
HP:0025481	Cervical hemivertebrae	غَياب نصف جسم الفقرة في العنق
HP:0025482	Positive perchlorate discharge test	نتيجة غير طبيعية لاختبار البيركلوري
HP:0025483	Abnormal circulating thyroglobulin concentration	مستوى غير طبيعي من بروتين الغدة الدرقية
HP:0025484	Increased circulating thyroglobulin concentration	مستوى مرتفع من بروتين الغدة الدرقية
HP:0025485	Vaginal adenosis	نسيج غريب في جدار المهبل
HP:0025486	Fused labia majora	الشفرة الخارجية الملتحمة
HP:0025487	Abnormal bladder morphology	تشوه في شكل المثانة
HP:0025488	Detrusor sphincter dyssynergia	عدم تناسق بين عضلات المثانة والصمام
HP:0025489	Bladder duplication	وجود مثانتين
HP:0025490	Myocardial bridging	جسر في عضلة القلب
HP:0025491	Venous stenosis	تضييق الوريد
HP:0025492	Microcoria	حدقة صغيرة
HP:0025493	Palmoplantar erythema	احمرار اليدين والقدمين
HP:0025494	Coated aorta	الشريان الأورطي المغلف
HP:0025495	Descending aorta hypoplasia	تضييق الشريان الأبهر الهابط
HP:0025496	Abnormal coronary artery physiology	وظيفة غير طبيعية لشريان القلب
HP:0025497	Coronary artery spasm	تشنج في شريان القلب
HP:0025498	Aceruloplasminemia	نقص بروتين السيرولوبلاسمين
HP:0025499	Class I obesity	البدانة الفئة 1
HP:0025500	Class II obesity	زيادة كبيرة في الوزن
HP:0025501	Class III obesity	زيادة كبيرة جدّا في الوزن
HP:0025502	Overweight	زيادة بسيطة في الوزن
HP:0025503	Anomalous coronary artery arising from the opposite sinus	شريان غير طبيعي من القلب
HP:0025505	Anomalous origin of the circumflex artery from the right sinus of Valsalva	شريان غير طبيعي من القلب
HP:0025506	Coronary artery sandwich anomaly	شريان محصور بين الأوعية
HP:0025507	Yellow papule	نقطة صفراء على الجلد
HP:0025508	Gottron's papules	نقاط بارزة على المفاصل
HP:0025509	Piezogenic pedal papules	نقاط بارزة على الكعب
HP:0025510	Nevus spilus	بقعة بنية على الجلد
HP:0025511	Nevus sebaceus	بقعة صفراء على الجلد
HP:0025512	Skin-colored papule	انتفاخ بلون الجلد
HP:0031161	Reduced brain glutamate level by MRS	انخفاض الجلوتامات في الدماغ
HP:0031162	Impaired oropharyngeal swallow response	صعوبة في بدء البلع
HP:0031163	Low femoral bone density	انخفاض كثافة عظم الفخذ
HP:0031164	Growth arrest lines	خطوط في العظام تشير إلى وقف النمو
HP:0031165	Multifocal seizures	نوبات صرع من مناطق متعددة في الدماغ
HP:0031166	Eyelid myokymia	اهتزاز لا إرادي للجفن
HP:0031167	Triggered by ingestion of potassium-rich food	أعراض ناجمة عن تناول طعام غني بالبوتاسيوم
HP:0031169	Postterm pregnancy	الحمل بعد موعده
HP:0031170	Female fetal virilization	تذكير الجنين الأنثوي
HP:0031171	Femoral spur	نتوء عظمي في عظم الفخذ
HP:0031172	Sectoral retinitis pigmentosa	التهاب شبكية مقطعي
HP:0031173	Tibial spur	نتوء عظمي في عظم الساق
HP:0031174	Double-layered patella	رضفة ذات طبقتين
HP:0031175	Absent cervical vertebra	فقرات عنقية مفقودة
HP:0031176	Absent thoracic vertebra	فقرات صدرية مفقودة
HP:0031177	Finger flexor weakness	ضعف في ثني الأصابع
HP:0031178	Fixed head retroflexion	تثبيت الرأس للخلف
HP:0031179	Nuchal rigidity	تيبس الرقبة
HP:0031180	Erythema migrans	طفح جلدي أحمر ينتشر
HP:0031181	Necrolytic migratory erythema	آفات جلدية متحركة
HP:0031185	Elevated circulating NT-proBNP concentration	زيادة مستوى NT-proBNP في الدم
HP:0031186	Abnormal circulating deoxycorticosterone level	خلل في مستوى ديأوكسي كورتيكوستيرون في الدم
HP:0031187	Abnormal circulating pregnenolone concentration	خلل في تركيز بريجنينولون في الدم
HP:0031188	Genital edema	تورم في المنطقة التناسلية
HP:0031189	Wrist drop	عدم القدرة على رفع المعصم
HP:0031190	Superficial dermal perivascular inflammatory infiltrate	التهاب جلدي سطحي حول الأوعية
HP:0031191	Deep dermal perivascular inflammatory infiltrate	التهاب جلدي عميق حول الأوعية
HP:0031192	Abnormal morphology of left ventricular trabeculae	خلل في شكل العضلات القلبية للبطين الأيسر
HP:0031193	Abnormal morphology of right ventricular trabeculae	تشوهات عضلات القلب في البطين الأيمن
HP:0031194	Increased density of left ventricular trabeculae	زيادة عدد العضلات في البطين الأيسر
HP:0031195	Apical hypertrabeculation of the left ventricle	زيادة العضلات في قمة البطين الأيسر
HP:0031196	Thin myocardium compact layer	ترقق القلب الخارجي
HP:0031197	Cellular urinary casts	تكتلات بروتينية مع خلايا في البول
HP:0031198	Renal tubular epithelial cell casts	تكتلات خلايا الكلى في البول
HP:0031199	Acellular urinary casts	تكتلات بروتينية في البول
HP:0031200	Hyaline casts	تكتلات بولية هلامية
HP:0031201	Granular casts	تكتلات بولية حبيبية
HP:0031202	Waxy casts	تكتلات بولية تشبه الشمع
HP:0031203	Fatty casts	جزيئات دهون في البول
HP:0031204	Bacterial cell casts	جراثيم في البول
HP:0031205	Reduced lysosomal acid lipase activity	انخفاض نشاط إنزيم معين في الدم
HP:0031206	Striatal T2 hyperintensity	زيادة سطوع في منطقة معينة من الدماغ
HP:0031207	Hepatic hemangioma	تجمع دموي في الكبد
HP:0031208	Increased pituitary glycoprotein hormone alpha subunit level	ارتفاع بروتين معين في الدم
HP:0031209	Decreased circulating lipoprotein lipase concentration	انخفاض إنزيم معين في الدم
HP:0031210	Abnormal circulating hyaluronic acid concentration	خلل في مستوى حمض في الدم
HP:0031211	Elevated cholesterol ester level	زيادة الكوليسترول في الدم
HP:0031212	Abnormal circulating progesterone level	خلل في هرمون الحمل
HP:0031213	Elevated circulating 17-hydroxyprogesterone concentration	زيادة 17-هيدروكسي بروجسترون في الدم
HP:0031214	Decreased circulating dehydroepiandrosterone concentration	انخفاض ديهيدرو إيبي آندروستيرون في الدم
HP:0031215	Decreased circulating dehydroepiandrosterone-sulfate concentration	انخفاض سلفات الديهيدرو إيبي آندروستيرون في الدم
HP:0031216	Increased circulating progesterone	زيادة بروجسترون في الدم
HP:0031217	Hot flashes	الدفء المفاجئ في الجسم
HP:0031218	Inappropriate antidiuretic hormone secretion	الإفراز غير المناسب للهرمون المضاد لإدرار البول
HP:0031219	Reduced radioactive iodine uptake	انخفاض امتصاص اليود في الغدة الدرقية
HP:0031220	Increased radioactive iodine uptake	زيادة امتصاص اليود في الغدة الدرقية
HP:0031221	Abnormal radioactive iodine uptake test result	اختبار اليود المشع غير طبيعي
HP:0031222	Increased circulating thyroxine-binding globulin level	زيادة الجلوبولين الرابط للثيروكسين في الدم
HP:0031223	Focal pancreatic islet hyperplasia	زيادة خلايا جزر البنكرياس في مناطق معينة
HP:0031224	Diffuse pancreatic islet hyperplasia	زيادة عامة في خلايا جزر البنكرياس
HP:0031225	Intrapulmonary shunt	تدفق الدم في الرئة بدون تهوية كافية
HP:0031226	Perinephric fluid collection	وجود سوائل حول الكلية
HP:0031227	Nasopharyngeal teratoma	ورم في الأنف والبلعوم
HP:0031228	Abnormal incisura morphology	شكل غير طبيعي للثلمة
HP:0031229	Increased incisura length	طول الثلمة أكبر من المعتاد
HP:0031230	Decreased incisura length	طول الثلمة أقل من المعتاد
HP:0031231	Narrow incisura width	عرض الثلمة أقل من المعتاد
HP:0031232	Increased incisura width	عرض الثلمة أكبر من المعتاد
HP:0031243	Decreased VLDL cholesterol concentration	انخفاض مستوى كوليسترول الدم
HP:0031244	Swollen lip	شفة متورمة
HP:0031245	Productive cough	سعال مصحوب ببلغم
HP:0031246	Nonproductive cough	سعال جاف
HP:0031247	Whooping cough	السعال الديكي
HP:0031248	Palmar pruritus	حكة في راحة اليد
HP:0031249	Parageusia	تغير حاسة التذوق
HP:0031250	Lip fissure	تشقق الشفة
HP:0031251	Abnormal subclavian artery morphology	شكل غير طبيعي للشريان تحت الترقوي
HP:0031252	Dilated left subclavian artery	توسع الشريان تحت الترقوي الأيسر
HP:0031233	Horizontal inferior border of scapula	الشكل المربع للكتف
HP:0031234	Neutrophilic infiltration of the skin	تسلل خلايا مناعية في الجلد
HP:0031235	Predominantly epidermal neutrophilic infiltrate	تجمع خلايا مناعية في الطبقة الخارجية من الجلد
HP:0031236	Predominantly dermal neutrophilic infiltrate	تجمع خلايا مناعية في الطبقة السفلية من الجلد
HP:0031237	Internally nucleated skeletal muscle fibers	تجمع نوى داخل العضلات
HP:0031238	Necklace skeletal muscle fibers	ألياف عضلية على شكل قلادة
HP:0031239	Extrafoveal choroidal neovascularization	نمو الأوعية المشيمية خارج مركز البصر
HP:0031240	Juxtafoveal choroidal neovascularization	نمو الأوعية المشيمية قرب مركز البصر
HP:0031241	Subfoveal choroidal neovascularization	نمو الأوعية المشيمية تحت مركز البصر
HP:0031242	Decreased circulating chylomicron concentration	انخفاض نسبة الدهون في الدم
HP:0011907	Reduced alpha/beta synthesis ratio	نسبة ألفا-بيتا المخفضة
HP:0011908	Unilateral radial aplasia	غياب الكعبرة في ذراع واحدة
HP:0011909	Flattened metacarpal heads	عظام اليد المسطحة
HP:0011910	Shortening of all phalanges of fingers	قصر في عظام الأصابع
HP:0011911	Abnormal metacarpophalangeal joint morphology	تشوه مفاصل اليد
HP:0011912	Abnormality of the glenoid fossa	تشوه الحفرة الحقانية
HP:0011913	Lumbar hypertrichosis	شعر زائد في منطقة أسفل الظهر
HP:0011914	Thoracic hypertrichosis	شعر زائد في منطقة الصدر
HP:0011915	Cardiovascular calcification	تكلس في الأوعية الدموية
HP:0011916	Toe extensor amyotrophy	ضعف عضلات رفع أصابع القدم
HP:0031253	Anomalous origin of left subclavian artery	شذوذ في منشأ الشريان تحت الترقوي الأيسر
HP:0031254	Thalamic arteriovenous malformation	تشوه شرياني وريدي في المهاد
HP:0011889	Bleeding with minor or no trauma	سهولة النزف
HP:0011890	Prolonged bleeding following procedure	استمرار النزيف بعد العملية
HP:0011891	Post-partum hemorrhage	النزيف بعد الولادة
HP:0011892	Decreased circulating vitamin K concentration	نقص فيتامين ك في الدم
HP:0011893	Abnormal leukocyte count	عدد كريات الدم البيضاء غير الطبيعي
HP:0011894	Impaired thromboxane A2 agonist-induced platelet aggregation	ضعف تجمع الصفائح الدموية
HP:0011895	Anemia due to reduced life span of red cells	فقر الدم بسبب تكسير سريع للدم
HP:0011896	Subconjunctival hemorrhage	نزيف في العين
HP:0011897	Increased total neutrophil count	زيادة في عدد العدلات في الدم
HP:0011898	Abnormality of circulating fibrinogen	مشكلة في نوعية الفبرينوجين في الدم
HP:0011899	Hyperfibrinogenemia	ارتفاع معدل الفبرينوجين في الدم
HP:0011900	Hypofibrinogenemia	نقص معدل الفبرينوجين في الدم
HP:0011901	Dysfibrinogenemia	عدم طبيعية في نوعية الفبرينوجين
HP:0011902	Abnormal hemoglobin	خلل في مستوى أو وظيفة الهيموغلوبين
HP:0011903	HbH hemoglobin	وجود هيموغلوبين ايتش في الدم
HP:0011904	Persistence of hemoglobin F	زيادة الهيموغلوبين الجنيني
HP:0011905	Reduced hemoglobin A	نقص الهيموغلوبين A
HP:0011906	Reduced beta/alpha synthesis ratio	خلل في نسبة إنتاج البيتاجلوبين إلى الألفاجلوبين
HP:0011917	Short 5th toe	قصر الإصبع الصغير في القدم
HP:0011918	Clinodactyly of the 4th toe	انحراف الإصبع الرابع في القدم
HP:0011919	Pleural empyema	الصديد في التجويف الجنبي
HP:0011920	Transudative pleural effusion	تجمع سوائل بسيطة في الجنب
HP:0011921	Exudative pleural effusion	تجمع سوائل ناتجة عن التهاب في الجنب
HP:0011922	Abnormal activity of mitochondrial respiratory chain	نشاط غير طبيعي في الميتوكوندريا
HP:0011923	Decreased activity of mitochondrial complex I	ضعف في الجهاز التنفسي في الميتوكوندريا
HP:0011924	Decreased activity of mitochondrial complex III	ضعف في الجهاز التنفسي ميتوكوندريا المركب الثالث
HP:0011925	Decreased activity of mitochondrial ATP synthase complex	ضعف في صناعة الطاقة في الميتوكوندريا
HP:0011926	Proximal placement of hallux	مكان متغير للإصبع الكبير
HP:0011927	Short digit	إصبع قصير
HP:0011928	Short proximal phalanx of toe	عظمة الإصبع الداخلية القصيرة
HP:0011929	Hypersegmentation of proximal phalanx of third finger	عظمة إضافية في الإصبع
HP:0011930	Hyperextensible skin of chest	جلد الصدر المرن
HP:0011931	Abnormal cerebellar peduncle morphology	تشوه في الجسر المخيخي
HP:0011932	Abnormal superior cerebellar peduncle morphology	مشاكل في الجسر المخيخي العلوي
HP:0011933	Elongated superior cerebellar peduncle	الجسر المخيخي العلوي الطويل
HP:0011934	Dilatation of mesenteric artery	توسع في شريان البطن
HP:0011935	Decreased urinary urate	قليل اليورات في البول
HP:0011936	Decreased plasma total carnitine	انخفاض الكارنيتين في الدم
HP:0011937	Hypoplastic fifth toenail	ظفر إصبع القدم الخامس صغير
HP:0011939	3-4 finger cutaneous syndactyly	التصاق بين الأصبعين الثالث والرابع
HP:0011940	Anterior wedging of T12	شكل غير طبيعي للفقرة T12
HP:0011941	Anterior wedging of L2	شكل غير طبيعي للفقرة L2
HP:0011942	Increased urinary sulfite level	زيادة كبريتيت في البول
HP:0011943	Increased urinary thiosulfate	زيادة ثيوسلفات في البول
HP:0011944	Small vessel vasculitis	التهاب الأوعية الدموية الصغيرة
HP:0011945	Bronchiolitis obliterans organizing pneumonia	التهاب في الرئة مع أنسجة التهابية
HP:0011946	Bronchiolitis obliterans	التهاب وانسداد القصيبات
HP:0011947	Respiratory tract infection	التهاب في الجهاز التنفسي
HP:0011948	Recurrent acute respiratory tract infection	التهابات الجهاز التنفسي المتكررة
HP:0011949	Acute infectious pneumonia	الالتهاب الرئوي الحاد
HP:0011950	Bronchiolitis	التهاب القصيبات
HP:0011951	Aspiration pneumonia	الالتهاب الرئوي بسبب الشفط
HP:0011952	Acute aspiration pneumonia	الالتهاب الرئوي الحاد بسبب الشفط
HP:0011953	Pulmonary lymphoma	ورم في الرئة
HP:0011954	Nodular regenerative hyperplasia of liver	تغيرات عقدية في الكبد
HP:0011955	Hepatic granulomatosis	وجود حبيبات في الكبد
HP:0011956	Intestinal lymphoid nodular hyperplasia	تضخم العقد الليمفاوية المعوية
HP:0011957	Abnormal pectoral muscle morphology	خلل في عضلة الصدر
HP:0011958	Retinal perforation	تمزق شبكية العين
HP:0011959	Unilateral hypoplasia of pectoralis major muscle	تطور ضعيف لعضلة الصدرية على جانب واحد
HP:0011960	Substantia nigra gliosis	تكاثر خلوي في المادة السوداء
HP:0011961	Non-obstructive azoospermia	انعدام الحيوانات المنوية غير الانسدادي
HP:0011962	Obstructive azoospermia	انعدام الحيوانات المنوية الانسدادي
HP:0011963	Pretesticular azoospermia	انعدام الحيوانات المنوية لأسباب هرمونية
HP:0011964	Intermittent painful muscle spasms	تقلصات عضلية مؤلمة متقطعة
HP:0011965	Abnormal circulating citrulline concentration	تركيز غير طبيعي للسيترولين في الدم
HP:0011966	Elevated plasma citrulline	ارتفاع السيترولين في الدم
HP:0011967	Decreased circulating copper concentration	نقص النحاس
HP:0010776	Tracheobronchmegaly	توسّع القصبة الهوائية
HP:0010777	Bronchomegaly	توسّع الشُّعب الهوائية
HP:0010778	Tracheomegaly	توسّع القصبة الهوائية
HP:0010779	Large pelvis bone	عظم الحوض الكبير
HP:0010780	Hyperacusis	حساسية الصوت
HP:0010781	Skin dimple	انطباع في الجلد
HP:0010782	Shoulder dimple	انطباع في الكتف
HP:0010783	Erythema	احمرار الجلد
HP:0010784	Uterine neoplasm	سرطان الرحم
HP:0010785	Gonadal neoplasm	ورم في الغدد التناسلية
HP:0010786	Urinary tract neoplasm	ورم في المسالك البولية
HP:0010787	Genital neoplasm	ورم في الأعضاء التناسلية
HP:0010788	Testicular neoplasm	ورم في الخصية
HP:0010789	Abnormality of the Leydig cells	خلل في خلايا الخصية المسؤولة عن إنتاج الهرمون الذكري
HP:0010790	Hypoplasia of the Leydig cells	نقص في خلايا الخصية المسؤولة عن إنتاج الهرمون الذكري
HP:0010791	Hyperplasia of the Leydig cells	زيادة في خلايا الخصية المسؤولة عن إنتاج الهرمون الذكري
HP:0010793	Bifid nail	ظفر مشقوق أو مزدوج
HP:0010794	Impaired visuospatial constructive cognition	صعوبة في تنظيم الأشكال والرؤية الفضائية
HP:0010795	Cerebellar glioma	ورم في المخيخ
HP:0010796	Brainstem glioma	ورم في جذع الدماغ
HP:0011968	Feeding difficulties	مشاكل الأكل
HP:0010756	Aplasia/Hypoplasia of the premaxilla	غياب أو نقص نمو مقدمة الفك العلوي
HP:0010757	Aplasia of the premaxilla	غياب مقدمة الفك العلوي
HP:0010758	Abnormality of the premaxilla	تشوه في مقدمة الفك العلوي
HP:0010759	Prominence of the premaxilla	بروز في مقدمة الفك العلوي
HP:0010760	Absent toe	إصبع قدم مفقود
HP:0010761	Broad columella	عرض زائد في العمود الأنفي
HP:0010762	Chordoma	ورم غريب
HP:0010763	Low insertion of columella	انخفاض في موضع العمود الأنفي
HP:0010764	Short eyelashes	رموش قصيرة
HP:0010765	Palmar hyperkeratosis	سماكة غير طبيعية في جلد راحة اليد
HP:0010766	Ectopic calcification	رواسب كلسية في مكان غير مألوف
HP:0010767	Sacrococcygeal pilonidal abnormality	كيس في منطقة أسفل الظهر
HP:0010769	Pilonidal sinus	كيس شعري عند العصعص
HP:0010770	Pilonidal fistula	ناسور في منطقة العصعص
HP:0010771	Pilonidal abscess	كيس مليء بالشعر في منطقة العصعص
HP:0010772	Anomalous pulmonary venous return	اتصال غير طبيعي للأوردة الرئوية
HP:0010773	Partial anomalous pulmonary venous return	اتصال غير طبيعي جزئي للأوردة الرئوية
HP:0010774	Cor triatriatum	غشاء إضافي في القلب
HP:0010775	Vascular ring	حلقة شريانية حول القصبة الهوائية
HP:0010977	Abnormal phagocytosis	خلل في عملية البلعمة
HP:0010978	Abnormality of immune system physiology	خلل في الجهاز المناعي
HP:0010979	Abnormality of lipoprotein cholesterol concentration	خلل في نسبة الكوليسترول
HP:0010980	Hyperlipoproteinemia	زيادة الدهون بالبروتينات الشحمية
HP:0010981	Hypolipoproteinemia	نقص الدهون في الدم
HP:0010982	Polygenic inheritance	وراثة معقدة
HP:0010983	Oligogenic inheritance	وراثة بعدة جينات
HP:0010984	Digenic inheritance	وراثة بجينين
HP:0010987	Abnormal cellular immune system morphology	خلل في خلايا الجهاز المناعي
HP:0010988	Abnormality of the extrinsic pathway	خلل في عملية التخثر
HP:0010953	Noncommunicating hydrocephalus	استسقاء الرأس غير المتصل
HP:0010954	Hypoplastic right ventricle	القلب الأيمن غير مكتمل النمو
HP:0010955	Dilatation of the bladder	تمدد المثانة
HP:0010956	Fetal megacystis	مثانة جنينية كبيرة
HP:0010957	Congenital posterior urethral valve	صمام الإحليل الخلفي للذكور
HP:0010958	Bilateral renal agenesis	غياب الكلى من الجانبين
HP:0010959	Congenital pulmonary airway malformation	تشوهات هوائية رئوية عند الولادة
HP:0010963	Absence of stomach bubble on fetal sonography	عدم ظهور المعدة في السونار الجنيني
HP:0010964	Abnormal circulating long-chain fatty-acid concentration	تركيز غير طبيعي للأحماض الدهنية في الدم
HP:0010965	Abnormal circulating phytanic acid concentration	مستوى غير طبيعي لحامض الفيتان في الدم
HP:0010797	Hemangioblastoma	ورم الأوعية الدموية
HP:0010798	Lip freckle	نمش الشفاه
HP:0010799	Pinealoma	ورم الغدة الصنوبرية
HP:0010800	Absent cupid's bow	عدم وجود قوس الشفاه
HP:0010801	Underdeveloped nasolabial fold	انخفاض في طية الأنف والشفاه
HP:0010802	Perioral hyperpigmentation	تصبغ زائد حول الفم
HP:0010803	Everted upper lip vermilion	بروز الشفة العلوية
HP:0010804	Tented upper lip vermilion	الشفة العلوية على شكل خيمة
HP:0010805	Upturned corners of mouth	زوايا الفم المرفوعة
HP:0010952	Mild fetal ventriculomegaly	زيادة خفيفة في سائل دماغ الجنين
HP:0010966	Abnormal circulating fatty-acid anion concentration	زيادة أو نقص في أحماض دهنية في الدم
HP:0010967	Abnormal circulating carnitine concentration	زيادة أو نقص في الكارنيتين في الدم
HP:0010968	Abnormality of liposaccharide metabolism	خلل استقلاب الليبوساكاريد
HP:0010969	Abnormality of glycolipid metabolism	خلل استقلاب الجليكوليبيدات
HP:0010970	Blood group antigen abnormality	مشاكل في مستضدات الدم
HP:0010971	Absence of Lutheran antigen on erythrocytes	عدم وجود مستضد لوثران في الدم
HP:0010972	Anemia of inadequate production	فقر الدم لقلة إنتاج الخلايا الحمراء
HP:0010974	Abnormal myeloid leukocyte morphology	مشاكل في شكل كريات الدم البيضاء النقوية
HP:0010975	Abnormal B cell count	مشاكل في عدد الخلايا البائية
HP:0010976	Decreased total B cell count	انخفاض عدد الخلايا البائية
HP:0010989	Abnormality of the intrinsic pathway	خلل في عملية تجلط الدم الداخلية
HP:0010990	Abnormality of the common coagulation pathway	خلل في تجلط الدم
HP:0010991	Abnormal morphology of the abdominal musculature	خلل في عضلات البطن
HP:0010992	Stress urinary incontinence	تسرب البول عند الإجهاد
HP:0010993	Abnormal cerebral subcortex morphology	خلل في التركيبة تحت القشرية للمخ
HP:0010994	Abnormal corpus striatum morphology	خلل في الجسم المخطط
HP:0010995	Abnormal circulating dicarboxylic acid concentration	خلل في نسبة أحماض ديكربوكسيليك في الدم
HP:0010996	Abnormal circulating monocarboxylic acid concentration	خلل في نسبة أحماض مونكربوكسيليك في الدم
HP:0010997	Chromosomal breakage induced by ionizing radiation	تكسر الكروموسومات بسبب الإشعاع
HP:0025146	Foveal degeneration	تدهور في بقعة العين
HP:0025147	Beaten bronze macular sheen	لمعان العيون غير طبيعي
HP:0025148	Dark choroid	ظلام المشيمية
HP:0025149	Atrophic muscularis propria	فقدان نسيج العضلات
HP:0025150	Hypoganglionosis	قلة العقد العصبية
HP:0025151	Ganglioneuromatosis	زيادة نمو الأعصاب في الأمعاء
HP:0025152	Poor visual behavior for age	ضعف الرؤية وفقاً للعمر
HP:0025153	Transient	قصير الأمد
HP:0025154	Portosystemic collateral veins	الأوردة الجانبية الزائدة
HP:0025155	Abnormal hepatobiliary system physiology	خلل في وظائف الكبد والمرارة
HP:0025156	Dependency on intravenous nutrition	حاجة التغذية عن طريق الوريد
HP:0025157	Increased urinary sedoheptulose	سكر في البول
HP:0025158	Hyperautofluorescent retinal lesion	بقعة ساطعة في الشبكية
HP:0025159	Hypoautofluorescent retinal lesion	بقعة مظلمة في الشبكية
HP:0025160	Abnormal temper tantrums	نوبات غضب مفرطة
HP:0025161	Frequent temper tantrums	نوبات غضب كثيرة
HP:0025162	Severe temper tantrums	نوبات غضب قوية
HP:0025163	Abnormal optic chiasm morphology	شكل غير طبيعي للتصالب البصري
HP:0025164	Increased number of elastic fibers in the dermis	ألياف مرونة زائدة في الجلد
HP:0025165	Clumping of elastic fibers in the dermis	تكتل ألياف الجلد
HP:0025166	Thickened elastic fibers in the dermis	ثخونة ألياف الجلد
HP:0025209	Triggered by fructose ingestion	محفز من تناول سكر الفاكهة
HP:0025210	Triggered by glucose ingestion	محفز من تناول الجلوكوز
HP:0025211	Triggered by ethanol ingestion	محفز من تناول الكحول
HP:0025212	Triggered by fasting	محفز بالصيام
HP:0025213	Triggered by galactose ingestion	محفز من تناول الحليب الذي يحتوي على اللاكتوز
HP:0025214	Triggered by heat	محفز من الحرارة
HP:0025215	Triggered by febrile illness	محفز من الحُمى
HP:0025216	Triggered by heavy meal	محفز من الإفراط في الأكل
HP:0025217	Triggered by high-fat diet	محفز من النظام الغذائي عالي الدهون
HP:0025218	Triggered by hyperventilation	محفز بالتنفس السريع
HP:0025167	Fragmented elastic fibers in the dermis	تكسر الألياف الجلدية
HP:0025168	Left ventricular diastolic dysfunction	خلل في ارتخاء البطين الأيسر
HP:0025169	Left ventricular systolic dysfunction	خلل في انقباض البطين الأيسر
HP:0025170	Neuronal/glioneuronal neoplasm of the central nervous system	ورم في الجهاز العصبي المركزي
HP:0025171	Rosette-forming glioneuronal tumor	ورم عصبي غليائي
HP:0025172	Smooth septal thickening on pulmonary HRCT	تغير سماكة الحواجز في الرئة
HP:0025173	Nodular septal thickening on pulmonary HRCT	تغير عقدي في سماكة الحواجز الرئوية
HP:0025174	Irregular septal thickening on pulmonary HRCT	تغير غير منتظم في سماكة الحواجز الرئوية
HP:0025175	Honeycomb lung	تحول الرئة إلى بنية شبيهة بقرص العسل
HP:0025176	Intralobular interstitial thickening	تغير سماكة الحواجز في الرئة
HP:0025199	Fragmented sleep	نوم متقطع
HP:0025200	Muscle fiber actin filament accumulation	تراكم في العضلات
HP:0025201	Abnormal circulating apolipoprotein concentration	مستوى غير طبيعي للدهون البروتينية في الدم
HP:0025202	Elevated circulating apolipoprotein A-IV concentration	زيادة البروتين أ-4 للشحميات الدهنية في الدم
HP:0025203	Caput medusae	أوردة بارزة في البطن
HP:0025204	Triggered by	تسبب بواسطة
HP:0025205	Triggered by breast feeding	تسبب بالإرضاع
HP:0025206	Triggered by cold	تسبب بالبرودة
HP:0025207	Triggered by dehydration	تسبب بالجفاف
HP:0025208	Triggered by carbohydrate ingestion	تسبب بتناول الكربوهيدرات
HP:0025177	Peribronchovascular interstitial thickening	زيادة سمك الأنسجة حول الشعب الهوائية
HP:0025178	Subpleural interstitial thickening	ندوب تحت الجنب
HP:0025179	Ground-glass opacification	ضبابية في الرئة
HP:0025180	Centrilobular ground-glass opacification on pulmonary HRCT	ضبابية في الفصوص الرئوية
HP:0025181	Abdominal aseptic abscess	تجمع صديد في البطن
HP:0025182	Localized area of pendulous skin	جلد متدلٍ في منطقة معينة
HP:0025183	Abnormal CD4+ T cell proportion	خلل في نسبة الخلايا المناعية
HP:0025184	Arousal parasomnia	اضطراب النوم بسبب الاستيقاظ المفاجئ
HP:0025186	Marcus Gunn jaw winking synkinesis	متلازمة حركة الفم مع العين
HP:0025187	Sleep talking	التحدث أثناء النوم
HP:0025219	Triggered by vaccination	مستثار بالتطعيم
HP:0025220	Triggered by menstruation	مستثار بالدورة الشهرية
HP:0025221	Triggered by pregnancy	مستثار بالحمل
HP:0010998	Increased susceptibility to spontaneous sister chromatid exchange	زيادة التبادل الكروماتيدي العفوي
HP:0010999	Aplasia of the optic tract	السبيل البصري غير موجود
HP:0011000	Aplasia/Hypoplasia of the optic tract	السبيل البصري غير موجود أو صغير
HP:0011001	Increased bone mineral density	زيادة كثافة العظام
HP:0011002	Osteopetrosis	عظام أصعب وأكثر كثافة ومعرضة للكسر
HP:0011003	High myopia	قصر نظر شديد
HP:0011004	Abnormal systemic arterial morphology	تشوه الشرايين
HP:0011005	Mixed cirrhosis	تليف الكبد
HP:0011006	Abnormal morphology of the musculature of the neck	مشكلة في عضلات الرقبة
HP:0011008	Temporal pattern	سرعة ظهور الأعراض
HP:0011009	Acute	ظهور مفاجئ للمرض
HP:0011010	Chronic	طويل الأمد
HP:0011011	Subacute	تغيرات سريعة إلى حد ما
HP:0011012	Abnormal circulating polysaccharide concentration	زيادة أو نقص السكر المعقد في الدم
HP:0011013	Abnormal circulating carbohydrate concentration	زيادة أو نقص الكربوهيدرات في الدم
HP:0011014	Abnormal glucose homeostasis	خلل في سكر الدم
HP:0011015	Abnormal blood glucose concentration	زيادة أو نقص سكر الدم
HP:0025188	Retinal vasculitis	التهاب في أوعية العين
HP:0025189	Hypnic jerks	انتفاضات الجسم عند النوم
HP:0025190	Bilateral tonic-clonic seizure with generalized onset	نوبة صرع عامة
HP:0025192	Subtentorial periventricular white matter hyperdensity	زيادة كثافة المادّة البيضاء في الدماغ
HP:0025193	Posterolateral diaphragmatic hernia	فتق في الحجاب الحاجز
HP:0025194	Morgagni diaphragmatic hernia	فتق في الحجاب الحاجز الأمامي
HP:0025195	Central diaphragmatic hernia	قصور في الحجاب الحاجز
HP:0025196	Increased total iron binding capacity	ارتفاع قدرة الدم على حمل الحديد
HP:0025197	Inclusion body fibromatosis	ورم ليفي في الأصابع
HP:0025198	Inflammatory cap polyp	زائدة لحمية في الأمعاء
HP:0011017	Abnormal cellular physiology	خلل في الخلايا
HP:0011018	Abnormality of the cell cycle	خلل في دورة الخلية
HP:0011019	Abnormality of chromosome condensation	خلل في الكروموسومات
HP:0011020	Abnormality of mucopolysaccharide metabolism	خلل في استقلاب مواد عضوية معينة
HP:0011021	Abnormal circulating enzyme concentration	خلل في مستوى الإنزيمات
HP:0011022	Abnormal circulating unsaturated fatty acid concentration	خلل في مستوى الأحماض الدهنية
HP:0011023	Abnormal circulating prostaglandin circulation	خلل في مستوى البروستاغلاندين في الدم
HP:0011024	Abnormality of the gastrointestinal tract	مشكلة في الجهاز الهضمي
HP:0011025	Abnormal cardiovascular system physiology	مشكلة في وظيفة القلب والأوعية
HP:0011026	Aplasia/Hypoplasia of the vagina	غياب أو صغر المهبل
HP:0011027	Abnormal fallopian tube morphology	مشاكل في قناة فالوب
HP:0011028	Abnormality of blood circulation	مشاكل في الدورة الدموية
HP:0011029	Internal hemorrhage	نزيف داخل الجسم
HP:0011030	Abnormal blood transition element cation concentration	خلل في أملاح الدم المعدنية
HP:0011031	Abnormality of iron homeostasis	اختلال في مستوى الحديد
HP:0011032	Abnormality of fluid regulation	اختلال توازن السوائل
HP:0011033	Impairment of fructose metabolism	مشاكل في هضم الفركتوز
HP:0011034	Amyloid deposition	تراكم الأميلويد
HP:0011035	Abnormal renal cortex morphology	مشاكل في قشرة الكلى
HP:0011036	Abnormality of renal excretion	صعوبة في التبول
HP:0011037	Decreased urine output	قلة البول
HP:0011038	Abnormal renal tubular resorption	خلل في امتصاص الكلى
HP:0011039	Abnormal helix morphology	تغير شكل الأذن الخارجية
HP:0011040	Abnormal intrahepatic bile duct morphology	تغير في مجرى الصفراء داخل الكبد
HP:0011041	Aplasia/Hypoplasia of the cervical spine	غياب/صغر الفقرات الرقبية
HP:0011042	Abnormal circulating potassium concentration	خلل في تركيز البوتاسيوم في الدم
HP:0011043	Abnormal circulating adrenocorticotropin concentration	خلل في مستوى الكورتيكوتروبين في الدم
HP:0030039	Fused thoracic vertebrae	التصاق الفقرات الصدرية
HP:0030040	Fused lumbar vertebrae	التصاق الفقرات القطنية
HP:0030041	Schmorl's node	نشوء عقد شمورل
HP:0030042	Incomplete ossification of pubis	عدم اكتمال نمو عظمة العانة
HP:0030043	Hip subluxation	خلع جزئي للورك
HP:0030044	Flexion contracture of digit	انحناء دائم في الإصبع أو أصبع القدم
HP:0030045	Serpentine fibula	عظمة الساق بشكل S
HP:0030046	Hypoglycosylation of alpha-dystroglycan	نقص في تعديل السكر على ألفا دستروجليكان
HP:0030047	Abnormal lateral ventricle morphology	تشوه في شكل البطين الجانبي
HP:0030048	Colpocephaly	تفاغر في الدماغ
HP:0030049	Brain abscess	خُراج في الدماغ
HP:0030051	Tip-toe gait	المشي على أطراف الأصابع
HP:0030052	Inguinal freckling	نمش في منطقة الفخذ
HP:0030053	Stiff skin	جلد متيبس
HP:0030054	Perifollicular fibrosis	تليف حول بصيلات الشعر
HP:0030055	Hyperconvex toenail	أظفر محدبة
HP:0030056	Uncombable hair	شعر غير قابل للتصفيف
HP:0030057	Autoimmune antibody positivity	إيجابية الأجسام المضادة
HP:0030058	Sickled erythrocytes	خلايا دم منجلية
HP:0030059	Mitochondrial depletion	نقصان الميتوكوندريا
HP:0030060	Nervous tissue neoplasm	ورم من النسيج العصبي
HP:0030061	Neuroectodermal neoplasm	ورم من النسيج العصبي
HP:0030062	Craniopharyngioma	ورم قحفي
HP:0030063	Neuroepithelial neoplasm	ورم عصبي
HP:0030064	Neurocytoma	ورم دماغي حميد
HP:0030065	Primitive neuroectodermal tumor	ورم عصبي بدائي
HP:0030066	Ependymoblastoma	ورم خبيث لدى الأطفال الصغار
HP:0030067	Peripheral primitive neuroectodermal neoplasm	ورم عصبي في الأنسجة الرخوة
HP:0030068	Olfactory esthesioneuroblastoma	ورم شمي بالأنف
HP:0030069	Primary central nervous system lymphoma	ورم لمفي بالدماغ
HP:0030070	Central primitive neuroectodermal tumor	ورم عصبي بالمخ
HP:0030071	Medulloepithelioma	ورم عصبي بدائي
HP:0030072	Paranasal sinus neoplasm	ورم في الجيوب الأنفية
HP:0030074	Chemodectoma	ورم في مستقبلات الشيمو
HP:0030075	Ductal carcinoma in situ	سرطان غير غازي في قنوات الحليب
HP:0030076	Lobular carcinoma in situ	سرطان غير غازي في فصيصات الثدي
HP:0030077	Bronchial neoplasm	ورم في القصبة الهوائية
HP:0030078	Lung adenocarcinoma	سرطان الرئة
HP:0030079	Cervix cancer	ورم في عنق الرحم
HP:0030080	Burkitt lymphoma	نوع من سرطان الغدد اللمفاوية
HP:0030081	Punctate periventricular T2 hyperintense foci	نقاط بيضاء في التصوير بالرنين المغناطيسي للدماغ
HP:0030082	Abnormal drinking behavior	شرب غير طبيعي للماء
HP:0030083	Salt craving	الشهوة للملح
HP:0030084	Clinodactyly	انحناء الأصابع
HP:0030085	Abnormal CSF lactate concentration	تركيز لاكتات غير طبيعي في السائل النخاعي
HP:0030086	Reduced CSF lactate	انخفاض لاكتات في السائل النخاعي
HP:0030087	Abnormal circulating testosterone concentration	مستوى التستوستيرون غير طبيعي
HP:0030088	Increased serum testosterone level	زيادة في التستوستيرون
HP:0030089	Abnormal muscle fiber protein expression	اختلاف بروتين العضلات
HP:0030090	Abnormal muscle fiber merosin expression	اختلاف في ميروزين العضلات
HP:0030091	Absent muscle fiber merosin	عدم وجود ميروزين في العضلات
HP:0030092	Reduced muscle fiber merosin	نقص الميروزين في العضلات
HP:0030093	Abnormal muscle fiber laminin beta 1	اختلاف في لامينين العضلات
HP:0025513	Scleral rupture	تمزق في الغلاف الخارجي للعين
HP:0025514	Morning glory anomaly	تشوه في العصب البصري
HP:0025515	Delayed thelarche	تأخر في نمو الثديين
HP:0025516	Coronary-pulmonary artery fistula	اتصال غير طبيعي بين الشريان التاجي والشريان الرئوي
HP:0025517	Hypoplastic hippocampus	الحصين الصغير
HP:0025518	Visual gaze preference	صعوبة في تحريك العينين
HP:0025519	Multiple biliary hamartomas	تشكيلات عقدية صغيرة في الكبد
HP:0025520	Calcinosis cutis	ترسب الكالسيوم في الجلد
HP:0025521	Increased body fat percentage	زيادة الدهون في الجسم
HP:0025522	Elongated chordae tendinae of the mitral valve	زيادة طول الحبال في الصمام التاجي
HP:0025523	Abnormal morphology of the chordae tendinae of the mitral valve	تشوه أوتار صمام القلب
HP:0025524	Palmoplantar scaling skin	تقشر الجلد في اليد والقدم
HP:0025525	Scaling skin on fingertip	تقشر الجلد في الأصابع
HP:0025526	Psoriasiform lesion	آفة جلدية تشبه الصدفية
HP:0025527	Serpiginous cutaneous lesion	آفة جلدية على شكل ثعبان
HP:0025528	Annular cutaneous lesion	آفة جلدية على شكل حلقة
HP:0025529	Hyperpigmented nodule	عقدة جلدية داكنة
HP:0025530	Xanthomas of the palmar creases	كتل صفراء في راحة اليد
HP:0025531	Harlequin phenomenon	تغير لون الجسم إلى لونين مختلفين
HP:0025532	Positive pathergy test	رد فعل جلدي مع الحقن
HP:0025533	Peau d'orange	جلد يشبه قشرة البرتقال
HP:0025534	Ocular melanocytosis	بقع غامقة في العين
HP:0025535	Shawl sign	بقع حمراء على شكل شال
HP:0025536	V-sign	بقع حمراء بشكل V
HP:0025537	Plantar edema	تورم في باطن القدم
HP:0025538	Palmar edema	تورم في راحة اليد
HP:0025539	Abnormal B cell subset distribution	اختلال في توزيع خلايا الدم البيضاء البائية
HP:0025540	Abnormal T cell subset distribution	اختلال في توزيع خلايا الدم البيضاء التائية
HP:0025546	Abnormal mean corpuscular hemoglobin concentration	اختلال في تركيز الهيموجلوبين في خلايا الدم الحمراء
HP:0025547	Decreased mean corpuscular hemoglobin concentration	انخفاض تركيز الهيموجلوبين في خلايا الدم الحمراء
HP:0030094	Reduced muscle fiber laminin beta 1	انخفاض مادة لامينين في العضلات
HP:0030095	Reduced muscle collagen VI	انخفاض الكولاجين في العضلات
HP:0030096	Abnormal muscle fiber dystrophin expression	مشكلة في مادة الدستروفين في العضلات
HP:0030097	Absent muscle dystrophin expression	عدم وجود مادة الدستروفين في العضلات
HP:0030098	Reduced muscle dystrophin expression	انخفاض مادة الدستروفين في العضلات
HP:0030099	Reduced muscle fiber alpha dystroglycan	انخفاض مادة الديستروجليكان في العضلات
HP:0030100	Abnormal muscle fiber alpha sarcoglycan	مشكلة في مادة الساركوجليكان في العضلات
HP:0030101	Absent muscle fiber alpha sarcoglycan	عدم وجود مادة الساركوجليكان في العضلات
HP:0030102	Reduced muscle fiber alpha sarcoglycan	انخفاض مادة الساركوجليكان في العضلات
HP:0030103	Abnormal muscle fiber beta sarcoglycan	مشكلة في مادة الساركوجليكان بيتا في العضلات
HP:0025548	Increased mean corpuscular hemoglobin concentration	زيادة تركيز الخضاب في الكريات الحمراء
HP:0025549	Eccentric visual fixation	رؤية غير مركزية
HP:0025550	Elevated circulating ribitol concentration	زيادة مستوى الريبتيول في الدم
HP:0025551	Optic nerve misrouting	خطأ في مسار الأعصاب البصرية
HP:0025552	Periorbital purpura	بقع حمراء حول العين
HP:0025553	Periorbital ecchymosis with tarsal plate sparing	عيون الراكون
HP:0025554	Yellow nodule	كتلة جلدية صفراء
HP:0025555	Periungual teleangiectasia	أوعية دموية متوسعة حول الأظافر
HP:0025558	Lamellar cataract with riders	إعتام عدسة العين مع خطوط
HP:0025559	Coronary cataract	إعتام العدسة بشكل الإكليل
HP:0025570	Choroidal vascular hyperpermeability	تسرب السوائل من الأوعية المشيمية
HP:0025571	Christmas tree cataract	ساد متعدد الألوان
HP:0025572	Punctal stenosis	تضيق القناة الدمعية
HP:0025573	Mild myopia	قصر نظر بسيط
HP:0025574	Macular hemorrhage	نزيف في مركز العين
HP:0025575	Abnormal superior vena cava morphology	تشوه في الوريد الرئيسي العلوي
HP:0025576	Abnormal inferior vena cava morphology	تشوه في الوريد الرئيسي السفلي
HP:0025578	Aortic valve prolapse	هباب صمام القلب
HP:0025579	Abnormal left atrium morphology	مشاكل في حجرة القلب اليسرى
HP:0025580	Abnormal right atrium morphology	مشاكل في حجرة القلب اليمنى
HP:0025581	Foveal hemorrhage	نزيف في مركز البصر
HP:0025582	Submacular hemorrhage	نزيف تحت مركز الرؤية
HP:0025583	Tapetal-like fundal reflex	انعكاس ذهبي في خلفية العين
HP:0025584	Hypotropia	انحراف العين لأسفل
HP:0025585	Hyperphoria	ميل العين للأعلى
HP:0025586	Hypertropia	انحراف العين لأعلى
HP:0025587	Hyperdeviation	ميل العين للأعلى
HP:0025588	Hypodeviation	ميل العين لأسفل
HP:0025589	Cyclodeviation	التفاف العين
HP:0025590	Abnormal extraocular muscle physiology	مشاكل وظيفية في عضلات العين
HP:0025591	Abnormal superior oblique muscle physiology	مشاكل في العضلة المائلة العليا للعين
HP:0025592	Superior oblique muscle weakness	ضعف في عضلة العين المائلة العليا
HP:0030783	Increased circulating interleukin 6 concentration	زيادة الإنترلوكين 6 في الجسم
HP:0030784	Anomic aphasia	صعوبة في العثور على الكلمات
HP:0030785	Mediastinal cystic lymphangioma	انتفاخ لمفاوي كيسي في الصدر
HP:0030786	Photopsia	رؤية أضواء وامضة
HP:0030787	Cerumen abnormality	مشاكل في شمع الأذن
HP:0030788	Impacted cerumen	انسداد الأذن بالشمع
HP:0030789	Excessive cerumen	زيادة في شمع الأذن
HP:0030790	Abnormal cerumen color	لون شمع الأذن الغريب
HP:0025560	Anterior chamber cells	خلايا في العين
HP:0025561	Anterior chamber cells grade 1+	كمية معتدلة من خلايا العين
HP:0025562	Anterior chamber cells grade 0.5+	كمية قليلة من خلايا العين
HP:0025563	Anterior chamber cells grade 0	لا توجد خلايا مرئية في العين
HP:0025564	Anterior chamber cells grade 2+	كمية زائدة من خلايا العين
HP:0025565	Anterior chamber cells grade 3+	زيادة واضحة في خلايا العين
HP:0025566	Anterior chamber cells grade 4+	زيادة كبيرة في خلايا العين
HP:0025567	Central serous chorioretinopathy	رؤية غير واضحة في عين واحدة
HP:0025568	Abnormal morphology of the choroidal vasculature	شكل غير طبيعي للأوعية في المشيمية
HP:0025569	Polypoidal choroidal vasculopathy	أورام في أوعية العين
HP:0030791	Abnormal jaw morphology	تشوه في الفك
HP:0030792	Jaw neoplasm	ورم في الفك
HP:0030793	Jaw swelling	انتفاخ في الفك
HP:0030794	Abnormal circulating C-peptide concentration	مستوى غير طبيعي للببتيد-C
HP:0030795	Reduced C-peptide level	انخفاض في مستوى الببتيد-C
HP:0030796	Increased C-peptide level	زيادة في مستوى الببتيد-C
HP:0030797	Reduced volume of central subdivision of bed nucleus of stria terminalis	انخفاض حجم نواة فراش الشريط
HP:0030798	Abnormality of the bed nucleus of stria terminalis	خلل في نواة فراش الشريط
HP:0030799	Scaphocephaly	شكل الرأس يشبه القارب
HP:0030800	Abnormal visual accommodation	صعوبة في رؤية الأشياء بوضوح
HP:0030832	Vitreous strands	خيوط في العين
HP:0030833	Neck pain	وجع رقبة
HP:0030834	Shoulder pain	وجع كتف
HP:0030835	Elbow pain	وجع مرفق
HP:0030836	Wrist pain	وجع رسغ
HP:0030837	Finger pain	وجع أصابع
HP:0030838	Hip pain	وجع ورك
HP:0030839	Knee pain	وجع ركبة
HP:0030840	Ankle pain	وجع كاحل
HP:0030841	Toe pain	وجع أصابع القدم
HP:0030801	Reduced visual accommodation	صعوبة التركيز على الأشياء
HP:0030802	Lower eyelid retraction	هبوط الجفن السفلي
HP:0030803	Platonychia	ظفر مسطح
HP:0030804	Trachyonychia	خشونة سطح الظفر
HP:0030805	Absent lunula	عدم وجود الجزء الأبيض في قاعدة الظفر
HP:0030806	Fast-growing nails	نمو الأظافر بسرعة غير معتادة
HP:0030807	Abnormal nail growth	نمو غير طبيعي للأظافر
HP:0030808	Ragged cuticle	حافة ظفر غير منتظمة
HP:0030809	Abnormal tongue morphology	شكل غير طبيعي للسان
HP:0030810	Abnormal tongue physiology	وظيفة غير طبيعية للسان
HP:0030811	Tongue pain	وجع اللسان
HP:0030812	Enlarged tonsils	لوزتان كبيرتان
HP:0030813	Absent tonsils	عدم وجود لوزتين
HP:0030814	Orange discolored tonsils	لوزتان برتقاليتان
HP:0030815	Lipoma of the tongue	ورم دهني في اللسان
HP:0030816	Gingival recession	انسحاب اللثة
HP:0030817	Beaked nails	أظافر منحنية
HP:0030818	Central nail canal	خط في وسط الظفر
HP:0030819	Ski jump nail	ظفر مائل للأعلى
HP:0030820	Hooded eyelid	جفن مغطى
HP:0030821	Hooded lower eyelid	الجفن السفلي المغطى
HP:0030822	Hooded upper eyelid	الجفن العلوي المغطى
HP:0030823	Scleral thickening	زيادة سماكة الصُلبة
HP:0030824	Mizuo phenomenon	تغير لون قاع العين
HP:0030825	Absent foveal reflex	غياب اللمعة في النقرة
HP:0030826	Eyelid fasciculation	ارتعاش الجفن
HP:0030828	Wheezing	صوت أزيز
HP:0030829	Abnormal breath sound	صوت تنفس غير طبيعي
HP:0030830	Crackles	صوت طقطقة التنفس
HP:0030831	Rhonchi	صوت خرخرة التنفس
HP:0030852	High pulse pressure	فرق الضغط العالي
HP:0030853	Heterotaxy	ترتيب الأعضاء الداخلي غير الطبيعي
HP:0030854	Scleral staphyloma	تورم في جدار العين
HP:0030855	Anterior staphyloma	تورم أمامي في جدار العين
HP:0030856	Posterior staphyloma	تورم خلفي في جدار العين
HP:0030857	Eye movement-induced pain	ألم عند تحريك العين
HP:0030858	Addictive behavior	سلوك إدماني
HP:0030859	Anti-topoisomerase I antibody positivity	وجود أجسام مضادة ضد التوبوايزوميراز
HP:0030860	Abnormal CSF amyloid concentration	مستوى أميلويد غير طبيعي في السائل النخاعي
HP:0030861	Decreased CSF amyloid concentration	انخفاض مستوى الأميلويد في السائل النخاعي
HP:0030862	Elevated CSF amyloid concentration	زيادة في بروتين أميلويد في السائل الشوكي
HP:0030863	Nasal flaring	اتساع فتحات الأنف عند التنفس
HP:0030864	Intercostal retractions	سحب الجلد بين الأضلاع أثناء التنفس
HP:0030865	Large elbow	حجم كبير للمرفق
HP:0030866	Large knee	حجم كبير للركبة
HP:0030867	Vertical orbital dystopia	عيون بمستويات مختلفة
HP:0030868	Monorchism	وجود خصية واحدة في الصفن
HP:0030869	Anorchism	عدم وجود الخصيتين عند الولادة
HP:0030870	Abnormality of spinal facet joint	خلل في المفاصل بين الفقرات
HP:0030871	Facet joint arthrosis	التهاب المفاصل في العمود الفقري
HP:0030872	Abnormal cardiac ventricular function	خلل في وظيفة القلب
HP:0030873	Anti-centromere antibody positivity	وجود أجسام مضادة للمركز
HP:0030874	Oxygen desaturation on exertion	نقص الأكسجين عند الحركة
HP:0030875	Abnormality of pulmonary circulation	مشاكل في دوران الدم في الرئتين
HP:0030876	Increased pulmonary capillary wedge pressure	زيادة ضغط الشعيرات الرئوية
HP:0030877	Reduced FEV1/FVC ratio	مشاكل في اختبار وظائف الرئة
HP:0030878	Abnormality on pulmonary function testing	نتائج غير طبيعية في اختبارات الرئة
HP:0030879	Interlobular septal thickening	زيادة سماكة في رئة
HP:0012330	Pyelonephritis	التهاب الكلية
HP:0012331	Abnormal autonomic nervous system morphology	خلل في شكل الجهاز العصبي اللاإرادي
HP:0012332	Abnormal autonomic nervous system physiology	خلل في الجهاز العصبي التلقائي
HP:0012333	Abnormal sudomotor regulation	اضطراب في تنظيم العرق
HP:0012334	Extrahepatic cholestasis	انسداد في نقل العصارة الصفراوية
HP:0012335	Abnormality of folate metabolism	مشاكل في امتصاص حمض الفوليك
HP:0012337	Abnormal homeostasis	خلل في استقرار الجسم الداخلي
HP:0012338	Abnormal energy expenditure	استخدام غير طبيعي للطاقة
HP:0012339	Increased resting energy expenditure	زيادة حرق السعرات أثناء الراحة
HP:0012340	Decreased resting energy expenditure	انخفاض حرق السعرات أثناء الراحة
HP:0012341	Microprolactinoma	ورم صغير في الغدة النخامية
HP:0012342	Macroprolactinoma	ورم كبير في الغدة النخامية
HP:0030842	Choking episodes	اختناق
HP:0030843	Cardiac amyloidosis	تراكم البروتين في القلب
HP:0030844	Undetectable pattern electroretinogram	عدم استجابة في تخطيط كهربية الشبكية
HP:0030845	Heliotrope rash of eyelid	طفح بنفسجي على الجفن
HP:0030846	Abnormality of venous physiology	خلل في وظائف الأوردة
HP:0030847	Abnormal jugular venous pressure	ضغط غير طبيعي في الوريد الوداجي
HP:0030848	Elevated jugular venous pressure	زيادة ضغط الوريد الوداجي
HP:0030849	Hepatojugular reflux	اختبار الكبدي الوريدي
HP:0030850	Abnormal pulse pressure	خلل في ضغط النبض
HP:0030851	Low pulse pressure	ضعف في ضغط النبض
HP:0012343	Decreased circulating ferritin concentration	انخفاض مستويات الفيريتين
HP:0012344	Morphea	بقع جلدية صلبة
HP:0012345	Abnormal glycosylation	خلل في عملية الغلكزة
HP:0012346	Abnormal protein glycosylation	خلل في إضافة السكر للبروتينات
HP:0012347	Abnormal protein N-linked glycosylation	خلل في ارتباط السكر بالبروتين عبر النيتروجين
HP:0012348	Decreased galactosylation of N-linked protein glycosylation	انخفاض إضافة الجالاكتوز للبروتين
HP:0012349	Abnormal sialylation of N-linked protein glycosylation	خلل في إضافة حمض السياليك للبروتين
HP:0012350	Decreased sialylation of N-linked protein glycosylation	انخفاض إضافة حمض السياليك للبروتين
HP:0012351	Increased sialylation of N-linked protein glycosylation	زيادة إضافة حمض السياليك للبروتين
HP:0012352	Abnormal fucosylation of protein N-linked glycosylation	خلل في إضافة الفوكوز للبروتين
HP:0012375	Chemosis	تورم العين
HP:0012376	Microphakia	عدسة صغيرة
HP:0012377	Hemianopia	فقدان نصف الرؤية
HP:0012378	Fatigue	تعب
HP:0012379	Abnormal circulating enzyme concentration or activity	خلل في نشاط الإنزيمات في الدم
HP:0012380	Reduced tissue carnitine O-palmitoyltransferase 2 activity	ضعف عمل إنزيم في الأنسجة
HP:0012381	Delayed self-feeding during toddler years	صعوبة في الأكل
HP:0012382	Left-to-right shunt	تحويلة القلب
HP:0012383	Bidirectional shunt	تحويلة القلب
HP:0012384	Rhinitis	التهاب الأنف
HP:0012353	Decreased fucosylation of N-linked protein glycosylation	انخفاض إضافة الفوركوز في البروتينات
HP:0012354	Increased fucosylation of N-linked protein glycosylation	زيادة إضافة الفوركوز في البروتينات
HP:0012355	Abnormal mannosylation of N-linked protein glycosylation	خلل في إضافة المانوز في البروتينات
HP:0012356	Decreased mannosylation of N-linked protein glycosylation	انخفاض إضافة المانوز في البروتينات
HP:0012357	Increased mannosylation of N-linked protein glycosylation	زيادة إضافة المانوز في البروتينات
HP:0012358	Abnormal protein O-linked glycosylation	خلل في جليكوزيلات البروتينات المرتبطة بـO
HP:0012359	Abnormal fucosylation of O-linked protein glycosylation	خلل في إضافة الفوركوز في البروتينات المرتبطة بـO
HP:0012360	Decreased fucosylation of O-linked protein glycosylation	انخفاض إضافة الفوركوز في البروتينات المرتبطة بـO
HP:0012361	Increased fucosylation of O-linked protein glycosylation	زيادة إضافة الفوركوز في البروتينات المرتبطة بـO
HP:0012362	Abnormal sialylation of O-linked protein glycosylation	خلل في إضافة السياليك في البروتينات
HP:0012385	Camptodactyly	انحناء دائم في الإصبع أو إصبع القدم
HP:0012386	Absent hallux	غياب إصبع القدم الكبير
HP:0012387	Bronchitis	التهاب القصبات
HP:0012388	Acute bronchitis	التهاب القصبات الحاد
HP:0012389	Appendicular hypotonia	ضعف العضلات في الأطراف
HP:0012390	Anal fissure	جرح صغير في فتحة الشرج
HP:0012391	Hyporeflexia of upper limbs	ضعف ردود الأفعال في الذراعين
HP:0012392	Jaw hyporeflexia	ضعف ردود الأفعال في الفكين
HP:0012393	Allergy	حساسية
HP:0012394	Iodine contrast allergy	الحساسية لمادة تباين اليود
HP:0012363	Decreased sialylation of O-linked protein glycosylation	نقص السيلالة في البروتينات
HP:0012364	Decreased urinary potassium	نقص البوتاسيوم في البول
HP:0012365	Hypophosphaturia	نقص الفوسفات في البول
HP:0012366	Basilar invagination	انغراز القاعدة
HP:0012367	Extra fontanelles	فتحات الجُمَجَمة الزائدة
HP:0012368	Flat face	الوجه المسطح
HP:0012370	Prominence of the zygomatic bone	بروز عظم الوجنة
HP:0012371	Hyperplasia of midface	كبر منتصف الوجه
HP:0012372	Abnormal eye morphology	شكل العين غير طبيعي
HP:0012373	Abnormal eye physiology	وظيفة العين غير طبيعية
HP:0030671	Abnormal common tendinous ring morphology	تشوه الحلقة التي تحيط بالعصب البصري
HP:0030672	Asteroid hyalosis	وجود جسمات بيضاء في العين
HP:0030673	Erosive vitreoretinopathy	اعتلال تآكلي في الشبكية
HP:0030674	Antenatal onset	بداية الحالة قبل الولادة
HP:0031866	Clasp-knife sign	ظاهرة السكين القابض في العضلات
HP:0031867	Neck hypertonia	شد في عضلات الرقبة
HP:0031868	Optic ataxia	صعوبة في التنسيق البصري
HP:0031869	Recurrent joint dislocation	خلع المفاصل المتكرر
HP:0031870	Phosphohydroxylysinuria	ارتفاع فوسفات هيدروكسياليسين في البول
HP:0031871	Abnormal Langerhans cell morphology	تشوه في خلايا الجلد المناعية
HP:0012395	Seasonal allergy	حساسية بسبب الفصول
HP:0012396	Biliary dyskinesia	اضطراب حركة المرارة
HP:0012397	Aortic atherosclerotic lesion	تصلب في شريان الأبهر
HP:0012398	Peripheral edema	تورم في الأطراف
HP:0030665	Rubral tremor	اهتزاز في العضلات
HP:0030666	Retinal neovascularization	نمو أوعية دموية جديدة في الشبكية
HP:0030667	Peripheral retinal neovascularization	نمو أوعية دموية جديدة في أطراف الشبكية
HP:0030668	Periorbital dermoid cyst	كيس في منطقة العين
HP:0030669	Abnormal ocular adnexa morphology	خلل في أجزاء العين الخارجية
HP:0030670	Hamartoma of the orbital region	نمو غير طبيعي في منطقة العين
HP:0031872	Absent Birbeck granules in Langerhans cells	غياب الحبيبات في خلايا مناعية
HP:0031873	Early chronotype	النوم والاستيقاظ المبكر
HP:0031874	Late chronotype	النوم والاستيقاظ المتأخر
HP:0031875	Abnormal circulating hepcidin concentration	مستوى الهيبسيدين غير الطبيعي
HP:0031876	Decreased circulating hepcidin concentration	مستوى منخفض من الهيبسيدين
HP:0031877	Elevated circulating hepcidin concentration	مستوى مرتفع من الهيبسيدين
HP:0031878	Acromicria	أيدي وأقدام صغيرة
HP:0031879	Abnormal eyelid physiology	مشاكل في وظيفة الجفن
HP:0031880	Eyelid laxity	ترهل الجفن
HP:0031881	Decreased tear drainage	انسداد مجرى الدموع
HP:0031882	Agyria	عدم ثنيات في الدماغ
HP:0031883	Increased proinsulin:insulin ratio	زيادة نسبة بروالإنسولين
HP:0031884	Abnormal CSF glucose concentration	عدم توازن جلوكوز السائل النخاعي
HP:0031885	Hyperglycorrhachia	زيادة جلوكوز السائل النخاعي
HP:0031886	Abnormal LDL cholesterol concentration	ارتفاع أو انخفاض كولسترول LDL
HP:0031887	Abnormal chylomicron concentration	ارتفاع أو انخفاض الكيلوميكرونات
HP:0031888	Abnormal HDL cholesterol concentration	ارتفاع أو انخفاض كولسترول HDL
HP:0031889	Abnormal VLDL cholesterol concentration	ارتفاع أو انخفاض كولسترول VLDL
HP:0031890	Increased urine urobilinogen	زيادة اليوروبيلينوجين
HP:0031891	Decreased total eosinophil count	انخفاض عد اليوزينيات
HP:0031898	Rouleaux formation	تراكم الخلايا الحمراء
HP:0031899	Abnormal coagulation factor V activity	خلل في عامل التخثر الخامس
HP:0031901	Elevated total serum tryptase	ارتفاع التربتاز في الدم
HP:0031903	Abnormal circulating selenium concentration	خلل في مستوى السيلينيوم
HP:0031904	Abnormal total hemolytic complement activity	خلل في نشاط المكون التكميلي
HP:0031905	Increased total hemolytic complement activity	زيادة في المكون التكميلي
HP:0031907	Anti-mitochondrial M2 antibody positivity	وجود أجسام مضادة للمثوكوندريا
HP:0031908	Micrographia	خط صغير جداً
HP:0031909	Unicornuate uterus	رحم بشكل غير عادي
HP:0031910	Abnormal cranial nerve physiology	خلل في الأعصاب الدماغية
HP:0031911	Abnormal fifth cranial nerve physiology	مشكلة في عمل العصب الخامس
HP:0031912	Trigeminal anesthesia	فقدان الإحساس في الوجه
HP:0031913	Rhombencephalosynapsis	تشوه دماغي نادر
HP:0031914	Fluctuating	يتغير بشكل غير منتظم
HP:0031915	Stable	ثابت
HP:0031917	Digital ulcer	قرحة في الإصبع
HP:0031918	Ovarian sex cord-stromal tumor	ورم في المبيض
HP:0031919	Juvenile type ovarian granulosa cell tumor	ورم نادر في المبيض
HP:0031920	Malignant ovarian granulosa cell tumor	ورم خبيث في المبيض
HP:0031921	Gastrocnemius myalgia	ألم في عضلة الساق
HP:0031922	Renal artery duplication	شريان كلوي مزدوج
HP:0031923	Hematocolpos	تراكم الدم في المهبل
HP:0031924	Rope sign	خطوط حمراء بارزة على الجلد
HP:0031925	Rosette	ترتيب خلايا مثل الوردة
HP:0031926	Homer Wright rosette	خلية مرتبة مثل زهور هومر رايت
HP:0031927	Flexner-Wintersteiner rosette	خلية تشبه زهور فليكسنر-ونترستاينر
HP:0031928	True ependymal rosette	خلية جدارية الظهر تشكل وردة
HP:0031929	Perivascular pseudorosette	خلايا تشبه زهور حول الأوعية
HP:0031930	Neurocytic rosette	خلية تشبه زهور عصبية
HP:0031931	Ocular flutter	ارتجاف في حركة العين
HP:0031932	Aorto-left ventricular tunnel	ممر من الشريان الأبهري إلى البطين الأيسر
HP:0031933	Aorto-right ventricular tunnel	ممر من الشريان الأبهري إلى البطين الأيمن
HP:0031934	Abnormal descending aorta morphology	شكل غير طبيعي للشريان الأبهري النازل
HP:0031935	Ascending aorta hypoplasia	ضيق الشريان الأبهري الصاعد
HP:0031936	Delayed ability to walk	تأخر المشي
HP:0030205	Increased jitter at single fiber EMG	تذبذب زائد في تخطيط العضلات
HP:0030206	EMG: incremental response of compound muscle action potential to repetitive nerve stimulation	استجابة عضلية متزايدة في تخطيط العضلات
HP:0030207	Paradoxical respiration	تنفس غير طبيعي
HP:0030208	Anti-neuromuscular Junction acetylcholine receptor antibody positivity	وجود أجسام مضادة لمستقبلات الأسيتيل كولين
HP:0030209	Calcium channel antibody positivity	وجود أجسام مضادة لقنوات الكالسيوم
HP:0030210	Anti-muscle-specific tyrosine kinase antibody	الأجسام المضادة للعضلات
HP:0030211	Slow pupillary light response	تفاعل بؤبؤ العين البطيء
HP:0030212	Collectionism	تكديس الأشياء
HP:0030213	Emotional dearth	عدم القدرة على الشعور
HP:0030215	Inappropriate crying	البكاء دون سبب
HP:0030216	Inertia	فقدان الحافز
HP:0030217	Limb apraxia	صعوبة في تحريك الأطراف
HP:0030218	Punding	سلوكيات متكررة وغير هادفة
HP:0030219	Semantic dementia	صعوبة في تذكر الكلمات
HP:0030221	Sweet craving	الاشتهاء للحلويات
HP:0030222	Visual agnosia	عدم التعرف البصري
HP:0030223	Perseverative thought	التفكير المكرر
HP:0030224	Abnormal muscle fiber desmin	خلل البروتين العضلي الديزمين
HP:0030225	Accumulation of muscle fiber desmin	تراكم الديزمين في العضلات
HP:0030226	Abnormal muscle fiber myotilin	خلل البروتين العضلي الميوتالين
HP:0030227	Accumulation of muscle fiber myotilin	تراكم الميوتالين في العضلات
HP:0030228	Abnormal muscle fiber valosin-containing protein	خلل البروتين العضلي الفالوسين
HP:0030229	Accumulation of muscle fiber valosin-containing protein	تراكم الفالوسين في العضلات
HP:0030230	Central core regions in muscle fibers	النواة المركزية في العضلات
HP:0030231	Glycogen accumulation in muscle fiber lysosomes	تراكم الجليكوجين في العضلات
HP:0030232	Increased sarcoplasmic glycogen	زيادة الجليكوجين في عضلات الجسم
HP:0030233	Bethlem sign	صعوبة فرد المعصم والأصابع
HP:0030234	Highly elevated creatine kinase	ارتفاع كبير في مستوى الكرياتين كيناز
HP:0030235	Extremely elevated creatine kinase	ارتفاع كبير جداً في مستوى الكرياتين كيناز
HP:0030236	Abnormality of muscle size	عدم انتظام في حجم العضلات
HP:0030237	Hand muscle weakness	ضعف في عضلات اليد
HP:0030239	Hypoplasia of the upper arm musculature	ضعف نمو عضلات الذراع العلوية
HP:0030241	Hypoplasia of deltoid muscle	ضعف نمو العضلة الدالية
HP:0030242	Portal vein thrombosis	جلطة في الوريد البابي
HP:0030243	Hepatic vein thrombosis	جلطة في وريد الكبد
HP:0005652	Cortical sclerosis	تصلب العظام القشرية
HP:0005653	Moderate generalized osteoporosis	ضعف العظام المعتدل
HP:0005655	Multiple digital exostoses	بروزات عظمية في الأصابع
HP:0005656	Positional foot deformity	تشوه عضلي في القدم
HP:0005659	Thoracic kyphoscoliosis	انحناء العمود الفقري في الصدر
HP:0005661	Salmonella osteomyelitis	عدوى عظمية بالسالمونيلا
HP:0005665	Massively thickened long bone cortices	زيادة سمك العظام الطويلة
HP:0005667	Os odontoideum	فصل الجزء الأودونتويدي
HP:0005671	Bilateral intracerebral calcifications	تكلسات في المخ
HP:0005676	Rudimentary postaxial polydactyly of hands	زيادة أصابع غير مكتملة في الأيدي
HP:0005694	Partial fusion of proximal row of carpal bones	جزئي التحام عظام الرسغ
HP:0005696	Postaxial polydactyly type A	أصبع إضافي في جانب الزند من اليد
HP:0005700	Increased bone density with cystic changes	زيادة كثافة العظام
HP:0005701	Multiple enchondromatosis	تورمات متعددة في الغضروف العظمي
HP:0005707	Bilateral triphalangeal thumbs	تحول الإبهام
HP:0005709	2-3 toe cutaneous syndactyly	تحام الجلد بين أصابع القدم الثانية والثالثة
HP:0005715	Flattened knee epiphyses	نهاية العظم في الركبة مسطحة
HP:0005716	Lethal skeletal dysplasia	قصر القامة القاتل الملحوظ عند الولادة
HP:0005720	Shortening of all metacarpals	تقصر عظام اليد
HP:0005722	Hyperextensible thumb	الإبهام المزدوج المفاصل
HP:0005678	Anterior atlanto-occipital dislocation	خلع في الرقبة العلوية
HP:0005679	Dupuytren contracture	تقلص في اليد
HP:0005680	Tongue-like lumbar vertebral deformities	نتوء في الفقرات القطنية
HP:0005681	Juvenile rheumatoid arthritis	روماتيزم الأطفال
HP:0005682	Talocalcaneal synostosis	التحام عظام القدم
HP:0005684	Distal arthrogryposis	تشوه في الأطراف
HP:0005686	Patchy osteosclerosis	زيادة كثافة العظام غير متساوية
HP:0005687	Deformed humeral heads	تشوه في نهاية عظمة الذراع العلوية
HP:0005688	Dysplastic distal thumb phalanges with a central hole	تشوه في طرف إبهام اليد
HP:0005689	Dermatoglyphic ridges abnormal	تشوه في بصمات اليدين
HP:0005723	Shoe-shaped sella turcica	تغير في شكل قاعدة الجمجمة
HP:0005725	Nonopposable triphalangeal thumb	إبهام لا يمكن معارضته
HP:0005726	Thumbs hypoplastic with bulbous tips	إبهام قصير بكعب منتفخ
HP:0005731	Cortical irregularity	عظم غير متساوي
HP:0005733	Spinal stenosis with reduced interpedicular distance	تضيق العمود الفقري بسبب تقليل المسافة بين الفقرات
HP:0005736	Short tibia	قصر عظم الساق
HP:0005739	Posterior subluxation of radial head	خلع جزئي لعظمة الكوع
HP:0005743	Avascular necrosis of the capital femoral epiphysis	نكروز في رأس عظم الفخذ
HP:0005745	Congenital foot contractures	تشوهات الولادة في القدم
HP:0005746	Osteosclerosis of the base of the skull	زيادة كثافة العظام في قاعدة الجمجمة
HP:0005747	Easily subluxated first metacarpophalangeal joints	انخلاع سهل في مفاصل اليد
HP:0005750	Lower-limb joint contracture	تيبس مفاصل الساقين
HP:0005752	Flattened moderately deformed vertebrae	تشوه معتدل في فقرات مسطحة
HP:0005756	Neonatal epiphyseal stippling	نقاط عظمية في الأطفال حديثي الولادة
HP:0005758	Basilar impression	تشوه في قاعدة الجمجمة
HP:0005759	Small flat posterior fossa	صغر وتسطح الحفرة الخلفية في الجمجمة
HP:0005764	Polyarticular arthritis	التهاب عدة مفاصل
HP:0005765	Sacral meningocele	تجمع مائي في أسفل العمود الفقري
HP:0005766	Disproportionate shortening of the tibia	قصر غير متناسب في ساق القدم
HP:0005767	1-2 toe complete cutaneous syndactyly	التحام كامل للجلد بين إصبع القدم الأول والثاني
HP:0005768	2-4 toe cutaneous syndactyly	أصابع القدم 2 و 3 و 4 ملتصقة
HP:0005769	Fifth finger distal phalanx clinodactyly	الإصبع الصغير منحني
HP:0005772	Aplasia/Hypoplasia of the tibia	عدم/نقص نمو عظمة الساق
HP:0005773	Short forearm	الساعد قصير
HP:0005775	Multiple skeletal anomalies	مشاكل متعددة في العظام
HP:0005776	Carpal bone malsegmentation	مشاكل تقطيع في عظام الرسغ
HP:0005780	Absent fourth finger distal interphalangeal crease	لا يوجد تجاعيد في الإصبع الرابع
HP:0005781	Contractures of the large joints	العقد في المفاصل الكبيرة
HP:0005787	Lumbar platyspondyly	الفقرات القطنية مسطحة
HP:0005789	Generalized osteosclerosis	زيادة كثافة العظام في الجسم كله
HP:0005790	Short mandibular condyles	قصر في المفصلات الفكية
HP:0005791	Cortical thickening of long bone diaphyses	زيادة سمك العظام الطويلة
HP:0005792	Short humerus	قصر الذراع العلوي
HP:0005793	Shortening of all distal phalanges of the toes	قصر العظام الطرفية لأصابع القدم
HP:0005798	Posterior radial head dislocation	خلع في مفصل الكوع
HP:0005802	Coalescence of tarsal bones	التحام عظام القدم
HP:0005815	Supernumerary ribs	أضلاع إضافية
HP:0005817	Postaxial polysyndactyly of foot	أصابع قدم ملتصقة وزائدة
HP:0005819	Short middle phalanx of finger	قصر العظمة الوسطى للأصبع
HP:0005820	Superior rib anomalies	مشاكل في الأضلاع العلوية
HP:0005824	Clinodactyly of the 2nd toe	انحناء إصبع القدم الثاني
HP:0005825	Mixed sclerosis of humeral metaphyses	تصلب مختلط للمنطقة الميتافيزيائية للعضد
HP:0005828	Transient pulmonary infiltrates	تسللات رئوية مؤقتة
HP:0005829	Maldevelopment of radioulnar joint	تطور غير طبيعي لمفصل الكعبرة والزند
HP:0005830	Flexion contracture of toe	تصلب أصابع القدم
HP:0005831	Type B brachydactyly	قصر الأصابع نوع ب
HP:0005832	Dysharmonic delayed bone age	تأخر في نمو العظام غير متناغم
HP:0005841	Calcific stippling of infantile cartilaginous skeleton	نقاط تكلس في غضروف الأطفال
HP:0005844	Rounded middle phalanx of finger	استدارة العظمة المتوسطة للإصبع
HP:0005849	Diffuse cerebral calcification	ترسب الكالسيوم في الدماغ
HP:0005850	Congenital talipes calcaneovalgus	تشوه ولادي في القدم
HP:0005852	Limited elbow extension and supination	صعوبة في تحريك الكوع
HP:0005853	Congenital foot contraction deformities	تقوس الولادة في القدم
HP:0005855	Multiple prenatal fractures	كسور ولادية متعددة
HP:0005856	Ulnar radial head dislocation	خلع الكوع
HP:0005857	Cervical spina bifida	الصلب المشقوق في الرقبة
HP:0005863	Type E brachydactyly	قصر في عظام الأصابع
HP:0005864	Pseudoarthrosis	مفصل كاذب
HP:0005866	Opposable triphalangeal thumb	إبهام معارض
HP:0005867	4-5 metacarpal synostosis	التصاق عظام اليد
HP:0005881	Spinal instability	عدم ثبات العمود الفقري
HP:0005882	Dermatoglyphic variants	تنوع في بصمات الجلد
HP:0005885	Absent ossification of cervical vertebral bodies	عدم تكلس في فقرة العنق
HP:0005886	Aphalangy of the hands	غياب جزء من الاصبع
HP:0005890	Hyperostosis cranialis interna	زيادة نمو داخل الجمجمة
HP:0005891	Progressive forearm bowing	انحناء تدريجي في عظم الساعد
HP:0005892	Proximal tibial and fibular fusion	اتحاد عظام الساق
HP:0005894	Double first metacarpals	وجود اثنين من العظام الطويلة الأولى في اليد
HP:0005895	Radial deviation of thumb terminal phalanx	انحراف إبهام اليد
HP:0005897	Severe generalized osteoporosis	ضعف عام في العظام
HP:0005868	Metaphyseal enchondromatosis	نمو غضروفي في العظم
HP:0005871	Metaphyseal chondrodysplasia	خلل في نمو العظام عند نهايات العظام الطويلة
HP:0005872	Brachytelomesophalangy	قصر العظام في الأصابع والقدمين
HP:0005873	Polysyndactyly of hallux	تعدد وإلتصاق في إصبع القدم الكبير
HP:0005875	Increased dermatoglyphic whorls	زيادة الأنماط في بصمات الأصابع
HP:0005876	Progressive flexion contractures	انكماشات مفصلية تزداد سوءًا مع الوقت
HP:0005877	Multiple small vertebral fractures	كسور صغيرة متعددة في الفقرات
HP:0005878	Enlarged sagittal diameter of the cervical canal	اتساع غير طبيعي للقناة في الرقبة
HP:0005879	Congenital finger flexion contractures	انكماشات خلقية في أصابع اليد
HP:0005880	Metacarpophalangeal synostosis	التحام في العظام الطويلة لليد
HP:0005900	Fifth metacarpal with ulnar notch	نقرة في العظم الخامس لليد
HP:0005905	Abnormal cervical curvature	انحناء غير طبيعي للرقبة
HP:0005906	Delayed pneumatization of the mastoid process	قلة تكون الهواء في عظمة الأذن
HP:0005910	Rhomboid or triangular shaped 5th finger middle phalanx	شكل معين أو مثلث لعظمة الإصبع الخامس
HP:0005912	Biliary atresia	انسداد القنوات الصفراوية
HP:0005913	Abnormal metacarpal epiphysis morphology	تشوه في نهاية عظم اليد الطويل
HP:0005914	Aplasia/Hypoplasia involving the metacarpal bones	عدم وجود أو صغر العظام الطويلة في اليد
HP:0005916	Abnormal metacarpal morphology	تشوه في شكل العظام الطويلة لليد
HP:0005917	Supernumerary metacarpal bones	عظام طويلة إضافية في اليد
HP:0005918	Abnormal finger phalanx morphology	تشوه في عظام الأصابع
HP:0005920	Abnormal epiphysis morphology of the phalanges of the hand	شذوذ في نهاية عظام اليد
HP:0005922	Abnormal hand morphology	شكل غير طبيعي لليد
HP:0005923	Abnormal hand metaphysis morphology	خلل في الكردوس العريض لعظام اليد
HP:0005924	Abnormal hand epiphysis morphology	خلل في نهاية عظام اليد
HP:0005925	Abnormal hand diaphysis morphology	خلل في الجدل الطويل لعظام اليد
HP:0005926	Abnormal hand cortical bone morphology	خلل في القشرة العظمية لليد
HP:0005927	Aplasia/hypoplasia involving bones of the hand	غياب أو صغر عظام اليد
HP:0005928	Synostosis involving the fibula	التحام العظام في عظام الساق
HP:0005929	Synostosis involving the tibia	التحام العظام في عظام الساق
HP:0032110	Severely reduced contrast sensitivity	ضعف شديد في الرؤية الواضحة
HP:0020034	Diffuse	منتشر
HP:0020035	Lower limb dysmetria	اختلال في حركة الساق
HP:0020036	Upper limb dysmetria	اختلال في حركة الذراع
HP:0020037	Astasia	عدم القدرة على الوقوف دون دعم
HP:0020038	Vertebrobasilar dolichoectasia	تمدد غير طبيعي للشرايين الفقرية والقاعدية
HP:0020039	Retinal thickening on OCT	سمك غير طبيعي في الشبكية
HP:0020040	Abnormal anteroposterior retina thickness on OCT	سمك غير طبيعي بالشبكية
HP:0020041	Double elevator palsy	ضعف في رفع العين
HP:0020042	Double depressor palsy	ضعف في خفض العين
HP:0020043	Vertical incomitant strabismus	الحول الذي يتغير بالنظر لأعلى أو لأسفل
HP:0032111	Abnormal Vistech contrast sensitivity test	تباين الرؤية غير طبيعي
HP:0032112	Abnormal Pelli Robson contrast sensitivity chart test	تباين رؤية ضعيف
HP:0032113	Semidominant inheritance	وراثة نصف سائدة
HP:0020017	Transthyretin amyloid deposition	ترسبات بروتين تالف
HP:0020018	Cerebral transthyretin amyloid deposition	ترسبات في الدماغ
HP:0020019	Abnormal CSF 5-hydroxyindoleacetic acid concentration	نسبة غير عادية من الحمض في السائل النخاعي
HP:0020020	Decreased CSF 5-hydroxyindoleacetic acid concentration	انخفاض نسبة الحمض في السائل النخاعي
HP:0020021	Hip external rotation contracture	قيود في دوران الورك الخارجي
HP:0020022	Hip abduction contracture	قيود في حركة الورك للخارج
HP:0020023	Hip adduction contracture	صعوبة في تقريب الورك
HP:0020054	Abnormal erythrocyte physiology	خلل عمل الكريات الحمراء
HP:0020055	Diminished MLH1 expression	انخفاض علامة جينية MLH1
HP:0020056	Diminished MSH2 expression	انخفاض علامة جينية MSH2
HP:0020057	Diminished MSH6 expression	انخفاض علامة جينية MSH6
HP:0020058	Abnormal red blood cell count	خلل في عدد الكريات الحمراء
HP:0020059	Increased red blood cell count	زيادة في عدد الكريات الحمراء
HP:0020060	Decreased red blood cell count	نقص في عدد الكريات الحمراء
HP:0020061	Abnormal hemoglobin concentration	خلل في مستويات الهيموغلوبين
HP:0020062	Decreased hemoglobin concentration	نقص مستويات الهيموغلوبين
HP:0020064	Abnormal total eosinophil count	خلل في عدد الخلايا الحمضية
HP:0020024	Hip extension contracture	صعوبة في مد الورك
HP:0020025	Hip flexion contracture	صعوبة في ثني الورك
HP:0020026	Positive Coombs test	اختبار الأنيميا الإيجابي
HP:0020027	Direct antiglobulin test positive for IgG	اختبار إيجابي للأجسام المضادة IgG
HP:0020028	Direct antiglobulin test positive for IgM	اختبار إيجابي للأجسام المضادة IgM
HP:0020029	Abnormal spinal cord white matter morphology	تشوهات الحبل الشوكي
HP:0020030	Abnormal spinal cord lateral corticospinal tract morphology	مشاكل في المسار الحركي الجانبي
HP:0020031	Direct antiglobulin test positive for C3d	اختبار إيجابي للمكونات C3d
HP:0020032	Hyperreflective retinal dots on OCT	نقاط ساطعة في فحص العين
HP:0020033	Irregularity of the retinal pigment epithelium layer on OCT	تفاوت في طبقة العين
HP:0020044	Horizontal incomitant strabismus	انحراف العين الغير متلازم
HP:0020045	Esodeviation	تقريب العيون
HP:0020046	Accommodative esotropia	حول داخلي بسبب التكيّف
HP:0020047	Abnormal myeloid cell morphology	خلايا نخاعية بشكل غير طبيعي
HP:0020048	Reduced bone-marrow pro-B cell count	خلايا مؤيدة للبائية منخفضة في نخاع العظام
HP:0020049	Exodeviation	تبعيد العيون
HP:0020050	Anti-granulocyte-macrophage colony stimulating factor antibody positivity	وجود الأجسام المضادة للحبيبات والبلعميات
HP:0020051	Abnormal seminiferous tubule morphology	تغير في الأنابيب المنوية
HP:0020052	Necrotizing lymph node granuloma	التهاب الليمفويات مع نخر
HP:0020053	Abnormal marker expression	خلل في علامات الكواشف
HP:0020065	Diminished PMS2 expression	تعبير ضعيف لـ PMS2
HP:0020066	Pathological inclusion body by subcellular location	مجسم طبي غير طبيعي في موقع خلوي محدد
HP:0020067	Pathological inclusion body by anatomical location	مجسم طبي غير طبيعي في موقع تشريحي
HP:0020068	Intranuclear inclusion bodies	تراكمات داخل النواة
HP:0020069	Appendicular location	موقع على الأطراف
HP:0020070	Exposure to humid conditions	العيش في بيئة رطبة
HP:0020071	Viremia	وجود فيروس في الدم
HP:0020072	Persistent EBV viremia	استمرار وجود فيروس إبشتاين بار في الدم
HP:0020073	Hypopigmented macule	بقعة بيضاء على الجلد
HP:0020074	Crystalluria	وجود بلورات في البول
HP:0020075	Leucine crystalluria	وجود بلورات الليوسين في البول
HP:0020076	Wrist ganglion	تورم غير سرطاني في الرسغ
HP:0020077	Carnitinuria	زيادة الكارنيتين في البول
HP:0020078	Alaninuria	زيادة الألانين في البول
HP:0020079	Beta-alaninuria	زيادة البيتا-ألانين في البول
HP:0020080	Erythrocyte inclusion bodies	تجمعات غير طبيعية في خلايا الدم الحمراء
HP:0020081	Pappenheimer bodies	تجمعات حديد في خلايا الدم الحمراء
HP:0020082	Heinz bodies	تجمعات الهيموجلوبين التالفة
HP:0020083	Furuncle	دُمَّل
HP:0020084	Carbuncle	خُرَّاجَة كبيرة
HP:0020085	Infection following live vaccination	عدوى بسبب لقاح حي
HP:0020086	BCGitis	عدوى موضعية بسبب لقاح BCG
HP:0020087	BCGosis	عدوى منتشرة بسبب لقاح BCG
HP:0020088	Post-vaccination measles	حصبة بسبب اللقاح
HP:0020089	Post-vaccination rubella	الحميراء بسبب اللقاح
HP:0020090	Post-vaccination polio	شلل الأطفال بسبب اللقاح
HP:0020091	Post-vaccination rotavirus infection	عدوى الفيروس العجلي بسبب اللقاح
HP:0020092	Histopathological abnormality	تغيرات في فحص الأنسجة
HP:0020093	Recurrent deep organ abscess formation	ظهور متكرر للخراجات في الأعضاء
HP:0020094	Squamous metaplasia	تغير في نوع الخلايا إلى خلايا حرشفية
HP:0020095	Prolonged need of intravenous antibiotic therapy	العلاج الطويل بالمضاد الحيوي عبر الوريد
HP:0020096	Recurrent streptococcal infections	التعرض المتكرر لعدوى الحلق
HP:0020097	Infection due to encapsulated bacteria	عدوى بكتيريا محاطة بغطاء
HP:0030104	Abnormal muscle fiber gamma sarcoglycan	خلل في بروتين عضلي
HP:0030105	Abnormal muscle fiber delta sarcoglycan	خلل في بروتين عضلي
HP:0030106	Absent muscle fiber beta sarcoglycan	عدم وجود بروتين عضلي
HP:0030107	Reduced muscle fiber beta sarcoglycan	نقص بروتين عضلي
HP:0030108	Reduced muscle fiber gamma sarcoglycan	نقص بروتين عضلي
HP:0030109	Absent muscle fiber gamma sarcoglycan	عدم وجود بروتين عضلي
HP:0030110	Absent muscle fiber delta sarcoglycan	عدم وجود بروتين عضلي
HP:0030132	Absence of large von Willebrand factor multimers	غياب عوامل فون ويلبراند الكبيرة
HP:0030133	Abnormal presence of ultra-large von Willebrand factor multimers	وجود عوامل فون ويلبراند كبيرة جداً
HP:0030134	Total absence von Willebrand factor multimers	عدم وجود عوامل فون ويلبراند
HP:0030135	Absence of intermediate von Willebrand factor multimers	غياب عوامل فون ويلبراند المتوسطة
HP:0030136	Enhanced ristocetin cofactor assay activity	زيادة نشاط اختبار العامل المساعد رستوسيتين
HP:0030137	Prolonged bleeding following circumcision	نزيف طويل بعد الختان
HP:0030138	Excessive bleeding from superficial cuts	نزيف حاد من الجروح السطحية
HP:0030139	Excessive bleeding after a venipuncture	نزيف شديد بعد سحب الدم
HP:0030140	Oral cavity bleeding	نزيف الفم
HP:0030141	Abnormality of the posterior hairline	تشوه خط الشعر الخلفي
HP:0030111	Reduced muscle fiber delta sarcoglycan	انخفاض بروتين في العضلات
HP:0030112	Abnormal muscle fiber alpha dystroglycan	تغير بروتين في العضلات
HP:0030113	Abnormal muscle fiber dysferlin	تغير بروتين في العضلات
HP:0030114	Absent muscle fiber dysferlin	عدم وجود بروتين في العضلات
HP:0030115	Reduced muscle fiber dysferlin	انخفاض بروتين في العضلات
HP:0030116	Abnormal muscle fiber emerin	تغير بروتين في العضلات
HP:0030117	Absent muscle fiber emerin	عدم وجود بروتين في العضلات
HP:0030118	Reduced muscle fiber emerin	انخفاض بروتين في العضلات
HP:0030119	Abnormal muscle fiber calpain-3	تغير بروتين في العضلات
HP:0030120	Absent muscle fiber calpain-3	عدم وجود بروتين في العضلات
HP:0030121	Reduced muscle fiber calpain-3	انخفاض بروتين العضلات
HP:0030122	Reduced muscle fiber perlecan	انخفاض بروتين العضلات
HP:0030123	Abnormal muscle fiber lamin A/C	لامين عضلي غير طبيعي
HP:0030124	Reduced muscle fiber lamin A/C	انخفاض لامين العضلات
HP:0030125	Sacralization of the fifth lumbar vertebra	التصاق الفقرة القطنية الخامسة
HP:0030126	Abnormal endometrium morphology	تشوه بطانة الرحم
HP:0030127	Endometriosis	نمو بطانة الرحم خارج الرحم
HP:0030129	Impaired ristocetin cofactor assay activity	اختبار دم غير طبيعي
HP:0030130	Impaired von Willebrand factor collagen binding activity	ضعف ارتباط الفون ولبرايند بالكولاجين
HP:0030131	Abnormal von Willebrand factor multimer distribution	توزيع فون ولبرايند غير طبيعي
HP:0030142	Abnormal bowel sounds	أصوات البطن غير طبيعية
HP:0030143	Hyperactive bowel sounds	أصوات الأمعاء قوية
HP:0030144	Hypoactive bowel sounds	أصوات الأمعاء ضعيفة
HP:0030145	Lack of bowel sounds	غياب أصوات الأمعاء
HP:0030146	Abnormal liver parenchyma morphology	شكل غير طبيعي للكبد
HP:0030147	Truncal titubation	ارتعاش الجذع
HP:0030148	Heart murmur	أصوات غير طبيعية في القلب
HP:0030149	Cardiogenic shock	صدمة قلبية
HP:0030150	Plasmacytosis	زيادة خلايا البلازما
HP:0030151	Cholangitis	التهاب القناة الصفراوية
HP:0030153	Cholangiocarcinoma	سرطان القنوات الصفراوية
HP:0030154	Gallbladder perforation	تمزق المرارة
HP:0030155	Scrotal pain	ألم الصفن
HP:0030156	Bence Jones Proteinuria	وجود بروتين في البول
HP:0030157	Flank pain	ألم الجنب
HP:0030158	Cervical ectropion	تآكل عنق الرحم
HP:0030159	Cervical polyp	ورم عنق الرحم
HP:0010544	Vertical nystagmus	حركة في العين
HP:0010545	Downbeat nystagmus	حركة العين للأسفل
HP:0010546	Muscle fibrillation	ارتعاش العضلات
HP:0010547	Muscle flaccidity	رخاوة العضلات
HP:0010548	Percussion myotonia	انقباض العضلة عند النقر
HP:0010549	Weakness due to upper motor neuron dysfunction	ضعف العضلات بسبب خلل في الأعصاب المحركة
HP:0010550	Paraplegia	الشلل في الساقين
HP:0010551	Paraplegia/paraparesis	ضعف الساقين
HP:0010553	Oculogyric crisis	تشنجات العين الحادة
HP:0010554	Cutaneous finger syndactyly	التصاق الأصابع
HP:0010557	Overlapping fingers	أصابع متداخلة
HP:0010558	Abnormality of the clivus	خلل في القاعدة الجمجمية
HP:0010559	Vertical clivus	قاعدة رأسية غير طبيعية
HP:0010560	Undulate clavicles	عظمة الترقوة مموجة
HP:0010561	Undulate ribs	الأضلاع مموجة
HP:0010562	Keloids	ندبات جلدية زائدة
HP:0010564	Bifid epiglottis	انقسام لسان المزمار
HP:0010565	Aplasia/Hypoplasia of the Epiglottis	عدم وجود أو صغر لسان المزمار
HP:0010566	Hamartoma	نمو غير طبيعي للأنسجة الطبيعية
HP:0010567	Y-shaped metatarsals	عظام مشط القدم مدموجة
HP:0010568	Hamartoma of the eye	نمو غير طبيعي في العين
HP:0010569	Elevated circulating 7-dehydrocholesterol concentration	ارتفاع مستوى 7-ديهيدروكوليسترول
HP:0010570	Low maternal circulating alpha-fetoprotein concentration	انخفاض ألفا فيتوبروتين في دم الأم
HP:0010571	Elevated circulating phytanic acid concentration	ارتفاع مستويات حامض الفيتيك
HP:0010574	Abnormality of the epiphysis of the femoral head	شذوذ في نهاية عظمة الفخذ
HP:0010575	Dysplasia of the femoral head	تطور غير طبيعي لرأس عظمة الفخذ
HP:0010576	Intracranial cystic lesion	كيس في الدماغ
HP:0010577	Absent epiphyses	غياب نهاية العظم
HP:0032345	Elevated cancer Ag 19-9 level	ارتفاع مستوى مستضد السرطان 19-9
HP:0032346	Cutaneous lichen amyloidosis	حكة جلدية مع بقع داكنة
HP:0032347	Cutaneous macular amyloidosis	بقع داكنة على الجلد
HP:0032348	Cutaneous nodular amyloidosis	عقيدات شمعية على الجلد
HP:0032349	Serinuria	زيادة السيرين في البول
HP:0032350	Sulfocysteinuria	زيادة السلفوسيستئين في البول
HP:0032351	Phenylalaninuria	زيادة الفينيل ألانين في البول
HP:0032352	Methioninuria	زيادة الميثيونين في البول
HP:0032353	Leucinuria	زيادة الليوسين في البول
HP:0032355	Decreased peak expiratory flow	انخفاض سرعة الزفير
HP:0032356	Decreased pre-bronchodilator forced vital capacity	انخفاض حجم الهواء المطرود قبل استخدام موسع الشعب
HP:0032357	Decreased post-bronchodilator forced vital capacity	انخفاض حجم الهواء المطرود بعد استخدام موسع الشعب
HP:0032358	Decreased post-bronchodilator forced expiratory volume in one second	انخفاض كمية الهواء المطرودة بعد ثانية واحدة من الزفير بعد استخدام موسع الشعب
HP:0032359	Decreased forced expiratory flow 25-75%	انخفاض معدل تدفق الزفير في منتصف الزفير
HP:0032360	Decreased pre-bronchodilator forced expiratory flow 25-75%	انخفاض معدل تدفق الزفير في منتصف الزفير قبل استخدام موسع الشعب
HP:0012599	Abnormal urine phosphate concentration	الفوسفات في البول
HP:0012600	Abnormal urine chloride concentration	الكلوريد في البول
HP:0012601	Hypochloriduria	قلة الكلوريد في البول
HP:0012602	Renal chloride wasting	فقدان الكلوريد من الكلى
HP:0012603	Abnormal urine sodium concentration	الصوديوم في البول
HP:0012604	Hyponatriuria	قلة الصوديوم في البول
HP:0012605	Hypernatriuria	الصوديوم مرتفع في البول
HP:0012606	Renal sodium wasting	فقدان الصوديوم من الكلى
HP:0012607	Abnormal urine magnesium concentration	المغنيسيوم في البول
HP:0012608	Hypermagnesiuria	المغنيسيوم مرتفع في البول
HP:0032361	Decreased post-bronchodilator forced expiratory flow 25-75%	انخفاض تدفق الزفير بعد استخدام الدواء الموسع للرئتين
HP:0032362	Increased circulating corticosterone level	زيادة هرمون الكورتيكوستيرون في الدم
HP:0032363	Decreased circulating corticosterone level	انخفاض هرمون الكورتيكوستيرون في الدم
HP:0032365	Exacerbated by aspirin exposure	يصبح أسوأ بتناول الأسبرين
HP:0032366	Positive direct antiglobulin test	اختبار إيجابي للدم الخاص بالجسم المناعي
HP:0032367	Abnormal growth hormone level	خلل في مستوى هرمون النمو
HP:0032368	Acidemia	زيادة حموضة الدم
HP:0032369	Alkalemia	زيادة قلوية الدم
HP:0032370	Blood group A	فصيلة الدم A
HP:0032371	Isoleucinuria	زيادة الأيزوليوسين في البول
HP:0012609	Hypomagnesiuria	انخفاض في مستويات المغنيسيوم في البول
HP:0012610	Abnormality of urinary uric acid level	مستوى غير طبيعي لحمض اليوريك في البول
HP:0012612	Abnormal urinary sulfate concentration	مستوى غير طبيعي لكبريتات البول
HP:0012613	Increased urinary sulfate	زيادة في مستوى الكبريتات في البول
HP:0012614	Abnormal urine cytology	نتائج غير طبيعية لخلوي البول
HP:0012615	Cylindruria	القوالب في البول
HP:0012616	Leukocyte cylindruria	قوالب الكريات البيضاء في البول
HP:0012617	Erythrocyte cylindruria	قوالب الكريات الحمراء في البول
HP:0012618	Urachal cyst	كيس في قناة السُرَّة
HP:0012619	Multiple bladder diverticula	جيوب متعددة في المثانة
HP:0032372	Increased peripheral blast count	زيادة الخلايا غير الناضجة في الدم
HP:0032373	Duffy blood group	نوع دم دوفي
HP:0032374	Duffy Fya positivity	وجود مستضد دوفي Fya
HP:0032375	Duffy Fyb positivity	وجود مستضد دوفي Fyb
HP:0012593	Nephrotic range proteinuria	زيادة شديدة في بروتين البول
HP:0012594	Moderate albuminuria	ارتفاع معتدل في ألبومين البول
HP:0012595	Mild proteinuria	زيادة طفيفة في بروتين البول
HP:0012596	Moderate proteinuria	زيادة معتدلة في بروتين البول
HP:0012597	Heavy proteinuria	زيادة شديدة في بروتين البول
HP:0012598	Abnormal urine potassium concentration	مستوى غير طبيعي للبوتاسيوم في البول
HP:0012620	Cloacal abnormality	خلل في المذرق
HP:0012621	Persistent cloaca	خلل في فصل القنوات
HP:0012622	Chronic kidney disease	مرض الكلى المزمن
HP:0012623	Stage 1 chronic kidney disease	المرحلة الأولى من مرض الكلى
HP:0012624	Stage 2 chronic kidney disease	المرحلة الثانية من مرض الكلى
HP:0012625	Stage 3 chronic kidney disease	المرحلة الثالثة من مرض الكلى
HP:0012626	Stage 4 chronic kidney disease	المرحلة الرابعة من مرض الكلى
HP:0012627	Pseudoexfoliation	إفرازات العين
HP:0012628	Abnormal suspensory ligament of lens morphology	خلل في دعم عدسة العين
HP:0012629	Phakodonesis	عدسة العين يهتز
HP:0012630	Abnormal trabecular meshwork morphology	خلل في شبكة العين
HP:0012631	Pigment deposition in the trabecular meshwork	صبغة في شبكة العين
HP:0012632	Abnormal intraocular pressure	ضغط عين غير طبيعي
HP:0012633	Asymmetry of intraocular pressure	فرق ضغط العين
HP:0012634	Iris pigment dispersion	انتشار صبغة عين
HP:0012635	Iris hypoperfusion	قلة الدم في القزحية
HP:0012636	Retinal venous occlusion	انسداد وريد العين
HP:0012637	Renal calcium wasting	فقد الكالسيوم من الكلى
HP:0012638	Abnormal nervous system physiology	خلل وظيفة الجهاز العصبي
HP:0012639	Abnormal nervous system morphology	شكل غير طبيعي للجهاز العصبي
HP:0032583	Renal glomerular foam cells	خلايا رغوية في الجزء المصفى من الكلية
HP:0032584	Renal interstitial neutrophil infiltration	وجود النيتروفيلات في أنسجة الكلى
HP:0032585	Renal interstitial eosinophil infiltration	وجود الحمضات في أنسجة الكلى
HP:0032586	Renal interstitial plasma cell infiltration	وجود خلايا بائية بلازمية في أنسجة الكلى
HP:0032587	Renal interstitial calcium oxalate	أوكسالات الكالسيوم في الكلى
HP:0032588	Hand apraxia	عدم القدرة على استخدام اليد بحركات مقصودة
HP:0032589	Renal lymphocytic tubulitis	التهاب الكلى بالخلايا اللمفاوية
HP:0032590	Renal neutrophilic tubulitis	التهاب الكلى بالنيتروفيلات
HP:0032591	Renal interstitial hemosiderin	ترسب صبغة الدم في الكلى
HP:0032592	Aplasia of the right hemidiaphragm	غياب الحجاب الأيمن
HP:0012650	Perisylvian polymicrogyria	تعدد التلافيف في الدماغ
HP:0012651	Abasia	عدم القدرة على المشي
HP:0012652	Exercise-induced asthma	الربو بعد الرياضة
HP:0012653	Status asthmaticus	الربو الشديد المستمر
HP:0012654	Abnormal CSF dopamine concentration	دوبامين غير طبيعي في السائل الشوكي
HP:0012655	Elevated CSF dopamine concentration	زيادة دوبامين في السائل الشوكي
HP:0032579	Vascular hamartoma	تنمو زيادات غير ضارة من الأنسجة الوعائية
HP:0032580	Abnormal bulbus cordis morphology	تشوهات في مخارج القلب
HP:0032581	Abnormal renal insterstitial morphology	تشوهات في كلى
HP:0032582	Renal interstitial foam cells	خلايا دهون في الكلى
HP:0012640	Abnormality of intracranial pressure	اضطراب في ضغط الدماغ
HP:0012641	Decreased intracranial pressure	ضغط دماغ منخفض
HP:0012642	Cerebellar agenesis	عدم وجود المخيخ
HP:0012643	Foveal hypopigmentation	نقص صبغية البقعة
HP:0012644	Increased caudate lactate level	زيادة اللاكتات في الدماغ
HP:0012645	Enlarged peripheral nerve	زيادة حجم العصب
HP:0012646	Retractile testis	خصية متحركة
HP:0012647	Abnormal inflammatory response	استجابة التهابية غير عادية
HP:0012648	Decreased inflammatory response	انخفاض الاستجابة الالتهابية
HP:0012649	Increased inflammatory response	زيادة الاستجابة الالتهابية
HP:0032603	Renal tubular epithelial cell simplification	تبسيط خلايا الأنبوب الكلوي
HP:0032604	Renal tubular epithelial cell mitosis	انقسام خلايا الأنبوب الكلوي
HP:0032605	High renal tubular epithelial cell N/C ratio	نسبة نواة لسيتوبلازم عالية في الأنبوب الكلوي
HP:0032606	Renal tubular epithelial lipofuscin	ليبوفوشين في الأنبوب الكلوي
HP:0032607	Renal tubular epithelial cell swelling	تورم خلايا الأنبوب الكلوي
HP:0032608	Thyroidization-type tubular atrophy	ضمور الأنبوب الكلوي مثل الدرقية
HP:0032609	Endocrine-type tubular atrophy	ضمور الأنبوب الكلوي مثل الغدة
HP:0032610	Tubulointerstitial mycobacterial infiltration	عدوى المتفطرة في الأنبوب الكلوي
HP:0032611	Renal tubular epithelial cell hemosiderin	هيموسيديرين في الأنبوب الكلوي
HP:0032612	Triphalangeal hallux	أبهام بثلاث سلاميات
HP:0032593	Myoglobin casts	قوالب البروتين في البول
HP:0032594	Renal tubular basement membrane denudation	تعرية الغشاء القاعدي في الكلى
HP:0032595	Renal tubular epithelial cell detachment	انفصال خلايا الأنبوب الكلوي
HP:0032596	Renal tubular epithelial cell cytoplasmic vacuolization	فجوات في خلايا الأنبوب الكلوي
HP:0032597	Renal tubular epithelial cell sloughing	انسلاخ خلايا الأنبوب الكلوي
HP:0032598	Blebbing of apical cytoplasm of renal tubular epithelial cells	فقاعات في خلايا الأنبوب الكلوي
HP:0032599	Abnormal renal tubular epithelial morphology	تشوه خلايا الأنبوب الكلوي
HP:0032600	Renal tubular epithelial cell hyaline droplets	قطرات في خلايا الأنبوب الكلوي
HP:0032601	Multinucleation of renal tubular epithelial cells	تعدد النوى في خلايا الأنبوب
HP:0032602	Prominent nucleoli of renal tubular epithelial cells	نوويات بارزة في خلايا الأنبوب
HP:0032613	Renal interstitial amyloid deposits	ترسبات نشوانية في الكلى
HP:0032614	Renal glomerular amyloid deposition	ترسبات نشوانية في الكبيبات الكلوية
HP:0032615	Abnormal diffusion weighted cerebral MRI morphology	تشوه في تصوير الرنين المغناطيسي للدماغ
HP:0032616	Renal interstitial immunoglobulin deposits	ترسب الغلوبين المناعي في الكلى
HP:0032617	Renal interstitial hemorrhage	نزيف في الكلى
HP:0032618	Renal necrosis	موت نسيج الكلية
HP:0032619	Perinephric abscess	تجمع صديد حول الكلى
HP:0032620	Intrarenal abscess	خراج داخل الكلية
HP:0032621	Hyperchromasia of renal tubular epithelial cells	زيادة الصبغة في خلايا الكلية
HP:0032622	Tubular luminal dilatation	توسع في أنابيب الكلى
HP:0032623	Renal intratubular casts	قوالب في الكلى
HP:0032624	Intratubular bilirubin casts	قوالب بيليروبين في الكلى
HP:0032625	Intratubular erythrocyte cast	قوالب خلايا دم حمراء في الكلى
HP:0032626	Intratubular vancomycin casts	قوالب فانكومايسين في الكلى
HP:0032627	Intratubular leukocyte casts	قوالب خلايا دم بيضاء في الكلى
HP:0032628	Renal intratubular crystals	بلورات في الكلى
HP:0032629	Intratubular dihydroxyadenuria crystals	بلورات هيدروكسي أدينين في الكلى
HP:0032630	Intratubular light-chain casts	قوالب سلاسل مناعية في الكلى
HP:0012056	Cutaneous melanoma	سرطان الجلد الميلانوما
HP:0012057	Superficial spreading melanoma	ميلانوما سطحية
HP:0012058	Nodular melanoma	سرطان جلدي عقيدي
HP:0012059	Lentigo maligna melanoma	سرطان جلدي عدسي
HP:0012060	Acral lentiginous melanoma	سرطان جلدي على الكف أو القدم أو تحت الظفر
HP:0012061	Urinary excretion of sialylated oligosaccharides	زيادة في السكريات المعقدة في البول
HP:0012062	Bone cyst	كيس في العظم
HP:0012063	Aneurysmal bone cyst	كيس عظمي مع نزف
HP:0012064	Unicameral bone cyst	كيس عطمي بسيط
HP:0012065	Multiple bony cystic lesions	أكياس عظمية متعددة
HP:0012066	Increased urinary disaccharide excretion	زيادة السكريات الثنائية في البول
HP:0012067	Glycopeptiduria	ارتفاع الببتيدات السكرية في البول
HP:0012078	Motor conduction block	توقف في الإشارات العصبية الحركية
HP:0012079	Abnormality of central motor conduction	خلل في الإشارات العصبية الحركية بالمخ
HP:0012080	Cerebellar granular layer atrophy	ضمور في المخيخ
HP:0012081	Enlarged cerebellum	كبر حجم المخيخ
HP:0012082	Cerebellar Purkinje layer atrophy	ضمور في المخيخ
HP:0012083	Ubiquitin-positive cerebral inclusion bodies	أجسام دماغية غير طبيعية
HP:0012084	Abnormality of skeletal muscle fiber size	حجم غير طبيعي لخلايا العضلات
HP:0012085	Pyuria	وجود خلايا دم بيضاء في البول
HP:0012086	Abnormal urinary color	تغير لون البول
HP:0012087	Abnormal mitochondrial shape	شكل غير طبيعي للميتوكوندريا
HP:0012088	Abnormal urinary odor	رائحة بول غير طبيعية
HP:0012089	Arteritis	التهاب الشرايين
HP:0012090	Abnormal pancreas morphology	شكل غير طبيعي للبنكرياس
HP:0012091	Abnormality of pancreas physiology	خلل في وظيفة البنكرياس
HP:0012092	Abnormality of exocrine pancreas physiology	خلل في إفرازات البنكرياس
HP:0012093	Abnormality of endocrine pancreas physiology	خلل في وظيفة البنكرياس الغدي
HP:0012094	Abnormal pancreas size	حجم غير طبيعي للبنكرياس
HP:0031937	Tachylalia	الكلام السريع
HP:0031938	Abnormal conus terminalis morphology	تشوهات في شكل النهاية العجوية للحبل الشوكي
HP:0031939	Conus terminalis arteriovenous malformation	تشوه شرياني وريدي في المخروط النهائي
HP:0012068	Aspartylglucosaminuria	ارتفاع مستويات الأسبرتيولوجلوكسامين في البول
HP:0012069	Keratan sulfate excretion in urine	وجود كبريتات الكيراتان في البول
HP:0012070	Chondroitin sulfate excretion in urine	وجود كبريتات الكوندرويتين في البول
HP:0012071	Abnormal circulating acylcarnitine concentration	اختلال مستوى أسيليكارتنين في الدم
HP:0012072	Aciduria	البول الحمضي
HP:0012073	Abnormal urinary acylglycine profile	اختلال مستوى أسيليجلسين في البول
HP:0012074	Tonic pupil	خلل في حجم البؤبؤ
HP:0012075	Personality disorder	خلل في نمط الشخصية
HP:0012076	Borderline personality disorder	شخصية غير مستقرة
HP:0012077	Histrionic personality disorder	شخصية مترامية الطباع
HP:0031973	Increased vertical cup-to-disc ratio	زيادة نسبة قطر العصب البصري
HP:0031974	Increased vertical cup-to-disc ratio - 0.6	زيادة نسبة قطر العصب البصري 0.6
HP:0031975	Increased vertical cup-to-disc ratio - 0.7	زيادة نسبة قطر العصب البصري 0.7
HP:0031976	Increased vertical cup-to-disc ratio - 0.8	زيادة نسبة قطر العصب البصري 0.8
HP:0031977	Increased vertical cup-to-disc ratio - 0.9	زيادة نسبة قطر العصب البصري 0.9
HP:0031978	Increased vertical cup-to-disc ratio - 1.0	زيادة نسبة قطر العصب البصري 1.0
HP:0031979	Abnormal urine carbohydrate level	مستوى السكريات غير الطبيعي في البول
HP:0031980	Abnormal urine carboxylic acid level	مستوى الأحماض غير الطبيعي في البول
HP:0031981	Elevated urine glycolate	زيادة جلايكوليت في البول
HP:0031982	Abnormal putamen morphology	شكل غير طبيعي للنواة المخططة
HP:0031941	Abnormal portal venous system morphology	خلل في وريد الكبد
HP:0031942	Congenital absence of portal vein	غياب وريد الكبد
HP:0031943	Akathisia	عدم الراحة الجسدية
HP:0031944	Pleural thickening	زيادة سماكة الغشاء الرئوي
HP:0031945	Elevated circulating N,N-dimethylglycine concentration	زيادة N,N-ثنائي ميثيل جلايسين في الدم
HP:0031946	Elevated urinary N,N-dimethylglycine level	زيادة N,N-ثنائي ميثيل جلايسين في البول
HP:0031947	Tongue tremor	حركات متشنجة في اللسان
HP:0031948	Snowball lesion of corpus callosum	تراكمات تشبه الثلج في المخ
HP:0031949	Recurrent bacterial upper respiratory tract infections	التهابات الجهاز التنفسي العلوي البكتيرية المتكررة
HP:0031950	Usual interstitial pneumonia	تليف وتشكل خلايا في الرئة
HP:0031961	Abnormal serum anion gap	اختلاف في فجوة الأنيون
HP:0031962	Elevated serum anion gap	ارتفاع فجوة الأنيون
HP:0031963	Decreased serum anion gap	انخفاض فجوة الأنيون
HP:0031964	Elevated circulating alanine aminotransferase concentration	ارتفاع مستوى أنزيم الكبد ALT
HP:0031965	Increased RBC distribution width	زيادة تنوع حجم خلايا الدم الحمراء
HP:0031967	Cloudy urine	البول العكر
HP:0031969	Reduced blood urea nitrogen	انخفاض يوريا الدم
HP:0031970	Abnormal blood urea nitrogen concentration	اختلاف في مستوى يوريا الدم
HP:0031971	Subaortic ventricular septal bulge	انتفاخ في حاجز القلب
HP:0031972	Presyncope	شبه الإغماء
HP:0031951	Nocturnal seizures	نوبات الصرع أثناء النوم
HP:0031952	Neurogenic claudication	ألم الساق العصبي أثناء المشي
HP:0031953	Cautious gait	مشية الشيخوخة الاحترازية
HP:0031954	Dystonic gait	المشي غير الطبيعي
HP:0031955	Antalgic gait	العرج بسبب الألم
HP:0031956	Elevated circulating aspartate aminotransferase concentration	زيادة إنزيمات الكبد في الدم
HP:0031957	Spastic hemiparetic gait	المشية التشنجية
HP:0031958	Spastic paraparetic gait	المشية التشنجية
HP:0031959	Leg dystonia	تشنجات في عضلات الساق
HP:0031960	Arm dystonia	تشنجات في عضلات الذراع
HP:0031983	Abnormal pulmonary thoracic imaging finding	مشاكل في صورة الصدر
HP:0031984	Esophageal food impaction	انسداد الطعام في المريء
HP:0031985	Esophageal exudate	إفرازات في المريء
HP:0031986	Polyminimyoclonus	ارتعاشات صغيرة غير طبيعية
HP:0031987	Diminished ability to concentrate	صعوبة في التركيز
HP:0031989	Perioral spasm	تقلصات مفاجئة حول الفم
HP:0031990	Chvostek sign	تقلص الوجه عند النقر على العصب الوجهي
HP:0031991	Increased urinary excretion of galactosyl hydroxylysine	زيادة نواتج العظام في البول
HP:0031992	Apical hypertrophic cardiomyopathy	تضخم في قمة القلب
HP:0031993	Hoffmann sign	اختبار هوفمان
HP:0031994	Bronchial breath sound	صوت الأنفاس الشعبية
HP:0031995	Squawks	صوت الصراخات
HP:0031996	Inspiratory crackles	صوت فرقعات شهيقية
HP:0031997	Early inspiratory crackles	صوت فرقعات شهيقية مبكرة
HP:0031998	Late inspiratory crackles	صوت فرقعات شهيقية متأخرة
HP:0031999	Expiratory crackles	صوت فرقعات زفيرية
HP:0032000	Pleural rub	صوت احتكاك الجنبي
HP:0032001	Pink urine	لون البول وردي
HP:0032002	Orange urine	لون البول برتقالي
HP:0032003	Green urine	لون البول أخضر
HP:0032004	Pruritus vulvae	حكة في منطقة الفرْج
HP:0032005	Hemidystonia	خلل الحركة في نصف الجسم
HP:0032006	Lip tremor	رعشة في الشفاه
HP:0032007	Maceration	تلف الجلد بسبب الرطوبة
HP:0032008	Pulmonary fat embolism	انسداد رئوي بسبب الدهون
HP:0032009	Infantile constant exotropia	حوَل وحشي مستمر عند الرضع
HP:0032010	Basic constant exotropia	حول مستمر للعينين
HP:0032011	Heterophoria	عدم توازن العينين
HP:0032012	Heterotropia	حول العينين الظاهر
HP:0032013	Hypermetric horizontal saccades	شدة الحركة الجانبية للعين
HP:0032014	Dysmetric vertical saccades	حركات عين غير دقيقة عموديًا
HP:0032114	Saccadic intrusion	حركات عين لا إرادية
HP:0032116	Macrosquare-wave jerks	تحركات عين أفقية واسعة
HP:0032118	Retinitis	التهاب الشبكية
HP:0032120	Abnormal peripheral nervous system physiology	مشاكل في الجهاز العصبي المحيطي
HP:0032121	Froment sign	اختبار ضعف العصب الزندي
HP:0032122	Very low visual acuity	رؤية ضعيفة جدًا
HP:0032123	Ultra-low vision	رؤية شديدة الضعف
HP:0032124	Abnormal unswitched memory B cell proportion	خلل في نسبة خلايا ب الذاكرة غير المتغيرة
HP:0032125	Increased unswitched memory B cell proportion	زيادة خلايا الذاكرة غير المتغيرة
HP:0032146	HbC hemoglobin	الهيموجلوبين غير الطبيعي
HP:0032147	Erythromelalgia	احمرار وألم الأطراف
HP:0032148	Episodic pain	ألم يظهر ويختفي
HP:0032149	Breakthrough pain	ألم شديد مفاجئ
HP:0032150	Paroxysmal rectal pain	ألم حاد في المستقيم
HP:0032151	Episodic eosinophilia	ارتفاع مؤقت في اليوزينيات
HP:0032152	Keratosis pilaris	جلد الدجاج
HP:0032153	Joint subluxation	خلع جزئي للمفاصل
HP:0032154	Aphthous ulcer	قرحة الفم
HP:0032155	Abdominal cramps	ألم في البطن
HP:0032126	Decreased unswitched memory B cell proportion	انخفاض خلايا الذاكرة B في الدم
HP:0032127	Abnormal plasmablast proportion	نسبة غير طبيعية من طليعة البلازما
HP:0032128	Increased proportion of plasmablasts	زيادة خلايا طليعة البلازما في الدم
HP:0032129	Decreased proportion of plasmablasts	انخفاض خلايا طليعة البلازما في الدم
HP:0032130	Mycobacterium abscessus abscessus infection	عدوى المتفطرة
HP:0032131	Cervical dysplasia	تغيرات غير طبيعية بخلايا عنق الرحم
HP:0032132	Decreased circulating total IgG concentration	انخفاض الأجسام المضادة IgG
HP:0032133	Transient decreased circulating total IgG	انخفاض مؤقت للأجسام المضادة IgG
HP:0032134	Chronic decreased circulating total IgG	انخفاض مزمن للأجسام المضادة IgG
HP:0032135	Decreased circulating IgG subclass concentration	انخفاض فئات الأجسام المضادة IgG
HP:0032136	Decreased circulating IgG1 concentration	انخفاض نوع معين من الأجسام المضادة في الدم
HP:0032137	Decreased circulating IgG3 concentration	انخفاض نوع معين من الأجسام المضادة في الدم
HP:0032138	Decreased circulating IgG4 concentration	انخفاض نوع معين من الأجسام المضادة في الدم
HP:0032139	Reduced isohemagglutinin level	انخفاض الأجسام المضادة الطبيعية لفصائل الدم
HP:0032140	Decreased specific antibody response to vaccination	استجابة ضعيفة للأجسام المضادة بعد التلقيح
HP:0032141	Precordial pain	ألم في الصدر
HP:0032142	Fetor hepaticus	رائحة النفس الكريهة بسبب مشاكل الكبد
HP:0032143	Burning mouth	إحساس بالحرقان في الفم
HP:0032144	Coffee ground vomitus	القيء يشبه لون القهوة
HP:0032145	Sural nerve atrophy	ضعف في العصب الموجود في الساق
HP:0032019	Muscle eosinophilia	تواجد خلايا اليوزينيات في العضلات
HP:0032020	Eosinophilic bladder infiltration	تواجد خلايا اليوزينيات في المثانة
HP:0032021	Eosinophilic liver infiltration	تواجد خلايا اليوزينيات في الكبد
HP:0032022	Eosinophilic dermal infiltration	تواجد خلايا اليوزينيات في الجلد
HP:0032023	Eosinophilic gallbladder infiltration	تواجد خلايا اليوزينيات في المرارة
HP:0032024	Ileal ulcer	قرحة في الأمعاء الدقيقة
HP:0032025	Reduced circulating alpha-1-antitrypsin concentration	نقص ألفا-1-أنتيتربسين في الدم
HP:0032026	Anetoderma	ترهل الجلد
HP:0032027	Retinal dots	بقع في الشبكية
HP:0032028	Macular dots	بقع في البقعة
HP:0032156	Skin detachment	تساقط الجلد
HP:0032157	Recurrent genital herpes	الحلأ التناسلي المتكرر
HP:0032158	Unusual infection by anatomical site	عدوى نادرة في موقع محدد
HP:0032159	Fungal meningitis	التهاب السحايا بسبب الفطريات
HP:0032160	Cryptococcal meningitis	التهاب السحايا بسبب الفطريات الكريبتوكوكية
HP:0032161	Coccidioidal meningitis	التهاب السحايا بسبب كوكسياديوديس
HP:0032162	Unusual skin infection	عدوى نادرة في الجلد
HP:0032163	Molluscum contagiosum	فيروس المليساء الجلدية
HP:0032164	Increased blood folate concentration	زيادة فيتامين ب9 في الدم
HP:0032165	Placental mesenchymal dysplasia	تضخم المشيمة
HP:0032166	Unusual gastrointestinal infection	عدوى غير عادية في الجهاز الهضمي
HP:0032167	Clostridium difficile enteritis	عدوى المطثية العسيرة في الأمعاء
HP:0032168	Clostridium difficile colitis	عدوى المطثية العسيرة في القولون
HP:0032169	Severe infection	عدوى قوية جدًا
HP:0032170	Severe varicella zoster infection	عدوى حادة بفيروس الحماق
HP:0032171	Bladder pain	وجع في المثانة
HP:0032173	Continuous diaphragm sign	علامة الهواء في القفص الصدري
HP:0032174	Tree-in-bud pattern	نمط الشجرة المتفرعة في الأشعة
HP:0032175	Signet ring sign	علامة الخاتم في الأشعة
HP:0032176	Apical pulmonary opacity	علامة في قمة الرئة
HP:0032177	Parenchymal consolidation	تصلب الرئة
HP:0032178	Flaky paint dermatosis	جلد يشبه الدهان المتقشر
HP:0032179	Abnormal circulating globulin concentration	خلل في مستوى الغلوبولين في الدم
HP:0032180	Abnormal circulating metabolite concentration	خلل في مستوى المواد في الدم
HP:0032181	Anomalous hepatic venous drainage into the left atrium	تصريف غير طبيعي من الكبد إلى القلب
HP:0032182	Abnormal memory T cell proportion	نسبة غير طبيعية لخلايا الذاكرة المناعية
HP:0032015	Dysmetric horizontal saccades	حركات العين الأفقية غير المنتظمة
HP:0032016	Abnormal sputum	بلغم شاذ
HP:0032017	Sputum eosinophilia	زيادة خلايا الدم البيضاء في البلغم
HP:0032018	Multiple mononeuropathy	التهاب الأعصاب المتعدد
HP:0032029	Floppy eyelid	ارتخاء الجفن
HP:0032030	Lateral canthal tendon laxity	ارتخاء الكانتوس الجانبي
HP:0032031	Medial canthal tendon laxity	ارتخاء الكانتوس الإنسي
HP:0032032	Horizontal eyelid laxity	ارتخاء الجفن في العرض
HP:0032033	Vertical eyelid laxity	ارتخاء الجفن في الطول
HP:0032034	Upper eyelid laxity	ارتخاء الجفن العلوي
HP:0032035	Lower eyelid laxity	ارتخاء الجفن السفلي
HP:0032036	Reduced contrast sensitivity	ضعف في تمييز الألوان
HP:0032037	Mildly reduced visual acuity	ضعف بصر خفيف
HP:0032039	Abnormality of the ocular adnexa	خلل في الأجزاء المحيطة بالعين
HP:0032040	Abnormal ocular adnexa physiology	خلل في وظيفة أجزاء العين المحيطة
HP:0032041	Vocal cord polyp	نمو صغير على الحبال الصوتية
HP:0032043	Odynophagia	ألم عند البلع
HP:0032044	Decreased vigilance	انخفاض الانتباه
HP:0032045	Hypoplastic carotid canal	تطور غير مكتمل لقناة السباتية
HP:0032046	Focal cortical dysplasia	تشوه القشرة الدماغية
HP:0032047	Focal cortical dysplasia type I	تشوه القشرة النوع الأول
HP:0032048	Focal cortical dysplasia type Ia	تشوه القشرة النوع Ia
HP:0032049	Focal cortical dysplasia type Ib	تشوه القشرة النوع Ib
HP:0032050	Focal cortical dysplasia type Ic	تشوه القشرة النوع Ic
HP:0032061	Severely increased total eosinophil count	زيادة كبيرة في الكريات الحمضية
HP:0032062	Mallory-Weiss tear	تمزق في المريء بسبب القيء
HP:0032063	Ankle joint effusion	تورم في الكاحل
HP:0032064	Gastrointestinal eosinophilia	زيادة الكريات الحمضية في الأمعاء
HP:0032065	Abnormal serum bicarbonate concentration	تغير في نسبة البيكربونات في الدم
HP:0032066	Decreased serum bicarbonate concentration	نقص نسبة البيكربونات في الدم
HP:0032067	Elevated serum bicarbonate concentration	ارتفاع نسبة البيكربونات في الدم
HP:0032068	Increased urinary mucus	زيادة في مخاط البول
HP:0032069	Anti-thyroglobulin antibody positivity	وجود أجسام مضادة ضد غدة الدرقية
HP:0032070	Leptomeningeal enhancement	زيادة في تعزيز السحايا
HP:0032083	Aortic elastic fiber fragmentation	تفتيت ألياف الأبهر
HP:0032084	Aortic elastic fiber thinning	ترقق ألياف الأبهر
HP:0032085	Aortic elastic fiber disorganization	عدم ترتيب ألياف الأبهر
HP:0032086	Aortic smooth muscle cell nuclei loss	فقدان نوى خلايا الأبهر
HP:0032087	Aortic laminar medial collapse	انهيار صفيحات الأبهر
HP:0032088	Aortic smooth muscle cell disorganization	فوضى خلايا الأبهر
HP:0032089	Aortic medial fibrosis	تليف الأبهر
HP:0032090	Intralamellar aortic medial fibrosis	تليف الأبهر الخفيف
HP:0032091	Translamellar aortic medial fibrosis	تليف الأبهر الشديد
HP:0032092	Left ventricular outflow tract obstruction	انسداد مخرج البطين
HP:0032071	Eosinophilic pneumonia	التهاب رئوي ناتج عن خلايا الدم البيضاء
HP:0032072	Popliteal synovial cyst	كيس خلف الركبة
HP:0032073	Aplasia of the fallopian tube	عدم تكون قناة فالوب
HP:0032075	Splenopancreatic fusion	اندماج الطحال والبنكرياس
HP:0032076	Abnormal male urethral meatus morphology	شكل غير طبيعي لفتح الإحليل عند الذكور
HP:0032077	Male urethral meatus stenosis	تضييق فتحة الإحليل الذكرية
HP:0032078	Angel-shaped phalanx	عظمة الإصبع بشكل ملاك
HP:0032079	Medial degeneration	تدهور الشريان الأورطي
HP:0032081	Intralamellar mucoid extracellular matrix accumulation	تراكم المادة الغروية بين الصفائح
HP:0032082	Translamellar mucoid extracellular matrix accumulation	تراكم المادة الغروية بين الصفائح
HP:0032051	Focal cortical dysplasia type II	خلل تنسج قشري بؤري معيب النوع الثاني
HP:0032052	Focal cortical dysplasia type IIa	خلل تنسج قشري بؤري النوع الثاني أ
HP:0032053	Focal cortical dysplasia type IIb	خلل تنسج قشري بؤري النوع الثاني ب
HP:0032054	Focal cortical dysplasia type III	خلل تنسج قشري بؤري معيب النوع الثالث
HP:0032055	Focal cortical dysplasia type IIIa	خلل تنسج قشري بؤري النوع الثالث أ
HP:0032056	Focal cortical dysplasia type IIIb	خلل تنسج قشري بؤري النوع الثالث ب
HP:0032057	Focal cortical dysplasia type IIIc	خلل تنسج قشري بؤري النوع الثالث ج
HP:0032058	Focal cortical dysplasia type IIId	خلل تنسج قشري بؤري النوع الثالث د
HP:0032059	Mild malformation of cortical development	تشوه بسيط في القشرة
HP:0032060	Epithelioid hemangioma	كتلة دموية جلدية
HP:0032094	Elevated circulating surfactant protein concentration	زيادة بروتين السورفكتانت في الدم
HP:0032096	Abnormal manganese concentration	تغير نسبة المنغنيز في الدم
HP:0032097	Hypermanganesemia	زيادة المنغنيز في الدم
HP:0032098	Hypomanganesemia	نقص المنغنيز في الدم
HP:0032099	Perioral radial furrowing	خطوط حول الفم
HP:0032100	Abnormal doll's eye reflex	فحص انعكاس العين في الغيبوبة
HP:0032101	Unusual infection	عدوى نادرة أو غريبة
HP:0032102	Wilson sign	ألم عند دوران الساق
HP:0032104	Saccadic oscillation	حركة عين غير طبيعية
HP:0032105	Macrosaccadic oscillations	حركات عين كبيرة غير طبيعية
HP:0032106	Conjunctival icterus	اصفرار بياض العين
HP:0032107	Limbal stem cell deficiency	نقص في خلايا الجذع في العين
HP:0032108	Mildly reduced contrast sensitivity	انخفاض خفيف في حساسية الرؤية للتباين
HP:0032109	Moderately reduced contrast sensitivity	انخفاض معتدل في حساسية الرؤية للتباين
HP:0032806	Focal impaired awareness sensory seizure with visual features	نوبة بصرية مع وعي محدود
HP:0032807	Neonatal seizure	تشنجات في المواليد الجدد
HP:0032808	Neonatal seizure with electrographic correlate	نوبة للمواليد مع نشاط كهربائي
HP:0032809	Neonatal electro-clinical seizure	تشنجات كهربائية سريرية للمواليد
HP:0032810	Focal sensory seizure with cephalic sensation	نوبة بؤرية مع شعور في الرأس
HP:0032811	Neonatal electrographic only seizure	نشاط كهربائي فقط للمواليد بدون أعراض
HP:0032812	Neonatal electro-clinical non-motor seizure	تشنج غير حركي عند الرضع
HP:0012095	Multiple joint dislocation	خَلْع في عدة مفاصل
HP:0012096	Intracranial epidermoid cyst	كيس جلدي في الرأس
HP:0012097	Intracranial dermoid cyst	كيس جلدي في الدماغ
HP:0012098	Edema of the dorsum of feet	تورم ظهر القدم
HP:0012099	Abnormality of circulating catecholamine level	مستوى غير طبيعي لهرمونات الكاتيكولامينات
HP:0012100	Abnormal circulating creatinine concentration	مستوى الكرياتينين غير طبيعي في الدم
HP:0012101	Decreased serum creatinine	مستوى الكرياتينين منخفض في الدم
HP:0012102	Abnormal mitochondrial number	عدد ميتوكوندريا غير طبيعي
HP:0012103	Abnormality of the mitochondrion	مشاكل في الميتوكوندريا
HP:0012104	Parietal cortical atrophy	ضعف القشرة الجدارية
HP:0012105	Occipital cortical atrophy	ضعف القشرة القفوية
HP:0012106	Rhizomelic leg shortening	قصر الجزء العلوي من الساق
HP:0012107	Increased fibular diameter	زيادة عرض عظم الشظية
HP:0012108	Open angle glaucoma	ارتفاع ضغط العين مع زاوية مفتوحة
HP:0012109	Angle closure glaucoma	ارتفاع ضغط العين مع زاوية مغلقة
HP:0012110	Hypoplasia of the pons	نقص نمو الجسر
HP:0012111	Abnormality of circulating glucocorticoid level	خلل في هرمونات الغلوكوكورتيكويد
HP:0012112	Abnormal circulating corticosterone level	خلل في هرمون الكورتيكوستيرون
HP:0012113	Abnormal circulating creatine concentration	خلل في مستوى الكرياتين في الدم
HP:0012114	Endometrial carcinoma	سرطان الرحم
HP:0012115	Hepatitis	التهاب في الكبد
HP:0012116	Abnormal circulating albumin concentration	مستوى ألبومين غير طبيعي في الدم
HP:0012117	Hyperalbuminemia	ارتفاع مستوى الألبومين في الدم
HP:0012118	Laryngeal carcinoma	سرطان في الحنجرة
HP:0012119	Methemoglobinemia	ارتفاع الميتهيموجلوبين في الدم
HP:0012120	Methylmalonic aciduria	زيادة حمض المثيلمالونيك في البول
HP:0012121	Panuveitis	التهاب في العين الشامل
HP:0012122	Anterior uveitis	التهاب في العين الأمامي
HP:0012123	Posterior uveitis	التهاب في العين الخلفي
HP:0012124	Intermediate uveitis	التهاب جزء من العين
HP:0012125	Prostate cancer	سرطان البروستاتا
HP:0012126	Stomach cancer	سرطان المعدة
HP:0012127	Uraciluria	زيادة مستويات اليواراسيل في البول
HP:0012128	Basal ganglia necrosis	موت خلايا في العقد القاعدية
HP:0012129	Abnormality of bone marrow stromal cells	خلل في خلايا نخاع العظم
HP:0012130	Abnormal erythroid lineage cell morphology	خلل في شكل خلايا الدم الحمراء
HP:0012131	Abnormal number of erythroid precursors	تغير في عدد خلايا الأرومات الحمراء
HP:0012132	Erythroid hyperplasia	زيادة عدد خلايا الدم الحمراء في النخاع
HP:0012133	Erythroid hypoplasia	نقص خلايا الدم الحمراء في النخاع
HP:0012134	Dysplastic erythropoesis	مشاكل في إنتاج خلايا الدم الحمراء
HP:0012135	Abnormal granulocytopoietic cell morphology	مشاكل في خلايا الدم البيضاء المحببة
HP:0012136	Dysplastic granulopoesis	مشاكل في إنتاج خلايا الدم البيضاء المحببة
HP:0012137	Abnormal number of granulocyte precursors	عدد غير طبيعي لخلايا الدم البيضاء المحببة
HP:0012138	Granulocytic hyperplasia	زيادة في عدد خلايا الدم البيضاء المحببة
HP:0012139	Granulocytic hypoplasia	نقص في عدد خلايا الدم البيضاء المحببة
HP:0012142	Pancreatic squamous cell carcinoma	نوع من سرطان البنكرياس
HP:0012143	Abnormal megakaryocyte morphology	مشاكل في خلايا إنتاج الصفائح الدموية
HP:0012144	Abnormal monocyte morphology	مشاكل في نوع من خلايا الدم البيضاء
HP:0012145	Abnormality of multiple cell lineages in the bone marrow	مشاكل في أنواع متعددة من خلايا نقي العظام
HP:0012156	Hemophagocytosis	البلعمة الدموية
HP:0012157	Subcortical cerebral atrophy	الضمور الدماغي تحت القشرية
HP:0012158	Carotid artery dissection	تمزق الشريان السباتي
HP:0012159	Internal carotid artery dissection	تمزق الشريان السباتي الداخلي
HP:0012160	Intracranial internal carotid artery dissection	تمزق الشريان السباتي الداخلي داخل الجمجمة
HP:0012161	External carotid artery dissection	تمزق الشريان السباتي الخارجي
HP:0012162	Common carotid artery dissection	تمزق الشريان السباتي المشترك
HP:0012163	Carotid artery dilatation	تمدد الشريان السباتي
HP:0012164	Asterixis	الرعشة المتكررة
HP:0012165	Oligodactyly	قلة الأصابع
HP:0012146	Abnormality of von Willebrand factor	خلل في عامل فون ويليبراند
HP:0012147	Reduced quantity of Von Willebrand factor	نقص عامل فون ويليبراند
HP:0012148	Multiple lineage myelodysplasia	تغيرات غير طبيعية في خلايا الدم
HP:0012149	Bilineage myelodysplasia	تغيرات غير طبيعية في سلالتين من خلايا الدم
HP:0012150	Single lineage myelodysplasia	تغيرات غير طبيعية في سلالة واحدة من خلايا الدم
HP:0012151	Hemothorax	وجود دم في تجويف الصدر
HP:0012152	Foveoschisis	تشققات في شبكية العين
HP:0012153	Hypotriglyceridemia	مستوى منخفض من شحوم الدم الثلاثية
HP:0012154	Anhedonia	عدم الشعور بالمتعة
HP:0012155	Decreased corneal sensation	نقص في الشعور بسطح العين
HP:0032387	Reduced circulating transferrin concentration	نقص الترانسفرين
HP:0032388	Periventricular nodular heterotopia	عقد غير طبيعية في الدماغ
HP:0032389	Periventricular laminar heterotopia	كتلة غير طبيعية بجوار البطين
HP:0032390	Periventricular ribbonlike heterotopia	تكوين شريطي متموج بجوار البطين
HP:0032391	Subcortical heterotopia	خلايا غير طبيعية تحت اللحاء
HP:0032392	Nodular subcortical heterotopia in peritrigonal regions	عقد غير طبيعية بجوار المسار البصري
HP:0032393	Diffuse ribbon-like subcortical heterotopia	طبقة شريطية رمادية في الدماغ
HP:0032394	Mesial parasagittal subcortical heterotopia	تغاير تحت القشري في الدماغ الوسطي
HP:0032395	Curvilinear subcortical heterotopia	كتلة متغايرة كبيرة
HP:0032396	Transmantle columnar heterotopia	تغاير خطي في الدماغ
HP:0032397	Citrullinuria	ارتفاع مستوى السيترولين في البول
HP:0032398	Dysgyria	نمط تلافيف غير طبيعي
HP:0032399	Dysgyria with normal cortical thickness	نمط تلافيف غير طبيعي مع سمك قشرة طبيعي
HP:0032400	Dysgyria with thickened cortex	نمط تلافيف غير طبيعي مع قشرة سميكة
HP:0032401	Aspartic aciduria	زيادة حمض الأسبارتيك في البول
HP:0032403	Asparaginuria	زيادة الأسباراجين في البول
HP:0032404	Testicular mass	ورم في الخصية
HP:0032405	Increased urinary phosphoserine level	ارتفاع الفوسفو-سيرين في البول
HP:0032406	Unilateral perisylvian polymicrogyria	نمو غير طبيعي في جهة واحدة من الدماغ
HP:0032407	Bilateral perisylvian polymicrogyria	نمو غير طبيعي في كلا جانبي الدماغ
HP:0032376	Anti-beta 2 glycoprotein I antibody positivity	الأجسام المضادة في الدم
HP:0032377	Increased urinary orosomucoid	زيادة البروتين في البول
HP:0032378	Immediate-type hypersensitivity drug reaction	الحساسية الفورية للأدوية
HP:0032379	Polymorphous light eruption	حساسية الشمس
HP:0032381	Hydroa vacciniforme	طفح الشمس الحاد
HP:0032382	Uniparental disomy	الإزاحة الوراثية من أحد الوالدين
HP:0032383	Uniparental heterodisomy	الوراثة من كروموسومين مختلفين من والد واحد
HP:0032384	Uniparental isodisomy	الوراثة من كروموسومين متشابهين من والد واحد
HP:0032385	Abnormal circulating transferrin concentration	مستوى غير طبيعي من البروتين في الدم
HP:0032386	Elevated circulating transferrin concentration	ارتفاع مستوى الترانسفيرين في الدم
HP:0032418	Abnormal HDL subfraction concentration	اضطراب في جزيئات الكوليسترول
HP:0032419	Abnormal HDL2a concentration	اضطراب في الجزيء الفرعي HDL2a
HP:0032420	Increased HDL2a concentration	زيادة في HDL2a
HP:0032421	Decreased HDL2a concentration	نقص في HDL2a
HP:0032422	Abnormal HDL2b concentration	اضطراب في الجزيء الفرعي HDL2b
HP:0032423	Decreased HDL2b concentration	نقص في HDL2b
HP:0032424	Increased HDL2b concentration	زيادة في HDL2b
HP:0032425	Abnormal HDL3a concentration	اضطراب في الجزيء الفرعي HDL3a
HP:0032426	Abnormal HDL3b concentration	اضطراب في الجزيء الفرعي HDL3b
HP:0032427	Abnormal HDL3c concentration	اضطراب في الجزيء الفرعي HDL3c
HP:0032428	Increased HDL3a concentration	زيادة نسبة HDL3a في الدم
HP:0032429	Decreased HDL3a concentration	نقص نسبة HDL3a في الدم
HP:0032430	Increased HDL3b concentration	زيادة نسبة HDL3b في الدم
HP:0032431	Decreased HDL3b concentration	نقص نسبة HDL3b في الدم
HP:0032432	Increased HDL3c concentration	زيادة نسبة HDL3c في الدم
HP:0032433	Decreased HDL3c concentration	نقص نسبة HDL3c في الدم
HP:0032434	Delayed umbilical cord separation	انفصال الحبل السري المتأخر
HP:0032435	Neonatal omphalitis	عدوى في السرة عند المولود
HP:0032436	Abnormal circulating C-reactive protein concentration	نسبة غير طبيعية لبروتين الدم سي التفاعلي
HP:0032437	Reduced circulating C-reactive protein concecntration	نقصان بروتين الدم سي التفاعلي
HP:0032408	Breast mass	ورم في الثدي
HP:0032409	Subcortical band heterotopia	وجود مادة رمادية في غير مكانها داخل الدماغ
HP:0032410	Bilateral generalized polymicrogyria	ابنات متعرجة في الدماغ
HP:0032411	Posterior predominant subcortical band heterotopia	تشوه في الجزء الخلفي للدماغ
HP:0032412	Anterior predominant subcortical band heterotopia	تشوه في الجزء الأمامي للدماغ
HP:0032413	Diffuse subcortical band heterotopia	تشوه منتشر في الدماغ بالكامل
HP:0032414	Hydroxylysinuria	زيادة نسبة الهيدروكسي ليسين في البول
HP:0032415	Parasagittal parieto-occipital polymicrogyria	تشوه في الجزء الوسطي والخلفي للدماغ
HP:0032416	Retinal microaneurysm	تضخم في شرايين الشبكية
HP:0032417	Periglomerular fibrosis	تليف حول كبسولة بومان
HP:0032438	Platelet anisocytosis	تفاوت حجم الصفائح
HP:0032439	Airborn particle hypersensitivity	حساسية اتجاه الجسيمات في الهواء
HP:0032440	Blood group B	فصيلة B
HP:0032441	Blood group AB	فصيلة AB
HP:0032442	Blood group O	فصيلة O
HP:0032443	Past medical history	السجل الطبي السابق
HP:0012166	Skin-picking	قضم الجلد باليد
HP:0012167	Hair-pulling	شد الشعر
HP:0012168	Head-banging	ضرب الرأس
HP:0012169	Self-biting	عض الجسم الشخصي
HP:0012170	Nail-biting	قضم الأظافر
HP:0012171	Stereotypical hand wringing	فرك اليدين
HP:0012172	Stereotypical body rocking	هز الجسم
HP:0012173	Orthostatic tachycardia	تسارع ضربات القلب عند الوقوف
HP:0012174	Glioblastoma multiforme	ورم في الدماغ
HP:0012175	Resistance to activated protein C	مشكلة في التجلط مع البروتين C
HP:0012176	Abnormal natural killer cell morphology	خلل في شكل خلايا المناعة
HP:0012177	Abnormal natural killer cell physiology	خلل في عمل خلايا المناعة
HP:0012179	Craniofacial dystonia	خلل في عضلات الوجه
HP:0012180	Cystic medial necrosis	مرض في الشرايين
HP:0030160	Cervicitis	التهاب عنق الرحم
HP:0030161	Vaginal pruritus	حكة في المهبل
HP:0030162	Glomerulomegaly	كبر حجم الكبيبات في الكلى
HP:0030163	Abnormal vascular physiology	خلل في عمل الأوعية الدموية
HP:0030164	Jaw claudication	ألم في الفك عند المضغ
HP:0030165	Temporal artery tortuosity	التواء الشريان الصدغي
HP:0030166	Night sweats	التعرق أثناء الليل
HP:0030167	Antimitochondrial antibody positivity	وجود أجسام مضادة للميتوكوندريا
HP:0030168	Dilated superficial abdominal veins	توسع الأوردة في البطن
HP:0030169	Gastric varix	توسع الأوردة في المعدة
HP:0012181	Entrapment neuropathy	ضغط على العصب
HP:0012182	Oropharyngeal squamous cell carcinoma	سرطان البلعوم الفموي
HP:0012183	Hyperplastic colonic polyposis	نمو زائد في القولون
HP:0012184	Increased HDL cholesterol concentration	ارتفاع HDL في الدم
HP:0012185	Constrictive median neuropathy	متلازمة النفق الرسغي
HP:0012186	Entrapment neuropathy of the ulnar nerve at elbow	متلازمة النفق المرفقي
HP:0012187	Increased erythrocyte protoporphyrin concentration	زيادة البروتوبورفيرين في الدم
HP:0012188	Hyperemesis gravidarum	قيء شديد في الحمل
HP:0012189	Hodgkin lymphoma	سرطان الغدد الليمفاوية
HP:0012190	T-cell lymphoma	سرطان الغدد الليمفاوية التائية
HP:0012191	B-cell lymphoma	نوع من السرطان في الخلايا المناعية
HP:0012192	Cutaneous T-cell lymphoma	سرطان الجلد من الخلايا المناعية
HP:0012193	Anaplastic large-cell lymphoma	نوع من سرطان الخلايا التائية
HP:0012194	Episodic hemiplegia	ضعف مؤقت في جانب من الجسم
HP:0012195	Irregular respiration	عدم انتظام التنفس
HP:0012196	Cheyne-Stokes respiration	نمط تنفس غير طبيعي
HP:0012197	Insulinoma	ورم في البنكرياس يفرز الإنسولين
HP:0012198	Juvenile colonic polyposis	سلائل متعددة في القولون
HP:0012199	Cluster headache	صداع متكرر وشديد
HP:0012200	Abnormality of prothrombin	مشاكل في عوامل تجلط الدم
HP:0030192	Fatigable weakness of bulbar muscles	ضعف عضلات الفم والحنجرة بالتعب
HP:0030193	Fatigable weakness of chewing muscles	ضعف عضلات الفك بالتعب
HP:0030194	Fatigable weakness of speech muscles	ضعف عضلات الكلام بالتعب
HP:0030195	Fatigable weakness of swallowing muscles	ضعف عضلات الأكل بالتعب
HP:0030196	Fatigable weakness of respiratory muscles	ضعف عضلات التنفس بالتعب
HP:0030197	Fatigable weakness of skeletal muscles	ضعف عضلات الجسم بالتعب
HP:0030198	Fatigable weakness of distal limb muscles	ضعف عضلات الأطراف البعيدة بالتعب
HP:0030199	Fatigable weakness of neck muscles	ضعف عضلات الرقبة بالتعب
HP:0030200	Fatiguable weakness of proximal limb muscles	ضعف عضلات الأطراف القريبة بالتعب
HP:0030201	Response to drugs acting on neuromuscular transmission	استجابة الجسم للأدوية المؤثرة على الأعصاب والعضلات
HP:0030180	Oppenheim reflex	منعكس أصابع القدم الكبير
HP:0030181	Gordon reflex	رفعة إصبع القدم الكبير
HP:0030182	Tetraplegia/tetraparesis	ضعف في الأطراف الأربعة
HP:0030183	Impaired visually enhanced vestibulo-ocular reflex	ضعف المنعكس بالرؤية والحركة
HP:0030185	Isometric tremor	رعاش عند الضغط
HP:0030186	Kinetic tremor	ارتعاش أثناء الحركة
HP:0030187	Titubation	حركة تذبذب الرأس أو الجسم
HP:0030188	Tremor by anatomical site	ارتعاش جزء من الجسم
HP:0030190	Oral motor hypotonia	ضعف عضلات الفم
HP:0030191	Abnormal peripheral nervous system synaptic transmission	خلل في نقل الإشارات العصبية
HP:0030170	Cystic artery pseudoaneurysm	تمدد الشريان الكيسي
HP:0030171	Perirenal hematoma	دم متجمع حول الكلى
HP:0030172	Peripheral amyelination	غياب الغمد النخاعي
HP:0030173	Peripheral hypermyelination	زيادة في الغمد النخاعي
HP:0030174	Increased peripheral myelin thickness	سماكة الغمد النخاعي
HP:0030175	Myelin tomacula	تورم الغمد النخاعي
HP:0030176	Asymmetric peripheral demyelination	إزالة النخاع في الأعصاب المحيطية بشكل مختلف
HP:0030177	Abnormality of peripheral nervous system electrophysiology	خلل في الإشارات العصبية
HP:0030178	Abnormality of central nervous system electrophysiology	خلل في الإشارات العصبية المركزية
HP:0030179	Abnormal peripheral action potential amplitude	خلل في الإشارات الكهربائية في الأعصاب
HP:0030202	Favorable response of weakness to acetylcholine esterase inhibitors	تحسن الضعف بعد تناول دواء معين
HP:0030203	Unfavorable response of muscle weakness to acetylcholine esterase inhibitors	عدم تحسن الضعف بعد تناول دواء معين
HP:0033260	Livedo racemosa	بقع جلدية زرقاء حمراء
HP:0033261	Renal artery aneurysm	انتفاخ الشريان الكلوي
HP:0033262	Transphyseal fracture of the distal humerus	كسر في نهاية عظم العضد
HP:0033263	Absent platelet dense granules	عدم وجود حبيبات في الصفائح الدموية
HP:0033264	Enlarged platelet dense granules	تكبير حبيبات الصفائح الدموية
HP:0033265	Podocyte myelin figures	اندماج شحمي في الخلايا الكلوية
HP:0033266	Glomerular pseudocrescent	زيادة خلايا في الكبيبة
HP:0033267	Abnormal glomerular capillary lumen morphology	تغير في شكل شعيرات الكبيبة
HP:0033279	Enterocutaneous fistula	اتصال غير طبيعي بين الأمعاء والجلد
HP:0033280	Paratracheal lymphadenopathy	تضخم الغدد اللمفاوية حول الرغامى
HP:0033281	Circulating nucleated red blood cells	وجود خلايا دم حمراء غير طبيعية في الدم
HP:0033282	Abnormal glomerular basement membrane morphology	تغيرات في غشاء الكلى القاعدي
HP:0033283	Segmentally thickened glomerular basement membrane	زيادة سماكة غشاء الكلى القطاعية
HP:0033284	Diffusely thickened glomerular basement membrane	زيادة سماكة غشاء الكلى المنتشرة
HP:0033285	Thickened glomerular basement membranes with no electron dense deposits	زيادة سماكة غشاء الكلى بدون ترسبات
HP:0033286	Thickened glomerular basement membranes with electron dense deposits	زيادة سماكة غشاء الكلى مع ترسبات
HP:0033287	Glomerular basement membrane lucencies	مناطق شفافة في غشاء الكلى
HP:0033288	Glomerular basement membrane spikes	شوكات غشاء الكلى
HP:0033268	Deflation of the glomerular tuft	انكماش شعيرات الكبيبة
HP:0033269	Glomerular capillary collapse	انهيار جدران الشعيرات الدموية بالكبيبة
HP:0033270	Glomerular capillary congestion	احتقان الكبيبة
HP:0033271	Glomerular capillary microaneurysm	انتفاخ شعيرات الكبيبة
HP:0033272	Abnormal glomerular endothelial cell morphology	تشوه خلايا باطن الكبيبة
HP:0033273	Loss of glomerular endothelial cell fenestration	فقدان فتحات خلايا الكبيبة
HP:0033274	Glomerular endotheliosis	تضخم خلايا الكبيبة
HP:0033275	Glomerular endothelial tubuloreticular inclusion	تركيبات أنبوبية في خلايا الكبيبة
HP:0033277	Glomerular fibrinoid necrosis	تحلل الكبيبة
HP:0033278	Reduced CD95-induced lymphocyte apoptosis	انخفاض موت الخلايا المبرمج للخلايا اللمفاوية
HP:0033299	Reduced circulating complement factor H related protein 1 concentration	انخفاض بروتين مكمل H في الدم
HP:0033300	Increased circulating complement factor H related protein 1 concentration	زيادة بروتين مكمل H في الدم
HP:0033301	Elevated circulating 1-methylhistidine concentration	زيادة 1-ميثيل هستيدين في الدم
HP:0033302	Elevated circulating 4-hydroxyphenylacetic acid concentration	زيادة حمض 4-هيدروكسي فينيل أسيتيك في الدم
HP:0033033	Anti-MDA5 antibody positivity	وجود أجسام مضادة ل-MDA5 في الدم
HP:0033034	Anti-citrullinated protein antibody positivity	وجود أجسام مضادة للبروتينات السيترولينية
HP:0033035	Abnormal Schwann cell morphology	تشوه خلايا شوان
HP:0033036	Decreased nasal nitric oxide	انخفاض أكسيد النيتريك في الأنف
HP:0033037	Migratory arthritis	التهاب المفاصل المهاجر
HP:0033038	Anti-RNA-polymerase-III-autoantibody positivity	وجود أجسام مضادة لـ RNA-polymerase-III
HP:0033289	Glomerular basement membrane wrinkling	تجعد غشاء الكلى القاعدي
HP:0033290	Glomerular subendothelial widening	توسع المسافة تحت بطانة الكلى
HP:0033291	Glomerular karyhorrhectic debris	حطام نووي في الكلى
HP:0033292	Glomerular fibrin thrombus	جلطة ليفية في الكلى
HP:0033293	Glomerular hyaline pseudothrombus	مادة زجاجية في الكلى
HP:0033294	Glomerular lipoprotein thrombus	مادة دهنية في الكلى
HP:0033295	Mesangial Immune complex deposition	ترسبات مناعية في الكلى
HP:0033296	Binucleated visceral epithelial cells	خلايا كلى بنواتين
HP:0033297	Multinucleated visceral epithelial cells	خلايا كلى متعددة النوى
HP:0033298	Abnormal circulating complement factor H related protein 1 concentration	تركيز غير طبيعي لبروتين مكمل في الدم
HP:0033039	Increased circulating precipitin level	زيادة في الأجسام المضادة
HP:0033040	Anti-Sm antibody positivity	وجود أجسام مضادة معينة
HP:0033041	Cytokine storm	زيادة شديدة في السيتوكينات
HP:0033042	Abnormal chorion morphology	تشوه في جزء من المشيمة
HP:0033043	Edematous chorionic villi	تورم في زغابات المشيمة
HP:0033044	Motor regression	فقدان المهارات الحركية
HP:0033045	Bipedal edema	تورم في القدمين
HP:0033046	Michaelis-Gutmann bodies	تكون كتل في الخلايا
HP:0033047	Body ache	ألم عام
HP:0033048	Substantia nigra hypointensity on susceptibility-weighted imaging	انخفاض وضوح منطقة في الدماغ على التصوير
HP:0033079	Aplasia/Hypoplasia of the thyroid gland	عدم وجود أو نقص تنسج الغدة الدرقية
HP:0033080	Abnormal TSH response to thyrotrophin-releasing hormone stimulation test	استجابة غير طبيعية لـ TSH لاختبار TRH
HP:0033081	Absent TSH response to thyrotrophin-releasing hormone stimulation test	عدم استجابة TSH لاختبار TRH
HP:0033082	Reduced TSH response to thyrotrophin-releasing hormone stimulation test	استجابة TSH منخفضة لاختبار TRH
HP:0033083	Increased circulating farnesol concentration	زيادة الفارنيزول في الدم
HP:0033084	Abnormal antral follicle count	عدد غير طبيعي للجريبات في المبيض
HP:0033085	Reduced antral follicle count	عدد الجريبات في المبيض منخفض
HP:0033086	Increased antral follicle count	عدد الجريبات في المبيض زائد
HP:0033087	Quotidian fever	حمى تحدث يومياً
HP:0033088	Valinuria	زيادة في مستوى الفالين في البول
HP:0033049	Globus pallidus hypointensity on susceptibility-weighted imaging	نقص كثافة في الكرة الشاحبة
HP:0033050	Pharyngalgia	ألم في الحلق
HP:0033051	Impaired executive functioning	ضعف التخطيط والتنظيم
HP:0033052	Non-epileptic seizure	هجمات تشبه الصرع
HP:0033053	Pseudoseizure	هجمات تشبه الصرع
HP:0033054	Myoclonic tremor	رعشة شديدة
HP:0033055	Impaired ability to plan	تخطيط غير فعال
HP:0033056	Impaired ability to organize	ضعف في تنظيم الأمور
HP:0033057	Decreased circulating terminal complement component concentration	انخفاض مكونات المناعة في الدم
HP:0033058	Decreased circulating complement C7 concentration	انخفاض مكمل C7 في الدم
HP:0033059	Decreased circulating complement C6 concentration	انخفاض المكمل C6 في الدم
HP:0033060	Decreased circulating complement C5 concentration	انخفاض المكمل C5 في الدم
HP:0033061	Increased factor IX activity	زيادة في نشاط الدم
HP:0033062	Abnormal factor IX activity	نشاط غير طبيعي للعامل التاسع
HP:0033063	Shortened sleep phase	قصر مدة النوم
HP:0033064	Renal interstitial globotriaosylceramide inclusions	تراكم دهون في الكلى
HP:0033065	Mild albuminuria	زلال خفيف
HP:0033066	Severe albuminuria	زلال ثقيل
HP:0033067	Cystine crystalluria	بلورات سيستين في البول
HP:0033068	Medication crystalluria	بلورات بسبب الأدوية
HP:0033089	Branched-chain aminoaciduria	زيادة أحماض أمينية متفرعة في البول
HP:0033090	Increased aromatic amino acid level in urine	زيادة أحماض عطرية في البول
HP:0033091	Tyrosinuria	زيادة تيروسين في البول
HP:0033092	Increased urine succinate level	زيادة السكسينات في البول
HP:0033093	Increased glutamine family amino acid level in urine	زيادة أحماض من عائلة الجلوتامين في البول
HP:0033094	Increased urine glutamate level	زيادة الجلوتامات في البول
HP:0033095	Increased sulfur amino acid level in urine	زيادة أحماض كبريتية في البول
HP:0033096	Increased aspartate family amino acid level in urine	زيادة أحماض من عائلة الأسبارتات في البول
HP:0033097	Increased urine proteinogenic amino acid derivative level	زيادة مشتقات الأحماض الأمينية في البول
HP:0033098	Increased urinary non-proteinogenic amino acid level	زيادة أحماض غير بروتينية في البول
HP:0033069	Renal interstitial IgG4+ plasma cell infiltration	التهاب في الكلى بسبب تجمع خلايا البلازما
HP:0033070	Impaired self monitoring	صعوبة متابعة السلوك الشخصي
HP:0033071	Impaired task monitoring	صعوبة تتبع أداء المهام
HP:0033072	Abnormal macroscopic urine appearance	مظهر غير طبيعي للبول
HP:0033073	Urate tophus	تراكمات كريستالات اليرقان
HP:0033074	Steroid-responsive anemia	فقر الدم يعالج بالستيرويد
HP:0033075	Inappropriately normal thyroid-stimulating hormone level	التحليل الهرموني غير متناسب
HP:0033076	Abnormal circulating free T4 concentration	مستوى غير طبيعي للثيروكسين في الدم
HP:0033077	Increased circulating free T4 concentration	ارتفاع مستوى الثيروكسين في الدم
HP:0033078	Decreased circulating free T4 concentration	انخفاض مستوى الثيروكسين في الدم
HP:0032464	Ureteral hypoplasia	تطور غير مكتمل للحالب
HP:0032465	Bladder trabeculation	تجعيدات في جدار المثانة
HP:0032466	Aplasia of the olfactory bulb	غياب البصلة الشمية
HP:0032467	Past obstetric history	المعلومات السابقة عن الحمل
HP:0032468	History of stillbirth	سجل الولادات المتوفاة
HP:0032469	Anti-asialoglycoprotein receptor antibody positivity	وجود أجسام مضادة في الدم
HP:0032470	Monilethrix	مظهر شعر حبّي
HP:0032471	Focal polymicrogyria	تعدد التلافيف في منطقة محددة
HP:0032472	Abnormal urine urobilinogen level	مستوى غير طبيعي لمادة في البول
HP:0032473	Decreased urine urobilinogen	نقص مادة في البول
HP:0032486	Elevated fecal osmolality	ارتفاع التركيز في البراز
HP:0032487	Reduced fecal osmolality	انخفاض التركيز في البراز
HP:0032488	Abnormal fecal pH	حموضة البراز غير طبيعية
HP:0032489	Elevated fecal pH	زيادة قلوية البراز
HP:0032490	Decreased fecal pH	زيادة حموضة البراز
HP:0032491	Increased circulating argininosuccinic acid	زيادة حمض خاص في الدم
HP:0032492	Anti-myelin oligodendrocyte glycoprotein antibody positivity	وجود أجسام مضادة للنخاع
HP:0032493	Elevated circulating trypsinogen concentration	زيادة تربسينوجين في الدم
HP:0032495	Abnormal terminal:vellus ratio	نسبة الشعر غير طبيعية
HP:0032496	Elevated terminal:vellus ratio	زيادة الشعر النهائي مقارنة بالوبر
HP:0033099	Increased serine family amino acid in urine	زيادة بروتين السيرين في البول
HP:0032444	Status post organ transplantation	خضع لعملية زراعة عضو
HP:0032445	Pulmonary cyst	كيس في الرئة
HP:0032446	Pulmonary bulla	فقاعة في الرئة
HP:0032447	Pulmonary bleb	فقاعة صغيرة في الرئة
HP:0032448	Achlorhydria	عدم وجود حمض في المعدة
HP:0032449	Abnormal dermoepidermal hemidesmosome morphology	خلل في الأنسجة الرابطة للجلد
HP:0032450	Positive blood arsenic test	وجود أرسنيك في الدم
HP:0032451	Oral melanotic macule	بقعة داكنة في الفم
HP:0032452	Oral melanoacanthoma	بقعة صبغية في الفم
HP:0032475	6-layered lissencephaly	سطح دماغ بدون أخاديد
HP:0032476	Abnormal circulating vitamin B6 concentration	مستوى فيتامين ب6 غير طبيعي
HP:0032477	Elevated circulating vitamin B6 concentration	زيادة مستوى فيتامين ب6
HP:0032478	Lateral spinal meningocele	بروز في العمود الفقري
HP:0032479	Preimplantation lethality	الموت الجنيني المبكر
HP:0032480	Beta-aminoisobutyric aciduria	زيادة حمض في البول
HP:0032481	Abnormal pituitary glycoprotein hormone alpha subunit level	مستوى غير طبيعي لهرمون النخامي
HP:0032482	Decreased pituitary glycoprotein hormone alpha subunit level	انخفاض مستوى هرمون النخامي
HP:0032484	Elevated fecal sodium	مستوى صوديوم مرتفع في البراز
HP:0032485	Abnormal fecal osmolality	تركيز أملاح غير طبيعي في البراز
HP:0032453	Abnormal lip pigmentation	لون شفاه غير طبيعي
HP:0032454	Labial melanotic macule	بقعة داكنة على الشفاه
HP:0032455	Reduced granulocyte CD18 level	انخفاض مستوى CD18 في الخلايا
HP:0032456	Unlayered lissencephaly	عدم انتظام الطبقة القشرية للمخ
HP:0032457	2-3-layered lissencephaly	تكوين قشري بطبقتين/ثلاث
HP:0032458	Narrowing of medullary canal	تضيق قناة نخاع العظم
HP:0032459	Abnormal phosphoribosylpyrophosphate synthetase level	مستوى غير طبيعي لإنزيم مهم
HP:0032460	Decreased phosphoribosylpyrophosphate synthetase level	انخفاض إنزيم محدد
HP:0032462	Increased circulating palmitate level	ارتفاع حمض النخيل في الدم
HP:0032463	Reduced circulating fibronectin level	انخفاض فيبرونيكتين الدم
HP:0032497	Reduced terminal:vellus ratio	نسبة غير طبيعية للشعر القوي والوبر
HP:0032499	Giant neutrophil granules	حُبيبات كبيرة في خلايا الدم البيضاء
HP:0032500	Exacerbated by tobacco use	يزداد سوءًا بسبب التدخين
HP:0032501	Exacerbated by contraceptive medication exposure	يزداد سوءًا باستخدام حبوب منع الحمل
HP:0032502	Exacerbated by barbiturate exposure	يزداد سوءًا مع تناول الباربيتورات
HP:0032503	Ameliorated by ethanol ingestion	يخف بشرب الكحول
HP:0032504	Lhermitte's sign	إحساس بالتيار الكهربائي عند ثني الرقبة
HP:0032505	Hydrophobia	الخوف من الماء
HP:0032506	Alien limb phenomenon	حركة لا إرادية للطرف
HP:0032507	Labiomental fasciculations	ارتعاشات في عضلات الذقن واللسان
HP:0032519	Increased Burr cell count	زيادة خلايا بور
HP:0032520	Masseter muscular weakness	ضعف عضلة الفك
HP:0032813	Neonatal electro-clinical motor seizure	تشنجات حديثي الولادة
HP:0032814	Neonatal electro-clinical clonic seizure	تشنج رمعي لحديثي الولادة
HP:0032815	Neonatal electro-clinical myoclonic seizure	تشنج عضلي حديثي الولادة
HP:0032816	Neonatal multifocal myoclonic seizure	تشنج في مواقع متعددة لحديثي الولادة
HP:0032817	Neonatal focal myoclonic seizure	تشنج عضلي بؤري لحديثي الولادة
HP:0032818	Neonatal focal clonic seizure	تشنج أحادي الجانب لحديثي الولادة
HP:0032819	Neonatal bilateral clonic seizure	تشنج ثنائي الجانب لحديثي الولادة
HP:0032820	Neonatal multifocal clonic seizure	تشنج في عدة مواقع لحديثي الولادة
HP:0032508	Polyembolokoilamania	عادة إدخال الأجسام بالمكان الخطأ
HP:0032509	Onychotillomania	قضم الأظافر بشكل مستمر
HP:0032510	Tendon pain	وجع في الأوتار
HP:0032511	Superiorly positioned umbilicus	السرة في مكان عالي
HP:0032513	Four-vessel umbilical cord	حبل سري غير عادي
HP:0032514	Supernumerary lacrimal punctum	وجود قناة دمعية زائدة
HP:0032515	Deep dermatophytosis	التهاب فطري جلدي
HP:0032516	Invasive dermatophyte infection	عدوى جلدية فطرية
HP:0032517	Majocchi's granuloma	التهاب جلدي حبيبي
HP:0032518	Disseminated dermatophytosis	عدوى فطرية منتشرة
HP:0032821	Neonatal electro-clinical tonic seizure	النوبة التوترية عند الرضع
HP:0032822	Neonatal electro-clinical autonomic seizure	النوبة الذاتية عند الرضع
HP:0032823	Neonatal electro-clinical seizure with behavior arrest	نوبة توقف الحركة عند الرضع
HP:0032824	Neonatal focal tonic seizure	النوبة التوترية البؤرية عند الرضع
HP:0032825	Neonatal electro-clinical sequential seizure	النوبة المتتابعة عند الرضع
HP:0032826	Focal neonatal sequential seizure	النوبة المتتابعة البؤرية عند الرضع
HP:0032827	Multifocal neonatal sequential seizure	النوبة المتتابعة متعددة النقاط عند الرضع
HP:0032828	Neonatal bilateral symmetric tonic seizure	النوبة التوترية المتماثلة عند الرضع
HP:0032829	Neonatal electro-clinical motor seizure with automatism	النوبة الحركية عند الرضع
HP:0032830	Neonatal seizure with bilateral asymmetric automatism	النوبة الأتوماتية غير المتوازنة عند الرضع
HP:0032831	Neonatal bilateral asymmetric tonic seizure	نوبة عضلية غير متماثلة للمولود
HP:0032832	Neonatal bilateral asymmetric myoclonic seizure	نوبة عضلية غير متماثلة للمولود
HP:0032833	Neonatal epileptic spasm	تشنج عضلي للمولود
HP:0032834	Neonatal seizure with unilateral automatism	نوبة حركة للمولود
HP:0032835	Neonatal seizure with bilateral symmetric automatism	نوبة حركة متناظرة للمولود
HP:0032836	Neonatal bilateral symmetric myoclonic seizure	نوبة عضلية متناظرة للمولود
HP:0032837	Bilateral asymmetric neonatal sequential seizure	نوبة متتابعة غير متماثلة للمولود
HP:0032838	Neonatal unilateral epileptic spasm	تشنج عضلي أحادي للمولود
HP:0032839	Bilateral symmetric neonatal sequential seizure	نوبة متتابعة متناظرة للمولود
HP:0032840	Neonatal bilateral symmetric epileptic spasm	تشنج عضلي متناظر للمولود
HP:0032841	Neonatal bilateral asymmetric epileptic spasm	تشنجات في عضلات الطفل
HP:0032842	Generalized-onset epileptic spasm	تشنجات تؤثر على الجسم كله
HP:0032843	Focal-onset epileptic spasm	تشنجات تبدأ بؤريًا
HP:0032844	Focal impaired awareness epileptic spasm	تشنجات مع فقد وعي جزئي
HP:0032845	Focal aware epileptic spasm	تشنجات تحافظ على الوعي
HP:0032846	Focal motor seizure with negative myoclonus	تشنجات مؤقتة العضلات
HP:0032847	Focal impaired awareness hemifacial clonic seizure	تشنجات نصف الوجه مع فقد الوعي
HP:0032848	Focal aware cognitive seizure with neglect	تشنجات تؤثر على التفكير
HP:0032849	Aphasic status epilepticus	حالة فقدان الكلام الصرعية
HP:0032850	Focal aware cognitive seizure with expressive dysphasia/aphasia	تشنجات تؤثر على قدرتك على الكلام
HP:0032851	Focal aware sensory seizure with visual features	نوبة بصرية
HP:0032852	Focal impaired awareness cognitive seizure with conduction dysphasia/aphasia	نوبة إدراكية
HP:0032853	Focal impaired awareness sensory seizure with hot-cold sensations	نوبة حرارة وبرودة
HP:0032854	Focal aware hemifacial clonic seizure	نوبة وجهية
HP:0032855	Photosensitive myoclonic-tonic-clonic seizure	نوبة بسبب الضوء
HP:0032856	Focal aware bilateral motor seizure	نوبة محركية ثنائية
HP:0032857	Focal aware motor seizure with negative myoclonus	نوبة حركية
HP:0032858	Focal impaired awareness motor seizure with negative myoclonus	نوبة حركية مع خلل في الوعي
HP:0032859	Focal impaired awareness motor seizure with paresis/paralysis	نوبة حركية مع شلل
HP:0032860	Generalized non-convulsive status epilepticus without coma	نوبة بدون تشنج وغيبوبة
HP:0032871	Focal aware cognitive seizure with hallucination	هلوسة أثناء النوبة بوعي كامل
HP:0032872	Focal impaired awareness cognitive seizure with illusion	وهم أثناء النوبة مع ضعف الوعي
HP:0032873	Focal aware sensory seizure with cephalic sensation	إحساس بالرأس أثناء النوبة بوعي كامل
HP:0032874	Focal impaired awareness cognitive seizure with auditory agnosia	فقدان سمع أثناء النوبة مع ضعف الوعي
HP:0032876	Focal aware cognitive seizure with conduction dysphasia/aphasia	نوبة بوعي كامل مع صعوبة في الكلام
HP:0032877	Focal aware sensory seizure with hot-cold sensations	شعور بالحرارة والبرودة أثناء النوبة بوعي كامل
HP:0032878	Focal impaired awareness sensory seizure with cephalic sensation	إحساس بالرأس أثناء النوبة مع ضعف الوعي
HP:0032879	Focal impaired awareness seizure with dissociation at onset	انفصال ذهني عند بدء النوبة مع ضعف الوعي
HP:0032880	Focal impaired awareness sensory seizure with auditory features	نوبة بسماع أصوات مع ضعف الوعي
HP:0032882	Focal impaired awareness cognitive seizure with deja vu/jamais vu	ديجا فو أو شعور غير مألوف أثناء النوبة مع ضعف الوعي
HP:0032861	Focal non-convulsive status epilepticus with impairment of consciousness	صرع مع اختلال الوعي
HP:0032862	Status epilepticus with ictal paresis	صرع مع شلل
HP:0032863	Typical absence status epilepticus	حالة الغياب
HP:0032864	Focal aware sensory seizure with auditory features	نوبة حسية سمعية
HP:0032865	Myoclonic absence status epilepticus	نوبة صرع رمعية
HP:0032866	Oculoclonic status epilepticus	صرع حركي في العين
HP:0032867	Refractory status epilepticus	صرع لا يستجيب للعلاج
HP:0032868	Super-refractory status epilepticus	صرع شديد المقاومة
HP:0032869	Focal non-convulsive status epilepticus without impairment of consciousness	صرع بؤري مع وعي كامل
HP:0032870	Focal impaired awareness cognitive seizure with dyslexia/alexia	نوبة صرع تؤثر على القراءة
HP:0032883	Focal aware cognitive seizure with deja vu/jamais vu	نوبة مع إحساس مألوف وغير مألوف
HP:0032884	Focal aware sensory seizure with somatosensory features	نوبة حسية مع إحساس وعي
HP:0032885	Focal impaired awareness cognitive seizure with hallucination	نوبة مع هلاوس وفقدان وعي
HP:0032886	Focal impaired awareness cognitive seizure with expressive dysphasia/aphasia	نوبة مع فقدان القدرة على التعبير وفقدان الوعي
HP:0032887	Generalized atonic seizure	نوبة مع فقدان فجائي للتوتر
HP:0011570	Congenital mitral stenosis	تضيق الصمام عند الولادة
HP:0011571	Parachute mitral valve	صمام تاجي غير طبيعي
HP:0011572	Supramitral ring	تضيق فوق الصمام التاجي
HP:0011573	Hypoplastic tricuspid valve	صمام ثلاثي ناقص التكوين
HP:0011574	Imperforate atrioventricular valve	صمام غير مفتوح
HP:0011595	Left aortic arch with retroesophageal right subclavian artery	شكل غير طبيعي للشريان الأورطي
HP:0011596	Left aortic arch with right descending aorta and right ductus arteriosus	شكل غير طبيعي للشريان الأورطي
HP:0011597	Right aortic arch with left descending aorta and left ductus arteriosus	شكل غير طبيعي للشريان الأورطي
HP:0011598	Right aortic arch with retroesophageal left subclavian artery	شكل غير طبيعي للشريان الأورطي
HP:0011599	Mesocardia	موقع غير طبيعي للقلب
HP:0011600	Abnormal direction of ventricular apex	اتجاه غير طبيعي للقلب
HP:0011601	Rightward direction of ventricular apex	اتجاه غير طبيعي للقلب
HP:0011602	Midline direction of ventricular apex	اتجاه غير طبيعي للقلب
HP:0011603	Congenital malformation of the great arteries	تشوه في الشرايين الرئيسية
HP:0011604	Aortopulmonary window	توصيل غير طبيعي بين الأورطى والشريان الرئوي
HP:0011575	Imperforate tricuspid valve	الصمام الثلاثي الشرفات المسدود
HP:0011576	Intermediate atrioventricular canal defect	عيب في القلب مع فتحة أذينية وبطينية
HP:0011577	Partial atrioventricular canal defect	عيب جزئي في الحاجز الأذيني البطيني
HP:0011578	Transitional atrioventricular canal defect	عيب انتقالي في القلب الأذيني البطيني
HP:0011579	Unbalanced atrioventricular canal defect	خلل في موازنة القناة الأذينية البطينية
HP:0011580	Short chordae tendineae of the mitral valve	أوتار قصيرة لصمام القلب
HP:0011581	Double outlet left ventricle	خلل خلقي في تطور القلب
HP:0011582	Abdominal ectopia cordis	القلب خارج الصدر في البطن
HP:0011583	Cervical ectopia cordis	القلب في المنطقة العنقية
HP:0011584	Thoracocervical ectopia cordis	القلب في الرقبة والصدر
HP:0011585	Thoracic ectopia cordis	خروج القلب من الصدر
HP:0011586	Thoracoabdominal ectopia cordis	خروج القلب إلى الصدر والبطن
HP:0011587	Abnormal branching pattern of the aortic arch	اختلاف في تفرع الأبهر
HP:0011588	Cervical aortic arch	امتداد الأبهر إلى الرقبة
HP:0011589	Common origin of the right brachiocephalic artery and left common carotid artery	أصل مشترك للأبهر والشرايين
HP:0011590	Double aortic arch	ازدواج قوس الأبهر
HP:0011591	Left aortic arch with cervical origin of the right subclavian artery	وجود الشريان من الرقبة
HP:0011592	Left aortic arch with isolated subclavian artery	شريان معزول
HP:0011593	Left aortic arch with retroesophageal diverticulum of Kommerell	جيب كومييريل خلف المريء
HP:0011594	Right aortic arch with retroesophageal diverticulum of Kommerell	جيب كومييريل في الدماغ الأيمن
HP:0011608	Type II truncus arteriosus	تشوه في الشريان الخارج من القلب
HP:0011609	Type III truncus arteriosus	تشوه في الشريان الخارج من القلب
HP:0011610	Type IV truncus arteriosus	تشوه في الشريان الخارج من القلب
HP:0011611	Interrupted aortic arch	انسداد قوس الشريان الأبهري
HP:0011612	Interrupted aortic arch type A	انسداد قوس الشريان الأبهري عند مستوى البرزخ
HP:0011613	Interrupted aortic arch type B	انسداد قوس الشريان الأبهري بين الشرايين السباتية وتحت الترقوة
HP:0011614	Interrupted aortic arch type C	انسداد قوس الشريان الأبهري بين الأنامي والسباتي الأيسر
HP:0011615	Abnormal pulmonary situs morphology	تشوه في ترتيب الرئتين
HP:0011616	Pulmonary situs inversus	ترتيب معكوس للرئتين
HP:0011617	Pulmonary situs ambiguus	تشابه غير طبيعي في ترتيب الرئتين
HP:0011628	Congenital defect of the pericardium	خلل ولادي في غلاف القلب
HP:0011629	Total absence of the pericardium	عدم وجود غلاف القلب بشكل كامل
HP:0011630	Complete diaphragmatic absence of pericardium	عدم وجود التامور على الحجاب الحاجز
HP:0011631	Complete right sided absence of pericardium	عدم وجود التامور على الجانب الأيمن
HP:0011632	Partial right sided absence of pericardium	جزء من غلاف القلب غير موجود على الجانب الأيمن
HP:0011633	Complete left sided absence of pericardium	عدم وجود غلاف القلب على الجانب الأيسر
HP:0011634	Partial left sided absence of pericardium	جزء من غلاف القلب غير موجود على الجانب الأيسر
HP:0011635	Partial diaphragmatic absence of pericardium	جزء من التامور غير موجود على الحجاب الحاجز
HP:0011636	Abnormal coronary artery origin	نشوء غير طبيعي لشرايين القلب
HP:0011637	Anomalous origin of coronary artery from the pulmonary artery	نشوء غير طبيعي لشريان القلب من الشريان الرئوي
HP:0011618	Pulmonary situs ambiguus with bilateral morphologic right lungs	تشوه وضع الرئتين
HP:0011619	Pulmonary situs ambiguus with bilateral morphologic left lungs	تشوه وضع الرئتين
HP:0011620	Abnormality of abdominal situs	خلل في ترتيب الأعضاء داخل البطن
HP:0011621	Gerbode ventricular septal defect	ثقب بين البطين والأذين
HP:0011622	Inlet ventricular septal defect	ثقب في الحاجز بالقرب من الصمامات القلبية
HP:0011623	Muscular ventricular septal defect	ثقب في الحاجز في منطقة العضلة
HP:0011624	Apical muscular ventricular septal defect	ثقب في الحاجز عند قمة القلب
HP:0011625	Multiple muscular ventricular septal defects	عدة ثقوب صغيرة في الحاجز القلبي
HP:0011626	Scimitar anomaly	خلل في عودة الأوردة الرئوية
HP:0011627	Aorto-ventricular tunnel	قناة بين الشريان الأورطي والبطين
HP:0011638	Anomalous origin of left coronary artery from the pulmonary artery	نشوء غير طبيعي للشريان التاجي من الشريان الرئوي
HP:0011639	Anomalous origin of right coronary artery from the pulmonary artery	نشوء غير طبيعي للشريان التاجي الأيمن
HP:0011640	Single coronary artery origin	وجود شريان تاجي واحد فقط
HP:0011641	Coronary artery fistula	اتصال شاذ بين الشريان التاجي وغرفة قلب
HP:0011642	Abnormal coronary sinus morphology	شكل غير طبيعي لجيب التاج
HP:0011643	Coronary sinus atrial septal defect	خلل في حاجز الأذين قرب جيب التاج
HP:0011644	Coronary sinus diverticulum	جيبة في جيب التاج
HP:0011645	Dilatation of the sinus of Valsalva	انتفاخ في الجيب العصابي للأبهر
HP:0011646	Juxtaductal coarctation of the aorta	تضيق في الأبهر قرب القناة الشريانية
HP:0011647	Postductal coarctation of the aorta	تضيق في الأبهر بعد القناة الشريانية
HP:0011648	Patent ductus arteriosus after birth at term	فتح الشريان بعد الولادة
HP:0011649	Patent ductus arteriosus after premature birth	فتح الشريان بعد الولادة المبكرة
HP:0011650	Bilateral ductus arteriosus	وجود قناتين شريانيتيين
HP:0011651	Double outlet right ventricle with doubly committed ventricular septal defect and pulmonary stenosis	خروج مزدوج للشريان الأيمن والضيق الرئوي
HP:0020099	Severe norovirus infection	عدوى شديدة بفيروس معدي معوي
HP:0020100	Unusual fungal infection	عدوى فطريات غير عادية
HP:0020101	Invasive fungal infection	عدوى فطرية متوغلة
HP:0020102	Pneumocystis jirovecii pneumonia	عدوى فطرية في الرئة
HP:0020103	Invasive pulmonary aspergillosis	عدوى فطرية في الرئة
HP:0020104	Unusual protozoan infection	عدوى طفيليات غير عادية
HP:0020125	Spontaneous conjunctival filtering bleb	انتفاخ غير طبيعي في ملتحمة العين
HP:0020126	Prostate mass	ورم في البروستاتا
HP:0020127	Periarticular soft-tissue mass	ورم حول المفصل
HP:0020128	Aplasia of the olfactory tract	عدم وجود المسار الشمي
HP:0020129	Abnormal urine protein level	مستوى غير طبيعي لبروتين البول
HP:0020130	Increased urinary neutrophil gelatinase-associated lipocalin	زيادة بروتين معين في البول
HP:0020131	Abnormal tubular basement membrane morphology	تشوه في الأنابيب الكلوية
HP:0020132	Thickening of the tubular basement membrane	سماكة زائدة في الأنابيب الكلوية
HP:0020133	Podocyte hypertrophy	زيادة حجم الخلايا الكلوية
HP:0020134	Increased urine neutrophil count	زيادة الخلايا البيضاء في البول
HP:0020115	Abnormal CD8+ T cell subset proportion	خلل في خلايا المناعة CD8+
HP:0020116	Subcutaneous abscess	تجمع صديد تحت الجلد
HP:0020117	Hypoplastic dermoepidermal hemidesmosomes	نقص في الجزئيات الرابطة في الجلد
HP:0020118	Radial artery aplasia	غياب الشريان الكعبري عند الولادة
HP:0020119	Abnormal retinal nerve fiber layer morphology	خلل في بنية الشبكية
HP:0020120	Retinal nerve fiber edema	تورم الألياف العصبية في العين
HP:0020121	Conception by assisted reproductive technology	الإخصاب الصناعي
HP:0020122	Bite cells	خلايا الدم بشكل غير طبيعي
HP:0020123	Tympanosclerosis	تصلب في طبلة الأذن
HP:0020124	Echopraxia	تكرار حركات الآخرين
HP:0020105	Severe toxoplasmosis	عدوى خطيرة بالطفيل المقوس
HP:0020106	Severe giardiasis	عدوى شديدة بالجيارديا
HP:0020107	Unusual helminthic infection	عدوى دودية غير معتادة
HP:0020108	Unusual parasitic infection	عدوى طفيلية غير عادية
HP:0020109	Glomerular basement membrane duplication	تضاعف الغشاء في الكلية
HP:0020110	Bone fracture	كسر في العظم
HP:0020111	Abnormal regulatory T cell proportion	عدم توازن خلايا المناعة التنظيمية
HP:0020112	Increased regulatory T cell proportion	زيادة في خلايا المناعة التنظيمية
HP:0020113	Decreased regulatory T cell proportion	نقص في خلايا المناعة التنظيمية
HP:0020114	Persistent human papillomavirus infection	عدوى مزمنة بفيروس الورم الحليمي
HP:0020135	Myofibromatosis	كتلة جلدية
HP:0020136	Anticardiolipin IgG antibody positivity	مضادات الكاردوليبين
HP:0020137	Anticardiolipin IgM antibody positivity	مضادات الكاردوليبين
HP:0020138	History of recent animal bite	عضة حيوان
HP:0020139	History of recent insect bite	عضة حشرة
HP:0020140	History of recent tick bite	عضة قراد
HP:0020141	Blood pressure substantially higher in legs than arms	فرق ضغط الدم بين الساقين والذراعين
HP:0020142	Blood pressure substantially higher in arms than legs	فرق ضغط الدم بين الذراعين والساقين
HP:0020143	Tracheal duplication cyst	كيس في الرغامى
HP:0020144	Calcium phosphate crystalluria	بلورات في البول
HP:0020145	Calcium oxalate crystalluria	أوكسالات الكالسيوم في البول
HP:0020146	Calcium carbonate crystalluria	كربونات الكالسيوم في البول
HP:0020147	2-Methylbutyryl glycinuria	مركب عضوي غير طبيعي في البول
HP:0020148	Increased circulating mead acid level	حمض الميد المرتفع في الدم
HP:0020149	Elevated circulating succinate	سكسينات مرتفعة في الدم
HP:0020150	Elevated urinary uromodulin level	بروتين تام هورفول مرتفع في البول
HP:0020151	Anti-dsDNA antibody positivity	أجسام مضادة مزدوجة للحمض النووي
HP:0020152	Distal joint hypermobility	مفاصل مرنة
HP:0020153	Positive blood 1,3 beta glucan test	اختبار فطري إيجابي
HP:0020154	Nevus comedonicus	وحمة زؤانية
HP:0020155	Abnormal oocyte morphology	تشوه البويضة
HP:0020156	Abnormal zona pellucida morphology	تشوه المنطقة الشفافة
HP:0020157	Thin zona pellucida	منطقة شفافة رقيقة
HP:0020158	Increased circulating adrenic acid concentration	زيادة حمض الأدريليك في الدم
HP:0020159	Reduced response to gonadotropin-releasing hormone stimulation test	استجابة منخفضة لاختبار هرمون الغونادوتروبين
HP:0020160	GM1-ganglioside accumulation	تراكم GM1
HP:0020161	Branch retinal artery occlusion	انسداد جزء من الشريان الشبكي
HP:0020162	Abnormal neoplastic cell morphology	تشوه الخلايا الورمية
HP:0020163	Cilioretinal arteriolar hypoperfusion	نقص دم في الشريان الشبكي الهدبي
HP:0020164	Ophthalmic artery occlusion	انسداد الشريان العيني
HP:0020165	Branch retinal vein occlusion	انسداد وريد في العين
HP:0020166	Central retinal vein occlusion	انسداد وريد العين المركزي
HP:0020167	Hemiretinal vein occlusion	انسداد نصفي للوريد الشبكي
HP:0020168	Tumor signet ring cell	خلايا ورمية على شكل خاتم
HP:0020169	Abnormal drug response	استجابة غير معتادة للأدوية
HP:0020170	Increased blood drug concentration	زيادة دواء في الدم
HP:0010806	U-Shaped upper lip vermilion	شفاه علوية على شكل حرف U
HP:0010807	Open bite	تباعد بين الأسنان
HP:0010808	Protruding tongue	اللسان بارز
HP:0010809	Broad uvula	اللهاة الكبيرة
HP:0033515	Addictive opioid use	إدمان الأفيونات
HP:0033516	Addictive benzodiazepine use	إدمان البنزوديازيبين
HP:0033517	Addictive heroin use	إدمان الهيروين
HP:0033518	Addictive methylphenidate use	إدمان الميثيلفينيدات
HP:0033519	Addictive methamphetamine use	إدمان الميثامفيتامين
HP:0011044	Abnormal number of permanent teeth	عدد غير طبيعي من الأسنان الدائمة
HP:0011045	Agenesis of permanent maxillary central incisor	غياب السن الأمامي العلوي الدائم
HP:0011046	Agenesis of primary maxillary central incisor	غياب السن الأمامي العلوي اللبني
HP:0011047	Agenesis of primary mandibular central incisor	غياب السن الأمامي السفلي اللبني
HP:0011048	Agenesis of permanent mandibular central incisor	غياب السن الأمامي السفلي الدائم
HP:0010810	Long uvula	اللسان طويل
HP:0010811	Narrow uvula	اللسان ضيق
HP:0010812	Short uvula	اللسان قصير
HP:0010813	Abnormal number of hair whorls	عدد غير طبيعي للدوامات الشعرية
HP:0010814	Abnormal position of hair whorl	موقع غير طبيعي للدوامة الشعرية
HP:0010815	Nevus sebaceous	الوحمة الدهنية
HP:0010816	Epidermal nevus	وحمة جلدية
HP:0010817	Linear nevus sebaceous	وحمة دهنية خطية
HP:0010818	Generalized tonic seizure	نوبة صرع مع تصلب الجسم
HP:0010819	Atonic seizure	فقدان مفاجئ للتوتر العضلي
HP:0010820	Focal emotional seizure with crying	نوبة بكاء
HP:0010821	Focal emotional seizure with laughing	نوبة ضحك
HP:0033487	Glomerular basement membranes powdery deposit	رواسب بودرية في الكلى
HP:0033488	Glomerular endocapillary leukocyte hypercellularity	زيادة خلايا الدم البيضاء في الكلى
HP:0033489	Glomerular endocapillary neutrophil hypercellularity	زيادة الخلايا المتعادلة في الكلى
HP:0033490	Glomerular endocapillary foam-cell hypercellularity	خلايا رغوية زائدة في الكلى
HP:0033491	Global mesangial sclerosis	تصلب كبيبي عام
HP:0033492	Podocyte cytoskeletal condensation	تغير في الخلايا البودوسيتية
HP:0033493	Mesangial matrix expansion	توسع المسراق في الكلى
HP:0033494	Glomerular basement membrane amyloid spicule	زائدة نشوانية في الكلى
HP:0033495	Segmental glomerulosclerosis	تصلب جزئي في الكلى
HP:0033496	Perihilar segmental glomerulosclerosis	تصلب جزئي في الكلى قرب الوعاء
HP:0033497	Tip variant segmental glomerulosclerosis	تصلب جزئي في الكلى عند الطرف
HP:0033498	Segmental glomerulosclerosis away from the vascular and tubular poles	تصلب جزئي في الكلى بعيد عن الأقطاب
HP:0033499	Glomerular basement membrane electron dense deposits	ترسبات مكثفة في الغشاء القاعدي الكبيبي
HP:0033500	Subendothelial glomerular basement membrane electron dense deposits	ترسبات تحت البطانة في الغشاء الكبيبي
HP:0033501	Subepithelial glomerular basement membrane electron dense deposits	ترسبات تحت الطلائية في الغشاء القاعدي الكبيبي
HP:0033502	Abnormal esterified to free carnitine ratio	اختلاف في نسبة الكارنيتين
HP:0033503	Elevated CSF fumarate concentration	زيادة فومارات في السائل الشوكي
HP:0033504	Elevated circulating fumarate concentration	زيادة فومارات في الدم
HP:0033505	Livedo reticularis	ظهور لون أزرق مشبك على الجلد
HP:0033506	Increased esterified to free carnitine ratio	زيادة نسبة الكارنيتين المركب إلى الحر
HP:0033507	Decreased esterified to free carnitine ratio	نقص نسبة الكارنيتين المركب إلى الحر
HP:0033508	EBV meningitis	التهاب السحايا بسبب فيروس إبشتاين بار
HP:0033509	EBV encephalitis	التهاب الدماغ بفيروس إبشتاين بار
HP:0033510	Cutaneous horn	نتوء جلدي صلب
HP:0033511	Addictive substance use	استخدام المواد المخدرة
HP:0033512	Addictive stimulant use	استخدام منشطات بشكل إدماني
HP:0033513	Addictive cocaine use	استخدام الكوكايين بشكل إدماني
HP:0033514	Addictive amphetamine use	استخدام الأمفيتامينات بشكل إدماني
HP:0011049	Agenesis of primary maxillary lateral incisor	غياب سن القاطع العلوي الأولي
HP:0011050	Agenesis of permanent maxillary lateral incisor	غياب سن القاطع العلوي الدائم
HP:0011051	Agenesis of premolar	غياب الطاحونة الأمامية
HP:0011052	Agenesis of maxillary premolar	غياب الطاحونة الأمامية العلوية
HP:0011053	Agenesis of mandibular premolar	غياب الطاحونة الأمامية السفلية
HP:0011054	Agenesis of molar	غياب الطاحنة
HP:0011055	Agenesis of permanent molar	غياب الطاحنة الدائمة
HP:0033714	Multiple meningiomas	أورام سحائية متعددة
HP:0033715	Hippocampal sclerosis	تصلب في منطقة الحُصين
HP:0033716	EEG with frontal epileptiform discharges	نشاطات صرعية في مقدمة الدماغ
HP:0033747	Abnormal exteroceptive sensation	إحساس جلدي غير طبيعي
HP:0033748	Hypoesthesia	خدر
HP:0033749	Abnormal functional residual capacity	تغير في حجم الهواء المتبقي في الرئتين
HP:0033750	Reduced functional residual capacity	انخفاض حجم الهواء المتبقي في الرئتين
HP:0033751	Elevated functional residual capacity	زيادة حجم الهواء في الرئتين بعد الزفير
HP:0033752	Abnormal residual volume	تغير في الهواء المتبقي بالرئتين بعد الزفير الكامل
HP:0033753	Reduced residual volume	انخفاض كمية الهواء المتبقي في الرئتين
HP:0033754	Abnormal left ventricular end-diastolic volume	تغير في حجم الدم في البطين الأيسر
HP:0033755	Increased left ventricular end-diastolic volume	زيادة الدم في البطين الأيسر قبل الانقباض
HP:0033756	Decreased left ventricular end-diastolic volume	انخفاض الدم في البطين الأيسر قبل الانقباض
HP:0033717	EEG with temporal epileptiform discharges	تسجيل في الدماغ يظهر نشاط صرعي في منطقة الصدغ
HP:0033718	EEG with central epileptiform discharges	تسجيل في الدماغ يظهر نشاط صرعي في المنطقة المركزية
HP:0033719	EEG with parietal epileptiform discharges	تسجيل في الدماغ يظهر نشاط صرعي في منطقة الجدار
HP:0033720	EEG with occipital epileptiform discharges	تسجيل في الدماغ يظهر نشاط صرعي في منطقة القذال
HP:0033721	EEG with centrotemporal epileptiform discharges	تسجيل في الدماغ يظهر نشاط صرعي في منطقة الوسط الصدغي
HP:0033722	Autonomic epileptic aura	تحذير صرعي مرتبط بالأعصاب الذاتية
HP:0033723	Abnormal cerebral venous sinus morphology	شذوذ في أوردة الدماغ
HP:0033724	Cerebral venous sinus thrombosis	جلطة في أوردة الدماغ
HP:0033725	Thin corpus callosum	نحافة في الجسم الثفني
HP:0033726	Lupus nephritis	مرض في الكلى بسبب الذئبة
HP:0033737	Grade III vesicoureteral reflux	ارتجاع البول من المثانة إلى الكلى
HP:0033738	Primary vesicoureteral reflux	ارتجاع البول الأولي
HP:0033739	Secondary vesicoureteral reflux	ارتجاع البول الثانوي
HP:0033740	Grade V vesicoureteral reflux	ارتجاع البول الشديد
HP:0033741	Grade IV vesicoureteral reflux	ارتجاع البول المتوسط إلى الشديد
HP:0033742	Intrarenal reflux	ارتجاع البول إلى نسيج الكلى
HP:0033743	Macular agenesis	عدم تطور بقعة العين
HP:0033744	Global cerebellar dysplasia	خلل تطور المخيخ بالكامل
HP:0033745	Dysplasia of the superior cerebellar vermis	خلل تطور الجزء العلوي من المخيخ
HP:0033746	Intrascapular pain	ألم بين الكتفين
HP:0033727	Diffuse lupus nephritis	التهاب كلى ذئبي واسع الانتشار
HP:0033728	Mesangial proliferative lupus nephritis	التهاب كلى ذئبي في المسراق
HP:0033729	Minimal mesangial lupus nephritis	التهاب كلى ذئبي بسيط
HP:0033730	Membranous lupus nephritis	التهاب كلى ذئبي غشائي
HP:0033731	Focal lupus nephritis	التهاب كلى ذئبي بؤري
HP:0033732	Advanced sclerotic lupus nephritis	تليف كلي في الكلى بسبب الذئبة
HP:0033733	Low-grade vesicoureteral reflux	الارتجاع المثاني الحالبي الخفيف
HP:0033734	High-grade vesicoureteral reflux	الارتجاع المثاني الحالبي الشديد
HP:0033735	Grade I vesicoureteral reflux	الارتجاع المثاني الحالبي البسيط
HP:0033736	Grade II vesicoureteral reflux	الارتجاع المثاني الحالبي غير الشديد
HP:0033757	Pancreatic steatosis	دهون في البنكرياس
HP:0033758	Labial abscess	خراج في الشفاه
HP:0033759	Impaired renal tubular reabsorption of magnesium	مشاكل في امتصاص المغنيسيوم في الكلى
HP:0033760	Decreased maximal oxygen uptake	انخفاض استهلاك الأكسجين أثناء التمرين
HP:0033761	Xanthogranulomatous pyelonephritis	التهاب في الكلى
HP:0033762	Middle cerebral artery stroke	سكتة دماغية
HP:0033763	Death in adulthood	الموت في سن البلوغ
HP:0033764	Death in middle age	الموت في منتصف العمر
HP:0033765	Death in late adulthood	الموت في أواخر العمر
HP:0033766	Polymelia	وجود أطراف إضافية
HP:0033777	Supernumerary cusp	حدبة إضافية
HP:0033778	Leung cusp	حدبة إضافية
HP:0033779	Barrel-shaped tooth	السن البرميلي
HP:0033780	Bulbous tooth	السن المنتفخ
HP:0033781	Tapered tooth	السن المدبب
HP:0033782	Semilunar tooth	السن الهلالي
HP:0033783	Molar incisor malformation	تشوه الطواحين والقواطع
HP:0033784	Dentin dysplasia	خلل في العاج
HP:0033785	Enamel agenesis	غياب المينا
HP:0033786	Hypomature enamel	تغير لون المينا
HP:0033787	Cementum hypoplasia	قلة الملاط
HP:0033788	Cementum overgrowth	زيادة الملاط
HP:0033789	Triggered by cheese ingestion	تفاقم بسبب الجبن
HP:0033790	Thistle tube shaped pulp	توسع غير طبيعي لللب
HP:0033791	Tooth ankylosis	التحام السن بالعظم
HP:0033792	Cross bite	اضطراب تراكب الأسنان
HP:0020171	Decreased blood drug concentration	ضعف الدواء في الدم
HP:0020172	Adverse drug response	رد فعل سيء للدواء
HP:0020173	Reduced drug efficacy	ضعف تأثير الدواء
HP:0020174	Refractory drug response	مقاومة الدواء
HP:0033767	Abnormal single motor unit action potential	مشكلة في استجابة العضلات العصبية
HP:0033768	Penile thrush	عدوى فطرية في القضيب
HP:0033769	Fundic gland polyposis	تعدد زوائد غدد المعدة
HP:0033770	Gastric adenocarcinoma	سرطان المعدة
HP:0033771	Pleuritic chest pain	ألم شديد في الصدر مع التنفس
HP:0033772	Abnormal RV/TLC ratio	خلل في سعة الرئة
HP:0033773	Decreased RV/TLC ratio	انخفاض نسبة الهواء المتبقي في الرئة
HP:0033774	Impaired renal tubular reabsorption of uric acid	ضعف في امتصاص الكلى للحامض البولي
HP:0033775	Pulmonary imaging sign	صورة أشعة غير طبيعية للرئة
HP:0033776	Enamel pearls	عقد صغيرة من المينا على جذر السن
HP:0020175	Reduced circulating cholinesterase activity	مستوى كولينستيراز منخفض
HP:0020176	Cholesterol crystalluria	كريستالات الكوليسترول في البول
HP:0020177	Abnormal proportion of CD8-positive TEMRA T cells	نسبة غير طبيعية للخلايا التائية CD8
HP:0020178	Abnormal dendritic cell count	عدد غير طبيعي للخلايا الشجرية
HP:0020179	Abnormal circulating haptoglobin concentration	مستوى هابتوجلوبين غير طبيعي
HP:0020180	Elevated haptoglobin level	مستوى مرتفع للهابتوجلوبين
HP:0020181	Reduced haptoglobin level	مستوى منخفض للهابتوجلوبين
HP:0020182	Abnormal circulating A-type atrial natriuretic peptide concentration	مستوى غير طبيعي للببتيد الأذيني
HP:0020183	Increased circulating A-type natriuretic peptide concentration	مستوى مرتفع للببتيد الأذيني
HP:0020184	Decreased circulating A-type natriuretic peptide concentration	مستوى منخفض للببتيد الأذيني
HP:0020195	IgG heavy chain paraproteinemia	زيادة بروتينات IgG في الدم
HP:0020196	IgM heavy chain paraproteinemia	زيادة بروتينات IgM في الدم
HP:0020197	Increased circulating arachidonic acid concentration	زيادة حمض الأراكيدونيك في الدم
HP:0020198	Abnormal circulating 18-hydroxycorticosterone level	تغيير في مستوى 18-هيدروكسي كورتيكوستيرون في الدم
HP:0020199	Decreased circulating 18-hydroxycortisone level	انخفاض 18-هيدروكسي كورتيزون في الدم
HP:0020200	Increased circulating 18-hydroxycortisone level	زيادة 18-هيدروكسي كورتيزون في الدم
HP:0020201	Abnormal sarcomere morphology	تغيير في بنية الساركومير
HP:0020202	Abnormal Z disk morphology	تغيير في بنية قرص Z
HP:0020203	Z-band streaming	تشويه شريط Z
HP:0020204	Tubulointerstitial bacterial infiltration	وجود بكتيريا في الأنسجة الكلوية
HP:0020185	Superior cerebellar dysplasia	خلل في نمو الجزء العلوي من المخيخ
HP:0020186	Multilobulated spleen	طحال ذو فصوص متعددة
HP:0020187	Thick pachygyria	زيادة في سماكة قشرة المخ
HP:0020188	Anterior predominant pachygyria with 5-10 mm cortical thickness	زيادة سماكة القشرة الأمامية
HP:0020189	Posterior predominant thick cortex pachygyria	زيادة سماكة القشرة الخلفية
HP:0020190	Perisylvian predominant thick cortex pachygyria	زيادة سماكة القشرة حول السلفيان
HP:0020191	Anterior predominant thick cortex pachygyria	زيادة سماكة القشرة الأمامية
HP:0020192	Pachygyria with 5-10 mm cortical thickness	زيادة طفيفة في سماكة القشرة
HP:0020193	Prolonged reptilase time	زيادة في وقت تفاعل الريبتيلاز
HP:0020194	IgA heavy chain paraproteinemia	وجود بروتينات غير طبيعية في الدم
HP:0033951	Cortical radial artery intraluminal organized thrombi	جلطات داخل شرايين الكلى
HP:0033952	Abnormal cortical radial artery endothelium morphology	تشوه في بطانة شرايين الكلى
HP:0033953	Cortical radial artery endotheliosis	تضخم بطانة شرايين الكلى
HP:0033954	Cortical radial artery hypercellularity	زيادة في خلايا بطانة شرايين الكلى
HP:0033955	Cortical radial artery leukocyte hypercellularity	زيادة الخلايا البيضاء في شرايين الكلى
HP:0033956	Cortical radial artery lymphocyte hypercellularity	زيادة الخلايا اللمفاوية في شرايين الكلى
HP:0033957	Cortical radial artery neutrophil hypercellularity	زيادة الخلايا المعتدلة في شرايين الكلى
HP:0033958	Cortical radial artery foam cell hypercellularity	زيادة خلايا الرغوة في شرايين الكلى
HP:0033959	Cortical radial artery intima/media arteriosclerosis	تصلب في شرايين الكلى
HP:0033960	Cortical radial artery intimal mucoid edema	تراكم سائل يشبه المخاط في شرايين الكلى
HP:0033941	Granulomatous arteriolitis of the arteriolar intima/media	التهاب حبيبي في الشرايين الصغيرة للكلية
HP:0033942	Arcuate vein medial/intimal necrosis	موت خلايا في الأوردة القوسية للكلية
HP:0033943	Arcuate vein medial/intimal coagulative necrosis	نخر تخثري في أوردة الكلية القوسية
HP:0033944	Arcuate vein medial/intimal liquefactive necrosis	نخر تسيّلي في أوردة الكلية القوسية
HP:0033945	Arcuate intimal/medial granulomatous venulitis	التهاب حبيبي في أوردة الكلية
HP:0033946	Arcuate vein intima/media crystal accumulation	تراكم البلورات في أوردة الكلية القوسية
HP:0033947	Renal arteriole intima/media crystal accumulation	تراكم البلورات في شرايين الكلية
HP:0033948	Arcuate artery intima/media arteriitis	التهاب في شرايين الكلية القوسية
HP:0033949	Arcuate artery intima/media granulomatous arteriitis	التهاب حبيبي في شرايين الكلية القوسية
HP:0033950	Cortical radial artery intraluminal thrombi	جلطات في شرايين الكلى
HP:0025222	Triggered by sleep deprivation	محفز بقلة النوم
HP:0025223	Triggered by smoking	محفز بالتدخين
HP:0025224	Triggered by sodium ingestion	محفز بتناول الملح
HP:0025225	Triggered by sound	محفز بالصوت
HP:0025226	Triggered by stress	محفز بالتوتر
HP:0025227	Triggered by excitement	محفز بالتحمس
HP:0025228	Triggered by sudden movement	محفز بحركة مفاجئة
HP:0025229	Triggered by vestibular stimulation	محفز بالحركات المفاجئة
HP:0025230	Tendonitis	التهاب الأوتار
HP:0025231	Abnormal synovial bursa morphology	تشوه الجراب الزليلي
HP:0033961	Cortical radial artery intima/media multilamellation	طبقات كثيرة في الشريان الكلوي
HP:0033962	Cortical radial artery medial/intimal granulomatous arteriitis	التهاب في شريان الكلية
HP:0033963	Abnormal interlobular vein intima/media morphology	تشوه في وريد الكلى
HP:0033964	Interlobular intima/media venosclerosis	تصلب في وريد الكلى
HP:0033965	Interlobular vein intimal mucoid edema	وذمة في وريد الكلى
HP:0033966	Interlobular vein intima/media amyloidosis	نشواني في وريد الكلى
HP:0033967	Interlobular vein intima/media venulitis	التهاب في وريد الكلى
HP:0033968	Interlobular vein intima/media granulomatous venulitis	التهاب حبيبي في وريد الكلى
HP:0033969	Interlobular vein intima/media necrosis	نخر في وريد الكلى
HP:0033970	Interlobular vein intima/media liquefactive necrosis	نخر تسيلي في وريد الكلى
HP:0025264	Stiff ankle	الكاحل المتصلب
HP:0025265	Stiff toe	إصبع القدم المتصلب
HP:0025267	Snoring	الشخير
HP:0025268	Stuttering	التلعثم
HP:0025269	Panic attack	نوبة هلع
HP:0025270	Abnormal esophagus physiology	مشاكل في المريء
HP:0025271	Esophageal spasms	تشنجات المريء
HP:0025272	Melasma	تصبغات جلدية
HP:0025273	Achilles tendonitis	التهاب وتر العرقوب
HP:0025274	Ovarian dermoid cyst	كيس مبيض
HP:0025232	Bursitis	التهاب الأكياس الزلالية
HP:0025233	Sleep paralysis	العجز عن الحركة أثناء النوم
HP:0025234	Parasomnia	اضطراب مرتبط بالنوم
HP:0025235	NREM parasomnia	اضطراب نوم بدون حركة العين السريعة
HP:0025236	Sleep walking	المشي أثناء النوم
HP:0025238	Foot pain	وجع القدم
HP:0025240	Preretinal hemorrhage	نزيف أمام الشبكية
HP:0025241	Flame-shaped retinal hemorrhage	نزيف الشبكية بشكل اللهب
HP:0025242	Dot-and-blot retinal hemorrhage	نزيف نقطي في الشبكية
HP:0025243	Subretinal hemorrhage	نزيف أسفل الشبكية
HP:0025254	Ameliorated by	يصبح أفضل بسبب
HP:0025255	Ameliorated by pregnancy	الأعراض تتحسن أثناء الحمل
HP:0025256	Ameliorated by heat	الأعراض تتحسن بالحرارة
HP:0025257	Ameliorated by carbohydrate ingestion	الأعراض تتحسن عند تناول السكر
HP:0025258	Stiff neck	صلابة الرقبة
HP:0025259	Stiff elbow	صلابة الكوع
HP:0025260	Stiff wrist	صلابة المعصم
HP:0025261	Stiff finger	صلابة الإصبع
HP:0025262	Stiff hip	صلابة الورك
HP:0025263	Stiff knee	صلابة الركبة
HP:0025244	Sub-retinal pigment epithelium haemorrhage	نزف تحت الشبكية
HP:0025245	Cutaneous cyst	كيس جلدي
HP:0025246	Trichilemmal cyst	كيس الشعر
HP:0025247	Dermoid cyst	كيس جلدي
HP:0025248	Eruptive vellus hair cyst	كيس زغبي صغير
HP:0025249	Comedo	رؤوس سوداء
HP:0025250	Closed comedo	رؤوس بيضاء
HP:0025251	Open comedo	رؤوس سوداء
HP:0025252	Geographic tongue	لسان جغرافي
HP:0025253	Claustrophobia	خوف من الأماكن الضيقة
HP:0025275	Lateral	جانب الجسم
HP:0025276	Abnormality of skin adnexa physiology	مشاكل في وظائف ملحقات الجلد
HP:0025277	Gustatory sweating	تعرق الطعام
HP:0025278	Cold-induced sweating	تعرق بسبب البرد
HP:0025279	Migratory	متنقل
HP:0025280	Pain characteristic	نوع الألم
HP:0025281	Sharp	ألم حاد
HP:0025282	Dull	ألم مستمر ضعيف
HP:0025283	Tender	ألم باللمس
HP:0025284	Sleep-interrupting	ألم يوقظ من النوم
HP:0000012	Urinary urgency	حاجة مُلحَّة للتبول
HP:0000013	Hypoplasia of the uterus	رحم صغير غير مكتمل النمو
HP:0000014	Abnormality of the bladder	شذوذ في المثانة
HP:0000015	Bladder diverticulum	كيس في جدار المثانة
HP:0000016	Urinary retention	عدم القدرة على التبول الكامل
HP:0000017	Nocturia	زيادة التبول ليلاً
HP:0000019	Urinary hesitancy	صعوبة في بدء التبول
HP:0000020	Urinary incontinence	فقدان السيطرة على المثانة
HP:0000021	Megacystis	اتساع المثانة بعد الولادة
HP:0000022	Abnormal male internal genitalia morphology	تشوه في الأعضاء التناسلية الداخلية للرجل
HP:0025285	Aggravated by	يزداد سوءًا بسبب
HP:0025286	Aggravated by activity	يزداد سوءًا مع النشاط
HP:0025287	Axial	مركزي
HP:0025288	Excessive sleep	نوم كثير
HP:0025289	Cervical lymphadenopathy	تضخم الغدد اللمفاوية في الرقبة
HP:0025290	Upper-body predominance	تأثير أكبر في الجزء العلوي
HP:0025291	Lower-body predominance	تأثير أكبر في الجزء السفلي
HP:0025292	Acral	في الأطراف
HP:0025293	Distributed along Blaschko lines	على طول خطوط بلاشكو
HP:0025294	Dermatomal	حسب توزيع الأعصاب
HP:0025295	Herpetiform	طفح يشبه الهربس
HP:0025296	Morbilliform	طفح يشبه الحصبة
HP:0025297	Prolonged	طويل المدة
HP:0025298	Extended nighttime sleep	نوم طويل في الليل
HP:0025299	Frequent napping	تكرار القيلولة
HP:0025300	Malar rash	طفح على الخدين
HP:0025301	Nocturnal	ليلاً
HP:0025302	Diurnal	نهاراً
HP:0025303	Episodic	بين حين وآخر
HP:0025304	Periodic	دوري
HP:0000023	Inguinal hernia	تمايل الأمعاء في الفخذ
HP:0000024	Prostatitis	التهاب البروستاتا
HP:0000025	Functional abnormality of male internal genitalia	خلل وظيفي في الأعضاء التناسلية الداخلية للذكور
HP:0000026	Male hypogonadism	ضعف وظائف الخصيتين
HP:0000027	Azoospermia	عدم وجود حيوانات منوية
HP:0000028	Cryptorchidism	الخصية المعلقة
HP:0000029	Testicular atrophy	تقلص الخصية
HP:0000030	Testicular gonadoblastoma	ورم في الخصية
HP:0000031	Epididymitis	التهاب البربخ
HP:0000032	Abnormal male external genitalia morphology	تشوه في الأعضاء التناسلية الخارجية
HP:0025305	Quotidian	يومي
HP:0025306	Acute emergence over minutes	ظهور مفاجئ خلال دقائق
HP:0025307	Acute emergence over hours	ظهور مفاجئ خلال ساعات
HP:0025308	Acute emergence over days	ظهور مفاجئ خلال أيام
HP:0025309	Abnormal pupil shape	بؤبؤ غير منتظم
HP:0025310	Oval pupil	بؤبؤ البيضة
HP:0025311	Anterior chamber cyst	كيسة في العين
HP:0025312	Esophoria	عيون مائلة للداخل
HP:0025313	Exophoria	عيون مائلة للخارج
HP:0011652	Double outlet right ventricle with doubly committed ventricular septal defect without pulmonary stenosis	عيب قلبي معقد دون تضيق رئوي
HP:0000033	Ambiguous genitalia, male	الأعضاء التناسلية غير الواضحة للذكر
HP:0000034	Hydrocele testis	تجمع سوائل حول الخصية
HP:0000035	Abnormal testis morphology	تشوهات في الخصية
HP:0000036	Abnormal penis morphology	تشوهات في القضيب
HP:0000037	Male pseudohermaphroditism	خنوثة كاذبة للذكر
HP:0000039	Epispadias	الإحليل العلوي
HP:0000040	Long penis	قضيب طويل
HP:0000274	Small face	وجه صغير
HP:0000275	Narrow face	وجه ضيق
HP:0000276	Long face	وجه طويل
HP:0000277	Abnormal mandible morphology	اختلاف في شكل الفك السفلي
HP:0000278	Retrognathia	الفك الرجوع
HP:0000280	Coarse facial features	وجه بملامح خشنة
HP:0000282	Facial edema	تورم الوجه
HP:0000283	Broad face	وجه واسع
HP:0000286	Epicanthus	طيات العين
HP:0000287	Increased facial adipose tissue	زيادة دهون الوجه
HP:0000288	Abnormality of the philtrum	اختلاف في شكل الفيلتروم
HP:0000289	Broad philtrum	فيلتروم واسع
HP:0000290	Abnormal forehead morphology	اختلاف في شكل الجبهة
HP:0011663	Right ventricular cardiomyopathy	ضعف البطين الأيمن
HP:0011664	Left ventricular noncompaction cardiomyopathy	تراكم غير مكتمل للبطين الأيسر
HP:0011665	Takotsubo cardiomyopathy	متلازمة القلب المنكسر
HP:0011666	Absent right superior vena cava	غياب الوريد الأجوف الأيمن
HP:0011667	Bilateral superior vena cava with bridging vein	وجود وريدان أجوفان علويان
HP:0011668	Bilateral superior vena cava with no bridging vein	وجود وريدان أجوفان علويان
HP:0011669	Left superior vena cava draining directly to the left atrium	الوريد الأيسر في الأذين الأيسر
HP:0011670	Left superior vena cava draining to coronary sinus	الوريد الأيسر في الجيب التاجي
HP:0011671	Interrupted inferior vena cava with azygous continuation	انقطاع الوريد السفلي
HP:0011672	Cardiac myxoma	ورم في القلب
HP:0011653	Double outlet right ventricle with non-committed ventricular septal defect and pulmonary stenosis	مشكلة في القلب مع ضيق الشريان الرئوي وثقب بين البطينين
HP:0011654	Double outlet right ventricle with non-committed ventricular septal defect without pulmonary stenosis	مشكلة في القلب مع ثقب بين البطينين ولا يوجد ضيق في الشريان الرئوي
HP:0011655	Double outlet right ventricle with subaortic ventricular septal defect and pulmonary stenosis	مشكلة في القلب مع ضيق الشريان الرئوي وثقب تحت الشريان الأبهري
HP:0011656	Double outlet right ventricle with subaortic ventricular septal defect without pulmonary stenosis	مشكلة في القلب مع ثقب تحت الشريان الأبهري ولا يوجد ضيق في الشريان الرئوي
HP:0011657	Double outlet right ventricle with subpulmonary ventricular septal defect and pulmonary stenosis	مشكلة في القلب مع ضيق الشريان الرئوي وثقب تحت الشريان الرئوي
HP:0011658	Double outlet right ventricle with subpulmonary ventricular septal defect without pulmonary stenosis	مشكلة في القلب مع ثقب تحت الشريان الرئوي ولا يوجد ضيق في الشريان الرئوي
HP:0011659	Tetralogy of Fallot with absent pulmonary valve	مشاكل القلب مع غياب صمام الرئة
HP:0011660	Anomalous origin of one pulmonary artery from ascending aorta	المشكلة مع نشوء غير طبيعي للشريان الرئوي
HP:0011661	Anomalous origin of left pulmonary artery from ascending aorta	الشريان الرئوي الأيسر غير طبيعي
HP:0011662	Tricuspid atresia	انسداد الصمام ثلاثي الشرفات
HP:0000291	Abnormality of facial adipose tissue	خلل في دهون الوجه
HP:0000292	Loss of facial adipose tissue	نقص دهون الوجه
HP:0000293	Full cheeks	الخدان الممتلئان
HP:0000294	Low anterior hairline	خط الشعر الأمامي المنخفض
HP:0000295	Doll-like facies	وجه شبيه بالدمية
HP:0000297	Facial hypotonia	ضعف عضلات الوجه
HP:0000298	Mask-like facies	وجه بلا تعبير
HP:0000300	Oval face	وجه بيضاوي
HP:0000301	Abnormality of facial musculature	مشكلة في عضلات الوجه
HP:0000303	Mandibular prognathia	كبر حجم الفك السفلي
HP:0011673	Cardiac hemangioma	تورم أوعية في القلب
HP:0011674	Cardiac teratoma	ورم معقد في القلب
HP:0011675	Arrhythmia	عدم انتظام ضربات القلب
HP:0011676	Tetralogy of Fallot with absent subarterial conus	رباعية فالو مع غياب جزء من القلب
HP:0011677	Tetralogy of Fallot with atrioventricular canal defect	رباعية فالو مع عيب في صمامات القلب
HP:0011678	Tetralogy of Fallot with pulmonary atresia and major aortopulmonary collateral arteries	رباعية فالو متقدمة مع انسداد رئوي
HP:0011679	Tetralogy of Fallot with pulmonary stenosis	رباعية فالو مع ضيق الشريان الرئوي
HP:0011680	Single ventricle of indeterminate morphology	بطين مفرد غير معروف النوع
HP:0011681	Subarterial ventricular septal defect	ثقب بين البطينين تحت الشرايين
HP:0011682	Perimembranous ventricular septal defect	ثقب بين البطينين عند الغشاء
HP:0000003	Multicystic kidney dysplasia	كلى متعددة الأكياس
HP:0000006	Autosomal dominant inheritance	وراثة جينية من الوالدين
HP:0000007	Autosomal recessive inheritance	وراثة من كلا الوالدين
HP:0000010	Recurrent urinary tract infections	التهابات متكررة في المسالك البولية
HP:0000011	Neurogenic bladder	فقدان التحكم في المثانة بسبب تلف الأعصاب
HP:0001460	Aplasia/Hypoplasia involving the skeletal musculature	غياب أو عدم تطور في العضلات الهيكلية
HP:0001466	Contiguous gene syndrome	متلازمة الجينات المتجاورة
HP:0001470	Sex-limited expression	تعبير جيني يظهر في جنس واحد فقط
HP:0001473	Metatarsal osteolysis	تحلل في عظام القدم
HP:0001476	Delayed closure of the anterior fontanelle	تأخر انغلاق المنطقة الرخوة في الجمجمة
HP:0001480	Freckling	نمش
HP:0001482	Subcutaneous nodule	كتلة تحت الجلد
HP:0001488	Bilateral ptosis	تدلي كلا الجفنين العلويين
HP:0001824	Weight loss	فقدان الوزن
HP:0001829	Foot polydactyly	تكرار العظام في أصابع القدم
HP:0001402	Hepatocellular carcinoma	سرطان الكبد
HP:0001403	Macrovesicular hepatic steatosis	تراكم الدهون الكبيرة في الكبد
HP:0001404	Hepatocellular necrosis	موت خلايا الكبد
HP:0001405	Periportal fibrosis	تليف في الكبد
HP:0001406	Intrahepatic cholestasis	توقف إفراز الصفراء داخل الكبد
HP:0001407	Hepatic cysts	أكياس في الكبد
HP:0001408	Bile duct proliferation	زيادة نمو القنوات الصفراوية
HP:0001409	Portal hypertension	ارتفاع ضغط الدم في الوريد البابي
HP:0001410	Decreased liver function	ضعف الكبد
HP:0001414	Microvesicular hepatic steatosis	تراكم دهون صغيرة في الكبد
HP:0001842	Foot acroosteolysis	تآكل عظم القدم
HP:0001845	Overlapping toe	تراكب أصابع القدم
HP:0001847	Long hallux	طول إصبع القدم الكبير
HP:0001848	Calcaneovalgus deformity	تشوه القدم إلى الأعلى والخارج
HP:0001849	Foot oligodactyly	نقص أصابع القدم
HP:0001852	Sandal gap	فراغ بين الإصبع الأول والثاني
HP:0001853	Bifid distal phalanx of toe	عظام الأصابع الخارجية المتشققة
HP:0001854	Podagra	النقرس في إصبع القدم الكبير
HP:0001863	Toe clinodactyly	اعوجاج إصبع القدم
HP:0001864	Clinodactyly of the 5th toe	انحناء الإصبع الصغير للقدم
HP:0001830	Postaxial foot polydactyly	أصبع زائد قرب أصبع القدم الصغير
HP:0001831	Short toe	إصبع قصير
HP:0001832	Abnormal metatarsal morphology	تشوه في عظام مشط القدم
HP:0001833	Long foot	قدم طويلة
HP:0001836	Camptodactyly of toe	تقلص انثناء في أصابع القدم
HP:0001837	Broad toe	إصبع عريض
HP:0001838	Rocker bottom foot	قدم ذات قاعدة متأرجحة
HP:0001839	Split foot	تشوه قدم يشبه المخلب
HP:0001840	Metatarsus adductus	نصف القدم الأمامي ينحني للداخل
HP:0001841	Preaxial foot polydactyly	تعدد في أصابع القدم الكبرى
HP:0001417	X-linked inheritance	وراثة مرتبطة بكروموسوم X
HP:0001419	X-linked recessive inheritance	وراثة متنحية مرتبطة بالكروموسوم X
HP:0001423	X-linked dominant inheritance	وراثة سائدة مرتبطة بالكروموسوم X
HP:0001426	Non-Mendelian inheritance	وراثة عائلية غير نمطية
HP:0001427	Mitochondrial inheritance	وراثة ميتوكوندريا
HP:0001433	Hepatosplenomegaly	تضخم الكبد والطحال
HP:0001438	Abnormal abdomen morphology	تشوه في شكل البطن
HP:0001440	Metatarsal synostosis	التحام عظام القدم الطويلة
HP:0001442	Typified by somatic mosaicism	موساكية جسدية
HP:0001459	1-3 toe syndactyly	التحام الأصابع من 1 إلى 3
HP:0001869	Deep plantar creases	تجاعيد عميقة في باطن القدم
HP:0001870	Acroosteolysis of distal phalanges (feet)	تآكل عظام أصابع القدم
HP:0001871	Abnormality of blood and blood-forming tissues	خلل في الدم والأنسجة المكونة له
HP:0001872	Abnormality of thrombocytes	مشاكل في صفائح الدم
HP:0001873	Thrombocytopenia	نقص في عدد الصفائح الدموية
HP:0001875	Decreased total neutrophil count	انخفاض في عدد العدلات في الدم
HP:0001876	Pancytopenia	انخفاض في جميع خلايا الدم
HP:0001878	Hemolytic anemia	تكسير خلايا الدم الحمراء
HP:0001880	Increased total eosinophil count	زيادة عدد خلايا الدم الحمضية
HP:0001882	Decreased total leukocyte count	نقص في عدد كريات الدم البيضاء
HP:0001897	Normocytic anemia	فقر الدم بخلايا طبيعية الحجم
HP:0001901	Polycythemia	زيادة خلايا الدم الحمراء
HP:0001902	Giant platelets	صفائح دموية كبيرة الحجم
HP:0001903	Anemia	انخفاض خلايا الدم الحمراء أو الهيموجلوبين
HP:0001907	Thromboembolism	جلطة دموية في وعاء دموي
HP:0001909	Leukemia	سرطان الدم
HP:0001913	Decreased total granulocyte count	قلة المحببات
HP:0001915	Aplastic anemia	فقر الدم بسبب توقف نخاع العظم
HP:0001919	Acute kidney injury	فشل الكلى الحاد
HP:0001920	Renal artery stenosis	ضيق شريان الكلية
HP:0001922	Vacuolated lymphocytes	الخلايا اللمفاوية ذات الفجوات
HP:0001923	Reticulocytosis	زيادة في عدد الخلايا الحمراء غير الناضجة
HP:0001927	Acanthocytosis	الخلايا الشوكية
HP:0001104	Macular hypoplasia	نقص تكوين البقعة الصفراء
HP:0001105	Retinal atrophy	تلف الشبكية
HP:0001106	Periorbital hyperpigmentation	هالات سوداء حول العين
HP:0001107	Ocular albinism	غياب الصبغة في العين
HP:0001115	Posterior polar cataract	إعتام عدسة وراء القطبية
HP:0001116	Macular pseudocoloboma	فجوة في منطقة البقعة
HP:0001119	Keratoglobus	ترقق وتقوس القرنية
HP:0001883	Talipes	تشوه القدم
HP:0001884	Talipes calcaneovalgus	تشوه القدم البِنغَالي
HP:0001888	Decreased total lymphocyte count	عدد منخفض من الخلايا الليمفية
HP:0001889	Megaloblastic anemia	أنيميا الأرومات الضخمة
HP:0001890	Autoimmune hemolytic anemia	أنيميا الانحلال المناعي الذاتي
HP:0001891	Iron deficiency anemia	أنيميا نقص الحديد
HP:0001892	Abnormal bleeding	ميل للنزيف
HP:0001894	Thrombocytosis	زيادة عدد الصفائح
HP:0001895	Normochromic anemia	أنيميا سوية الكريات
HP:0001896	Reticulocytopenia	انخفاض عدد الخلايا الشبكية
HP:0001123	Visual field defect	فقدان جزئي للمجال البصري
HP:0001126	Cryptophthalmos	غياب الجفون
HP:0001131	Corneal dystrophy	أمراض وراثية في القرنية
HP:0001132	Lens subluxation	انزلاق جزئي للعدسة
HP:0001133	Constriction of peripheral visual field	تضييق الرؤية الطرفية
HP:0001134	Anterior polar cataract	إعتام عدسة أمامي
HP:0001135	Chorioretinal dystrophy	أمراض وراثية في المشيمة والشبكية
HP:0001137	Alternating esotropia	تحرك العين إلى الداخل بالتناوب
HP:0001138	Optic neuropathy	ضرر في العصب البصري
HP:0002104	Apnea	انقطاع النفس
HP:0002159	Heparan sulfate excretion in urine	زيادة هيباران كبريتات في البول
HP:0002160	Hyperhomocystinemia	ارتفاع هوموسيستين الدم
HP:0002161	Hyperlysinemia	ارتفاع ليسين الدم
HP:0002162	Low posterior hairline	خط الشعر المنخفض في مؤخرة الرقبة
HP:0002164	Nail dysplasia	نمو غير طبيعي للأظافر
HP:0002166	Impaired vibration sensation in the lower limbs	ضعف الإحساس بالاهتزاز في الساقين
HP:0002167	Abnormal speech pattern	صعوبة في النطق
HP:0002168	Scanning speech	النطق المتقطع
HP:0002169	Clonus	رفرفة عضلية
HP:0002170	Intracranial hemorrhage	نزيف داخل الجمجمة
HP:0002105	Hemoptysis	السعال مع خروج دم
HP:0002107	Pneumothorax	انهيار الرئة
HP:0002108	Spontaneous pneumothorax	انهيار الرئة التلقائي
HP:0002110	Bronchiectasis	تضخم دائم في الشعب الهوائية
HP:0002113	Pulmonary infiltrates	تراكمات في الرئة
HP:0002119	Ventriculomegaly	كبر حجم بطينات الدماغ
HP:0002120	Cerebral cortical atrophy	انكماش البطانية الخارجية للدماغ
HP:0002121	Generalized non-motor (absence) seizure	نوبات غياب مصحوبة بتحديق
HP:0002123	Generalized myoclonic seizure	نوبات تشنج مع حركات مفاجئة
HP:0002126	Polymicrogyria	زيادة التلافيف في الدماغ
HP:0002127	Abnormal upper motor neuron morphology	شكل غير طبيعي للخلايا العصبية
HP:0002131	Episodic ataxia	حالات توقف الحركة المتقطعة
HP:0002132	Porencephalic cyst	تجويف داخل المخ
HP:0002133	Status epilepticus	نوبات متكررة دون تعافي بينها
HP:0002134	Abnormal basal ganglia morphology	تشوه في العقد القاعدية
HP:0002135	Basal ganglia calcification	تكدس الكالسيوم في العقد القاعدية
HP:0002136	Broad-based gait	سير بعرض واسع
HP:0002138	Subarachnoid hemorrhage	نزيف بين طبقات الدماغ
HP:0002139	Arrhinencephaly	تشوه في الدماغ يؤثر على الشم
HP:0002140	Ischemic stroke	سكتة دماغية بسبب انسداد الأوعية
HP:0002141	Gait imbalance	اضطراب التوازن عند المشي
HP:0002144	Tethered cord	الحبل الشوكي مقيد
HP:0002148	Hypophosphatemia	انخفاض الفوسفات في الدم
HP:0002149	Hyperuricemia	زيادة حمض اليوريك في الدم
HP:0002150	Hypercalciuria	زيادة الكالسيوم في البول
HP:0002151	Increased circulating lactate concentration	زيادة مستويات اللاكتات في الدم
HP:0002154	Hyperglycinemia	زيادة الجليسين في الدم
HP:0002155	Hypertriglyceridemia	زيادة ثلاثي الجليسريدات في الدم
HP:0002156	Homocystinuria	ارتفاع الهوموسيستين في البول
HP:0002157	Azotemia	ارتفاع المواد النيتروجينية في الدم
HP:0002186	Apraxia	اضطراب في الحركات المكتسبة
HP:0002187	Profound intellectual disability	ذكاء أقل من 20
HP:0002188	Delayed CNS myelination	تأخر في تطور الجهاز العصبي
HP:0002190	Choroid plexus cyst	كيسة في الدماغ
HP:0002191	Progressive spasticity	تصلب العضلات المزمن
HP:0002194	Delayed gross motor development	تأخر في اكتساب المهارات الحركية
HP:0002195	Dysgenesis of the cerebellar vermis	تطور غير طبيعي لدودة المخيخ
HP:0002196	Myelopathy	مشاكل الحبل الشوكي
HP:0002197	Generalized-onset seizure	نوبة صرع شاملة
HP:0002198	Dilated fourth ventricle	تضخم البطين الدماغي
HP:0002212	Curly hair	الشعر المجعد
HP:0002213	Fine hair	الشعر الرقيق
HP:0002215	Sparse axillary hair	قلة شعر الإبط
HP:0002216	Premature graying of hair	الشيب المبكر
HP:0002217	Slow-growing hair	الشعر بطيء النمو
HP:0002218	Silver-gray hair	الشعر الفضي
HP:0002219	Facial hypertrichosis	زيادة نمو شعر الوجه
HP:0002220	Melanin pigment aggregation in hair shafts	تجمع صبغ الميلانين في الشعر
HP:0002221	Absent axillary hair	عدم وجود شعر في الإبط
HP:0002223	Absent eyebrow	عدم وجود الحاجب
HP:0002171	Gliosis	زيادة خلايا دعم الدماغ
HP:0002172	Postural instability	عدم القدرة على الاتزان
HP:0002173	Hypoglycemic seizures	تشنجات نقص السكر في الدم
HP:0002174	Postural tremor	رعشة أثناء وضع ثابت
HP:0002176	Spinal cord compression	ضغط على الحبل الشوكي
HP:0002179	Opisthotonus	انحناء الظهر بشدة
HP:0002180	Neurodegeneration	فقدان الخلايا العصبية تدريجيًا
HP:0002181	Cerebral edema	انتفاخ الدماغ
HP:0002183	Phonophobia	حساسية لأصوات عالية
HP:0002185	Neurofibrillary tangles	تكدس بروتيني في الدماغ
HP:0002199	Hypocalcemic seizures	نوبات نقص الكالسيوم
HP:0002200	Pseudobulbar signs	أعراض تؤثر على النطق والمضغ
HP:0002202	Pleural effusion	تجمع السوائل حول الرئتين
HP:0002203	Respiratory paralysis	عدم القدرة على التنفس
HP:0002205	Recurrent respiratory infections	التهابات تنفسية متكررة
HP:0002206	Pulmonary fibrosis	تندب في الرئتين
HP:0002207	Diffuse reticular or finely nodular infiltrations	ارتشاحات في الرئة
HP:0002208	Coarse hair	شعر خشن
HP:0002209	Sparse scalp hair	قلة الشعر على الرأس
HP:0002211	White forelock	خط أبيض في الشعر فوق الجبهة
HP:0002240	Hepatomegaly	تضخم الكبد
HP:0002242	Abnormal intestine morphology	تشوه الأمعاء
HP:0002243	Protein-losing enteropathy	فقدان بروتين من الأمعاء
HP:0002244	Abnormal small intestine morphology	تشوه الأمعاء الدقيقة
HP:0002245	Meckel diverticulum	رتج ميكل
HP:0002246	Abnormal duodenum morphology	تشوه الاثني عشر
HP:0002247	Duodenal atresia	انسداد أو تضيق في بداية الأمعاء الدقيقة
HP:0002248	Hematemesis	قيء الدم
HP:0002251	Aganglionic megacolon	تضخم القولون بدون خلايا عصبية
HP:0002253	Colonic diverticula	جيوب في القولون
HP:0002224	Woolly hair	شعر مجعد كثيف
HP:0002225	Sparse pubic hair	قلة شعر العانة
HP:0002226	White eyebrow	حاجب أبيض
HP:0002227	White eyelashes	رموش بيضاء
HP:0002230	Generalized hirsutism	نمو شعر زائد في الجسم
HP:0002231	Sparse body hair	قلة شعر الجسم
HP:0002232	Patchy alopecia	صلع بقعي
HP:0002236	Frontal upsweep of hair	انحناء مقدمة الشعر لأعلى
HP:0002239	Gastrointestinal hemorrhage	نزيف الجهاز الهضمي
HP:0002286	Fair hair	شعر فاتح اللون
HP:0002287	Progressive alopecia	تساقط الشعر بشكل تدريجي
HP:0002289	Alopecia universalis	فقدان الشعر الكامل
HP:0002292	Frontal balding	صلع الجهة الأمامية
HP:0002293	Alopecia of scalp	الصلع في فروة الرأس
HP:0002296	Progressive hypotrichosis	نقص نمو الشعر تدريجيًا
HP:0002297	Red hair	شعر أحمر
HP:0002298	Absent hair	الشعر غير موجود
HP:0002299	Brittle hair	الشعر الهش
HP:0002300	Mutism	عدم القدرة على الكلام
HP:0002254	Intermittent diarrhea	الإسهال المتفرق
HP:0002257	Chronic rhinitis	التهاب الأنف المستمر
HP:0002266	Focal clonic seizure	التشنجات البؤرية
HP:0002267	Exaggerated startle response	استجابة الفزع المبالغ فيها
HP:0002268	Paroxysmal dystonia	تشنج مؤقت
HP:0002269	Abnormality of neuronal migration	مشاكل في هجرة الخلايا العصبية
HP:0002273	Tetraparesis	ضعف في كامل الأطراف
HP:0002280	Enlarged cisterna magna	كبر الخزانة الكبيرة
HP:0002282	Gray matter heterotopia	تناثرات المادة الرمادية
HP:0002283	Global brain atrophy	ضمور شامل في الدماغ
HP:0002301	Hemiplegia	شلل في أحد جانبي الجسم
HP:0002304	Akinesia	عدم القدرة على بدء الحركة
HP:0002305	Athetosis	حركات لولبية لا إرادية
HP:0002307	Drooling	سيلان اللعاب
HP:0002308	Chiari malformation	انزياح اللوزتين المخيخيتين
HP:0002311	Incoordination	صعوبة في التنسيق
HP:0002312	Clumsiness	تعثر أو إسقاط الأشياء
HP:0002313	Spastic paraparesis	ضعف جزئي وتشنج في الساقين
HP:0002314	Degeneration of the lateral corticospinal tracts	تآكل في الأنسجة العصبية
HP:0002315	Headache	صداع
HP:0002354	Memory impairment	مشاكل في الذاكرة
HP:0002356	Writer's cramp	تشنج اليد عند الكتابة
HP:0002359	Frequent falls	كثرة السقوط
HP:0002360	Sleep disturbance	صعوبة في النوم
HP:0002361	Psychomotor deterioration	تدهور القدرة العقلية والبدنية
HP:0002362	Shuffling gait	سحب الأرجل أثناء المشي
HP:0002363	Abnormal brainstem morphology	شكل غير طبيعي لجذع الدماغ
HP:0002365	Hypoplasia of the brainstem	جذع الدماغ غير مكتمل النمو
HP:0002366	Abnormal lower motor neuron morphology	تشوه العصب الحركي السفلي
HP:0002367	Visual hallucination	رؤية أشياء غير موجودة
HP:0002334	Abnormal cerebellar vermis morphology	شذوذ في شكل دودة المخيخ
HP:0002335	Agenesis of cerebellar vermis	غياب خلقي لدودة المخيخ
HP:0002341	Cervical cord compression	انضغاط الحبل الشوكي في الرقبة
HP:0002342	Moderate intellectual disability	إعاقة ذهنية متوسطة
HP:0002343	Normal pressure hydrocephalus	استسقاء الرأس بضغط طبيعي
HP:0002344	Progressive neurologic deterioration	تدهور في الأعراض العصبية
HP:0002345	Action tremor	رعاش عند الحركة
HP:0002350	Cerebellar cyst	كيسة في المخيخ
HP:0002352	Leukoencephalopathy	ضرر في المادة البيضاء في المخ
HP:0002353	EEG abnormality	تخطيط دماغ غير طبيعي
HP:0002317	Unsteady gait	مشية غير مستقرة
HP:0002318	Cervical myelopathy	اضطراب الحبل الشوكي في العنق
HP:0002321	Vertigo	شعور بالدوار
HP:0002322	Resting tremor	رعشة أثناء الراحة
HP:0002323	Anencephaly	تشوه في الدماغ
HP:0002324	Hydranencephaly	خلل في نمو الدماغ
HP:0002326	Transient ischemic attack	جلطة صغيرة
HP:0002329	Drowsiness	ميل للنوم
HP:0002332	Lack of peer relationships	عدم تكوين صداقات
HP:0002333	Motor deterioration	فقدان الحركة تدريجياً
HP:0002421	Poor head control	صعوبة في السيطرة على الرأس
HP:0002425	Anarthria	فقدان القدرة على الكلام الواضح
HP:0002427	Expressive aphasia	فقدان النطق التعبيري
HP:0002435	Meningocele	انتفاخ السحايا
HP:0002436	Occipital meningocele	انتفاخ السحايا في منطقة القذالي
HP:0002444	Hypothalamic hamartoma	ورم في منطقة تحت المهاد
HP:0002445	Tetraplegia	شلل جميع الأطراف
HP:0002448	Progressive encephalopathy	مرض الدماغ التقدمي
HP:0002451	Limb dystonia	توتر العضلات في الأطراف
HP:0002453	Abnormal globus pallidus morphology	شذوذ في شكل الجسم المخطط
HP:0002371	Loss of speech	فقدان القدرة على الكلام
HP:0002372	Normal interictal EEG	تخطيط الدماغ الطبيعي بين النوبات
HP:0002373	Febrile seizure (within the age range of 3 months to 6 years)	تشنجات بسبب الحمى عند الأطفال
HP:0002375	Hypokinesia	نقص الحركة في العضلات
HP:0002376	Developmental regression	فقدان المهارات المكتسبة عند الأطفال
HP:0002378	Hand tremor	ارتعاش اليد
HP:0002380	Fasciculations	ارتعاش العضلات
HP:0002381	Aphasia	فقدان القدرة على الكلام والكتابة والقراءة
HP:0002384	Focal impaired awareness seizure	نوبة تسبب فقدان أو اضطراب في الوعي
HP:0002385	Paraparesis	ضعف جزئي في الأرجل
HP:0002457	Abnormal head movements	حركات غير طبيعية للرأس
HP:0002460	Distal muscle weakness	ضعف العضلات في الأطراف
HP:0002463	Language impairment	صعوبة في الكلام أو الفهم
HP:0002465	Poor speech	صعوبة في التحدث
HP:0002470	Nonprogressive cerebellar ataxia	مشاكل في التوازن والحركة غير تزداد سوءاً
HP:0002472	Small cerebral cortex	صغر حجم قشرة الدماغ
HP:0002474	Expressive language delay	تأخر في التواصل
HP:0002475	Myelomeningocele	تقوس في العمود الفقري مع بروز
HP:0002476	Primitive reflex	منعكسات بدائية
HP:0002478	Progressive spastic quadriplegia	شلل حاد في الأطراف الأربعة
HP:0002540	Inability to walk	عدم المشي
HP:0002542	Olivopontocerebellar atrophy	ضمور في المخيخ والجسر والنوى الزيتونية
HP:0002545	Patchy demyelination of subcortical white matter	فقدان الميالين في الجهاز العصبي المركزي
HP:0002546	Incomprehensible speech	كلام غير مفهوم
HP:0002548	Parkinsonism with favorable response to dopaminergic medication	تحسن في الباركنسونيزم مع الأدوية
HP:0002550	Absent facial hair	عدم وجود شعر في الوجه
HP:0002553	Highly arched eyebrow	حاجب مرتفع
HP:0002557	Hypoplastic nipples	حلمات صغيرة
HP:0002558	Supernumerary nipple	حلمة زائدة
HP:0002561	Absent nipple	عدم وجود حلمات
HP:0002505	Loss of ambulation	فقدان القدرة على المشي
HP:0002506	Diffuse cerebral atrophy	ضمور دماغي
HP:0002507	Semilobar holoprosencephaly	التئام الدماغ
HP:0002508	Brainstem dysplasia	تشوه جذع الدماغ
HP:0002509	Limb hypertonia	زيادة التوتر العضلي في الأطراف
HP:0002510	Spastic tetraplegia	شلل تشنجي رباعي
HP:0002512	Brain stem compression	ضغط على جذع الدماغ
HP:0002514	Cerebral calcification	ترسبات كالسيوم في الدماغ
HP:0002515	Waddling gait	مشية متمايلة
HP:0002516	Increased intracranial pressure	زيادة الضغط داخل الجمجمة
HP:0002518	Abnormal periventricular white matter morphology	مشاكل في المادة البيضاء المحيطة بالبطين
HP:0002521	Hypsarrhythmia	نشاط غير طبيعي في الدماغ
HP:0002522	Areflexia of lower limbs	عدم وجود ردود فعل في الأرجل
HP:0002524	Cataplexy	ضعف مفاجئ في العضلات
HP:0002527	Falls	السقوط
HP:0002529	Neuronal loss in central nervous system	فقدان خلايا الدماغ
HP:0002533	Abnormal posturing	حركات غير طبيعية للأطراف
HP:0002536	Abnormal cortical gyration	تشكيلات غير طبيعية للدماغ
HP:0002538	Abnormal cerebral cortex morphology	تشوه في سطح الدماغ
HP:0002539	Cortical dysplasia	نمو غير طبيعي في الدماغ
HP:0002480	Hepatic encephalopathy	خلل في الدماغ مع فشل الكبد
HP:0002483	Bulbar signs	أعراض تتعلق بالجذع الدماغي
HP:0002486	Myotonia	تشنج عضلي
HP:0002487	Hyperkinetic movements	حركات زائدة
HP:0002490	Increased CSF lactate	زيادة اللاكتات في السائل النخاعي
HP:0002493	Upper motor neuron dysfunction	خلل في حركة العضلات
HP:0002495	Impaired vibratory sensation	ضعف الإحساس بالاهتزاز
HP:0002497	Spastic ataxia	مشية غير ثابتة مع تشنج
HP:0002500	Abnormal cerebral white matter morphology	مشاكل في المادة البيضاء في الدماغ
HP:0002503	Spinocerebellar tract degeneration	تدهور الأعصاب المتعلقة بالتوازن والحركة
HP:0002562	Low-set nipples	انخفاض موضع الحلمتين
HP:0002566	Intestinal malrotation	التفاف الأمعاء
HP:0002570	Steatorrhea	دهون في البراز
HP:0002571	Achalasia	تعذر ارتخاء المريء
HP:0002572	Episodic vomiting	قيء متكرر
HP:0002573	Hematochezia	نزيف شرجي
HP:0002574	Episodic abdominal pain	ألم بطني متقطع
HP:0002575	Tracheoesophageal fistula	وصلة غير طبيعية بين القصبة الهوائية والمريء
HP:0002576	Intussusception	انغلاف الأمعاء
HP:0002578	Gastroparesis	تأخر تفريغ المعدة
HP:0002592	Gastric ulcer	قرحة المعدة
HP:0002593	Intestinal lymphangiectasia	توسع الأوعية اللمفية في الأمعاء
HP:0002594	Pancreatic hypoplasia	البنكرياس غير المتطور
HP:0002595	Ileus	انسداد الأمعاء الحاد
HP:0002599	Head titubation	اهتزاز الرأس
HP:0002600	Hyporeflexia of lower limbs	ضعف ردود الفعل في الأرجل
HP:0002605	Hepatic necrosis	موت خلايا الكبد
HP:0002607	Bowel incontinence	فقدان السيطرة على الأمعاء
HP:0002608	Celiac disease	مرض السيلياك
HP:0002611	Cholestatic liver disease	مرض الكبد الركودي
HP:0002579	Gastrointestinal dysmotility	خلل حركة الأمعاء
HP:0002580	Volvulus	التواء في الأمعاء
HP:0002582	Atrophic gastritis	التهاب المعدة الضموري
HP:0002583	Colitis	التهاب القولون
HP:0002584	Intestinal bleeding	نزيف الأمعاء
HP:0002587	Projectile vomiting	القيء القذفي
HP:0002588	Duodenal ulcer	قرحة الاثناعشري
HP:0002589	Gastrointestinal atresia	رتق في الأمعاء
HP:0002590	Paralytic ileus	شلل الأمعاء
HP:0002591	Polyphagia	الشراهة في الأكل
HP:0002612	Congenital hepatic fibrosis	تليف الكبد منذ الولادة
HP:0002614	Hepatic periportal necrosis	موت خلايا الكبد حول الأوعية
HP:0002615	Hypotension	ضغط دم منخفض
HP:0002616	Aortic root aneurysm	انتفاخ في جذر الشريان الأورطي
HP:0002617	Vascular dilatation	انتفاخ في الوعاء الدموي
HP:0002619	Varicose veins	أوردة منتفخة
HP:0002621	Atherosclerosis	تراكم الترسبات في الشرايين
HP:0002623	Overriding aorta	وضع غير طبيعي للأبهر
HP:0002627	Right aortic arch with mirror image branching	القوس الأبهرية اليمنى مع تفرع خاص
HP:0002630	Fat malabsorption	عدم امتصاص الدهون بشكل صحيح
HP:0002780	Bronchomalacia	ضعف في جدران القصبات الهوائية
HP:0002781	Upper airway obstruction	انسداد في المسالك الهوائية العلوية
HP:0002783	Recurrent lower respiratory tract infections	التهابات صدرية متكررة
HP:0002786	Tracheobronchomalacia	ضعف في الرغامى
HP:0002787	Tracheal calcification	وجود ترسبات كلسية في الرغامى
HP:0002788	Recurrent upper respiratory tract infections	نزلات برد متكررة
HP:0002789	Tachypnea	تنفس سريع
HP:0002790	Neonatal breathing dysregulation	خلل في تنفس المواليد
HP:0002791	Hypoventilation	تنفس بطيء
HP:0002793	Abnormal pattern of respiration	نمط تنفس غير طبيعي
HP:0002754	Osteomyelitis	عدوى العظم
HP:0002756	Pathologic fracture	الكسر التلقائي
HP:0002757	Recurrent fractures	الكسور المتكررة
HP:0002758	Osteoarthritis	مرض المفاصل التنكسي
HP:0002761	Generalized joint hypermobility	فرط مرونة المفاصل
HP:0002762	Multiple exostoses	نموات عظمية
HP:0002764	Stippled chondral calcification	تكلس الغضروف المنقط
HP:0002766	Relatively short spine	عمود فقري قصير نسبياً
HP:0002777	Tracheal stenosis	ضيق في القصبة الهوائية
HP:0002779	Tracheomalacia	الرغامي المرنة
HP:0002795	Abnormal respiratory system physiology	مشكلة في التنفس
HP:0002797	Osteolysis	انهيار العظم
HP:0002803	Congenital contracture	تقلص خلقي
HP:0002804	Arthrogryposis multiplex congenita	تصلب المفاصل الخلقي
HP:0002805	Accelerated bone age after puberty	تقدم عمر العظام بعد البلوغ
HP:0002808	Kyphosis	الظهر المنحني
HP:0002810	Dumbbell-shaped metaphyses	عرض العظم الطويل على شكل دمبل
HP:0002812	Coxa vara	كوكس فارا
HP:0002813	Abnormal limb bone morphology	خلل في شكل عظام الذراع أو الساق
HP:0002815	Abnormality of the knee	خلل في الركبة
HP:0002816	Genu recurvatum	انثناء الركبة للخلف
HP:0002821	Neuropathic arthropathy	مرض المفاصل العصبي
HP:0002822	Hyperplasia of the femoral trochanters	تضخم عظام الفخذ
HP:0002825	Caudal appendage	ذيل بشري
HP:0002826	Halberd-shaped pelvis	تشوه عظمة الحوض
HP:0002827	Hip dislocation	خلع مفصل الورك
HP:0002828	Multiple joint contractures	تيبس المفاصل
HP:0002829	Arthralgia	ألم المفاصل
HP:0002831	Long coccyx	عجز طويل
HP:0002832	Calcific stippling	نقاط تكلس
HP:0002634	Arteriosclerosis	تصلب جدران الشرايين
HP:0002637	Cerebral ischemia	انقطاع الأكسجين عن الدماغ
HP:0002745	Oral leukoplakia	لطخة بيضاء في الفم
HP:0002747	Respiratory insufficiency due to muscle weakness	قصور في التنفس بسبب ضعف العضلات
HP:0002748	Rickets	عظام ضعيفة ولينة
HP:0002749	Osteomalacia	ليونة العظام
HP:0002750	Delayed skeletal maturation	تأخر في تطور العظام
HP:0002751	Kyphoscoliosis	تقوس العمود الفقري
HP:0002752	Sparse bone trabeculae	قليل من الحبيبات العظمية
HP:0002753	Thin bony cortex	ترقّق العظام
HP:0002888	Ependymoma	ورم في الجهاز العصبي المركزي
HP:0002891	Uterine leiomyosarcoma	ورم خبيث في الرحم
HP:0002897	Parathyroid adenoma	ورم حميد في الغدة جار الدرقية
HP:0002900	Hypokalemia	انخفاض مستويات البوتاسيوم في الدم
HP:0002901	Hypocalcemia	انخفاض مستويات الكالسيوم في الدم
HP:0002902	Hyponatremia	انخفاض مستويات الصوديوم في الدم
HP:0002904	Hyperbilirubinemia	زيادة مستويات البيليروبين في الدم
HP:0002905	Hyperphosphatemia	زيادة مستويات الفوسفات في الدم
HP:0002907	Microscopic hematuria	كمية قليلة من الدم في البول
HP:0002908	Conjugated hyperbilirubinemia	فرط البيليروبين المباشر
HP:0002871	Central apnea	انقطاع النفس المركزي
HP:0002872	Apneic episodes precipitated by illness, fatigue, stress	انقطاع النفس بسبب المرض أو الإرهاق
HP:0002875	Exertional dyspnea	صعوبة التنفس أثناء الجهد
HP:0002876	Episodic tachypnea	تكرار التنفس السريع
HP:0002877	Nocturnal hypoventilation	ضعف التنفس أثناء النوم
HP:0002878	Respiratory failure	عجز التنفس
HP:0002879	Anisospondyly	تفاوت حجم الفقرات
HP:0002883	Hyperventilation	تنفس سريع
HP:0002884	Hepatoblastoma	ورم الكبد عند الأطفال
HP:0002885	Medulloblastoma	ورم دماغي سريع النمو
HP:0002859	Rhabdomyosarcoma	ورم في العضلات
HP:0002860	Squamous cell carcinoma	سرطان الجلد
HP:0002861	Melanoma	سرطان الجلد
HP:0002862	Bladder carcinoma	سرطان المثانة
HP:0002863	Myelodysplasia	اضطراب نخاع العظم
HP:0002865	Medullary thyroid carcinoma	سرطان الغدة الدرقية
HP:0002866	Hypoplastic iliac wing	عدم نمو جناح الحوض
HP:0002868	Narrow iliac wing	ضيق جناح الحوض
HP:0002869	Flared iliac wing	توسع جناح الحوض
HP:0002870	Obstructive sleep apnea	توقف التنفس أثناء النوم
HP:0002909	Generalized aminoaciduria	زيادة الأحماض الأمينية في البول
HP:0002910	Elevated circulating hepatic transaminase concentration	ارتفاع إنزيمات الكبد
HP:0002912	Methylmalonic acidemia	زيادة حمض ميثيل مالونيك في الدم
HP:0002913	Myoglobinuria	وجود الميوغلوبين في البول
HP:0002914	Hyperchloriduria	زيادة الكلوريد في البول
HP:0002916	Abnormality of chromosome segregation	مشكلة في فصل الكروموسومات
HP:0002917	Hypomagnesemia	نقص المغنسيوم في الدم
HP:0002919	Ketonuria	زيادة الكيتونات في البول
HP:0002920	Decreased circulating ACTH concentration	انخفاض هرمون ACTH في الدم
HP:0002922	Increased CSF protein concentration	ارتفاع بروتين السائل الشوكي
HP:0002834	Flared femoral metaphysis	اتساع نهايات العظام للفخذ
HP:0002835	Aspiration	استنشاق جسم غريب
HP:0002837	Recurrent bronchitis	التهاب الشعب الهوائية المتكرر
HP:0002839	Urinary bladder sphincter dysfunction	مشاكل في التحكم بمصرّة المثانة
HP:0002841	Recurrent fungal infections	العدوى الفطرية المتكررة
HP:0002843	Abnormal T cell morphology	تشوه خلايا T
HP:0002847	Impaired memory B cell generation	ضعف تكوين خلايا الذاكرة B
HP:0002850	Decreased circulating total IgM	انخفاض مستوى IgM
HP:0002857	Genu valgum	ركب متلاصقة
HP:0002858	Meningioma	ورم غير سرطاني في أغشية الدماغ
HP:0002684	Thickened calvaria	زيادة في سمك القحف
HP:0002688	Absent frontal sinuses	غياب الجيوب الجبهية
HP:0002689	Absent paranasal sinuses	غياب الجيوب الأنفية
HP:0002690	Large sella turcica	كبر السرج التركي
HP:0002691	Platybasia	تسطح قاع الجمجمة
HP:0002692	Hypoplastic facial bones	عظام وجه صغيرة
HP:0002694	Sclerosis of skull base	كثافة عظام قاعدة الجمجمة
HP:0002697	Parietal foramina	فتحات في العظم الجداري
HP:0002700	Large foramen magnum	فتحة ثقبة كبيرة
HP:0002705	High, narrow palate	قبة الحنك العالي والضيق
HP:0002925	Elevated circulating thyroid-stimulating hormone concentration	ارتفاع هرمون TSH في الدم
HP:0002643	Neonatal respiratory distress	صعوبة التنفس لدى حديثي الولادة
HP:0002644	Abnormal pelvic girdle bone morphology	شكل غير طبيعي لعظام الحوض
HP:0002645	Wormian bones	عظام إضافية داخل دروز الجمجمة
HP:0002647	Aortic dissection	تمزق في جدار الشريان الكبير الخارج من القلب
HP:0002650	Scoliosis	انحناء جانبي غير طبيعي للعمود الفقري
HP:0002651	Spondyloepimetaphyseal dysplasia	خلل في التكوين العظمي
HP:0002652	Skeletal dysplasia	نمو غير طبيعي للعظام
HP:0002653	Bone pain	ألم في العظام
HP:0002654	Multiple epiphyseal dysplasia	خلل في تكوين أكثر من مشاشة عظمية
HP:0002669	Osteosarcoma	سرطان خلايا العظام
HP:0002671	Basal cell carcinoma	سرطان الجلد السطحي
HP:0002672	Gastrointestinal carcinoma	سرطان الجهاز الهضمي
HP:0002673	Coxa valga	تشوه مفصل الورك
HP:0002676	Cloverleaf skull	جمجمة شكل البرسيم
HP:0002677	Small foramen magnum	ضيقة الفتحة العظمية
HP:0002678	Skull asymmetry	شكل الجمجمة غير الطبيعي
HP:0002680	J-shaped sella turcica	شكل السرج التركي مشوه
HP:0002681	Deformed sella turcica	تشوه في تجويف الغدة النخامية
HP:0002682	Broad skull	جمجمة عريضة
HP:0002655	Spondyloepiphyseal dysplasia	اضطراب نمو العظام عند الفقرات
HP:0002656	Epiphyseal dysplasia	تكون غير طبيعي لنهاية العظم
HP:0002657	Spondylometaphyseal dysplasia	اضطراب نمو العمود الفقري والعظام الطويلة
HP:0002659	Increased susceptibility to fractures	هشاشة العظام
HP:0002661	Painless fractures due to injury	كسور لا تؤلم بعد الإصابة
HP:0002663	Delayed epiphyseal ossification	تأخر نمو نهايات العظام الطويلة
HP:0002664	Neoplasm	كتلة غير طبيعية
HP:0002665	Lymphoma	سرطان الجهاز اللمفاوي
HP:0002666	Pheochromocytoma	ورم القواتم
HP:0002667	Nephroblastoma	ورم الكلى لدى الأطفال
HP:0002708	Prominent median palatal raphe	الحدبة المركزية البارزة في سقف الفم
HP:0002710	Commissural lip pit	حفرة في زوايا الفم
HP:0002714	Downturned corners of mouth	فم متدلي
HP:0002715	Abnormality of the immune system	خلل في جهاز المناعة
HP:0002716	Lymphadenopathy	تورم الغدد اللمفاوية
HP:0002718	Recurrent bacterial infections	عدوى بكتيرية متكررة
HP:0002719	Recurrent infections	التهابات متكررة
HP:0002720	Decreased circulating IgA concentration	انخفاض مستويات IgA
HP:0002721	Immunodeficiency	انخفاض وظيفة المناعة
HP:0002725	Systemic lupus erythematosus	الذئبة
HP:0002728	Chronic mucocutaneous candidiasis	عدوى فطرية مزمنة في الجلد والأغشية المخاطية
HP:0002732	Lymph node hypoplasia	صغر حجم العقد اللمفاوية
HP:0002733	Abnormal lymph node morphology	تشوه العقد اللمفاوية
HP:0002737	Thick skull base	قاعدة الجمجمة السميكة
HP:0002738	Hypoplastic frontal sinuses	صغر الجيوب الجبهية
HP:0003070	Elbow ankylosis	التصاق المرفق
HP:0003071	Flattened epiphysis	نهاية العظم المسطحة
HP:0003072	Hypercalcemia	ارتفاع الكالسيوم في الدم
HP:0003073	Hypoalbuminemia	انخفاض الألبومين في الدم
HP:0003074	Hyperglycemia	ارتفاع السكر في الدم
HP:0003107	Abnormal circulating cholesterol concentration	خلل في الكوليسترول
HP:0003108	Hyperglycinuria	ارتفاع مستوى الغليسين في البول
HP:0003109	Hyperphosphaturia	ارتفاع مستوى الفوسفات في البول
HP:0003111	Abnormal blood ion concentration	اضطرابات الكهارل
HP:0003113	Hypochloremia	انخفاض مستوى الكلوريد في الدم
HP:0003118	Increased circulating cortisol level	ارتفاع مستوى الكورتيزول
HP:0003119	Abnormal circulating lipid concentration	خلل في مستوى الدهون
HP:0003121	Limb joint contracture	تقلصات المفاصل في الأطراف
HP:0003124	Hypercholesterolemia	ارتفاع الكوليسترول
HP:0003126	Low-molecular-weight proteinuria	بيلة بروتينية صغيرة الحجم
HP:0003075	Hypoproteinemia	انخفاض مستويات البروتين في الدم
HP:0003076	Glycosuria	وجود جلوكوز في البول
HP:0003077	Hyperlipidemia	زيادة الدهون في الدم
HP:0003079	Defective DNA repair after ultraviolet radiation damage	خلل في إصلاح الحمض النووي
HP:0003080	Hydroxyprolinuria	زيادة الهيدروكسي برولين في البول
HP:0003081	Increased urinary potassium	زيادة البوتاسيوم في البول
HP:0003083	Dislocated radial head	خلع الكعبرة
HP:0003084	Recurrent long bone fractures	تكسر العظام الطويلة
HP:0003085	Long fibula	طول عظم الساق الغازي
HP:0003086	Acromesomelia	صغر اليدين والقدمين
HP:0003088	Premature osteoarthritis	التهاب المفاصل المبكر
HP:0003090	Hypoplasia of the capital femoral epiphysis	عدم نمو الجزء العلوي من عظمة الفخذ
HP:0003093	Limited hip extension	تقييد تمدد الورك
HP:0003097	Short femur	قصر عظمة الفخذ
HP:0003099	Fibular overgrowth	نمو زائد للعظم الصغير بالساق
HP:0003100	Slender long bone	عظام ساق رفيعة
HP:0003102	Increased carrying angle	زيادة زاوية الذراع
HP:0003103	Abnormal cortical bone morphology	تغير في شكل العظم القاسي
HP:0003105	Protuberances at ends of long bones	نتوءات بالغة في نهايات العظام
HP:0003106	Subperiosteal bone resorption	تآكل العظم
HP:0003127	Hypocalciuria	انخفاض مستويات الكالسيوم في البول
HP:0003128	Lactic acidosis	زيادة حمض اللاكتيك في الجسم
HP:0003130	Abnormal peripheral myelination	خلل في تغليف الأعصاب الطرفية
HP:0003131	Cystinuria	زيادة مستويات السيستين في البول
HP:0003133	Abnormal spinocerebellar tract morphology	خلل في شكل المسارات النخاعية المخيخية
HP:0003134	Abnormality of peripheral nerve conduction	خلل في توصيل العصب الطرفي
HP:0003137	Prolinuria	ارتفاع مستوى البرولين في البول
HP:0003138	Increased blood urea nitrogen	ارتفاع نيتروجين اليوريا في الدم
HP:0003139	Panhypogammaglobulinemia	نقص شامل في الغلوبولين المناعي
HP:0003140	T-wave inversion in the right precordial leads	انقلاب موجة T
HP:0003141	Increased LDL cholesterol concentration	زيادة الكوليسترول الضار
HP:0003144	Increased serum serotonin	ارتفاع السيروتونين في الدم
HP:0003145	Decreased circulating adenosylcobalamin concentration	نقص فيتامين B12 الفعّال
HP:0003146	Hypocholesterolemia	انخفاض الكوليسترول في الدم
HP:0003148	Elevated serum acid phosphatase	زيادة الفوسفاتاز الحمضي في الدم
HP:0003149	Hyperuricosuria	زيادة حمض اليوريك في البول
HP:0003150	Glutaric aciduria	زيادة حمض غلوتاريك في البول
HP:0003153	Cystathioninuria	زيادة السيستاثيونين في البول
HP:0003154	Increased circulating ACTH level	ارتفاع الكورتيكوتروبين في الدم
HP:0003155	Elevated circulating alkaline phosphatase concentration	زيادة الفوسفاتاز القلوي في الدم
HP:0003158	Hyposthenuria	انخفاض تركيز البول
HP:0003159	Hyperoxaluria	زيادة أوكسالات في البول
HP:0003160	Abnormal isoelectric focusing of serum transferrin	تركيز غير طبيعي للترانسفيرين
HP:0003161	4-Hydroxyphenylpyruvic aciduria	زيادة الحامض في البول
HP:0003162	Fasting hypoglycemia	نقص سكر الدم عند الصوم
HP:0003163	Elevated urinary delta-aminolevulinic acid	زيادة حمض في البول
HP:0002928	Decreased activity of the pyruvate dehydrogenase complex	انخفاض نشاط معقد البيروفات
HP:0002932	Aldehyde oxidase deficiency	نقص إنزيم الألدهايد
HP:0002936	Distal sensory impairment	ضعف الإحساس في الأطراف
HP:0002937	Hemivertebrae	جزء ناقص من الفقرات
HP:0002955	Granulomatosis	الالتهاب الحبيبي
HP:0002958	Immune dysregulation	اختلال في وظيفة الجهاز المناعي
HP:0002960	Autoimmunity	مرض مناعي ذاتي
HP:0002961	Dysgammaglobulinemia	نقص في بعض الغلوبولينات المناعية
HP:0002965	Cutaneous anergy	عدم استجابة الجلد للفحص التحسسي
HP:0002967	Cubitus valgus	الكوع المتجه للخارج
HP:0002970	Genu varum	تقوس الساقين للخارج
HP:0002973	Abnormal forearm morphology	خلل في الساعد
HP:0002974	Radioulnar synostosis	التحام عظام الساعد
HP:0002977	Aplasia/Hypoplasia involving the central nervous system	عدم وجود/نقص في أنسجة الجهاز العصبي المركزي
HP:0002938	Lumbar hyperlordosis	زيادة التقوس الداخلي للعمود الفقري في أسفل الظهر
HP:0002942	Thoracic kyphosis	انحناء الظهر في منطقة الصدر
HP:0002943	Thoracic scoliosis	انحناء العمود الفقري في منطقة الصدر
HP:0002944	Thoracolumbar scoliosis	انحناء العمود الفقري في منطقتي الصدر وأسفل الظهر
HP:0002945	Intervertebral space narrowing	ضيق في المسافة بين الفقرات
HP:0002946	Supernumerary vertebrae	فقرات إضافية في العمود الفقري
HP:0002947	Cervical kyphosis	تقوس العنق
HP:0002948	Vertebral fusion	التحام الفقرات
HP:0002949	Fused cervical vertebrae	التحام فقرات العنق
HP:0002953	Vertebral compression fracture	انضغاط الفقرة
HP:0002979	Bowing of the legs	تقوس الساقين
HP:0002980	Femoral bowing	تقوس عظم الفخذ
HP:0002982	Tibial bowing	تقوس الساق الأمامية
HP:0002983	Micromelia	قصر الأطراف
HP:0002984	Hypoplasia of the radius	تطور غير مكتمل لعظم الكعبرة
HP:0002986	Radial bowing	تقوس عظم الكعبرة
HP:0002987	Elbow flexion contracture	تقلص انثناء المرفق
HP:0002990	Fibular aplasia	غياب عظم الساق الصغير
HP:0002996	Limited elbow movement	حركة محدودة للمرفق
HP:0002999	Patellar dislocation	خلع غطاء الركبة
HP:0003002	Breast carcinoma	سرطان الثدي
HP:0003003	Colon cancer	سرطان القولون
HP:0003005	Ganglioneuroma	ورم عصبي عقدي حميد
HP:0003006	Neuroblastoma	سرطان الخلايا العصبية المبكرة
HP:0003010	Prolonged bleeding time	زمن نزف طويل
HP:0003011	Abnormality of the musculature	خلل في العضلات
HP:0003013	Bulging epiphyses	انتفاخ نهاية العظام
HP:0003015	Flared metaphysis	اتساع الجزء العريض من العظام الطويلة
HP:0003016	Metaphyseal widening	اتساع الجزء العريض من العظام الطويلة
HP:0003020	Enlargement of the wrists	كبر حجم المعصمين
HP:0003021	Metaphyseal cupping	تجويف في الطرف العظمي الطويل
HP:0003022	Hypoplasia of the ulna	نمو غير مكتمل لعظم الزند
HP:0003023	Bowing of limbs due to multiple fractures	تقوُّس العظام بسبب كسور كثيرة
HP:0003025	Metaphyseal irregularity	شكل غير منتظم لجزء طويل من العظم
HP:0003026	Short long bone	عظم قصير
HP:0003027	Mesomelia	قِصر غير متناسب لوسط الأطراف
HP:0003029	Enlargement of the ankles	انتفاخ الكاحلين
HP:0003031	Ulnar bowing	انحناء العظم الداخلي للساعد
HP:0003034	Diaphyseal sclerosis	زيادة الكثافة العظمية في الجِسم العظمي
HP:0003037	Enlarged joints	كبر حجم المفاصل
HP:0003038	Fibular hypoplasia	عظم الساق القصير
HP:0003040	Arthropathy	مرض المفاصل
HP:0003041	Humeroradial synostosis	التحام عظام الذراع
HP:0003042	Elbow dislocation	خلع المرفق
HP:0003043	Abnormal shoulder morphology	خلل الكتف
HP:0003044	Shoulder flexion contracture	تقلص الكتف
HP:0003048	Radial head subluxation	خلع جزئي لرأس الكعبرة
HP:0003049	Ulnar deviation of the wrist	الانحراف الزندي للمعصم
HP:0003051	Enlarged metaphyses	تضخم جزء عريض من العظم الطويل
HP:0003053	Epiphyseal deformities of tubular bones	تشوهات مشاشات العظام
HP:0003380	Decreased number of peripheral myelinated nerve fibers	نقص الألياف العصبية المحيطية
HP:0003383	Onion bulb formation	تكوين بصيلات البصل
HP:0003384	Peripheral axonal atrophy	ضمور المحور العصبي
HP:0003387	Decreased number of large peripheral myelinated nerve fibers	نقص الألياف العصبية الكبيرة
HP:0003388	Easy fatigability	التعب بسهولة
HP:0003390	Sensory axonal neuropathy	اعتلال الأعصاب الحسية
HP:0003391	Gowers sign	صعوبة الوقوف بدون استخدام اليدين
HP:0003393	Thenar muscle atrophy	ضمور عضلات راحة اليد عند الإبهام
HP:0003394	Muscle spasm	تشنج عضلي
HP:0003396	Syringomyelia	كيس مملوء بسائل في النخاع الشوكي
HP:0003065	Patellar hypoplasia	رضفة صغيرة
HP:0003066	Limited knee extension	تصعيب في فرد الركبة
HP:0003067	Madelung deformity	تشوه في المعصم
HP:0003068	Madelung-like forearm deformities	تشوهات الساعد شبيهة ماديلونغ
HP:0003365	Arthralgia of the hip	ألم في مفصل الورك
HP:0003370	Flat capital femoral epiphysis	تسطح الطرف العلوي لعظمة الفخذ
HP:0003371	Enlargement of the proximal femoral epiphysis	تضخم الطرف العلوي لعظمة الفخذ
HP:0003375	Narrow greater sciatic notch	تضيق الفتحه الوركيه الكبرى
HP:0003376	Steppage gait	مشية مرتفعة
HP:0003378	Axonal degeneration/regeneration	انتكاس وتجدد المحور العصبي
HP:0003398	Abnormal synaptic transmission at the neuromuscular junction	مشكلة في التواصل بين الأعصاب والعضلات
HP:0003401	Paresthesia	وخز
HP:0003406	Peripheral nerve compression	ضغط على الأعصاب الطرفية
HP:0003409	Distal sensory impairment of all modalities	فقدان الحس في الأطراف البعيدة
HP:0003414	Atlantoaxial dislocation	خلع جزئي للفقرة في العنق
HP:0003416	Spinal canal stenosis	ضيق القناة الشوكية
HP:0003417	Coronal cleft vertebrae	انشقاق في فقرات العمود الفقري
HP:0003418	Back pain	وجع الظهر
HP:0003419	Low back pain	ألم أسفل الظهر
HP:0003422	Vertebral segmentation defect	خلل في انفصال الفقرات
HP:0003423	Thoracolumbar kyphoscoliosis	انحناء العمود الفقري السفلي
HP:0003429	CNS hypomyelination	نقص الميالين في الدماغ
HP:0003431	Decreased motor nerve conduction velocity	بطء نقل الإشارات العصبية الحركية
HP:0003438	Absent Achilles reflex	عدم استجابة الكاحل المثنية
HP:0003745	Sporadic	بدون تاريخ عائلي سابق
HP:0003749	Pelvic girdle muscle weakness	ضعف عضلات الورك
HP:0003752	Episodic flaccid weakness	ضعف شديد مؤقت للعضلات
HP:0003756	Skeletal myopathy	مرض العضلات والهيكل
HP:0003758	Reduced subcutaneous adipose tissue	قلة الدهون تحت الجلد
HP:0003759	Hypoplasia of lymphatic vessels	الأوعية اللمفاوية غير متطورة
HP:0003785	Decreased CSF homovanillic acid concentration	انخفاض مستوى حمض في السائل الشوكي
HP:0003789	Minicore myopathy	مرض عضلي
HP:0003795	Short middle phalanx of toe	قصر العظام الوسطى في أصابع القدم
HP:0003798	Nemaline bodies	أجسام غير طبيعية في العضلات
HP:0003799	Marked delay in bone age	تأخر نمو العظم
HP:0003805	Rimmed vacuoles	فراغات غير طبيعية في العضلات
HP:0003808	Abnormal muscle tone	توتر العضلات غير طبيعي
HP:0003811	Neonatal death	وفاة المولود الجديد
HP:0003812	Phenotypic variability	اختلاف في المظهر
HP:0003819	Death in childhood	وفاة في الطفولة
HP:0004180	Short distal phalanx of the 3rd finger	قِصَر العظمة النهائية في الإصبع الوسطى
HP:0004209	Clinodactyly of the 5th finger	انحناء الإصبع الصغير
HP:0004220	Short middle phalanx of the 5th finger	قِصَر العظمة الوسطى في الإصبع الصغير
HP:0004227	Short distal phalanx of the 5th finger	قِصَر العظمة النهائية في الإصبع الصغير
HP:0004231	Carpal bone aplasia	عدم وجود عظمة في الرسغ
HP:0004232	Accessory carpal bones	عظام زائدة في الرسغ
HP:0004233	Advanced ossification of carpal bones	تسارع نضج عظام الرسغ
HP:0004236	Irregular carpal bones	عظام الرسغ غير منتظمة
HP:0003440	Horizontal sacrum	العجز الأفقي
HP:0003444	EMG: chronic denervation signs	تخطيط كهربية العضلات: علامات تعصيب مزمنة
HP:0003826	Stillbirth	ولادة جنين ميت
HP:0003828	Variable expressivity	شدة متفاوتة
HP:0003829	Typified by incomplete penetrance	انفراز غير كامل
HP:0003834	Shoulder dislocation	خلع الكتف
HP:0003865	Bowed humerus	تقوس العظم الطويل في الجزء العلوي من الذراع
HP:0003911	Flared humeral metaphysis	اتساع الجزء العريض من عظم الذراع العلوي
HP:0003974	Absent radius	غياب العظم الخارجي الكبير للساعد
HP:0003977	Deformed radius	تشوه الكعبرة
HP:0003978	Fractured radius	كسر الكعبرة
HP:0003982	Aplasia of the ulna	غياب عظم الزند
HP:0003761	Calcinosis	تراكم الكالسيوم في الأنسجة الرخوة
HP:0003763	Bruxism	طحن الأسنان
HP:0003764	Nevus	شامة
HP:0003765	Psoriasiform dermatitis	التهاب الجلد الصدفي
HP:0003768	Periodic paralysis	شلل دوري
HP:0003774	Stage 5 chronic kidney disease	فشل كلوي نهائي المرحلة
HP:0003777	Pili torti	شعر مسطح وملتوي
HP:0003779	Antegonial notching of mandible	نوتش الاستباقية للفك السفلي
HP:0003781	Excessive salivation	سيلان اللعاب
HP:0003784	Type 1 collagen overmodification	تعديل الكولاجين في العظام
HP:0003988	Long ulna	زند طويل
HP:0003992	Slender ulna	زند نحيف
HP:0003997	Hypoplastic radial head	رأس الكعبرة الصغير
HP:0004050	Absent hand	عدم وجود يد
HP:0004058	Hand monodactyly	يد بأصبع واحد
HP:0004060	Trident hand	يد على شكل شوكة
HP:0004097	Deviation of finger	وضع غير طبيعي للإصبع
HP:0004099	Macrodactyly	تضخم الإصبع
HP:0004112	Midline nasal groove	تجعد في منتصف الأنف
HP:0004122	Midline defect of the nose	شق في منتصف الأنف
HP:0003462	Elevated 8-dehydrocholesterol	ارتفاع في نوع من الكوليسترول
HP:0003463	Increased extraneuronal autofluorescent lipopigment	زيادة تراكم الصبغات خارج الخلايا العصبية
HP:0003465	Elevated 8(9)-cholestenol	ارتفاع في نوع من الكوليسترول
HP:0003467	Atlantoaxial instability	زيادة حركة الفقرات العنقية
HP:0003468	Abnormal vertebral morphology	خلل في شكل العظام الخلفية
HP:0003469	Peripheral dysmyelination	خلل في الأعصاب المحيطية
HP:0003470	Paralysis	عدم القدرة على الحركة
HP:0003472	Hypocalcemic tetany	تقلصات بسبب نقص الكالسيوم
HP:0003473	Fatigable weakness	ضعف العضلات بعد الاستخدام
HP:0003474	Somatic sensory dysfunction	خلل في الإحساس الجسمي
HP:0003445	EMG: neuropathic changes	تغيرات في تخطيط العضلات
HP:0003447	Axonal loss	فقدان الألياف العصبية
HP:0003448	Decreased sensory nerve conduction velocity	بطء انتقال الإشارات في الأعصاب
HP:0003451	Increased rate of premature chromosome condensation	زيادة سرعة تكثف الكروموسومات
HP:0003452	Increased circulating iron concentration	ارتفاع الحديد في الدم
HP:0003455	Elevated circulating long chain fatty acid concentration	زيادة الأحماض الدهنية في الدم
HP:0003456	Low urinary cyclic AMP response to PTH administration	انخفاض الاستجابة في البول للعلاج بالـPTH
HP:0003457	EMG abnormality	خلل في تخطيط العضلات
HP:0003458	EMG: myopathic abnormalities	تغيرات اعتلال العضلات
HP:0003461	Increased urinary O-linked sialopeptides	زيادة بروتينات مرتبطة بحمض السياليك في البول
HP:0003477	Peripheral axonal neuropathy	ضعف الأعصاب المحيطية
HP:0003481	Segmental peripheral demyelination/remyelination	إزالة وإعادة تركيب العزل العصبي في الأعصاب
HP:0003484	Upper limb muscle weakness	ضعف في عضلات الذراع
HP:0003487	Babinski sign	استجابة قدم غير طبيعية
HP:0003491	Elevated urine pyrophosphate	زيادة مادة في البول
HP:0003495	GM2-ganglioside accumulation	تراكم مادة في الخلايا
HP:0003496	Increased circulating IgM level	ارتفاع الأجسام المضادة IgM في الدم
HP:0003498	Disproportionate short stature	قصر القامة غير متساوي
HP:0003502	Mild short stature	قصر قامة بسيط
HP:0003508	Proportionate short stature	قصر القامة المتساوي
HP:0003510	Severe short stature	قصر القامة الشديد
HP:0003517	Birth length greater than 97th percentile	طول الولادة كبير
HP:0003521	Disproportionate short-trunk short stature	قصر الجذع غير المتناسب
HP:0003524	Decreased methionine synthase activity	نشاط الميثيونين سينثاز المنخفض
HP:0003526	Orotic acid crystalluria	تبلور حمض الأوروتيك في البول
HP:0003528	Elevated circulating calcitonin concentration	زيادة الكالسيتونين في الدم
HP:0003530	Elevated circulating glutaric acid concentration	زيادة حمض الجلوتاريك في الدم
HP:0003534	Reduced xanthine dehydrogenase level	نقص زانثين ديهيدروجينيز
HP:0003535	3-Methylglutaconic aciduria	ثلاثي ميثيل غلوتاكونيك أسيدوريا
HP:0003536	Decreased fumarate hydratase activity	نشاط فومارات هيدراتاز المنخفض
HP:0003577	Congenital onset	الأعراض موجودة عند الولادة
HP:0003581	Adult onset	الأعراض تبدأ في البلوغ
HP:0003584	Late onset	الأعراض تبدأ في سن متأخرة
HP:0003593	Infantile onset	الأعراض تبدأ في السنة الأولى من الحياة
HP:0003606	Absent urinary urothione	غياب اليروثيون في البول
HP:0003607	4-hydroxyphenylacetic aciduria	زيادة مستوى 4-هيدروكسي فينيل أسيتيك أسيد في البول
HP:0003609	Foam cells with lamellar inclusion bodies	وجود خلايا رغوية مع مكونات صفيحية
HP:0003612	Positive ferric chloride test	اختبار كلوريد الحديد الموجب
HP:0003616	Premature separation of centromeric heterochromatin	الانفصال المبكر لهيتروكروماتين السنترومير
HP:0003621	Juvenile onset	الأعراض تبدأ قبل سن 15
HP:0003538	Increased iduronate sulfatase level	زيادة إنزيم في الدم
HP:0003541	Urinary glycosaminoglycan excretion	وجود مواد كيميائية في البول
HP:0003542	Increased circulating pyruvate concentration	زيادة مادة في الدم
HP:0003546	Exercise intolerance	عدم القدرة على ممارسة الرياضة
HP:0003547	Shoulder girdle muscle weakness	ضعف عضلات الكتف
HP:0003549	Abnormality of connective tissue	مشاكل في الأنسجة الضامة
HP:0003550	Predominantly lower limb lymphedema	تورم الساقين بسبب مشاكل في الجهاز اللمفاوي
HP:0003551	Difficulty climbing stairs	صعوبة في الصعود على السلالم
HP:0003552	Muscle stiffness	تصلب وآلام في العضلات
HP:0003555	Muscle fiber splitting	انقسام الألياف في العضلات
HP:0003623	Neonatal onset	ظهور في الأسابيع الأولى من الحياة
HP:0003634	Amyoplasia	غياب العضلات منذ الولادة
HP:0003635	Loss of subcutaneous adipose tissue in limbs	فقدان الدهون تحت الجلد في الأطراف
HP:0003639	Elevated urinary epinephrine level	زيادة الأدرينالين في البول
HP:0003640	CNS foam cells	خلايا دهنية في الجهاز العصبي المركزي
HP:0003641	Hemoglobinuria	وجود دم بالبول
HP:0003642	Type I transferrin isoform profile	نوع غير طبيعي من الترانسفيرين
HP:0003643	Sulfite oxidase deficiency	نقص في إنزيم السلفيت أوكسيديز
HP:0003645	Prolonged partial thromboplastin time	زمن تخثر مطول
HP:0003646	Bicarbonaturia	زيادة البيكربونات في البول
HP:0003557	Increased variability in muscle fiber diameter	تفاوت حجم ألياف العضلات
HP:0003560	Muscular dystrophy	ضعف العضلات الوراثي
HP:0003561	Birth length less than 3rd percentile	طول الطفل صغير جداً عند الولادة
HP:0003562	Abnormal metaphyseal vascular invasion	تغيرات غير طبيعية في أوعية العظام
HP:0003564	Folate-dependent fragile site at Xq28	موقع هش في الكروموسوم X
HP:0003565	Elevated erythrocyte sedimentation rate	معدل ترسب مرتفع
HP:0003570	Molybdenum cofactor deficiency	نقص في عوامل مولبيديوم الضرورية
HP:0003571	Propionic acidemia	زيادة حمض البروبيونيك في الدم
HP:0003572	Low plasma citrulline	نقص السيترولين في الدم
HP:0003573	Increased total bilirubin	ارتفاع في مستوى البيليروبين
HP:0003676	Progressive	يزداد سوءًا مع الزمن
HP:0003677	Slowly progressive	أعراض تزداد سوءًا ببطء مع الزمن
HP:0003678	Rapidly progressive	يزداد سوءًا بسرعة
HP:0003680	Nonprogressive	لا يزداد سوءًا مع الزمن
HP:0003687	Centrally nucleated skeletal muscle fibers	ألياف عضلية غير طبيعية
HP:0003688	Cytochrome C oxidase-negative muscle fibers	خلل في نشاط العضلات
HP:0003690	Limb muscle weakness	ضعف عضلات الذراعين والساقين
HP:0003691	Scapular winging	جناح الكتف بارز
HP:0003693	Distal amyotrophy	ضعف العضلات البعيدة
HP:0003698	Difficulty standing	صعوبة الوقوف
HP:0004395	Malnutrition	نقص التغذية
HP:0004396	Poor appetite	قلة الشهية
HP:0004397	Ectopic anus	موضع فتحة الشرج غير الطبيعي
HP:0004399	Congenital pyloric atresia	عدم تكوين فتحة البواب
HP:0004401	Meconium ileus	انسداد الأمعاء بسبب العقي السميك
HP:0004404	Abnormal nipple morphology	تغير شكلي في الحلمة
HP:0004405	Prominent nipples	الحلمتين البارزتين
HP:0004406	Spontaneous, recurrent epistaxis	نزيف الأنف المتكرر
HP:0004407	Bony paranasal bossing	بروز عظمي قرب الأنف
HP:0004409	Hyposmia	ضعف حاسة الشم
HP:0004411	Deviated nasal septum	انحراف الحاجز الأنفي
HP:0004415	Pulmonary artery stenosis	ضيق الشريان الرئوي
HP:0004416	Precocious atherosclerosis	تصلب الشرايين المبكر
HP:0004417	Intermittent claudication	العرج المتقطع
HP:0004422	Biparietal narrowing	ضيق عرض الجمجمة
HP:0004423	Cranium bifidum occultum	شذوذ الجمجمة البطني الخفي
HP:0004425	Flat forehead	جبهة مسطحة
HP:0004429	Recurrent viral infections	العدوى الفيروسية المتكررة
HP:0004430	Severe combined immunodeficiency	نقص المناعة الشديد
HP:0004432	Agammaglobulinemia	نقص غاماغلوبولين الدم
HP:0003700	Generalized amyotrophy	ضعف العضلات العام
HP:0003701	Proximal muscle weakness	ضعف العضلات في الذراعين العلويين والساقين
HP:0003704	Scapuloperoneal weakness	ضعف الكتف والكاحل
HP:0003707	Calf muscle pseudohypertrophy	زيادة حجم عضلات الساق بالشكل الكاذب
HP:0004385	Protracted diarrhea	إسهال طويل الأمد
HP:0004388	Microcolon	قولون صغير
HP:0004389	Intestinal pseudo-obstruction	انسداد وهمي في الأمعاء
HP:0004390	Hamartomatous polyposis	ورم حميد في الأمعاء
HP:0004392	Prune belly	تجعد في البطن
HP:0004394	Multiple gastric polyps	نتوءات في المعدة
HP:0003647	Electron transfer flavoprotein-ubiquinone oxidoreductase defect	خلل في إنزيم الميتوكندريا
HP:0003648	Lacticaciduria	زيادة حمض اللبن في البول
HP:0003651	Foam cells	الخلايا الدهنية في الأوعية
HP:0003652	Recurrent myoglobinuria	وجود الميوغلوبين في البول بشكل متكرر
HP:0003653	Cellular metachromasia	تغير اللون الخلوي
HP:0003655	Reduced level of N-acetylglucosaminyltransferase II	انخفاض مستوى إنزيم معين بالجسم
HP:0003656	Decreased beta-glucocerebrosidase level	انخفاض إنزيم معين في الجسم
HP:0003657	Vascular granular osmiophilic material deposition	ترسبات حبيبية سوداء في الأوعية
HP:0003658	Hypomethioninemia	نقص الميثيونين في الدم
HP:0003674	Onset	عمر بداية الأعراض
HP:0004437	Cranial hyperostosis	نمو زائد في عظام الجمجمة
HP:0004438	Hyperostosis frontalis interna	زيادة سمك السطح الداخلي لعظمة الجبهة
HP:0004439	Craniofacial dysostosis	تشوهات العظام القحفية الوجهية
HP:0004440	Coronal craniosynostosis	إغلاق مبكر للدروز الإكليلية
HP:0004442	Sagittal craniosynostosis	إغلاق مبكر للمفصل الوسطي في الجمجمة
HP:0004443	Lambdoidal craniosynostosis	إغلاق مبكر للدروز اللامية
HP:0004444	Spherocytosis	خلايا دم حمراء كروية الشكل
HP:0004447	Poikilocytosis	خلايا دم حمراء غير طبيعية الشكل
HP:0004448	Fulminant hepatic failure	فشل مفاجئ في وظائف الكبد
HP:0004450	Preauricular skin furrow	ثلم جلدي أمام الأذن
HP:0004451	Postauricular skin tag	زائدة جلدية وراء الأذن
HP:0004453	Overfolding of the superior helices	زيادة الطي في الأذن العلوية
HP:0004458	Dilatated internal auditory canal	توسع القناة السمعية الداخلية
HP:0004463	Absent brainstem auditory responses	غياب الاستجابات السمعية لجذع الدماغ
HP:0004464	Postauricular pit	حفرة خلف الأذن
HP:0004467	Preauricular pit	حفرة أمام الأذن
HP:0004468	Anomalous tracheal cartilage	تشوه الغضروف الرغامي
HP:0004469	Chronic bronchitis	التهاب الشعب الهوائية المزمن
HP:0004472	Mandibular hyperostosis	زيادة سماكة عظم الفك السفلي
HP:0004474	Persistent open anterior fontanelle	استمرار بقاء اليافوخ الأمامي مفتوحًا
HP:0004897	Stress/infection-induced lactic acidosis	حماض لبني بسبب التوتر أو العدوى
HP:0004900	Severe lactic acidosis	ارتفاع شديد في الحمض اللبني
HP:0004901	Exercise-induced lactic acidemia	زيادة الحامض اللبني بعد التمارين
HP:0004904	Maturity-onset diabetes of the young	سكري الشباب
HP:0004909	Hypokalemic hypochloremic metabolic alkalosis	خلل الأملاح والحماض
HP:0004910	Bicarbonate-wasting renal tubular acidosis	خلل في الكلى وفقدان البيكربونات
HP:0004911	Episodic metabolic acidosis	حماض يحدث بين الحين والآخر
HP:0004912	Hypophosphatemic rickets	لين العظام بسبب نقص الفوسفات
HP:0004913	Intermittent lactic acidemia	حماض لبني يظهر ويختفي
HP:0004918	Hyperchloremic metabolic acidosis	الحامض الأيضي مع زيادة الكلوريد
HP:0004855	Reduced protein S activity	نقص البروتين S
HP:0004859	Amegakaryocytic thrombocytopenia	نقص صفائح الدم بسبب نقص الخلايا العملاقة
HP:0004860	Thiamine-responsive megaloblastic anemia	فقر الدم المتجاوب مع الثيامين
HP:0004871	Perineal fistula	فتحة غير طبيعية بين الأمعاء والعجان
HP:0004872	Incisional hernia	فتق في الجدار البطني بعد الجراحة
HP:0004879	Intermittent hyperventilation	تنفس سريع متقطع
HP:0004880	Respiratory infections in early life	التهابات الجهاز التنفسي المتكررة عند الأطفال
HP:0004886	Congenital laryngeal stridor	صوت صفير عند التنفس منذ الولادة
HP:0004887	Respiratory failure requiring assisted ventilation	صعوبة في التنفس تتطلب مساعدة جهاز التنفس
HP:0004894	Laryngotracheal stenosis	تضيق في مجرى الهواء
HP:0004481	Progressive macrocephaly	زيادة حجم الجمجمة بشكل غير طبيعي تدريجيًا
HP:0004482	Relative macrocephaly	حجم الرأس كبير نسبياً
HP:0004487	Acrobrachycephaly	شكل غير طبيعي للرأس
HP:0004488	Macrocephaly at birth	رأس كبير منذ الولادة
HP:0004821	Hypersegmentation of neutrophil nuclei	تقسيم زائد لنوى خلايا الدم البيضاء
HP:0004823	Anisopoikilocytosis	خلايا دم حمراء بأحجام وأشكال مختلفة
HP:0004826	Folate-unresponsive megaloblastic anemia	فقر دم لا يتحسن مع الفولات
HP:0004840	Hypochromic microcytic anemia	فقر دم بنقص الهيموغلوبين وصغر الكريات الحمراء
HP:0004841	Reduced factor XII activity	نقص في نشاط أحد عوامل تخثر الدم
HP:0004851	Folate-responsive megaloblastic anemia	فقر دم يتحسن مع الفولات
HP:0004920	Phenylpyruvic acidemia	حمض الفينيل بيروفيك في الدم
HP:0004923	Hyperphenylalaninemia	زيادة الفينيل ألانين بالدم
HP:0004925	Chronic lactic acidosis	زيادة مزمنة في حموضة اللاكتيك
HP:0004927	Pulmonary artery dilatation	توسع في الشريان الرئوي
HP:0004933	Ascending aortic dissection	تمزق في جدار الشريان الأورطي العلوي
HP:0004934	Vascular calcification	تكلس في الأوعية الدموية
HP:0004935	Pulmonary artery atresia	انسداد الشريان الرئوي
HP:0004937	Pulmonary artery aneurysm	انتفاخ في الشريان الرئوي
HP:0004940	Generalized arterial calcification	تكلس في الشرايين
HP:0004942	Aortic aneurysm	تضخم في الأورطى
HP:0004944	Dilatation of the cerebral artery	تمدد الأوعية الدموية في الدماغ
HP:0004948	Vascular tortuosity	التواء الأوعية الدموية
HP:0004952	Pulmonary arteriovenous fistulas	تواصل غير طبيعي بين الشريان والوريد الرئوي
HP:0004955	Generalized arterial tortuosity	التواء الشرايين بشكل عام
HP:0004961	Pulmonary artery sling	حزام غير طبيعي للشريان الرئوي
HP:0004963	Calcification of the aorta	تكلس الشريان الأورطي
HP:0004969	Peripheral pulmonary artery stenosis	تضيق في الشريان الرئوي المحيطي
HP:0004971	Pulmonary artery hypoplasia	عدم تطور كافٍ للشريان الرئوي
HP:0004975	Erlenmeyer flask deformity of the femurs	شكل الفخذ يشبه قارورة إيرلنماير
HP:0004976	Knee dislocation	خلع الركبة
HP:0004977	Bilateral radial aplasia	غياب عظم الكعبرة في كلا الجانبين
HP:0004979	Metaphyseal sclerosis	زيادة كثافة العظم في الجزء العريض من العظام الطويلة
HP:0004987	Mesomelic leg shortening	تقصر الجزء الأوسط من الساق
HP:0004997	Multicentric ossification of proximal humeral epiphyses	التعظم غير المنتظم للمشاش العضدي القريب
HP:0005003	Aplasia/Hypoplasia of the capital femoral epiphysis	غياب أو صغر نهاية عظم الفخذ الداخلية
HP:0005008	Large joint dislocations	خلع في المفاصل الكبيرة
HP:0005010	Osteomyelitis leading to amputation due to slow healing fractures	التهاب عظام يؤدي للبتر بسبب كسور يصعب شفاؤها
HP:0005011	Mesomelic arm shortening	تقصر الجزء الأوسط من الذراع
HP:0005017	Polyarticular chondrocalcinosis	تكلس في العديد من المفاصل
HP:0005019	Diaphyseal undertubulation	تثخن في الجزء المركزي من العظام الطويلة
HP:0005025	Hypoplastic distal humeri	قصر في نهاية العضد
HP:0005026	Mesomelic/rhizomelic limb shortening	قصر غير عادي في الأطراف
HP:0005033	Distal ulnar hypoplasia	قصر في نهاية الزند
HP:0005035	Shortening of all phalanges of the toes	قصر عظام أصابع القدم
HP:0005039	Multiple long-bone exostoses	زوائد عظمية كثيرة في العظام الطويلة
HP:0005042	Irregular, rachitic-like metaphyses	اضطراب في نهايات العظام
HP:0005045	Diaphyseal cortical sclerosis	زيادة كثافة العظام
HP:0005048	Synostosis of carpal bones	التصاق عظام الرسغ
HP:0005050	Anterolateral radial head dislocation	خروج رأس الكعبرة عن مكانها
HP:0005054	Metaphyseal spurs	زوائد في نهايات العظام
HP:0004529	Atrophic, patchy alopecia	فقدان الشعر في بقع
HP:0004540	Congenital, generalized hypertrichosis	زيادة الشعر في الجسم منذ الولادة
HP:0004552	Scarring alopecia of scalp	فقدان الشعر بسبب ندوب في فروة الرأس
HP:0004554	Generalized hypertrichosis	شعر كثيف في الجسم
HP:0004557	Anterior vertebral fusion	التحام الفقرات الأمامية
HP:0004558	Cervical platyspondyly	تسطيح الفقرات في الرقبة
HP:0004562	Beaking of vertebral bodies T12-L3	بروز في فقرات العمود الفقري
HP:0004563	Increased spinal bone density	عظام العمود الفقري كثيفة
HP:0004565	Severe platyspondyly	فقرات مسطحة بشدة
HP:0004566	Pear-shaped vertebrae	شكل الكمثرى للفقرات
HP:0005092	Streaky metaphyseal sclerosis	زيادة مخططة في كثافة العظم في المنطقة العريضة من العظم العريض
HP:0005096	Distal femoral bowing	انحناء في الجزء السفلي من الفخذ
HP:0005101	High-frequency hearing impairment	فقدان السمع للترددات العالية
HP:0005103	Calcification of the auricular cartilage	تكلس في غضروف الأذن الخارجية
HP:0004490	Calvarial hyperostosis	زيادة في نمو سقف الجمجمة
HP:0004491	Large posterior fontanelle	كبر حجم اليافوخ الخلفي
HP:0004492	Widely patent fontanelles and sutures	اتساع اليافوخ والدروز
HP:0004510	Pancreatic islet-cell hyperplasia	زيادة في خلايا جزيرة البنكرياس
HP:0004523	Long eyebrows	طول في شعر الحواجب
HP:0004527	Large clumps of pigment irregularly distributed along hair shaft	تكتلات صبغية كبيرة موزعة بشكل غير منتظم على الشعر
HP:0005059	Arthralgia/arthritis	ألم أو التهاب في المفاصل
HP:0005060	Limited elbow flexion/extension	صعوبة في تحريك المرفق
HP:0005063	Fragmented, irregular epiphyses	نهاية العظام متجزئة وغير منتظمة الشكل
HP:0005066	Cone-shaped epiphyses fused within their metaphyses	نهاية العظم مخروطي الشكل وملتحمة
HP:0005067	Proximal fibular overgrowth	زيادة نمو الجزء العلوي من عظمة الساق الخارجية
HP:0005068	Absent styloid process of ulna	غياب نتوء في عظمة الزند
HP:0005084	Anterior radial head dislocation	خلع رأس الكعبرة باتجاه الأمام
HP:0005085	Limited knee flexion/extension	صعوبة في تحريك الركبة
HP:0005086	Knee osteoarthritis	التهاب مفاصل الركبة المصاحب بالتآكل
HP:0005090	Lateral femoral bowing	تقوس جانبي لعظم الفخذ
HP:0004605	Absent vertebral body mineralization	عدم تكلس فقرات الظهر
HP:0004606	Unossified vertebral bodies	فقرات غير متعظمة
HP:0004607	Anterior beaking of lower thoracic vertebrae	نتوء أمامي في الفقرات الصدرية السفلية
HP:0004608	Anteriorly placed odontoid process	عملية التيقين في غير مكانها الطبيعي
HP:0004611	Anterior concavity of thoracic vertebrae	تقعر في الفقرات الصدرية
HP:0004616	Cleft vertebral arch	انشقاق في القوس الفقري
HP:0004619	Lumbar kyphoscoliosis	تقوس في أسفل الظهر
HP:0004626	Lumbar scoliosis	التواء في أسفل الظهر
HP:0004629	Small cervical vertebral bodies	فقرات العنق الصغيرة
HP:0004630	Anterior beaking of thoracic vertebrae	نتوء أمامي في الفقرات الصدرية
HP:0004631	Decreased cervical spine flexion due to contractures of posterior cervical muscles	عدم القدرة على لمس الذقن بالصدر
HP:0004632	Cervical segmentation defect	عيب في فقرات الرقبة
HP:0004634	Cuboid-shaped vertebral bodies	عظام ظهر مربعة
HP:0004635	Cervical C5/C6 vertebrae fusion	التحام فقرات الرقبة
HP:0004639	Elevated amniotic fluid alpha-fetoprotein	ارتفاع بروتين في السائل الأمنيوسي
HP:0004676	Prominent supraorbital arches in adult	نتوء الحواجب
HP:0004679	Large tarsal bones	عظام الكاحل الكبيرة
HP:0004681	Deep longitudinal plantar crease	ثنية في القدم
HP:0004684	Talipes valgus	انحراف القدم للخارج
HP:0004689	Short fourth metatarsal	قصر العظم الطويل الرابع في القدم
HP:0004568	Beaking of vertebral bodies	بروز أمامي في الفقرات
HP:0004570	Increased vertebral height	زيادة طول الفقرات
HP:0004586	Biconcave vertebral bodies	فقرات السمكة
HP:0004590	Hypoplastic sacrum	عجز صغير
HP:0004591	Disc-like vertebral bodies	فقرات قرصية الشكل
HP:0004592	Thoracic platyspondyly	فقرات صدرية مسطحة
HP:0004594	Hump-shaped mound of bone in central and posterior portions of vertebral endplate	بروز عظمي في الفقرات
HP:0004598	Supernumerary vertebral ossification centers	زيادة عظم الفقرات
HP:0004599	Absent or minimally ossified vertebral bodies	نقص تعظم الفقرات
HP:0004602	Cervical C2/C3 vertebral fusion	التصاق الفقرات العنقية
HP:0004794	Malrotation of small bowel	التواء الأمعاء
HP:0004795	Hamartomatous stomach polyps	نمو حميد في المعدة
HP:0004796	Gastrointestinal obstruction	انسداد في الأمعاء
HP:0004798	Recurrent infection of the gastrointestinal tract	التهابات متكررة في الأمعاء
HP:0004804	Congenital hemolytic anemia	فقر الدم الوراثي
HP:0004808	Acute myeloid leukemia	سرطان الدم الحاد
HP:0004810	Congenital hypoplastic anemia	فقر الدم الخلقي
HP:0005191	Congenital knee dislocation	خلع الركبة منذ الولادة
HP:0005194	Flattened metatarsal heads	تسطيح عظام القدم
HP:0005198	Stiff interphalangeal joints	تيبس مفاصل الأصابع
HP:0004742	Abnormal renal collecting system morphology	تشوهات في الجهاز الكلوي
HP:0004743	Chronic tubulointerstitial nephritis	التهاب مزمن في الكلى
HP:0004749	Atrial flutter	اضطراب في نبض القلب الأذيني
HP:0004755	Supraventricular tachycardia	زيادة سرعة نبض القلب
HP:0004756	Ventricular tachycardia	زيادة سرعة نبض القلب
HP:0004779	Brittle scalp hair	شعر رأس هش
HP:0004780	Elbow hypertrichosis	شعر زائد في المرفق
HP:0004784	Juvenile gastrointestinal polyposis	سلائل معوية في الأطفال
HP:0004785	Malrotation of colon	تشوه في دوران الأمعاء
HP:0004792	Rectoperineal fistula	اتصال غير طبيعي بين المستقيم والجلد
HP:0005242	Extrahepatic biliary duct atresia	انسداد القنوات الصفراوية
HP:0005243	Partial abdominal muscle agenesis	عدم تكون جزئي لعضلات البطن
HP:0005245	Intestinal hypoplasia	أمعاء غير مكتملة النمو
HP:0005247	Hypoplasia of the abdominal wall musculature	ضعف نمو عضلات البطن
HP:0005253	Increased anterioposterior diameter of thorax	زيادة حجم الصدر
HP:0005255	Absence of pectoralis minor muscle	عدم وجود عضلة الصدر الصغرى
HP:0005257	Thoracic hypoplasia	صدر صغير
HP:0005258	Pectoral muscle hypoplasia/aplasia	ضعف أو غياب عضلة الصدر
HP:0005259	Abnormal facility in opposing the shoulders	سهولة غير عادية في تحريك الكتفين
HP:0005263	Gastritis	التهاب في المعدة
HP:0005201	Anomalous splenoportal venous system	نظام وريدي غير طبيعي بين الطحال والكبد
HP:0005208	Secretory diarrhea	إسهال مائي مزمن
HP:0005211	Midgut malrotation	التواء الأمعاء
HP:0005214	Intestinal obstruction	انسداد الأمعاء
HP:0005216	Impaired mastication	صعوبة في المضغ
HP:0005217	Abdominal organ duplication	وجود عضو زائد في البطن
HP:0005218	Anoperineal fistula	فتحة غير طبيعية بين الشرج والعجان
HP:0005224	Rectal abscess	تجمع صديد حول المستقيم
HP:0005233	Hypoplasia of the gallbladder	مرارة صغيرة الحجم
HP:0005235	Jejunal atresia	إغلاق غير طبيعي في الأمعاء الدقيقة
HP:0005267	Premature delivery because of cervical insufficiency or membrane fragility	الولادة المبكرة بسبب عنق الرحم أو ضعف الأغشية
HP:0005268	Miscarriage	الإجهاض
HP:0005272	Prominent nasolabial fold	ثنيات الضحك العميقة
HP:0005273	Absent nasal septal cartilage	غياب الحاجز الأنفي
HP:0005274	Prominent nasal tip	طرف الأنف الكبير
HP:0005275	Cartilaginous ossification of nose	تعظم غضاريف الأنف
HP:0005278	Hypoplastic nasal tip	صغر طرف الأنف
HP:0005280	Depressed nasal bridge	جسر الأنف المسطح
HP:0005285	Absent nasal bridge	غياب جسر الأنف
HP:0005288	Abnormal nostril morphology	تشوهات فتحة الأنف
HP:0004691	2-3 toe syndactyly	تصاق أصابع القدم الثانية والثالثة
HP:0004692	4-5 toe syndactyly	تصاق أصابع القدم الرابعة والخامسة
HP:0004712	Renal malrotation	الدوران غير الطبيعي للكلى
HP:0004717	Axial malrotation of the kidney	الدوران المحوري غير الطبيعي للكلى
HP:0004719	Hyperechogenic kidneys	زيادة الصدى في الكلى
HP:0004722	Thickened glomerular basement membrane	ثخانة غشاء القاعدة الكبيبي
HP:0004727	Impaired renal concentrating ability	ضعف القدرة على تركيز البول
HP:0004734	Renal cortical microcysts	الأكياس المجهرية في قشرة الكلى
HP:0004736	Crossed fused renal ectopia	تخبط كلى مدمجة ومتوضعة جانبيًا
HP:0004737	Global glomerulosclerosis	تصلب الكبيبات العالمي
HP:0005292	Intimal thickening in the coronary arteries	تضخم في الشرايين التاجية
HP:0005301	Persistent left superior vena cava	تشوه خلقي في الوريد الأجوف
HP:0005302	Carotid artery tortuosity	التواء في الشرايين السباتية
HP:0005306	Capillary hemangioma	وحمة الفراولة
HP:0005307	Postural hypotension with compensatory tachycardia	انخفاض ضغط الدم مع تسارع ضربات القلب
HP:0005311	Agenesis of pulmonary vessels	عدم وجود أوعية في الرئة
HP:0005318	Cerebral vasculitis	التهاب وعائي في الدماغ
HP:0005321	Mandibulofacial dysostosis	متلازمة تريتشر كولينز
HP:0005324	Disturbance of facial expression	صعوبة في التعبير بالوجه
HP:0005325	Extension of hair growth on temples to lateral eyebrow	نمط غير معتاد لنمو الشعر
HP:0005326	Hypoplastic philtrum	الشفة الصغيرة
HP:0005328	Progeroid facial appearance	وجه يبدو كبير في السن قبل الأوان
HP:0005335	Sleepy facial expression	تعبير وجه ناعس
HP:0005336	Forehead hyperpigmentation	اسوداد الجبهة
HP:0005338	Sparse lateral eyebrow	شعر قليل في نهاية الحاجب
HP:0005343	Hypoplasia of the bladder	مثانة غير مكتملة النمو
HP:0005346	Abnormal facial expression	تعبير وجه غير طبيعي
HP:0005347	Tracheal cartilaginous sleeve	غلاف غضروفي في القصبة الهوائية
HP:0005348	Inspiratory stridor	صوت عالي عند الشهيق
HP:0005349	Hypoplasia of the epiglottis	لسان المزمار الصغير
HP:0005352	Severe T-cell immunodeficiency	ضعف مناعة الخلايا التائية
HP:0005354	Absent cellular immunity	عدم وجود مناعة خلوية
HP:0005357	Defective B cell differentiation	ضعف خلايا ب
HP:0005359	Aplasia of the thymus	غياب الغدة الزعترية
HP:0005360	Susceptibility to chickenpox	عرضة للجدري المائي
HP:0005104	Hypoplastic nasal septum	حاجز الأنف صغير الحجم
HP:0005106	Abnormality of the vertebral endplates	تشوه نهايات الفقرات
HP:0005110	Atrial fibrillation	اضطراب في ضربات القلب
HP:0005116	Arterial tortuosity	التواء الشرايين
HP:0005121	Posterior scalloping of vertebral bodies	انحناء خلفي للفقرات
HP:0005129	Congenital hypertrophy of left ventricle	تضخم خلقي في البطين الأيسر
HP:0005135	Abnormal T-wave	تغيرات في موجة T على تخطيط القلب
HP:0005136	Mitral annular calcification	تكلس حول صمام القلب التاجي
HP:0005144	Ventricular septal hypertrophy	تضخم الحاجز بين البطينين
HP:0005148	Pulmonary valve defects	عيوب في صمام الرئة للقلب
HP:0005150	Abnormal atrioventricular conduction	مشاكل في التوصيل الكهربائي للقلب
HP:0005151	Preductal coarctation of the aorta	تضيّق الأبهري قبل القناة الشريانية
HP:0005152	Histiocytoid cardiomyopathy	اعتلال عضلة القلب الهيستيوسيتي
HP:0005156	Hypoplastic left atrium	صغر الأذين الأيسر
HP:0005160	Total anomalous pulmonary venous return	مشاكل في تصريف الأوردة الرئوية للقلب
HP:0005162	Abnormal left ventricular function	ضعف وظيفة البطين الأيسر
HP:0005164	Dysplastic pulmonary valve	تشوه صمام الرئة
HP:0005165	Shortened PR interval	فاصل زمني PR قصير
HP:0005176	Dysplastic aortic valve	تشوه صمام الأورطي
HP:0005180	Tricuspid regurgitation	ارتجاع صمام ثلاثي الشرفات
HP:0005181	Premature coronary artery atherosclerosis	مرض الشريان التاجي المبكر
HP:0005182	Bicuspid pulmonary valve	صمام رئة غير طبيعي
HP:0005183	Pericardial lymphangiectasia	توسع الأوعية اللمفاوية في غشاء القلب
HP:0005184	Prolonged QTc interval	فاصل QTc طويل
HP:0005518	Increased mean corpuscular volume	حجم خلايا الدم كبير
HP:0005528	Bone marrow hypocellularity	فشل نخاع العظم
HP:0005541	Congenital agranulocytosis	عدم وجود الخلايا المحببة في الدم
HP:0005543	Reduced protein C activity	نقص بروتين سي
HP:0005546	Increased red cell osmotic resistance	زيادة مقاومة خلايا الدم الحمراء
HP:0005562	Multiple renal cysts	الكيسات الكلوية المتعددة
HP:0005563	Decreased numbers of nephrons	نقص وحدات الترشيح في الكلى
HP:0005564	Absence of renal corticomedullary differentiation	فقدان تمييز مناطق الكلية
HP:0005565	Reduced renal corticomedullary differentiation	ضعف تمييز مناطق الكلية
HP:0005567	Renal magnesium wasting	ضياع المغنيسيوم من الكلية
HP:0005574	Non-acidotic proximal tubulopathy	خلل في وظائف الكلى القريبة
HP:0005575	Hemolytic-uremic syndrome	اضطراب دموي وكلوي
HP:0005576	Tubulointerstitial fibrosis	تليف كلوي
HP:0005580	Duplication of renal pelvis	ازدواج حوض الكلية
HP:0005583	Tubular basement membrane disintegration	تلف الغشاء في الكلية
HP:0005584	Renal cell carcinoma	سرطان الكلية
HP:0005585	Spotty hyperpigmentation	بقع داكنة على الجلد
HP:0005588	Patchy palmoplantar hyperkeratosis	تصلب في راحة اليد وأسفل القدم
HP:0005590	Spotty hypopigmentation	بقع فاتحة على الجلد
HP:0005592	Giant melanosomes in melanocytes	ميلانوسومات كبيرة
HP:0005595	Generalized hyperkeratosis	زيادة في سماكة الجلد
HP:0005627	Type D brachydactyly	تقاصر أصابع الإبهام وأصابع القدم
HP:0005640	Abnormal vertebral segmentation and fusion	تشوه الفقرات
HP:0005650	2-5 finger cutaneous syndactyly	التصاق الأصابع
HP:0005938	Abnormal respiratory motile cilium morphology	تشوه الأهداب التنفسية
HP:0005944	Bilateral lung agenesis	غياب الرئتين
HP:0005946	Ventilator dependence with inability to wean	التبعية لجهاز التنفس
HP:0005950	Laryngeal web	شبكة في الحنجرة
HP:0005957	Breathing dysregulation	مشاكل في التحكم بالتنفس
HP:0005959	Impaired gluconeogenesis	صعوبة في إنتاج الجلوكوز
HP:0005961	Hypoargininemia	نقص الأرجينين في الدم
HP:0005964	Intermittent hypothermia	برودة الجسم المتقطعة
HP:0005968	Temperature instability	عدم استقرار حرارة الجسم
HP:0005972	Respiratory acidosis	حمضية بسبب مشاكل التنفس
HP:0005973	Fructose intolerance	صعوبة هضم الفركتوز
HP:0005974	Episodic ketoacidosis	نوبات من الحماض الكيتوني
HP:0005977	Hypochloremic metabolic alkalosis	الحماض الأيضي مع نقص الكلوريد
HP:0005978	Type II diabetes mellitus	السكري من النوع الثاني
HP:0005979	Metabolic ketoacidosis	الحماض بسبب تراكم الأجسام الكيتونية
HP:0005982	Reduced phenylalanine hydroxylase level	انخفاض في إنزيم فينيل ألانين
HP:0005987	Multinodular goiter	نتوءات بالغدة الدرقية
HP:0005988	Congenital muscular torticollis	الصعر الخلقي
HP:0005989	Redundant neck skin	جلد زائد حول الرقبة
HP:0005990	Thyroid hypoplasia	غدة درقية صغيرة
HP:0005994	Nodular goiter	تضخم الغدة بوجود عقد
HP:0005995	Decreased adipose tissue around neck	نقص الشحوم حول الرقبة
HP:0006375	Dumbbell-shaped femur	عظم الفخذ على شكل الدمبل
HP:0006376	Limited elbow flexion	صعوبة ثني الكوع
HP:0006379	Proximal tibial hypoplasia	نقص تنسج الظنبوب
HP:0006380	Knee flexion contracture	عدم القدرة على فرد الركبة
HP:0006381	Rudimentary fibula	القصبة الصغيرة أو المفقودة
HP:0005598	Facial telangiectasia in butterfly midface distribution	توسع الأوعية في الوجه بشكل الفراشة
HP:0005599	Hypopigmentation of hair	فقدان لون الشعر
HP:0005602	Progressive vitiligo	البهاق المنتشر
HP:0005607	Abnormal tracheobronchial morphology	تشوهات في الرئة
HP:0005608	Bilobate gallbladder	وجود فصين في المرارة
HP:0005609	Gallbladder dysfunction	مشاكل في المرارة
HP:0005613	Aplasia/hypoplasia of the femur	غياب/صغر عظم الفخذ
HP:0005616	Accelerated skeletal maturation	نضوج العظام سريع
HP:0005619	Thoracolumbar kyphosis	انحناء العمود الفقري
HP:0005622	Broad long bones	العظام الطويلة الواسعة
HP:0006384	Club-shaped distal femur	شكل مضارب لعظمة الفخذ
HP:0006385	Short lower limbs	قصر الأرجل
HP:0006387	Wide distal femoral metaphysis	اتساع آخر جزء من عظم الفخذ
HP:0006389	Limited knee flexion	عدم القدرة على ثني الركبة
HP:0006390	Anterior tibial bowing	انحناء في الساق
HP:0006391	Overtubulated long bones	عظام طويلة ضيقة
HP:0006392	Increased density of long bones	زيادة كثافة العظام الطويلة
HP:0006394	Limited pronation/supination of forearm	محدودية في حركة الساعد
HP:0006397	Lateral displacement of patellae	الإزاحة الجانبية لصابونة الركبة
HP:0006400	Absent knee epiphyses	غياب جزء نهاية الركبة
HP:0006437	Disproportionate prominence of the femoral medial condyle	بروز غير عادي لعظم الفخذ
HP:0006438	Enlargement of the distal femoral epiphysis	تضخم نهاية عظم الفخذ
HP:0006440	Increased density of long bone diaphyses	زيادة كثافة العظام الطويلة
HP:0006442	Hypoplasia of proximal fibula	تطور غير كامل للشظية
HP:0006443	Patellar aplasia	عدم وجود عظمة الركبة
HP:0006450	Multicentric ossification of proximal femoral epiphyses	التعظم الشاذ في عظم الفخذ
HP:0006453	Lateral displacement of the femoral head	إزاحة جانبية لعظمة الفخذ
HP:0006454	Delayed patellar ossification	تأخر في تكوّن عظمة الركبة
HP:0006459	Dorsal subluxation of ulna	خلع جزئي لعظم الزند
HP:0006461	Proximal femoral epiphysiolysis	انزلاق نهاية عظمة الفخذ
HP:0006462	Generalized bone demineralization	نقص المعادن في العظام
HP:0006465	Periosteal thickening of long tubular bones	زيادة سماكة الطبقة الخارجية للعظام الطويلة
HP:0006466	Ankle flexion contracture	ثني الكاحل المتصلب
HP:0006467	Limited shoulder movement	حركة كتف محدودة
HP:0006471	Fixed elbow flexion	ثني الكوع المتصلب
HP:0006473	Anterior bowing of long bones	انحناء أمامي للعظام
HP:0006477	Abnormal alveolar ridge morphology	تشوه في قمة اللثة
HP:0006480	Premature loss of teeth	فقدان مبكر للأسنان
HP:0006481	Abnormality of primary teeth	تشوهات الأسنان اللبنية
HP:0006482	Abnormal dental morphology	تشوه في شكل الأسنان
HP:0006483	Abnormal number of teeth	أسنان زائدة أو ناقصة
HP:0006487	Bowing of the long bones	انحناء العظام الطويلة
HP:0006489	Abnormal femoral metaphysis morphology	تشوه في الجزء العريض من عظمة الفخذ
HP:0006492	Aplasia/Hypoplasia of the fibula	غياب أو نقص تطور عظمة الساق الخارجية
HP:0006495	Aplasia/Hypoplasia of the ulna	غياب أو نقص تطور عظمة الساعد الداخلية
HP:0006498	Aplasia/Hypoplasia of the patella	غياب أو نقص تطور رضفة الركبة
HP:0006499	Abnormal femoral epiphysis morphology	تشوه في الجزء النهائي من عظمة الفخذ
HP:0006501	Aplasia/Hypoplasia of the radius	غياب أو نقص تطور عظمة الساعد الخارجية
HP:0006502	Aplasia/Hypoplasia involving the carpal bones	غياب أو نقص تطور عظام الرسغ
HP:0006507	Aplasia/hypoplasia of the humerus	غياب أو نقص تطور العظمة الطويلة في الذراع العلوية
HP:0006511	Laryngeal stridor	صوت حنجرة عالي
HP:0006515	Interstitial pneumonitis	التهاب أنسجة الرئة
HP:0006517	Intraalveolar phospholipid accumulation	تراكم مواد في الرئة
HP:0006528	Chronic lung disease	مرض الرئة المزمن
HP:0006529	Abnormal pulmonary lymphatics	شذوذ اللمفاويات الرئوية
HP:0006530	Abnormal pulmonary interstitial morphology	شذوذ المنطقة بين أكياس الهواء في الرئة
HP:0006531	Pleural lymphangiectasia	توسع الأوعية اللمفاوية في الغشاء الجنبي
HP:0006532	Recurrent pneumonia	التهاب رئوي متكرر
HP:0006536	Airway obstruction	انسداد مجرى الهواء
HP:0006543	Cardiorespiratory arrest	توقف القلب والتنفس
HP:0006402	Distal shortening of limbs	قصر الجزء الخارجي من الأطراف
HP:0006406	Club-shaped proximal femur	شكل غير طبيعي لرأس عظمة الفخذ
HP:0006408	Distal tapering femur	تضيق نهاية عظمة الفخذ
HP:0006414	Distal tibial bowing	انحناء نهاية الظنبوب
HP:0006417	Wide femoral metaphysis	جزء واسع في عظمة الفخذ
HP:0006424	Elongated radius	طول غير عادي للعظمة الكعبرية
HP:0006429	Broad femoral neck	عرض غير عادي لعنق عظمة الفخذ
HP:0006431	Abnormal proximal femoral metaphysis morphology	تشوه في الجزء العريض من النهاية القريبة للفخذ
HP:0006433	Radial ray deficiency	نقص في شكل عظمة الكعبرة
HP:0006434	Hypoplasia of proximal radius	قصر في بداية العظمة الكعبرية
HP:0006548	Pulmonary arteriovenous malformation	تشوه وعائي في الرئة
HP:0006554	Acute hepatic failure	فشل الكبد الحاد
HP:0006555	Diffuse hepatic steatosis	تراكم الدهون في الكبد
HP:0006558	Decreased mitochondrial complex III activity in liver tissue	ضعف نشاط ميتوكوندريا في الكبد
HP:0006559	Hepatic calcification	ترسب الكالسيوم في الكبد
HP:0006563	Malformation of the hepatic ductal plate	عيب في تكوين قنوات الكبد
HP:0006565	Increased hepatocellular lipid droplets	زيادة الدهون في خلايا الكبد
HP:0006568	Increased hepatic glycogen content	زيادة السكر في الكبد
HP:0006573	Acute hepatic steatosis	الكبد الدهني الحاد
HP:0006574	Hepatic arteriovenous malformation	تشوه وعائي في الكبد
HP:0006575	Intrahepatic cholestasis with episodic jaundice	الركود الصفراوي داخل الكبد مع اليرقان المتقطع
HP:0006576	Hepatic vascular malformations	تشوهات الأوعية الدموية في الكبد
HP:0006579	Prolonged neonatal jaundice	اليرقان المطول عند حديثي الولادة
HP:0000709	Psychosis	ذهان
HP:0000710	Hyperorality	فرط الاهتمام بالفم
HP:0000711	Restlessness	حالة عدم راحة
HP:0000712	Emotional lability	عدم السيطرة على العواطف
HP:0000713	Agitation	شعور بالقلق وعدم الراحة
HP:0000716	Depression	اكتئاب
HP:0000717	Autism	توحّد
HP:0000766	Abnormal sternum morphology	تشوه في عظمة القص
HP:0000767	Pectus excavatum	صدر غائر
HP:0000768	Pectus carinatum	صدر بارز
HP:0000769	Abnormality of the breast	تشوه في الثدي
HP:0000771	Gynecomastia	تضخم نسيج الثدي عند الرجال
HP:0000772	Abnormal rib morphology	تشوه في الأضلاع
HP:0000773	Short ribs	أضلاع قصيرة
HP:0000774	Narrow chest	صدر ضيق
HP:0000776	Congenital diaphragmatic hernia	فتق الحجاب الحاجز
HP:0000777	Abnormal thymus morphology	تشوه في الغدة الزعترية
HP:0000734	Disinhibition	صعوبة في التحكم بالنفس
HP:0000736	Short attention span	صعوبة التركيز
HP:0000737	Irritability	سهولة الانزعاج
HP:0000738	Hallucinations	هلاوس
HP:0000739	Anxiety	توتر أو خوف مفرط
HP:0000741	Apathy	عدم اهتمام
HP:0000742	Self-mutilation	إيذاء النفس
HP:0000744	Low frustration tolerance	عدم تحمل الفشل
HP:0000746	Delusion	أوهام
HP:0000748	Inappropriate laughter	ضحك في غير محله
HP:0000778	Hypoplasia of the thymus	صغر الغدة الزعترية
HP:0000782	Abnormal scapula morphology	تشوه في لوح الكتف
HP:0000786	Primary amenorrhea	عدم حدوث الطمث
HP:0000787	Nephrolithiasis	حصوات الكلى
HP:0000789	Infertility	صعوبة في الإنجاب
HP:0000790	Hematuria	دم في البول
HP:0000791	Uric acid nephrolithiasis	حصوات حمض اليوريك
HP:0000793	Membranoproliferative glomerulonephritis	التهاب في الكلى
HP:0000798	Oligozoospermia	نقص عدد الحيوانات المنوية
HP:0000799	Renal steatosis	دهون في الكلى
HP:0000718	Aggressive behavior	عدوانية
HP:0000721	Lack of spontaneous play	ما يلعب من نفسه
HP:0000722	Compulsive behaviors	سلوكيات قهرية
HP:0000723	Restrictive behavior	اهتمامات محدودة
HP:0000725	Psychotic episodes	نوبات فقدان الواقع
HP:0000726	Dementia	فقدان الذاكرة
HP:0000728	Reduced ability to form peer relationships	صعوبة بناء علاقات
HP:0000729	Autistic behavior	طيف التوحد
HP:0000732	Inflexible adherence to routines	الإصرار على الروتين
HP:0000733	Motor stereotypy	حركات متكررة
HP:0000749	Paroxysmal bursts of laughter	نوبات ضحك مفاجئة
HP:0000750	Delayed speech and language development	صعوبة في الكلام والتطور اللغوي
HP:0000752	Hyperactivity	نشاط مفرط
HP:0000756	Agoraphobia	خوف من الأماكن المفتوحة
HP:0000758	Abnormal nonverbal communicative behavior	سلوك تواصلي غير لفظي غير طبيعي
HP:0000759	Abnormal peripheral nervous system morphology	تشوه في هيكل الجهاز العصبي المحيطي
HP:0000762	Decreased nerve conduction velocity	بطء سير الإشارات العصبية
HP:0000763	Sensory neuropathy	تلف في الأعصاب الحسية
HP:0000764	Peripheral axonal degeneration	تدهور الأعصاب المحيطية
HP:0000765	Abnormal thorax morphology	تشوه في الصدر
HP:0000800	Cystic renal dysplasia	تكوين أكياس في الكلى
HP:0000802	Impotence	صعوبة في الانتصاب
HP:0000803	Renal cortical cysts	أكياس في قشرة الكلى
HP:0000804	Xanthine nephrolithiasis	حجارة زانثين
HP:0000805	Enuresis	تبول لا إرادي
HP:0000808	Penoscrotal hypospadias	فتحة الإحليل في قاعدة القضيب
HP:0000812	Abnormal internal genitalia	تشوه الأعضاء التناسلية الداخلية
HP:0000813	Bicornuate uterus	رحم على شكل قلب
HP:0000815	Hypergonadotropic hypogonadism	نمو جنسي متأخر بسبب مشكلة في الغدد
HP:0000817	Reduced eye contact	قلة النظر في العيون
HP:0001674	Complete atrioventricular canal defect	عيب في القلب
HP:0001677	Coronary artery atherosclerosis	تراكم الترسبات في شرايين القلب
HP:0001678	Atrioventricular block	انقطاع التوصيل الكهربائي بين ممرات القلب
HP:0001680	Coarctation of aorta	تضيق في الشريان الرئيسي
HP:0001681	Angina pectoris	ألم في الصدر
HP:0001682	Subvalvular aortic stenosis	تضيق في الأوعية تحت صمام القلب
HP:0001684	Secundum atrial septal defect	ثقب في الحاجز الأذيني
HP:0001685	Myocardial fibrosis	تليف في عضلة القلب
HP:0001692	Atrial arrhythmia	اضطراب في ضربات القلب
HP:0001694	Right-to-left shunt	تحويلة دموية غير طبيعية في القلب
HP:0000818	Abnormality of the endocrine system	مشاكل في الغدد
HP:0001646	Abnormal aortic valve morphology	صمام أورطي غير طبيعي
HP:0001647	Bicuspid aortic valve	صمام أورطي له شرفتان بدلاً من ثلاثة
HP:0001648	Cor pulmonale	قصور القلب الأيمن
HP:0001649	Tachycardia	زيادة ضربات القلب
HP:0001650	Aortic valve stenosis	ضيق الصمام الأورطي
HP:0001651	Dextrocardia	قلب في الجهة اليمنى
HP:0001653	Mitral regurgitation	تسريب في الصمام الميترالي
HP:0001654	Abnormal heart valve morphology	مشاكل في صمامات القلب
HP:0001655	Patent foramen ovale	فتحة في القلب لم تُغلق
HP:0001695	Cardiac arrest	توقف القلب عن النبض
HP:0001696	Situs inversus totalis	الأعضاء كلها في الجانب الخاطئ من الجسم
HP:0001698	Pericardial effusion	سائل حول القلب
HP:0001699	Sudden death	الموت المفاجئ
HP:0001700	Myocardial necrosis	تلف دائم لعضلة القلب
HP:0001701	Pericarditis	تورم أو تهيج الغشاء حول القلب
HP:0001704	Tricuspid valve prolapse	تدلي صمام القلب الأيمن
HP:0001705	Right ventricular outlet tract obstruction	انسداد في مخرج البطين الأيمن
HP:0001706	Endocardial fibroelastosis	سماكة في بطانة القلب
HP:0001708	Right ventricular failure	ضعف في وظيفة البطين الأيمن
HP:0001657	Prolonged QT interval	الفترة الطويلة للـ QT
HP:0001658	Myocardial infarction	نوبة قلبية
HP:0001659	Aortic regurgitation	رجوع الدم في الصمام الأبهري
HP:0001660	Truncus arteriosus	الجذع الشرياني المشترك
HP:0001662	Bradycardia	نبضات قلب بطيئة
HP:0001663	Ventricular fibrillation	الرجفان في البطين
HP:0001664	Torsade de pointes	نوع معين من سرعة ضربات القلب البطينية
HP:0001669	Transposition of the great arteries	تبديل الشرايين الكبرى في القلب
HP:0001670	Asymmetric septal hypertrophy	تضخم غير متوازن في القلب
HP:0001671	Abnormal cardiac septum morphology	خلل في حاجز القلب
HP:0001732	Abnormality of the pancreas	مشكلة في البنكرياس
HP:0001733	Pancreatitis	التهاب في البنكرياس
HP:0001734	Annular pancreas	تشوه خلقي في البنكرياس
HP:0001735	Acute pancreatitis	التهاب حاد في البنكرياس
HP:0001737	Pancreatic cysts	كيس في البنكرياس
HP:0001738	Exocrine pancreatic insufficiency	صعوبة في هضم الطعام بسبب نقص إنزيمات البنكرياس
HP:0001739	Abnormal nasopharynx morphology	تشوه في البلعوم الأنفي
HP:0001741	Phimosis	عدم إمكانية سحب القلفة
HP:0001742	Nasal congestion	انسداد الأنف
HP:0001743	Abnormality of the spleen	مشكلة في الطحال
HP:0001744	Splenomegaly	زيادة حجم الطحال
HP:0001746	Asplenia	غياب الطحال
HP:0001747	Accessory spleen	طحال إضافي
HP:0001748	Polysplenia	عديد الطحال
HP:0001750	Single ventricle	بطين واحد
HP:0001751	Abnormal vestibular function	خلل وظيفي في التوازن الداخلي
HP:0001756	Vestibular hyporeflexia	ضعف في التوازن الداخلي
HP:0001757	High-frequency sensorineural hearing impairment	ضعف سمع في الأصوات العالية
HP:0001760	Abnormal foot morphology	شكل غير طبيعي للقدم
HP:0001761	Pes cavus	قدم عالية القوس
HP:0006740	Transitional cell carcinoma of the bladder	سرطان المثانة
HP:0006744	Adrenocortical carcinoma	سرطان الغدة الكظرية
HP:0006747	Ganglioneuroblastoma	ورم العقد العصبية
HP:0006755	Cutaneous leiomyosarcoma	ورم جلدي خبيث
HP:0006765	Chondrosarcoma	ورم خبيث من الغضاريف
HP:0006771	Duodenal adenocarcinoma	سرطان الاثني عشر
HP:0006772	Renal angiomyolipoma	ورم حميد في الكلى
HP:0006775	Multiple myeloma	سرطان الدم المتعدد
HP:0006783	Posterior pharyngeal cleft	تشوه في البلعوم
HP:0006784	Paranasal sinus hypoplasia	جيوب صغيرة
HP:0001709	Third degree atrioventricular block	إحصار كامل في القلب
HP:0001710	Conotruncal defect	خلل خلقي في مخرج القلب
HP:0001712	Left ventricular hypertrophy	تضخم في البطين الأيسر للقلب
HP:0001714	Ventricular hypertrophy	تضخم عضلة البطين
HP:0001716	Wolff-Parkinson-White syndrome	خلل في التوصيل الكهربائي للقلب
HP:0001717	Coronary artery calcification	تراكم الكالسيوم في شرايين القلب
HP:0001718	Mitral stenosis	تضيّق فتحة الصمام المترالي
HP:0001719	Double outlet right ventricle	وجود الشريانين الكبيرين في البطين الأيمن
HP:0001723	Restrictive cardiomyopathy	تصلب القلب
HP:0001730	Progressive hearing impairment	ضعف السمع المتزايد
HP:0006785	Limb-girdle muscular dystrophy	ضعف عضلات الحوض والكتف
HP:0006789	Mitochondrial encephalopathy	التهاب الدماغ المتعلق بالطاقة
HP:0006794	Loss of ability to walk in first decade	عدم القدرة على المشي في سن مبكرة
HP:0006799	Basal ganglia cysts	أكياس في الدماغ
HP:0006801	Hyperactive deep tendon reflexes	ردود فعل عصبية قوية
HP:0006808	Cerebral hypomyelination	نقص في المادة البيضاء
HP:0006812	Abnormal posterior periventricular white matter morphology	تشوه في المادة البيضاء بالدماغ
HP:0006813	Focal hemiclonic seizure	تشنج في نصف الجسم
HP:0006817	Aplasia/Hypoplasia of the cerebellar vermis	نقص أو عدم تطور الجزء الأوسط من المخيخ
HP:0006821	Frontal polymicrogyria	تشوه في الدماغ الأمامي
HP:0001762	Talipes equinovarus	القدم الحنفاء
HP:0001763	Pes planus	القدم المسطحة
HP:0001765	Hammertoe	أصبع المطرقة
HP:0001769	Broad foot	القدم العريضة
HP:0001770	Toe syndactyly	التحام أصابع القدم
HP:0001771	Achilles tendon contracture	قصر وتر العرقوب
HP:0006714	Aplasia/Hypoplasia of the sternum	عدم وجود/عدم نمو القص
HP:0006721	Acute lymphoblastic leukemia	لم يتم توفير مترادفات غير طبية
HP:0006727	T-cell acute lymphoblastic leukemias	لم يتم توفير مترادفات غير طبية
HP:0006739	Squamous cell carcinoma of the skin	لم يتم توفير مترادفات غير طبية
HP:0006872	Cerebral hypoplasia	تطور غير مكتمل للمخ
HP:0006873	Symmetrical progressive peripheral demyelination	فقدان تناظر للمادة الدهنية بالأعصاب
HP:0006882	Severe hydrocephalus	استسقاء الرأس الشديد
HP:0006886	Impaired distal vibration sensation	ضعف الإحساس بالذبذبات
HP:0006888	Meningoencephalocele	انتفاخ في السحايا والدماغ
HP:0006889	Borderline intellectual disability	إعاقة عقلية بسيطة
HP:0006891	Thick cerebral cortex	قشرة دماغية سميكة
HP:0006892	Frontotemporal cerebral atrophy	ضمور في الجزء الأمامي والصدغي من الدماغ
HP:0006894	Hypoplastic olfactory lobes	فصوص شمية غير مكتملة النمو
HP:0006895	Lower limb hypertonia	زيادة توتر العضلات في الأرجل
HP:0006824	Cranial nerve paralysis	شلل في أعصاب الرأس
HP:0006829	Severe muscular hypotonia	ارتخاء عضلي شديد
HP:0006844	Absent patellar reflexes	عدم استجابة ركبة
HP:0006846	Acute encephalopathy	ضرر حاد في الدماغ
HP:0006849	Hypodysplasia of the corpus callosum	نقص نمو في الجسم الثفني
HP:0006850	Hypoplasia of the ventral pons	نقص نمو في الفروكس البطني
HP:0006851	Symmetric spinal nerve root neurofibromas	أورام ليفية عصبية في الأعصاب الشوكية
HP:0006855	Cerebellar vermis atrophy	ضمور في الدودة المخيخية
HP:0006863	Severe expressive language delay	تأخر شديد في النطق
HP:0006870	Lobar holoprosencephaly	دمج غير طبيعي في الفصوص الدماغية
HP:0006897	Abducens palsy	شلل العين
HP:0006913	Frontal cortical atrophy	ضمور مقدمة الدماغ
HP:0006918	Diffuse cerebral sclerosis	تصلب عام في الدماغ
HP:0006927	Unilateral polymicrogyria	زيادة التلافيف في جانب واحد من الدماغ
HP:0006929	Hypoglycemic encephalopathy	تلف الدماغ بسبب نقص السكر
HP:0006930	Frontoparietal cortical dysplasia	تطور غير طبيعي لقشرة الدماغ الأمامية والجانبية
HP:0006931	Pericallosal lipoma	كتلة دهنية في الدماغ
HP:0006934	Congenital nystagmus	اهتزاز العين منذ الولادة
HP:0007153	Progressive extrapyramidal movement disorder	اضطراب في الحركة
HP:0007162	Diffuse demyelination of the cerebral white matter	فقدان الميالين في الدماغ
HP:0007209	Facial paralysis	شلل الوجه
HP:0007210	Lower limb amyotrophy	ضمور عضلات الساق
HP:0007215	Periodic hyperkalemic paralysis	نوبات ضعف العضلات مع ارتفاع البوتاسيوم
HP:0007220	Demyelinating motor neuropathy	تلف الأعصاب الحركية
HP:0007232	Spinocerebellar tract disease in lower limbs	مرض في المسالك الخلفية للأطراف السفلية
HP:0007240	Progressive gait ataxia	صعوبة متزايدة في المشي
HP:0007249	Decreased number of small peripheral myelinated nerve fibers	انخفاض عدد الألياف العصبية الصغيرة
HP:0007256	Abnormal pyramidal sign	علامة عصبية هرميّة غير طبيعية
HP:0007258	Severe demyelination of the white matter	نقص النخاع في الدماغ
HP:0007260	Type II lissencephaly	خلل تكوين الدماغ
HP:0007165	Periventricular heterotopia	تجمع المادة الرمادية بجانب البطين
HP:0007166	Paroxysmal dyskinesia	حركات لا إرادية نوبية
HP:0007178	Motor polyneuropathy	أضرار في الأعصاب الحركية
HP:0007182	Peripheral hypomyelination	قلة الميالين في الأعصاب المحيطية
HP:0007183	Focal T2 hyperintense basal ganglia lesion	مرض في العقد القاعدية يظهر بشكل ساطع في تصوير MRI
HP:0007185	Loss of consciousness	الإغماء
HP:0007190	Neuronal loss in the cerebral cortex	انخفاض في الخلايا العصبية في العقل
HP:0007204	Diffuse white matter abnormalities	عدم انتظام في المادة البيضاء في الدماغ
HP:0007206	Hemimegalencephaly	كبر في أحد نصفي الدماغ
HP:0007207	Photosensitive tonic-clonic seizure	تشنج يسببه الضوء الساطع المتقطع
HP:0007293	Anterior sacral meningocele	فتق السحايا في الأمام
HP:0007301	Oromotor apraxia	صعوبة في تحريك الفم
HP:0007302	Bipolar affective disorder	اضطراب ثنائي القطب
HP:0007305	CNS demyelination	فقدان المادة العازلة في الأعصاب
HP:0007307	Rapid neurologic deterioration	فقدان سريع للوظائف العصبية
HP:0007313	Cerebral degeneration	تدهور في وظائف الدماغ
HP:0007321	Deep white matter hypodensities	ضعف في كثافة المادة البيضاء
HP:0007325	Generalized dystonia	تشنج العضليات في جميع أنحاء الجسم
HP:0007328	Impaired pain sensation	ضعف الإحساس بالألم
HP:0007330	Frontoethmoidal encephalocele	بروز دماغي من الجبهة
HP:0007266	Cerebral dysmyelination	ضعف في المادة البيضاء بالدماغ
HP:0007267	Chronic axonal neuropathy	مشاكل في الأعصاب على المدى الطويل
HP:0007269	Spinal muscular atrophy	ضعف وهزل العضلات المرتبط بالمشكلة العصبية
HP:0007270	Atypical absence seizure	نوع من نوبات الصرع
HP:0007271	Occipital myelomeningocele	قيلة في مؤخرة الدماغ
HP:0007272	Progressive psychomotor deterioration	تردي في الحركة والقدرة العقلية
HP:0007277	Paucity of anterior horn motor neurons	نقص في خلايا الأعصاب الحركية
HP:0007281	Developmental stagnation	توقف في تطور الطفل
HP:0007286	Horizontal jerk nystagmus	تحرك غير طبيعي للعينين
HP:0007291	Posterior fossa cyst	كيس في مؤخرة الدماغ
HP:0007360	Aplasia/Hypoplasia of the cerebellum	غياب أو عدم نمو المخيخ
HP:0007361	Abnormal pons morphology	مشاكل في شكل الجسر العصبي
HP:0001929	Reduced factor XI activity	نقص نشاط عامل التخثر XI
HP:0001930	Nonspherocytic hemolytic anemia	فقر الدم الانحلالي غير الكروي
HP:0001931	Hypochromic anemia	فقر الدم مع نقص الهيموجلوبين
HP:0002389	Cavum septum pellucidum	كهف الحاجز الشفاف
HP:0002395	Lower limb hyperreflexia	زيادة ردود الفعل في الساقين
HP:0002398	Degeneration of anterior horn cells	مرض في خلايا القرن الأمامي
HP:0002401	Stroke-like episode	نوبة تشبه السكتة
HP:0002403	Positive Romberg sign	فقدان التوازن عند الإغماض
HP:0007333	Hypoplasia of the frontal lobes	تطور غير مكتمل للفص الجبهي
HP:0007334	Bilateral tonic-clonic seizure with focal onset	نوبة صرعية تبدأ في جزء من الدماغ وتنتقل لجميع الجسم
HP:0007335	Recurrent encephalopathy	مشاكل دماغية تحدث بشكل متكرر
HP:0007340	Lower limb muscle weakness	ضعف في عضلات الساقين
HP:0007341	Diffuse swelling of cerebral white matter	تورم في جزء من الدماغ
HP:0007343	Abnormal morphology of the limbic system	تشوه في جزء من الدماغ المسؤول عن المشاعر
HP:0007346	Subcortical white matter calcifications	تكلس في جزء من الدماغ
HP:0007348	Hypoplasia of the pyramidal tract	نقص تكوين في جزء من جهاز الحركة
HP:0007352	Cerebellar calcifications	تكلس في جزء من المخيخ
HP:0007359	Focal-onset seizure	نوبة تصيب نصف الدماغ
HP:0007541	Frontal cutaneous lipoma	كتلة دهنية على الجبهة
HP:0007542	Absent pigmentation of the ventral chest	غياب لون الجلد على الصدر الأمامي
HP:0007544	Piebald skin depigmentation	نقص لون الجلد
HP:0007546	Linear hyperpigmentation	زيادة لون الجلد بشكل خطوط
HP:0007549	Desquamation of skin soon after birth	تقشر جلدي
HP:0007552	Abnormal subcutaneous fat tissue distribution	توزيع دهني غير طبيعي تحت الجلد
HP:0007560	Unusual dermatoglyphics	بصمات جلد غير عادية
HP:0007565	Multiple cafe-au-lait spots	بقع بنية متعددة على الجلد
HP:0007587	Numerous pigmented freckles	نمش كثير
HP:0007588	Reticular hyperpigmentation	لون الجلد متشابك
HP:0007589	Aplasia cutis congenita on trunk or limbs	غياب الجلد عند الولادة في الجذع أو الأطراف
HP:0007590	Aplasia cutis congenita over posterior parietal area	غياب الجلد عند الولادة على الجهة الخلفية من الرأس
HP:0007592	Aplasia/Hypoplasia of the eccrine sweat glands	غياب أو عدم نمو كافٍ للغدد العرقية
HP:0007595	Redundant skin in infancy	الجلد الزائد لدى الرضع
HP:0007598	Bilateral single transverse palmar creases	خط واحد على راحة اليد في كلا اليدين
HP:0007601	Midline facial capillary hemangioma	بقعة حمراء في وسط الوجه
HP:0007603	Freckles in sun-exposed areas	نمش على الجلد الذي يتعرض للشمس
HP:0007607	Hypohidrotic ectodermal dysplasia	حالة جلدية مع نقص في التعرق
HP:0007620	Cutaneous leiomyoma	كتل جلدية ناعمة
HP:0007623	Pigmentation anomalies of sun-exposed skin	تصبغات غير طبيعية على الجلد المعرض للشمس
HP:0002404	Thickened superior cerebellar peduncle	سماكة اتصال المخيخ
HP:0002406	Limb dysmetria	حركة غير منسقة للأطراف
HP:0002408	Cerebral arteriovenous malformation	تشوه في أوعية الدماغ
HP:0002410	Aqueductal stenosis	تضيق قناة الدماغ
HP:0002411	Myokymia	ارتعاش العضلات اللاإرادي
HP:0002414	Spina bifida	انشقاق في العمود الفقري
HP:0002415	Leukodystrophy	تحلل المادة البيضاء في الدماغ
HP:0002416	Subependymal cysts	الأكياس في جدران الدماغ
HP:0002419	Molar tooth sign on MRI	شكل الضرس في الدماغ
HP:0007537	Severe photosensitivity	حساسية شديدة للشمس
HP:0007703	Abnormal retinal pigmentation	تغير لون الشبكية
HP:0007704	Paroxysmal involuntary eye movements	حركات العين غير المنتظمة
HP:0007707	Congenital aphakia	غياب عدسة العين عند الولادة
HP:0007727	Opacification of the corneal epithelium	اعتام القرنية
HP:0007730	Iris hypopigmentation	لون العين الفاتح
HP:0007732	Lacrimal gland hypoplasia	غدة دمعية غير متطورة
HP:0007733	Laterally curved eyebrow	حاجب منحني بشكل جانبي
HP:0007737	Spicular pigmentation of the retina	تصبغات عظمية في الشبكية
HP:0007738	Uncontrolled eye movements	حركات العين غير المسيطر عليها
HP:0007740	Long eyelashes in irregular rows	رموش طويلة في صفوف غير منتظمة
HP:0007661	Abnormality of chorioretinal pigmentation	تغير لون العين
HP:0007663	Reduced visual acuity	ضعف الرؤية
HP:0007665	Curly eyelashes	رموش مجعدة
HP:0007676	Hypoplasia of the iris	قزحية غير مكتملة النمو
HP:0007677	Vitelliform macular lesion	تغير لون البقعة في العين
HP:0007678	Lacrimal duct stenosis	تضيق قناة الدموع
HP:0007685	Avascular peripheral retina	شبكية بلا أوعية دموية في الأطراف
HP:0007687	Unilateral ptosis	تدلي جفن واحد
HP:0007688	Undetectable light- and dark-adapted electroretinogram	اختبار وظائف الشبكية غير مفعل
HP:0007700	Ocular anterior segment dysgenesis	تشوه في بنية العين الأمامية
HP:0007627	Mandibular condyle aplasia	غياب اللقمة الفكية
HP:0007628	Mandibular condyle hypoplasia	صغر اللقمة الفكية
HP:0007633	Bilateral microphthalmos	صغر غير طبيعي في العينين كلتيهما
HP:0007641	Dyschromatopsia	عمى الألوان
HP:0007642	Early-onset non-progressive night blindness	العشى الليلي منذ الولادة
HP:0007648	Punctate cataract	كتاركتة نقطية
HP:0007650	Progressive ophthalmoplegia	شلل عضلات العين التدريجي
HP:0007651	Ectropion of lower eyelids	انقلاب الجفن السفلي للخارج
HP:0007655	Eversion of lateral third of lower eyelids	انقلاب جزء من الجفن السفلي للخارج
HP:0007656	Lacrimal gland aplasia	غياب الغدة الدمعية
HP:0007750	Hypoplasia of the fovea	عدم تطور النقرة
HP:0007754	Macular dystrophy	تدهور مركز الشبكية
HP:0007759	Opacification of the corneal stroma	قرنية معتمة
HP:0007763	Retinal telangiectasia	تمدد الأوعية الدموية في الشبكية
HP:0007765	Deep anterior chamber	الغرفة الأمامية للعين العميقة
HP:0007766	Optic disc hypoplasia	عدم تطور القرص البصري
HP:0007772	Impaired smooth pursuit	صعوبة في تتبع الحركات بالعين
HP:0007773	Vitreoretinopathy	تدهور الجسم الزجاجي والشبكية
HP:0007776	Sparse lower eyelashes	رموش سفلية خفيفة
HP:0007779	Anterior segment of eye aplasia	عدم تكون الجزء الأمامي من العين
HP:0007780	Cortical pulverulent cataract	إعتام العين القشري
HP:0007787	Posterior subcapsular cataract	إعتام العين الخلفي
HP:0007797	Developmental retinal vascular malformation	تشوه الأوعية الدموية في الشبكية
HP:0007800	Increased axial length of the globe	زيادة طول كرة العين
HP:0007807	Optic nerve compression	ضغط العصب البصري
HP:0007811	Horizontal pendular nystagmus	حركة عين لا إرادية أفقياً
HP:0007812	Herpetiform corneal ulceration	قرحة القرنية المتمثلة بالتقرحات
HP:0007814	Retinal pigment epithelial mottling	ظهور بقع على الشبكية
HP:0007817	Horizontal supranuclear gaze palsy	فقدان القدرة على النظر أفقيًا
HP:0007818	Central heterochromia	اختلاف ألوان القزحية
HP:0007819	Presenile cataracts	إعتام مبكر للعدسة
HP:0007832	Pigmentation of the sclera	تصبغ الجزء الأبيض الخارجي من العين
HP:0007834	Progressive cataract	إعتام عدسة العين يتزايد مع العمر
HP:0007836	Mosaic corneal dystrophy	متلازمة التهاب القرنية الفسيفسائية
HP:0007840	Long upper eyelashes	طول غير عادي في الرموش العلوية
HP:0007843	Attenuation of retinal blood vessels	تضيق الأوعية في مؤخرة العين
HP:0007862	Retinal calcification	تكلس في الشبكية
HP:0007873	Abnormally prominent line of Schwalbe	خط شوالبي البارز
HP:0007874	Almond-shaped palpebral fissure	عيون بشكل اللوزة
HP:0007875	Congenital blindness	عمى منذ الولادة
HP:0008271	Abnormal cartilage collagen	مشاكل في ألياف غضاريف الجسم
HP:0008273	Transient aminoaciduria	بيلة مؤقتة للأحماض الأمينية
HP:0008278	Cerebellar cortical atrophy	تدهور قشرة المخيخ
HP:0008281	Acute hyperammonemia	زيادة حادة في الأمونيا في الدم
HP:0008282	Unconjugated hyperbilirubinemia	زيادة بيليروبين غير المباشر في الدم
HP:0008285	Transient hypophosphatemia	انخفاض مؤقت في فوسفات الدم
HP:0004241	Stippled calcification in carpal bones	وجود نقاط تكلسات في عظام الرسغ
HP:0004242	Broad carpal bones	عظام رسغ عريضة
HP:0004279	Short palm	راحة يد قصيرة
HP:0004280	Irregular ossification of hand bones	تشكل غير منتظم لعظام اليد
HP:0003165	Elevated circulating parathyroid hormone level	زيادة هرمون الغدة الجار درقية
HP:0003166	Increased urinary taurine	زيادة التورين في البول
HP:0003170	Abnormal acetabulum morphology	خلل في تجويف عظم الورك
HP:0003173	Hypoplastic pubic bone	عدم اكتمال عظم العانة
HP:0003175	Hypoplastic ischia	عدم اكتمال عظم الإسك
HP:0003177	Squared iliac bones	العظام الحرقفية مربعة الشكل
HP:0003179	Protrusio acetabuli	تجويفات الورك الغائرة بشكل غير طبيعي
HP:0008258	Congenital adrenal hyperplasia	فرط تنسج الغدة الكظرية منذ الولادة
HP:0008259	Adrenocorticotropin receptor defect	خلل في مستقبل هرمون الأدرينوكورتيكوتروبين
HP:0008264	Neutrophil inclusion bodies	وجود تجمعات بروتينية في النيوتروفيل
HP:0004345	Ganglioside accumulation	تراكم في مكونات معينة داخل الخلايا
HP:0004349	Reduced bone mineral density	ضعف كثافة العظام
HP:0004370	Abnormality of temperature regulation	تغيرات في حرارة الجسم
HP:0004373	Focal dystonia	تشنج في جزء معين من الجسم
HP:0004378	Abnormality of the anus	مشاكل في فتحة الشرج
HP:0004379	Abnormality of alkaline phosphatase level	تغير مستوى الإنزيم في الدم
HP:0004381	Supravalvular aortic stenosis	ضيق أعلى صمام القلب
HP:0004383	Hypoplastic left ventricle	تطوير ناقص للقلب الأيسر
HP:0008669	Abnormal spermatogenesis	مشكلة في إنتاج الحيوانات المنوية
HP:0008672	Calcium oxalate nephrolithiasis	حصوات الكلى الكلسية
HP:0004322	Short stature	قصر القامة
HP:0004324	Increased body weight	زيادة الوزن
HP:0004325	Decreased body weight	نقص الوزن
HP:0004326	Cachexia	متلازمة الهزال
HP:0004327	Abnormal vitreous humor morphology	تشوه في الجسم الزجاجي
HP:0004331	Decreased skull ossification	نقص تعظم الجمجمة
HP:0004333	Bone-marrow foam cells	خلايا رغوية في نخاع العظم
HP:0004334	Dermal atrophy	تدهور الجلد
HP:0004336	Myelin outfoldings	انطواءات الميالين
HP:0004343	Abnormal glycosphingolipid metabolism	اختلال تمثيل الدهون السكرية
HP:0004283	Narrow palm	راحة يد ضيقة
HP:0004298	Abnormal abdominal wall morphology	تشوه جدار البطن
HP:0004302	Functional motor deficit	مشاكل حركية وظيفية
HP:0004303	Abnormal muscle fiber morphology	تشوه ألياف العضلات
HP:0004305	Involuntary movements	حركات عضلية غير إرادية
HP:0004308	Ventricular arrhythmia	عدم انتظام ضربات القلب البطيني
HP:0004313	Decreased circulating immunoglobulin concentration	انخفاض مستوى الأجسام المضادة في الدم
HP:0004315	Decreased circulating IgG concentration	انخفاض مستوى IgG في الدم
HP:0004319	Decreased circulating aldosterone concentration	انخفاض مستوى الألدوستيرون في الدم
HP:0008677	Congenital nephrotic syndrome	متلازمة الكلى الخلقية
HP:0008678	Renal hypoplasia/aplasia	غياب/صغر الكلية
HP:0008683	Enlarged labia minora	تضخم الشفرين
HP:0008687	Hypoplasia of the prostate	البروستاتا غير مكتملة النمو
HP:0008689	Bilateral cryptorchidism	اختفاء الخصيتين
HP:0008696	Renal hamartoma	ورم كلوي غير منتظم
HP:0008697	Hypoplasia of the fallopian tube	قناة فالوب غير مكتملة النمو
HP:0008706	Distal urethral duplication	ازدواجية الإحليل
HP:0008716	Urethrovaginal fistula	فتحة بين المهبل والإحليل
HP:0008724	Hypoplasia of the ovary	مبيض غير مكتمل النمو
HP:0008726	Hypoplasia of the vagina	المهبل غير المكتمل النمو
HP:0008730	Female external genitalia in individual with 46,XY karyotype	ذكر لديه أعضاء تناسلية أنثوية
HP:0008734	Decreased testicular size	حجم الخصيتين صغير
HP:0008736	Hypoplasia of penis	القضيب غير المكتمل النمو
HP:0008739	Labial pseudohypertrophy	تضخم مزيف بالشفرتين
HP:0008743	Coronal hypospadias	فتحة الإحليل غير طبيعية على القضيب
HP:0008747	Cartilaginous ossification of larynx	تحجر غضاريف الحنجرة
HP:0008288	Nonketotic hyperglycinemia	ارتفاع الجلايسين بدون كيتونات
HP:0008297	Transient hyperphenylalaninemia	زيادة مؤقتة للفينيل ألانين
HP:0008301	Dermatan sulfate excretion in urine	زيادة مادة في البول
HP:0008344	Elevated circulating branched chain amino acid concentration	ارتفاع نسبة بعض الأحماض الأمينية في الدم
HP:0008348	Decreased circulating IgG2 concentration	نقص في نوع معين من الأجسام المضادة
HP:0008357	Reduced factor XIII activity	انخفاض نشاط مكون من مكونات التجلط
HP:0008358	Hyperprolinemia	زيادة مستوى مادة البرولين في الدم
HP:0008362	Aplasia/Hypoplasia of the hallux	عدم تواجد أو تطور إصبع القدم الكبير
HP:0008363	Aplasia/Hypoplasia of the tarsal bones	غياب أو تطور غير كامل لعظم الكاحل
HP:0008364	Abnormality of the calcaneus	تشوه عظم الكعب
HP:0008368	Tarsal synostosis	التحام عظام الكاحل
HP:0008376	Nasal dysarthria	نطق أنفي
HP:0008386	Aplasia/Hypoplasia of the nails	غياب أو تطور غير كامل للأظافر
HP:0008421	Tall lumbar vertebral bodies	طول الفقرات القطنية
HP:0008422	Vertebral wedging	شكل الفقرات مثل الإسفين
HP:0008428	Vertebral clefting	تشقق الفقرات
HP:0008430	Anterior beaking of lumbar vertebrae	نتوء أمامي في الفقرات القطنية
HP:0008432	Anterior wedging of L1	إسفين أمامي للفقرة L1
HP:0008434	Hypoplastic cervical vertebrae	فقرات عنقية صغيرة الحجم
HP:0008435	Absent in utero ossification of vertebral bodies	غياب التعظم للفقرات قبل الولادة
HP:0008436	Absent/hypoplastic coccyx	غياب/عصعص صغير
HP:0008438	Vertebral arch anomaly	تشوه قوس الفقرات
HP:0008440	C1-C2 vertebral abnormality	تشوه الفقرات C1-C2
HP:0008388	Abnormal toenail morphology	تشوه في أظافر القدم
HP:0008392	Subungual hyperkeratosis	جلد سميك تحت الظفر
HP:0008398	Hypoplastic fifth fingernail	ظفر الأصبع الصغير ناقص النمو
HP:0008404	Nail dystrophy	تشكل ضعيف للأظافر
HP:0008410	Subungual hyperkeratotic fragments	أجزاء متقرنة تحت الظفر
HP:0008414	Lumbar kyphosis in infancy	التحدب في الظهر عند الرضع
HP:0008416	Six lumbar vertebrae	وجود فقرة قطنية إضافية
HP:0008417	Vertebral hypoplasia	فقرات غير مكتملة النمو
HP:0008419	Intervertebral disk degeneration	أقراص العمود الفقري التالفة
HP:0008420	Punctate vertebral calcifications	نقاط تكلس في الفقرات
HP:0008305	Exercise-induced myoglobinuria	وجود بروتين الميوجلوبين في البول بعد التمارين
HP:0008309	Medium chain dicarboxylic aciduria	زيادة الأحماض الديكربوكسيلية في البول
HP:0008311	Spinal cord dorsal column hypomyelination	نقص الميالين في الجزء الخلفي من الحبل الشوكي
HP:0008314	Decreased activity of mitochondrial complex II	انخفاض نشاط معقد الميتوكوندريا
HP:0008316	Abnormal mitochondria in muscle tissue	مشاكل في الميتوكوندريا في العضلات
HP:0008320	Impaired collagen-induced platelet aggregation	ضعف تجمع الصفائح الدموية بسبب الكولاجين
HP:0008322	Abnormal mitochondrial morphology	مشاكل في شكل الميتوكوندريا
HP:0008323	Abnormal light- and dark-adapted electroretinogram	مشاكل في تخطيط الشبكية مع الضوء والظلام
HP:0008339	Diaminoaciduria	زيادة الأحماض الأمينية باثنين أميني في البول
HP:0008341	Distal renal tubular acidosis	مشاكل الحمضية في الكلى
HP:0008441	Herniation of intervertebral nuclei	الديسك المنفتق
HP:0008442	Vertebral hyperostosis	زيادة نمو العظام في العمود الفقري
HP:0008443	Neuropathic spinal arthropathy	تلف المفصل الفقري بسبب الأعصاب
HP:0008444	Posterior wedging of vertebral bodies	انضغاط خلفي للفقرات
HP:0008445	Cervical spinal canal stenosis	ضيق في قناة العمود الفقري بالرقبة
HP:0008449	Progressive cervical vertebral spine fusion	التلاصق التدريجي لفقرات الرقبة
HP:0008450	Narrow vertebral interpedicular distance	ضيق المسافة بين العظام الفقرية
HP:0008451	Posterior vertebral hypoplasia	نقص نمو العظام الخلفية للعمود الفقري
HP:0008453	Congenital kyphoscoliosis	تقوس في العمود الفقري منذ الولادة
HP:0008454	Lumbar kyphosis	انحناء الجزء السفلي من الظهر
HP:0008479	Hypoplastic vertebral bodies	عظام الظهر غير مكتملة النمو
HP:0008482	Asymmetry of spinal facet joints	عدم تناسق المفاصل الفقارية
HP:0008496	Multiple rows of eyelashes	وجود صفين من الرموش
HP:0008499	High hypermetropia	قصر نظر شديد
HP:0008509	Aged leonine appearance	مظهر شبيه بالأسد أو مظهر كبير السن
HP:0008513	Bilateral conductive hearing impairment	فقدان السمع التوصيلي في كلا الأذنين
HP:0008516	Abnormality of the vertebral spinous processes	تشوه النتوءات الفقرية
HP:0008527	Congenital sensorineural hearing impairment	فقدان السمع الولادي حسي عصبي
HP:0008528	Long hairs growing from helix of pinna	شعر الأذن
HP:0008529	Absence of acoustic reflex	غياب المنعكس السمعي
HP:0008537	Cleft at the superior portion of the pinna	شق في أعلى الأذن
HP:0008541	Superiorly displaced ears	الأذنان مرتفعتان
HP:0008544	Abnormally folded helix	التفاف غير طبيعي للحَلَقة
HP:0008551	Microtia	أذنان صغيرتان
HP:0008555	Absent vestibular function	عدم وظيفة الجهاز الدهليزي
HP:0008559	Hypoplastic superior helix	نقص نمو الحَلَقة العلوية
HP:0008568	Vestibular areflexia	غياب رد الفعل الدهليزي
HP:0008569	Microtia, second degree	الأذن الصغيرة
HP:0008583	Underfolded superior helices	التفاف ناقص للحلقات العلوية
HP:0008586	Hypoplasia of the cochlea	نقص نمو القوقعة
HP:0008591	Congenital conductive hearing impairment	ضعف السمع الخلقي
HP:0008593	Prominent antitragus	زيادة في حجم الجزء الصغير من الأذن الخارجية
HP:0008596	Postlingual sensorineural hearing impairment	ضعف سمعي بعد اكتساب الكلام
HP:0008606	Supraauricular pit	حفرة فوق الأذن
HP:0008607	Progressive conductive hearing impairment	ضعف السمع التدريجي
HP:0008608	Hypertrophic auricular cartilage	زيادة في حجم الغضروف الأذني
HP:0008609	Abnormal middle ear morphology	اختلاف في شكل الأذن الوسطى
HP:0008610	Infantile sensorineural hearing impairment	ضعف السمع في الطفولة المبكرة
HP:0008619	Bilateral sensorineural hearing impairment	ضعف سمعي في كلا الأذنين
HP:0008625	Severe sensorineural hearing impairment	ضعف سمعي شديد
HP:0008456	C2-C3 subluxation	انزلاق جزئي بين فقرات الرقبة
HP:0008457	Caudal interpedicular narrowing	تضيق في نهاية العمود الفقري
HP:0008458	Progressive congenital scoliosis	جنف يظهر منذ الولادة ويتفاقم
HP:0008460	Hypoplastic spinal processes	عمليات فقرية غير متطورة
HP:0008462	Cervical instability	عدم استقرار في العمود الفقري العنقي
HP:0008467	Thoracic hemivertebrae	غياب نصف الفقرة في منتصف الظهر
HP:0008470	Lower thoracic interpediculate narrowness	تضيق في الفقرات السفلى من الصدر
HP:0008476	Irregular sclerotic endplates	صلابة غير منتظمة في نهايات الفقرات
HP:0008477	Poorly ossified cervical vertebrae	فقار عنقية غير مكتملة التعظم
HP:0008478	Scheuermann-like vertebral changes	تغيرات فقارية مشابهة لما يحدث في مرض شيرمان
HP:0008639	Gonadal hypoplasia	غدة تناسلية غير مكتملة النمو
HP:0008640	Congenital macroorchidism	ضخامة الخصية الخلقية
HP:0008643	Nephroblastomatosis	ورم في الكلى عند الأطفال
HP:0008655	Aplasia/Hypoplasia of the fallopian tube	قناة فالوب غير موجودة أو صغيرة
HP:0008659	Multiple small medullary renal cysts	أكياس كلوية صغيرة متعددة
HP:0008665	Clitoral hypertrophy	بظر متضخم
HP:0008668	Gonadal dysgenesis, male	خلل في تطور الغدد التناسلية للذكور
HP:0009124	Abnormal adipose tissue morphology	خلل في الأنسجة الدهنية
HP:0009125	Lipodystrophy	صعوبة في الحفاظ على الأنسجة الدهنية الصحية
HP:0009126	Increased adipose tissue	زيادة الأنسجة الدهنية
HP:0009331	Triangular epiphysis of the middle phalanx of the 3rd finger	نهاية مثلثة للعظم الأوسط للإصبع الثالث
HP:0009349	Enlarged epiphysis of the proximal phalanx of the 3rd finger	نهاية موسعة للعظم الداخلي الطويل للإصبع الثالث
HP:0009356	Triangular epiphysis of the proximal phalanx of the 3rd finger	نهاية مثلثة للعظم الداخلي الطويل للإصبع الثالث
HP:0009608	Complete duplication of proximal phalanx of the thumb	ازدواج كامل للعظم الداخلي للإبهام
HP:0009611	Bifid distal phalanx of the thumb	تشعب في العظم الخارجي للإبهام
HP:0009623	Proximal placement of thumb	تركيب الإبهام قريب من المعصم
HP:0009637	Absent proximal phalanx of thumb	غياب العظم الداخلي للإبهام
HP:0009638	Short proximal phalanx of thumb	نهاية داخلية قصيرة للإبهام
HP:0009642	Broad distal phalanx of the thumb	عظم خارجي عريض للإبهام
HP:0009650	Short distal phalanx of the thumb	عظم خارجي قصير للإبهام
HP:0009875	Triangular shaped distal phalanges of the hand	عظام اليد الخارجية بشكل مثلث
HP:0009879	Simplified gyral pattern	نمط تلافيف الدماغ المبسط
HP:0009880	Broad distal phalanges of all fingers	عظام اليد الخارجية العريضة
HP:0009882	Short distal phalanx of finger	عظام الأصابع النهائية القصيرة
HP:0009883	Duplication of the distal phalanx of hand	تضاعف عظام اليد النهائية
HP:0009886	Trichorrhexis nodosa	تكسر الشعر العقدي
HP:0009887	Abnormality of hair pigmentation	تغير لون الشعر
HP:0009890	High anterior hairline	ارتفاع خط الشعر الأمامي
HP:0009891	Underdeveloped supraorbital ridges	ضغط عظام الحاجب
HP:0009892	Anotia	غياب الأذن
HP:0009894	Thickened ears	تضخم الأذن
HP:0009899	Prominent crus of helix	ساق الصيوان بارز
HP:0009901	Crumpled ear	أذن مجعدة
HP:0009902	Cleft helix	صدع الصيوان
HP:0009906	Aplasia/Hypoplasia of the earlobes	غياب أو تضخم ناقص لشحمة الأذن
HP:0009908	Anterior creases of earlobe	طيات شحمة الأذن
HP:0009909	Uplifted earlobe	شحمة الأذن المرفوعة
HP:0009911	Abnormal temporal bone morphology	تشوه عظم الصدغ
HP:0009914	Cyclopia	عين واحدة مركزية
HP:0009916	Anisocoria	حجم غير متساو للحدقتين
HP:0009127	Abnormality of the musculature of the limbs	مشاكل في عضلات الذراعين أو الساقين
HP:0009130	Hand muscle atrophy	ضعف عضلات اليد
HP:0009145	Abnormal cerebral artery morphology	خلل في شرايين الدماغ
HP:0009161	Aplasia/Hypoplasia of the middle phalanx of the 5th finger	عدم/نقص نمو عظمة الإصبع الخنصر الوسطى
HP:0009162	Absent middle phalanx of 5th finger	غياب عظمة الإصبع الخنصر الوسطى
HP:0009164	Abnormal calcification of the carpal bones	تصلب غير طبيعي لعظام المعصم
HP:0009370	Type A brachydactyly	قصر في الأصابع
HP:0009381	Short finger	إصبع قصير
HP:0009290	Short distal phalanx of the 4th finger	قصر العظمة الطرفية للإصبع الخاتم
HP:0009324	Enlarged epiphysis of the middle phalanx of the 3rd finger	تضخم نهاية عظمة الإصبع الثالث الوسطى
HP:0000041	Chordee	انحناء القضيب
HP:0000042	Absent external genitalia	عدم وجود الأعضاء التناسلية
HP:0000044	Hypogonadotropic hypogonadism	ضعف وظيفة الغدد التناسلية
HP:0000046	Small scrotum	كيس الصفن صغير الحجم
HP:0000047	Hypospadias	فتحة البول في غير مكانها الطبيعي
HP:0000048	Bifid scrotum	شقق في كيس الصفن
HP:0000049	Shawl scrotum	كيس الصفن يحيط بالقضيب
HP:0000050	Hypoplastic male external genitalia	صغر حجم الأعضاء التناسلية الخارجية للذكور
HP:0000053	Macroorchidism	كبر حجم الخصيتين
HP:0000054	Micropenis	قضيب صغير الحجم
HP:0009917	Persistent pupillary membrane	أغشية في البؤبؤ
HP:0009918	Ectopia pupillae	بؤبؤ في غير مكانه
HP:0009919	Retinoblastoma	ورم الشبكية
HP:0009920	Nevus of Ota	تصبغات أزرقية على الوجه
HP:0009921	Duane anomaly	تقييد حركة العين
HP:0009924	Aplasia/Hypoplasia involving the nose	صغر في حجم الأنف
HP:0009926	Epiphora	عيون دامعة
HP:0009927	Aplasia of the nose	عدم وجود أنف
HP:0009929	Abnormal columella morphology	تشوه في منتصف الأنف
HP:0009933	Narrow naris	فتحتي أنف ضيقتين
HP:0009747	Lumbosacral hirsutism	زيادة الشعر أسفل الظهر
HP:0009748	Large earlobe	شحمة الأذن البارزة
HP:0009751	Aplasia of the pectoralis major muscle	عدم وجود العضلة الصدرية
HP:0009752	Cleft in skull base	كسر في قاعدة الجمجمة
HP:0009754	Fibrous syngnathia	الفكين ملتحمين
HP:0009755	Ankyloblepharon	الالتحام الجفني
HP:0009756	Popliteal pterygium	النسيج المجنح خلف الركبة
HP:0009757	Intercrural pterygium	النسيج المجنح في الفخذ
HP:0009758	Pyramidal skinfold extending from the base to the top of the nails	طية جلدية على الظفر
HP:0009760	Antecubital pterygium	النسيج المجنح حول المرفق
HP:0009732	Plexiform neurofibroma	ورم عصبي في شكل غير منتظم
HP:0009733	Glioma	ورم في الدماغ أو النخاع الشوكي
HP:0009734	Optic nerve glioma	ورم في العصب البصري
HP:0009735	Spinal neurofibroma	ورم عصبي في العمود الفقري
HP:0009736	Tibial pseudarthrosis	مفصل كاذب في عظم الساق
HP:0009737	Lisch nodules	عقيدات على قزحية العين
HP:0009740	Aplasia of the parotid gland	غياب الغدة النكافية
HP:0009741	Nephrosclerosis	تليف الشرايين الكلوية
HP:0009743	Distichiasis	صفوف مزدوجة من الرموش
HP:0009746	Thick nasal septum	حاجز أنفي عريض أو سميك
HP:0009715	Papillary cystadenoma of the epididymis	ورم حليمي في البربخ
HP:0009716	Subependymal nodules	عقيدات دماغية
HP:0009717	Cortical tubers	تلال في الدماغ
HP:0009719	Hypomelanotic macule	بقع بيضاء على الجلد
HP:0009720	Adenoma sebaceum	ورم زهمي في الوجه
HP:0009721	Shagreen patch	بقع خشنة على الجلد
HP:0009722	Dental enamel pits	حفر على أسنان
HP:0009724	Subungual fibromas	ورم ليفي تحت الأظافر
HP:0009727	Achromatic retinal patches	بقع عديمة اللون في الشبكية
HP:0009729	Cardiac rhabdomyoma	ورم حميد في القلب
HP:0009762	Facial wrinkling	تجاعيد الوجه
HP:0009763	Limb pain	ألم في الأطراف
HP:0009765	Low hanging columella	العمود الأنفي منخفض
HP:0009767	Aplasia/Hypoplasia of the phalanges of the hand	السلاميات الصغيرة أو المفقودة في اليد
HP:0009768	Broad phalanges of the hand	عظام اليد العريضة
HP:0009769	Bullet-shaped phalanges of the hand	عظام اليد بشكل رصاصة
HP:0009771	Osteolytic defects of the phalanges of the hand	تحلل عظام الأصابع الصغيرة
HP:0009775	Amniotic constriction ring	حلقة تضييق السائل الأمنيوسي
HP:0009776	Adactyly	غياب الأصابع
HP:0009777	Absent thumb	بدون إبهام
HP:0009939	Mandibular aplasia	غياب الفك السفلي
HP:0009942	Duplication of thumb phalanx	ازدواج سلامى الإبهام
HP:0009943	Complete duplication of thumb phalanx	ازدواج كامل لسلامى الإبهام
HP:0009944	Partial duplication of thumb phalanx	ازدواج جزئي لسلامى الإبهام
HP:0009700	Finger symphalangism	التصاق عظام الأصابع
HP:0009701	Metacarpal synostosis	التصاق عظام اليد الطويلة
HP:0009702	Carpal synostosis	التصاق عظام الرسغ
HP:0009704	Chronic CSF lymphocytosis	ارتفاع اللمفاويات في السائل الشوكي
HP:0009709	Increased CSF interferon alpha	زيادة مادة في السائل الشوكي
HP:0009710	Chilblains	التهابات الجلد بسبب البرد
HP:0009778	Short thumb	إبهام صغير
HP:0009779	3-4 toe syndactyly	تصاق أًصبع القدم الثالث والرابع
HP:0009780	Iliac horns	نتوءات الحرقفة
HP:0009781	Lester's sign	تغير لون في قزحية العين
HP:0009783	Biceps aplasia	غياب العضلة ذات الرأسين
HP:0009785	Triceps aplasia	غياب العضلة ثلاثية الرؤوس
HP:0009788	Quadriceps aplasia	غياب العضلة الرباعية
HP:0009789	Perianal abscess	خراج بجانب الشرج
HP:0009790	Hemisacrum	تشوه في الفقرات العجزية
HP:0009791	Bifid sacrum	عظمة عجز مشقوقة
HP:0009792	Teratoma	ورم مسخي
HP:0009793	Presacral teratoma	ورم مسخي في منطقة العصعص
HP:0009794	Branchial anomaly	تشوهات العنق والبلعوم
HP:0009795	Branchial fistula	ناسور في الرقبة
HP:0009796	Branchial cyst	كيسة تحت الجلد في الرقبة
HP:0009797	Cholesteatoma	ورم غير سرطاني في الأذن
HP:0009798	Euthyroid goiter	تضخم الغدة الدرقية بدون مشاكل وظيفية
HP:0009799	Supernumerary spleens	طحال زائد
HP:0009800	Maternal diabetes	سكري الحمل
HP:0009803	Short phalanx of finger	عظام أصابع قصيرة
HP:0010234	Ivory epiphyses of the phalanges of the hand	زيادة كثافة العظام في نهاية عظام اليد
HP:0010239	Aplasia of the middle phalanx of the hand	عدم وجود العظم الأوسط لليد
HP:0010241	Short proximal phalanx of finger	قصر العظام الداخلية للأصبع
HP:0010252	Ivory epiphyses of the distal phalanges of the hand	زيادة كثافة العظام في نهاية العظام البعيدة لليد
HP:0010259	Cone-shaped epiphyses of the middle phalanges of the hand	نهاية مخروطية للعظم الأوسط لليد
HP:0010270	Cone-shaped epiphyses of the proximal phalanges of the hand	نهاية مخروطية للعظم الداخلي لليد
HP:0010579	Cone-shaped epiphysis	نهاية مخروطية للعظم
HP:0010580	Enlarged epiphyses	نهاية العظم الكبيرة
HP:0010582	Irregular epiphyses	نهاية العظم غير المنتظمة
HP:0010583	Ivory epiphyses	زيادة كثافة العظام في نهاية العظم
HP:0009804	Tooth agenesis	غياب بعض الأسنان
HP:0009806	Nephrogenic diabetes insipidus	داء السكري الكاذب بسبب مشكلة في الكلى
HP:0010107	Short proximal phalanx of hallux	عظمة قصيرة في إصبع القدم الكبير
HP:0010109	Short hallux	قصر إصبع القدم الكبير
HP:0010112	Mesoaxial foot polydactyly	أصابع زائدة في منتصف القدم
HP:0010173	Aplasia/Hypoplasia of the phalanges of the toes	العظام المفقودة أو غير المتطورة في أصابع القدم
HP:0010174	Broad phalanx of the toes	عظام أصابع القدم العريضة
HP:0010185	Aplasia/Hypoplasia of the distal phalanges of the toes	عظام الطرف الخارجي المفقودة أو غير المتطورة في أصابع القدم
HP:0010194	Aplasia/Hypoplasia of the middle phalanges of the toes	عظام مفقودة أو غير متطورة في وسط أصابع القدم
HP:0010230	Cone-shaped epiphyses of the phalanges of the hand	نهاية عظام الأصابع مخروطية الشكل
HP:0010620	Malar prominence	بروز الوجنة
HP:0010621	Cutaneous syndactyly of toes	جلد ملتصق بين أصابع القدم
HP:0010624	Aplastic/hypoplastic toenail	غياب/تخلف نمو أظافر أصابع القدم
HP:0010626	Anterior pituitary agenesis	انعدام الغدة النخامية
HP:0010627	Anterior pituitary hypoplasia	نقص نمو الغدة النخامية
HP:0010628	Facial palsy	شلل بيل
HP:0010636	Schizencephaly	تشققات في المخ
HP:0010644	Midnasal stenosis	تضيق الأنف الأوسط
HP:0010648	Dermal translucency	شفافية الجلد
HP:0010828	Hemifacial spasm	تشنجات في نصف الوجه
HP:0010584	Pseudoepiphyses	تناقض في شكل النهاية العظمية
HP:0010585	Small epiphyses	صغر نهاية العظم
HP:0010602	Type 2 muscle fiber predominance	غلبة النوع الثاني من الألياف العضلية
HP:0010603	Odontogenic keratocysts of the jaw	أكياس في الفك
HP:0010609	Skin tags	زوائد جلدية
HP:0010610	Palmar pits	حفر في راحة اليد
HP:0010612	Plantar pits	حفر في باطن القدم
HP:0010614	Fibroma	ورم من الأنسجة الليفية
HP:0010617	Cardiac fibroma	ورم ليفي في القلب
HP:0010618	Ovarian fibroma	ورم ليفي في المبيض
HP:0011335	Frontal hirsutism	نمو شعر زائد على الجبهة
HP:0011341	Long upper lip	زيادة طول الشفة العليا
HP:0011342	Mild global developmental delay	تأخر نمو خفيف
HP:0011343	Moderate global developmental delay	تأخر نمو متوسط
HP:0011344	Severe global developmental delay	تأخر نمو شديد
HP:0011355	Localized skin lesion	آفة جلدية محلية
HP:0011364	White hair	شعر أبيض
HP:0005997	Neck joint contracture	تقييد حركة الرقبة بسبب تقلصات
HP:0006000	Ureteral obstruction	انسداد الحالب
HP:0006006	Hypotrophy of the small hand muscles	ضمور عضلات اليد الصغيرة
HP:0011298	Prominent digit pad	وسادة الإصبع البارزة
HP:0011302	Long palm	راحة يد طويلة
HP:0011304	Broad thumb	إبهام عريض
HP:0011308	Slender toe	إصبع قدم نحيف
HP:0011309	Tapered toe	إصبع قدم مستدق
HP:0011312	Fused nails	أظافر ملتصقة
HP:0011323	Cleft of chin	شق في الذقن
HP:0011330	Metopic synostosis	تعظم الدرز الجبهي
HP:0011331	Hemifacial atrophy	ضمور نصف الوجه
HP:0011332	Hemifacial hypoplasia	صغر حجم نصف الوجه
HP:0010837	Decreased circulating ceruloplasmin concentration	انخفاض السيرولوبلازمين في الدم
HP:0010841	Multifocal epileptiform discharges	نشاط كهربائي غير طبيعي في أماكن متعددة في الدماغ
HP:0010847	EEG with spike-wave complexes (<2.5 Hz)	نشاط كهربائي بطيء في الدماغ
HP:0010849	EEG with spike-wave complexes (>3.5 Hz)	نشاط كهربائي سريع في الدماغ
HP:0010850	EEG with spike-wave complexes	نشاط كهربي غير طبيعي في الدماغ مرتبط بالصرع
HP:0010851	EEG with burst suppression	نمط غير طبيعي في نشاط الدماغ الكهربائي
HP:0010862	Delayed fine motor development	تأخر في التحكم في الأصابع والأيدي
HP:0010864	Severe intellectual disability	تأخر ذهني شديد
HP:0010865	Oppositional defiant disorder	سلوك معارض ومتحدي عند الأطفال
HP:0011297	Abnormal digit morphology	تشوه في الأصابع أو أصابع القدم
HP:0006092	Malaligned carpal bone	عدم انتظام عظام الرسغ
HP:0006097	3-4 finger osseus syndactyly	الاصابع الموصولة الثالثة والرابعة
HP:0006101	Finger syndactyly	التصاق الأصابع
HP:0006109	Absent phalangeal crease	غياب خطوط المفاصل في الأصابع
HP:0006110	Shortening of all middle phalanges of the fingers	قصر أصباع في المفاصل الوسطى
HP:0006114	Multiple palmar creases	تعدد خطوط اليد
HP:0006118	Shortening of all distal phalanges of the fingers	قصر جميع العظام البعيدة للأصابع
HP:0006119	Proximal tapering of metacarpals	ترقق أطراف عظام اليد
HP:0006121	Acral ulceration	قرحة في قمة الاصابع
HP:0006127	Long proximal phalanx of finger	طول زائد في أول عظم الأصبع
HP:0006129	Drumstick terminal phalanges	عظام الأصابع على شكل مضرب الطبل
HP:0006140	Premature fusion of phalangeal epiphyses	التحام مبكر في نهاية عظمة الإصبع
HP:0006143	Abnormal finger flexion crease	ثنيات إصبع غير طبيعية
HP:0006144	Shortening of all proximal phalanges of the fingers	تقاصر العظام الداخلية لكل الأصابع
HP:0006146	Broad metacarpal epiphyses	نهايات عظمة اليد الأكبر سُمكًا
HP:0006147	Progressive fusion 2nd-5th pip joints	التحام تدريجي للمفاصل البينية من الإصبع الثاني إلى الخامس
HP:0006152	Proximal symphalangism of hands	التحام المفاصل القريبة للأصابع
HP:0006155	Long phalanx of finger	عظمة الإصبع الطويلة
HP:0006159	Mesoaxial hand polydactyly	تعدد الأصابع في وسط اليد
HP:0006160	Irregular metacarpals	عظام اليد غير منتظمة
HP:0006009	Broad phalanx	العظام الرقمية العريضة
HP:0006011	Cuboidal metacarpal	عظمة يد قصيرة ومكعبة الشكل
HP:0006014	Abnormally shaped carpal bones	عظام رسغ غير طبيعية الشكل
HP:0006016	Delayed phalangeal epiphyseal ossification	تأخر نضوج العظام نهاية العظم الرقمي
HP:0006028	Metaphyseal cupping of metacarpals	تجويف في الجزء العريض من عظمة اليد الطويلة
HP:0006035	Cone-shaped epiphyses of phalanges 2 to 5	نهايات مخروطية الشكل للعظام الرقمية 2 إلى 5
HP:0006040	Long second metacarpal	العظمة الطويلة الثانية في اليد
HP:0006042	Y-shaped metacarpals	عظمة اليد طويلة بشكل Y
HP:0006060	Tombstone-shaped proximal phalanges	عظام رقمية داخلية على شكل شاهد القبر
HP:0006067	Multiple carpal ossification centers	مراكز تعظم متعددة في الرسغ
HP:0006162	Soft tissue swelling of interphalangeal joints	تورم المفاصل السلامية
HP:0006165	Proportionate shortening of all digits	قصر في جميع الأصابع
HP:0006172	Flattened, squared-off epiphyses of tubular bones	تسطح عظام النهاية الأنبوبي
HP:0006174	Metacarpal diaphyseal endosteal sclerosis	تصلب في عظام مشط اليد
HP:0006176	Two carpal ossification centers present at birth	مركزين تعظم في عظام الرسغ
HP:0006179	Pseudoepiphyses of second metacarpal	عظمة زائدة في عظم مشط اليد
HP:0006180	Crowded carpal bones	تزاحم عظام المعصم
HP:0006184	Decreased palmar creases	قليل من خطوط الكف
HP:0006185	Enlarged proximal interphalangeal joints	تضخم المفاصل الأنًسية
HP:0006191	Deep palmar crease	خط كف عميق
HP:0006236	Slender metacarpals	عظام اليد النحيلة
HP:0006237	Prominent interphalangeal joints	المفاصل البارزة في الأصابع
HP:0006248	Limited wrist movement	صعوبة في تحريك الرسغ
HP:0006251	Limited wrist extension	صعوبة في مد الرسغ
HP:0006253	Swelling of proximal interphalangeal joints	تورم المفاصل القريبة في الأصابع
HP:0006254	Elevated circulating alpha-fetoprotein concentration	زيادة مستوى ألفا-فيتو بروتين في الدم
HP:0006262	Aplasia/Hypoplasia of the 5th finger	إصبع خنصر غائب أو صغير
HP:0006267	Large placenta	مشيمة كبيرة الحجم
HP:0006270	Hypoplastic spleen	طحال غير مكتمل النمو
HP:0006274	Reduced pancreatic beta cells	قلة خلايا بيتا في البنكرياس
HP:0006323	Premature loss of primary teeth	فقدان مبكر لأسنان الأطفال
HP:0006332	Supernumerary maxillary incisor	سن زائد في الأمام العلوي
HP:0006334	Hypoplasia of the primary teeth	أسنان اللبن صغيرة
HP:0007366	Atrophy/Degeneration affecting the brainstem	ضمور جذع الدماغ
HP:0007369	Atrophy/Degeneration affecting the cerebrum	ضمور المخ
HP:0007370	Aplasia/Hypoplasia of the corpus callosum	انعدام أو نقص الجسم الجسري
HP:0007371	Corpus callosum atrophy	ضمور الجسم الجسري
HP:0007385	Aplasia cutis congenita of scalp	غياب الجلد على فروة الرأس
HP:0007394	Prominent superficial blood vessels	الأوعية الدموية الواضحة على الجلد
HP:0007397	Axillary apocrine gland hypoplasia	نقص الغدد العرقية تحت الإبط
HP:0006276	Hyperechogenic pancreas	البنكرياس اللامع في التصوير
HP:0006277	Pancreatic hyperplasia	تضخم البنكرياس
HP:0006280	Chronic pancreatitis	التهاب البنكرياس الدائم
HP:0006288	Advanced eruption of teeth	ظهور الأسنان المبكر
HP:0006290	Discolored lateral incisors	تغير لون الأسنان الأمامية
HP:0006297	Enamel hypoplasia	رقة المينا
HP:0006304	Widely-spaced incisors	تباعد الأسنان الأمامية
HP:0006313	Widely spaced primary teeth	تباعد الأسنان اللبنية
HP:0006315	Solitary median maxillary central incisor	سنة أمامية علوية واحدة
HP:0006316	Irregularly spaced teeth	تباعد الأسنان بشكل غير منتظم
HP:0006193	Thimble-shaped middle phalanges of hand	عظام الإصبع الوسطى بشكل كشتباني
HP:0006200	Widened distal phalanges	زيادة عرض العظام الخارجية للأطراف
HP:0006201	Hypermobility of distal interphalangeal joints	زيادة حركة المفاصل الخارجية
HP:0006206	Hypersegmentation of proximal phalanx of second finger	زيادة عدد العظام في الإصبع الثاني
HP:0006207	Partial fusion of carpals	التصاق بعض عظمات المعصم
HP:0006208	Metaphyseal cupping of proximal phalanges	تشكل الكوب في العظام القريبة من اليد
HP:0006213	Thin proximal phalanges with broad epiphyses of the hand	عظام رقيقة بالنهايات العريضة في اليد
HP:0006216	Single interphalangeal crease of fifth finger	علامة واحدة في الإصبع الخامس
HP:0006228	Valgus hand deformity	انحراف اليد
HP:0006234	Osteolysis involving tarsal bones	انحلال العظام في القدمين
HP:0007398	Asymmetric, linear skin defects	عيوب جلدية غير متماثلة
HP:0007401	Macular atrophy	ضعف منطقة البقعة
HP:0007403	Hypertrophy of skin of soles	جلد سميك في بطن القدم
HP:0007411	Hypoplastic-absent sebaceous glands	عدم وجود غدد دهنية
HP:0007413	Nevus flammeus of the forehead	وحمة دموية في الجبهة
HP:0007418	Alopecia totalis	فقدان كامل لشعر الرأس
HP:0007421	Telangiectases of the cheeks	شعيرات دموية ظاهرة في الخدين
HP:0007428	Telangiectasia of the oral mucosa	شعيرات دموية ظاهرة في الفم
HP:0007429	Few cafe-au-lait spots	بضعة بقع بنية على الجلد
HP:0007431	Congenital ichthyosiform erythroderma	جلد جاف وحساسي منذ الولادة
HP:0007437	Multiple cutaneous leiomyomas	كتل جلدية متعددة
HP:0007441	Hyperpigmented/hypopigmented macules	بقع جلدية غير متساوية اللون
HP:0007443	Partial albinism	لون جلد غير مكتمل
HP:0007448	Hyperkeratosis over edematous areas	جلد سميك على المناطق المتورمة
HP:0007452	Midface capillary hemangioma	كتلة وعائية في منتصف الوجه
HP:0007455	Adermatoglyphia	غياب البصمات
HP:0007460	Autoamputation of digits	سقوط الأصابع
HP:0007462	Bitot spots of the conjunctiva	بقع على ملتحمة العين
HP:0007464	Sparse facial hair	قلة شعر الوجه
HP:0007465	Honeycomb palmoplantar hyperkeratosis	جلد سميك في راحة اليد والقدم مثل خلية النحل
HP:0007489	Diffuse telangiectasia	أوردة دموية واضحة
HP:0007490	Linear arrays of macular hyperkeratoses in flexural areas	تقرن جلدي في الطيات
HP:0007495	Prematurely aged appearance	شيخوخة مبكرة
HP:0007500	Decreased number of sweat glands	قلة الغدد العرقية
HP:0007509	Patchy hypo- and hyperpigmentation	بقع فاتحة وداكنة على الجلد
HP:0007513	Generalized hypopigmentation	بشرة فاتحة
HP:0007514	Edema of the dorsum of hands	انتفاخ في ظهر اليدين
HP:0007517	Palmoplantar cutis laxa	جلد مجعد في الكفين والقدمين
HP:0007522	Increased number of skin folds	طيات جلدية كثيرة
HP:0007526	Hypopigmented skin patches on arms	بقع فاتحة على الذراعين
HP:0007900	Hypoplastic lacrimal duct	قناة دمعية غير مكتملة النمو
HP:0007902	Vitreous hemorrhage	نزيف داخل العين
HP:0007905	Abnormal iris vasculature	أوعية دموية غير طبيعية في القزحية
HP:0007906	Ocular hypertension	ارتفاع ضغط العين
HP:0007917	Tractional retinal detachment	انفصال الشبكية بسبب الشد
HP:0007925	Lacrimal duct aplasia	عدم وجود القناة الدمعية
HP:0007928	Abnormal flash visual evoked potentials	اختلاف في استجابة العين للضوء المفاجئ
HP:0007937	Reticular pigmentary degeneration	تصبغ شبكي على شكل شبكة
HP:0007941	Limited extraocular movements	محدودية حركة العين
HP:0007942	Internal ophthalmoplegia	شلل في القزحية وأجهزة العين
HP:0007976	Cerulean cataract	الساد الأزرق
HP:0007979	Gaze-evoked horizontal nystagmus	رعشة العين الأفقية عند النظر
HP:0007985	Retinal arteriolar occlusion	انسداد الشرايين في الشبكية
HP:0007990	Hypoplastic iris stroma	نقص نمو سدى القزحية
HP:0007993	Malformed lacrimal duct	قلة النمو في القنوات الدمعية
HP:0008007	Primary congenital glaucoma	زرق الأطفال الخلقي
HP:0008020	Cone dystrophy	تدهور المخاريط
HP:0008028	Cystoid macular degeneration	تنكس البقعة الكيسي
HP:0008031	Posterior Y-sutural cataract	الساد الخيطي الخلفي
HP:0008037	Absent anterior chamber of the eye	عدم وجود الغرفة الأمامية للعين
HP:0007466	Midfrontal capillary hemangioma	ورم وعائي في مقدمة الرأس
HP:0007469	Palmoplantar cutis gyrata	تجاعيد في جلد اليدين والقدمين
HP:0007470	Periarticular subcutaneous nodules	عقيدات بجوار المفاصل
HP:0007473	Crusting erythematous dermatitis	التهاب الجلد المحمر مع قشور
HP:0007477	Abnormal dermatoglyphics	بصمات أصابع غير طبيعية
HP:0007479	Congenital nonbullous ichthyosiform erythroderma	مولود بغشاء كولوديون
HP:0007481	Hyperpigmented nevi	بقع جلدية داكنة
HP:0007482	Generalized papillary lesions	نتوءات جلدية منتشرة
HP:0007483	Depigmentation/hyperpigmentation of skin	تغير لون الجلد
HP:0007485	Absence of subcutaneous fat	عدم وجود دهون تحت الجلد
HP:0008041	Late onset congenital glaucoma	جلوكوما العين المتأخرة
HP:0008043	Focal retinal arteriolar constriction	ضيق الشرايين في الشبكية
HP:0008045	Enlarged flash visual evoked potentials	زيادة استجابة العين للضوء
HP:0008046	Abnormal retinal vascular morphology	تشوه أوعية الشبكية
HP:0008057	Aplasia/Hypoplasia affecting the fundus	تطور غير كافٍ لقاع العين
HP:0008060	Aplasia/Hypoplasia of the fovea	تطور غير كاف للنقرة
HP:0008061	Aplasia/Hypoplasia of the retina	عدم تطور أو نقص نمو الشبكية
HP:0008064	Ichthyosis	جلد جاف ومتقشر
HP:0008066	Abnormal blistering of the skin	ظهور فقاعات على الجلد
HP:0008069	Neoplasm of the skin	كتلة أو سرطان الجلد
HP:0000055	Abnormal female external genitalia morphology	تشوه في الأعضاء التناسلية الأنثوية الخارجية
HP:0000059	Hypoplastic labia majora	صغر الشفرين الكبيرين
HP:0000060	Clitoral hypoplasia	صغر البظر
HP:0000061	Ambiguous genitalia, female	مظهر غير معتاد للأعضاء التناسلية الأنثوية
HP:0000062	Ambiguous genitalia	الأعضاء التناسلية الغامضة أو الخنثى
HP:0000063	Fused labia minora	الشفرتان الداخليتان ملتحمتان
HP:0000064	Hypoplastic labia minora	الشفرات الداخلية غير مكتملة النمو
HP:0000066	Labial hypoplasia	صغر الشفرين
HP:0000068	Urethral atresia	انعدام فتحة الإحليل
HP:0000069	Abnormality of the ureter	مشاكل في الحالب
HP:0007943	Congenital stapes ankylosis	تصلب خلقي في الأذن الوسطى
HP:0007946	Unilateral narrow palpebral fissure	ضيق في فتحة الجفن على جهة واحدة
HP:0007948	Dense posterior cortical cataract	عتامة عدسة العين الخلفية
HP:0007957	Corneal opacity	تغيم القرنية
HP:0007964	Degenerative vitreoretinopathy	تدهور في زجاجة العين والشبكية
HP:0007968	Remnants of the hyaloid vascular system	بقاء الشريان الزجاجي في العين
HP:0007970	Congenital ptosis	سقوط الجفن العلوي الخلقي
HP:0007971	Lamellar cataract	عتامة جزئية في عدسة العين
HP:0007973	Retinal dysplasia	نمو غير طبيعي للشبكية
HP:0007975	Hypometric horizontal saccades	حركات العين الأفقية غير المكتملة
HP:0000070	Ureterocele	انتفاخ في الحالب
HP:0000071	Ureteral stenosis	تضيق في الأنابيب البولية
HP:0000072	Hydroureter	تورم الحالب
HP:0000073	Ureteral duplication	وجود حالبين
HP:0000074	Ureteropelvic junction obstruction	انسداد عند اتصال الحالب
HP:0000075	Renal duplication	كلية إضافية
HP:0000076	Vesicoureteral reflux	رجوع البول إلى الحالب أو الكلى
HP:0000077	Abnormality of the kidney	كلية غير طبيعية
HP:0000078	Abnormality of the genital system	تشوهات جنسية
HP:0000079	Abnormality of the urinary system	خلل في الجهاز البولي
HP:0008070	Sparse hair	الشعر الخفيف
HP:0008080	Hallux varus	انحراف إبهام القدم للداخل
HP:0008081	Pes valgus	قدم مائل للخارج
HP:0008083	2nd-5th toe middle phalangeal hypoplasia	نقص نمو عظام أصابع القدم المستوسطة الثانية إلى الخامسة
HP:0008087	Nonossified fifth metatarsal	عدم تعظم العظمة الخامسة في منتصف القدم
HP:0008089	Abnormality of the fifth metatarsal bone	تشوه في العظمة الخامسة من عظام القدم
HP:0008093	Short 4th toe	قصر الإصبع الرابع للقدم
HP:0008094	Widely spaced toes	تباعد الأصابع في القدم
HP:0008096	Medially deviated second toe	انحراف الإصبع الثاني للداخل
HP:0008097	Partial fusion of tarsals	اندماج جزئي لعظام الكاحل
HP:0000081	Duplicated collecting system	نظام كليتين مزدوج
HP:0000083	Renal insufficiency	فشل كلوي
HP:0000085	Horseshoe kidney	كلية حدوة الحصان
HP:0000086	Ectopic kidney	موقع غير طبيعي للكلية
HP:0000089	Renal hypoplasia	كلية صغيرة
HP:0000090	Nephronophthisis	نفرونوفثيس
HP:0000092	Renal tubular atrophy	ضمور أنبوبي كلوي
HP:0000093	Proteinuria	بروتين في البول
HP:0000096	Glomerular sclerosis	تليف كبيبات الكلى
HP:0000097	Focal segmental glomerulosclerosis	تصلب كبيبات بؤري قطاعي
HP:0008103	Delayed tarsal ossification	تأخر نضوج عظام الكاحل
HP:0008107	Plantar crease between first and second toes	طية جلد بين أصبع القدم الكبير والصغير
HP:0008108	Advanced tarsal ossification	تطور سريع لعظام الكاحل
HP:0008111	Broad distal hallux	الإبهام الكبير العريض
HP:0008113	Multiple plantar creases	طيات كثيرة في كعب القدم
HP:0008114	Metatarsal diaphyseal endosteal sclerosis	زيادة سمك داخل عظم المشط
HP:0008119	Deformed tarsal bones	تشوه عظام الكاحل
HP:0008122	Calcaneonavicular fusion	التحام عظام الكعب والقاربي
HP:0008124	Talipes calcaneovarus	تشوه القدم الخلقية
HP:0008125	Second metatarsal posteriorly placed	تحريك عظم المشط الثاني للخلف
HP:0008127	Bipartite calcaneus	عظمة الكعب ذات الجزئين
HP:0008131	Tarsal stippling	ترسبات صغيرة في عظام الرسغ
HP:0008132	Medial rotation of the medial malleolus	دوران داخلي للكعب
HP:0008134	Irregular tarsal ossification	نضوج غير منتظم لعظام الكاحل
HP:0012408	Medullary nephrocalcinosis	ترسب الكالسيوم في الكلية
HP:0012410	Pure red cell aplasia	عدم تكون الخلايا الحمراء
HP:0012412	Premature adrenarche	ظهور مبكر لعلامات البلوغ
HP:0012418	Hypoxemia	مستوى منخفض من الأكسجين في الدم
HP:0012427	Increased femoral anteversion	دوران داخلي للفخذين
HP:0030258	Hyperpigmented genitalia	زيادة تصبغ المنطقة التناسلية
HP:0000098	Tall stature	الطول الزائد
HP:0000099	Glomerulonephritis	التهاب كبيبات الكلى
HP:0000100	Nephrotic syndrome	متلازمة الكلوية
HP:0000103	Polyuria	زيادة في إنتاج البول
HP:0000104	Renal agenesis	غياب الكلى
HP:0000105	Enlarged kidney	الكلى الكبيرة
HP:0000107	Renal cyst	كيس في الكلى
HP:0000108	Renal corticomedullary cysts	أكياس بالكلى
HP:0000110	Renal dysplasia	خلل في تنمية الكلى
HP:0000112	Nephropathy	مرض الكلى
HP:0030262	Narrow penis	ضيق القضيب
HP:0030880	Raynaud phenomenon	ظاهرة رينود
HP:0030890	Hyperintensity of cerebral white matter on MRI	زيادة الإشارة في المادة البيضاء
HP:0030891	Periventricular white matter hyperintensities	زيادة الإشارة حول البطينات
HP:0030892	Deep cerebral white matter hyperintensities	زيادة الإشارة في المادة البيضاء العميقة
HP:0030895	Abnormal gastrointestinal motility	مشاكل حركة الجهاز الهضمي
HP:0031273	Shock	الصدمة
HP:0031283	Tufted hairs	شعر خصل
HP:0031292	Cutaneous abscess	خراج الجلد
HP:0031298	Coronary sinus enlargement	زيادة حجم الجيب التاجي
HP:0000113	Polycystic kidney dysplasia	أكياس متعددة في الكلى
HP:0000114	Proximal tubulopathy	خلل وظيفة النبيب القريب في الكلى
HP:0000118	Phenotypic abnormality	شذوذ في المظهر
HP:0000119	Abnormality of the genitourinary system	شذوذات بولية تناسلية
HP:0000121	Nephrocalcinosis	زيادة الكالسيوم في الكلى
HP:0000122	Unilateral renal agenesis	غياب الكلية على جانب واحد
HP:0000123	Nephritis	التهاب في الكلى
HP:0000124	Renal tubular dysfunction	خلل وظيفة النبيب الكلوي
HP:0000125	Pelvic kidney	الكلية في الحوض
HP:0000126	Hydronephrosis	تمدد الكلية
HP:0000127	Renal salt wasting	فقدان الملح في البول
HP:0000128	Renal potassium wasting	فقدان البوتاسيوم في البول
HP:0000130	Abnormality of the uterus	تشوهات الرحم
HP:0000131	Uterine leiomyoma	ورم ليفي رحمي
HP:0000132	Menorrhagia	غزارة الطمث
HP:0000306	Abnormality of the chin	تشوه الذقن
HP:0000307	Pointed chin	ذقن مدبب
HP:0000308	Microretrognathia	ذقن صغير متراجع
HP:0000311	Round face	وجه مستدير
HP:0000315	Abnormality of the orbital region	تشوه منطقة حول العينين
HP:0031325	Myocardial granulomatous infiltrates	التهابات حبيبية في القلب
HP:0031358	Vegetative state	حالة عدم الاستجابة الطبيعية
HP:0031378	Abnormal lymphocyte proliferation	زيادة غير طبيعية في خلايا الدم البيضاء
HP:0031381	Decreased mitogen-induced T-cell proliferation	انخفاض تكاثر الخلايا التائية
HP:0031491	Continuous spike and waves during slow sleep	نشاط كهربائي غير طبيعي خلال النوم
HP:0031500	Abdominal mass	ورم في البطن
HP:0031544	Elevated circulating palmitoleylcarnitine concentration	ارتفاع مستوى مادة في الدم
HP:0000819	Diabetes mellitus	السكري
HP:0000820	Abnormality of the thyroid gland	مرض الغدة الدرقية
HP:0000821	Hypothyroidism	ضعف الغدة الدرقية
HP:0000316	Hypertelorism	تباعد العينين
HP:0000319	Smooth philtrum	شفة عليا مستوية
HP:0000320	Bird-like facies	وجه يشبه الطائر
HP:0000321	Square face	وجه مربع
HP:0000322	Short philtrum	شفة عليا قصيرة
HP:0000324	Facial asymmetry	وجه غير متوازن
HP:0000325	Triangular face	وجه مثلث
HP:0000327	Hypoplasia of the maxilla	صغر الفك العلوي
HP:0000329	Facial hemangioma	ورم دموي في الوجه
HP:0000331	Short chin	ذقن قصير
HP:0000336	Prominent supraorbital ridges	جبين بارز
HP:0000337	Broad forehead	جبين عريض
HP:0000338	Hypomimic face	تعابير الوجه قليلة
HP:0000339	Pugilistic facies	وجه يشبه الملاكم
HP:0000340	Sloping forehead	جبين مائل
HP:0000341	Narrow forehead	جبين ضيق
HP:0000343	Long philtrum	شفة طويلة
HP:0000346	Whistling appearance	مظهر كأنه يصفّر
HP:0000347	Micrognathia	فك صغير
HP:0000348	High forehead	جبين مرتفع
HP:0000822	Hypertension	ضغط دم مرتفع
HP:0000823	Delayed puberty	تأخر البلوغ
HP:0000824	Decreased response to growth hormone stimulation test	استجابة منخفضة لاختبار هرمون النمو
HP:0000825	Hyperinsulinemic hypoglycemia	نقص السكر بسبب زيادة الإنسولين
HP:0000826	Precocious puberty	البلوغ في سن مبكر
HP:0000829	Hypoparathyroidism	نقص هرمون الغدة الجار درقية
HP:0000830	Anterior hypopituitarism	قصور في عمل الغدة النخامية
HP:0000831	Insulin-resistant diabetes mellitus	السكري المقاوم للإنسولين
HP:0000832	Primary hypothyroidism	قصور في الغدة الدرقية
HP:0000835	Adrenal hypoplasia	الغدة الكظرية الصغيرة
HP:0000836	Hyperthyroidism	نشاط زائد في الغدة الدرقية
HP:0000837	Increased circulating gonadotropin level	زيادة هرمونات الغونادوتروبين
HP:0000840	Adrenogenital syndrome	زيادة في هرمونات الذكورة
HP:0000841	Hyperactive renin-angiotensin system	ارتفاع نشاط الرينين-أنجيوتنسين
HP:0000842	Hyperinsulinemia	ارتفاع مستوى الأنسولين
HP:0000843	Hyperparathyroidism	ارتفاع مستوى هرمون الغدة جارة الدرقية
HP:0000846	Adrenal insufficiency	نقص نشاط الغدة الكظرية
HP:0000848	Increased circulating renin concentration	زيادة مستوى الرينين في الدم
HP:0000851	Congenital hypothyroidism	ضعف الغدة الدرقية منذ الولادة
HP:0000852	Pseudohypoparathyroidism	مقاومة لهرمون الغدة الجار درقية
HP:0000349	Widow's peak	مقدمة الشعر بشكل V
HP:0000350	Small forehead	جبهة صغيرة
HP:0000356	Abnormality of the outer ear	تشوه الأذن الخارجية
HP:0000358	Posteriorly rotated ears	أذن مائلة للخلف
HP:0000360	Tinnitus	طنين الأذن
HP:0000362	Otosclerosis	التصلب الأذني
HP:0000364	Hearing abnormality	تشوه السمع
HP:0000365	Hearing impairment	ضعف السمع
HP:0000369	Low-set ears	أذن منخفضة
HP:0000370	Abnormality of the middle ear	تشوه الأذن الوسطى
HP:0000853	Goiter	تضخم الغدة في الرقبة
HP:0000854	Thyroid adenoma	ورم حميد بالغدة الدرقية
HP:0000855	Insulin resistance	الجسم لا يستجيب للأنسولين
HP:0000858	Irregular menstruation	فترات الحيض غير منتظمة
HP:0031655	Quadricuspid aortic valve	صمام الأبهري بأربعة شرفات
HP:0031703	Abnormal ear morphology	أذن غير طبيعية الشكل
HP:0031601	P pulmonale	موجات P مرتفعة في مخطط القلب
HP:0031627	Globus pallidus calcification	ترسب الكالسيوم بالدماغ
HP:0031759	Basic constant esotropia	حول دائم نحو الداخل
HP:0031767	Consecutive esotropia	حول بعد تصحيح جراحي
HP:0000372	Abnormal auditory canal morphology	خلل في شكل قناة الأذن
HP:0000376	Incomplete partition of the cochlea type II	اختلال في القوقعة
HP:0000377	Abnormal pinna morphology	تشوه في شكل الأذن
HP:0000378	Cupped ear	أذن على شكل كوب
HP:0000381	Stapes ankylosis	تصلب في عظمة الركاب
HP:0000384	Preauricular skin tag	زائدة جلدية أمام الأذن
HP:0000385	Small earlobe	صغر شحمة الأذن
HP:0000387	Absent earlobe	غياب شحمة الأذن
HP:0000388	Otitis media	عدوى الأذن الوسطى
HP:0000389	Chronic otitis media	عدوى الأذن الوسطى المزمنة
HP:0000391	Thickened helices	زيادة سماكة صيوان الأذن
HP:0000394	Lop ear	انطواء الأذن
HP:0000395	Prominent antihelix	بروز في جزء من الأذن
HP:0000396	Overfolded helix	انطواء زائد للصيوان
HP:0000399	Prelingual sensorineural hearing impairment	فقدان سمع قبل تعلم الكلام
HP:0000400	Macrotia	كبر حجم الأذن
HP:0000402	Stenosis of the external auditory canal	تضيق قناة الأذن
HP:0000403	Recurrent otitis media	تكرار التهابات الأذن
HP:0000405	Conductive hearing impairment	ضعف السمع التوصيلي
HP:0000407	Sensorineural hearing impairment	ضعف السمع العصبي
HP:0033419	Elevated circulating 3-hydroxybutyric acid concentration	ارتفاع مستوى حمض في الدم
HP:0033454	Tube feeding	التغذية عبر الأنبوب
HP:0033466	Weak grip	ضعف في قبض اليد
HP:0033478	Increased circulating lipoprotein lipase concentration	ارتفاع مستوى إنزيم في الدم
HP:0033843	Postprandial fullness	الشعور بالامتلاء بعد الأكل
HP:0033850	Coldness	البرودة
HP:0033591	Staghorn calculus	حصوة كبيرة في الكلى
HP:0033608	Pulmonary nodule	بقعة على الرئة
HP:0033645	Midline brainstem cleft	عيب تطوري في الدماغ
HP:0033666	Diminished physical functioning	تراجع القدرة على الأداء البدني
HP:0031834	Aortopulmonary collateral arteries	شرايين غير طبيعية بين الأبهر والرئة
HP:0031843	Abnormally slow thought process	بطء في التفكير
HP:0031846	Femur fracture	كسر في عظمة الفخذ
HP:0031848	Cock-walk gait	طريقة مشي غير طبيعية مثل الديك
HP:0032527	Inferiorly positioned umbilicus	السرة منخفضة
HP:0032536	Increased number of lymph nodes	عدد زائد من الغدد اللمفاوية
HP:0032549	Persistent asymmetrical tonic neck reflex	رد فعل انقباض الرقبة المستمر
HP:0033303	Elevated urinary monocarboxylic acid level	زيادة الأحماض في البول
HP:0033330	Impaired neck-righting reflex	رد فعل تصحيح الرقبة غير طبيعي
HP:0033334	Abnormal embryonic development	خلل في تطور الجنين
HP:0000408	Progressive sensorineural hearing impairment	فقدان السمع المتزايد
HP:0000410	Mixed hearing impairment	فقدان السمع المختلط
HP:0000411	Protruding ear	أذن بارزة
HP:0000413	Atresia of the external auditory canal	غياب قناة الأذن
HP:0000580	Pigmentary retinopathy	ترسبات صبغية في الشبكية
HP:0000581	Blepharophimosis	ضيق فتح العينين
HP:0000582	Upslanted palpebral fissure	ميل فتح العين لأعلى
HP:0000585	Band keratopathy	ترسب الكالسيوم في القرنية
HP:0000586	Shallow orbits	مدى عمق مقل العيون ضحل
HP:0000588	Optic disc coloboma	تشقف في العصب البصري
HP:0033667	Diminished mental health	انخفاض الصحة النفسية
HP:0033710	Rest dyspnea	صعوبة في التنفس أثناء الراحة
HP:0034217	Sonographic non-visualized fetal bladder	عدم القدرة على رؤية مثانة الجنين
HP:0034258	Aplasia/Hypoplasia of the midbrain	عدم نمو الدماغ الأوسط
HP:0034259	Hypoplasia of the midbrain	نمو غير مكتمل للدماغ الأوسط
HP:0034291	Elevated circulating creatine concentration	زيادة الكرياتين في الدم
HP:0034295	Reduced cerebral white matter volume	نقص في المادة البيضاء في الدماغ
HP:0034311	Hypoplastic optic chiasm	نمو غير مكتمل للتصالب البصري
HP:0034315	Chronic cough	السعال المستمر
HP:0034323	Reduced circulating growth hormone concentration	نقص هرمون النمو في الدم
HP:0000589	Coloboma	شق في حدقة العين
HP:0000590	Progressive external ophthalmoplegia	ضعف تدريجي في حركة العين
HP:0000591	Abnormal sclera morphology	خلل في الجزء الأبيض الخارجي من مقلة العين
HP:0000592	Blue sclerae	الجزء الأبيض من العين لونها أزرق رمادي
HP:0000593	Abnormal anterior chamber morphology	خلل في الغرفة الأمامية للعين
HP:0000594	Shallow anterior chamber	عمق قليل في الغرفة الأمامية للعين
HP:0000597	Ophthalmoparesis	ضعف في العضلات التي تتحكم في حركة العين
HP:0000598	Abnormality of the ear	خلل في الأذن
HP:0000599	Abnormality of the frontal hairline	تغير في خط الشعر الأمامي
HP:0000601	Hypotelorism	العينين قريبتين من بعضهما
HP:0000620	Dacryocystitis	التهاب كيس الدمع
HP:0000621	Entropion	انقلاب الجفن للداخل
HP:0000622	Blurred vision	الرؤية الضبابية
HP:0000623	Supranuclear ophthalmoplegia	شلل في حركة العين لأعلى ولأسفل
HP:0000625	Eyelid coloboma	شق الجفن
HP:0000627	Posterior embryotoxon	السمك الجنيني الخلفي
HP:0000629	Periorbital fullness	انتفاخ حول العين
HP:0000633	Decreased lacrimation	نقص إفراز الدموع
HP:0000635	Blue irides	عيون زرقاء
HP:0000636	Upper eyelid coloboma	شق الجفن العلوي
HP:0000602	Ophthalmoplegia	شلل عضلات العين
HP:0000605	Supranuclear gaze palsy	شلل النظر العقلي
HP:0000607	Periorbital wrinkles	تجاعيد حول العين
HP:0000608	Macular degeneration	تدهور مركز الرؤية
HP:0000609	Optic nerve hypoplasia	عدم نمو العصب البصري
HP:0000612	Iris coloboma	عين القط
HP:0000613	Photophobia	حساسية مفرطة للضوء
HP:0000614	Abnormal nasolacrimal system morphology	خلل في نظام تصريف الدموع
HP:0000616	Miosis	تضيق البؤبؤ
HP:0000618	Blindness	العمي
HP:0034329	Dysplastic megalencephaly	زيادة نمو الدماغ مع تشوه
HP:0034332	Cognitive regression	فقدان القدرات العقلية
HP:0034337	Claw hand deformity	يد تشبه المخلب
HP:0034348	Subpulmonary stenosis	تضيق تحت صمام الرئة
HP:0034353	Appendicular spasticity	تصلب في الذراعين أو الساقين
HP:0034362	Dull foveal reflex	ضوء الفوهة الباهت
HP:0034376	Atrioventricular valve regurgitation	رجوع الدم عبر صمامات القلب
HP:0034396	Hippocampal malrotation	تغير شكل الحُصين
HP:0034398	Toe deformity	تشوه الأصبع
HP:0034405	Enlarged tectum	زيادة حجم سقف الدماغ
HP:0034454	Arachnoid granulation	انتفاخ في الغشاء المحيط بالدماغ
HP:0034517	Pretibial hyperpigmentation	تغير لون البشرة الأمامية للساق
HP:0034598	Elevated urinary creatine level	ارتفاع الكرياتين في البول
HP:0040064	Abnormality of limbs	تشوهات في الأطراف
HP:0040075	Hypopituitarism	ضعف الغدة النخامية
HP:0040078	Axonal degeneration	تلف المحاور العصبية
HP:0040080	Anteverted ears	آذان مائلة للأمام
HP:0040081	Abnormal circulating creatine kinase concentration	خلل مستويات الكرياتين كيناز بالدم
HP:0040088	Abnormal lymphocyte count	تعداد غير طبيعي للخلايا اللمفاوية
HP:0040144	L-2-hydroxyglutaric aciduria	حمض البول ل-2-هيدروكسي غلوتاريك
HP:0000652	Lower eyelid coloboma	شق في الجفن السفلي
HP:0000653	Sparse eyelashes	رموش رقيقة أو قليلة
HP:0000654	Decreased light- and dark-adapted electroretinogram amplitude	انخفاض استجابة الشبكية الكهربائية
HP:0000656	Ectropion	انقلاب الجفن إلى الخارج
HP:0000657	Oculomotor apraxia	عدم القدرة على تتبع الأشياء بالعين
HP:0000659	Peters anomaly	تشوه في الجزء الأمامي للعين
HP:0000662	Nyctalopia	صعوبة في الرؤية الليلية
HP:0000664	Synophrys	الحاجبين الملتصقين
HP:0000666	Horizontal nystagmus	حركة العين الأفقية المتذبذبة
HP:0000667	Phthisis bulbi	ضمور العين وفقدان الرؤية
HP:0040145	Dicarboxylic acidemia	زيادة أحماض ثنائي الكربوكسيل في الدم
HP:0040149	Woolly scalp hair	شعر مجعد
HP:0040171	Decreased serum testosterone concentration	انخفاض مستويات التستوستيرون
HP:0040183	Encopresis	عدم السيطرة على البراز
HP:0040189	Scaling skin	تقشر أو تساقط الجلد
HP:0040197	Encephalomalacia	تلف أو ليونة في الدماغ
HP:0040326	Hypoplasia of the olfactory bulb	نمو غير مكتمل للبصلة الشمية
HP:0040329	Multifocal hyperintensity of cerebral white matter on MRI	زِيادة السطوع في مراكز عدة
HP:0041117	Fractured lower limb segment	كسر في الساق
HP:0041147	Fractured epiphysis	كسر في منطقة النمو بالعظم
HP:0034407	Reduced circulating 3-ketoacyl-CoA thiolase concentration	انخفاض فيزيم في الدم
HP:0034037	Pseudo-chilblains on fingers	إصبع كوفيد
HP:0034040	Bidirectional ventricular tachycardia	تسرع القلب البطيني
HP:0034057	Fetal anomaly	تشوه الجنين
HP:0034058	Abnormal fetal morphology	تشوه الجنين
HP:0034657	Elevated urine malonic acid level	زيادة حمض المالونيك في البول
HP:0034685	Abnormal liver enzyme activity or concentration	نشاط غير طبيعي لإنزيمات الكبد
HP:0034774	Decreased blink rate	قلة الرمش
HP:0034803	Hemolacria	دموع حمراء
HP:0034453	Hypoplastic umbilicus	نقص نمو السرة
HP:0000637	Long palpebral fissure	طول الفتحة بين الجفون
HP:0000639	Nystagmus	حركات عين سريعة ولا إرادية
HP:0000640	Gaze-evoked nystagmus	رأرأة أثناء النظر إلى الجانبين
HP:0000641	Dysmetric saccades	حركة عين غير متناسقة
HP:0000643	Blepharospasm	تشنج في الجفن
HP:0000646	Amblyopia	عين كسولة
HP:0000647	Sclerocornea	تصلب في القرنية
HP:0000648	Optic atrophy	ضمور العصب البصري
HP:0000649	Abnormality of visual evoked potentials	خلل في إشارات العصب البصري
HP:0000651	Diplopia	رؤية مزدوجة
HP:0041159	Fractured rib	كسر في الضلع
HP:0041166	Fractured vertebra	كسر في الفقرة
HP:0045025	Narrow palpebral fissure	فتحة جفن ضيقة
HP:0045028	Microlissencephaly	صغر الدماغ الأملس
HP:0045045	Elevated circulating acylcarnitine concentration	ارتفاع مستوى الأسيلكارنيتين في الدم
HP:0046507	Bradypnea	بطء التنفس
HP:0100000	Early onset of sexual maturation	دخول البلوغ مبكرًا
HP:0100168	Fragmented epiphyses	تفكك نهاية العظم
HP:0045005	Neural tube defect	عيب في الأنبوب العصبي
HP:0100645	Cystocele	فتق المثانة
HP:0000668	Hypodontia	الأضراس المفقودة
HP:0000670	Carious teeth	تسوس الأسنان
HP:0000674	Anodontia	فقدان جميع الأسنان
HP:0000675	Macrodontia of permanent maxillary central incisor	كبر حجم القاطع العلوي
HP:0000677	Oligodontia	فقدان أكثر من ستة أسنان
HP:0000678	Dental crowding	ازدحام الأسنان
HP:0000679	Taurodontia	تاورودنشيا
HP:0000680	Delayed eruption of primary teeth	تأخر ظهور أسنان الأطفال
HP:0000682	Abnormal dental enamel morphology	تشوهات مينا الأسنان
HP:0000683	Grayish enamel	مينا رمادي
HP:0100646	Thyroiditis	التهاب الغدة الدرقية
HP:0100651	Type I diabetes mellitus	داء السكري من النوع الأول
HP:0100653	Optic neuritis	التهاب العصب البصري
HP:0100658	Cellulitis	عدوى بكتيرية في الجلد
HP:0100660	Dyskinesia	اضطراب في الحركات اللاإرادية للعضلات
HP:0100663	Synotia	عيب خلقي في الأذنين
HP:0100665	Angioedema	تورم سريع
HP:0100678	Premature skin wrinkling	تجعد الجلد المبكر
HP:0100679	Lack of skin elasticity	الجلد الضيق
HP:0100693	Iridodonesis	اهتزاز القزحية
HP:0000684	Delayed eruption of teeth	تأخر ظهور الأسنان
HP:0000685	Hypoplasia of teeth	أسنان صغيرة
HP:0000687	Widely spaced teeth	فراغات واسعة بين الأسنان
HP:0000689	Dental malocclusion	عضة غير صحيحة
HP:0000690	Agenesis of maxillary lateral incisor	غياب القاطع الجانبي العلوي
HP:0000691	Microdontia	أسنان صغيرة
HP:0000692	Tooth malposition	محاذاة غير صحيحة للأسنان
HP:0000695	Natal tooth	الأسنان عند الولادة
HP:0000696	Delayed eruption of permanent teeth	تأخر ظهور الأسنان الدائمة
HP:0000698	Conical tooth	سن مدبب
HP:0100694	Tibial torsion	التفاف عظمة الساق
HP:0100697	Neurofibrosarcoma	سرطان في الأعصاب
HP:0100699	Scarring	ندوب
HP:0100702	Arachnoid cyst	كيس مملوء بالسوائل في الدماغ أو الحبل الشوكي
HP:0100703	Tongue thrusting	دفع اللسان للخارج
HP:0100704	Cerebral visual impairment	ضعف البصر الناتج عن الدماغ
HP:0100709	Reduction of oligodendroglia	نقص في خلايا معينة في الدماغ
HP:0100710	Impulsivity	سلوك متهور
HP:0100716	Self-injurious behavior	إيذاء النفس
HP:0100721	Mediastinal lymphadenopathy	تضخم الغدد الليمفاوية في وسط الصدر
HP:0000699	Diastema	فجوات بين الأسنان
HP:0000700	Periapical bone loss	فقدان العظم حول جذر السن
HP:0000703	Dentinogenesis imperfecta	تكون العاج الناقص
HP:0000704	Periodontitis	مرض اللثة
HP:0000705	Amelogenesis imperfecta	تكون المينا الناقص
HP:0000706	Eruption failure	عدم بزوغ السن
HP:0000707	Abnormality of the nervous system	خلل في الجهاز العصبي
HP:0000708	Atypical behavior	اضطرابات سلوكية
HP:0000859	Increased circulating aldosterone concentration	زيادة في إنتاج الألدستيرون
HP:0000860	Parathyroid hypoplasia	تطور ناقص للغدد الجار درقية
HP:0100723	Gastrointestinal stroma tumor	ورم في الجهاز الهضمي
HP:0100725	Lichenification	زيادة في سمك وصلابة الجلد
HP:0100750	Atelectasis	انهيار جزئي أو كامل للرئة
HP:0100753	Schizophrenia	مرض عقلي يؤثر على التفكير والمشاعر
HP:0100758	Gangrene	موت النسيج بسبب نقص تدفق الدم أو بسبب عدوى
HP:0100759	Clubbing of fingers	زيادة عرض نهاية الأصابع
HP:0100760	Clubbing of toes	زيادة عرض نهاية أصابع القدم
HP:0100764	Lymphangioma	ورم غير سرطاني من الأنسجة اللمفاوية
HP:0100769	Synovitis	التهاب في بطانة المفاصل
HP:0100771	Hypoperistalsis	بطء حركة الأمعاء
HP:0000883	Thin ribs	أضلاع نحيفة
HP:0000884	Prominent sternum	عظم القص البارز
HP:0000885	Broad ribs	أضلاع واسعة
HP:0000886	Deformed rib cage	تشوه القفص الصدري
HP:0000887	Cupped ribs	أضلاع بارزة
HP:0000888	Horizontal ribs	أضلاع مسطحة
HP:0000890	Long clavicles	عظمة الترقوة الطويلة
HP:0000891	Cervical ribs	أضلاع عنقية
HP:0000892	Bifid ribs	أضلاع منقسمة
HP:0000893	Bulging of the costochondral junction	انتفاخ القص
HP:0000863	Central diabetes insipidus	مرض العطش المركزي
HP:0000867	Secondary hyperparathyroidism	زيادة هرمونات الغدة الجار درقية
HP:0000868	Decreased fertility in females	انخفاض خصوبة النساء
HP:0000869	Secondary amenorrhea	انقطاع الدورة الشهرية
HP:0000871	Panhypopituitarism	انخفاض جميع هرمونات الغدة النخامية
HP:0000872	Hashimoto thyroiditis	التهاب مزمن للغدة الدرقية
HP:0000873	Diabetes insipidus	مرض العطش
HP:0000878	11 pairs of ribs	وجود 11 زوجاً من الأضلاع
HP:0000879	Short sternum	قصر عظمة القص
HP:0000882	Hypoplastic scapulae	عظم الكتف صغير
HP:0100954	Open operculum	تطور غير مكتمل للسطح حول الشفة
HP:0100960	Lateral ventricular asymmetry	اختلاف حجم البطينين في الدماغ
HP:0100962	Excessive shyness	الخجل الشديد
HP:0200000	Dysharmonic skeletal maturation	تطور عظام غير متناسق
HP:0200003	Splayed epiphyses	توسع نهايات العظم
HP:0410133	Chronic urticaria	الشرى المستمر
HP:0410151	Eosinophilic infiltration of the esophagus	تراكم خلايا الدم البيضاء في المريء
HP:0410175	Hyperketonemia	زيادة الكيتونات في الدم
HP:0410252	Persistently decreased total neutrophil count	نقص مستمر في خلايا الدم البيضاء
HP:0410255	Transiently decreased total neutrophil count	نقص مؤقت في خلايا الدم البيضاء
HP:0000894	Short clavicles	عظام الترقوة القصيرة
HP:0000895	Lateral clavicle hook	عظمة الترقوة على شكل خطاف
HP:0000896	Rib exostoses	زوائد عظمية في الضلوع
HP:0000897	Rachitic rosary	خرز الرخد
HP:0000900	Thickened ribs	الضلع السميكة
HP:0000902	Rib fusion	الضلوع المندمجة
HP:0000904	Flaring of rib cage	تمدد القفص الصدري
HP:0000905	Progressive clavicular acroosteolysis	تحلل العظام الترقوي
HP:0000907	Anterior rib cupping	تقعر الأضلاع الأمامية
HP:0000910	Wide-cupped costochondral junctions	المفاصل الضلعية الغضروفية واسعة ومقعرة
HP:0100774	Hyperostosis	زيادة نمو العظم
HP:0100775	Dural ectasia	تمدد غشاء النخاع الشوكي
HP:0100777	Exostoses	نمو زائد عظمي
HP:0100783	Breast aplasia	عدم وجود الثدي
HP:0100785	Insomnia	صعوبة في النوم
HP:0100789	Torus palatinus	بروز عظمي في سقف الفم
HP:0100790	Hernia	فتق
HP:0100923	Clavicular sclerosis	زيادة كثافة العظم في عظم الترقوة
HP:0100951	Enlarged fossa interpeduncularis	تضخم منطقة قاعدة الدماغ
HP:0100952	Enlarged sylvian cistern	تضخم القناة الجانبية للدماغ
HP:0000911	Flat glenoid fossa	حفرة الكتف مسطحة
HP:0000912	Sprengel anomaly	ارتفاع عظم الكتف
HP:0000914	Shield chest	صدر عريض
HP:0000915	Pectus excavatum of inferior sternum	جوف في منتصف الصدر السفلي
HP:0000916	Broad clavicles	عظام ترقوة عريضة
HP:0000917	Superior pectus carinatum	بروز في الجزء العلوي من الصدر
HP:0000918	Scapular exostoses	نتوءات على عظام الكتف
HP:0000920	Enlargement of the costochondral junction	تضخم عند وصل الضلوع بالغضاريف
HP:0000921	Missing ribs	نقص عدد الضلوع
HP:0000922	Posterior rib cupping	تقعر في نهاية الضلع الخلفية
HP:0410263	Brain imaging abnormality	صور دماغية غير طبيعية
HP:0410347	Increased urinary high-mannose-type oligosaccharide	زيادة سكريات في البول
HP:0500041	Myopic astigmatism	خلل في انحناء قرنية العين
HP:0500093	Food allergy	حساسية ضد الأطعمة
HP:0500136	Hypothreoninemia	نقص الثريونين في الدم
HP:0500197	Increased CSF glutamine concentration	زيادة الجلوتامين في السائل الشوكي
HP:0500210	Increased CSF methionine concentration	زيادة الميثيونين في السائل الشوكي
HP:0500230	Increased CSF glycine concentration	زيادة الجلايسين في السائل الشوكي
HP:5200018	Stereotypic upper-extremity movements	حركات غير طبيعية لليدين
HP:5200316	Diminishment of interpersonal communication	انخفاض التواصل الاجتماعي
HP:6000156	Pancreatic atrophy	صغر البنكرياس
HP:6000184	Filum terminale lipoma	ورم دهني في الجزء الأسفل للعمود الفقري
HP:5201016	Submucous cleft palate	شفة مشقوقة مغطاة
HP:0025321	Copper accumulation in liver	زيادة النحاس في الكبد
HP:0025335	Delayed ability to stand	تأخر في الوقوف
HP:6000607	Elevated urinary 3-hydroxyisobutyric acid level	زيادة في حمض في البول
HP:6001056	Out-toeing	القدم البطَّة
HP:6001070	Subdural hygroma	تجمع سائل تحت الدماغ
HP:0011065	Conical incisor	سِن أمامية مخروطية
HP:0011069	Supernumerary tooth	أسنان زائدة
HP:0000924	Abnormality of the skeletal system	مشاكل في العظام
HP:0000925	Abnormality of the vertebral column	مشاكل في العمود الفقري
HP:0000926	Platyspondyly	تسطح الفقرات
HP:0000929	Abnormal skull morphology	مشاكل في الجمجمة
HP:0000932	Abnormal posterior cranial fossa morphology	مشاكل في الحفرة القحفية الخلفية
HP:0000935	Thickened cortex of long bones	تقوي قشرة العظام الطويلة
HP:0000938	Osteopenia	نقص كثافة العظام
HP:0000939	Osteoporosis	هشاشة العظام
HP:0000941	Short diaphyses	قصر جذع العظام الطويلة
HP:0000943	Dysostosis multiplex	خلل التنسج المتعدد
HP:0011105	Hypervolemia	زيادة السوائل في الدم
HP:0011108	Recurrent sinusitis	مشكلة متكررة في الجيوب الأنفية
HP:0011109	Chronic sinusitis	مشكلة مزمنة في الجيوب الأنفية
HP:0011120	Concave nasal ridge	أنف الملاكم
HP:0011121	Abnormal skin morphology	شكل جلد غريب
HP:0011126	Nephroptosis	الكلى العائمة
HP:0011133	Increased sensitivity to ionizing radiation	زيادة الحساسية للإشعاع
HP:0011135	Aplasia/Hypoplasia of the sweat glands	غدد عرقية غير موجودة أو صغيرة
HP:0011136	Aplasia of the sweat glands	الغدد العرقية غير موجودة
HP:0011166	Focal myoclonic seizure	اهتزاز مفاجئ في العضلات
HP:0000946	Hypoplastic ilia	صغر وات الحوض
HP:0000947	Dumbbell-shaped long bone	عظم طويل بشكل الدمبل
HP:0000951	Abnormality of the skin	شذوذ الجلد
HP:0000952	Jaundice	اصفرار الجلد
HP:0000953	Hyperpigmentation of the skin	بقع جلدية داكنة
HP:0000954	Single transverse palmar crease	خط راحة اليد الواحد
HP:0000956	Acanthosis nigricans	جلد داكن وسميك
HP:0000957	Cafe-au-lait spot	علامة جلدية بني فاتح
HP:0000958	Dry skin	جلد جاف
HP:0000960	Sacral dimple	انكماش عظمي في العمود الفقري
HP:0011087	Talon cusp	نتوء إضافي على السطح الداخلي للأسنان الأمامية
HP:0011088	Dens in dente	سن داخل سن
HP:0011089	Double tooth	سن مزدوج
HP:0011090	Fused teeth	أسنان ملتحمة
HP:0011093	Molarization of premolar	شكل الضرس للضاحك
HP:0011094	Increased overbite	زيادة العضة العميقة
HP:0011096	Peripheral demyelination	فقدان المايلين في الأعصاب المحيطية
HP:0011097	Epileptic spasm	تشنج صرعي
HP:0011098	Speech apraxia	صعوبة في التكلم
HP:0011099	Spastic hemiparesis	ضعف تشنجي في نصف الجسم
HP:0000961	Cyanosis	لون أزرق في الجلد
HP:0000962	Hyperkeratosis	ثخانة الجلد
HP:0000963	Thin skin	جلد رقيق
HP:0000964	Eczematoid dermatitis	أكزيما
HP:0000965	Cutis marmorata	تغير لون الجلد
HP:0000966	Hypohidrosis	انخفاض التعرق
HP:0000967	Petechiae	بقع حمراء صغيرة
HP:0000968	Ectodermal dysplasia	اضطرابات الجلد والشعر
HP:0000969	Edema	احتباس السوائل
HP:0000970	Anhidrosis	عدم القدرة على التعرق
HP:0000972	Palmoplantar hyperkeratosis	سماكة في جلد راحة اليد وأخمص القدم
HP:0000973	Cutis laxa	جلد مترهل وغير مرن
HP:0000974	Hyperextensible skin	جلد قابل للتمدد
HP:0000975	Hyperhidrosis	زيادة التعرق
HP:0000977	Soft skin	جلد مخملي
HP:0000978	Bruising susceptibility	سهولة الإصابة بالكدمات
HP:0000979	Purpura	بقع حمراء أو أرجوانية على الجلد
HP:0000980	Pallor	شحوب الجلد
HP:0000982	Palmoplantar keratoderma	سماكة جلد الراحة والأخمص
HP:0000987	Atypical scarring of skin	تندب غير نمطي
HP:0011170	Generalized myoclonic-atonic seizure	اختلاج عام مفاجئ مع فقدان الطاقة
HP:0011182	Interictal epileptiform activity	نشاط كهربائي غير طبيعي بين النوبات
HP:0011189	Bilateral multifocal epileptiform discharges	نشاط صرعي في مناطق متعددة من كلا جانبي الدماغ
HP:0011190	Uni- and bilateral multifocal epileptiform discharges	نشاط صرعي في مناطق متعددة من نصفي الدماغ
HP:0011217	Abnormal shape of the occiput	شكل غير طبيعي لخلفية الرأس
HP:0011218	Abnormal shape of the frontal region	شكل غير طبيعي للجبهة
HP:0011220	Prominent forehead	جبين ناتئ
HP:0011228	Horizontal eyebrow	حاجب مستقيم أو مسطح
HP:0011229	Broad eyebrow	حاجب بمساحة كبيرة
HP:0011246	Underdeveloped superior crus of antihelix	نمو غير مكتمل لأذن الحلزون
HP:0000988	Skin rash	طفح جلدي
HP:0000989	Pruritus	حكة في الجلد
HP:0000991	Xanthomatosis	نتوءات صفراء من الدهون على الجلد
HP:0000992	Cutaneous photosensitivity	حساسية من الشمس
HP:0000993	Molluscoid pseudotumors	عقد جلدية زرقاء رمادية
HP:0000995	Melanocytic nevus	وحمة غير سرطانية
HP:0000996	Facial capillary hemangioma	ورم وعائي على الوجه
HP:0000997	Axillary freckling	نمش في الإبط
HP:0000998	Hypertrichosis	زيادة نمو الشعر في الجسم
HP:0001000	Abnormality of skin pigmentation	تغير لون الجلد
HP:0011266	Microtia, first degree	صغر الأذن
HP:0011273	Anisocytosis	اختلاف حجم كريات الدم الحمراء
HP:0011275	Recurrent mycobacterium avium complex infections	العدوى المتكررة بالمتفطرة
HP:0011285	Long-segment aganglionic megacolon	تضخم القولون دون أعصاب
HP:0011695	Cerebellar hemorrhage	نزيف في المخيخ
HP:0011703	Sinus tachycardia	زيادة نبضات القلب
HP:0011705	First degree atrioventricular block	تباطؤ في نقل إشارة القلب
HP:0011710	Bundle branch block	إحصار في توصيل إشارة القلب
HP:0011712	Complete right bundle branch block	إحصار في توصيل إشارة القلب اليمنى
HP:0011718	Abnormality of the pulmonary veins	مشاكل في أوردة الرئة
HP:0011727	Peroneal muscle weakness	ضعف عضلة الساق
HP:0011734	Central adrenal insufficiency	قصور الغدة الكظرية
HP:0011972	Hypoglycorrhachia	قلة السكر في السائل النخاعي
HP:0100490	Camptodactyly of finger	انحناء دائم للإصبع
HP:0100493	Hypoammonemia	قلة الأمونيا في الدم
HP:0100502	Decreased circulating vitamin B12 concentration	نقص فيتامين ب12
HP:0100512	Decreased circulating vitamin D concentration	نقص فيتامين د
HP:0100519	Anuria	انعدام إخراج البول
HP:0100524	Limb duplication	ازدواج الأطراف
HP:0100534	Episcleritis	التهاب الطبقة الرقيقة فوق بياض العين
HP:0100539	Periorbital edema	تورم حول العينين
HP:0100540	Palpebral edema	تورم الجفون
HP:0100541	Femoral hernia	فتق في منطقة الفخذ
HP:0100543	Cognitive impairment	ضعف في التفكير والذاكرة
HP:0100545	Arterial stenosis	تضيق في الشريان
HP:0100556	Hemiatrophy	قصر غير متساوٍ في الأطراف
HP:0100559	Lower limb asymmetry	فرق في طول أو عرض الساقين
HP:0100560	Upper limb asymmetry	عدم تساوي حجم الذراعين
HP:0100561	Spinal cord lesion	مشكلة في الحبل الشوكي
HP:0100564	Triplomyelia	تضاعف الحبل الشوكي
HP:0100569	Abnormally ossified vertebrae	تكلس غير طبيعي للفقرات
HP:0100578	Lipoatrophy	فقدان الدهون في منطقة محددة
HP:0100583	Corneal perforation	انثقاب القرنية
HP:0100584	Endocarditis	التهاب بطانة القلب
HP:0100598	Pulmonary edema	سائل زائد في الرئتين
HP:0100610	Maternal hyperphenylalaninemia	ارتفاع فينيل ألانين الدم لدى الأم
HP:0100611	Multiple glomerular cysts	وجود أكياس كثيرة في كليتي
HP:0100617	Testicular seminoma	ورم في الخصية
HP:0100621	Dysgerminoma	ورم في المبيض
HP:0100633	Esophagitis	التهاب المريء
HP:0001003	Multiple lentigines	بقع بنية على الجلد
HP:0001004	Lymphedema	تورم بسبب السوائل تحت الجلد
HP:0001007	Hirsutism	كثرة الشعر
HP:0001008	Accumulation of melanosomes in melanocytes	تراكم الصباغات
HP:0001009	Telangiectasia	أوردة العنكبوت
HP:0001010	Hypopigmentation of the skin	بقع جلدية فاتحة
HP:0001012	Multiple lipomas	كتل دهنية متعددة
HP:0001014	Angiokeratoma	بقع حمراء داكنة
HP:0001015	Prominent superficial veins	أوردة بارزة
HP:0001017	Anemic pallor	شحوب بسبب الأنيميا
HP:0001018	Abnormal palmar dermatoglyphics	شذوذ في بصمات اليد
HP:0001019	Erythroderma	احمرار وتقشر عام في الجلد
HP:0001022	Albinism	المهق
HP:0001024	Skin dimple over apex of long bone angulation	غمازة فوق انحناء العظم
HP:0001025	Urticaria	الشرى
HP:0001027	Soft, doughy skin	جلد ناعم ومطاطي
HP:0001028	Hemangioma	وحمة الفراولة
HP:0001029	Poikiloderma	بقع جلدية متلونة
HP:0001030	Fragile skin	جلد هش
HP:0001031	Subcutaneous lipoma	كتلة دهنية تحت الجلد
HP:0001032	Absent distal interphalangeal creases	غياب التجاعيد في أصابع اليد
HP:0001034	Hypermelanotic macule	بقع داكنة على الجلد
HP:0001036	Parakeratosis	اختلاف في تكوين خلايا الجلد
HP:0001042	High axial triradius	ارتفاع في نمط الجلد في اليد
HP:0001045	Vitiligo	فقد بقع من لون الجلد
HP:0001046	Intermittent jaundice	اصفرار الجلد المتقطع
HP:0001047	Atopic dermatitis	إكزيما الأطفال
HP:0001048	Cavernous hemangioma	كتلة من الأوعية الدموية المتوسعة
HP:0001051	Seborrheic dermatitis	قشرة على فروة الرأس
HP:0001052	Nevus flammeus	بقعة بورتوينية
HP:0011487	Increased corneal thickness	زيادة سماكة القرنية
HP:0011499	Mydriasis	حدقة عين متوسعة
HP:0011500	Polycoria	وجود عدة حدقات
HP:0011501	Anterior lenticonus	بروز عدسة العين
HP:0011503	Aplasia of the fovea	غياب منطقة النقرة
HP:0011505	Cystoid macular edema	تجمع سوائل في البقعة
HP:0011507	Macular flecks	بقع غير واضحة في البقعة
HP:0011509	Macular hyperpigmentation	زيادة التصبغ في البقعة
HP:0011510	Drusen	ترسبات صفراء في العين
HP:0011512	Fundus hyperpigmentation	زيادة التصبغ في قاع العين
HP:0001053	Hypopigmented skin patches	فقدان جزئي للون الجلد
HP:0001054	Numerous nevi	عدد كبير من الوحمات
HP:0001055	Erysipelas	التهاب الحمرة
HP:0001056	Milia	البثور البيضاء الصغيرة
HP:0001057	Aplasia cutis congenita	غياب جزء من الجلد عند الولادة
HP:0001058	Poor wound healing	ضعف التئام الجروح
HP:0001059	Pterygium	الظفرة
HP:0001060	Axillary pterygium	وجود غشاء في الإبط
HP:0001061	Acne	حب الشباب
HP:0001063	Acrocyanosis	ازرقاق اليدين أو القدمين
HP:0032988	Persistent head lag	عدم استقامة الرأس
HP:0011443	Abnormality of coordination	صعوبة في الحركة المنسقة
HP:0011448	Ankle clonus	حركات كاحل لا إرادية
HP:0011449	Knee clonus	حركات ركبة لا إرادية
HP:0011451	Primary microcephaly	رأس صغير عند الولادة
HP:0011457	Loss of eyelashes	الرموش غير موجودة
HP:0011462	Young adult onset	ظهور في فترة الشباب
HP:0011463	Childhood onset	أعراض تبدأ في الطفولة
HP:0011473	Villous atrophy	تلف زغابات الأمعاء
HP:0011476	Profound sensorineural hearing impairment	فقدان كامل للسمع
HP:0011514	Abnormality of binocular vision	مشاكل في رؤية الصور بوضوح من كلتا العينين
HP:0430028	Hyperplasia of the maxilla	زيادة في حجم الفك العلوي
HP:0430048	Intracranial calcification	تمعدن في الدماغ
HP:0001935	Microcytic anemia	فقر الدم بحجم خلايا صغير
HP:0001939	Abnormality of metabolism/homeostasis	اضطرابات في العمليات الحيوية
HP:0001941	Acidosis	زيادة في حموضة الجسم
HP:0001942	Metabolic acidosis	زيادة حموضة الدم بسبب الأيض
HP:0001943	Hypoglycemia	انخفاض مستوى السكر في الدم
HP:0001944	Dehydration	جفاف
HP:0001945	Fever	حمى
HP:0001946	Ketosis	ارتفاع مستويات الأجسام الكيتونية
HP:0001947	Renal tubular acidosis	تراكم الحموض بسبب مشكلة في الكليتين
HP:0001948	Alkalosis	قلة الحموضة في الجسم
HP:0001950	Respiratory alkalosis	قلوية بسبب فقدان ثاني أكسيد الكربون
HP:0001951	Episodic ammonia intoxication	التسمم الأموني الموضعي
HP:0001952	Glucose intolerance	صعوبة في معالجة الجلوكوز
HP:0001954	Recurrent fever	حُمّى تأتي وتذهب
HP:0001955	Unexplained fevers	حُمّى بلا سبب معروف
HP:0001956	Truncal obesity	سمنة في منطقة البطن
HP:0001958	Nonketotic hypoglycemia	نقص سكر الدم غير الكيتوني
HP:0001081	Cholelithiasis	حصى في المرارة
HP:0001082	Cholecystitis	التهاب في المرارة
HP:0001083	Ectopia lentis	خَلل في وضع العدسة
HP:0001084	Corneal arcus	قوس في القرنية
HP:0001085	Papilledema	تورم حليمة العصب البصري
HP:0001087	Developmental glaucoma	الجلوكوما لدى الأطفال
HP:0001088	Brushfield spots	بقع بيضاء في القزحية
HP:0001089	Iris atrophy	ضمور القزحية
HP:0001090	Abnormally large globe	عيون كبيرة
HP:0001092	Absent lacrimal punctum	غياب فتحة الدمع
HP:0001065	Striae distensae	علامات تمدد الجلد
HP:0001067	Neurofibroma	الورم العصبي الليفي
HP:0001069	Episodic hyperhidrosis	فرط التعرق العرضي
HP:0001070	Mottled pigmentation	تصبغات جلدية مبقعة
HP:0001071	Angiokeratoma corporis diffusum	التقرن الوعائي المنتشر
HP:0001072	Thickened skin	جلد سميك
HP:0001073	Cigarette-paper scars	ندوب رقيقة
HP:0001075	Atrophic scars	ندوب منخفضة
HP:0001076	Glabellar hemangioma	ورم وعائي بين الحاجبين
HP:0001080	Biliary tract abnormality	اضطراب في القنوات الصفراوية
HP:0000136	Bifid uterus	رحم مشقوق
HP:0000137	Abnormality of the ovary	مرض المبيض
HP:0000138	Ovarian cyst	كيس على المبيض
HP:0000139	Uterine prolapse	هبوط الرحم
HP:0000141	Amenorrhea	عدم وجود الحيض
HP:0000142	Abnormal vagina morphology	تشوه في المهبل
HP:0000143	Rectovaginal fistula	اتصال غير طبيعي بين المستقيم والمهبل
HP:0000414	Bulbous nose	أنف منتفخ
HP:0000417	Slender nose	أنف نحيف
HP:0000418	Narrow nasal ridge	أنف ضيق
HP:0001093	Optic nerve dysplasia	خلل تطور العصب البصري
HP:0001096	Keratoconjunctivitis	التهاب العين
HP:0001098	Abnormal fundus morphology	خلل في العين
HP:0001099	Atrophic fundus lesion	ضمور في العين
HP:0001100	Heterochromia iridis	لون قزحية مختلف
HP:0001102	Angioid streaks	تشققات في شبكية العين
HP:0001103	Abnormal macular morphology	خلل في مركز الشبكية
HP:0000133	Gonadal dysgenesis	خلل في تطور الغدد التناسلية
HP:0000134	Female hypogonadism	انخفاض وظيفة المبايض
HP:0000135	Hypogonadism	انخفاض نشاط الغدد التناسلية
HP:0000420	Short nasal septum	حاجز أنفي قصير
HP:0000421	Epistaxis	نزيف الأنف
HP:0000426	Prominent nasal bridge	ارتفاع جسر الأنف
HP:0000430	Underdeveloped nasal alae	نمو غير مكتمل حول فتحتي الأنف
HP:0000431	Wide nasal bridge	جسر الأنف العريض
HP:0000437	Depressed nasal tip	أنف مسطح
HP:0000444	Convex nasal ridge	أنف معقوف
HP:0000445	Wide nose	أنف عريض
HP:0000446	Narrow nasal bridge	جسر الأنف الضيق
HP:0000447	Pear-shaped nose	أنف كمثري الشكل
HP:0001959	Polydipsia	عطش شديد
HP:0001960	Hypokalemic metabolic alkalosis	توازن قلوي استقلابي مع نقص البوتاسيوم
HP:0001964	Aplasia/Hypoplasia of metatarsal bones	غياب أو عدم نمو عظمة القدم الطويلة
HP:0001967	Diffuse mesangial sclerosis	تصلب الميزانجيام المنتشر
HP:0001970	Tubulointerstitial nephritis	التهاب الكلى في الأنسجة المحيطة بالنبيبات
HP:0001971	Hypersplenism	خلل في وظيفة الطحال
HP:0001972	Macrocytic anemia	فقر دم مع زيادة حجم خلايا الدم
HP:0001973	Autoimmune thrombocytopenia	قلة في عدد الصفائح الدموية بسبب المناعة الذاتية
HP:0001974	Increased total leukocyte count	زيادة في عدد خلايا الدم البيضاء
HP:0001975	Decreased platelet glycoprotein IIb-IIIa	انخفاض بروتين في الصفائح الدموية
HP:0001976	Reduced antithrombin III activity	انخفاض مضاد التجلط
HP:0001977	Abnormal thrombosis	تجلط دموي غير طبيعي
HP:0001978	Extramedullary hematopoiesis	تكوين الدم خارج العظم
HP:0001981	Schistocytosis	وجود خلايا دم متكسرة في الدم
HP:0001982	Sea-blue histiocytosis	خلايا بنية زرقاء في الدم
HP:0001985	Hypoketotic hypoglycemia	نقص سكر الدم مع نقص الكيتونات
HP:0001987	Hyperammonemia	زيادة مستويات الأمونيا في الدم
HP:0001988	Recurrent hypoglycemia	نوبات سكر دم منخفض متكررة
HP:0001989	Fetal akinesia sequence	قلة حركة الجنين
HP:0001992	Organic aciduria	خروج أحماض عضوية في البول
HP:0001993	Ketoacidosis	الحماض بسبب تراكم الأجسام الكيتونية
HP:0001994	Renal Fanconi syndrome	فقدان المواد الصغيرة في البول
HP:0001995	Hyperchloremic acidosis	الحماض بسبب زيادة الكلوريد
HP:0001997	Gout	التهاب المفاصل بسبب حمض اليوريك
HP:0001998	Neonatal hypoglycemia	انخفاض السكر في دم المولود الجديد
HP:0001999	Abnormal facial shape	شكل وجه غير مألوف
HP:0002000	Short columella	قصر عمود الأنف
HP:0002002	Deep philtrum	الحيد الواضح
HP:0002003	Large forehead	جبهة أكبر من المعتاد
HP:0002006	Tessier cleft	شق في الوجه
HP:0002023	Anal atresia	غياب فتحة الشرج
HP:0002024	Malabsorption	مشاكل في الامتصاص الأمعائي
HP:0002025	Anal stenosis	تضييق فتحة الشرج
HP:0002027	Abdominal pain	ألم في البطن
HP:0002028	Chronic diarrhea	إسهال مستمر
HP:0002032	Esophageal atresia	عيب خلقي في المريء
HP:0002033	Poor suck	صعوبة في الرضاعة
HP:0002035	Rectal prolapse	خروج المستقيم من فتحة الشرج
HP:0002036	Hiatus hernia	فتق المعدة
HP:0002037	Inflammation of the large intestine	التهاب الأمعاء الغليظة
HP:0002007	Frontal bossing	بروز الجبهة
HP:0002009	Potter facies	وجه بوتر
HP:0002011	Morphological central nervous system abnormality	تشوهات الجهاز العصبي المركزي
HP:0002013	Vomiting	قيء
HP:0002014	Diarrhea	إسهال
HP:0002015	Dysphagia	صعوبة البلع
HP:0002018	Nausea	غثيان
HP:0002019	Constipation	إمساك
HP:0002020	Gastroesophageal reflux	الحموضة
HP:0002021	Pyloric stenosis	تضيق البواب
HP:0000475	Broad neck	العنق العريض
HP:0000476	Cystic hygroma	التورم الكيسي في الرقبة
HP:0000478	Abnormality of the eye	خلل في العين
HP:0000479	Abnormal retinal morphology	مشكلة في الشبكية
HP:0000480	Retinal coloboma	ثقب في الجزء الخلفي من العين
HP:0000481	Abnormal cornea morphology	خلل في القرنية
HP:0000482	Microcornea	القرنية أقل من 10 مم في القطر
HP:0000483	Astigmatism	انحناء غير طبيعي في القرنية أو عدسة العين
HP:0000484	Hyperopic astigmatism	اللابؤرية مفرطة البعد
HP:0000485	Megalocornea	تكبير القرنية
HP:0000448	Prominent nose	أنف كبير
HP:0000451	Triangular nasal tip	طرف أنفي مثلث
HP:0000452	Choanal stenosis	تضيق الفتحة الخلفية للتجويف الأنفي
HP:0000453	Choanal atresia	انسداد الفتحة الخلفية للتجويف الأنفي
HP:0000454	Flared nostrils	فتحة الأنف المتسعة
HP:0000455	Broad nasal tip	طرف أنف واسع
HP:0000456	Bifid nasal tip	طرف أنف مشقوق
HP:0000457	Depressed nasal ridge	أنف مسطح
HP:0000458	Anosmia	فقدان الشم
HP:0000460	Narrow nose	أنف رفيع
HP:0000463	Anteverted nares	أنف مقلوب
HP:0000464	Abnormality of the neck	خلل في الرقبة
HP:0000465	Webbed neck	رقبة مجنحة
HP:0000466	Limited neck range of motion	حركة محدودة للرقبة
HP:0000467	Neck muscle weakness	ضعف في الرقبة
HP:0000468	Increased adipose tissue around the neck	زيادة الدهون حول الرقبة
HP:0000470	Short neck	رقبة قصيرة
HP:0000472	Long neck	رقبة طويلة
HP:0000473	Torticollis	الصعر
HP:0000474	Thickened nuchal skin fold	زيادة سماكة الجلد في الرقبة
HP:0002038	Protein avoidance	تجنب البروتين
HP:0002039	Anorexia	فقدان الشهية
HP:0002040	Esophageal varix	دوالي المريء
HP:0002041	Intractable diarrhea	إسهال مستمر
HP:0002045	Hypothermia	برودة الجسم
HP:0002046	Heat intolerance	عدم تحمل الحرارة
HP:0002047	Malignant hyperthermia	فرط الحرارة الخبيث
HP:0002049	Proximal renal tubular acidosis	حماض كلوي
HP:0002050	Macroorchidism, postpubertal	تضخم الخصية بعد البلوغ
HP:0002055	Curved linear dimple below the lower lip	غمازة تحت الشفة
HP:0000486	Strabismus	حول العينين
HP:0000488	Retinopathy	مرض غير التهابي في الشبكية
HP:0000490	Deeply set eye	عين غائرة
HP:0000491	Keratitis	التهاب القرنية
HP:0000493	Abnormal foveal morphology	تشوه الفوهة المركزية
HP:0000494	Downslanted palpebral fissures	ميلان الجفن نحو الأسفل
HP:0000495	Recurrent corneal erosions	تآكلات في الطبقة الشفافة للعين تتكرر
HP:0000496	Abnormality of eye movement	حركة غير طبيعية للعين
HP:0000498	Blepharitis	التهاب الجفون
HP:0000501	Glaucoma	الماء الأزرق
HP:0000502	Abnormal conjunctiva morphology	شكل غير طبيعي للملتحمة
HP:0000503	Tortuosity of conjunctival vessels	التواء أوعية الملتحمة
HP:0000504	Abnormality of vision	مشاكل في النظر
HP:0000505	Visual impairment	ضعف البصر
HP:0000506	Telecanthus	تباعد أركان العين
HP:0000508	Ptosis	تدلي الجفن العلوي
HP:0000509	Conjunctivitis	احمرار العين
HP:0000510	Rod-cone dystrophy	ضمور الشبكية الوراثي
HP:0000511	Vertical supranuclear gaze palsy	شلل في حركات العين العمودية
HP:0000512	Abnormal electroretinogram	اختبار كهربي للشبكية غير طبيعي
HP:0002058	Myopathic facies	وجه تعابيره ضعيفة
HP:0002059	Cerebral atrophy	تدهور الدماغ
HP:0002060	Abnormal cerebral morphology	تشوه في الدماغ
HP:0002061	Lower limb spasticity	تشنج في الساقين
HP:0002062	Abnormal pyramidal tract morphology	تشوه في مسار الأعصاب الحركية
HP:0002063	Rigidity	تيبس في العضلات
HP:0002064	Spastic gait	مشية متصلبة
HP:0002066	Gait ataxia	صعوبة في التنسيق عند المشي
HP:0002067	Bradykinesia	حركات بطيئة
HP:0002069	Bilateral tonic-clonic seizure	نوبة صرعية كبرى
HP:0002070	Limb ataxia	صعوبة في تحريك الأطراف
HP:0002071	Abnormality of extrapyramidal motor function	مشاكل حركية
HP:0002072	Chorea	حركات لا إرادية
HP:0002073	Progressive cerebellar ataxia	تدهور التنسيق الحركي تدريجياً
HP:0002074	Increased neuronal autofluorescent lipopigment	تراكم المادة الشحمية في الأعصاب
HP:0002075	Dysdiadochokinesis	صعوبة في التناوب السريع للحركات
HP:0002076	Migraine	صداع الشقيقة
HP:0002078	Truncal ataxia	عدم استقرار الجذع
HP:0002079	Hypoplasia of the corpus callosum	نقص نمو الجسم الثفني في الدماغ
HP:0002080	Intention tremor	رعشة عند الحركة
HP:0000514	Slow saccadic eye movements	حركة العين البطيئة
HP:0000518	Cataract	عدسة العين غائمة
HP:0000519	Developmental cataract	غيان العدسة عند الولادة
HP:0000520	Proptosis	بروز العينين
HP:0000522	Alacrima	عدم إفراز الدموع
HP:0000523	Subcapsular cataract	إعتام أسفل محفظة العدسة
HP:0000524	Conjunctival telangiectasia	أوعية دموية صغيرة متوسعة قرب غشاء العين
HP:0000526	Aniridia	غياب القزحية
HP:0000527	Long eyelashes	رموش العين الطويلة
HP:0000528	Anophthalmia	غياب مقلة العين
HP:0000529	Progressive visual loss	فقدان البصر التدريجي
HP:0000531	Corneal crystals	الكريستالات في القرنية
HP:0000533	Chorioretinal atrophy	ضمور المشيمية والشبكية
HP:0000534	Abnormal eyebrow morphology	تشوه الحاجب
HP:0000537	Epicanthus inversus	طية جلدية في الزاوية الداخلية للعين
HP:0000538	Pseudopapilledema	تورم كاذب في القرص البصري
HP:0000539	Abnormality of refraction	خلل في تركيز الضوء في العين
HP:0000540	Hypermetropia	طول النظر
HP:0000541	Retinal detachment	انفصال الشبكية
HP:0000543	Optic disc pallor	شحوب القرص البصري
HP:0002097	Emphysema	انتفاخ الرئة
HP:0002098	Respiratory distress	صعوبات التنفس
HP:0002099	Asthma	ربو
HP:0002100	Recurrent aspiration pneumonia	التهاب رئوي متكرر بسبب الشفط
HP:0002101	Abnormal lung lobation	تشوه في تقسيم الرئة
HP:6000680	Low serum osmolality	انخفاض الأسمولية في الدم
HP:6000701	Elevated urinary bile acid level	زيادة حمض الصفراء في البول
HP:0030318	Angular cheilitis	التهاب زوايا الفم
HP:0030319	Weakness of facial musculature	ضعف عضلات الوجه
HP:0030329	Retinal thinning on OCT	ترقق الشبكية
HP:0030353	Decreased circulating serum insulin-like growth factor 1 concentration	انخفاض IGF1 في الدم
HP:0035030	Elevated circulating carnitine concentration	زيادة الكارنيتين في الدم
HP:0040010	Small posterior fossa	حجم صغير للحفرة الخلفية
HP:0032712	Focal impaired awareness motor seizure	نوبة بؤرية مع فقدان تركيز وجزء من الحركة
HP:0032716	Focal impaired awareness non-motor seizure	نوبة بؤرية مع فقدان تركيز بدون حركة
HP:0032790	Focal impaired awareness behavior arrest seizure	نوبة بؤرية مع توقف الحركة وفقدان التركيز
HP:0032792	Tonic seizure	نوبة تصلب
HP:0032794	Myoclonic seizure	نفضة عضلية مفاجئة
HP:0032795	Generalized myoclonic-tonic-clonic seizure	نوبة شاملة مع تشنجات ورعاش
HP:5200038	Bradylalia	كلام بطيء
HP:0000544	External ophthalmoplegia	شلل في عضلات العين الخارجية
HP:0000545	Myopia	قصر النظر
HP:0000546	Retinal degeneration	تنكس الشبكية
HP:0000548	Cone/cone-rod dystrophy	ضمور شبكي
HP:0000549	Abnormal conjugate eye movement	خلل في توازن حركة العينين
HP:0000550	Undetectable electroretinogram	غياب استجابة الشبكية للكهرباء
HP:0000551	Color vision defect	مشاكل في تمييز الألوان
HP:0000554	Uveitis	التهاب في العين
HP:0000555	Leukocoria	انعكاس أبيض من الحدقة
HP:0000556	Retinal dystrophy	تنكس في خلايا الشبكية
HP:0002084	Encephalocele	انتفاخ دماغي في الجمجمة
HP:0002085	Occipital encephalocele	بروز أنسجة الدماغ من الجزء الخلفي للجمجمة
HP:0002086	Abnormality of the respiratory system	خلل في الجهاز التنفسي
HP:0002088	Abnormal lung morphology	شكل غير عادي للرئة
HP:0002089	Pulmonary hypoplasia	رئتان غير متطورون جيدًا
HP:0002090	Pneumonia	التهاب الرئة
HP:0002091	Restrictive ventilatory defect	تيبس الرئة أو جدار الصدر يسبب نقص حجم الرئة
HP:0002092	Pulmonary arterial hypertension	ارتفاع ضغط الدم في أوعية الرئة
HP:0002093	Respiratory insufficiency	ضعف في التنفس
HP:0002094	Dyspnea	صعوبة في التنفس
HP:5200046	Sensory behavioral abnormality	سلوك حسي غير عادي
HP:5200058	Sensory hypersensitivity	تحسس زائد
HP:5200110	Infrequent social engagement with peers	قليل التفاعل الاجتماعي
HP:0000571	Hypometric saccades	حركات عين ناقصة المدى
HP:0000572	Visual loss	فقدان البصر
HP:0000573	Retinal hemorrhage	نزيف في الشبكية
HP:0000574	Thick eyebrow	حاجبين كثيفين
HP:0000575	Scotoma	نقطة عمياء
HP:0000577	Exotropia	انحراف العين للخارج
HP:0000579	Nasolacrimal duct obstruction	انسداد القناة الدمعية
HP:0001139	Chorioretinal scalloped atrophy	ضمور في مؤخرة العين
HP:0001140	Limbal dermoid	ورم عيني حميد
HP:0001141	Severely reduced visual acuity	ضعف شديد في الرؤية
HP:0001142	Lenticonus	شكل عدسة غير طبيعي
HP:0001144	Orbital cyst	كيس حول العين
HP:0001147	Retinal exudate	ترسبات في الشبكية
HP:0001151	Impaired horizontal smooth pursuit	صعوبة في متابعة الأشياء أفقياً
HP:0001152	Saccadic smooth pursuit interruptions	تقاطع الملاحقة السلسة بالعين
HP:0001153	Septate vagina	مهبل مزدوج
HP:0001155	Abnormality of the hand	يد غير طبيعية
HP:0001156	Brachydactyly	أصابع قصيرة
HP:0001159	Syndactyly	أصابع ملتحمة
HP:0001161	Hand polydactyly	إصبع زائد
HP:0001162	Postaxial hand polydactyly	أصبع زائد بجانب إصبع الخنصر
HP:0001166	Arachnodactyly	أصابع طويلة ونحيفة
HP:0001167	Abnormal finger morphology	تشوه الإصبع
HP:0001169	Broad palm	راحة اليد العريضة
HP:0001171	Split hand	يد مشقوقة
HP:0001172	Abnormal thumb morphology	تشوه الإبهام
HP:0001176	Large hands	أيادي كبيرة
HP:0001177	Preaxial hand polydactyly	إصبع إبهام إضافي
HP:0001181	Adducted thumb	إبهام ملتف للداخل
HP:0000557	Buphthalmos	تضخم العين
HP:0000558	Rieger anomaly	تشوه في مقدمة العين
HP:0000559	Corneal scarring	ندوب في القرنية
HP:0000561	Absent eyelashes	عدم وجود رموش
HP:0000563	Keratoconus	انتفاخ القرنية
HP:0000564	Lacrimal duct atresia	انسداد قناة الدموع
HP:0000565	Esotropia	حول تجاه الداخل
HP:0000567	Chorioretinal coloboma	ثقب خلقي في مؤخرة العين
HP:0000568	Microphthalmia	صغر حجم مقلة العين
HP:0000570	Abnormal saccadic eye movements	حركات العين غير الطبيعية
HP:0001182	Tapered finger	أصابع مدببة
HP:0001187	Hyperextensibility of the finger joints	مرونة زائدة في مفاصل الأصابع
HP:0001188	Hand clenching	يد مغلقة
HP:0001191	Abnormal carpal morphology	تشوه عظام الرسغ
HP:0001193	Ulnar deviation of the hand or of fingers of the hand	انحراف زندي لليد
HP:0001195	Single umbilical artery	شريان واحد في الحبل السري بدل اثنين
HP:0001196	Short umbilical cord	حبل سري قصير
HP:0001199	Triphalangeal thumb	إبهام يشبه الإصبع
HP:0001204	Distal symphalangism of hands	التحام العظام الخارجية لليد
HP:0001212	Prominent fingertip pads	بروز في وسائد أطراف الأصابع
HP:0001215	Camptodactyly of 2nd-5th fingers	عدم توسع الأصابع
HP:0001216	Delayed ossification of carpal bones	نمو متأخر لعظام المعصم
HP:0001217	Clubbing	انتفاخ نهاية الأصابع
HP:0001218	Autoamputation	انفصال ذاتي
HP:0001222	Spatulate thumbs	إبهام مجوف الشكل
HP:0001223	Pointed proximal second through fifth metacarpals	انحناء مشحوذ لعظام اليد
HP:0001225	Wrist swelling	تورم المعصم
HP:0001230	Broad metacarpals	عرض عظام اليد
HP:0001231	Abnormal fingernail morphology	تشوه الأظافر
HP:0001233	2-3 finger cutaneous syndactyly	تلاصق الأصابع
HP:0001234	Hitchhiker thumb	إبهام منحني
HP:0001238	Slender finger	أصابع رفيعة
HP:0001239	Wrist flexion contracture	تيبس الرسغ
HP:0001241	Capitate-hamate fusion	اندماج العظام في اليد
HP:0001245	Small thenar eminence	صغر منطقة الإبهام
HP:0001248	Short tubular bones of the hand	عظام اليد القصيرة
HP:0001249	Intellectual disability	تأخر عقلي
HP:0001250	Seizure	صرع
HP:0001251	Ataxia	عدم الاتزان
HP:0001252	Hypotonia	ضعف التوتر العضلي
HP:0000153	Abnormality of the mouth	تشوه الفم
HP:0000154	Wide mouth	فم واسع
HP:0000155	Oral ulcer	قرحة الفم
HP:0000158	Macroglossia	لسان كبير
HP:0000160	Narrow mouth	فم ضيق
HP:0000161	Median cleft upper lip	شق مركزي في الشفة العليا
HP:0000162	Glossoptosis	انطواء اللسان
HP:0000164	Abnormality of the dentition	تشوه الأسنان
HP:0000169	Gingival fibromatosis	تليف اللثة
HP:0000171	Microglossia	لسان صغير
HP:0001254	Lethargy	خمول
HP:0001256	Mild intellectual disability	تأخر عقلي خفيف
HP:0001257	Spasticity	تصلب أو انقباض أو تشنج لا إرادي في العضلات
HP:0001258	Spastic paraplegia	شلل في الأطراف السفلى مع تشنج
HP:0001259	Coma	غيبوبة
HP:0001260	Dysarthria	صعوبة في التعبير بالكلام
HP:0001262	Excessive daytime somnolence	نعاس مفرط أثناء النهار
HP:0001263	Global developmental delay	تأخر نمو شامل عند الأطفال
HP:0001264	Spastic diplegia	تشنج في عضلات الساقين والوركين والحوض
HP:0001265	Hyporeflexia	ضعف في استجابة المنعكسات
HP:0001266	Choreoathetosis	حركات لاإرادية
HP:0001268	Mental deterioration	ضعف عقلي متزايد
HP:0001269	Hemiparesis	ضعف في جانب واحد من الجسم
HP:0001270	Motor delay	تأخر في تعلم الحركات
HP:0001271	Polyneuropathy	مرض الأعصاب الطرفية
HP:0001272	Cerebellar atrophy	تلف المخيخ
HP:0001273	Abnormal corpus callosum morphology	تشوه في الجسم الثفني
HP:0001274	Agenesis of corpus callosum	غياب الجسم الثفني
HP:0001276	Hypertonia	تشنج وصلابة العضلات
HP:0001278	Orthostatic hypotension	هبوط ضغط الدم عند الوقوف
HP:0000206	Glossitis	التهاب اللسان
HP:0000207	Triangular mouth	فم مثلث الشكل
HP:0000211	Trismus	تقليل حركة الفم
HP:0000212	Gingival overgrowth	تضخم اللثة
HP:0000214	Lip telangiectasia	عروق العنكبوت في الشفاه
HP:0000215	Thick upper lip vermilion	شفة علوية ممتلئة
HP:0000216	Broad secondary alveolar ridge	تضخم القوس السنخية الثانوية
HP:0000217	Xerostomia	جفاف الفم
HP:0000218	High palate	ارتفاع الحنك
HP:0000219	Thin upper lip vermilion	شفة علوية رقيقة
HP:0001279	Syncope	الإغماء
HP:0001281	Tetany	تشنجات عضلية لاإرادية متقطعة
HP:0001283	Bulbar palsy	ضعف عضلات البلع والتنفس
HP:0000144	Decreased fertility	ضعف الخصوبة
HP:0000145	Transverse vaginal septum	حاجز في المهبل
HP:0000147	Polycystic ovaries	تكيس المبايض
HP:0000148	Vaginal atresia	انسداد أو غياب المهبل
HP:0000149	Ovarian gonadoblastoma	ورم نادر في المبيض
HP:0000150	Gonadoblastoma	ورم في خلايا الغدد التناسلية
HP:0000151	Aplasia of the uterus	غياب الرحم
HP:0000193	Bifid uvula	اللهاة المشقوقة
HP:0000194	Open mouth	الفم مفتوح دائمًا
HP:0000196	Lower lip pit	حفرة في الشفة السفلى
HP:0000197	Abnormal parotid gland morphology	تشوه الغدة النكافية
HP:0000198	Absence of Stensen duct	غياب قناة ستنسن
HP:0000199	Tongue nodules	عقيدات على اللسان
HP:0000201	Pierre-Robin sequence	تتابع بيير روبن
HP:0000202	Orofacial cleft	الشقوق في الفم
HP:0000204	Cleft upper lip	شق في الشفة العلوية
HP:0000205	Pursed lips	شفتين مزمومتين
HP:0000175	Cleft palate	الشق في سقف الفم
HP:0000176	Submucous cleft hard palate	الشق تحت المخاطي في سقف الفم
HP:0000179	Thick lower lip vermilion	شفة سفلية ممتلئة
HP:0000180	Lobulated tongue	لسان وعر
HP:0000183	Tongue muscle weakness	ضعف في اللسان
HP:0000185	Cleft soft palate	الشق في الحنك اللين
HP:0000187	Broad alveolar ridges	حواف لثة واسعة
HP:0000189	Narrow palate	سقف فم ضيق
HP:0000190	Abnormal oral frenulum morphology	تشوه الحبال الفموية
HP:0000191	Accessory oral frenulum	حبال فموية إضافية
HP:0000220	Velopharyngeal insufficiency	قصور البلعوم الأنفي
HP:0000221	Furrowed tongue	لسان مشقوق
HP:0000225	Gingival bleeding	نزيف اللثة
HP:0000230	Gingivitis	التهاب واحمرار اللثة
HP:0000232	Everted lower lip vermilion	انقلاب الشفة السفلية
HP:0000233	Thin vermilion border	شفاه رقيقة
HP:0000234	Abnormality of the head	تشوهات الرأس
HP:0000237	Small anterior fontanelle	يافوخ أمامي صغير
HP:0000238	Hydrocephalus	زيادة السوائل في الدماغ
HP:0000239	Large fontanelles	يافوخات واسعة
HP:0001489	Posterior vitreous detachment	انفصال السائل الزجاجي
HP:0001493	Falciform retinal fold	انثناء خلقي في الشبكية
HP:0001495	Carpal osteolysis	تآكل عظام الرسغ
HP:0001498	Carpal bone hypoplasia	صِغَر عظام الرسغ
HP:0001500	Broad finger	إصبع عريض
HP:0001501	6 metacarpals	6 عظام يد طويلة
HP:0001504	Metacarpal osteolysis	تآكل عظام مشط اليد
HP:0001507	Growth abnormality	مشكلة في النمو
HP:0001508	Failure to thrive	ضعف زيادة الوزن
HP:0001510	Growth delay	تأخر في النمو
HP:0000242	Parietal bossing	بروز في جانب الرأس
HP:0000243	Trigonocephaly	رأس مثلث
HP:0000244	Brachyturricephaly	جبين بارز وعالي
HP:0000246	Sinusitis	التهاب في الجيوب الأنفية
HP:0000248	Brachycephaly	رأس واسع
HP:0000250	Dense calvaria	عظم جمجمة شديد الصلابة
HP:0000252	Microcephaly	رأس صغير
HP:0000253	Progressive microcephaly	صغر رأس تدريجي
HP:0000256	Macrocephaly	رأس كبير
HP:0000260	Wide anterior fontanel	اليافوخ الأوسع من المعتاد
HP:0001511	Intrauterine growth retardation	توقف نمو الجنين
HP:0001513	Obesity	زيادة الوزن
HP:0001518	Small for gestational age	وزن ولادة منخفض
HP:0001519	Disproportionate tall stature	الجسم الطويل والنحيل
HP:0001520	Large for gestational age	وزن ولادة مرتفع
HP:0001522	Death in infancy	وفاة الطفل الرضيع
HP:0001525	Severe failure to thrive	انخفاض وزن شديد
HP:0001528	Hemihypertrophy	نمو زائد غير متساوٍ
HP:0001530	Mild postnatal growth retardation	نقص نمو بسيط
HP:0001531	Failure to thrive in infancy	انخفاض الوزن عند الرضيع
HP:0001548	Overgrowth	نمو مفرط
HP:0001551	Abnormal umbilicus morphology	شكل غير طبيعي للسرة
HP:0001552	Barrel-shaped chest	صدر ممتليء
HP:0001555	Asymmetry of the thorax	صدر غير متناسق
HP:0001557	Prenatal movement abnormality	حركة غير طبيعية للجنين
HP:0001558	Decreased fetal movement	حركة قليلة للجنين
HP:0001560	Abnormality of the amniotic fluid	مشاكل في السائل الأمنيوسي
HP:0001561	Polyhydramnios	زيادة في السائل الأمنيوسي
HP:0001562	Oligohydramnios	نقص في السائل الأمنيوسي
HP:0001563	Fetal polyuria	زيادة بول الجنين
HP:0000262	Turricephaly	شكل الرأس الطويل
HP:0000263	Oxycephaly	جمجمة مخروطية
HP:0000265	Mastoiditis	التهاب الأذن الوسطى
HP:0000267	Cranial asymmetry	عدم تناسق شكل الرأس
HP:0000268	Dolichocephaly	الرأس الطويل والضيق
HP:0000269	Prominent occiput	بروز في مؤخرة الرأس
HP:0000270	Delayed cranial suture closure	تأخر إغلاق الدرزات في الرأس
HP:0000271	Abnormality of the face	وجه غير طبيعي
HP:0000272	Malar flattening	تسطيح في عظم الخد
HP:0000273	Facial grimacing	تقطب الوجه
HP:0001533	Slender build	جسم نحيل
HP:0001537	Umbilical hernia	انتفاخ حول السرة
HP:0001538	Protuberant abdomen	بطن كبير
HP:0001539	Omphalocele	بروز الأعضاء من السرة
HP:0001540	Diastasis recti	فجوة في عضلات البطن
HP:0001541	Ascites	تجمع السوائل في البطن
HP:0001543	Gastroschisis	بروز الأمعاء بسبب فتحة في البطن
HP:0001544	Prominent umbilicus	زر بطن بارز
HP:0001545	Anteriorly placed anus	فتحة الشرج في مقدمة
HP:0001547	Abnormal rib cage morphology	شذوذ في شكل القفص الصدري
HP:0001566	Widely-spaced maxillary central incisors	فجوة بين الأسنان الأمامية العلوية
HP:0001571	Multiple impacted teeth	الأسنان الغائرة المتعددة
HP:0001572	Macrodontia	حجم الأسنان كبير
HP:0001574	Abnormality of the integument	مشاكل في الجلد
HP:0001579	Primary hypercortisolism	زيادة إفراز الكورتيزول
HP:0001581	Recurrent skin infections	التهابات جلدية متكررة
HP:0001582	Redundant skin	جلد زائد ومترهل
HP:0001583	Rotary nystagmus	حركة عيون دوارة
HP:0001586	Vesicovaginal fistula	اتصال غير طبيعي بين المثانة والمهبل
HP:0001591	Bell-shaped thorax	شكل الصدر يشبه الجرس
HP:0001592	Selective tooth agenesis	فقدان سن
HP:0001595	Abnormal hair morphology	شكل شعر غير عادي
HP:0001596	Alopecia	تساقط الشعر
HP:0001597	Abnormal nail morphology	شكل أظافر غير عادي
HP:0001598	Concave nail	أظافر على شكل ملعقة
HP:0001600	Abnormality of the larynx	خلل في الحنجرة
HP:0001601	Laryngomalacia	الليونة الحنجرية
HP:0001602	Laryngeal stenosis	تضيق الحنجرة
HP:0001605	Vocal cord paralysis	شلل الأحبال الصوتية
HP:0001607	Subglottic stenosis	تضيق تحت المزمار
HP:0001608	Abnormality of the voice	شذوذ في الصوت
HP:0001609	Hoarse voice	صوت أجش
HP:0001611	Hypernasal speech	كلام أنفي
HP:0001612	Weak cry	بكاء ضعيف
HP:0001615	Hoarse cry	بكاء أجش
HP:0001618	Dysphonia	صعوبة في الصوت
HP:0001620	Abnormally high-pitched voice	صوت عالي النغمة
HP:0001621	Weak voice	صوت خافت
HP:0001622	Premature birth	ولادة مبكرة
HP:0001623	Breech presentation	قدمان أو مؤخرة الجنين قرب فتحة الرحم
HP:0001626	Abnormality of the cardiovascular system	مشاكل في الجهاز القلبي الوعائي
HP:0001627	Abnormal heart morphology	خلل في شكل القلب
HP:0001629	Ventricular septal defect	ثقب في الجدار الفاصل بين غرفتي القلب السفليتين
HP:0001631	Atrial septal defect	ثقب في الجدار الفاصل بين غرفتي القلب العلويتين
HP:0001633	Abnormal mitral valve morphology	خلل في شكل الصمام التاجي
HP:0001634	Mitral valve prolapse	ارتجاع الصمام التاجي
HP:0001635	Congestive heart failure	فشل القلب
HP:0001636	Tetralogy of Fallot	مرض قلبي خلقي معقد
HP:0001638	Cardiomyopathy	مرض في عضلة القلب
HP:0001639	Hypertrophic cardiomyopathy	تضخم وتثخن عضلة القلب
HP:0001640	Cardiomegaly	زيادة حجم القلب
HP:0001642	Pulmonic stenosis	تضيق الصمام الرئوي
HP:0001643	Patent ductus arteriosus	القناة الشريانية السالكة
HP:0001644	Dilated cardiomyopathy	توسع وضعف عضلة القلب
HP:0001645	Sudden cardiac death	الموت الفجائي للقلب
HP:0001284	Areflexia	غياب المنعكسات
HP:0001285	Spastic tetraparesis	ضعف تشنجي في الأطراف الأربعة
HP:0001287	Meningitis	التهاب السحايا
HP:0001288	Gait disturbance	صعوبة في المشي
HP:0001289	Confusion	الارتباك
HP:0001315	Reduced tendon reflexes	ركود في ردود الأوتار
HP:0001317	Abnormal cerebellum morphology	مشاكل في شكل المخيخ
HP:0001319	Neonatal hypotonia	ضعف العضلات عند الولادة
HP:0001320	Cerebellar vermis hypoplasia	نقص تطور الدودة المخيخية
HP:0001321	Cerebellar hypoplasia	نقص تطور المخيخ
HP:0001324	Muscle weakness	وهن العضلات
HP:0001325	Hypoglycemic coma	غيبوبة بسبب نقص السكر في الدم
HP:0001328	Specific learning disability	مشاكل تعلمية خاصة
HP:0001331	Absent septum pellucidum	غياب الجدار الشفاف في الدماغ
HP:0001332	Dystonia	عدم السيطرة على الحركة
HP:0001290	Generalized hypotonia	ضعف عام في العضلات
HP:0001297	Stroke	جلطة دماغية
HP:0001298	Encephalopathy	مرض في الدماغ
HP:0001300	Parkinsonism	مرض الرعاش
HP:0001302	Pachygyria	تلافيف دماغية كبيرة وقليلة
HP:0001304	Torsion dystonia	تشنجات عضلية لا إرادية
HP:0001305	Dandy-Walker malformation	كيس في المخيخ
HP:0001308	Tongue fasciculations	تحركات غير إرادية للسان
HP:0001310	Dysmetria	عدم تنسيق الحركة
HP:0001311	Abnormal nervous system electrophysiology	خلل في الإشارات العصبية
HP:0001334	Communicating hydrocephalus	تجمع سوائل في الدماغ بدون انسداد
HP:0001335	Bimanual synkinesia	حركات اليد المرآتية
HP:0001336	Myoclonus	حركات رجفة
HP:0001337	Tremor	رجفان
HP:0001338	Partial agenesis of the corpus callosum	تكون ناقص للجسم الثفني
HP:0001339	Lissencephaly	قلة الأخاديد في الدماغ
HP:0001341	Olfactory lobe agenesis	غياب الفص الشمي
HP:0001342	Cerebral hemorrhage	نزيف في المخ
HP:0001343	Kernicterus	تلف الدماغ بسبب اليرقان
HP:0001344	Absent speech	عدم قدرة على الكلام
HP:0001347	Hyperreflexia	ردود فعل متزايدة
HP:0001348	Brisk reflexes	ردود فعل نشطة
HP:0001349	Facial diplegia	شلل وجهي مزدو  ج
HP:0001350	Slurred speech	الكلام غير الواضح
HP:0001355	Megalencephaly	كبر حجم الدماغ
HP:0001357	Plagiocephaly	عدم تناظر الرأس
HP:0001360	Holoprosencephaly	فتحة دماغية واحدة
HP:0001361	Nystagmus-induced head nodding	اهتزاز الرأس بسبب الرأرأة
HP:0001362	Calvarial skull defect	عيب في جمجمة الرأس
HP:0001363	Craniosynostosis	تشوه الجمجمة
HP:0001367	Abnormal joint morphology	خلل في شكل المفاصل
HP:0001369	Arthritis	التهاب في المفاصل
HP:0001370	Rheumatoid arthritis	التهاب المفاصل الروماتزما
HP:0001371	Flexion contracture	مفصل مثني لا يمكن تقويمه
HP:0001373	Joint dislocation	خلع في المفاصل
HP:0001374	Congenital hip dislocation	ورك مخلوع منذ الولادة
HP:0001376	Limitation of joint mobility	حركة محدودة في المفصل
HP:0001377	Limited elbow extension	صعوبة في تمديد الكوع
HP:0001382	Joint hypermobility	مفاصل مرنة
HP:0001384	Abnormal hip joint morphology	خلل في مفصل الورك
HP:0001385	Hip dysplasia	تكوين غير طبيعي للورك
HP:0001386	Joint swelling	تورم في المفصل
HP:0001387	Joint stiffness	مفصل متيبس
HP:0001392	Abnormality of the liver	كبد غير طبيعي
HP:0001394	Cirrhosis	استبدال النسيج الصحي بالكبد بأنسجة متليفة
HP:0001395	Hepatic fibrosis	تليف في الكبد
HP:0001396	Cholestasis	تدفق الصفراء تباطأ أو انسد
HP:0001397	Hepatic steatosis	الكبد الدهني
HP:0001399	Hepatic failure	فشل في الكبد
HP:0001401	Intrahepatic biliary dysgenesis	خلل في قنوات الصفراء بالكبد
