 ID	phenotypes	variants	reference	Unnamed: 4
PAVS1	macular focal atrophy (HP:0007401)| mild intraretinal pigment (HP:0007703)|nyctalopia(HP:0000662)|sensitivity to light(HP:0000613)|poor color vision(HP:0000551)	chr2:112,309,575–112,815,205 Hom Del of ex8 	https://pubmed.ncbi.nlm.nih.gov/20300561/	
PAVS2	Retinitis pigmentosa(HP:0000510)| Rod cone dystrophy(HP:0000510)	CDHR1:NM_033100.3:c.476C>A; p.Ala159Glu	https://pubmed.ncbi.nlm.nih.gov/26355662/	
PAVS3	LEBER CONGENITAL AMAUROSIS 1; LCA1(OMIM:204000)|LEBER CONGENITAL AMAUROSIS (HP:0007875)	GUCY2D:NM_000180.3:c.416T>C	https://pubmed.ncbi.nlm.nih.gov/26355662/	
PAVS4	Choroideremia(HP:0001139)	CHM:NM_000390.2:c.1144G>T	https://pubmed.ncbi.nlm.nih.gov/26355662/	
PAVS5	Retinitis pigmentosa(HP:0000510)| Rod cone dystrophy(HP:0000510)	CDHR1:NM_033100.3:c.1536T>A	https://pubmed.ncbi.nlm.nih.gov/26355662/	
PAVS6	Retinitis pigmentosa(HP:0000510)| Rod cone dystrophy(HP:0000510)	ABCA4:NM_000350.2:c.5391_5392del	https://pubmed.ncbi.nlm.nih.gov/26355662/	
PAVS7	Cone rod dystrophy(HP:0000510)	ABCA4:NM_000350.2:c.4867G>C	https://pubmed.ncbi.nlm.nih.gov/26355662/	
PAVS8	Retinitis pigmentosa(HP:0000510)| Rod cone dystrophy(HP:0000510)	CRX:NM_000554.4:c.695del	https://pubmed.ncbi.nlm.nih.gov/26355662/	
PAVS9	Retinitis pigmentosa(HP:0000510)| Rod cone dystrophy(HP:0000510)	ABCA4:NM_000350.2:c.1630_1633dup	https://pubmed.ncbi.nlm.nih.gov/26355662/	
PAVS10	Cone rod dystrophy(HP:0000510)	ABCA4:NM_000350.2:c.1630_1633dup	https://pubmed.ncbi.nlm.nih.gov/26355662/	
PAVS11	Retinitis pigmentosa(HP:0000510)| Rod cone dystrophy(HP:0000510)	PROM1:NM_006017.2:c.2130+2delT	https://pubmed.ncbi.nlm.nih.gov/26355662/	
PAVS12	Leber congenital amaurosis |Congenital amaurosis (HP:0007875)	AIPL1:NM_014336.4:c.178dup	https://pubmed.ncbi.nlm.nih.gov/26355662/	
PAVS13	Retinitis pigmentosa(HP:0000510)| Rod cone dystrophy(HP:0000510)	CRX:NM_000554.4:c.274G>A	https://pubmed.ncbi.nlm.nih.gov/26355662/	
PAVS14	Leber congenital amaurosis |Congenital amaurosis (HP:0007875)	TULP1:NM_003322.4:c.180del	https://pubmed.ncbi.nlm.nih.gov/26355662/	
PAVS15	LEBER CONGENITAL AMAUROSIS 6; LCA6 (OMIM:613826)|LEBER CONGENITAL AMAUROSIS (HP:0007875)	RPGRIP1:NM_020366.3:c.2876del	https://pubmed.ncbi.nlm.nih.gov/26355662/	
PAVS16	Goldmann Favre Disease	NR2E3:NM_014249.3:c.926G>T	https://pubmed.ncbi.nlm.nih.gov/26355662/	
PAVS17	Leber congenital amaurosis |Congenital amaurosis (HP:0007875)	PDE6C:NM_006204.3:c.1613T>C	https://pubmed.ncbi.nlm.nih.gov/26355662/	
PAVS18	Goldmann Favre Disease	NR2E3:NM_014249.3:c.646G>A	https://pubmed.ncbi.nlm.nih.gov/26355662/	
PAVS19	Retinitis pigmentosa(HP:0000510)| Rod cone dystrophy(HP:0000510)	CDHR1:NM_033100.3:c.709del	https://pubmed.ncbi.nlm.nih.gov/26355662/	
PAVS20	Retinitis pigmentosa(HP:0000510)| Rod cone dystrophy(HP:0000510)	CRB1:NM_201253.3:c.2330_2336del	https://pubmed.ncbi.nlm.nih.gov/26355662/	
PAVS21	Retinitis pigmentosa(HP:0000510)| Rod cone dystrophy(HP:0000510)	RLBP1:NM_000326.4:c.286_297del	https://pubmed.ncbi.nlm.nih.gov/26355662/	
PAVS22	Leber congenital amaurosis |Congenital amaurosis (HP:0007875)	CNNM4:NM_020184.3:c.734C>T	https://pubmed.ncbi.nlm.nih.gov/26355662/	
PAVS23	Goldmann Favre Disease	PRPH2:NM_000322.4:c.497G>A	https://pubmed.ncbi.nlm.nih.gov/26355662/	
PAVS24	Retinitis pigmentosa(HP:0000510)| Rod cone dystrophy(HP:0000510)	ABCA4:NM_000350.2:c.2815G>T	https://pubmed.ncbi.nlm.nih.gov/26355662/	
PAVS25	Cone rod dystrophy(HP:0000510)	PDE6C:NM_006204.3:c.939+5G>A	https://pubmed.ncbi.nlm.nih.gov/26355662/	
PAVS26	Retinitis pigmentosa(HP:0000510)| Rod cone dystrophy(HP:0000510)	EYS:NM_001142800.1:c.179del	https://pubmed.ncbi.nlm.nih.gov/26355662/	
PAVS27	Leber congenital amaurosis |Congenital amaurosis (HP:0007875)	PDE6B:NM_000283.3:c.922+1G>A	https://pubmed.ncbi.nlm.nih.gov/26355662/	
PAVS28	EXUDATIVE VITREORETINOPATHY 4; EVR4(OMIM:601813)	LRP5:NM_002335.3:c.685C>T	https://pubmed.ncbi.nlm.nih.gov/26355662/	
PAVS29	Retinitis pigmentosa(HP:0000510)| Rod cone dystrophy(HP:0000510)	SNRNP200:NM_014014.4:c.6308A>G	https://pubmed.ncbi.nlm.nih.gov/26355662/	
PAVS30	Cone rod dystrophy(HP:0000510)	ABCA4:NM_000350.2:c.1630_1633dup	https://pubmed.ncbi.nlm.nih.gov/26355662/	
PAVS31	LEBER CONGENITAL AMAUROSIS 3; LCA3(OMIM:604232)| CONGENITAL AMAUROSIS (HP:0007875)	SPATA7:NM_018418.4:c.288T>A	https://pubmed.ncbi.nlm.nih.gov/26355662/	
PAVS32	LEBER CONGENITAL AMAUROSIS 3; LCA3(OMIM:604232)| CONGENITAL AMAUROSIS (HP:0007875)	SPATA7:NM_018418.4:c.288T>A	https://pubmed.ncbi.nlm.nih.gov/26355662/	
PAVS33	Retinitis pigmentosa(HP:0000510)| Rod cone dystrophy(HP:0000510)	SPATA7:NM_018418.4:c.288T>A	https://pubmed.ncbi.nlm.nih.gov/26355662/	
PAVS34	LEBER CONGENITAL AMAUROSIS 3; LCA3(OMIM:604232)| CONGENITAL AMAUROSIS (HP:0007875)	SPATA7:NM_018418.4:c.288T>A	https://pubmed.ncbi.nlm.nih.gov/26355662/	
PAVS35	Congenital stationary night blindness (HP:0007642)	GPR179:NM_001004334.2:c.864G>A	https://pubmed.ncbi.nlm.nih.gov/26355662/	
PAVS36	Cone rod dystrophy(HP:0000510)	ALMS1:NM_015120.4:c.767G>A	https://pubmed.ncbi.nlm.nih.gov/26355662/	
PAVS37	Retinitis pigmentosa(HP:0000510)| Rod cone dystrophy(HP:0000510)	ARL6:NM_177976.2:c.362G>A	https://pubmed.ncbi.nlm.nih.gov/26355662/	
PAVS38	Retinitis pigmentosa(HP:0000510)| Rod cone dystrophy(HP:0000510)	IMPG2:NM_016247.3:c.2274G>A	https://pubmed.ncbi.nlm.nih.gov/26355662/	
PAVS39	Retinitis pigmentosa(HP:0000510)| Rod cone dystrophy(HP:0000510)	ABCA4:NM_000350.2:c.1140T>A	https://pubmed.ncbi.nlm.nih.gov/26355662/	
PAVS40	Retinitis pigmentosa(HP:0000510)| Rod cone dystrophy(HP:0000510)	CERKL:NM_001030311.2:c.890T>C	https://pubmed.ncbi.nlm.nih.gov/26355662/	
PAVS41	Retinitis pigmentosa(HP:0000510)| Rod cone dystrophy(HP:0000510)	RPE65:NM_000329.2:c.1366del	https://pubmed.ncbi.nlm.nih.gov/26355662/	
PAVS42	LEBER CONGENITAL AMAUROSIS 4; LCA4(OMIM:604393)|CONGENITAL AMAUROSIS (HP:0007875)	AIPL1:NM_014336.4:c.178dup	https://pubmed.ncbi.nlm.nih.gov/26355662/	
PAVS43	Retinitis pigmentosa(HP:0000510)| Rod cone dystrophy(HP:0000510)	SNRNP200:NM_014014.4:c.2593G>A	https://pubmed.ncbi.nlm.nih.gov/26355662/	
PAVS44	Retinitis pigmentosa(HP:0000510)| Rod cone dystrophy(HP:0000510)	BBS4:NM_033028.4:c.1311_1312insT	https://pubmed.ncbi.nlm.nih.gov/26355662/	
PAVS45	Retinitis pigmentosa(HP:0000510)| Rod cone dystrophy(HP:0000510)	PROM1:NM_006017.2:c.604C>G	https://pubmed.ncbi.nlm.nih.gov/26355662/	
PAVS46	Cone rod dystrophy(HP:0000510)	TRPM1:NM_002420.5:c.2_3inv	https://pubmed.ncbi.nlm.nih.gov/26355662/	
PAVS47	Retinitis pigmentosa(HP:0000510)| Rod cone dystrophy(HP:0000510)	IMPG2:NM_016247.3:c.2274G>A	https://pubmed.ncbi.nlm.nih.gov/26355662/	
PAVS48	LEBER CONGENITAL AMAUROSIS 5; LCA5(OMIM:604537)|CONGENITAL AMAUROSIS (HP:0007875)	LCA5:NM_181714.3:c.1020del	https://pubmed.ncbi.nlm.nih.gov/26355662/	
PAVS49	Retinitis pigmentosa(HP:0000510)| Rod cone dystrophy(HP:0000510)	MERTK:NM_006343.2:c.325A>T	https://pubmed.ncbi.nlm.nih.gov/26355662/	
PAVS50	Cone rod dystrophy(HP:0000510)	PDE6C:NM_006204.3:c.1946T>C	https://pubmed.ncbi.nlm.nih.gov/26355662/	
PAVS51	Cone rod dystrophy(HP:0000510)	RGS9BP:NM_207391.2:c.330_342del	https://pubmed.ncbi.nlm.nih.gov/26355662/	
PAVS52	Congenital amaurosis (HP:0007875)	CNGA3:NM_001298.2:c.955T>C	https://pubmed.ncbi.nlm.nih.gov/26355662/	
PAVS53	Retinitis pigmentosa(HP:0000510)| Rod cone dystrophy(HP:0000510)	IMPG2:NM_016247.3:c.513T>G	https://pubmed.ncbi.nlm.nih.gov/26355662/	
PAVS54	Retinitis pigmentosa(HP:0000510)| Rod cone dystrophy(HP:0000510)	WDR19:NM_025132.3:c.2777G>T	https://pubmed.ncbi.nlm.nih.gov/26355662/	
PAVS55	Retinitis pigmentosa(HP:0000510)| Rod cone dystrophy(HP:0000510)	TULP1:NM_003322.4:c.1256G>A	https://pubmed.ncbi.nlm.nih.gov/26355662/	
PAVS56	Retinitis pigmentosa(HP:0000510)| Rod cone dystrophy(HP:0000510)	RP2:NM_006915.2:c.2T>C	https://pubmed.ncbi.nlm.nih.gov/26355662/	
PAVS57	Retinitis pigmentosa(HP:0000510)| Rod cone dystrophy(HP:0000510)	CNGB1:NM_001297.4:c.2294G>T	https://pubmed.ncbi.nlm.nih.gov/26355662/	
PAVS58	Retinitis pigmentosa(HP:0000510)| Rod cone dystrophy(HP:0000510)	IMPG2:NM_016247.3:c.2274G>A	https://pubmed.ncbi.nlm.nih.gov/26355662/	
PAVS59	LEBER CONGENITAL AMAUROSIS 1; LCA1(OMIM:204000)|Congenital amaurosis (HP:0007875)	GUCY2D:NM_000180.3:c.527T>C	https://pubmed.ncbi.nlm.nih.gov/26355662/	
PAVS60	Retinitis pigmentosa(HP:0000510)| Rod cone dystrophy(HP:0000510)	RP1L1:NM_178857.5:c.5959C>T	https://pubmed.ncbi.nlm.nih.gov/26355662/	
PAVS61	Retinitis pigmentosa(HP:0000510)| Rod cone dystrophy(HP:0000510)	MERTK:NM_006343.2:c.1604+2T>G	https://pubmed.ncbi.nlm.nih.gov/26355662/	
PAVS62	Retinitis pigmentosa(HP:0000510)| Rod cone dystrophy(HP:0000510)	CNGA3:NM_001298.2:c.2050G>A	https://pubmed.ncbi.nlm.nih.gov/26355662/	
PAVS63	Macular dystrophy(HP:0007754)	ABCA4:NM_000350.2:c.4852T>A	https://pubmed.ncbi.nlm.nih.gov/26355662/	
PAVS64	Retinal dystrophy (HP:0000556)	ABCA4:NM_000350.2:c.4867G>C	https://pubmed.ncbi.nlm.nih.gov/26355662/	
PAVS65	LEBER CONGENITAL AMAUROSIS 1; LCA1(OMIM:204000)|Congenital amaurosis (HP:0007875)	GUCY2D:NM_000180.3:c.914del	https://pubmed.ncbi.nlm.nih.gov/26355662/	
PAVS66	Retinitis pigmentosa(HP:0000510)| Rod cone dystrophy(HP:0000510)	MERTK:NM_006343.2:c.2262C>G	https://pubmed.ncbi.nlm.nih.gov/26355662/	
PAVS67	LEBER CONGENITAL AMAUROSIS 6; LCA6 (OMIM:613826)|Congenital amaurosis (HP:0007875)	RPGRIP1:NM_020366.3:c.487del	https://pubmed.ncbi.nlm.nih.gov/26355662/	
PAVS68	Goldmann Favre Disease	IMPG2:NM_016247.3:c.380G>C	https://pubmed.ncbi.nlm.nih.gov/26355662/	
PAVS69	Retinitis pigmentosa(HP:0000510)| Rod cone dystrophy(HP:0000510)	ABCA4:NM_000350.2:c.5391_5392del	https://pubmed.ncbi.nlm.nih.gov/26355662/	
PAVS70	Retinitis pigmentosa(HP:0000510)| Rod cone dystrophy(HP:0000510)	GPR179:NM_001004334.3:c.349G>A	https://pubmed.ncbi.nlm.nih.gov/26355662/	
PAVS71	Retinitis pigmentosa(HP:0000510)| Rod cone dystrophy(HP:0000510)	PDE6B:NM_000283.3:c.992+1G>A	https://pubmed.ncbi.nlm.nih.gov/26355662/	
PAVS72	USHER SYNDROME, TYPE IIA; USH2A(OMIM:276901)|Duane retraction syndrome(% 126800)	USH2A:NM_206933.2:c.4429G>T	https://pubmed.ncbi.nlm.nih.gov/26355662/	
PAVS73	ALSTROM SYNDROME; ALMS(OMIM:203800)	ALMS1:NM_015120.4:c.849dup	https://pubmed.ncbi.nlm.nih.gov/26355662/	
PAVS74	ALSTROM SYNDROME; ALMS(OMIM:203800)	ALMS1:NM_015120.4:c.2729C>G	https://pubmed.ncbi.nlm.nih.gov/26355662/	
PAVS75	USHER SYNDROME, TYPE I; USH1(OMIM:276900)	MYO7A:NM_000260.3:c.3591_3592del	https://pubmed.ncbi.nlm.nih.gov/26355662/	
PAVS76	ALSTROM SYNDROME; ALMS(OMIM:203800)	ALMS1:NM_015120.4:c.1674del	https://pubmed.ncbi.nlm.nih.gov/26355662/	
PAVS77	BARDET-BIEDL SYNDROME 2; BBS2(OMIM:615981)	BBS2:NM_031885.3:c.508G>A	https://pubmed.ncbi.nlm.nih.gov/26355662/	
PAVS78	BARDET-BIEDL SYNDROME 5; BBS5 (OMIM:615983)	BBS5:NM_152384.2:c.955_957del	https://pubmed.ncbi.nlm.nih.gov/26355662/	
PAVS79	Retinitis pigmentosa(HP:0000510)|obesity(HP:0001513)|facial dysmorphism(HP:0001999)	JAG1:NM_000214.2:c.1481dup	https://pubmed.ncbi.nlm.nih.gov/26355662/	
PAVS80	Fundus flavimaculatus|epilepsy(HP:0001250)	RLBP1:NM_000326.4:c.773T>G	https://pubmed.ncbi.nlm.nih.gov/26355662/	
PAVS81	BARDET-BIEDL SYNDROME 9; BBS9(OMIM:615986)	BBS9:NM_198428.2:c.263C>A	https://pubmed.ncbi.nlm.nih.gov/26355662/	
PAVS82	BARDET-BIEDL SYNDROME 10; BBS10(OMIM:615987)	BBS10:NM_024685.3:c.1892_1896del	https://pubmed.ncbi.nlm.nih.gov/26355662/	
PAVS83	MICROCORNEA, MYOPIC CHORIORETINAL ATROPHY, AND TELECANTHUS; MMCAT(OMIM:615458)	ADAMTS18:NM_199355.2:c.1298C>A	https://pubmed.ncbi.nlm.nih.gov/26355662/	
PAVS84	Retinitis pigmentosa(HP:0000510)|hypogammaglobulinemia	DNAJC17:NM_018163:c.681G>A	https://pubmed.ncbi.nlm.nih.gov/26355662/	
PAVS85	BARDET-BIEDL SYNDROME 10; BBS10(OMIM:615987)	BBS10:NM_024685.3:c.1892_1896del	https://pubmed.ncbi.nlm.nih.gov/26355662/	
PAVS86	PORETTI-BOLTSHAUSER SYNDROME; PTBHS(OMIM:615960)	LAMA1:NM_005559.3:c.7160G>A	https://pubmed.ncbi.nlm.nih.gov/26355662/	
PAVS87	MUCOPOLYSACCHARIDOSIS, TYPE IIID; MPS3D(OMIM:252940)|retinitis pigmentosa	GNS:NM_002076.4:c.83del	https://pubmed.ncbi.nlm.nih.gov/26355662/	
PAVS88	Cone-rod dystrophy(HP:0000510)|short stature(HP:0004322)|narrow chest(HP:0000774)	C21orf2:NM_001271441.1:c.1000-23A>T	https://pubmed.ncbi.nlm.nih.gov/26355662/	
PAVS89	LEBER CONGENITAL AMAUROSIS|RETINITIS PIGMENTOSA 3; RP3(OMIM:300029)	RPGR:NM_000328.3:c.1544T>G	https://pubmed.ncbi.nlm.nih.gov/24265693/	
PAVS90	LEBER CONGENITAL AMAUROSIS 10; LCA10(OMIM:611755)|Congenital amaurosis (HP:0007875)	CEP290:NM_025114.4:c.6012-2A>G	https://pubmed.ncbi.nlm.nih.gov/24265693/	
PAVS91	LEBER CONGENITAL AMAUROSIS 8; LCA8 (OMIM:613835)|Congenital amaurosis (HP:0007875)	CRB1:NM_201253.3:c.1180T>C	https://pubmed.ncbi.nlm.nih.gov/24265693/	
PAVS92	LEBER CONGENITAL AMAUROSIS 1; LCA1(OMIM:204000)|Congenital amaurosis (HP:0007875)	GUCY2D:NM_000180.4:c.1401dupT|RDH12:NM_152443.1:c.917T>G	https://pubmed.ncbi.nlm.nih.gov/24265693/	
PAVS93	LEBER CONGENITAL AMAUROSIS 1; LCA1(OMIM:204000)|Congenital amaurosis (HP:0007875)	GUCY2D:NM_000180.4:c.1401dupT|RDH12:NM_152443.1:c.917T>G	https://pubmed.ncbi.nlm.nih.gov/24265693/	
PAVS94	LEBER CONGENITAL AMAUROSIS 5; LCA5(OMIM:604537)|Congenital amaurosis (HP:0007875)	LCA5:NM_181714.4:c.763C>T|ABCA4:NM_000350.3:c.1927G>A|PDE6B:NM_000283.4:c.704G>A	https://pubmed.ncbi.nlm.nih.gov/24265693/	
PAVS95	LEBER CONGENITAL AMAUROSIS 14; LCA14(OMIM:613341)|Congenital amaurosis (HP:0007875)	LRAT:NM_004744.5:c.233_242del	https://pubmed.ncbi.nlm.nih.gov/24265693/	
PAVS96	LEBER CONGENITAL AMAUROSIS 13; LCA13(OMIM:612712)|Congenital amaurosis (HP:0007875)	RDH12:NM_152443.1:c.188G>T|ABCA4:NM_000350.3:c.3482G>T	https://pubmed.ncbi.nlm.nih.gov/24265693/	
PAVS97	LEBER CONGENITAL AMAUROSIS (HP:0007875)|Congenital amaurosis (HP:0007875)	RPE65:NM_000329.3:c.271C>T|CDHR1:NM_033100.4:c.1202G>C|LCA5:NM_181714.4:c.764G>A	https://pubmed.ncbi.nlm.nih.gov/24265693/	
PAVS98	LEBER CONGENITAL AMAUROSIS 6; LCA6 (OMIM:613826)|Congenital amaurosis (HP:0007875)	RPGRIP1:NM_020366.4:c.3565C>T|TTC8:NM_144596.4:c.512A>T	https://pubmed.ncbi.nlm.nih.gov/24265693/	
PAVS99	LEBER CONGENITAL AMAUROSIS 6; LCA6 (OMIM:613826)|Congenital amaurosis (HP:0007875)	RPGRIP1:NM_020366.4:c.1107delA|MERTK:NM_006343.3:c.2435A>C	https://pubmed.ncbi.nlm.nih.gov/24265693/	
PAVS100	LEBER CONGENITAL AMAUROSIS 6; LCA6 (OMIM:613826)|Congenital amaurosis (HP:0007875)	RPGRIP1:NM_020366.4:c.2662C>T	https://pubmed.ncbi.nlm.nih.gov/24265693/	
PAVS101	LEBER CONGENITAL AMAUROSIS 6; LCA6 (OMIM:613826)|Congenital amaurosis (HP:0007875)	RPGRIP1:NM_020366.4:c.1107delA|RBP3:NM_002900:c.490G>A	https://pubmed.ncbi.nlm.nih.gov/24265693/	
PAVS102	LEBER CONGENITAL AMAUROSIS 6; LCA6 (OMIM:613826)|Congenital amaurosis (HP:0007875)	RPGRIP1:NM_020366.4:c.1107delA|PROM1:NM_006017.3:c.2094C>A	https://pubmed.ncbi.nlm.nih.gov/24265693/	
PAVS103	LEBER CONGENITAL AMAUROSIS 15; LCA15(OMIM:613843)|Congenital amaurosis (HP:0007875)	TULP1:NM_003322.6:c.901C>T	https://pubmed.ncbi.nlm.nih.gov/24265693/	
PAVS104	LEBER CONGENITAL AMAUROSIS 15; LCA15(OMIM:613843)|Congenital amaurosis (HP:0007875)	TULP1:NM_003322.6:c.901C>T	https://pubmed.ncbi.nlm.nih.gov/24265693/	
PAVS105	LEBER CONGENITAL AMAUROSIS 15; LCA15(OMIM:613843)|Congenital amaurosis (HP:0007875)	TULP1:NM_003322.6:c.901C>T	https://pubmed.ncbi.nlm.nih.gov/24265693/	
PAVS106	LEBER CONGENITAL AMAUROSIS 15; LCA15(OMIM:613843)|Congenital amaurosis (HP:0007875)	TULP1:NM_003322.6:c.901C>T	https://pubmed.ncbi.nlm.nih.gov/24265693/	
PAVS107	LEBER CONGENITAL AMAUROSIS 15; LCA15(OMIM:613843)|Congenital amaurosis (HP:0007875)	TULP1:NM_003322.6:c.901C>T|RP1:NM_006269.1:c.5248G>T	https://pubmed.ncbi.nlm.nih.gov/24265693/	
PAVS108	LEBER CONGENITAL AMAUROSIS 13; LCA13(OMIM:612712)|Congenital amaurosis (HP:0007875)	RDH12:NM_152443.1:c.226G>C	https://pubmed.ncbi.nlm.nih.gov/19956407/	
PAVS109	Retinitis pigmentosa(HP:0000510)	RP1:NM_006269.1:c.662delC	https://pubmed.ncbi.nlm.nih.gov/19956407/	
PAVS110	Retinitis pigmentosa(HP:0000510)	RP1:NM_006269.1:c.606C>A	https://pubmed.ncbi.nlm.nih.gov/19956407/	
PAVS111	Retinitis pigmentosa(HP:0000510)	CRB1:NM_001257965:c.3159T>G	https://pubmed.ncbi.nlm.nih.gov/19956407/	
PAVS112	Retinitis pigmentosa(HP:0000510)	CRB1:NM_201253.3:c.80G>C	https://pubmed.ncbi.nlm.nih.gov/19956407/	
PAVS113	Retinitis pigmentosa(HP:0000510)	ARL6:NM_001278293.3:c.619C>T	https://pubmed.ncbi.nlm.nih.gov/19956407/	
PAVS114	Retinitis pigmentosa(HP:0000510)	MERTK:NM_006343.3:c.1335del	https://pubmed.ncbi.nlm.nih.gov/19956407/	
PAVS115	Poor vision(HP:0000505)| nystagmus(HP:0000639)| hyperopic|vessel attenuation(HP:0007843)|diminished foveal reflexivities|ILM macular reflexivities|fundal gray depigmentation |fundal pigment clumping	TULP1:NM_003322.6:c.901C>T	https://pubmed.ncbi.nlm.nih.gov/18936139/	
PAVS116	Atrophic macula with fovea spared|bone spicules in the mid periphery|Unstable nystagmus(HP:0000639)|peripheral cortical cuneiform spokes	TULP1:NM_003322.6:c.901C>T	https://pubmed.ncbi.nlm.nih.gov/18936139/	
PAVS117	Irregular coarse nystagmus|hyperopic astigmatism|nystagmus(HP:0000639)| vertically oval discs|pallor vascular attenuation(HP:0007843)|coarse RP-like dense bone spicules beyond the arcade	TULP1:NM_003322.6:c.901C>T	https://pubmed.ncbi.nlm.nih.gov/18936139/	
PAVS118	Retinitis pigmentosa with spared macula(HP:0000510)	TULP1:NM_003322.6:c.901C>T	https://pubmed.ncbi.nlm.nih.gov/18936139/	
PAVS119	Disc elevation with macula spared| minimal vascular attenuation(HP:0007843)| sandy peripheral depigmentation| vision CF| horizontal nystagmus(HP:0000666)| small posterior subcapsular cataracts| vitreous syneresis and cells| midperipheral bone spicules	TULP1:NM_003322.6:c.901C>T	https://pubmed.ncbi.nlm.nih.gov/18936139/	
PAVS120	Disc elevation with macula spared| minimal vascular attenuation(HP:0007843)| sandy peripheral depigmentation| vision CF| horizontal nystagmus(HP:0000666)| small posterior subcapsular cataracts| vitreous syneresis and cells| midperipheral bone spicules	TULP1:NM_003322.6:c.901C>T	https://pubmed.ncbi.nlm.nih.gov/18936139/	
PAVS121	Nystagmus(HP:0000639)|minimal pale optic disc(HP:0000543)|full discs; sandy granular RPE periphery	TULP1:NM_003322.6:c.901C>T	https://pubmed.ncbi.nlm.nih.gov/18936139/	
PAVS122	Pale discs(HP:0000543)| vessel attenuation(HP:0007843)| full ‚Äúpseudo-papilledema‚Äù discs|fine bone spicules	TULP1:NM_003322.6:c.901C>T	https://pubmed.ncbi.nlm.nih.gov/18936139/	
PAVS123	Small round pale discs(HP:0000543)|bone spicules in mid-periphery|vessel attenuation	TULP1:NM_003322.6:c.901C>T	https://pubmed.ncbi.nlm.nih.gov/18936139/	
PAVS124	pale optic disc(HP:0000543)| vessel attenuation| fine bone spicule in mid periphery|PVD OU| ERG nonrecordable	TULP1:NM_003322.6:c.901C>T	https://pubmed.ncbi.nlm.nih.gov/18936139/	
PAVS125	D hyperopia| vertically oval discs|Disc pink pallor|slight elevated disc|vessel attenuation|fine mid-peripheral bone spicules beyond the arcade	TULP1:NM_003322.6:c.901C>T	https://pubmed.ncbi.nlm.nih.gov/18936139/	
PAVS126	Nystagmus(HP:0000639)| poor vision to CF OU(HP:0000505)|disc hyperemia | disc temporal pallor| vessels mildly attenuated(HP:0007843)| bone spicules in midperiphery	TULP1:NM_003322.6:c.901C>T	https://pubmed.ncbi.nlm.nih.gov/18936139/	
PAVS127	Jerk nystagmus(HP:0007286)| vision ‚Äúfollows objects poorly|pseudopapilledema|attenuated vessels(HP:0007843)| slightly pale discs(HP:0000543)	TULP1:NM_003322.6:c.901C>T	https://pubmed.ncbi.nlm.nih.gov/18936139/	
PAVS128	Retinitis pigmentosa(HP:0000510)	TULP1:NM_003322.6:c.901C>T	https://pubmed.ncbi.nlm.nih.gov/18936139/	
PAVS129	Fundal pigmentary retinopathy| attenuated vessels(HP:0007843)	TULP1:NM_003322.6:c.901C>T	https://pubmed.ncbi.nlm.nih.gov/18936139/	
PAVS130	Compound hyperopic astigmatism|diffuse optic nerve pallor| attenuated vessels (HP:0007843)| RPE granularity| pendular nystagmus(HP:0012043)	TULP1:NM_003322.6:c.901C>T	https://pubmed.ncbi.nlm.nih.gov/18936139/	
PAVS131	Irregular horizontal nystagmus(HP:0000666)|mild horizontal head titubation|hyperopia|pale optic disc(HP:0000543)|mild vascular attenuation| atrophic foveal light reflexes| minimal RPE degeneration	TULP1:NM_003322.6:c.901C>T	https://pubmed.ncbi.nlm.nih.gov/18936139/	
PAVS132	High hyperopia OU|confluent outer retinal peripheral whitening|retinal periphery patchy dots fundus albipunctatus	TULP1:NM_003322.6:c.901C>T	https://pubmed.ncbi.nlm.nih.gov/18936139/	
PAVS133	Rotatory nystagmus(HP:0001583)|vertically oval discs|rosy pale discs(HP:0000543)|vascular attenuation(HP:0007843)|diffuse pigmentary degeneration	TULP1:NM_003322.6:c.901C>T	https://pubmed.ncbi.nlm.nih.gov/18936139/	
PAVS134	MicroRotatory nystagmus(HP:0001583)| vertically oval discs|rosy pale discs(HP:0000543)|vascular attenuation(HP:0007843)|diffuse pigmentary degeneration	TULP1:NM_003322.6:c.901C>T	https://pubmed.ncbi.nlm.nih.gov/18936139/	
PAVS135	MicroRotatory nystagmus(HP:0001583)|rosy orange discs| vessel attenuation(HP:0007843)|diffuse pigmentary changes	TULP1:NM_003322.6:c.901C>T	https://pubmed.ncbi.nlm.nih.gov/18936139/	
PAVS136	Rotatory nystagmus(HP:0001583)| high hyperopia|full elevated discs| vessel attenuation(HP:0007843)| periphery brown grainy RPE	TULP1:NM_003322.6:c.901C>T	https://pubmed.ncbi.nlm.nih.gov/18936139/	
PAVS137	hyperopic|minimal end-gaze nystagmus(HP:0000640)|outer retinal whitening	TULP1:NM_003322.6:c.901C>T	https://pubmed.ncbi.nlm.nih.gov/18936139/	
PAVS138	Rotatory nystagmus(HP:0001583)|rosy flat vertically oval discs| vessel attenuation(HP:0007843)|fine midperipheral bone spicules.	TULP1:NM_003322.6:c.901C>T	https://pubmed.ncbi.nlm.nih.gov/18936139/	
PAVS139	Rotatory nystagmus(HP:0001583)| flat rosy discs|vessel attenuation(HP:0007843)|absent fovea| absent umbo|greybrown peripheral RPE	TULP1:NM_003322.6:c.901C>T	https://pubmed.ncbi.nlm.nih.gov/18936139/	
PAVS140	Rotatory nystagmus(HP:0001583)|elevated discs|vessel attenuation(HP:0007843)|dirty brown peripheral granular RPE	TULP1:NM_003322.6:c.901C>T	https://pubmed.ncbi.nlm.nih.gov/18936139/	
PAVS141	Rotatory nystagmus(HP:0001583)| minimal hyperopia|rosy pale discs(HP:0000543)| peripheral retinitis pigmentosa(HP:0000510)	TULP1:NM_003322.6:c.901C>T	https://pubmed.ncbi.nlm.nih.gov/18936139/	
PAVS142	Exotropia at distance XT|Rotatory nystagmus(HP:0001583)|D hyperopia| vascular attenuation(HP:0007843)|bone spicule midperiphery	TULP1:NM_003322.6:c.901C>T	https://pubmed.ncbi.nlm.nih.gov/18936139/	
PAVS143	Rotatory nystagmus(HP:0001583)| flat discs|vascular attenuation(HP:0007843)|midperipheral bone spicules	TULP1:NM_003322.6:c.901C>T	https://pubmed.ncbi.nlm.nih.gov/18936139/	
PAVS144	Rotatory nystagmus(HP:0001583)|4-prism diopter XT| sluggish pupils| vascular attenuation(HP:0007843)|bone spicules in periphery| sphere hyperopia	TULP1:NM_003322.6:c.901C>T	https://pubmed.ncbi.nlm.nih.gov/18936139/	
PAVS145	MicroRotatory nystagmus(HP:0001583)| hyperopia|PVD |vitreous condensation |vascular attenuation(HP:0007843)|equatorial and peripheral dense pigmentary RP-like degeneration	TULP1:NM_003322.6:c.901C>T	https://pubmed.ncbi.nlm.nih.gov/18936139/	
PAVS146	MicroRotatory nystagmus(HP:0001583)|full elevated discs with grey corona; far peripheral retina shows confluent grey-white belt similar to family 204	TULP1:NM_003322.6:c.901C>T	https://pubmed.ncbi.nlm.nih.gov/18936139/	
PAVS147	LEBER CONGENITAL AMAUROSIS 1; LCA1(OMIM:204000)|Congenital amaurosis (HP:0007875)	GUCY2D:NM_000180.4:c.1978C>T	https://pubmed.ncbi.nlm.nih.gov/18936139/	
PAVS148	Poor vision (HP:0000505)| pendular nystagmus(HP:0012043)|pupils sluggish to light(HP:0030211)| exotropia | hyperopic |minimally attenuated vessels (HP:0007843)|mild Optic disc pallor(HP:0000543)	GUCY2D:NM_000180.4:c.1978C>T	https://pubmed.ncbi.nlm.nih.gov/18936139/	
PAVS149	Poor vision(HP:0000505)| vision ‚Äúfix and follow only| hypermetropia|  minimal fundal vascular attenuation (HP:0007843)|  diffuse RPE | Retinal atrophy	GUCY2D:NM_000180.4:c.1978C>T	https://pubmed.ncbi.nlm.nih.gov/18936139/	
PAVS150	hypermetropic | Syneresis of vitreous| Microrotatory infantile nystagmus| Vertically oval discs|mild optic atrophy |optic vascular attenuation| peripheral depigmentation	RPE65:NM_000329.3:c.271C>T	https://pubmed.ncbi.nlm.nih.gov/18936139/	
PAVS151	Mild enophthalmos|vertically oval discs|slight hyperopic optic nerve fullness|decreased retinal light reflexes|minimal peripheral retinal pigment changes(HP:0007703)|infantile nystagmus	RPE65:NM_000329.3:c.271C>T	https://pubmed.ncbi.nlm.nih.gov/18936139/	
PAVS152	Enophthalmos| nystagmus|minimal peripheral pigmentary changes|decreased foveal light reflexes|hyperopic full discs | mild foveal hyperemia|Minimal astigmatism	RPE65:NM_000329.3:c.271C>T	https://pubmed.ncbi.nlm.nih.gov/18936139/	
PAVS153	Speech delay|Seizures|Eczema	PTS:NM_000317.3:c.238A>G	https://pubmed.ncbi.nlm.nih.gov/30926181/	
PAVS154	Failure to thrive|Eczema	PTS:NM_000317.3:c.238A>G	https://pubmed.ncbi.nlm.nih.gov/30926181/	
PAVS155	Failure to thrive|global developmental delay|Seizures|Truncal hypotonia|Peripheral hypertonia|Hypereflexia|Irritability|Movement disorder|Eczema	PTS:NM_000317.3:c.169_171del	https://pubmed.ncbi.nlm.nih.gov/30926181/	
PAVS156	Microcephaly|Failure to thrive|global developmental delay|Truncal hypotonia|Peripheral hypertonia|Hypereflexia|Irritability|hypopigmentatin	PTS:NM_000317.3:c.169_171del	https://pubmed.ncbi.nlm.nih.gov/30926181/	
PAVS157	Mild motor delay	PTS:NM_000317.3:c.238A>G	https://pubmed.ncbi.nlm.nih.gov/30926181/	
PAVS158	Microcephaly	PTS:NM_000317.3:c.2T>G	https://pubmed.ncbi.nlm.nih.gov/30926181/	
PAVS159	Speech delay|Attention deficit hyperactive disorder	PTS:NM_000317.3:c.238A>G	https://pubmed.ncbi.nlm.nih.gov/30926181/	
PAVS160	global developmental delay|Truncal hypotonia|Peripheral hypertonia|Irritability|hypersalivation	PTS:NM_000317.3:c.342C>G	https://pubmed.ncbi.nlm.nih.gov/30926181/	
PAVS161	Microcephaly|failure to thrive|global developmental delay|Truncal hypotonia|Peripheral hypertonia|hypersalivation	PTS:NM_000317.3:c.342C>G	https://pubmed.ncbi.nlm.nih.gov/30926181/	
PAVS162	global developmental delay|Peripheral hypertonia	PTS:NM_000317.3:c.342C>G	https://pubmed.ncbi.nlm.nih.gov/30926181/	
PAVS163	global developmental delay|Attention deficit hyperactive disorder|Truncal hypotonia|Peripheral hypertonia|Hypereflexia|Movement disorder|Seizures|hypersalivation	PTS:NM_000317.3:c.342C>G	https://pubmed.ncbi.nlm.nih.gov/30926181/	
PAVS164	Mild speech delay|Eczema	PTS:NM_000317.3:c.238A>G	https://pubmed.ncbi.nlm.nih.gov/30926181/	
PAVS165	Failure to thrive|global developmental delay|Truncalhypotonia|Peripheral hypertonia|Hypereflexia|Choreoathetotic type|dystonia|Insomnia|Seizures|hypopigmentatin	PTS:NM_000317.3:c.155A>G	https://pubmed.ncbi.nlm.nih.gov/30926181/	
PAVS166	Microcephaly|failure to thrive|global developmental delay|Truncal hypotonia|Seizures|Eczema|hypopigmentatin	PTS:NM_000317.3:c.155A>G	https://pubmed.ncbi.nlm.nih.gov/30926181/	
PAVS167	Speech delay|cognitive delay|Hypereflexia|Ataxia|oculogyric crisis	PTS:NM_000317.3:c.238A>G	https://pubmed.ncbi.nlm.nih.gov/30926181/	
PAVS168	Hypotonia|Oculogyric crisis| irritabilty|Eczema	PTS:NM_000317.3:c.238A>G	https://pubmed.ncbi.nlm.nih.gov/30926181/	
PAVS169	Hypereflexia|Eczema	PTS:NM_000317.3:c.238A>G	https://pubmed.ncbi.nlm.nih.gov/30926181/	
PAVS170	Microcephaly|failure to thrive|global developmental delay|Truncal hypotonia|Peripheral hypertonia|Hypereflexia|Movement disorder|Irritability|Seizures|Ptosis|Eczema	PTS:NM_000317.3:c.169_171del	https://pubmed.ncbi.nlm.nih.gov/30926181/	
PAVS171	Microcephaly|failure to thrive|global developmental delay|Truncal hypotonia|Peripheral hypertonia|Hypereflexia|Movement disorder|Irritability|Seizures|hypersalivation|hypopigmentatin	PTS:NM_000317.3:c.169_171del	https://pubmed.ncbi.nlm.nih.gov/30926181/	
PAVS172	Microcephaly|failure to thrive|Truncal hypotonia|Peripheral hypertonia|Hypereflexia|Irritability|Seizures|hypopigmentatin	PTS:NM_000317.3:c.238A>G	https://pubmed.ncbi.nlm.nih.gov/30926181/	
PAVS173	KRABBE DISEASE(OMIM:245200)	GALC:NM_000512:c.860C>T	https://pubmed.ncbi.nlm.nih.gov/9338580/	
PAVS174	NAIL-PATELLA SYNDROME; NPS(OMIM:161200)	LMX1B:NM_001174146.2:c.268C>T	https://pubmed.ncbi.nlm.nih.gov/26025008/	
PAVS175	NAIL-PATELLA SYNDROME; NPS(OMIM:161200)	LMX1B:NM_001174146.2:c.268C>T	https://pubmed.ncbi.nlm.nih.gov/26025008/	
PAVS176	Intrauterine growth retardation|congenital hypothyroidism|facial anomalies|congenital glaucoma|hepatic fibrosis| polycystic kidneys|Neonatal diabetes|High TSH |Low T4 levelglaucoma|renal cysts|liver dysfunction| hypotonia| failure to thrive|developmental delay	GLIS3:NM_152629.4:c.2067insC	https://pubmed.ncbi.nlm.nih.gov/16715098/	
PAVS177	Intrauterine growth retardation|congenital hypothyroidism|facial anomalies|congenital glaucoma|hepatic fibrosis| polycystic kidneys|Neonatal diabetes|High TSH |Low T4 level|renal cysts|liver dysfunction| hypotonia| failure to thrive|developmental delay	GLIS3:NM_152629.4:c.2067insC	https://pubmed.ncbi.nlm.nih.gov/16715098/	
PAVS178	Intrauterine growth retardation|congenital hypothyroidism|facial anomalies|congenital glaucoma|hepatic fibrosis|Neonatal diabetes|High TSH |Low T4 level|liver dysfunction| hypotonia| failure to thrive	GLIS3:NM_152629.4:c.2067insC	https://pubmed.ncbi.nlm.nih.gov/16715098/	
PAVS179	Intrauterine growth retardation|congenital hypothyroidism|facial anomalies	GLIS3:NM_152629.4:c.4176077_4601776del	https://pubmed.ncbi.nlm.nih.gov/16715098/	
PAVS180	EPIPHYSEAL DYSPLASIA, MULTIPLE, WITH EARLY-ONSET DIABETES MELLITUS (OMIM:226980)|Spondyloepiphysial dysplasia | Severe scoliosis |Severe developmental delay	EIF2AK3:NM_004836.7:c.1044_1057del14	https://pubmed.ncbi.nlm.nih.gov/22060631/	
PAVS181	EPIPHYSEAL DYSPLASIA, MULTIPLE, WITH EARLY-ONSET DIABETES MELLITUS (OMIM:226980)|Femoral epiphysial dysplasia	EIF2AK3:NM_004836.7:c.1044_1057del14	https://pubmed.ncbi.nlm.nih.gov/22060631/	
PAVS182	EPIPHYSEAL DYSPLASIA, MULTIPLE, WITH EARLY-ONSET DIABETES MELLITUS (OMIM:226980)|hepatic failure|skeletal dysplasia|central hypothyroidism	EIF2AK3:NM_004836.7:c.1044_1057del14	https://pubmed.ncbi.nlm.nih.gov/22060631/	
PAVS183	EPIPHYSEAL DYSPLASIA, MULTIPLE, WITH EARLY-ONSET DIABETES MELLITUS (OMIM:226980)|Intermittent hepatic dysfunction	EIF2AK3:NM_004836.7:c.1044_1057del14	https://pubmed.ncbi.nlm.nih.gov/22060631/	
PAVS184	EPIPHYSEAL DYSPLASIA, MULTIPLE, WITH EARLY-ONSET DIABETES MELLITUS (OMIM:226980)|Hepatic encephalopathy	EIF2AK3:NM_004836.7:c.1044_1057del14	https://pubmed.ncbi.nlm.nih.gov/22060631/	
PAVS185	EPIPHYSEAL DYSPLASIA, MULTIPLE, WITH EARLY-ONSET DIABETES MELLITUS (OMIM:226980)	EIF2AK3:NM_004836.7:c.1044_1057del14	https://pubmed.ncbi.nlm.nih.gov/22060631/	
PAVS186	EPIPHYSEAL DYSPLASIA, MULTIPLE, WITH EARLY-ONSET DIABETES MELLITUS (OMIM:226980)	EIF2AK3:NM_004836.7:c.1044_1057del14	https://pubmed.ncbi.nlm.nih.gov/22060631/	
PAVS187	Developmenatl delay|Hyperactivity|Learning difficulties|High TSH |Low T4 level|DIABETES MELLITUS, NEONATAL, WITH CONGENITAL HYPOTHYROIDISM; NDH(OMIM:610199)	GLIS3:NM_001042413.2:c.1608C>G	https://pubmed.ncbi.nlm.nih.gov/22060631/	
PAVS188	Deafness(HP:0000365)|Normoblstic anemia|THIAMINE-RESPONSIVE MEGALOBLASTIC ANEMIA SYNDROME; TRMA(OMIM:249270)	SLC19A2:NM_006996.3:c.428C>T	https://pubmed.ncbi.nlm.nih.gov/22060631/	
PAVS189	Bilateral inguinal hernia|Renal Hypertension|Hepatomegaly|Renal tubulr defect|FANCONI-BICKEL SYNDROME; FBS (OMIM:227810)	SLC2A2:NM_000340.2:c.339delC	https://pubmed.ncbi.nlm.nih.gov/22060631/	
PAVS190	Gobal developmental delay|Spastic diplegia|Crossed legs|Mild laryngomalacia|Skin hypopigmentation|inflammation	GALC:NM_000153.4:c.334A>G	https://pubmed.ncbi.nlm.nih.gov/31053700/	
PAVS191	Hypoglycemia|Hepatomegaly	AGL:NM_000642.3:c.4260-12A>G	https://pubmed.ncbi.nlm.nih.gov/25827695/	
PAVS192	Hypoglycemia|Hepatomegaly	AGL:NM_000642.3:c.4260-12A>G	https://pubmed.ncbi.nlm.nih.gov/25827695/	
PAVS193	Hepatomegaly	AGL:NM_000642.3:c.4260-12A>G	https://pubmed.ncbi.nlm.nih.gov/25827695/	
PAVS194	Hypoglycemia|Hepatomegaly	AGL:NM_000642.3:c.4260-12A>G	https://pubmed.ncbi.nlm.nih.gov/25827695/	
PAVS195	Hypoglycemia|Hepatomegaly	AGL:NM_000642.3:c.4260-12A>G	https://pubmed.ncbi.nlm.nih.gov/25827695/	
PAVS196	Hypoglycemia|Hepatomegaly	AGL:NM_000642.3:c.4260-12A>G	https://pubmed.ncbi.nlm.nih.gov/25827695/	
PAVS197	Hypoglycemia|Hepatomegaly	AGL:NM_000642.3:c.4260-12A>G	https://pubmed.ncbi.nlm.nih.gov/25827695/	
PAVS198	Hypoglycemia|Hepatomegaly	AGL:NM_000642.3:c.4260-12A>G	https://pubmed.ncbi.nlm.nih.gov/25827695/	
PAVS199	Hypoglycemia|Hepatomegaly	AGL:NM_000642.3:c.4260-12A>G	https://pubmed.ncbi.nlm.nih.gov/25827695/	
PAVS200	Hypoglycemia|Hepatomegaly	AGL:NM_000642.3:c.4260-12A>G	https://pubmed.ncbi.nlm.nih.gov/25827695/	
PAVS201	Hypoglycemia|Hepatomegaly	AGL:NM_000642.3:c.4260-12A>G	https://pubmed.ncbi.nlm.nih.gov/25827695/	
PAVS202	Hypoglycemia|Hepatomegaly	AGL:NM_000642.3:c.4260-12A>G	https://pubmed.ncbi.nlm.nih.gov/25827695/	
PAVS203	Hypoglycemia|Hepatomegaly	AGL:NM_000642.3:c.4260-12A>G	https://pubmed.ncbi.nlm.nih.gov/25827695/	
PAVS204	GLYCOGEN STORAGE DISEASE II; GSD2(OMIM:232300)	GAA:NM_000152.5:c.1753_2799del	https://pubmed.ncbi.nlm.nih.gov/27629047/	
PAVS205	GLYCOGEN STORAGE DISEASE II; GSD2(OMIM:232300)|Mild cognitive delay|Language impairment|Obstructive sleep apnea|Myopia|Alopecia universalis	GAA:NM_000152.5:c.1927G>A	https://pubmed.ncbi.nlm.nih.gov/30023291/	
PAVS206	GLYCOGEN STORAGE DISEASE II; GSD2(OMIM:232300)	GAA:NM_000152.5:c.1657C>T	https://pubmed.ncbi.nlm.nih.gov/30023291/	
PAVS207	GLYCOGEN STORAGE DISEASE II; GSD2(OMIM:232300)	GAA:NM_000152.5:c.1657C>T	https://pubmed.ncbi.nlm.nih.gov/30023291/	
PAVS208	GLYCOGEN STORAGE DISEASE II; GSD2(OMIM:232300)	GAA:NM_000152.5:c.784G>A|GAA:NM_000152.5:c.1802C>T	https://pubmed.ncbi.nlm.nih.gov/30023291/	
PAVS209	GLYCOGEN STORAGE DISEASE II; GSD2(OMIM:232300)	GAA:NM_000152.5:c.1657C>T	https://pubmed.ncbi.nlm.nih.gov/30023291/	
PAVS210	GLYCOGEN STORAGE DISEASE II; GSD2(OMIM:232300)	GAA:NM_000152.5:c.655G>A	https://pubmed.ncbi.nlm.nih.gov/30023291/	
PAVS211	GLYCOGEN STORAGE DISEASE II; GSD2(OMIM:232300)	GAA:NM_000152.5:c.1064T>C	https://pubmed.ncbi.nlm.nih.gov/30023291/	
PAVS212	GLYCOGEN STORAGE DISEASE II; GSD2(OMIM:232300)	GAA:NM_000152.5:c.1657C>T	https://pubmed.ncbi.nlm.nih.gov/30023291/	
PAVS213	GLYCOGEN STORAGE DISEASE II; GSD2(OMIM:232300)	GAA:NM_000152.5:c.655G>A	https://pubmed.ncbi.nlm.nih.gov/30023291/	
PAVS214	GLYCOGEN STORAGE DISEASE II; GSD2(OMIM:232300)	GAA:NM_000152.5:c.1064T>C	https://pubmed.ncbi.nlm.nih.gov/30023291/	
PAVS215	GLYCOGEN STORAGE DISEASE II; GSD2(OMIM:232300)	GAA:NM_000152.5:c.1657C>T	https://pubmed.ncbi.nlm.nih.gov/30023291/	
PAVS216	GLYCOGEN STORAGE DISEASE II; GSD2(OMIM:232300)	GAA:NM_000152.5:c.1064T>C	https://pubmed.ncbi.nlm.nih.gov/30023291/	
PAVS217	GLYCOGEN STORAGE DISEASE II; GSD2(OMIM:232300)	GAA:NM_000152.5:c.1802C>T	https://pubmed.ncbi.nlm.nih.gov/30023291/	
PAVS218	GLYCOGEN STORAGE DISEASE II; GSD2(OMIM:232300)	GAA:NM_000152.5:c.1082C>T	https://pubmed.ncbi.nlm.nih.gov/30023291/	
PAVS219	GLYCOGEN STORAGE DISEASE II; GSD2(OMIM:232300)	GAA:NM_000152.5:c.1431delT	https://pubmed.ncbi.nlm.nih.gov/30023291/	
PAVS220	GLYCOGEN STORAGE DISEASE II; GSD2(OMIM:232300)	GAA:NM_000152.5:c.655G>A	https://pubmed.ncbi.nlm.nih.gov/30023291/	
PAVS221	GLYCOGEN STORAGE DISEASE II; GSD2(OMIM:232300)	GAA:NM_000152.5:c.1657C>T	https://pubmed.ncbi.nlm.nih.gov/30023291/	
PAVS222	Malonyl-CoA decarboxylase deficiency(OMIM:248360)	MLYCD:NM_012213.3:c.953_954delAG	https://pubmed.ncbi.nlm.nih.gov/27629047/	
PAVS223	Isovaleric acidemia(OMIM:243500)	IVD:NM_002225.5:c.358C>T	https://pubmed.ncbi.nlm.nih.gov/27629047/	
PAVS224	B-Ketothiolase deficiency(OMIM:203750)	ACAT1:NM_000019.4:c.412-419del	https://pubmed.ncbi.nlm.nih.gov/27629047/	
PAVS225	Ethylmalonic encephalopathy(OMIM:602473)	ETHE1:NM_014297.5:c.263C>T	https://pubmed.ncbi.nlm.nih.gov/27629047/	
PAVS226	3-Methylglutaconic aciduria type III(OMIM:258501)	OPA3:NM_025136.4:c.194delG	https://pubmed.ncbi.nlm.nih.gov/27629047/	
PAVS227	Biotinidase deficiency(OMIM:253260)	BTD:NM_000060.4:c.755A>G|BTD:NM_000060.4:c.1330G>C	https://pubmed.ncbi.nlm.nih.gov/27629047/	
PAVS228	3-Methylcrotonyl CoA carboxylase deficiency1(OMIM:210200)	MCCC1:NM_020166.5:c.1808dupA	https://pubmed.ncbi.nlm.nih.gov/27629047/	
PAVS229	3-Methylcrotonyl CoA carboxylase deficiency 2(OMIM:210210)	MCCC2:NM_022132.5:c.1147A>T	https://pubmed.ncbi.nlm.nih.gov/27629047/	
PAVS230	3-hydroxy-3-methylglutaryl-CoA lyase deficiency(OMIM:246450)	HMGCL:NM_000191.3:c.122G>A	https://pubmed.ncbi.nlm.nih.gov/27629047/	
PAVS231	Glutaric acidemia(OMIM:231670)	GCDH:NM_000159.4:c.1144G>A	https://pubmed.ncbi.nlm.nih.gov/27629047/	
PAVS232	Glutaric acidemia(OMIM:231670)	GCDH:NM_000159.4:c.853-2A>G	https://pubmed.ncbi.nlm.nih.gov/27629047/	
PAVS233	Glutaric acidemia(OMIM:231670)	GCDH:NM_000159.4:c.278A>G	https://pubmed.ncbi.nlm.nih.gov/27629047/	
PAVS234	Cobalamin C defect(OMIM:277400)	MMACHC:NM_015506.3:c.394C>T	https://pubmed.ncbi.nlm.nih.gov/27629047/	
PAVS235	Cobalamin A Defect(OMIM:251100)	MMAA:NM_172250.3:c.586C>T	https://pubmed.ncbi.nlm.nih.gov/27629047/	
PAVS236	Methylmalonic acidemia(OMIM:251000)	MUT:NM_000255.4:c.329A>G	https://pubmed.ncbi.nlm.nih.gov/27629047/	
PAVS237	Propionic acidemia(OMIM:606054)	PCCA:NM_000282.4:c.425G>A	https://pubmed.ncbi.nlm.nih.gov/27629047/	
PAVS238	Propionic acidemia(OMIM:606054)	PCCA:NM_000282.4:c.350G>A	https://pubmed.ncbi.nlm.nih.gov/27629047/	
PAVS239	Propionic acidemia(OMIM:606054)	PCCB:NM_001178014:c.1050dupT	https://pubmed.ncbi.nlm.nih.gov/27629047/	
PAVS240	Classical homozygouscystinuria(OMIM:236200)	CBS:NM_000071.3:c.969G>A	https://pubmed.ncbi.nlm.nih.gov/27629047/	
PAVS241	Classical homozygouscystinuria(OMIM:236200)	CBS:NM_000071.3:c.1006C>T	https://pubmed.ncbi.nlm.nih.gov/27629047/	
PAVS242	MTHFR deficiency(OMIM:236250)	MTHFR:NM_005957.5:c.680C>T	https://pubmed.ncbi.nlm.nih.gov/27629047/	
PAVS243	MAT deficiency(OMIM:250850)	MAT1A:NM_000429.3:c.1081G>T	https://pubmed.ncbi.nlm.nih.gov/27629047/	
PAVS244	PKU(OMIM:261600)	PAH:NM_000277.3:c.1169A>G	https://pubmed.ncbi.nlm.nih.gov/27629047/	
PAVS245	PTPS deficiency(OMIM:261640)	PTS:NM_000317.3:c.238A>G	https://pubmed.ncbi.nlm.nih.gov/27629047/	
PAVS246	PTPS deficiency(OMIM:261640)	PTS:NM_000317.3:c.169_171delGTG	https://pubmed.ncbi.nlm.nih.gov/27629047/	
PAVS247	MSUD 	BCKDHA:NM_000709.4:c.347A>G	https://pubmed.ncbi.nlm.nih.gov/27629047/	
PAVS248	MSUD 	BCKDHA:NM_000709.4:c.905A>C	https://pubmed.ncbi.nlm.nih.gov/27629047/	
PAVS249	MSUD 	BCKDHB:NM_000056.5:c.674T>C	https://pubmed.ncbi.nlm.nih.gov/27629047/	
PAVS250	MSUD 	BCKDHB:NM_000056.5:c.1144T>C	https://pubmed.ncbi.nlm.nih.gov/27629047/	
PAVS251	Asparagine synthetase deficiency	ASNS:NM_001673.5:c.1160A>G	https://pubmed.ncbi.nlm.nih.gov/27629047/	
PAVS252	Biotin Thiamine Responsive Basal Ganglia Disease	SLC19A3:NM_025243.4:c.1264A>G	https://pubmed.ncbi.nlm.nih.gov/27629047/	
PAVS253	Pyridoxine-dependent epilepsy  	ALDH7A1:NM_001182.5:c.877dupAA	https://pubmed.ncbi.nlm.nih.gov/27629047/	
PAVS254	Galactosemia	GALT:NM_000155.4:c.691C>T	https://pubmed.ncbi.nlm.nih.gov/27629047/	
PAVS255	Galactosemia	GALT:NM_000155.4:c.404C>T	https://pubmed.ncbi.nlm.nih.gov/27629047/	
PAVS256	Galactosemia	GALT:NM_000155.4:c.563A>G	https://pubmed.ncbi.nlm.nih.gov/27629047/	
PAVS257	Transaldolase Deficiency 	TALDO1:NM_006755.2:c.793delC	https://pubmed.ncbi.nlm.nih.gov/27629047/	
PAVS258	Hereditary fructose intolerance	ALDOB:NM_000035.4:c.360_363delCAAA	https://pubmed.ncbi.nlm.nih.gov/27629047/	
PAVS259	Fructose 1|6 bisphosphatase deficiency	FBP1:NM_000507.4:c.114_119dup	https://pubmed.ncbi.nlm.nih.gov/27629047/	
PAVS260	Citrullinemia type 1	ASS1:NM_000050.4:c.364-2A>G	https://pubmed.ncbi.nlm.nih.gov/27629047/	
PAVS261	Citrullinemia type 1	ASS1:NM_000050.4:c.370G>A	https://pubmed.ncbi.nlm.nih.gov/27629047/	
PAVS262	VLCAD	ACADVL:NM_000018.4:c.65C>A	https://pubmed.ncbi.nlm.nih.gov/27629047/	
PAVS263	VLCAD	ACADVL:NM_000018.4:c.65C>A	https://pubmed.ncbi.nlm.nih.gov/27629047/	
PAVS264	MCAD              	ACADM:NM_001286044:c.255G>T	https://pubmed.ncbi.nlm.nih.gov/27629047/	
PAVS265	MCAD              	ACADM:NM_000016.6:c.938T>G	https://pubmed.ncbi.nlm.nih.gov/27629047/	
PAVS266	Carnitine uptake defect    	SLC22A5:NM_003060.4:c.1385G>A	https://pubmed.ncbi.nlm.nih.gov/27629047/	
PAVS267	Cystinuria       	SLC3A1:NM_000341.4:c.1711T>A	https://pubmed.ncbi.nlm.nih.gov/27629047/	
PAVS268	Cystinuria       	SLC3A1:NM_000341.4:c.1400T>A	https://pubmed.ncbi.nlm.nih.gov/27629047/	
PAVS269	Cystinuria       	SLC7A9:NM_001126335.2:c.1166C>T	https://pubmed.ncbi.nlm.nih.gov/27629047/	
PAVS270	Wilson disease 	ATP7B:NM_000053.4:c.2230T>C	https://pubmed.ncbi.nlm.nih.gov/27629047/	
PAVS271	Acute Intermittent Poephyria   	HMBS:NM_000190.4:c.760delC	https://pubmed.ncbi.nlm.nih.gov/27629047/	
PAVS272	CHILD syndrome     	NSDHL:NM_015922.3:c.314C>T	https://pubmed.ncbi.nlm.nih.gov/27629047/	
PAVS273	Fabry disease	GLA:NM_000169.3:c.782G>T	https://pubmed.ncbi.nlm.nih.gov/27629047/	
PAVS274	Sandhoff disease	HEXB:NM_000521.4:c.1169+3_1169+10delAAGTTGTT	https://pubmed.ncbi.nlm.nih.gov/27629047/	
PAVS275	Niemann-Pick disease type B	SMPD1:NM_000543.5:c.1267C>T	https://pubmed.ncbi.nlm.nih.gov/27629047/	
PAVS276	Niemann-Pick disease type C	NPC1:NM_000271.5:c.2130+1G>A	https://pubmed.ncbi.nlm.nih.gov/27629047/	
PAVS277	Niemann-Pick disease type C	NPC1:NM_000271.5:c.2443_2444del	https://pubmed.ncbi.nlm.nih.gov/27629047/	
PAVS278	GM1 gangliosidosis	GLB1:NM_000404.4:c.950G>A	https://pubmed.ncbi.nlm.nih.gov/27629047/	
PAVS279	GM1 gangliosidosis	GLB1:NM_000404.4:c.171C>G	https://pubmed.ncbi.nlm.nih.gov/27629047/	
PAVS280	Metachromatic leukodystrophy	ARSA:NM_000487.6:c.1108-2A>G	https://pubmed.ncbi.nlm.nih.gov/27629047/	
PAVS281	Saposin B deficiency	PSAP:NM_002778.4:c.722G>C	https://pubmed.ncbi.nlm.nih.gov/27629047/	
PAVS282	Krabbe disease	GALC:NM_000153.4:c.396G>A	https://pubmed.ncbi.nlm.nih.gov/27629047/	
PAVS283	MPSI	IDUA:NM_000203.5:c.1868T>C	https://pubmed.ncbi.nlm.nih.gov/27629047/	
PAVS284	MPSII	IDS:NM_000202.8:c.405A>C	https://pubmed.ncbi.nlm.nih.gov/27629047/	
PAVS285	MPSIIIA	SGSH:NM_000199.5:c.664-13C>G	https://pubmed.ncbi.nlm.nih.gov/27629047/	
PAVS286	MPSIIIA	SGSH:NM_000199.5:c.535G>A	https://pubmed.ncbi.nlm.nih.gov/27629047/	
PAVS287	MPS IVA	GALNS:NM_000512.5:c.120+1G>C	https://pubmed.ncbi.nlm.nih.gov/27629047/	
PAVS288	MPS IVA	GALNS:NM_000512.5:c.860C>T	https://pubmed.ncbi.nlm.nih.gov/27629047/	
PAVS289	MPS IVA	GALNS:NM_000512.5:c.697G>A	https://pubmed.ncbi.nlm.nih.gov/27629047/	
PAVS290	MPSVI	ARSB:NM_000046.5:c.753C>G	https://pubmed.ncbi.nlm.nih.gov/27629047/	
PAVS291	MPSVI	ARSB:NM_000046.5:c.430A>G	https://pubmed.ncbi.nlm.nih.gov/27629047/	
PAVS292	MPSVI	ARSB:NM_000046.5:c.1079T>C	https://pubmed.ncbi.nlm.nih.gov/27629047/	
PAVS293	Mucolipidosis II	GNPTAB:NM_024312.5:c.3503_3504delTC	https://pubmed.ncbi.nlm.nih.gov/27629047/	
PAVS294	α-mannosidosis	MAN2B1:NM_000528.4:c.1340A>T	https://pubmed.ncbi.nlm.nih.gov/27629047/	
PAVS295	NCL type 6	CLN6:NM_017882.3:c.794_796del	https://pubmed.ncbi.nlm.nih.gov/27629047/	
PAVS296	NCL type 6	CLN6:NM_017882.3:c.794_796delCCT	https://pubmed.ncbi.nlm.nih.gov/27629047/	
PAVS297	NCL type 6	CLN8:NM_018941.4:c.98_763del9318	https://pubmed.ncbi.nlm.nih.gov/27629047/	
PAVS298	GSDII	GAA:NM_000152.5:c.1431delT	https://pubmed.ncbi.nlm.nih.gov/27629047/	
PAVS299	GSDII	GAA:NM_000152.5:c.1657C>T	https://pubmed.ncbi.nlm.nih.gov/27629047/	
PAVS300	GSDIII	AGL:NM_000028.2:c.4353G>T	https://pubmed.ncbi.nlm.nih.gov/27629047/	
PAVS301	GSDIV	GBE1:NM_000158.4:c.998A>T	https://pubmed.ncbi.nlm.nih.gov/27629047/	
PAVS302	GSD IX	PHKG2:NM_000294.3:c.130C>T	https://pubmed.ncbi.nlm.nih.gov/27629047/	
PAVS303	GSD IX	PHKB:NM_000293.3:c.426_614del	https://pubmed.ncbi.nlm.nih.gov/27629047/	
PAVS304	Leigh disease	MTATP6:YP_003024031.1:m.8993T>G	https://pubmed.ncbi.nlm.nih.gov/27629047/	
PAVS305	Leigh disease	COX15:NM_078470.6:c.649C>T	https://pubmed.ncbi.nlm.nih.gov/27629047/	
PAVS306	Pyruvate dehydrogenase deficiency	PDHA1:NM_001173454:c.1256_1259dup	https://pubmed.ncbi.nlm.nih.gov/27629047/	
PAVS307	Pyruvate dehydrogenase deficiency	PDHA1:NM_000284.4:c.1132C>T	https://pubmed.ncbi.nlm.nih.gov/27629047/	
PAVS308	Pyruvate Carboxylase Deficiency	PC:NM_001040716.2:c.3116_3126del	https://pubmed.ncbi.nlm.nih.gov/27629047/	
PAVS309	Mitochondrial DNA depletion syndrome 3	DGUOK:NM_080916.3:c.617G>A	https://pubmed.ncbi.nlm.nih.gov/27629047/	
PAVS310	Mitochondrial DNA depletion syndrome 5	SUCLA2:NM_003850.3:c.362_363del	https://pubmed.ncbi.nlm.nih.gov/27629047/	
PAVS311	Cardioencephalomyopathy| fatal infantile| cytochrome c oxidase deficiency 1	SCO2:NM_005138.3:c.2T>C	https://pubmed.ncbi.nlm.nih.gov/27629047/	
PAVS312	3-Methylglutaconic aciduria with deafness| encephalopathy| and Leigh-like	SERAC1:NM_032861.4:c.438delC	https://pubmed.ncbi.nlm.nih.gov/27629047/	
PAVS313	Primary CoenzymeQ10 deficiency type 5	COQ9:NM_020312.4:c.184C>T	https://pubmed.ncbi.nlm.nih.gov/27629047/	
PAVS314	Primary hyperoxaluria type 1	AGXT:NM_000030.3:c.187G>C	https://pubmed.ncbi.nlm.nih.gov/27629047/	
PAVS315	Zellweger syndrome	PEX5:NM_000319.5:c.1578T>G	https://pubmed.ncbi.nlm.nih.gov/27629047/	
PAVS316	Rhizomelic chondrodysplasia punctata type 1(OMIM:215100)	PEX7:NM_000288.4:c.321_322delTA	https://pubmed.ncbi.nlm.nih.gov/27629047/	
PAVS317	CONGENITAL DISORDER OF GLYCOSYLATION, TYPE Il; CDG1L(OMIM:608776)	ALG9:NM_001077691:c.1075G>A	https://pubmed.ncbi.nlm.nih.gov/27629047/	
PAVS318	Intellectual deficit|Epilepsy|Global developmental delay	ALKBH8:NM_001301010.1:c.1660C>T	https://pubmed.ncbi.nlm.nih.gov/31079898/	
PAVS319	Intellectual deficit|Epilepsy| Global developmental delay (global developmental delay)|small penis|Undescended testicles|Arachnoid granulation|mild dysmorpism|Attention deficit hyperactive disorder	ALKBH8:NM_001301010.1:c.1660C>T	https://pubmed.ncbi.nlm.nih.gov/31079898/	
PAVS320	Intellectual deficit|Epilepsy|Global developmental delay	ALKBH8:NM_001301010.1:c.1794delC	https://pubmed.ncbi.nlm.nih.gov/31079898/	
PAVS321	Intellectual deficit|Epilepsy|Global developmental delay|Congenital heart disease |Ventricular septal defect|Aortic regurgitation|Thickened aortic valve|Attention deficit hyperactivity disorder|Linguistic impairment|Macrocephaly|Deep-set eyes|Large eyes|Hypotonia 	ALKBH8:NM_001301010.1:c.1794delC	https://pubmed.ncbi.nlm.nih.gov/31079898/	
PAVS322	Intellectual deficit|Epilepsy|Large ears|Long face	ALKBH8:NM_001301010.1:c.1794delC	https://pubmed.ncbi.nlm.nih.gov/31079898/	
PAVS323	Prune belly syndrome|ID|Long face|Large ears|seizures	ALKBH8:NM_001301010.1:c.1794delC	https://pubmed.ncbi.nlm.nih.gov/31079898/	
PAVS324	Prune belly syndrome|Left solitary kidney|Intellectual deficit|Epilepsy	ALKBH8:NM_001301010.1:c.1794delC	https://pubmed.ncbi.nlm.nih.gov/31079898/	
PAVS325	Spastic diplegia|Cerebral palsy|Developmental delay|Microcephaly|Paroxysmal epileptic discharge|Lower limb hypertonia|Brisk deep tendon reflexes|Subarachnoid epidermal cyst|	NT5C2:NM_012229.5:c.539+1G>T	https://pubmed.ncbi.nlm.nih.gov/32153630/	
PAVS326	Paroxysmal epileptic discharge|Spastic paraplegia|Cerebral palsy|Developmental delay|Microcephaly|Hyperactivity	NT5C2:NM_012229.5:c.539+1G>T	https://pubmed.ncbi.nlm.nih.gov/32153630/	
PAVS327	Hypophosphatasia(OMIM:241500)|Craniosynostosis(HP:0001363)	ALPL:NM_000478.6:c.293C>T	https://pubmed.ncbi.nlm.nih.gov/33937142/	
PAVS328	SAETHRE-CHOTZEN SYNDROME(OMIM:101400)|Craniosynostosis(HP:0001363)	TWIST1:NM_000474.4:c.404T>G	https://pubmed.ncbi.nlm.nih.gov/33937142/	
PAVS329	Hypophosphatasia(OMIM:241500)|Craniosynostosis(HP:0001363)	ALPL:NM_000478.6:c.977G>T	https://pubmed.ncbi.nlm.nih.gov/33937142/	
PAVS330	APERT SYNDROME (OMIM:101200)|Craniosynostosis(HP:0001363)	FGFR2:NM_000141.5:c.758C>G	https://pubmed.ncbi.nlm.nih.gov/33937142/	
PAVS331	APERT SYNDROME(OMIM:101200)|Papilledema|Craniosynostosis(HP:0001363)	FGFR2:NM_000141.5:c.758C>G	https://pubmed.ncbi.nlm.nih.gov/33937142/	
PAVS332	Craniosynostosis(HP:0001363)	FREM1:NM_144966.7:c.4023C>G|FREM1:NM_144966.7:c.4564G>A|FREM1:NM_144966.7:c.4789G>T	https://pubmed.ncbi.nlm.nih.gov/33937142/	
PAVS333	APERT SYNDROME(OMIM:101200)|Craniosynostosis(HP:0001363)	FGFR2:NM_000141.5:c.755C>G	https://pubmed.ncbi.nlm.nih.gov/33937142/	
PAVS334	SAETHRE-CHOTZEN SYNDROME(OMIM:101400)|Papilledema|Craniosynostosis(HP:0001363)	TWIST1:NM_000474.4:c.397_417dup	https://pubmed.ncbi.nlm.nih.gov/33937142/	
PAVS335	SAETHRE-CHOTZEN SYNDROME(OMIM:101400)|Craniosynostosis(HP:0001363)	TWIST1:NM_000474.4:c.419C>T	https://pubmed.ncbi.nlm.nih.gov/33937142/	
PAVS336	Pfeiffer syndrome -Type 1|Craniosynostosis(HP:0001363)	FGFR2:NM_000141.5:c.334T>C	https://pubmed.ncbi.nlm.nih.gov/33937142/	
PAVS337	CROUZON SYNDROME(OMIM:123500)|Papilledema|Craniosynostosis(HP:0001363)	FGFR2:NM_000141.5:c.1070T>C	https://pubmed.ncbi.nlm.nih.gov/33937142/	
PAVS338	Papilledema|Craniosynostosis(HP:0001363)	FREM1:NM_144966.7:c.916_936dup	https://pubmed.ncbi.nlm.nih.gov/33937142/	
PAVS339	Craniosynostosis(HP:0001363)	TCF12:NM_207037.2:c.1115-1G>A	https://pubmed.ncbi.nlm.nih.gov/33937142/	
PAVS340	CROUZON SYNDROME(OMIM:123500)|Craniosynostosis(HP:0001363)	FGFR2:NM_000141.5:c.1648A>C	https://pubmed.ncbi.nlm.nih.gov/33937142/	
PAVS341	Craniosynostosis(HP:0001363) type 3(OMIM:615314)	TCF12:NM_207037.2:c.641C>G	https://pubmed.ncbi.nlm.nih.gov/33937142/	
PAVS342	Dilated cardiomyopathy|	FLNC:NM_001127487.2:c.2122_2127del	https://pubmed.ncbi.nlm.nih.gov/33937142/	
PAVS343	Restricted cardiomyopathy	FLNC:NM_001127487.2:c.6589C>T	https://pubmed.ncbi.nlm.nih.gov/32870709/	
PAVS344	Dilated cardiomyopathy|	MYLK3:NM_182493.3:c.1320delT	https://pubmed.ncbi.nlm.nih.gov/32870709/	
PAVS345	Dilated cardiomyopathy|Atrial septal defect II	MYLK3:NM_182493.3:c.1320delT	https://pubmed.ncbi.nlm.nih.gov/32870709/	
PAVS346	Dilated cardiomyopathy|Left ventricular noncompaction(HP:0030682)	MYLK3:NM_182493.3:c.1499G>A	https://pubmed.ncbi.nlm.nih.gov/32870709/	
PAVS347	Dilated cardiomyopathy|	NEXN:NM_144573.4:c.461_462insA	https://pubmed.ncbi.nlm.nih.gov/32870709/	
PAVS348	Dilated cardiomyopathy|	NEXN:NM_144573.4:c.1171C>T	https://pubmed.ncbi.nlm.nih.gov/32870709/	
PAVS349	Dilated cardiomyopathy|	NEXN:NM_144573.4:c.157G>A	https://pubmed.ncbi.nlm.nih.gov/32870709/	
PAVS350	Dilated cardiomyopathy|Atrial septal defect II	VCL:NM_003373.4:c.160C>G	https://pubmed.ncbi.nlm.nih.gov/32870709/	
PAVS351	Dilated cardiomyopathy	AASDH:NM_181806.4:c.3176_3177insTGTT	https://pubmed.ncbi.nlm.nih.gov/32870709/	
PAVS352	Left ventricular noncompaction(HP:0030682)	ACACB:NM_001093.4:c.6305G>A	https://pubmed.ncbi.nlm.nih.gov/32870709/	
PAVS353	Dilated cardiomyopathy|Left ventricular noncompaction(HP:0030682)	CASZ1:NM_001079843.3:c.710C>G	https://pubmed.ncbi.nlm.nih.gov/32870709/	
PAVS354	Dilated cardiomyopathy|Atrial septal defect II	FLII:NM_002018.4:c.2020C>G	https://pubmed.ncbi.nlm.nih.gov/32870709/	
PAVS355	Dilated cardiomyopathy	FLII:NM_002018.4:c.3718C>T	https://pubmed.ncbi.nlm.nih.gov/32870709/	
PAVS356	Dilated cardiomyopathy	RHBDF1:NM_022450.5:c.1993G>T	https://pubmed.ncbi.nlm.nih.gov/32870709/	
PAVS357	Dilated cardiomyopathy	RRHBDF1:NM_022450.5:c.1212delC	https://pubmed.ncbi.nlm.nih.gov/32870709/	
PAVS358	Dilated cardiomyopathy	RHBDF1:NM_022450.5:c.1212delC	https://pubmed.ncbi.nlm.nih.gov/32870709/	
PAVS359	Dilated cardiomyopathy	RPL3L:NM_005061.3:c.347G>A	https://pubmed.ncbi.nlm.nih.gov/32870709/	
PAVS360	Dilated cardiomyopathy	ULK1:NM_003565.4:c.2071C>T	https://pubmed.ncbi.nlm.nih.gov/32870709/	
PAVS361	Dilated cardiomyopathy	ALMS1:NM_015120:c.12148_12160delCGCTCTGGGGAGC	https://pubmed.ncbi.nlm.nih.gov/32870709/	
PAVS362	Dilated cardiomyopathy	DSP:NM_004415.4:c.1459A>G	https://pubmed.ncbi.nlm.nih.gov/32870709/	
PAVS363	Dilated cardiomyopathy|Woolly hair	DSP:NM_004415.4:c.5242delA	https://pubmed.ncbi.nlm.nih.gov/32870709/	
PAVS364	Dilated cardiomyopathy	JPH2:NM_020433.5:c.35G>C	https://pubmed.ncbi.nlm.nih.gov/32870709/	
PAVS365	Dilated cardiomyopathy	JPH2:NM_020433.5:c.2029_2030insCTCA	https://pubmed.ncbi.nlm.nih.gov/32870709/	
PAVS366	Hypertrophic cardiomyopathy	KLHL24:NM_017644.3:c.1161G>A	https://pubmed.ncbi.nlm.nih.gov/32870709/	
PAVS367	Dilated cardiomyopathy	LDB3:NM_001171610:c.1636C>T	https://pubmed.ncbi.nlm.nih.gov/32870709/	
PAVS368	Hypertrophic cardiomyopathy	MYBPC3:NM_000256.3:c.1906_1906insA	https://pubmed.ncbi.nlm.nih.gov/32870709/	
PAVS369	Dilated cardiomyopathy	NRAP:NM_198060.4:c.400_407delTGCCCAGG	https://pubmed.ncbi.nlm.nih.gov/32870709/	
PAVS370	Dilated cardiomyopathy	NRAP:NM_198060.4:c.400_407delTGCCCAGG	https://pubmed.ncbi.nlm.nih.gov/32870709/	
PAVS371	Dilated cardiomyopathy	NRAP:NM_198060.4:c.760delA	https://pubmed.ncbi.nlm.nih.gov/32870709/	
PAVS372	Dilated cardiomyopathy	NRAP:NM_198060.4:c.760delA	https://pubmed.ncbi.nlm.nih.gov/32870709/	
PAVS373	Dilated cardiomyopathy	NRAP:NM_198060.4:c.1019_1019delA	https://pubmed.ncbi.nlm.nih.gov/32870709/	
PAVS374	Dilated cardiomyopathy	NRAP:NM_198060.4:c.1579delC	https://pubmed.ncbi.nlm.nih.gov/32870709/	
PAVS375	Dilated cardiomyopathy	NRAP:NM_198060.4:c.3568G>T	https://pubmed.ncbi.nlm.nih.gov/32870709/	
PAVS376	Dilated cardiomyopathy|Ventricular septal defects	PKP2:NM_004572:c.2507C>A	https://pubmed.ncbi.nlm.nih.gov/32870709/	
PAVS377	Dilated cardiomyopathy|Woolly hair	PPP1R13L:NM_006663.4:c.988_989insC	https://pubmed.ncbi.nlm.nih.gov/32870709/	
PAVS378	Hypertrophic cardiomyopathy|Supra PS|Noonan phenotype	RAF1:NM_001354689.3:c.781_804delCCTAATGTCCACATGGTCAGCACC	https://pubmed.ncbi.nlm.nih.gov/32870709/	
PAVS379	Developmental delay|High ammonia|Metabolic acidosis|Dilated cardiomyopathy	TMEM70:NM_017866.6:c.479A>C	https://pubmed.ncbi.nlm.nih.gov/32870709/	
PAVS380	Hypertrophic cardiomyopathy	ACADVL:NM_000018.4:c.65C>A	https://pubmed.ncbi.nlm.nih.gov/32870709/	
PAVS381	Dilated cardiomyopathy	ACADVL:NM_000018.4:c.779C>T	https://pubmed.ncbi.nlm.nih.gov/32870709/	
PAVS382	Hypertrophic cardiomyopathy	ACADVL:NM_000018.4:c.1748-6G>A	https://pubmed.ncbi.nlm.nih.gov/32870709/	
PAVS383	Dilated cardiomyopathy	ELAC2:NM_018127.7:c.460T>C	https://pubmed.ncbi.nlm.nih.gov/32870709/	
PAVS384	Dilated cardiomyopathy	ELAC2:NM_018127.7:c.460T>C	https://pubmed.ncbi.nlm.nih.gov/32870709/	
PAVS385	Dilated cardiomyopathy	ELAC2:NM_018127.7:c.460T>C	https://pubmed.ncbi.nlm.nih.gov/32870709/	
PAVS386	Dilated cardiomyopathy	ELAC2:NM_018127.7:c.460T>C	https://pubmed.ncbi.nlm.nih.gov/32870709/	
PAVS387	Dilated cardiomyopathy	ELAC2:NM_018127.7:c.460T>C	https://pubmed.ncbi.nlm.nih.gov/32870709/	
PAVS388	Dilated cardiomyopathy	ELAC2:NM_018127.7:c.460T>C	https://pubmed.ncbi.nlm.nih.gov/32870709/	
PAVS389	Dilated cardiomyopathy	ELAC2:NM_018127.7:c.460T>C	https://pubmed.ncbi.nlm.nih.gov/32870709/	
PAVS390	Dilated cardiomyopathy	ELAC2:NM_018127.7:c.460T>C	https://pubmed.ncbi.nlm.nih.gov/32870709/	
PAVS391	Hypertrophic cardiomyopathy	ELAC2:NM_018127.7:c.460T>C	https://pubmed.ncbi.nlm.nih.gov/32870709/	
PAVS392	Hypertrophic cardiomyopathy	ELAC2:NM_018127.7:c.460T>C	https://pubmed.ncbi.nlm.nih.gov/32870709/	
PAVS393	Hypertrophic cardiomyopathy	ELAC2:NM_018127.7:c.460T>C	https://pubmed.ncbi.nlm.nih.gov/32870709/	
PAVS394	Hypertrophic cardiomyopathy	ELAC2:NM_018127.7:c.460T>C	https://pubmed.ncbi.nlm.nih.gov/32870709/	
PAVS395	Hypertrophic cardiomyopathy	ELAC2:NM_018127.7:c.460T>C	https://pubmed.ncbi.nlm.nih.gov/32870709/	
PAVS396	Hypertrophic cardiomyopathy	ELAC2:NM_018127.7:c.460T>C	https://pubmed.ncbi.nlm.nih.gov/32870709/	
PAVS397	Hypertrophic cardiomyopathy	ELAC2:NM_018127.7:c.460T>C	https://pubmed.ncbi.nlm.nih.gov/32870709/	
PAVS398	Hypertrophic cardiomyopathy	ELAC2:NM_018127.7:c.460T>C	https://pubmed.ncbi.nlm.nih.gov/32870709/	
PAVS399	Hypertrophic cardiomyopathy	ELAC2:NM_018127.7:c.460T>C	https://pubmed.ncbi.nlm.nih.gov/32870709/	
PAVS400	Hypertrophic cardiomyopathy	ELAC2:NM_018127.7:c.460T>C	https://pubmed.ncbi.nlm.nih.gov/32870709/	
PAVS401	Hypertrophic cardiomyopathy	ELAC2:NM_018127.7:c.460T>C	https://pubmed.ncbi.nlm.nih.gov/32870709/	
PAVS402	Hypertrophic cardiomyopathy	ELAC2:NM_018127.7:c.460T>C	https://pubmed.ncbi.nlm.nih.gov/32870709/	
PAVS403	Hypertrophic cardiomyopathy	ELAC2:NM_018127.7:c.460T>C	https://pubmed.ncbi.nlm.nih.gov/32870709/	
PAVS404	Hypertrophic cardiomyopathy	ELAC2:NM_018127.7:c.460T>C	https://pubmed.ncbi.nlm.nih.gov/32870709/	
PAVS405	Hypertrophic cardiomyopathy	ELAC2:NM_018127.7:c.460T>C	https://pubmed.ncbi.nlm.nih.gov/32870709/	
PAVS406	Hypertrophic cardiomyopathy	ELAC2:NM_018127.7:c.460T>C	https://pubmed.ncbi.nlm.nih.gov/32870709/	
PAVS407	Hypertrophic cardiomyopathy	ELAC2:NM_018127.7:c.460T>C	https://pubmed.ncbi.nlm.nih.gov/32870709/	
PAVS408	Hypertrophic cardiomyopathy	ELAC2:NM_018127.7:c.460T>C	https://pubmed.ncbi.nlm.nih.gov/32870709/	
PAVS409	Hypertrophic cardiomyopathy	ELAC2:NM_018127.7:c.460T>C	https://pubmed.ncbi.nlm.nih.gov/32870709/	
PAVS410	Hypertrophic cardiomyopathy	ELAC2:NM_018127.7:c.460T>C	https://pubmed.ncbi.nlm.nih.gov/32870709/	
PAVS411	Hypertrophic cardiomyopathy	ELAC2:NM_018127.7:c.460T>C	https://pubmed.ncbi.nlm.nih.gov/32870709/	
PAVS412	Hypertrophic cardiomyopathy	ELAC2:NM_018127.7:c.460T>C	https://pubmed.ncbi.nlm.nih.gov/32870709/	
PAVS413	Hypertrophic cardiomyopathy	ELAC2:NM_018127.7:c.460T>C	https://pubmed.ncbi.nlm.nih.gov/32870709/	
PAVS414	Dilated cardiomyopathy	ACADVL:NM_000018.4:c.65C>A	https://pubmed.ncbi.nlm.nih.gov/32870709/	
PAVS415	Dilated cardiomyopathy	ACADVL:NM_000018.4:c.65C>A	https://pubmed.ncbi.nlm.nih.gov/32870709/	
PAVS416	Dilated cardiomyopathy	ACADVL:NM_000018.4:c.65C>A	https://pubmed.ncbi.nlm.nih.gov/32870709/	
PAVS417	Hypertrophic cardiomyopathy	ACADVL:NM_000018.4:c.65C>A	https://pubmed.ncbi.nlm.nih.gov/32870709/	
PAVS418	Hypertrophic cardiomyopathy	ACADVL:NM_000018.4:c.65C>A	https://pubmed.ncbi.nlm.nih.gov/32870709/	
PAVS419	Hypertrophic cardiomyopathy	ACADVL:NM_000018.4:c.65C>A	https://pubmed.ncbi.nlm.nih.gov/32870709/	
PAVS420	Hypertrophic cardiomyopathy	ACADVL:NM_000018.4:c.65C>A	https://pubmed.ncbi.nlm.nih.gov/32870709/	
PAVS421	Hypertrophic cardiomyopathy	ACADVL:NM_000018.4:c.65C>A	https://pubmed.ncbi.nlm.nih.gov/32870709/	
PAVS422	Hypertrophic cardiomyopathy	ACADVL:NM_000018.4:c.65C>A	https://pubmed.ncbi.nlm.nih.gov/32870709/	
PAVS423	Hypertrophic cardiomyopathy	ACADVL:NM_000018.4:c.65C>A	https://pubmed.ncbi.nlm.nih.gov/32870709/	
PAVS424	Hypertrophic cardiomyopathy	ACADVL:NM_000018.4:c.65C>A	https://pubmed.ncbi.nlm.nih.gov/32870709/	
PAVS425	Hypertrophic cardiomyopathy	ACADVL:NM_000018.4:c.65C>A	https://pubmed.ncbi.nlm.nih.gov/32870709/	
PAVS426	Hypertrophic cardiomyopathy	ACADVL:NM_000018.4:c.65C>A	https://pubmed.ncbi.nlm.nih.gov/32870709/	
PAVS427	Hypertrophic cardiomyopathy	ACADVL:NM_000018.4:c.65C>A	https://pubmed.ncbi.nlm.nih.gov/32870709/	
PAVS428	Hypertrophic cardiomyopathy	ACADVL:NM_000018.4:c.65C>A	https://pubmed.ncbi.nlm.nih.gov/32870709/	
PAVS429	Hypertrophic cardiomyopathy	ACADVL:NM_000018.4:c.65C>A	https://pubmed.ncbi.nlm.nih.gov/32870709/	
PAVS430	Hypertrophic cardiomyopathy	ELAC2:NM_018127.7:c.460T>C	https://pubmed.ncbi.nlm.nih.gov/28441660/	
PAVS431	Dilated cardiomyopathy	ELAC2:NM_018127.7:c.460T>C	https://pubmed.ncbi.nlm.nih.gov/28441660/	
PAVS432	Dilated cardiomyopathy|Pericardial effeusio|Developmental delay|Seizures	ELAC2:NM_018127.7:c.460T>C	https://pubmed.ncbi.nlm.nih.gov/28441660/	
PAVS433	Hypertrophic cardiomyopathy|Pericardial effeusion	ELAC2:NM_018127.7:c.460T>C	https://pubmed.ncbi.nlm.nih.gov/28441660/	
PAVS434	Hypertrophic cardiomyopathy	ELAC2:NM_018127.7:c.460T>C	https://pubmed.ncbi.nlm.nih.gov/28441660/	
PAVS435	Hypertrophic cardiomyopathy	ELAC2:NM_018127.7:c.460T>C	https://pubmed.ncbi.nlm.nih.gov/28441660/	
PAVS436	Hypertrophic cardiomyopathy	ELAC2:NM_018127.7:c.460T>C	https://pubmed.ncbi.nlm.nih.gov/28441660/	
PAVS437	Hypertrophic cardiomyopathy|Pericardial effeusion	ELAC2:NM_018127.7:c.460T>C	https://pubmed.ncbi.nlm.nih.gov/28441660/	
PAVS438	Hypertrophic cardiomyopathy	ELAC2:NM_018127.7:c.460T>C	https://pubmed.ncbi.nlm.nih.gov/28441660/	
PAVS439	Hypertrophic cardiomyopathy|Pericardial effeusion	ELAC2:NM_018127.7:c.460T>C	https://pubmed.ncbi.nlm.nih.gov/28441660/	
PAVS440	Dilated cardiomyopathy	ELAC2:NM_018127.7:c.460T>C	https://pubmed.ncbi.nlm.nih.gov/28441660/	
PAVS441	Hypertrophic cardiomyopathy	ELAC2:NM_018127.7:c.460T>C	https://pubmed.ncbi.nlm.nih.gov/28441660/	
PAVS442	Hypertrophic cardiomyopathy|Pericardial effeusion	ELAC2:NM_018127.7:c.460T>C	https://pubmed.ncbi.nlm.nih.gov/28441660/	
PAVS443	Hypertrophic cardiomyopathy|Pericardial effeusion	ELAC2:NM_018127.7:c.460T>C	https://pubmed.ncbi.nlm.nih.gov/28441660/	
PAVS444	Hypertrophic cardiomyopathy|Pericardial effeusion|Intrauterine growth retardation	ELAC2:NM_018127.7:c.460T>C	https://pubmed.ncbi.nlm.nih.gov/28441660/	
PAVS445	Hypertrophic cardiomyopathy	ELAC2:NM_018127.7:c.460T>C	https://pubmed.ncbi.nlm.nih.gov/28441660/	
PAVS446	High long chain C14 acylcarnitines(HP:0045045)|ACYL-CoA DEHYDROGENASE| VERY LONG-CHAIN| DEFICIENCY OF; ACADVLD(OMIM:201475)	ACADVL:NM_000018.4:c.65C>A	https://pubmed.ncbi.nlm.nih.gov/28980192/	
PAVS447	High long chain C14 acylcarnitines(HP:0045045)|ACYL-CoA DEHYDROGENASE| VERY LONG-CHAIN| DEFICIENCY OF; ACADVLD(OMIM:201475)	ACADVL:NM_000018.4:c.134C>A	https://pubmed.ncbi.nlm.nih.gov/28980192/	
PAVS448	High long chain C14 acylcarnitines(HP:0045045)|ACYL-CoA DEHYDROGENASE| VERY LONG-CHAIN| DEFICIENCY OF; ACADVLD(OMIM:201475)	ACADVL:NM_000018.4:c.134C>A	https://pubmed.ncbi.nlm.nih.gov/28980192/	
PAVS449	High long chain C14 acylcarnitines(HP:0045045)|ACYL-CoA DEHYDROGENASE| VERY LONG-CHAIN| DEFICIENCY OF; ACADVLD(OMIM:201475)|Global developmental delay|Generalized hypotonia|Dysmorphic features	ACADVL:NM_001270447:c.494T>C|ZNF423:NM_015069.5:c.3250G>A	https://pubmed.ncbi.nlm.nih.gov/28980192/	
PAVS450	High long chain C14 acylcarnitines(HP:0045045)|ACYL-CoA DEHYDROGENASE| VERY LONG-CHAIN| DEFICIENCY OF; ACADVLD(OMIM:201475)	ACADVL:NM_000018.4:c.1349G>A	https://pubmed.ncbi.nlm.nih.gov/28980192/	
PAVS451	Severe sensorineural hearing impairment (HP:0008625)|DEAFNESS| AUTOSOMAL RECESSIVE 7; DFNB(OMIM:600974)	TMC1:NM_138691.3:c.100C>T	https://pubmed.ncbi.nlm.nih.gov/31854501/	
PAVS452	Severe sensorineural hearing impairment (HP:0008625)|DEAFNESS| AUTOSOMAL RECESSIVE 7; DFNB(OMIM:600974)	TMC1:NM_138691.3:c.100C>T	https://pubmed.ncbi.nlm.nih.gov/31854501/	
PAVS453	Severe sensorineural hearing impairment (HP:0008625)|DEAFNESS| AUTOSOMAL RECESSIVE 7; DFNB(OMIM:600974)	TMC1:NM_138691.3:c.100C>T	https://pubmed.ncbi.nlm.nih.gov/31854501/	
PAVS454	Severe sensorineural hearing impairment (HP:0008625)|DEAFNESS| AUTOSOMAL DOMINANT 36; DFNA36(OMIM:606705)	TMC1:NM_138691.3:c.1714G>A	https://pubmed.ncbi.nlm.nih.gov/31854501/	
PAVS455	Severe sensorineural hearing impairment (HP:0008625)|DEAFNESS| AUTOSOMAL RECESSIVE 7; DFNB(OMIM:600974)	TMC1:NM_138691.3:c.100C>T	https://pubmed.ncbi.nlm.nih.gov/31854501/	
PAVS456	Severe sensorineural hearing impairment (HP:0008625)|DEAFNESS| AUTOSOMAL RECESSIVE 7; DFNB(OMIM:600974)	TMC1:NM_138691.3:c.100C>T	https://pubmed.ncbi.nlm.nih.gov/31854501/	
PAVS457	Severe sensorineural hearing impairment (HP:0008625)|DEAFNESS| AUTOSOMAL RECESSIVE 7; DFNB(OMIM:600974)	TMC1:NM_138691.3:c.1396_1398del	https://pubmed.ncbi.nlm.nih.gov/31854501/	
PAVS458	Severe sensorineural hearing impairment (HP:0008625)|DEAFNESS| AUTOSOMAL RECESSIVE 7; DFNB(OMIM:600974)	TMC1:NM_138691.3:c.100C>T	https://pubmed.ncbi.nlm.nih.gov/31854501/	
PAVS459	Severe sensorineural hearing impairment (HP:0008625)|DEAFNESS| AUTOSOMAL RECESSIVE 7; DFNB(OMIM:600974)	TMC1:NM_138691.3:c.100C>T	https://pubmed.ncbi.nlm.nih.gov/31854501/	
PAVS460	Severe sensorineural hearing impairment (HP:0008625)|DEAFNESS| AUTOSOMAL RECESSIVE 7; DFNB(OMIM:600974)	TMC1:NM_138691.3:c.100C>T	https://pubmed.ncbi.nlm.nih.gov/31854501/	
PAVS461	Severe sensorineural hearing impairment (HP:0008625)|DEAFNESS| AUTOSOMAL RECESSIVE 7; DFNB(OMIM:600974)	TMC1:NM_138691.3:c.758C>T	https://pubmed.ncbi.nlm.nih.gov/31854501/	
PAVS462	Severe sensorineural hearing impairment (HP:0008625)|DEAFNESS| AUTOSOMAL RECESSIVE 7; DFNB(OMIM:600974)	TMC1:NM_138691.3:c.758C>T	https://pubmed.ncbi.nlm.nih.gov/31854501/	
PAVS463	Severe sensorineural hearing impairment (HP:0008625)|DEAFNESS| AUTOSOMAL RECESSIVE 7; DFNB(OMIM:600974)	TMC1:NM_138691.3:c.100C>T	https://pubmed.ncbi.nlm.nih.gov/31854501/	
PAVS464	Severe sensorineural hearing impairment (HP:0008625)|DEAFNESS| AUTOSOMAL RECESSIVE 7; DFNB(OMIM:600974)	TMC1:NM_138691.3:c.100C>T	https://pubmed.ncbi.nlm.nih.gov/31854501/	
PAVS465	Severe sensorineural hearing impairment (HP:0008625)|DEAFNESS| AUTOSOMAL RECESSIVE 7; DFNB(OMIM:600974)	TMC1:NM_138691.3:c.100C>T	https://pubmed.ncbi.nlm.nih.gov/31854501/	
PAVS466	Severe sensorineural hearing impairment (HP:0008625)|DEAFNESS| AUTOSOMAL RECESSIVE 7; DFNB(OMIM:600974)	TMC1:NM_138691.3:c.362+3A>G	https://pubmed.ncbi.nlm.nih.gov/31854501/	
PAVS467	Severe sensorineural hearing impairment (HP:0008625)|DEAFNESS| AUTOSOMAL RECESSIVE 7; DFNB(OMIM:600974)	TMC1:NM_138691.3:c.362+3A>G	https://pubmed.ncbi.nlm.nih.gov/31854501/	
PAVS468	Severe sensorineural hearing impairment (HP:0008625)|DEAFNESS| AUTOSOMAL RECESSIVE 7; DFNB(OMIM:600974)	TMC1:NM_138691.3:c.100C>T	https://pubmed.ncbi.nlm.nih.gov/31854501/	
PAVS469	Severe sensorineural hearing impairment (HP:0008625)|DEAFNESS| AUTOSOMAL RECESSIVE 7; DFNB(OMIM:600974)	TMC1:NM_138691.3:c.100C>T	https://pubmed.ncbi.nlm.nih.gov/31854501/	
PAVS470	Macrocephaly at birth( HP:0004488)|Cobblestone cortex( HP:0007260)|Hydrocephalus(HP:0000238)|Buphthalmos(HP:0000557)| Microphthalmia(HP:0000568)|Subcortical cyst|MUSCULAR DYSTROPHY-DYSTROGLYCANOPATHY (CONGENITAL WITH BRAIN AND EYE ANOMALIES)| TYPE A| 1; MDevelopmental delayGA1(OMIM:236670)	POMT1:NM_007171.3:c.280+1G>T	https://pubmed.ncbi.nlm.nih.gov/33199158/	
PAVS471	Macrocephaly at birth( HP:0004488)|Cobblestone cortex( HP:0007260)|Hydrocephalus(HP:0000238)|Buphthalmos(HP:0000557)| Microphthalmia(HP:0000568)|Basifrontal midline fusion|MUSCULAR DYSTROPHY-DYSTROGLYCANOPATHY (CONGENITAL WITH BRAIN AND EYE ANOMALIES)| TYPE A| 1; MDevelopmental delayGA1(OMIM:236670)	POMT1:NM_007171.3:c.1241+4_1241+7del	https://pubmed.ncbi.nlm.nih.gov/33199158/	
PAVS472	Macrocephaly at birth( HP:0004488)|Cobblestone cortex( HP:0007260)|Hydrocephalus(HP:0000238)|Buphthalmos(HP:0000557)| Microphthalmia(HP:0000568)|Subependymal heterotopia|Polymicrogyria|Cerebellar heterotopia|MUSCULAR DYSTROPHY-DYSTROGLYCANOPATHY (CONGENITAL WITH BRAIN AND EYE ANOMALIES)| TYPE A| 1; MDevelopmental delayGA1(OMIM:236670)	POMT1:NM_007171.3:c.1241+4_1241+7del	https://pubmed.ncbi.nlm.nih.gov/33199158/	
PAVS473	Macrocephaly at birth( HP:0004488)|Cobblestone cortex( HP:0007260)|Hydrocephalus(HP:0000238)|Buphthalmos(HP:0000557)| Microphthalmia(HP:0000568)|MUSCULAR DYSTROPHY-DYSTROGLYCANOPATHY (CONGENITAL WITH BRAIN AND EYE ANOMALIES)| TYPE A| 1; MDevelopmental delayGA1(OMIM:236670)	POMT1:NM_007171.3:c.280+1G>T	https://pubmed.ncbi.nlm.nih.gov/33199158/	
PAVS474	Macrocephaly at birth( HP:0004488)|Cobblestone cortex( HP:0007260)|Hydrocephalus(HP:0000238)|Buphthalmos(HP:0000557)| Microphthalmia(HP:0000568)|MUSCULAR DYSTROPHY-DYSTROGLYCANOPATHY (CONGENITAL WITH BRAIN AND EYE ANOMALIES)| TYPE A| 1; MDevelopmental delayGA1(OMIM:236670)	POMT1:NM_007171.3:c.1241+4_1241+7del	https://pubmed.ncbi.nlm.nih.gov/33199158/	
PAVS475	Macrocephaly at birth( HP:0004488)|Cobblestone cortex( HP:0007260)|Hydrocephalus(HP:0000238)|Buphthalmos(HP:0000557)| Microphthalmia(HP:0000568)|MUSCULAR DYSTROPHY-DYSTROGLYCANOPATHY (CONGENITAL WITH BRAIN AND EYE ANOMALIES)| TYPE A| 10; MDevelopmental delayGA10(OMIM:615041)	TMEM5:NM_014254.3:c.997G>A	https://pubmed.ncbi.nlm.nih.gov/33199158/	
PAVS476	Macrocephaly at birth( HP:0004488)|Cobblestone cortex( HP:0007260)|Hydrocephalus(HP:0000238)|Buphthalmos(HP:0000557)| Microphthalmia(HP:0000568)|Subependymal heterotopia|MUSCULAR DYSTROPHY-DYSTROGLYCANOPATHY (CONGENITAL WITH BRAIN AND EYE ANOMALIES)| TYPE A| 10; MDevelopmental delayGA10(OMIM:615041)	TMEM5:NM_014254.3:c.389G>A	https://pubmed.ncbi.nlm.nih.gov/33199158/	
PAVS477	Macrocephaly at birth( HP:0004488)|Cobblestone cortex( HP:0007260)|Hydrocephalus(HP:0000238)|Buphthalmos(HP:0000557)| Microphthalmia(HP:0000568)|MUSCULAR DYSTROPHY-DYSTROGLYCANOPATHY (CONGENITAL WITH BRAIN AND EYE ANOMALIES)| TYPE A| 10; MDevelopmental delayGA10(OMIM:615041)	TMEM5:NM_014254.3:c.389G>A	https://pubmed.ncbi.nlm.nih.gov/33199158/	
PAVS478	"Macrocephaly at birth( HP:0004488)|Cobblestone cortex( HP:0007260)|Hydrocephalus(HP:0000238)|Buphthalmos(HP:0000557)| Microphthalmia(HP:0000568)|Subependymal heterotopia
Open lip schizencephaly|Occipital polymicrogyria|Occipital midline fusion|Moderate ventricular dilatation|Elongated thick tectum| High occipital encephalocele|Moderate ventriculomegaly|Meningoencephalocele|MUSCULAR DYSTROPHY-DYSTROGLYCANOPATHY (CONGENITAL WITH BRAIN AND EYE ANOMALIES)| TYPE A| 7; MDevelopmental delayGA7(OMIM:614643)"	ISPD:NM_001101426.4:c.641C>T|GRCh37:NC_000007.13:g.16312789_16323521del	https://pubmed.ncbi.nlm.nih.gov/33199158/	
PAVS479	Macrocephaly at birth( HP:0004488)|Cobblestone cortex( HP:0007260)|Hydrocephalus(HP:0000238)|Buphthalmos(HP:0000557)| Microphthalmia(HP:0000568)|Subependymal heterotopia|MUSCULAR DYSTROPHY-DYSTROGLYCANOPATHY (CONGENITAL WITH BRAIN AND EYE ANOMALIES)| TYPE A| 7; MDevelopmental delayGA7(OMIM:614643)	ISPD:NM_001101426.4:c.790-1G>C|PGAP2:NM_001256236:c.362C>T	https://pubmed.ncbi.nlm.nih.gov/33199158/	
PAVS480	"Macrocephaly at birth( HP:0004488)|Cobblestone cortex( HP:0007260)|Hydrocephalus(HP:0000238)|Buphthalmos(HP:0000557)| Microphthalmia(HP:0000568)|Subcortical cyst
Frontal midline fusion|MUSCULAR DYSTROPHY-DYSTROGLYCANOPATHY (CONGENITAL WITH BRAIN AND EYE ANOMALIES)| TYPE A| 2; MDevelopmental delayGA2(OMIM:613150 )"	POMT2:NM_013382.7:c.1159delA	https://pubmed.ncbi.nlm.nih.gov/33199158/	
PAVS481	Prominent forehead|Strabismus|Impaired smooth pursuit|Upturned nose|Anteverted nostrils|Delayed psychomotor development|Intellectual disability,|Ataxia|Hypotonia	RPGRIP1L:NM_015272.5:c.1649A>G	https://pubmed.ncbi.nlm.nih.gov/22693042/	
PAVS482	Strabismus|Impaired smooth pursuit|Oculomotor apraxia|Delayed psychomotor development|Intellectual disability,|Ataxia|Hypotonia	AHI1:NM_001134831.2:c.1328T>A	https://pubmed.ncbi.nlm.nih.gov/22693042/	
PAVS483	Prominent forehead|Strabismus|Impaired smooth pursuit|Upturned nose|Anteverted nostrils|Delayed psychomotor development|Intellectual disability,|Hypotonia|Renal cysts	CEP290:NM_025114.4:c.4714G>T	https://pubmed.ncbi.nlm.nih.gov/22693042/	
PAVS484	Prominent forehead|Strabismus|Impaired smooth pursuit|Upturned nose|Anteverted nostrils|Delayed psychomotor development|Intellectual disability,|Hypotonia	TMEM237:NM_001044385.3:c.869+1G>A	https://pubmed.ncbi.nlm.nih.gov/22693042/	
PAVS485	Prominent forehead|Strabismus|Impaired smooth pursuit|Upturned nose|Anteverted nostrils|Delayed psychomotor development|Intellectual disability,|hypotonia|Hemifacial spasms	C5orf42:NM_023073.4:c.7978C>T	https://pubmed.ncbi.nlm.nih.gov/22693042/	
PAVS486	Prominent forehead|Strabismus|Impaired smooth pursuit|Upturned nose|Anteverted nostrils|Delayed psychomotor development|Intellectual disability,|Hypotonia	C5orf42:NM_023073.4:c.7988_7989delGA	https://pubmed.ncbi.nlm.nih.gov/22693042/	
PAVS487	Prominent forehead|Strabismus|Impaired smooth pursuit|Upturned nose|Anteverted nostrils|Delayed psychomotor development|Intellectual disability,|Occipital meningocele|Abnormal ERG	C5orf42:NM_023073.4:c.7988_7989delGA	https://pubmed.ncbi.nlm.nih.gov/22693042/	
PAVS488	Prominent forehead|Strabismus|Impaired smooth pursuit|Upturned nose|Anteverted nostrils|Delayed psychomotor development|Intellectual disability,|Hypotonia	TCTN1:NM_001082538.3:c.342-2A>G	https://pubmed.ncbi.nlm.nih.gov/22693042/	
PAVS489	Prominent forehead|Strabismus|Impaired smooth pursuit|Upturned nose|Anteverted nostrils|Delayed psychomotor development|Intellectual disability,|Hypotonia	TCTN1:NM_001082538.3:c.342-2A>G	https://pubmed.ncbi.nlm.nih.gov/22693042/	
PAVS490	Prominent forehead|Strabismus|Impaired smooth pursuit|Upturned nose|Anteverted nostrils|Delayed psychomotor development|Intellectual disability,|Ataxia|Hypotonia|Abnormal ERG	TCTN1:NM_001082538.3:c.342-2A>G	https://pubmed.ncbi.nlm.nih.gov/22693042/	
PAVS491	Prominent forehead|Strabismus|Impaired smooth pursuit|Upturned nose|Anteverted nostrils|Delayed psychomotor development|Intellectual disability,|Ataxia|Hypotonia	AHI1:NM_001134831.3:c.1328T>A	https://pubmed.ncbi.nlm.nih.gov/22693042/	
PAVS492	Prominent forehead|Strabismus|Impaired smooth pursuit|Upturned nose|Anteverted nostrils|Delayed psychomotor development|Intellectual disability,|Ataxia|Hypotonia|Retinal dystrophy	CEP290:NM_025114.4:c.5668G>T	https://pubmed.ncbi.nlm.nih.gov/22693042/	
PAVS493	Prominent forehead|Strabismus|Impaired smooth pursuit|Delayed psychomotor development|Intellectual disability,|Hypotonia|Renal cysts|Polydactyly	CEP290:NM_025114.4:c.5668G>T	https://pubmed.ncbi.nlm.nih.gov/22693042/	
PAVS494	progressive neurodegeneration	GM2A:NM_000405.5:c.164C>T	https://pubmed.ncbi.nlm.nih.gov/25558065/	
PAVS495	speech and motor delay|tremor| microcephaly| and strabismus	SPG20:NM_015087.5:c.1450_1451insA	https://pubmed.ncbi.nlm.nih.gov/25558065/	
PAVS496	severe choreoathetosis|	CYP27A1:NM_000784:c.1342C>T	https://pubmed.ncbi.nlm.nih.gov/25558065/	
PAVS497	microcephaly| static encephalopathy|	NPC2:NM_006432:c.88G>A	https://pubmed.ncbi.nlm.nih.gov/25558065/	
PAVS498	global developmental delay| epilepsy| and hydrocephalus	ARFGEF2:NM_006420:c.656_657insC	https://pubmed.ncbi.nlm.nih.gov/25558065/	
PAVS499	primary microcephaly| global developmental delay	PNKP:NM_007254:c.1250_1251insAACGGGTCGCCATCGAC	https://pubmed.ncbi.nlm.nih.gov/25558065/	
PAVS500	ptosis|sacral agenesis	RYR1:NM_000540:c.6617C>T	https://pubmed.ncbi.nlm.nih.gov/25558065/	
PAVS501	fetal akinesia with brain ischemia and neonatal death	FBN2:NM_001999:c.1064G>A	https://pubmed.ncbi.nlm.nih.gov/25558065/	
PAVS502	primordial dwarfism	BRCA2:NM_000059.3:c.9152delC	https://pubmed.ncbi.nlm.nih.gov/25558065/	
PAVS503	Meckel-Gruber syndrome	EVC2:NM_147127.4:c.3870_3893dup	https://pubmed.ncbi.nlm.nih.gov/25558065/	
PAVS504	isolated cerebellar atrophy	DDHD2:NM_015214.2:c.1249_1891del	https://pubmed.ncbi.nlm.nih.gov/25558065/	
PAVS505	neonatal death|severe brain malformation (hydranencephaly and severe cerebellar hypoplasia)	WDR81:NM_001163809:c.845G>A	https://pubmed.ncbi.nlm.nih.gov/25558065/	
PAVS506	intellectual disability,| Noonan-like facies| and pulmonary stenosis	ZNF526:NM_133444:c.479A>C	https://pubmed.ncbi.nlm.nih.gov/25558065/	
PAVS507	isolated cerebellar hypoplasia	ADCK3:NM_020247:c.1744dup	https://pubmed.ncbi.nlm.nih.gov/25558065/	
PAVS508	Charcot-Marie-Tooth with microcephaly| ophthalmoplegia and syndactyly	SBF1:NM_002972:c.1327G>A	https://pubmed.ncbi.nlm.nih.gov/25558065/	
PAVS509	microcephaly| speech delay| spasticity; brain MRI: hypomyelination| hypoplastic corpus callosum| and brain atrophy.	AP4M1:NM_004722:c.952C>T	https://pubmed.ncbi.nlm.nih.gov/25558065/	
PAVS510	Primary microcephaly|Neonatal death	CCDC99:NM_017785:c.1724_1747del	https://pubmed.ncbi.nlm.nih.gov/25558065/	
PAVS511	Microlissencephaly|Global developmental delay	TUBA3E:NM_207312:c.643C>T	https://pubmed.ncbi.nlm.nih.gov/25558065/	
PAVS512	Primary microcephaly|Global developmental delay	INO80:NM_017553:c.1501T>C|INO80:NM_017553:c.3737G>A	https://pubmed.ncbi.nlm.nih.gov/25558065/	
PAVS513	Hydrocephalus|Muscle weakness|Global developmental delay	NID1:NM_002508.2:c.3385+1G>A	https://pubmed.ncbi.nlm.nih.gov/25558065/	
PAVS514	Primary microcephaly|Global developmental delay	TSEN15:NM_001127394:c.226T>G	https://pubmed.ncbi.nlm.nih.gov/25558065/	
PAVS515	Global developmental delay|Epilepsy|Poor weight gain	DMBX1:NM_147192:c.367C>T	https://pubmed.ncbi.nlm.nih.gov/25558065/	
PAVS516	Myopathy	CLHC1:NM_001135598:c.779G>A	https://pubmed.ncbi.nlm.nih.gov/25558065/	
PAVS517	Global developmental delay	C12orf4:NM_020374:c.637_638insAAAC	https://pubmed.ncbi.nlm.nih.gov/25558065/	
PAVS518	Autistic behavior HP:0000729	WDR93:NM_020212:c.280T>C	https://pubmed.ncbi.nlm.nih.gov/25558065/	
PAVS519	Global developmental delay|Brain atrophy	ST7:NM_021908:c.489T>G	https://pubmed.ncbi.nlm.nih.gov/25558065/	
PAVS520	Holoprosencephaly	MATN4:NM_030590:c.515G>C	https://pubmed.ncbi.nlm.nih.gov/25558065/	
PAVS521	Intellectual disability,|Epilepsy	SEC24D:NM_014822:c.697G>C	https://pubmed.ncbi.nlm.nih.gov/25558065/	
PAVS522	Primary microcephaly|Global developmental delay	PCDHB4:NM_018938.2:c.915del	https://pubmed.ncbi.nlm.nih.gov/25558065/	
PAVS523	Brain atrophy|Global developmental delay	PTPN23:NM_015466:c.3995G>T	https://pubmed.ncbi.nlm.nih.gov/25558065/	
PAVS524	Global developmental delay|Dysmorphism	TAF6:NM_005641.3:c.212T>C	https://pubmed.ncbi.nlm.nih.gov/25558065/	
PAVS525	Global developmental delay|Epilepsy|Dysmorphism|Hypotonia|Ventricular septal defect	TBCK:NM_033115:c.1708+1G>A	https://pubmed.ncbi.nlm.nih.gov/25558065/	
PAVS526	Lethal non-immune hydrops fetalis(HP:0001790)	GUSB:NM_000181:c.307C>T	https://pubmed.ncbi.nlm.nih.gov/26036949/	
PAVS527	Lethal non-immune hydrops fetalis(HP:0001790)	GUSB:NM_000181:c.1586A>G	https://pubmed.ncbi.nlm.nih.gov/26036949/	
PAVS528	Lethal non-immune hydrops fetalis(HP:0001790)	CHRNA1:NM_001039523:c.762C>T	https://pubmed.ncbi.nlm.nih.gov/26036949/	
PAVS529	Lethal non-immune hydrops fetalis(HP:0001790)	PIGC:NM_002642:c.659T>C	https://pubmed.ncbi.nlm.nih.gov/26036949/	
PAVS530	Lethal non-immune hydrops fetalis(HP:0001790)	UBN1:NM_016936:c.2356T>A	https://pubmed.ncbi.nlm.nih.gov/26036949/	
PAVS531	Lethal non-immune hydrops fetalis(HP:0001790)	GUSB:NM_000181:c.1144C>T	https://pubmed.ncbi.nlm.nih.gov/26036949/	
PAVS532	Lethal non-immune hydrops fetalis(HP:0001790)	DNAH14:NM_001373:c.3755T>A	https://pubmed.ncbi.nlm.nih.gov/26036949/	
PAVS533	Lethal non-immune hydrops fetalis(HP:0001790)	THSD1:NM_018676:c.617G>A	https://pubmed.ncbi.nlm.nih.gov/26036949/	
PAVS534	Lethal non-immune hydrops fetalis(HP:0001790)	NEB:NM_001164507:c.21076C>T	https://pubmed.ncbi.nlm.nih.gov/26036949/	
PAVS535	Lethal non-immune hydrops fetalis(HP:0001790)	CTSA:NM_000308:c.649delC	https://pubmed.ncbi.nlm.nih.gov/26036949/	
PAVS536	Lethal non-immune hydrops fetalis(HP:0001790)	MYOM1:NM_003803:c.4987G>A	https://pubmed.ncbi.nlm.nih.gov/26036949/	
PAVS537	Lethal non-immune hydrops fetalis(HP:0001790)	GUSB:NM_000181:c.398G>C	https://pubmed.ncbi.nlm.nih.gov/26036949/	
PAVS538	Lethal non-immune hydrops fetalis(HP:0001790)	FZD6:NM_001164616:c.773A>G	https://pubmed.ncbi.nlm.nih.gov/26036949/	
PAVS539	Lethal non-immune hydrops fetalis(HP:0001790)	THSD1:NM_018676:c.617G>A	https://pubmed.ncbi.nlm.nih.gov/26036949/	
PAVS540	Lethal non-immune hydrops fetalis(HP:0001790)	GUSB:NM_000181:c.1069C>T	https://pubmed.ncbi.nlm.nih.gov/26036949/	
PAVS541	Lethal non-immune hydrops fetalis(HP:0001790)	GALNT14:NM_024572.4:c.1273C>T	https://pubmed.ncbi.nlm.nih.gov/26036949/	
PAVS542	Lethal non-immune hydrops fetalis(HP:0001790)	THSD1:NM_018676.4:c.617G>A	https://pubmed.ncbi.nlm.nih.gov/26036949/	
PAVS543	Lethal non-immune hydrops fetalis(HP:0001790)	THSD1:NM_018676.4:c.670G>A	https://pubmed.ncbi.nlm.nih.gov/26036949/	
PAVS544	Lethal non-immune hydrops fetalis(HP:0001790)	GALNT14:NM_024572.4:c.1273C>T	https://pubmed.ncbi.nlm.nih.gov/26036949/	
PAVS545	Lethal non-immune hydrops fetalis(HP:0001790)	THSD1:NM_018676.4:c.617G>A	https://pubmed.ncbi.nlm.nih.gov/26036949/	
PAVS546	Lethal non-immune hydrops fetalis(HP:0001790)	THSD1:NM_018676.4:c.670G>A	https://pubmed.ncbi.nlm.nih.gov/26036949/	
PAVS547	Respiratory distress|severe metabolic acidosis|Elevated glycine|Elevated alanine|Elevated valine|High isoleucine |Elevated lactic acid| |Elevated pyruvic acid|Intracranial cystic lesion(HP:0010576)|Nonresponsive hypotension	ECHS1:NM_004092.4:c.88+5G>A	https://pubmed.ncbi.nlm.nih.gov/27905109/	
PAVS548	Respiratory distress|severe metabolic acidosis|Elevated glycine|Elevated alanine|Elevated valine|High isoleucine |low citrulline level|nonresponsive hypotension	ECHS1:NM_004092.4:c.88+5G>A	https://pubmed.ncbi.nlm.nih.gov/27905109/	
PAVS549	Hepatic cirrhosis	ATP7B:NM_000053.4:c.4193delC	 https://pubmed.ncbi.nlm.nih.gov/11054498/	
PAVS550	Hepatic cirrhosis	ATP7B:NM_000053.4:c.4193delC	 https://pubmed.ncbi.nlm.nih.gov/11054498/	
PAVS551	Hepatic cirrhosis|Neuronal degeneration	ATP7B:NM_000053.4:c.4193delC	 https://pubmed.ncbi.nlm.nih.gov/11054498/	
PAVS552	Hepatic cirrhosis|Neuronal degeneration	ATP7B:NM_000053.4:c.4193delC	 https://pubmed.ncbi.nlm.nih.gov/11054498/	
PAVS553	Tremor|Dysarthria|Clumsiness|Gait disturbance|Ataxia|Dystonia| Parkinsonian syndrome|Anxiety|Depression|Behavioral disturbances|Cognitive impairment	ATP7B:NM_000053.4:c.4193delC	https://pubmed.ncbi.nlm.nih.gov/14748773/	
PAVS554	Tremor|Dysarthria|Clumsiness|Gait disturbance|Ataxia|Dystonia| Parkinsonian syndrome|Anxiety|Depression|Behavioral disturbances|Cognitive impairment	ATP7B:NM_000053.4:c.4193delC	https://pubmed.ncbi.nlm.nih.gov/14748773/	
PAVS555	Tremor|Dysarthria|Clumsiness|Gait disturbance|Ataxia|Dystonia| Parkinsonian syndrome|Anxiety|Depression|Behavioral disturbances|Cognitive impairment	ATP7B:NM_000053.4:c.4193delC	https://pubmed.ncbi.nlm.nih.gov/14748773/	
PAVS556	Abnormal liver enzyme	ATP7B:NM_000053.4:c.4193delC	https://pubmed.ncbi.nlm.nih.gov/14748773/	
PAVS557	Abnormal liver enzyme|Kayser-Fleischer ring (HP:0200032)	ATP7B:NM_000053.4:c.4193delC	https://pubmed.ncbi.nlm.nih.gov/14748773/	
PAVS558	Abnormal liver enzyme|Tremor|Dysarthria|Clumsiness|Gait disturbance|Ataxia|Dystonia| Parkinsonian syndrome|Anxiety|Depression|Behavioral disturbances|Cognitive impairment|Kayser-Fleischer ring(HP:0200032)	ATP7B:NM_000053.4:c.4193delC	https://pubmed.ncbi.nlm.nih.gov/14748773/	
PAVS559	Kayser-Fleischer ring(HP:0200032)	ATP7B:NM_000053.4:c.4193delC	https://pubmed.ncbi.nlm.nih.gov/14748773/	
PAVS560	Kayser-Fleischer ring(HP:0200032)	ATP7B:NM_000053.4:c.2230T>C	https://pubmed.ncbi.nlm.nih.gov/14748773/	
PAVS561	Tremor|Dysarthria|Clumsiness|Gait disturbance|Ataxia|Dystonia| Parkinsonian syndrome|Anxiety|Depression|Behavioral disturbances|Cognitive impairment|Kayser-Fleischer ring(HP:0200032)	ATP7B:NM_000053.4:c.2230T>C	https://pubmed.ncbi.nlm.nih.gov/14748773/	
PAVS562	Tremor|Dysarthria|Clumsiness|Gait disturbance|Ataxia|Dystonia| Parkinsonian syndrome|Anxiety|Depression|Behavioral disturbances|Cognitive impairment|Kayser-Fleischer ring(HP:0200032)	ATP7B:NM_000053.4:c.2230T>C	https://pubmed.ncbi.nlm.nih.gov/14748773/	
PAVS563	Abnormal liver enzyme|Tremor|Dysarthria|Clumsiness|Gait disturbance|Ataxia|Dystonia| Parkinsonian syndrome|Anxiety|Depression|Behavioral disturbances|Cognitive impairment|Kayser-Fleischer ring(HP:0200032)	ATP7B:NM_000053.4:c.2230T>C	https://pubmed.ncbi.nlm.nih.gov/14748773/	
PAVS564	Abnormal liver enzyme|Kayser-Fleischer ring (HP:0200032)	ATP7B:NM_000053.4:c.2230T>C	https://pubmed.ncbi.nlm.nih.gov/14748773/	
PAVS565	Tremor|Dysarthria|Clumsiness|Gait disturbance|Ataxia|Dystonia| Parkinsonian syndrome|Anxiety|Depression|Behavioral disturbances|Cognitive impairment|Kayser-Fleischer ring(HP:0200032)	ATP7B:NM_000053.4:c.4021G>A	https://pubmed.ncbi.nlm.nih.gov/14748773/	
PAVS566	Atypical or prolonged hepatitis| Hepatic cirrhosis| Hepatic coma| Hepatomegaly| Liver failure| High liver copper	ATP7B:NM_000053.4:c.4193delC	https://pubmed.ncbi.nlm.nih.gov/14514926/	
PAVS567	Atypical or prolonged hepatitis| Hepatic cirrhosis| Hepatic coma| Hepatomegaly| Liver failure| High liver copper	ATP7B:NM_000053.4:c.4193delC	https://pubmed.ncbi.nlm.nih.gov/14514926/	
PAVS568	Atypical or prolonged hepatitis| Hepatic cirrhosis| Hepatic coma| Hepatomegaly| Liver failure| High liver copper	ATP7B:NM_000053.4:c.4193delC	https://pubmed.ncbi.nlm.nih.gov/14514926/	
PAVS569	Abnormal liver enzyme	ATP7B:NM_000053.4:c.4193delC	https://pubmed.ncbi.nlm.nih.gov/14514926/	
PAVS570	Abnormal liver enzyme	ATP7B:NM_000053.4:c.4193delC	https://pubmed.ncbi.nlm.nih.gov/14514926/	
PAVS571	Abnormal liver enzyme	ATP7B:NM_000053.4:c.4193delC	https://pubmed.ncbi.nlm.nih.gov/14514926/	
PAVS572	Tremor|Dysarthria|Clumsiness|Gait disturbance|Ataxia|Dystonia| Parkinsonian syndrome|Anxiety|Depression|Behavioral disturbances|Cognitive impairment	ATP7B:NM_000053.4:c.4193delC	https://pubmed.ncbi.nlm.nih.gov/14514926/	
PAVS573	Tremor|Dysarthria|Clumsiness|Gait disturbance|Ataxia|Dystonia| Parkinsonian syndrome|Anxiety|Depression|Behavioral disturbances|Cognitive impairment	ATP7B:NM_000053.4:c.4193delC	https://pubmed.ncbi.nlm.nih.gov/14514926/	
PAVS574	Abnormal liver enzyme|Tremor|Dysarthria|Clumsiness|Gait disturbance|Ataxia|Dystonia| Parkinsonian syndrome|Anxiety|Depression|Behavioral disturbances|Cognitive impairment	ATP7B:NM_000053.4:c.4193delC	https://pubmed.ncbi.nlm.nih.gov/14514926/	
PAVS575	Abnormal liver enzyme|Tremor|Dysarthria|Clumsiness|Gait disturbance|Ataxia|Dystonia| Parkinsonian syndrome|Anxiety|Depression|Behavioral disturbances|Cognitive impairment	ATP7B:NM_000053.4:c.4193delC	https://pubmed.ncbi.nlm.nih.gov/14514926/	
PAVS576	Abnormal liver enzyme|Tremor|Dysarthria|Clumsiness|Gait disturbance|Ataxia|Dystonia| Parkinsonian syndrome|Anxiety|Depression|Behavioral disturbances|Cognitive impairment	ATP7B:NM_000053.4:c.4193delC	https://pubmed.ncbi.nlm.nih.gov/14514926/	
PAVS577	Abnormal liver enzyme|Tremor|Dysarthria|Clumsiness|Gait disturbance|Ataxia|Dystonia| Parkinsonian syndrome|Anxiety|Depression|Behavioral disturbances|Cognitive impairment	ATP7B:NM_000053.4:c.4193delC	https://pubmed.ncbi.nlm.nih.gov/14514926/	
PAVS578	Abnormal liver enzyme|Tremor|Dysarthria|Clumsiness|Gait disturbance|Ataxia|Dystonia| Parkinsonian syndrome|Anxiety|Depression|Behavioral disturbances|Cognitive impairment	ATP7B:NM_000053.4:c.4193delC	https://pubmed.ncbi.nlm.nih.gov/14514926/	
PAVS579	Abnormal liver enzyme|Tremor|Dysarthria|Clumsiness|Gait disturbance|Ataxia|Dystonia| Parkinsonian syndrome|Anxiety|Depression|Behavioral disturbances|Cognitive impairment	ATP7B:NM_000053.4:c.4193delC	https://pubmed.ncbi.nlm.nih.gov/14514926/	
PAVS580	Abnormal liver enzyme|Tremor|Dysarthria|Clumsiness|Gait disturbance|Ataxia|Dystonia| Parkinsonian syndrome|Anxiety|Depression|Behavioral disturbances|Cognitive impairment	ATP7B:NM_000053.4:c.4193delC	https://pubmed.ncbi.nlm.nih.gov/14514926/	
PAVS581	Abnormal liver enzyme|Tremor|Dysarthria|Clumsiness|Gait disturbance|Ataxia|Dystonia| Parkinsonian syndrome|Anxiety|Depression|Behavioral disturbances|Cognitive impairment	ATP7B:NM_000053.4:c.4193delC	https://pubmed.ncbi.nlm.nih.gov/14514926/	
PAVS582	lethargy|Poor feeding|Rapid breathing|Weak cry|Low blood urea nitrogen|Hyperammonaemia|Mild acidosis|Elevated citrulline|Elevated ASA|Subnormal mentality|Attention deﬁcit|Linguistic delay|Hepatomegaly| Elevated liver enzyme|Elevated alanine aminotransferase| Hyperammonaemic crisis 	ASL:NM_000048.4:c.1060C>T	https://pubmed.ncbi.nlm.nih.gov/16435180/	
PAVS583	lethargy|Poor feeding|Rapid breathing|Weak cry|Low blood urea nitrogen|Hyperammonaemia|Mild acidosis|Elevated citrulline|Elevated ASA|Subnormal mentality|Attention deﬁcit|Linguistic delay|Hepatomegaly| Elevated liver enzyme|Elevated alanine aminotransferase| Hyperammonaemic crisis 	ASL:NM_000048.4:c.1060C>T	https://pubmed.ncbi.nlm.nih.gov/16435180/	
PAVS584	ACYL-CoA DEHYDROGENASE| MEDIUM-CHAIN| DEFICIENCY OF; ACADMD(OMIM:201450)	ACADM:NM_000016.6:c.362C>T	https://pubmed.ncbi.nlm.nih.gov/20567907/	
PAVS585	ACYL-CoA DEHYDROGENASE| MEDIUM-CHAIN| DEFICIENCY OF; ACADMD(OMIM:201450)	ACADM:NM_000016.6:c.362C>T|ACADM:NM_000016.6:c.347G>A	https://pubmed.ncbi.nlm.nih.gov/20567907/	
PAVS586	Lens subluxation|Seizures|Intellectual disability,|Cerebral vessels tortuosity	CBS:NM_000071.3:c.770C>T	https://pubmed.ncbi.nlm.nih.gov/21517828/	
PAVS587	Lens subluxation|Seizures|Aggressive behavior|Intellectual disability,|Aggressive behavior|White matter demyelination	CBS:NM_000071.3:c.969G>A	https://pubmed.ncbi.nlm.nih.gov/21517828/	
PAVS588	Lens subluxation|Intellectual disability,	CBS:NM_000071.3:c.969G>A	https://pubmed.ncbi.nlm.nih.gov/21517828/	
PAVS589	Lens subluxation|Scoliosisa|Osteoporosis|Osteoarthritis|Recurrent aspiration|paparesis|Hypertension|Sinus tachycardia|Intellectual disability,|Cerebral vessels tortuosity	CBS:NM_000071.3:c.969G>A	https://pubmed.ncbi.nlm.nih.gov/21517828/	
PAVS590	Elevated plasma homocysteine level| High plasma methionine	CBS:NM_000071.3:c.969G>A	https://pubmed.ncbi.nlm.nih.gov/21517828/	
PAVS591	Lens subluxation|Osteoporosis|Osteoarthritis|Intellectual disability,	CBS:NM_000071.3:c.969G>A	https://pubmed.ncbi.nlm.nih.gov/21517828/	
PAVS592	Elevated plasma homocysteine level| High plasma methionine	CBS:NM_000071.3:c.969G>A	https://pubmed.ncbi.nlm.nih.gov/21517828/	
PAVS593	Lens subluxation|Sixth nerve palsy|Intellectual disability,	CBS:NM_000071.3:c.969G>A	https://pubmed.ncbi.nlm.nih.gov/21517828/	
PAVS594	Elevated plasma homocysteine level| High plasma methionine	CBS:NM_000071.3:c.969G>A	https://pubmed.ncbi.nlm.nih.gov/21517828/	
PAVS595	Lens subluxation|Scoliosisa|Osteoporosis	CBS:NM_000071.3:c.969G>A	https://pubmed.ncbi.nlm.nih.gov/21517828/	
PAVS596	Lens subluxation|Scoliosisa|Bronchial asthma	CBS:NM_000071.3:c.969G>A	https://pubmed.ncbi.nlm.nih.gov/21517828/	
PAVS597	Lens subluxation|Scoliosis|joint contractures|Seizures|dystonia| Spastic paraplegia|Intellectual disability,|Reduced nerve conduction velocity|White matter demyelination	CBS:NM_000071.3:c.1006C>T	https://pubmed.ncbi.nlm.nih.gov/21517828/	
PAVS598	Lens subluxation|Scoliosisa|Osteoporosis|Osteoarthritis|Joint deformity|Restrictive lung disease|Neck Dystonia|Intellectual disability,	CBS:NM_000071.3:c.1006C>T	https://pubmed.ncbi.nlm.nih.gov/21517828/	
PAVS599	Lens subluxation|Scoliosisa|Osteoporosis|Genu valgum|Inguinal hernia|Intellectual disability,	CBS:NM_000071.3:c.1006C>T	https://pubmed.ncbi.nlm.nih.gov/21517828/	
PAVS600	Lens subluxation|Scoliosisa|Osteoporosis|Genu valgum|Attention deficit hyperactivity disorder|Aggressive behavior|Intellectual disability,|White matter demyelination	CBS:NM_000071.3:c.1006C>T	https://pubmed.ncbi.nlm.nih.gov/21517828/	
PAVS601	Scoliosisa|Osteoporosis|sclerodactyly|Tremor|Insulin-dependent diabetes mellitus|Intellectual disability,	CBS:NM_000071.3:c.969G>A	https://pubmed.ncbi.nlm.nih.gov/21517828/	
PAVS602	Legg-Calve-Perthes disease	CBS:NM_000071.3:c.969G>A	https://pubmed.ncbi.nlm.nih.gov/21517828/	
PAVS603	Scoliosisa|Recurrent aspiration|Hemiplegia|Seizures| Attention deficit hyperactivity disorder|Intellectual disability,|Superior sagittal sinus|Thrombosis|	CBS:NM_000071.3:c.969G>A	https://pubmed.ncbi.nlm.nih.gov/21517828/	
PAVS604	Elevated plasma homocysteine leve(HP:0010919)|Hypermethioninemia( HP:0003235)	CBS:NM_000071.3:c.969G>A	https://pubmed.ncbi.nlm.nih.gov/21517828/	
PAVS605	Lens subluxation|Scoliosisa|Osteoporosis|Peripheral neuropathy|Attention deficit hyperactivity disorder|Lower limb varicose veins|Intellectual disability,|Reduced nerve conduction velocity Cerebral vessels tortuosity	CBS:NM_000071.3:c.457G>A	https://pubmed.ncbi.nlm.nih.gov/21517828/	
PAVS606	Lens subluxation|Attention deficit hyperactivity disorder|Precocious puberty|Intellectual disability,	CBS:NM_000071.3:c.457G>A	https://pubmed.ncbi.nlm.nih.gov/21517828/	
PAVS607	Lens subluxation|Attention deficit hyperactivity disorder|Intellectual disability,|Aggressive behaviorn	CBS:NM_000071.3:c.969G>A	https://pubmed.ncbi.nlm.nih.gov/21517828/	
PAVS608	DIARRHEA 1| SECRETORY CHLORIDE| CONGENITAL; DIAR1(OMIM:214700)	SLC26A3:NM_000111.3:c.559G>T	https://pubmed.ncbi.nlm.nih.gov/9718329/	
PAVS609	DIARRHEA 1| SECRETORY CHLORIDE| CONGENITAL; DIAR1(OMIM:214700)	SLC26A3:NM_000111.3:c.559G>T	https://pubmed.ncbi.nlm.nih.gov/9718329/	
PAVS610	DIARRHEA 1| SECRETORY CHLORIDE| CONGENITAL; DIAR1(OMIM:214700)	SLC26A3:NM_000111.3:c.559G>T	https://pubmed.ncbi.nlm.nih.gov/9718329/	
PAVS611	DIARRHEA 1| SECRETORY CHLORIDE| CONGENITAL; DIAR1(OMIM:214700)	SLC26A3:NM_000111.3:c.559G>T	https://pubmed.ncbi.nlm.nih.gov/9718329/	
PAVS612	Acidosis|Hyperammonemia|Increased anion gap|Hypoglycemia |Hyperuricemia|Elevated transaminase activity|Elevated lactate level 	HMGCL:NM_000191.3:c.122G>A	https://pubmed.ncbi.nlm.nih.gov/17173698/	
PAVS613	Acidosis|Hyperammonemia|Increased anion gap|Hypoglycemia |Hyperuricemia|Elevated transaminase activity|Elevated lactate level 	HMGCL:NM_000191.3:c.IVS6+1G>A	https://pubmed.ncbi.nlm.nih.gov/17173698/	
PAVS614	Acidosis|Hyperammonemia|Increased anion gap|Hypoglycemia |Hyperuricemia|Elevated transaminase activity|Elevated lactate level 	HMGCL:NM_000191.3:c.914_915del	https://pubmed.ncbi.nlm.nih.gov/17173698/	
PAVS615	3-HYDROXY-3-METHYLGLUTARYL-CoA LYASE; HMGCL(OMIM:613898)	HMGCL:NM_000191.3:c.122G>A	https://pubmed.ncbi.nlm.nih.gov/9463337/	
PAVS616	Lethargy|Hyperpnoea|Tachypnoea|Seizures|Cardiopulmonary arrest	HMGCL:NM_000191.3:c.122G>A	https://pubmed.ncbi.nlm.nih.gov/1886403/	
PAVS617	3-HYDROXY-3-METHYLGLUTARYL-CoA LYASE; HMGCL(OMIM:613898)	HMGCL:NM_000191.3:c.122G>A	https://pubmed.ncbi.nlm.nih.gov/9463337/	
PAVS618	Hyperammonemia|Hypoglycemia|Metabolic acidosis	HMGCL:NM_000191.3:c.914_915del	https://pubmed.ncbi.nlm.nih.gov/1886403/	
PAVS619	Coma|Severe metabolic acidosis|Elevated 3-hydroxy-3-methylglutaric|Elevated 3-methylglutaconic|Elevated 3-methylglutaric|High blood 3-hydroxy-isovaleric acids| Low total carnitine| Low free carnitine	HMGCL:NM_000191.3:c.914_915del	https://pubmed.ncbi.nlm.nih.gov/2443756/	
PAVS620	Hypoglycemic seizures|Metabolic acidosis|Hepatomegaly|Elevated 3-hydroxyisovaleric levels|Elevated 3-methylglutaric levels|Elevated 3-methylglutaconic|Elevated 3-hydroxy-3-methylglutaric acid.	HMGCL:NM_000191.3:c.122G>A	https://academicjournals.org/journal/IJGMB/article-abstract/99935A359585	
PAVS621	Hypoglycemic seizures|Metabolic acidosis|Hepatomegaly|Elevated 3-hydroxyisovaleric levels|Elevated 3-methylglutaric levels|Elevated 3-methylglutaconic|Elevated 3-hydroxy-3-methylglutaric acid.	HMGCL:NM_000191.3:c.122G>A	https://academicjournals.org/journal/IJGMB/article-abstract/99935A359586	
PAVS622	Dysmorphic features|Microcephaly|Hypotonia|Developmental disability,|Seizures|Delayed myelination|Failure to thrive|Hepatomegaly|Mild tricuspid regurgitation|Cutis marmorata|Lipodystrophy|Inverted nipples|Skeletal dysplasia	ALG9:NM_001077691:c.1075G>A	https://pubmed.ncbi.nlm.nih.gov/28742265/	
PAVS623	Dysmorphic features|Microcephaly|Hypotonia|Strabismus|Cerebellar hypoplasia|Developmental disability,|Seizures|Delayed myelination|Failure to thrive|Hepatomegaly|Inverted nipples|Pectus excavatum|Skeletal dysplasia	ALG9:NM_001077691:c.1075G>A	https://pubmed.ncbi.nlm.nih.gov/28742265/	
PAVS624	Dysmorphic features|Microcephaly|Hypotonia|Cerebellar hypoplasia|Developmental disability,|Seizures|Delayed myelination|Failure to thrive|Hepatomegaly|Mild pericardial effusion|ASD|Right ventricle dilatation||Inverted nipples|Skeletal dysplasia	ALG9:NM_001077691:c.1075G>A	https://pubmed.ncbi.nlm.nih.gov/28742265/	
PAVS625	Dysmorphic features|Microcephaly|Hypotonia|Cerebellar hypoplasia|Developmental disability,|Seizures|Delayed myelination|Failure to thrive|Hepatomegaly|Mild pericardial effusion|ASD|Right ventricle dilatation|Inverted nipples||Skeletal dysplasia	ALG9:NM_001077691:c.1075G>A	https://pubmed.ncbi.nlm.nih.gov/28742265/	
PAVS626	Microcephaly|Developmental disability,|Seizures|Failure to thrive	ALG9:NM_001077691:c.1075G>A	https://pubmed.ncbi.nlm.nih.gov/28742265/	
PAVS627	Dysmorphic features|Microcephaly|Developmental disability,|Failure to thrive|Hepatomegaly|Tricuspid regurgitation|Lipodystrophy|Excessive sweating|Pectus carinatum|Skeletal dysplasia|	ALG9:NM_001077691:c.1075G>A	https://pubmed.ncbi.nlm.nih.gov/28742265/	
PAVS628	Dysmorphic features|Microcephaly|Developmental disability,|Seizures|Delayed myelination|Failure to thrive	ALG9:NM_001077691:c.1075G>A	https://pubmed.ncbi.nlm.nih.gov/28742265/	
PAVS629	Dysmorphic features|Hypotonia|Strabismus|Developmental disability,|Seizures|Delayed myelination|Failure to thrive|Hepatomegaly|Mild tricuspid regurgitation|Cutis marmorata|Lipodystrophy|Inverted nipples|Skeletal dysplasia	ALG9:NM_001077691:c.1075G>A	https://pubmed.ncbi.nlm.nih.gov/28742265/	
PAVS630	"Prematurity|Dysmorphic features|Microcephaly|Hypotonia|Cerebellar hypoplasia|Developmental disability,|Cerebral wide sulci|Failure to thrive|Hepatomegaly|Large PDA|Pulmonary hypertension|Skeletal dysplasia|""Nephrocalcinosis| renal dysplasia""|Neonatal death"	ALG3:NM_005787.6:c.512G>A	https://pubmed.ncbi.nlm.nih.gov/28742265/	
PAVS631	"Prematurity|Dysmorphic features|Microcephaly|Hypotonia|Cerebellar hypoplasia|Developmental disability,|Cerebral wide sulci|Failure to thrive|Hepatomegaly|Large PDA|Pulmonary hypertension|Skeletal dysplasia|""Nephrocalcinosis| renal dysplasia""|Neonatal deat"	ALG3:NM_005787.6:c.512G>A	https://pubmed.ncbi.nlm.nih.gov/28742265/	
PAVS632	Dysmorphic features|Hypotonia|Developmental disability,|Failure to thrive||Skeletal dysplasia|Ureteropelvic junction dysfunction|Neonatal death	ALG3:NM_005787.6:c.512G>A	https://pubmed.ncbi.nlm.nih.gov/28742265/	
PAVS633	Prematurity|Dysmorphic features|Microcephaly|Hypotonia|Cerebellar hypoplasia|Developmental disability,|Failure to thrive|Hepatomegaly|TR| Ventricular septal defect| MS| PDA|Congenital diaphragmatic hernia|Pulmonary hypoplasia|Small genitalia|Skeletal dysplasia|Neonatal death	ALG3:NM_005787.6:c.512G>A	https://pubmed.ncbi.nlm.nih.gov/28742265/	
PAVS634	Prematurity|Dysmorphic features|Microcephaly|Hypotonia|Developmental disability,|Failure to thrive|Hepatomegaly|AVentricular septal defect|truncus arteriosus type II|Ambiguous genitalia|Skeletal dysplasia|Neonatal death	ALG3:NM_005787.6:c.512G>A	https://pubmed.ncbi.nlm.nih.gov/28742265/	
PAVS635	Prematurity|Dysmorphic features|Microcephaly|Hypotonia||Failure to thrive|Hepatomegaly|PFO|PDA|poor biventricular function|Ambiguous genitalia|Skeletal dysplasia|Neonatal death	ALG3:NM_005787.6:c.512G>A	https://pubmed.ncbi.nlm.nih.gov/28742265/	
PAVS636	Dysmorphic features|Hypotonia|Developmental disability,|Lissencephaly|Failure to thrive|Hepatomegaly||Skeletal dysplasia|Neonatal death	ALG3:NM_005787.6:c.512G>A	https://pubmed.ncbi.nlm.nih.gov/28742265/	
PAVS637	"Prematurity|Dysmorphic features|Microcephaly|Hypotonia|Strabismus|Cerebellar hypoplasia|Developmental disability,|−|−|Agenesis of corpus callosum|Failure to thrive|−|""Dysplastic aortic valve| Aortic regurgitation| large PDA""|−|Lipodystrophy|−|Inverted nipples|−|−|Skeletal dysplasia"	COG6:NM_020751.3:c.1378G>T	https://pubmed.ncbi.nlm.nih.gov/28742265/	
PAVS638	Dysmorphic features|Microcephaly|Hypotonia|−|Cerebellar hypoplasia|Developmental disability,|−|Seizures|Hypo− myelination|Failure to thrive|−|−|−|−|Hypohydrosis	COG6:NM_020751.3:c.1167-24A>G	https://pubmed.ncbi.nlm.nih.gov/28742265/	
PAVS639	"Hydrops fetalis|Prematurity|Dysmorphic features|−|Hypotonia|−|−|Developmental disability,|−|−|""PVL| reduced WM| thin splenium of corpus callosum""|Failure to thrive|−|""Small Ventricular septal defect| closed PFO""|−|−|Hypohydrosis"	COG6:NM_020751.3:c.1167-24A>G	https://pubmed.ncbi.nlm.nih.gov/28742265/	
PAVS640	Dysmorphic features|Microcephaly|−|−|−|Developmental disability,|−|−|−|Failure to thrive|−|−|−|−|Hypohydrosis|−|−|−|Skeletal dysplasia	COG6:NM_020751.3:c.1167-24A>G	https://pubmed.ncbi.nlm.nih.gov/28742265/	
PAVS641	"Prematurity|Dysmorphic features|Microcephaly|Hypotonia|−|−|Developmental disability,|−|−|""Delayed myelination| thin corpus callosum""|Failure to thrive|Increased AFP|Decreased IGF-1"	COG6:NM_020751.3:c.1167-24A>G	https://pubmed.ncbi.nlm.nih.gov/28742265/	
PAVS642	Dysmorphic features|Microcephaly|Hypotonia|−|−|Developmental disability,|Autism|−|−|Thin corpus callosum|Failure to thrive|−|−|−|Lipodystrophy	COG6:NM_020751.3:c.1075-9T>G	https://pubmed.ncbi.nlm.nih.gov/28742265/	
PAVS643	"Dysmorphic features|Microcephaly|Hypotonia|Strabismus|Bilateral ptosis|−|Developmental disability,|−|−|""Brain atrophy| PVL| bright T2 along corticospinal tract""|Failure to thrive|−|−|−|Hypohydrosis"	COG6:NM_020751.3:c.1167-24A>G	https://pubmed.ncbi.nlm.nih.gov/28742265/	
PAVS644	Dysmorphic features|Microcephaly|Developmental disability,|Seizures|Brain atrophy|Failure to thrive|Scalp psoriasis	MGAT2:NM_002408.3:c.711G>C	https://pubmed.ncbi.nlm.nih.gov/28742265/	
PAVS645	Dysmorphic features|Microcephaly|Developmental disability,|Failure to thrive|PDA| mild left ventricle dilatation|Pectus excavatum	MGAT2:NM_002408.3:c.711G<C	https://pubmed.ncbi.nlm.nih.gov/28742265/	
PAVS646	Hydrops fetalis|Dysmorphic features|Microcephaly|Developmental disability,|Bilateral symmetrical T2 hyperintensity involving central tegmental tracts|Failure to thrive|Hirsutism	MGAT2:NM_002408.3:c.711G<C	https://pubmed.ncbi.nlm.nih.gov/28742265/	
PAVS647	Recurrent; metabolic acidosis| hyperammonemia| ketonuria|Pancytopenia and increased serum lipase	PCCA:NM_000282.4:c.111_130del20	https://pubmed.ncbi.nlm.nih.gov/30705822/	
PAVS648	Recurrent; metabolic acidosis| hyperammonemia| ketonuria|Pancytopenia and increased serum lipase	PCCA:NM_000282.4:c.266C>G	https://pubmed.ncbi.nlm.nih.gov/30705822/	
PAVS649	Metabolic acidosis	PCCA:NM_000282.4:c.955C>T	https://pubmed.ncbi.nlm.nih.gov/30705822/	
PAVS650	Recurrent metabolic acidosis| hyperammonemia| ketonuria|Pancytopenia|Increased serum lipase|ID |Hypotonia| Encephalopathy| pancreatitis     	PCCA:NM_000282.4:c.1375_1391dup|PCCA:NM_000282.4:c.1391ins	https://pubmed.ncbi.nlm.nih.gov/30705822/	
PAVS651	Recurrent metabolic acidosis| hyperammonemia| ketonuria|Pancytopenia	PCCA:NM_000282.4:c.2120T>G	https://pubmed.ncbi.nlm.nih.gov/30705822/	
PAVS652	Recurrentmetabolic acidosis| hyperammonemia| ketonuria|Pancytopenia	PCCB:NM_000532.5:c.90_108delins14	https://pubmed.ncbi.nlm.nih.gov/30705822/	
PAVS653	Recurrent metabolic acidosis| hyperammonemia| ketonuria|Pancytopenia	PCCB:NM_000532.5:c.518_543del26	https://pubmed.ncbi.nlm.nih.gov/30705822/	
PAVS654	Recurrent metabolic acidosis| hyperammonemia| hypoglycemia ketonuria|Pancytopenia increased serum lipase	PCCB:NM_000532.5:c.629T>C	https://pubmed.ncbi.nlm.nih.gov/30705822/	
PAVS655	Recurrent metabolic acidosis| hyperammonemia| ketonuria|Pancytopenia increased serum lipase	PCCB:NM_000532.5:c.866G>C|PCCB:NM_000532.5:c.990dupT	https://pubmed.ncbi.nlm.nih.gov/30705822/	
PAVS656	Recurrent metabolic acidosis| hyperammonemia| hypoglycemia ketonuria|Pancytopenia increased serum lipase	PCCB:NM_000532.5:c.1088C>T	https://pubmed.ncbi.nlm.nih.gov/30705822/	
PAVS657	Recurrent metabolic acidosis| hyperammonemia| ketonuria|Pancytopenia	PCCB:NM_000532.5:c.1163T>A	https://pubmed.ncbi.nlm.nih.gov/30705822/	
PAVS658	PROPIONIC ACIDEMIA(OMIM:606054)	PCCA:NM_000282.4:c.111_130del20	https://pubmed.ncbi.nlm.nih.gov/30705822/	
PAVS659	PROPIONIC ACIDEMIA(OMIM:606054)	PCCA:NM_000282.4:c.266C>G	https://pubmed.ncbi.nlm.nih.gov/30705822/	
PAVS660	PROPIONIC ACIDEMIA(OMIM:606054)	PCCA:NM_000282.4:c.955C>T	https://pubmed.ncbi.nlm.nih.gov/30705822/	
PAVS661	PROPIONIC ACIDEMIA(OMIM:606054)	PCCA:NM_000282.4:c.1375_1391dup|PCCA:NM_000282.4:c.1391ins	https://pubmed.ncbi.nlm.nih.gov/30705822/	
PAVS662	PROPIONIC ACIDEMIA(OMIM:606054)	PCCA:NM_000282.4:c.2120T>G	https://pubmed.ncbi.nlm.nih.gov/30705822/	
PAVS663	PROPIONIC ACIDEMIA(OMIM:606054)	PCCB:NM_000532.5:c.90_108delins14	https://pubmed.ncbi.nlm.nih.gov/30705822/	
PAVS664	PROPIONIC ACIDEMIA(OMIM:606054)	PCCB:NM_000532.5:c.518_543del26	https://pubmed.ncbi.nlm.nih.gov/30705822/	
PAVS665	PROPIONIC ACIDEMIA(OMIM:606054)	PCCB:NM_000532.5:c.629T>C	https://pubmed.ncbi.nlm.nih.gov/30705822/	
PAVS666	PROPIONIC ACIDEMIA(OMIM:606054)	PCCB:NM_000532.5:c.866G>C|PCCB:NM_000532.5:c.990dupT	https://pubmed.ncbi.nlm.nih.gov/30705822/	
PAVS667	PROPIONIC ACIDEMIA(OMIM:606054)	PCCB:NM_000532.5:c.1088C>T	https://pubmed.ncbi.nlm.nih.gov/30705822/	
PAVS668	PROPIONIC ACIDEMIA(OMIM:606054)	PCCB:NM_000532.5:c.1163T>A	https://pubmed.ncbi.nlm.nih.gov/30705822/	
PAVS669	PROPIONIC ACIDEMIA(OMIM:606054)	PCCA:NM_000282.4:c.425G>A	https://pubmed.ncbi.nlm.nih.gov/30705822/	
PAVS670	PROPIONIC ACIDEMIA(OMIM:606054)	PCCA:NM_000282.4:c.1288C>T	https://pubmed.ncbi.nlm.nih.gov/30705822/	
PAVS671	PROPIONIC ACIDEMIA(OMIM:606054)	PCCB:NM_000532.5:c.337C>T	https://pubmed.ncbi.nlm.nih.gov/30705822/	
PAVS672	PROPIONIC ACIDEMIA(OMIM:606054)	PCCB:NM_000532.5:c.990dupT	https://pubmed.ncbi.nlm.nih.gov/30705822/	
PAVS673	PROPIONIC ACIDEMIA(OMIM:606054)	PCCB:NM_000532.5:c.1210G>A 	https://pubmed.ncbi.nlm.nih.gov/30705822/	
PAVS674	Learning difficulties|Hyperammoniemia|Visual hallucinations|Ketonuria|high glycine|Agitation|fear|intermittent crying	PCCA:NM_000282.4:c.425G>A	https://pubmed.ncbi.nlm.nih.gov/22156789/	
PAVS675	Cognitive impairment|Metabolic acidosis|Hyperammonemia|Visual hallucination|Agitation|Ketonuria|Hypotonia|	PCCA:NM_000282.4:c.425G>A	https://pubmed.ncbi.nlm.nih.gov/22156789/	
PAVS676	Subacute encephalopathy| ataxia| dysarthria| dystonia|Seizure	SLC19A3:NM_025243.4:c.1264A>G	https://pubmed.ncbi.nlm.nih.gov/23742248/	
PAVS677	Subacute encephalopathy| Loose mile stones|	SLC19A3:NM_025243.4:c.1264A>G	https://pubmed.ncbi.nlm.nih.gov/23742248/	
PAVS678	Subacute encephalopathy| loose milestones| dystonia	SLC19A3:NM_025243.4:c.1264A>G	https://pubmed.ncbi.nlm.nih.gov/23742248/	
PAVS679	Subacute encephalopathy| ataxia| dystonia| dysarthria|Seizure|motor deficit| speech deficit	SLC19A3:NM_025243.4:c.1264A>G	https://pubmed.ncbi.nlm.nih.gov/23742248/	
PAVS680	Subacute encephalopathy| ataxia| dysarthria | dystonia|Seizure	SLC19A3:NM_025243.4:c.1264A>G	https://pubmed.ncbi.nlm.nih.gov/23742248/	
PAVS681	Subacute encephalopathy| ataxia| dysarthria| dystoniaSeizure	SLC19A3:NM_025243.4:c.1264A>G	https://pubmed.ncbi.nlm.nih.gov/23742248/	
PAVS682	Subacute encephalopathy| ataxia| dysarthria| dystonia|Seizure|motor deficit| speech deficit	SLC19A3:NM_025243.4:c.1264A>G	https://pubmed.ncbi.nlm.nih.gov/23742248/	
PAVS683	Global developmental delay since birth then Subacute encephalopathy| ataxia| dysarthria| dystonia|Seizure	SLC19A3:NM_025243.4:c.1264A>G	https://pubmed.ncbi.nlm.nih.gov/23742248/	
PAVS684	Subacute encephalopathy| Loose mile stones|Seizure	SLC19A3:NM_025243.4:c.1264A>G	https://pubmed.ncbi.nlm.nih.gov/23742248/	
PAVS685	Subacute encephalopathy| loose milestones| dystonia|Spastic quadriplegic	SLC19A3:NM_025243.4:c.1264A>G	https://pubmed.ncbi.nlm.nih.gov/23742248/	
PAVS686	Subacute encephalopathy| ataxia| dysarthria| loose milestones|Seizure	SLC19A3:NM_025243.4:c.1264A>G	https://pubmed.ncbi.nlm.nih.gov/23742248/	
PAVS687	Subacute encephalopathy| ataxia | loose mile stones	SLC19A3:NM_025243.4:c.1264A>G	https://pubmed.ncbi.nlm.nih.gov/23742248/	
PAVS688	Subacute encephalopathy| ataxia| dysarthria| loose mile stones	SLC19A3:NM_025243.4:c.1264A>G	https://pubmed.ncbi.nlm.nih.gov/23742248/	
PAVS689	Subacute encephalopathy| ataxia| dysarthria| dystonia|Seizure|motor deficit| speech deficit	SLC19A3:NM_025243.4:c.1264A>G	https://pubmed.ncbi.nlm.nih.gov/23742248/	
PAVS690	Subacute encephalopathy| ataxia| dysarthria| dystonia|Seizure	SLC19A3:NM_025243.4:c.1264A>G	https://pubmed.ncbi.nlm.nih.gov/23742248/	
PAVS691	Subacute encephalopathy| ataxia dysarthria| dystonia|Seizure| speech deficit|Seizure	SLC19A3:NM_025243.4:c.1264A>G	https://pubmed.ncbi.nlm.nih.gov/23742248/	
PAVS692	Subacute encephalopathy| ataxia|Seizure	SLC19A3:NM_025243.4:c.1264A>G	https://pubmed.ncbi.nlm.nih.gov/23742248/	
PAVS693	Subacute encephalopathy| ataxia|Seizure	SLC19A3:NM_025243.4:c.1264A>G	https://pubmed.ncbi.nlm.nih.gov/23742248/	
PAVS694	Neurodevelopmental regression|Optic atrophy|Global developmental delay|Diffuse white matter disease|Spasticity	ISCA2:NM_194279.4:c.229G>A	https://pubmed.ncbi.nlm.nih.gov/25539947/	
PAVS695	Neurodevelopmental regression|Optic atrophy|Global developmental delay|Diffuse white matter disease|Spasticity	ISCA2:NM_194279.4:c.229G>A	https://pubmed.ncbi.nlm.nih.gov/25539947/	
PAVS696	Neurodevelopmental regression|Optic atrophy|Global developmental delay|Diffuse white matter disease|Spasticity	ISCA2:NM_194279.4:c.229G>A	https://pubmed.ncbi.nlm.nih.gov/25539947/	
PAVS697	Neurodevelopmental regression|Optic atrophy|Global developmental delay|Diffuse white matter disease|Spasticity	ISCA2:NM_194279.4:c.229G>A	https://pubmed.ncbi.nlm.nih.gov/25539947/	
PAVS698	Neurodevelopmental regression|Optic atrophy|Global developmental delay|Diffuse white matter disease|Spasticity	ISCA2:NM_194279.4:c.229G>A	https://pubmed.ncbi.nlm.nih.gov/25539947/	
PAVS699	Neurodevelopmental regression|Optic atrophy|Global developmental delay|Diffuse white matter disease|Spasticity	ISCA2:NM_194279.4:c.229G>A	https://pubmed.ncbi.nlm.nih.gov/25539947/	
PAVS700	Neurodevelopmental regression|Global developmental delay|Diffuse white matter disease	ISCA2:NM_194279.4:c.229G>A	https://pubmed.ncbi.nlm.nih.gov/25558065/	
PAVS701	Neurodevelopmental regression|Optic atrophy|Global developmental delay|Diffuse white matter disease|Spasticity|Axial hypotonia|Nystagmus	ISCA2:NM_194279.4:c.229G>A	https://pubmed.ncbi.nlm.nih.gov/28064324/	
PAVS702	Neurodevelopmental regression|Optic atrophy|Global developmental delay|Diffuse white matter disease|Spasticity|Axial hypotonia|Nystagmus	ISCA2:NM_194279.4:c.229G>A	https://pubmed.ncbi.nlm.nih.gov/28064324/	
PAVS703	Neurodevelopmental regression|Optic atrophy|Global developmental delay|Diffuse white matter disease|Spasticity|Axial hypotonia|Nystagmus	ISCA2:NM_194279.4:c.229G>A	https://pubmed.ncbi.nlm.nih.gov/28064324/	
PAVS704	Neurodevelopmental regression|Optic atrophy|Global developmental delay|Diffuse white matter disease|Spasticity|Axial hypotonia|Nystagmus	ISCA2:NM_194279.4:c.229G>A	https://pubmed.ncbi.nlm.nih.gov/28064324/	
PAVS705	Neurodevelopmental regression|Optic atrophy|Global developmental delay|Diffuse white matter disease|Spasticity|Axial hypotonia|Nystagmus	ISCA2:NM_194279.4:c.229G>A	https://pubmed.ncbi.nlm.nih.gov/28064324/	
PAVS706	Neurodevelopmental regression|Optic atrophy|Global developmental delay|Diffuse white matter disease|Spasticity|Axial hypotonia|Nystagmus|Seizure	ISCA2:NM_194279.4:c.229G>A	https://pubmed.ncbi.nlm.nih.gov/28064324/	
PAVS707	Neurodevelopmental regression|Optic atrophy|Global developmental delay|Diffuse white matter disease|Spasticity|Axial hypotonia|Nystagmus|Seizure	ISCA2:NM_194279.4:c.229G>A	https://pubmed.ncbi.nlm.nih.gov/28064324/	
PAVS708	Neurodevelopmental regression|Optic atrophy|Global developmental delay|Diffuse white matter disease|Spasticity|Axial hypotonia|Nystagmus|Seizure	ISCA2:NM_194279.4:c.229G>A	https://pubmed.ncbi.nlm.nih.gov/28064324/	
PAVS709	Neurodevelopmental regression|Optic atrophy|Global developmental delay|Diffuse white matter disease|Spasticity|Axial hypotonia|Nystagmus|Seizure	ISCA2:NM_194279.4:c.229G>A	https://pubmed.ncbi.nlm.nih.gov/28064324/	
PAVS710	Neurodevelopmental regression|Optic atrophy|Global developmental delay|Diffuse white matter disease|Spasticity|Axial hypotonia|Nystagmus	ISCA2:NM_194279.4:c.229G>A	https://pubmed.ncbi.nlm.nih.gov/28064324/	
PAVS711	Neurodevelopmental regression|Optic atrophy|Global developmental delay|Diffuse white matter disease|Spasticity|Axial hypotonia|Nystagmus	ISCA2:NM_194279.4:c.229G>A	https://pubmed.ncbi.nlm.nih.gov/29297947/	
PAVS712	Neurodevelopmental regression|Optic atrophy|Global developmental delay|Diffuse white matter disease|Spasticity|Axial hypotonia|Nystagmus	ISCA2:NM_194279.4:c.229G>A	https://pubmed.ncbi.nlm.nih.gov/29297947/	
PAVS713	Hyperammonemia |Metabolic acidosis|Recurrent pancreatitis|Autism|Poor language skills|Behavioral abnormality|Global intellectual disability,|Elevated propionylcarnitine level|No social interaction( HP:0008763)	PCCA:NM_000282.4:c.1288C>T	https://pubmed.ncbi.nlm.nih.gov/23430497/	
PAVS714	Developmental delay|Speech delay|	GRCh36:NC_000013.9:g.99764629_99837596delins99764629_99764647	https://pubmed.ncbi.nlm.nih.gov/18790721/	
PAVS715	Lethargy|tachypnea|Metabolic acidosis|Global developmental delay|Hypoglycemia|Hyperammonemia|	GRCh36:NC_000013.9:g.99764629_99837596delins99764629_99764647	https://pubmed.ncbi.nlm.nih.gov/18790721/	
PAVS716	Failure to thrive|Recurrent lower respiratory tract infections|Chronic diarrhea|hepatomegaly |Leukocytosis|Lymphocytosis|Chronic cough, Pleural effusion|Hilar lymphadenopathy|Bronchiectasis	AGR2:NM_006408.4:c.349C>T 	https://pubmed.ncbi.nlm.nih.gov/34952832/	
PAVS717	failure to thrive|Recurrent lower respiratory tract infections|Chronic diarrhea|Chronic cough|Hilar lymphadenopathy	AGR2:NM_006408.4:c.349C>T	https://pubmed.ncbi.nlm.nih.gov/34952832/	
PAVS718	failure to thrive|Recurrent lower respiratory tract infections|Persistent vomiting|Hepatomegaly|Persistent cholestasis|Bronchiectasis|Persistent segmental collapse|Chronic productive cough	AGR2:NM_006408.4:c.330+1delintron 5 	https://pubmed.ncbi.nlm.nih.gov/34952832/	
PAVS719	ketotic hypoglycemia, lactic acidosis|elevated liver transamineases	DLD:NM_000108:3:c.685G>T	https://pubmed.ncbi.nlm.nih.gov/34745891/	
PAVS720	Episodic cyclic vomiting with mild persistent elevated AST / ALT. She had two episodes of Reye-like syndrome. She has normal psychomotor function with no neurological symptoms|hypertrophic cardiomyopathy	DLD:NM_000108:3:c.685G>T	https://pubmed.ncbi.nlm.nih.gov/34745891/	
PAVS721	Recurrent acute hepatic failure, encephalopathy, with mild persistent elevated AST / ALT, associated with metabolic acidosis He has normal psychomotor function with no neurological symptoms	DLD:NM_000108:3:c.685G>T	https://pubmed.ncbi.nlm.nih.gov/34745891/	
PAVS722	Psychomotor dysfunction|Developmental delay|Intellectual disability,|Seizures|Elevated AST / ALT|Microcephaly|Elevated levels of branched chain amino acids 	DLD:NM_000108:3:c.685G>T	https://pubmed.ncbi.nlm.nih.gov/34745891/	
PAVS723	Psychomotor dysfunction|Developmental delay|Intellectual disability,|Seizures|Microcephaly	DLD:NM_000108:3:c.685G>T	https://pubmed.ncbi.nlm.nih.gov/34745891/	
PAVS724	Psychomotor dysfunction|Developmental delay|Intellectual disability,|Seizures|Hypotonia	DLD:NM_000108:3:c.1436A>T 	https://pubmed.ncbi.nlm.nih.gov/34745891/	
PAVS725	Psychomotor dysfunction|Developmental delay|Intellectual disability,|Focal seizures|Hypotonia|Dystonia|Optic atrophy|Hypertrophic cardiomyopathy|Elevated levels of branched chain amino acids 	DLD:NM_000108:3:c.1436A>T 	https://pubmed.ncbi.nlm.nih.gov/34745891/	
PAVS726	psychomotor dysfunction (mild hypotonia and Developmental delay), Recurrent acute hepatic failure (Reye-like syndrome) and metabolic acidosis|Elevated levels of branched chain amino acids 	DLD:NM_000108:3:c.623C>T 	https://pubmed.ncbi.nlm.nih.gov/34745891/	
PAVS727	Intellectual disability,|Language impairment|social impairment|cataracts|poor mobility|spasticity|Delayed motor skills|T cell lymphopenia	COPB1:NM_001144061.2:c.1651T>G	https://pubmed.ncbi.nlm.nih.gov/33632302/	
PAVS728	Intellectual disability,|Language impairment|social impairment|Microcephaly|Dystonia|cataracts|poor mobility|spasticity|Delayed motor skills|T cell lymphopenia	COPB1:NM_001144061.2:c.1651T>G	https://pubmed.ncbi.nlm.nih.gov/33632302/	
PAVS729	Intellectual disability,|Language impairment|social impairment|Microcephaly|cataracts|poor mobility|spasticity|Delayed motor skills|T cell lymphopenia	COPB1:NM_001144061.2:c.1651T>G	https://pubmed.ncbi.nlm.nih.gov/33632302/	
PAVS730	Intellectual disability,|Language impairment|social impairment|cataracts|poor mobility|spasticity|Delayed motor skills|T cell lymphopenia	COPB1:NM_001144061.2:c.1651T>G	https://pubmed.ncbi.nlm.nih.gov/33632302/	
PAVS731	Short stature|Microcephaly|Triangular face|Small chin|Anterior pointed ears|Thin long fingers|low BMI|learning difficulties|Poor growth|Osteopenia|Osteoprosis	PAPPA2:NM_020318.2:c.2656G>T	https://pubmed.ncbi.nlm.nih.gov/34272725/	
PAVS732	Short stature|Microcephaly|Triangular face|Small chin|Anterior pointed ears|Thin long fingers|low BMI|learning dificulties|Osteopenia|Osteoprosis	PAPPA2:NM_020318.2:c.2656G>T	https://pubmed.ncbi.nlm.nih.gov/34272725/	
PAVS733	Irregular heart rhythm|Premature ventricular contractions|Bidirectional ventricular tachycardia|	KCNJ2:NM_000891.3:c.412G > A	https://pubmed.ncbi.nlm.nih.gov/31890843/	
PAVS734	Syncopal attacks|Periodic paralysis|Short stature|Micrognathia|widely spaced eyes|Irregular heartbeats|Premature ventricular contractions|Bidirectional ventricular tachycardia	KCNJ2:NM_000891.3:c.921G>A	https://pubmed.ncbi.nlm.nih.gov/31890843/	
PAVS735	Irregular heartbeats|Micrognathia|Refractive error|High-pitched voice|Premature ventricular contractions|Bidirectional ventricular tachycardia	KCNJ2:NM_000891.3:c.366T>A	https://pubmed.ncbi.nlm.nih.gov/31890843/	
PAVS736	Irregular heartbeats|Syncopal attacks|Periodic paralysis|Premature ventricular contractions|Bidirectional ventricular tachycardia	KCNJ2:NM_000891.3:c.919 A/G	https://pubmed.ncbi.nlm.nih.gov/31890843/	
PAVS737	Postaxial polydactyly	DACH1:NM_080759.6:c.563G>A	https://pubmed.ncbi.nlm.nih.gov/34022343/	
PAVS738	Postaxial polydactyly	DACH1:NM_080759.6:c.563G>A	https://pubmed.ncbi.nlm.nih.gov/34022343/	
PAVS739	Wide skull sutures| Low-set ears|Low hairline|Deep-seated eyes|Bilateral cloudy corneas|frontal bossing|Hypertelorism|Bilateral strabismus| corneal opacity|Depressed nasal bridge|Upturned nose|Micrognathia|Brachycephaly|High arched palate|Posterior-central gyrus arteriovenous malformations||Cardiomegaly|Pulmonary vessels congestion|Tachycardia |T wave alteration|Small hands|Small feet|Broaden thumb|Developmental delay|Failure to thrive|Mongolian spots|Thrombocytopenia|Gastrointestinal bleeding|Multiple organ failure |Intractable respiratory acidosis|Metabolic acidosis|Intracerebral haematoma|Hydronephrosis|Cystic encephalomalacia|Left ventricular hypertrophy|Borderline QT interval|Atiral dilatation|Atrioventricular valve regurgitation|Restricted cardiomyopathy|Cirrhotic liver |Hypoechoic hepatic focal lesions|Bilateral retinal haemorrhages|Microangiopathic haemolytic anaemia|Basophilic stippling|Increased reticulocyte count|Increased megakaryocytes	DCBLD2:NM_080927.3:c.80 G > A	https://pubmed.ncbi.nlm.nih.gov/34145321/	
PAVS740	Short stature|Thyroid nodule|Hypothyroidism|Sensorineural hearing loss|Intellectual deficits|Ataxic gait|Neurodegeneration|Small atrophic pancrease|language delay|Sensorimotor neuropathy|Juvenile-onset DMDM|small body|Triangular fac|Deep-set eyes|Frequent falls|Unsteady gait|Upper limb dysmetria	DNAJC3:NM_006260.5:c.1177C>T	https://pubmed.ncbi.nlm.nih.gov/34630333/	
PAVS741	Short stature|Hypothyrodism|Hypoacusis|cognitive deficit|Ataxia|Juvenile-onset DM|Hyperactive|intellectual disability, |Bilateral sensorinneural hearing loss|Small-atrophic pancreas|Ataxia|Upper limb dysmetria|Dysdiadochokinesia|Intention tremor	DNAJC3:NM_006260.5:c.1177C>T	https://pubmed.ncbi.nlm.nih.gov/34630333/	
PAVS742	Delayed motor skills|Delayed speech|Intellectual deficit|Protruding ears|Joints hypermobility |Hind foot deformity        	NEMF:NM_004713.6:c.574+1G>T	https://pubmed.ncbi.nlm.nih.gov/33048237/	
PAVS743	Delayed motor skills|Delayed speech|Intellectual deficit|Spondylolisthesis|Failure to thrive|Talipes equinovarus|Unsteady gait   	NEMF:NM_004713.6:c.1234_1235insC	https://pubmed.ncbi.nlm.nih.gov/33048237/	
PAVS744	Delayed motor skills|Delayed speech|Sever cogniive delay|Intellectual deficit|Strabismus|Dysarthria|Limping gait|Ankles spasticity|Attention deficit hyperactive disorder	NEMF:NM_004713.6: c.1234_1235insCsC	https://pubmed.ncbi.nlm.nih.gov/33048237/	
PAVS745	Poor wound healing|heterozygoustopia of the brain|Pancytopenia|Recurrent infections|Elevated inflammatory markers|Chronic anemia|Skin rash|Macrothrombocytes	CDC42:NM_001791.4:c.101C>A	https://pubmed.ncbi.nlm.nih.gov/33672558/	
PAVS746	Partial webbing | Syndactyly|Post-axial polydactyly type A	GLI1:NM_005269.3:c.1010C>T	https://pubmed.ncbi.nlm.nih.gov/34721536/	
PAVS747	Partial webbing | Syndactyly|Post-axial polydactyly type A	GLI1:NM_005269.3:c.1010C>T	https://pubmed.ncbi.nlm.nih.gov/34721536/	
PAVS748	Partial webbing | Syndactyly|Post-axial polydactyly type A	GLI1:NM_005269.3:c.1010C>T	https://pubmed.ncbi.nlm.nih.gov/34721536/	
PAVS749	Global developmental delay|Speech delay|Intellectual disability,|Severe thoracic and lumber scoliosis|Astigmatism|Large atrial septal defect	VWA8:NM_015058.2:c.947A>G	https://pubmed.ncbi.nlm.nih.gov/34660594/	
PAVS750	Global developmental delay|Speech delay|Intellectual disability,|Bilateral coxa magna and valga deformities with partial acetabular uncovering of femoral heads|Extropia|Myopic astigmatism|Amblyopia	VWA8:NM_015058.2:c.947A>G	https://pubmed.ncbi.nlm.nih.gov/34660594/	
PAVS751	Global developmental delay|Speech delay|Intellectual disability,|Severe thoracic and lumber scoliosis||Extropia|Myopic astigmatism|Amblyopia	VWA8:NM_015058.2:c.947A>G	https://pubmed.ncbi.nlm.nih.gov/34660594/	
PAVS752	Global developmental delay|Speech delay|Intellectual disability,|Severe thoracic scoliosis|lumber scoliosis|Bilateral club foot deformity|Astigmatism	VWA8:NM_015058.2:c.947A>G	https://pubmed.ncbi.nlm.nih.gov/34660594/	
PAVS753	Yunis-Varon syndrome(OMIM:216340)|Membranous skull bones|Wide confluent fontanels and sutures|High forehead|Alopecia|Sparse hairs|Absent eyelashes/eyebrows| Malformed ears|Anteverted nostrils|Proptosis|Micrognathia|Hypertelorism |Narrow thoracic cage|Breathing difficulties|Rudimentary nipples|Short limbs with absent terminal phalanges|Hypoplastic thumbs|Absent left big toe|Bilateral nail hypoplasia|Empty scrotum|Bilateral undescended testis |Hypospadia|Hypoplastic nails|Hypoplastic halluces|Hypoplastic thumbs|Loose skin in neck region|Poor sleep|Mild-intellectual disability|Global developmental delay|Microcephaly|Dysplastic ears|Protruding eyes|hypoplastic calvarium|Bilateral hypoplastic thin clavicles|Small thorax|Dilatation of all cranium ventricles|Mild hydrocephalus|Biventricular hypertrophy 	FIG4:NM_014845.6:c.968A>G;p.Gln323Arg	https://pubmed.ncbi.nlm.nih.gov/34899148/	
PAVS754	Cholestasis|Cystic dilatation of intrahepatic biliary ducts|Diabetes insipidus|Dysmorphic facial features|Optic atrophy|Pituitary hypoplasia|Hydrocephalus|Aqueductal stenosis|Hyperextensible knee joints|Bilateral knee dislocation|Polydactyly|Syndactyly	TTC26:NM_024926.3:c.4-1G>C	https://pubmed.ncbi.nlm.nih.gov/34177428/	
PAVS755	Dysmorphic features|Liver impairment|Renal failure|Polydactyly|Syndactyly|Atrioventricular septal defect|Large ostium primum|Atrial septal defect|Elongated left ventricule|Narrowed left ventricular	TTC26:NM_024926.3:c.4-1G>C	https://pubmed.ncbi.nlm.nih.gov/31595528/	
PAVS756	"global developmental delay|Situs inversus|Dysmorphic features|Liver impairment|Caroli disease|Renal failure|Polydactyly|Syndactyly|Osteopenia|Common dilated atrium|Dextrocardia|Hypomyelination
Mild frontotemporal atrophy|Subcortical patchy hyperintensities|Chronic asthma|Recurrent chest infections|Pulmonary hypertension"	TTC26:NM_024926.3:c.4-1G>C	https://pubmed.ncbi.nlm.nih.gov/31595528/	
PAVS757	global developmental delay|Liver impairment|Polydactyly|Osteopenia|Mildly dilated left ventricle|Increased kidney parenchymal echogenicity|	TTC26:NM_024926.3:c.695A>G	https://pubmed.ncbi.nlm.nih.gov/31595528/	
PAVS758	"global developmental delay|Dysmorphic features|Liver impairment|Renal failure|Ostium secundum|Atrial septal defect|Right atrial enlargement|Right ventricular enlargement|Bilateral echogenic kidneys
Left renal grade I hydronephrosis"	TTC26:NM_024926.3:c.695A>G	https://pubmed.ncbi.nlm.nih.gov/31595528/	
PAVS759	global developmental delay|Dysmorphic feature|Polydactylyl|Liver impairment|Renal failure|Medullary nephrocalcinosis	TTC26:NM_024926.3:c.695A>G	https://pubmed.ncbi.nlm.nih.gov/31595528/	
PAVS760	global developmental delay|Dysmorphic feature|Liver imapirment	TTC26:NM_024926.3:c.1238C>T	https://pubmed.ncbi.nlm.nih.gov/31595528/	
PAVS761	global developmental delay|Liver impairment|Caroli disease|Polydactyly|dilated left ventricle	TTC26:NM_024926.3:c.695A>G	https://pubmed.ncbi.nlm.nih.gov/31595528/	
PAVS762	Neuroregression|global developmental delay|Seizures	ARSA:NM_001085425.3:c.809T>C	https://pubmed.ncbi.nlm.nih.gov/34055681/	
PAVS763	global developmental delay|Seizure|Neuroregression	EIF2B4:c.1132C>T	https://pubmed.ncbi.nlm.nih.gov/34055681/	
PAVS764	global developmental delay|Seizure|Neuroregression	EIF2B4:c.1132C>T	https://pubmed.ncbi.nlm.nih.gov/34055681/	
PAVS765	global developmental delay|Seizure|Neuroregression	EIF2B4:c.1132C>T	https://pubmed.ncbi.nlm.nih.gov/34055681/	
PAVS766	global developmental delay|Seizure|Neuroregression	EIF2B4:c.1132C>T	https://pubmed.ncbi.nlm.nih.gov/34055681/	
PAVS767	global developmental delay|Seizure	EIF2B4:c.1132C>T	https://pubmed.ncbi.nlm.nih.gov/34055681/	
PAVS768	global developmental delay	EIF2B4:c.1132C>T	https://pubmed.ncbi.nlm.nih.gov/34055681/	
PAVS769	global developmental delay	EIF2B4:c.1132C>T	https://pubmed.ncbi.nlm.nih.gov/34055681/	
PAVS770	global developmental delay|Neuroregression	EIF2B2:c.591C>G	https://pubmed.ncbi.nlm.nih.gov/34055681/	
PAVS771	global developmental delay|Neuroregression	EIF2B2:c.591C>G	https://pubmed.ncbi.nlm.nih.gov/34055681/	
PAVS772	Focal seizure|global developmental delay	PEX13:c.1A>G	https://pubmed.ncbi.nlm.nih.gov/34055681/	
PAVS773	Neuroregression|global developmental delay	PEX16:c.113-1G>C	https://pubmed.ncbi.nlm.nih.gov/34055681/	
PAVS774	Focal seizure|global developmental delay	PEX6:c.1931G>A	https://pubmed.ncbi.nlm.nih.gov/34055681/	
PAVS775	global developmental delay	RNASEH2A:c.202T>G	https://pubmed.ncbi.nlm.nih.gov/34055681/	
PAVS776	global developmental delay|Generalized tonic-clonic seizure	RNASEH2C:c.202C>G	https://pubmed.ncbi.nlm.nih.gov/34055681/	
PAVS777	Neuroregression|global developmental delay	IFIH1:c.1850T>C	https://pubmed.ncbi.nlm.nih.gov/34055681/	
PAVS778	Neuroregression|global developmental delay	GALC:c.1886C>G	https://pubmed.ncbi.nlm.nih.gov/34055681/	
PAVS779	global developmental delay	GJC2:c.107delT	https://pubmed.ncbi.nlm.nih.gov/34055681/	
PAVS780	Generalized tonic-clonic seizure	MLC1:c.686_687delCinsAG	https://pubmed.ncbi.nlm.nih.gov/34055681/	
PAVS781	global developmental delay|Focal seizure	HEPACAM:c.416T>C|HEPACAM:c.949-2A>G	https://pubmed.ncbi.nlm.nih.gov/34055681/	
PAVS782	Canvan Disease	ASPA:c.312_313delCA	https://pubmed.ncbi.nlm.nih.gov/34055681/	
PAVS783	global developmental delay|Neuroregression|Focal seizure	ABCD1:c.542A>G	https://pubmed.ncbi.nlm.nih.gov/34055681/	
PAVS784	global developmental delay|Myoclonic seizure	SLC17A5:c.406A>G|SLC17A5:c.116G>A	https://pubmed.ncbi.nlm.nih.gov/34055681/	
PAVS785	global developmental delay	GJA1:c.125A>G	https://pubmed.ncbi.nlm.nih.gov/34055681/	
PAVS786	Disconjugate eye movement|Nystagmus|Strabismus|Central hypotonia|Peripheral hypotonia|low frontal hair line|Synophrys|Wide palpebral fissures|Long eye lashes| Prominent nasal root|Pointed chin|Independent walking|Face dysmorphism	P4HTM:NM_177938.2:c.888-3C>A	https://pubmed.ncbi.nlm.nih.gov/32965080/	
PAVS787	Hypotonia|global developmental delay|Poor spech|MRI abnormalities|Independent walking|Poor visison|Abnormal eye movemnet|Respiratory hypoventilation|bradypnea|Pneumonia|Face dysmorphism	P4HTM:NM_177938.2:c.819dupG	https://pubmed.ncbi.nlm.nih.gov/32965080/	
PAVS788	Hypotonia|global developmental delay|Poor spech|MRI abnormalities|Independent walking|Poor visison|Abnormal eye movemnet|Respiratory hypoventilation|bradypnea|Face dysmorphism	P4HTM:NM_177938.2:c.819dupG	https://pubmed.ncbi.nlm.nih.gov/32965080/	
PAVS789	Tachypnoea|cephalhematoma|indirect hyperbilirubinemia|focal seizure|Global developmental delay|dysmorphic features| low set ears|long eyelashes|long philtrum|high arch palate|Depressed nasal bridge|Micrognathia|Gingival hypertrophy|Low hairline|kyphosis|scoliosis|Fibrochondrogenesis|tickler syndrome|Platyspondyly|horizontal nystagmus|fisting|spasticity|decreased deep tendon reflexes, plantar down going|axial hypotonia|brain atrophy|	WWOX:NM_016373.4:c.409+1G>T 	https://pubmed.ncbi.nlm.nih.gov/30746283/	
PAVS790	Respiratory distress|Congenital pneumonia|Non-bilious vomiting|Projectile vomiting|Decreased activity|Feeble cry|Infantile spasms|Axial hypotonia| spastichypertonia|Peripheral hypertonia|No clonus|Abscence of neurocutaneous stigmata|brain atrophy|corpus callosum thinning	WWOX:NM_016373.4:c.160G>T	https://pubmed.ncbi.nlm.nih.gov/30746283/	
PAVS791	Hypoactivity|tonic flexion of the upper limbs|Tonic flexion of lower limbs|Ventricular dilatation|Thinning of corpus callosum|Recurrent vomiting|Swallowing incoordination|Hypertelorism|Large ears|High arched palate|Brain tissue volume loss|Hypsarrhythmia	WWOX:NM_016373.4:c.160G>T	https://pubmed.ncbi.nlm.nih.gov/30746283/	
PAVS792	Progressive microcephaly|Spasticity|Profound developmental delay|Failure to thrive||Multifocal seizure|Infantile spasms|Lennox-Gastaut syndrome|nfantile epileptic encephalopathy|Periventricular white matter atrophy|Wallerian degeneration|Corpus callosum atrophy	WWOX:NM_016373.4:c.606-1G>A	https://pubmed.ncbi.nlm.nih.gov/26345274/	
PAVS793	Progressive microcephaly|Spasticity|Profound developmental delay|Failure to thrive||Multifocal seizure|Infantile spasms|Lennox-Gastaut syndrome|Infantile epileptic encephalopathy|Corpus callosum atrophy|Brainstem degeneration|	WWOX:NM_016373.4:c.606-1G>A	https://pubmed.ncbi.nlm.nih.gov/26345274/	
PAVS794	Progressive microcephaly|Spasticity|Profound developmental delay|Failure to thrive||Multifocal seizure|Infantile spasms|Lennox-Gastaut syndrome|Infantile epileptic encephalopathy|Corpus callosum atrophy|Brainstem degeneration|	WWOX:NM_016373.4:c.606-1G>A	https://pubmed.ncbi.nlm.nih.gov/26345274/	
PAVS795	Progressive microcephaly|Spasticity|Profound developmental delay|Failure to thrive|Focal seizure with secondary generalization|Infantile epileptic encephalopathy	WWOX:NM_016373.4:c.606-1G>A	https://pubmed.ncbi.nlm.nih.gov/26345274/	
PAVS796	Progressive microcephaly|Spasticity|Profound developmental delay|Failure to thrive|Focal seizure with secondary generalization|Infantile epileptic encephalopathy	WWOX:NM_016373.4:c.606-1G>A	https://pubmed.ncbi.nlm.nih.gov/26345274/	
PAVS797	Epilepsy|Mental retardation|Cerebellar ataxia|Generalized tonic-clonic epilepsy	WWOX:NM_016373.4:c.139C>A	https://pubmed.ncbi.nlm.nih.gov/24369382/	
PAVS798	Epilepsy|Mental retardation|Cerebellar ataxia|Generalized tonic-clonic epilepsy	WWOX:NM_016373.4:c.139C>A	https://pubmed.ncbi.nlm.nih.gov/24369382/	
PAVS799	Epilepsy|Mental retardation|Cerebellar ataxia|Generalized tonic-clonic epilepsy	WWOX:NM_016373.4:c.139C>A	https://pubmed.ncbi.nlm.nih.gov/24369382/	
PAVS800	Epilepsy|Mental retardation|Cerebellar ataxia|Generalized tonic-clonic epilepsy	WWOX:NM_016373.4:c.139C>A	https://pubmed.ncbi.nlm.nih.gov/24369382/	
PAVS801	Hypoxia|Chronic wet cough|Recurrent otitis media|Bronchiectasis|Para-cardiac patchy infiltration|Mediastinal lymph nodes enlargemen	NEK10:NM_001394966.1:c.3402T>A	https://pubmed.ncbi.nlm.nih.gov/32414360/	
PAVS802	Hypoxia|Chronic wet cough|Recurrent otitis media|Bronchiectasis|Para-cardiac patchy infiltration|Mediastinal lymph nodes enlargemen	NEK10:NM_001394966.1:c.3402T>A	https://pubmed.ncbi.nlm.nih.gov/32414360/	
PAVS803	Renal stones|Pelvic fullness|Abnormal urine amino acid level HP:0025745|Recurrent urinary tract infections HP:0000010	SLC3A1:NM_000341.4:c.592del	https://pubmed.ncbi.nlm.nih.gov/33262960/	
PAVS804	Renal stones|Abnormal urine amino acid level HP:0025745|Cystinuria HP:0003131|Recurrent urinary tract infections HP:0000010	SLC7A9:NM_014270.5:c.997_1012del	https://pubmed.ncbi.nlm.nih.gov/33262960/	
PAVS805	Renal stones|Abnormal urine amino acid level HP:0025745|Cystinuria HP:0003132|Recurrent urinary tract infections HP:0000010	SLC3A1:NM_000341.4:c.1400T>A	https://pubmed.ncbi.nlm.nih.gov/33262960/	
PAVS806	Renal stones|Abnormal urine amino acid level HP:0025745|Cystinuria HP:0003133	SLC7A9:NM_014270.5:c.376G>A|SLC7A9:NM_014270.5:c.1166C>T	https://pubmed.ncbi.nlm.nih.gov/33262960/	
PAVS807	Renal stones|Abnormal urine amino acid level HP:0025745|Cystinuria HP:0003134	SLC7A9:NM_014270.5:c.313G>A	https://pubmed.ncbi.nlm.nih.gov/33262960/	
PAVS808	Renal stones|Abnormal urine amino acid level HP:0025745|Cystinuria HP:0003135|Recurrent urinary tract infections HP:0000010	SLC3A1:NM_000341.4:Duplication (4 copies) encompassing exon 5 to exon 9	https://pubmed.ncbi.nlm.nih.gov/33262960/	
PAVS809	Renal stones|Abnormal urine amino acid level HP:0025745|Cystinuria HP:0003135|Recurrent urinary tract infections HP:0000011|Proteinuria HP:0000093	SLC7A9:NM_014270.5:C368 >T	https://pubmed.ncbi.nlm.nih.gov/33262960/	
PAVS810	Renal stones|Abnormal urine amino acid level HP:0025745|Cystinuria HP:0003135|Recurrent urinary tract infections HP:0000012	SLC3A1:NM_000341.4:c.1617+1097T > A	https://pubmed.ncbi.nlm.nih.gov/33262960/	
PAVS811	Renal stones|hydronephrosis|Abnormal urine amino acid level HP:0025745|Cystinuria HP:0003131|Recurrent urinary tract infections HP:0000010	SLC3A1:NM_000341.4:c.1400T>A	https://pubmed.ncbi.nlm.nih.gov/33262960/	
PAVS812	Renal stones|Abnormal urine amino acid level HP:0025746|Cystinuria HP:0003131	SLC3A1:NM_000341.4:c.1400T>A	https://pubmed.ncbi.nlm.nih.gov/33262960/	
PAVS813	Renal stones|Abnormal urine amino acid level HP:0025746|Cystinuria HP:0003132|Proteinuria HP:0000093|Recurrent urinary tract infections HP:0000010	SLC7A9:NM_014270.5:c.460_471del	https://pubmed.ncbi.nlm.nih.gov/33262960/	
PAVS814	Renal stones|Abnormal urine amino acid level HP:0025746|Cystinuria HP:0003133	SLC7A9:NM_014270.5:c.1060G>A	https://pubmed.ncbi.nlm.nih.gov/33262960/	
PAVS815	Renal stones|Abnormal urine amino acid level HP:0025746|Cystinuria HP:0003134	SLC3A1:NM_000341.4:c.1229A>T	https://pubmed.ncbi.nlm.nih.gov/33262960/	
PAVS816	Renal stones|Abnormal urine amino acid level HP:0025746|Cystinuria HP:0003135	SLC3A1:NM_000341.4:c.1400T>A	https://pubmed.ncbi.nlm.nih.gov/33262960/	
PAVS817	Renal stones|Abnormal urine amino acid level HP:0025746|Cystinuria HP:0003136	SLC3A1:NM_000341.4:c.1229A>T	https://pubmed.ncbi.nlm.nih.gov/33262960/	
PAVS818	Renal stones|Abnormal urine amino acid level HP:0025746|Cystinuria HP:0003137|Recurrent urinary tract infections HP:0000010		https://pubmed.ncbi.nlm.nih.gov/33262960/	
PAVS819	Renal stones|Abnormal urine amino acid level HP:0025746|Cystinuria HP:0003136	SLC3A1:NM_000341.4:c.1711T>A	https://pubmed.ncbi.nlm.nih.gov/33262960/	
PAVS820	Renal stones|Abnormal urine amino acid level HP:0025746|Cystinuria HP:0003137		https://pubmed.ncbi.nlm.nih.gov/33262960/	
PAVS821	Renal stones|Abnormal urine amino acid level HP:0025746|Cystinuria HP:0003136|Recurrent urinary tract infections HP:0000010|Renal failure|Hypertension HP:0000822	SLC7A9:NM_014270.5:c.1166C>T	https://pubmed.ncbi.nlm.nih.gov/33262960/	
PAVS822	Renal stones|Abnormal urine amino acid level HP:0025746|Cystinuria HP:0003137|Hypertension HP:0000822	SLC3A1:NM_000341.4:c.1400T>A	https://pubmed.ncbi.nlm.nih.gov/33262960/	
PAVS823	Renal stones|Abnormal urine amino acid level HP:0025746|Cystinuria HP:0003138|Hypertension HP:0000822|Proteinuria HP:0000093	SLC3A1:NM_000341.4:c.1400T>A	https://pubmed.ncbi.nlm.nih.gov/33262960/	
PAVS824	Renal stones|Abnormal urine amino acid level HP:0025746|Cystinuria HP:0003139	SLC3A1:NM_000341.4:c.1400T>A	https://pubmed.ncbi.nlm.nih.gov/33262960/	
PAVS825	Renal stones|Abnormal urine amino acid level HP:0025746|Cystinuria HP:0003140	SLC3A1:NM_000341.4:c.1711T>A	https://pubmed.ncbi.nlm.nih.gov/33262960/	
PAVS826	Scrotal swelling|Dextrocurve convexity scoliosis| Abnormality of the spine|Fused spine|Recurrent infection	DLL1:NM_005618.4:c.1534G > A	https://pubmed.ncbi.nlm.nih.gov/31275352/	
PAVS827	Thoracolumbar spine scoliosis| Kyphotic deformity|Bifid odontoid process|Midribs fusion	DLL1:NM_005618.4:c.1534G > A	https://pubmed.ncbi.nlm.nih.gov/31275352/	
PAVS828	Spasticity|Unsteadiness|Hand shaking|Limb weakness|Bodyweakness| Easy fatigue|Ataxia|Truncal ataxia|Limbs ataxia|Sensory ataxia|Hand tremors|Congenital nystagmus|Intention tremor|Dysmetria|Dysarthria|Dysdiadokokinesia|Hypotonia|Knee hyperreflexia|Lost ankle reflexes|Negative Babiniski|Scissoring walking pattern|Tandem walk inability	NKX6-2:NM_177400.3:c.545C>T	https://pubmed.ncbi.nlm.nih.gov/32246862/	
PAVS829	Spasticity|Unsteadiness|Hand shaking|Limb weakness|Bodyweakness| Easy fatigue|Ataxia|Truncal ataxia|Limbs ataxia|Sensory ataxia|Hand tremor|Intention tremor|Dysmetria|Dysarthria|Dysdiadokokinesia	NKX6-2:NM_177400.3:c.545C>T	https://pubmed.ncbi.nlm.nih.gov/32246862/	
PAVS830	Spasticity|Unsteadiness|Hand shaking|Limb weakness|Bodyweakness| Easy fatigue|Ataxia|Truncal ataxia|Limbs ataxia|Sensory ataxia|Intention tremor|Dysmetria|Dysarthria|Dysdiadokokinesia|Transverse head noDevelopmental delaying|mild titubation|Hypotonia|Knee hyperreflexia|Lost ankle reflexes|Negative Babiniski|Scissoring walking pattern|Tandem walk inability	NKX6-2:NM_177400.3:c.545C>T	https://pubmed.ncbi.nlm.nih.gov/32246862/	
PAVS831	Spasticity|Unsteadiness|Hand shaking|Limb weakness|Bodyweakness| Easy fatigue|Ataxia|Truncal ataxia|Limbs ataxia|Sensory ataxia|Hand tremor|Congenital nystagmus|Intention tremor|Dysmetria|Dysarthria|Dysdiadokokinesia|Hypomyelination|Transverse head noDevelopmental delaying|mild titubation|Hypotonia|Knee hyperreflexia|Lost ankle reflexes|Negative Babiniski|Scissoring walking pattern|Tandem walk inability	NKX6-2:NM_177400.3:c.545C>T	https://pubmed.ncbi.nlm.nih.gov/32246862/	
PAVS832	Horseshoe kidney|Gross motor delay|Developmental delay|Axial hypotonia|Hyporeflexia|Unsteady gait|Expressive aphasia|Aggressivness|Self‐mutilation|Arched eyebrows|Bulbous nose|Flat philtrum|Thin lips|Intellectual disability,	RAP1GDS1:NM_001100427.2:c.1444‐1G>A	https://pubmed.ncbi.nlm.nih.gov/32431071/	
PAVS833	Horseshoe kidney|Gross motor delay|Developmental delay|Axial hypotonia|Hyporeflexia|Unsteady gait|Expressive aphasia|Aggressivness|Self‐mutilation|Arched eyebrows|Bulbous nose|Flat philtrum|Thin lips|ntellectual disability,	RAP1GDS1:NM_001100427.2:c.1444‐1G>A	https://pubmed.ncbi.nlm.nih.gov/32431071/	
PAVS834	Club feet|Gross motor delay|Generalized tonic‐clonic seizure|Intellectual disabiliy|Triangular face| Bulbous nose|Retrognathia|Low‐set ears|Short philtrum|Speech delay|Axial hypotonia|ntellectual disability,	RAP1GDS1:NM_001100427.2:c.1444‐1G>A	https://pubmed.ncbi.nlm.nih.gov/32431071/	
PAVS835	Club feet |Floppy|Triangular face|Bulbous nose|Everted ears|Short philtrum|Flat philtrum|Retrognathia|Dorsal clonus|Axial hypotonia|Intellectual disability,	RAP1GDS1:NM_001100427.2:c.1444‐1G>A	https://pubmed.ncbi.nlm.nih.gov/32431071/	
PAVS836	Postnatal microcephaly|Nonverbal|Non-ambulatory|Hypotonia|Cerebral atrophy|Delayed myelination|Thin corpus callosum|eneralized myoclonic-tonic-clonic	KCNT1:NM_020822.3:c.1885A>G	https://pubmed.ncbi.nlm.nih.gov/32167590/	
PAVS837	Prominent forehead|Hypertelorism|Hypotonia|Nonverbal|Non-ambulatory|Spasticity|Cerebral atrophy|Delayed myelination|Thin corpus callosum|Generalized tonic-clonic	KCNT1:NM_020822.3:c.1421G>A	https://pubmed.ncbi.nlm.nih.gov/32167590/	
PAVS838	Postnatal microcephaly|Nonverbal|Non-ambulatory|Hypotonia|Cortical visual impairment|Hearing impairment|Verticalized splenium of the CC|Cardiac arrhythmia|Patent foramen ovale|Ventricular septal defect|Focal impaired awareness non-motor seizure|Focal impaired awareness behavior arrest seizure	KCNT1:NM_020822.3:c.862G>A	https://pubmed.ncbi.nlm.nih.gov/32167590/	
PAVS839	Postnatal microcephaly|Nonverbal|Non-ambulatory|Hypotonia|Spasticity|Cerebral atrophy|Delayed myelination|Thin corpus callosum|Constipation|Focal impaired awareness motor seizure	KCNT1:NM_020822.3:c.2800G>A	https://pubmed.ncbi.nlm.nih.gov/32167590/	
PAVS840	Muscle weakness|Poor head control|Developmental delay|Global joint hyperlaxity|Axial hypotonia|Bifrontal narrowing|Bulbous nose|Smooth philtrum|High arched plate	UGDH:NM_003359.3:c.950G>A	https://pubmed.ncbi.nlm.nih.gov/32175296/	
PAVS841	Generalized tonic clonic seizure|Developmental Delay|Hypotonia	KCNQ2:NM_172107.2:c.1464C > G	https://pubmed.ncbi.nlm.nih.gov/31054490/	
PAVS842	Generalized tonic-clonic|Myclonic seizure|Developmental Delay|Microcephaly|Slowing of background|high amplitude delta activity|bifrontal epileptiform discharges|Intractable seizure	PCDH19:NM_001105243.1:c.3263_3264delAA	https://pubmed.ncbi.nlm.nih.gov/31054490/	
PAVS843	Developmental Delay|Acquired microcephaly|Hypotonia	GNAO1:NM_020988.2:c.683 T > C	https://pubmed.ncbi.nlm.nih.gov/31054490/	
PAVS844	Generalized tonic-clonic|Eye myoclonus|Developmental Delay|HypotoniaCcentrotemporal epileptiform discharge|Unsteady gait|Toe walking|Muscle waekness	KCNB1 NM_004975:c.1222C > T	https://pubmed.ncbi.nlm.nih.gov/31054490/	
PAVS845	Generalized tonic-clonic|Developmental delay|Hypotonia|Microcephaly|Poor eye contact|Generalized widening of cerebral sulci|Prominent brain ventricles|Prominant basal cistern|Diffuse slowing burst suppression pattern during sleep|Multifocal epileptiform discharges|Intractable seizures	SLC25A22 NM_001191060.1:c.754C > T	https://pubmed.ncbi.nlm.nih.gov/31054490/	
PAVS846	"Generalized tonic-clonic|Eye blinking|Facial twitching|Developmental delay|Hypotonia|Microcephaly|Poor eye contact|Delayed myelination|Diffuse slowing|Multifocal spike|Wave discharges|Intractable seizures|GERD|Oropharyngeal dysphagia|Esophagitis pseudoachalasia|Mild ventricular dilatation|Mild mitral regurgitation


"	KCNT1:NM_020822.2:c.1130 G > C	https://pubmed.ncbi.nlm.nih.gov/31054490/	
PAVS847	"Tonic seizure|Head deviation|Staring gaze|Developmental delay|Microcephaly|Optokinetic nystagmus|Encephalopathy|Intractable seizures


"	CDKL5:NM_003159.2:c.119C > A	https://pubmed.ncbi.nlm.nih.gov/31054490/	
PAVS848	Epileptic encephalopathy HP:0200134|Hepatomegaly|Brain atrophy	WWOX:NM_016373.3:c.409 + 1G > T	https://pubmed.ncbi.nlm.nih.gov/31054490/	
PAVS849	"Developmental delay|Hypotonia|Microcephaly







"	SLC13A5:NM_177550.4:c.1227dupC	https://pubmed.ncbi.nlm.nih.gov/31054490/	
PAVS850	"Generalized tonic-clonic|Generalized spike-wave


"	SCN1A:NM_001165963.1:c.1244 T > C	https://pubmed.ncbi.nlm.nih.gov/31054490/	
PAVS851	Generalized tonic-clonic|Developmental delay|Hypotonia| |Focal sharp wave activity	SCN2A:NM_021007.2:c.4390 A > G	https://pubmed.ncbi.nlm.nih.gov/31054490/	
PAVS852	Generalized tonic-clonic	CDKL5:NM_003159.2:c.291C > T	https://pubmed.ncbi.nlm.nih.gov/31054490/	
PAVS853	Focal seizure| Generalized tonic-clonic|Global developmental delay|Brain atrophy|Delayed myelination|Epileptic Encephalopathy	KCNQ2:NM_172107.2:c.1744 A > T	https://pubmed.ncbi.nlm.nih.gov/31054490/	
PAVS854	Focal seizure| Generalized tonic-clonic|Developmental regression|Brain atrophy|spike and sharp waves	PLCB1:NM_015192.3:c.550C > T	https://pubmed.ncbi.nlm.nih.gov/31054490/	
PAVS855	Focal seizure| Generalized tonic-clonic|Developmental regression|Brain atrophy|Lennox-Gastaut syndrome	PLCB1:NM_015192.3:c.550C > T	https://pubmed.ncbi.nlm.nih.gov/31054490/	
PAVS856	Generalized tonic-clonic|Global developmental delay|Lennox-Gastaut syndrome	SCN8A:NM_014191.3:c.82C > T	https://pubmed.ncbi.nlm.nih.gov/31054490/	
PAVS857	Focal seizure| Generalized tonic-clonic|Generalized tonic-clonic|Global developmental delay|Brain atrophy|Lennox-Gastaut syndrome	SCN8A:NM_014191.3:c.82C > T	https://pubmed.ncbi.nlm.nih.gov/31054490/	
PAVS858	"Generalized tonic clonic|Global developmental delay|Intellectual deficit|Multifocal


"	SLC13A5:NM_177550.4:c.785 T > C	https://pubmed.ncbi.nlm.nih.gov/31054490/	
PAVS859	"Generalized tonic clonic|Global developmental delay|Intellectual deficit|Multifocal


"	SLC13A5:NM_177550.4:c.1227dupC	https://pubmed.ncbi.nlm.nih.gov/31054490/	
PAVS860	"Generalized tonic clonic|Global developmental delay|Intellectual deficit|Multifocal


"	SLC13A5:NM_177550.4:c.1227_1228insC	https://pubmed.ncbi.nlm.nih.gov/31054490/	
PAVS861	"Generalized tonic clonic|Global developmental delay|Intellectual deficit|Multifocal


"	SLC13A5:NM_177550.4:c.1227_1228insC	https://pubmed.ncbi.nlm.nih.gov/31054490/	
PAVS862	"Generalized tonic clonic|Global developmental delay|Intellectual deficit|Multifocal


"	SLC13A5:NM_177550.4:c.1227_1228insC	https://pubmed.ncbi.nlm.nih.gov/31054490/	
PAVS863	"Generalized tonic clonic|Global developmental delay|Intellectual deficit|Multifocal


"	SLC13A5:NM_177550.4:c.785 T > C	https://pubmed.ncbi.nlm.nih.gov/31054490/	
PAVS864	"Generalized tonic clonic|Global developmental delay|Diffuse white matter|Epileptic Encephalopathy





"	SCN2A:NM_001040143.1:c.638 T > C	https://pubmed.ncbi.nlm.nih.gov/31054490/	
PAVS865	"Generalized tonic clonic|Global developmental delay|Slow spike on EEG | Slow waves|



"	SCN8A:NM_014191.3:c.82C > T	https://pubmed.ncbi.nlm.nih.gov/31054490/	
PAVS866	"Generalized tonic clonic|Global developmental delay|Intellectual deficit


"	ARHGEF9:NM_015185.2:c.1476 T > G	https://pubmed.ncbi.nlm.nih.gov/31054490/	
PAVS867	"Generalized tonic clonic|Global developmental delay|Neurodegenerative disease|Lennox-Gastaut syndrome





"	SLC25A22:NM_001191060.1:c.55 G > A	https://pubmed.ncbi.nlm.nih.gov/31054490/	
PAVS868	"Generalized tonic clonic|Focal seizure|Febril seizure|developmental regression|Thick cerebral cortex|Lennox-Gastaut syndrome





"	SCN1A:NM_001165963.1:c.1498C > T	https://pubmed.ncbi.nlm.nih.gov/31054490/	
PAVS869	Generalized tonic clonic|Focal seizure|Global developmental delay|Epileptic Encephalopathy	SLC25A12:NM_003705.4:c.1385C > T	https://pubmed.ncbi.nlm.nih.gov/31054490/	
PAVS870	Generalized spike|Slow wave 	SCN1A:NM_001202435.1:c.671 T > G	https://pubmed.ncbi.nlm.nih.gov/31054490/	
PAVS871	Generalized tonic-cloni|myoclonic|Intellectual disability,|Attention deficit hyperactivity disorder|Vermis hypoplasia|Generalized poly spikes|Generalized wave|	KCNA2 NM_004974.3:c.1265_1266del	https://pubmed.ncbi.nlm.nih.gov/31054490/	
PAVS872	Focal seizure|Generalized tonic-cloni|Developmental delay|Microcephaly|Epileptic Encephalopathy	SLC13A5:NM_177550.4:c.785 T > C	https://pubmed.ncbi.nlm.nih.gov/31054490/	
PAVS873	Focal seizure|Generalized tonic-cloni|Multifocal discharge	SLC13A5:NM_177550.3:c.1654 T > A	https://pubmed.ncbi.nlm.nih.gov/31054490/	
PAVS874	Burst suppression|Generalized tonic-clonic|Intellectual deficit|Microcephaly	ARX:NM_139058.2:c.1019 T > C	https://pubmed.ncbi.nlm.nih.gov/31054490/	
PAVS875	progressive neurodegeneration	GM2A:NM_000405.4:c.164C > T:p.P55L	https://pubmed.ncbi.nlm.nih.gov/25558065/	
PAVS876	Speech delay|Motor delay|Tremor|Microcephaly|Strabismus	SPG20:NM_001142294:c.1450_1451insA:p.T484fs	https://pubmed.ncbi.nlm.nih.gov/25558065/	
PAVS877	Choreoathetosis	CYP27A1:NM_000784:c.1342C > T:p.R448C	https://pubmed.ncbi.nlm.nih.gov/25558065/	
PAVS878	Microcephaly|Static encephalopathy	NPC2:NM_006432:c.88G > A: p.V30M	https://pubmed.ncbi.nlm.nih.gov/25558065/	
PAVS879	Global developmental delay|Epilepsy|Hydrocephalus	ARFGEF2:NM_006420:c.656_657insC:p.P219fs	https://pubmed.ncbi.nlm.nih.gov/25558065/	
PAVS880	Primary microcephaly|Global developmental delay	PNKP:NM_007254:c.1250_1251insAACGGGTCGCCATCGAC	https://pubmed.ncbi.nlm.nih.gov/25558065/	
PAVS881	Ptosis|Sacral agenesis	RYR1:NM_000540:c.6617C > T:p.T2206M	https://pubmed.ncbi.nlm.nih.gov/25558065/	
PAVS882	Fetal akinesia|Brain ischemia and neonatal death	FBN2:NM_001999:c.1064G > A:p.G355D	https://pubmed.ncbi.nlm.nih.gov/25558065/	
PAVS883	Isolated cerebellar atrophy	DDHD2 23 (large scale deletion)	https://pubmed.ncbi.nlm.nih.gov/25558065/	
PAVS884	Severe brain malformation (hydranencephaly and severe cerebellar hypoplasia)	WDR81:NM_001163809:c.845G > A:p.G282E	https://pubmed.ncbi.nlm.nih.gov/25558065/	
PAVS885	Intellectual disability,|Noonan-like facies|Pulmonary stenosis	ZNF526:NM_133444:c.479A > C:p.K160T	https://pubmed.ncbi.nlm.nih.gov/25558065/	
PAVS886	Isolated cerebellar hypoplasia	ADCK3:NM_020247:c.1744dup	https://pubmed.ncbi.nlm.nih.gov/25558065/	
PAVS887	Microcephaly|Speech delay|Spasticity|Hypomyelination|Hypoplastic corpus callosum|Brain atrophy.	AP4M1:NM_004722:c.C952T:p.R31	https://pubmed.ncbi.nlm.nih.gov/25558065/	
PAVS888	Primary microcephaly|Neonatal death	CCDC99:NM_017785:c.1724_1747 del:p.S575_T582 del	https://pubmed.ncbi.nlm.nih.gov/25558065/	
PAVS889	Microlissencephaly|Global developmental delay	TUBA3E:NM_207312:c.643C > T:p.R215C	https://pubmed.ncbi.nlm.nih.gov/25558065/	
PAVS890	Primary microcephaly|Global developmental delay	INO80:NM_017553:c.1501T > C:p.S501P, INO80:NM_017553:c.3737G > A:p.R1246Q	https://pubmed.ncbi.nlm.nih.gov/25558065/	
PAVS891	Hydrocephalus|Muscle weakness|Global developmental delay	NID1:NM_002508.2:c.3385+1G > A	https://pubmed.ncbi.nlm.nih.gov/25558065/	
PAVS892	Primary microcephaly|Global developmental delay	TSEN15:NM_001127394:c.226T > G:p.W76G	https://pubmed.ncbi.nlm.nih.gov/25558065/	
PAVS893	Global developmental delay|Epilepsy|Poor weight gain	DMBX1:NM_147192:c.367C > T:p.R123W	https://pubmed.ncbi.nlm.nih.gov/25558065/	
PAVS894	Myopathy	CLHC1:NM_001135598:c.779G > A:p.R260Q	https://pubmed.ncbi.nlm.nih.gov/25558065/	
PAVS895	Global developmental delay	C12orf4:NM_020374:exon6:c.637_638insAAAC:p.K213fs	https://pubmed.ncbi.nlm.nih.gov/25558065/	
PAVS896	Autism spectrum disorder	WDR93:NM_020212:c.280T > C:p.Y94H	https://pubmed.ncbi.nlm.nih.gov/25558065/	
PAVS897	Global developmental delay|Brain atrophy	ST7:NM_021908:c.489T > G:p.Y163X	https://pubmed.ncbi.nlm.nih.gov/25558065/	
PAVS898	Holoprosencephaly	MATN4:NM_030590:c.515G > C:p.G172A	https://pubmed.ncbi.nlm.nih.gov/25558065/	
PAVS899	Intellectual disability,|Epilepsy	SEC24D:NM_014822:c.697G > C:p.G233R	https://pubmed.ncbi.nlm.nih.gov/25558065/	
PAVS900	Primary microcephaly|Global developmental delay	"	KCTD3:NM_016121:c.1036_1073del"	https://pubmed.ncbi.nlm.nih.gov/25558065/	
PAVS901	Brain atrophy|Global developmental delay	PTPN23:NM_015466:c.3995G > T:p.R1332L	https://pubmed.ncbi.nlm.nih.gov/25558065/	
PAVS902	Global developmental delay|Dysmorphism	TAF6:NM_005641.3:c.212T > C:p.I71T	https://pubmed.ncbi.nlm.nih.gov/25558065/	
PAVS903	Global developmental delay|Epilepsy|Dysmorphism|Hypotonia|Ventricular septal defect	TBCK:NM_033115:c.1708+1G > A	https://pubmed.ncbi.nlm.nih.gov/25558065/	
PAVS904	Macrocephaly|ID|Dolichocephaly|Obesity	FAM177A1:NM_001079519:c.297_298insA:p.L99fs	https://pubmed.ncbi.nlm.nih.gov/25558065/	
PAVS905	Dandy-Walker malformation|Hydrocephalus|Flexed deformity|Club feet|Micrognathia|Pleural effusion	KIAA1109:NM_015312.3:c.1557T > A:p.Y51	https://pubmed.ncbi.nlm.nih.gov/25558065/	
PAVS906	Neurodegeneration|Brain iron accumulation	MTSS1L:NM_138383:c.1790C > T:p.T597M	https://pubmed.ncbi.nlm.nih.gov/25558065/	
PAVS907	Primary microcephaly	XIRP1:NM_194293:c.4495G > A:p.E1499K	https://pubmed.ncbi.nlm.nih.gov/25558065/	
PAVS908	Severe psychomotor retardation|Seizure|Cerebellar hypoplasia	PCDHB4:NM_018938.2:c.915 del	https://pubmed.ncbi.nlm.nih.gov/25558065/	
PAVS909	Global developmental delay|Attention deficit hyperactive disorder	CHAF1B:NM_005441:c.496A > G:p.I166V	https://pubmed.ncbi.nlm.nih.gov/25558065/	
PAVS910	Neurodegenerative disease	ARV1:NM_022786:c.565G > A:p.G189R	https://pubmed.ncbi.nlm.nih.gov/25558065/	
PAVS911	Neurodegeneration|White matter changes|High lactate peak in the brain|Mitochondrial encephalopathy	ISCA2:NM_194279:c.229G > A:p.G77S	https://pubmed.ncbi.nlm.nih.gov/25558065/	
PAVS912	Global developmental delay|Hearing loss|Ataxia	PTRH2:NM_016077.3:c.254A > C:p.Q85P	https://pubmed.ncbi.nlm.nih.gov/25558065/	
PAVS913	Global developmental delay|Severe dystonia|Congenital cataract(10DG0703) global developmental delay and congenital cataract(13DG1542) global developmental delay, congenital cataract, tubulopathy, and severe osteopenia	GEMIN4:NM_015721:c.2452T > C:p.W818R	https://pubmed.ncbi.nlm.nih.gov/25558065/	
PAVS914	Intellectual disability,|Epilepsy	MYOCD:NM_001146312:c.1252A > G:p.I418V	https://pubmed.ncbi.nlm.nih.gov/25558065/	
PAVS915	Global developmental delay|Typical Joubert syndrome|MRI findings	PDPR:NM_017990:c.1360G > T:p.G454C	https://pubmed.ncbi.nlm.nih.gov/25558065/	
PAVS916	cerebellar vermis hypoplasia, Dandy-Walker malformation, hydrocephalus, developmental delay	DPH1:NM_001383.3:c.701T > C:p.L234P	https://pubmed.ncbi.nlm.nih.gov/25558065/	
PAVS917	global developmental delay, light complexion, early onset focal segmental glomerulosclerosis	NUP107:NM_020401:c.303G > A:p.M101I	https://pubmed.ncbi.nlm.nih.gov/25558065/	
PAVS918	Cerebellar atrophy|Hydrocephalus|Global developmental delay|Cognitive impairment|Speech delay|Motor delay	TMEM92:NM_001168215:c.95+3A > G	https://pubmed.ncbi.nlm.nih.gov/25558065/	
PAVS919	Spastic paraplegia|Failure to thrive.	EPB41L4A:NM_022140:c.1298C > T:p.S433L	https://pubmed.ncbi.nlm.nih.gov/25558065/	
PAVS920	Coarse facial features|Open mouth|Bilateral ptosis|Hypertelorism|Scoliosis|Pectus excavatum|Skin laxity|Hypotonia|GERD|Chronic lung disease|Undescended testicles.	FAM120AOS:NM_198841:c.743C > T:p.T248I	https://pubmed.ncbi.nlm.nih.gov/25558065/	
PAVS921	"Primordial dwarfism|Prematurity|Intrauterine growth retardation |Delayed motor development|Speech development delay|High-pitched voice|Recurrent chest infections
"	PCNT:NM_006031.5:c.196G>T	https://pubmed.ncbi.nlm.nih.gov/24389050/	
PAVS922	Microphthalmia|Micrognathia|Microglossia|small teeth|Bilateral basal ganglia calcification|Cerebellar calcification|Primordial dwarfism	RBBP8:NM_203291.1:c.298C>T	https://pubmed.ncbi.nlm.nih.gov/24389050/	
PAVS923	"Characteristic facies|Hypoplastic terminal phalanges|Osteopenia|Blind|Profound global developmental delay|Hypopigmented skin patches and talipes|Bifrontal subdural hygroma
"	CRIPT:NM_014171.4:c.133_134insGG	https://pubmed.ncbi.nlm.nih.gov/24389050/	
PAVS924	"Characteristic facies| hypoplastic terminal phalanges|Osteopenia|Albinoid fundus|Markedly impaired retinal function|Recurrent infections|PDA|Persistent anemia |Anisopoikilocytosis.Increased white matter signal|Hypogenesis of corpus callosum
"	CRIPT:NM_014171.4: c.141delT	https://pubmed.ncbi.nlm.nih.gov/24389050/	
PAVS925	"Characteristic Seckel facies|Severe kyphoscoliosis|Spinal cord compression|Paraplegia|Global developmental delay|Intellectual
disability,

"	DNA2:NM_001080449.2:c.3372+6delC	https://pubmed.ncbi.nlm.nih.gov/24389050/	
PAVS926	Characteristic Seckel facies|Global developmental delay|Intellectual disability,|Eectopic kidney	DNA2:NM_001080449.2:c.3372+6delC		
PAVS927	Speech delay|Triangular bird-like face|Short philtrum	XRCC4:NM_003401.3:c.127T>C	https://pubmed.ncbi.nlm.nih.gov/24389050/	
PAVS928	Severe failure to thrive|Microcephaly|Global developmental delay|Bilateral hip dysplasia|Ectopic kidney|PDA|Retinoblastoma|Brain glioma	BRCA2:NM_000059.3:c.9152delC	https://pubmed.ncbi.nlm.nih.gov/24389050/	
PAVS929	Primordial dwarfism	IGF1:NM_001111285.1.:c.292C>T	https://pubmed.ncbi.nlm.nih.gov/24389050/	
PAVS930	"Small and malaligned teeth|Skin laxity|Joint laxity

"	CUL7 NM_014780.4:c.2592T>G	https://pubmed.ncbi.nlm.nih.gov/24389050/	
PAVS931	Neurodegenerative illness |deteriorating school performance|behavioral disturbance |crippling dystonia|death|relentless cerebral atrophy	GM2A:NM_000405.4:c.164C>T:p.P55L	https://pubmed.ncbi.nlm.nih.gov/25558065/	
PAVS932	Intellectual disability,, Attention deficit hyperactive disorder and hypotonia 	C12orf4:NM_020374:c.639_640insACAA	https://pubmed.ncbi.nlm.nih.gov/25558065/	
PAVS933	Global developmental delay, microcephaly, failure to thrive, ataxia, dysarthria and strabismus	SPG20:NM_001142294.1:c.1450dup	https://pubmed.ncbi.nlm.nih.gov/25558065/	
PAVS934	Regression of gross and fine motor development|severe dystonia| basal ganglia lesions	CYP27A1:NM_000784.3:c.1342C>T	https://pubmed.ncbi.nlm.nih.gov/25558065/	
PAVS935	Marked hypotonia | waddling gait	CLHC1:NM_001135598.1:c.779G>A	https://pubmed.ncbi.nlm.nih.gov/25558065/	
PAVS936	Global developmental delay, microcephaly, epilepsy, and brain atrophy	NPC2:NM_006432.3:c.88G>A	https://pubmed.ncbi.nlm.nih.gov/25558065/	
PAVS937	Charcot-Marie-Tooth with microcephaly, ophthalmoplegia and syndactyly	SBF1:NM_002972.2:c.1327G>A	https://pubmed.ncbi.nlm.nih.gov/25558065/	
PAVS938	Global developmental delay, epilepsy and hydrocephalus |aqueduct stenosis	ARFGEF2:NM_006420:c.656dup	https://pubmed.ncbi.nlm.nih.gov/25558065/	
PAVS939	Global developnetnal delay, epilepsy, hypotonia, hearing loss, hyperopia, and strabismus	DMBX1:NM_147192.2:c.367C>T	https://pubmed.ncbi.nlm.nih.gov/25558065/	
PAVS940	Autistic spectrum disorder| Autistic behavior HP:0000729	WDR93:NM_020212.1:c.280T>C	https://pubmed.ncbi.nlm.nih.gov/25558065/	
PAVS941	Intellectual disability, Noonan-like facies and pulmonary stenosis	ZNF526:NM_133444.1:c.479A>C	https://pubmed.ncbi.nlm.nih.gov/25558065/	
PAVS942	Neonatal death |severe brain malformation |hydranencephaly |severe cerebellar hypoplasia	WDR81:NM_001163809.1:c.845G>A	https://pubmed.ncbi.nlm.nih.gov/25558065/	
PAVS943	Global developmental delay, intractable seizures and brain atrophy	ST7:NM_021908.2:c.489T>G	https://pubmed.ncbi.nlm.nih.gov/25558065/	
PAVS944	Spastic paraplegia, failure to thrive.	EPB41L4A:NM_022140.3:c.1298C>T	https://pubmed.ncbi.nlm.nih.gov/25558065/	
PAVS945	Global developmental delay, holoprosencephaly, microcephaly, lumbosacral myelomeningocele, epilepsy, proptosis, and diabetes insipidus	MATN4:NM_030590.3:c.515G>C:p.G172A	https://pubmed.ncbi.nlm.nih.gov/25558065/	
PAVS946	Intellectual disability|Epilepsy	SEC24D:NM_014822.2:c.697G>C:p.G233R	https://pubmed.ncbi.nlm.nih.gov/25558065/	
PAVS947	Global developmental delay, primary microcephaly, lissencephaly, epilepsy	TUBA3E:NM_207312.2:c.643C>T:p.R215C	https://pubmed.ncbi.nlm.nih.gov/25558065/	
PAVS948	Intellectual disability|Microcephaly and epilepsy	PCDHB4:NM_018938.2:c.915del:p.K305Nfs*12	https://pubmed.ncbi.nlm.nih.gov/25558065/	
PAVS949	Global developmental delay, light complexion, early onset focal segmental glomerulosclerosis	NUP107:NM_020401:c.303G>A:p.M101I (splice site mutation)	https://pubmed.ncbi.nlm.nih.gov/25558065/	
PAVS950	Global developmental delay, severe dystonia and microcephaly, congenital cataract	GEMIN4:NM_015721:c.2452T>C:p.W818R	https://pubmed.ncbi.nlm.nih.gov/25558065/	
PAVS951	Global developmental delay, epilepsy and primary microcephaly	TSEN15:NM_001127394.3:c.226T>G:p.W76G	https://pubmed.ncbi.nlm.nih.gov/25558065/	
PAVS952	Global developmental delay, typical Joubert syndrome MRI findings	PDPR:NM_017990:c.1360G>T:p.G454C	https://pubmed.ncbi.nlm.nih.gov/25558065/	
PAVS953	Hereditary spastic paraplegia	DDHD2:NM_015214.2:c.1249_1891del	https://pubmed.ncbi.nlm.nih.gov/25558065/	
PAVS954	Global developmental delay, primary microcephaly and cerebellar atrophy	PNKP:NM_007254.3:c.1250_1251insAACGGGTCGCCATCGAC	https://pubmed.ncbi.nlm.nih.gov/25558065/	
PAVS955	Hydrocephalus, focal epilepsy and hemiparesis	NID1:NM_002508.2:c.3385+1G>A	https://pubmed.ncbi.nlm.nih.gov/25558065/	
PAVS956	Intellectual disability,, epilepsy and primary microcephaly	INO80:NM_017553:c.1501T > C|INO80:NM_017553:c.3737G >	https://pubmed.ncbi.nlm.nih.gov/25558065/	
PAVS957	Neonatal death due to severe primary microcephaly (virtually no brain)	SPDL1:NM_017785.4:c.1724_1747del	https://pubmed.ncbi.nlm.nih.gov/25558065/	
PAVS958	Global developmental delay, epilepsy and brain atrophy	PTPN23:NM_015466.2:c.3995G>T	https://pubmed.ncbi.nlm.nih.gov/25558065/	
PAVS959	Ptosis, sacral agenesis and history of neonatal hypotonia	RYR1:NM_000540.2:c.6617C>T	https://pubmed.ncbi.nlm.nih.gov/25558065/	
PAVS960	Neonatal death due to fetal akinesia with cerebral ischemia	FBN2:NM_001999.3:c.1064G>A	https://pubmed.ncbi.nlm.nih.gov/25558065/	
PAVS961	Global developmental delay and dysmorphic facies	TAF6:NM_001190415.1:c.323T>C	https://pubmed.ncbi.nlm.nih.gov/25558065/	
PAVS962	Global developmental delay, hearin loss and ataxia	PTRH2:NM_016077.3:c.254A>C	https://pubmed.ncbi.nlm.nih.gov/25558065/	
PAVS963	Ataxia, nystagmus, slurred speech, dysmetria, dysdiadochokinesia, slightly reduced reflexes, and cerebellar atrophy	ADCK3:NM_020247:c.1744dup	https://pubmed.ncbi.nlm.nih.gov/25558065/	
PAVS964	Global developmental delay, epilepsy, dysmorphism, hypotonia, delayed reflexes, and Ventricular septal defect.	TBCK:NM_033115:c.1708+1G>A	https://pubmed.ncbi.nlm.nih.gov/25558065/	
PAVS965	Neurodegenrative disease with blindness	ARV1:NM_022786.1:c.565G>A	https://pubmed.ncbi.nlm.nih.gov/25558065/	
PAVS966	Coarse facial features (open mouth, bilateral ptosis, and hypertelorism), scoliosis, pectus excavatum, skin laxity, hypotonia, GERD, hyperactive airways/chronic lung disease, and bilateral undescended testicles.	FAM120AOS:NM_198841.2:c.743C>T	https://pubmed.ncbi.nlm.nih.gov/25558065/	
PAVS967	Classical primary microcephaly	XIRP1:NM_194293.2:c.4495G>A	https://pubmed.ncbi.nlm.nih.gov/25558065/	
PAVS968	Severe psychomotor retardation, seizure, and cerebellar hypoplasia.	KCTD3:NM_016121.3:c.1036_1073del	https://pubmed.ncbi.nlm.nih.gov/25558065/	
PAVS969	Macrocephaly,  intellectual disability, dolichocephaly and mild obesity	FAM177A1:NM_001079519.1:c.297dup	https://pubmed.ncbi.nlm.nih.gov/25558065/	
PAVS970	Dandy-Walker malformation, hydrocephalus, flexed deformity, club feet, micrognathia, and pleural effusion.	KIAA1109:NM_015312.3:c.1557T>A	https://pubmed.ncbi.nlm.nih.gov/25558065/	
PAVS971	Global developmental delay (with intellectual disability,), and Attention deficit hyperactive disorder.	CHAF1B:NM_005441.2:c.496A>G	https://pubmed.ncbi.nlm.nih.gov/25558065/	
PAVS972	Microcephaly (<-2SD), global developmental delay with intellectual disability,, hypotonia, and MRI showed iron deposition in globus pallidus bilaterally.	MTSS1L:NM_138383.2:c.1790C>T	https://pubmed.ncbi.nlm.nih.gov/25558065/	
PAVS973	Neurodegeration, global developmental delay, failure to thrive, spastic quadriplegia, truncal hypotonia, optic atrophy, high CSF lactic ac intellectual disability, infantile death, MRI: leukoencephalopathy.	ISCA2:NM_194279.3:c.229G>A	https://pubmed.ncbi.nlm.nih.gov/25558065/	
PAVS974	Intellectual disability,, seizure, brain MRI: bilateral multiple small hyper intense regions in white matter in centrum ovale and early changes of demyelination.	MYOCD:NM_001146312.2:c.1252A>G	https://pubmed.ncbi.nlm.nih.gov/25558065/	
PAVS975	Congenital cataract, tubulopathy, and severe osteopenia.	GEMIN4:NM_015721:c.2452T>C	https://pubmed.ncbi.nlm.nih.gov/25558065/	
PAVS976	Severe psychomotor retardation, microcephaly, seizure, brain hypomyelination and callosal thinning, left orbital heamangioma, congenital cataract, central hypotonia and appendicular hypertonia, nephrocalcinosis, blaDevelopmental delayer calculi, porto-caval shunt, and epiphyseal dysplasia.	GEMIN4:NM_015721:c.2452T>C	https://pubmed.ncbi.nlm.nih.gov/25558065/	
PAVS977	Microcephaly and developmental delay in the form of speech delay. Brain MRI: hypomyelination, hypoplastic corpus callosum, and brain atrophy.	AP4M1:NM_004722.2:c.952C>T	https://pubmed.ncbi.nlm.nih.gov/25558065/	
PAVS978	Cerebellar vermis hypoplasia, Dandy-Walker Malformation, hydrocephalus, developmental delay. On examination: he has prominent occiput, prominent forehead, micrognathia, low-set ears, hypertelorism, down-slanting palpebral fissures, depressed nasal bridge, high arched palate, bifid uvula, and hypotonia. He has Ventricular septal defect but no prominent chest wall or genitourinary abnormalities.	DPH1:NM_001383.3:c.701T>C	https://pubmed.ncbi.nlm.nih.gov/25558065/	
PAVS979	"Microphthalmia|Low-set ears|Cleft palate|Hypertelorism|Short neck|Occipital encephalocele|Hydrocephalus|Dandy-Walker malformation|Cerebral hypoplasia

 




"	TMEM237:NM_001044385.2:c.869+1G>A	https://pubmed.ncbi.nlm.nih.gov/23169490/	
PAVS980	Early death|Potter-like facies|Sloping forehead|Hypertelorism|Low-set ears|Occipital encephalocele|Polycystic kidneys	EVC2:NM_147127.4:c.3870_3893dup	https://pubmed.ncbi.nlm.nih.gov/23169490/	
PAVS981	"Early death|Microcephaly|Variable prenatal growth deficiency|Sloping forehead|Occipital encephalocele|Anencephaly|Arnold-Chiari malformation|Patent ductus arteriosus|Pulmonary hypoplasia|Polycystic kidneys|Oligohydramnios

 






 


"	TMEM67:NM_153704.5:c.2306del T	https://pubmed.ncbi.nlm.nih.gov/23169490/	
PAVS982	Early death|Microcephaly|Variable prenatal growth deficiency|Occipital encephalocele|Pulmonary hypoplasia|Polycystic kidneys|Oligohydramnios	MKS1:NM_017777.3:c.1126duplA	https://pubmed.ncbi.nlm.nih.gov/23169490/	
PAVS983	Early death|Microcephaly|Sloping forehead|Occipital encephalocele|Dandy-Walker malformation|Polycystic kidneys|Polydactyly|Talipes|Oligohydramnios	CC2D2A:NM_001378615.1:c.4531T>C	https://pubmed.ncbi.nlm.nih.gov/23169490/	
PAVS984	Early death|Occipital encephalocele|Dandy-Walker malformation|Polycystic kidneys|Polydactyly|Talipes|Oligohydramnios	CEP290:NM_025114.3:c.1860_1863delAAGA	https://pubmed.ncbi.nlm.nih.gov/23169490/	
PAVS985	"Early death|Microcephaly|Variable prenatal growth deficiency|Sloping forehead|Occipital encephalocele|Polycystic kidneys|Ambiguous genitalia| Syndactyly|Polydactyly|Bowed long bones|Talipes|Oligohydramnios

"	CC2D2A:NM_001080522.2:c.4531T>C	https://pubmed.ncbi.nlm.nih.gov/23169490/	
PAVS986	Early death|Microcephaly|Sloping forehead|Occipital encephalocele|Hydrocephalus|Arnold-Chiari malformation|Polycystic kidneys| Polydactyly|Talipes|Oligohydramnios	C5orf42:NM_023073.3:c.7988_7989delGA	https://pubmed.ncbi.nlm.nih.gov/23169490/	
PAVS987	Early death|Cleft palate|Occipital encephalocele|Hydrocephalus|Patent ductus arteriosus	EXOC4:NM_021807.3:c. 1733A>G	https://pubmed.ncbi.nlm.nih.gov/23169490/	
PAVS988	Early death|Microcephaly|Sloping forehead|Occipital encephalocele|Polycystic kidneys|Polydactyly|Talipes|Oligohydramnios	MKS1:NM_017777.3:c.1126dupA	https://pubmed.ncbi.nlm.nih.gov/23169490/	
PAVS989	Intrauterine growth retardation|Imperforate anus|Jaundice|Direct hyperbilirubinemia|Elevated liver transiminases| giant cell hepatoctyes|intracellular and canicular cholestasis	UBR1:NM_174916.2:c.1440-1G>A	https://pubmed.ncbi.nlm.nih.gov/18553553/	
PAVS990	Profound bilateral congenital deafness|Prominent tip of the nose|Dysplastic ears|Bilateral type 1 microtia|Microdontia|Widely spaced teeth|Low set ears|Anterverted ears|Small teeth|Misaligned teeth|widly spaced teeth|Absent brainstem auditory responses (HP:0004463)|Persistently hyperintense cerebral white matter|Delayed mylination	FGF3:NM_005247.4:c.196G>T	https://pubmed.ncbi.nlm.nih.gov/18701883/	
PAVS991	"Bilateral congenital deafness,|Microtia, and microdontia|Prominent nasal tip|Widely spaced teeth|Small teeth|Low set ears|Anteverted ears|lobulation of ear helix|

"	FGF3:NM_005247.4:c.196G>T	https://pubmed.ncbi.nlm.nih.gov/18701883/	
PAVS992	"Bilateral congenital deafness,|Microtia, and microdontia|Prominent nasal tip|Widely spaced teeth|Small teeth|Low set ears|Anteverted ears|lobulation of ear helix|

"	FGF3:NM_005247.4:c.196G>T	https://pubmed.ncbi.nlm.nih.gov/18701883/	
PAVS993	Hypogonadism, Alopecia, Diabetes mellitus, Mental retardation, Extrapyramidal syndrome	C2orf37:NM_025000.4:c.436delC	https://pubmed.ncbi.nlm.nih.gov/19026396/	
PAVS994	Insulin resistance|Acanthosis nigricans|Elevated serum triglycerides|Decreased HDL| Fatty liver|Muscle cramps|Nuchal and axillary acanthosis nigricans, DM2, non-proliferative diabetic retinopathy, persisting fatty liver, hypercholesterolaemia, and hypertriglyceridaemia |Elevated serum creatinine kinase	POC1A:NM_015426.5:c.241C>T	https://pubmed.ncbi.nlm.nih.gov/35234134/	
PAVS995	Profound growth delay|Macrocephaly|Facial dysmorphism| Elongated triangular face, a high forehead, hypertelorism, a depressed nasal bridge, a broad upturned nose, a long philtrum, and posteriorly rotated low-set ears |Rhizomelia	POC1A:NM_015426.5:c.241C>T	https://pubmed.ncbi.nlm.nih.gov/22840364/	
PAVS996	Growth retardation|Low birth weight|facial dysmorphism|Elongated triangular face, a high forehead, hypertelorism|Depressed nasal bridge|Broad upturned nose|Long philtrum|Posteriorly rotated low-set ears |Relative macrocephaly|Rhizomelia	POC1A:NM_015426.5:c.241C>T	https://pubmed.ncbi.nlm.nih.gov/22840364/	
PAVS997	low wight |Short stature|Relative macrocephaly|Facila dysmorphism||Elongated triangular face, a high forehead, hypertelorism, a depressed nasal bridge, a broad upturned nose, a long philtrum, and posteriorly rotated low-set ears	POC1A:NM_015426.5:c.241C>T	https://pubmed.ncbi.nlm.nih.gov/22840364/	
PAVS998	Profound global developmental delay and PD|frequent vomiting |Developmental delay|Failure to thrive|High forehead|Deep-set eyes|Prominent columella|Dolichocephaly|Stubby fingers|Hypotonia|Rhizomelia	POC1A:NM_015426.5:c.241C>T	https://pubmed.ncbi.nlm.nih.gov/22840364/	
PAVS999	Low birth weight|Failure to thrive|Global developmental delay|diffuse osteopenia, strikingly hypoplastic epiphyses|Elongated triangular face, a high forehead, hypertelorism, a depressed nasal bridge|Broad nose|Upturned nose|Long philtrum|Rotated low-set ears|Osteopenia|Hypoplastic epiphysis|Short broad carpals|	POC1A:NM_015426.5:c.241C>T	https://pubmed.ncbi.nlm.nih.gov/22840364/	
PAVS1000	poor vision|focal seizures |secondary generalized tonic–clonic convulsion|impaired cognitive function|Poor verbal communication|Exaggerated deep tendon reflexes|atrophic changes in MRI |	MFSD8:NM_001371596.2:c.1398C>T	https://pubmed.ncbi.nlm.nih.gov/19277732/	
PAVS1001	poor vision|blindness| Seizures| impaired cognition| vegetative state |mild slowing of the background|sharp waves in EEG	MFSD8:NM_001371596.2:c.1398C>T	https://pubmed.ncbi.nlm.nih.gov/19277732/	
PAVS1002	Poor vision|blindness|Intractable seizures| impaired cognition| Diffuse slowing| multifocal sharp waves	MFSD8:NM_001371596.2:c.1398C>T	https://pubmed.ncbi.nlm.nih.gov/19277732/	
PAVS1003	Inability to walk|Intellectual disability,|Axial hypotonia|Spastic diplegia|Optic atrophy|Squint|Dysarthria	ATG7:NM_001349232.2:c.1535T>C	https://pubmed.ncbi.nlm.nih.gov/34161705/	
PAVS1004	Delayed walking|Intellectual disability,|Axial hypotonia|Spastic diplegia|Ataxia|Tremor|Optic atrophy|Squint|Dysarthria|Long face|Diffuse brain volume loss	ATG7:NM_001349232.2:c.1535T>C	https://pubmed.ncbi.nlm.nih.gov/34161705/	
PAVS1005	Delayed walking|Intellectual disability,|Ataxia|Tremor|Optic atrophy|Squint|Delayed speech| Cerebeller hypoplasia|Posterior atrophy of corpus collosum	ATG7:NM_001349232.2:c.1535T>C	https://pubmed.ncbi.nlm.nih.gov/34161705/	
PAVS1006	Delayed walking|Intellectual disability,|Ataxia|Tremor|Squint|Delayed speech	ATG7:NM_001349232.2:c.1535T>C	https://pubmed.ncbi.nlm.nih.gov/34161705/	
PAVS1007	Lissencephaly	MCPH1:NM_024596.3: c.1_114del, NC_000008.10:g.6264189_6266891del	https://pubmed.ncbi.nlm.nih.gov/27431290/	
PAVS1008	Lissencephaly, colpocephaly	WDR62:NM_001083961.1:c.3012_3034dup,p.(Pro1012Glnfs*64),NC_000019.9:g.36592606_36592628dup	https://pubmed.ncbi.nlm.nih.gov/27431290/	
PAVS1009	Pachygyria	WDR62:NM_001083961.1:c.193G>A,p.(Val65Met),NC_000019.9:g.36549697G>A	https://pubmed.ncbi.nlm.nih.gov/26112015/	
PAVS1010	Dysplasia and dysgenesis of the corpus callosum	NM_001011649.2:c.140delT, p.(Val47Glyfs*14) ,NC_000009.11:g.123330654delA, NM_001011649.2: c.384_2106del, p.(Lys129Phefs*22) , / NC_000009.11:123228873-123303533del	https://pubmed.ncbi.nlm.nih.gov/30214071/	https://pubmed.ncbi.nlm.nih.gov/30214071/
PAVS1011	Agenesis of corpus callosum	CDK5RAP2:NM_001011649.2:c.4005-15A>G, NC_000009.11:g.123182253T>C;CNTRL:NM_007018.4:c.586C>T,p.(Arg196*),NC_000009.11:g.123858806C>T	https://pubmed.ncbi.nlm.nih.gov/30214071/	https://pubmed.ncbi.nlm.nih.gov/30214071/
PAVS1012	Hydranencephaly	ASPM:NM_ 001206846.1:c.1138C>T,p. (Gln380*),NC_000001.10:g.197112244G>A	https://pubmed.ncbi.nlm.nih.gov/30214071/	https://pubmed.ncbi.nlm.nih.gov/30214071/
PAVS1013	Partial agenesis of the corpus callosum, hypoplastic cerebellum, colpocephaly	ASPM:NM_018136.4 :c.3506_3507del,p.Val1169Glyfs*15,NC_000001.10:g.197091609_197091610del	https://pubmed.ncbi.nlm.nih.gov/30214071/	https://pubmed.ncbi.nlm.nih.gov/30214071/
PAVS1014	Microgyria, prominent ventricular system, bilaterally malformed hippocampi, fused thalami and subarachnoid cyst	ASPM:NM_018136.4:c.3742-1G>C,NC_000001.10:g.197091174C>G	https://pubmed.ncbi.nlm.nih.gov/26112015/	
PAVS1015	Polymicrogyria	ASPM:NM_018136.4:c.5064delT,p.(Val1689Leufs*3),NC_000001.10:g.197073317delA	https://pubmed.ncbi.nlm.nih.gov/26112015/	
PAVS1016	Lissencephaly	ASPM:NM_018136.4:c.1138C>T,p.(Gln380*),NC_000001.10:g.197112244G>A	https://pubmed.ncbi.nlm.nih.gov/26112015/	
PAVS1017	Lissencephaly	ASPM:NM_018136.4:c.1952_1955del,p.(Asn653Lysfs*14),NC_000001.10:g.197108968_197108971del	https://pubmed.ncbi.nlm.nih.gov/30214071/	
PAVS1018	congenital microcephaly	ASPM:NM_018136.4:c.1138C>T,p.(Gln380*),NC_000001.10:g.197112244G>A	https://pubmed.ncbi.nlm.nih.gov/30214071/	
PAVS1019	Pachygyria	ASPM:NM_018136.4:c.1138C>T,p.(Gln380*),NC_000001.10:g.197112244G>A	https://pubmed.ncbi.nlm.nih.gov/26112015/	
PAVS1020	Lissencephaly, abnormality in the space in the meninges beneath the arachnoid membrane and above the pia matter that contains the cerebrospinal flu intellectual disability, agenesis of corpus callosum, posterior colpocephaly	ASPM:NM_018136.4:c.1952_1955del,p.(Asn653Lysfs*14),NC_000001.10:g.197108968_197108971del	https://pubmed.ncbi.nlm.nih.gov/30214071/	https://pubmed.ncbi.nlm.nih.gov/30214071/
PAVS1021	Agenesis of the corpus callosum, pachygyri	ASPM:NM_018136.4:c.1138C>T,p.(Gln380*),NC_000001.10:g.197112244G>A	https://pubmed.ncbi.nlm.nih.gov/26112015/	
PAVS1022	Partial agenesis of the corpus callosum, absent septum pellucidum, pachygyria.	STIL:NM_001048166.1:c.3552_3553del,p.(Cys1184*),NC_000001.10:g.47717122_47717123del	https://pubmed.ncbi.nlm.nih.gov/30214071/	
PAVS1023	Aplasia/hypoplasia of the cerebellum, hydrocephaly, decreased thalamic volume	MFSD2A:NM_001136493.1:c.515C>T,p.(Thr172Met),NC_000001.10:g.40431005C>T	https://pubmed.ncbi.nlm.nih.gov/30214071/	
PAVS1024	congenital microcephaly	CIT:NM_001206999.1:c.1111+1G>A,p.(Gly353_371delinsAla),NC_000012.11:g.120260623C>T	https://pubmed.ncbi.nlm.nih.gov/27503289/	
PAVS1025	Lissencephaly	CIT:NM_001206999.1:c.753+3A>T,p.(Asp221*),NC_000012.11:g.120270572T>A	https://pubmed.ncbi.nlm.nih.gov/27503289/	
PAVS1026	Agenesis of corpus callosum	CEP135:NM_025009.4:c.2722C>T,p.(Arg908*),NC_000004.11:g.56878071C>T	https://pubmed.ncbi.nlm.nih.gov/30214071/	https://pubmed.ncbi.nlm.nih.gov/30214071/
PAVS1027	Polymicrogyria , severe callosal hypogenesis with interhemispheric cyst at left aspect of the falx compressing the left cerebral hemisphere continuous with the third ventricle, mild dilation of the lateral ventricles	CEP152:NM_001194998.1 :c.95A>C,p.(Gln32Pro),NC_000015.9:g.49090241T>G,	https://pubmed.ncbi.nlm.nih.gov/30214071/	https://pubmed.ncbi.nlm.nih.gov/30214071/
PAVS1028	congenital microcephaly	CENPJ:NM_018451.4:c.125_126delAA,p.(Lys42Argfs*15),NC_000013.10:g.25487038_25487039delTT	https://pubmed.ncbi.nlm.nih.gov/30214071/	https://pubmed.ncbi.nlm.nih.gov/30214071/
PAVS1029	congenital microcephaly	CENPJ:NM_018451.4:c.133C>T,p.(Arg45*),NC_000013.10:g.25487031G>A	https://pubmed.ncbi.nlm.nih.gov/27431290/	
PAVS1030	Lissencephaly, agenesis of the corpus callosum, hypoplasia of the cerebellum	CENPJ:NM_018451.4:c.43_44del,p.(Asn15Leufs*42),NC_000013.10:g.25487120_25487121del	https://pubmed.ncbi.nlm.nih.gov/30214071/	https://pubmed.ncbi.nlm.nih.gov/30214071/
PAVS1031	congenital microcephaly	CENPJ:NM_018451.4:c.3302-1G>C ,NC_000013.10:g.25459809C>G	https://pubmed.ncbi.nlm.nih.gov/20522431/	
PAVS1032	Lissencephaly	RNU4ATAC : NC_000002.11:g.122288510G>A: NR_023343.1:n.55G>A, NC_000002.11:g.122288571A>T : NR_023343.1:n.116A>T	https://pubmed.ncbi.nlm.nih.gov/30214071/	
PAVS1033	congenital microcephaly	PCNT:NM_006031.5:c.2374C>T,p.(Arg792*),NC_000021.8:g.47783614C>T	https://pubmed.ncbi.nlm.nih.gov/30214071/	
PAVS1034	congenital microcephaly	PCNT:NM_006031.5:c.1519C>T,p.(Arg507*),NC_000021.8:g.47773080C>T;NM_006031.5:c.8014G>T, p.(Glu2672*),NC_000021.8:g.47850521G>T	https://pubmed.ncbi.nlm.nih.gov/30214071/	
PAVS1035	congenital microcephaly	PCNT:NM_006031.5:c.5767C>T,p.(Arg1923*),NC_000021.8:g.47831754C>T	https://pubmed.ncbi.nlm.nih.gov/30214071/	
PAVS1036	congenital microcephaly	PCNT:NM_ 006031.5, :c.5767C>T ,p.(Arg1923*) ,NC_000021.8:g.47831754C>T	https://pubmed.ncbi.nlm.nih.gov/30214071/	
PAVS1037	congenital microcephaly	PCNT:NM_006031.5:c.2812C>T,p.(Gln938*),NC_000021.8:g.47786701C>T	https://pubmed.ncbi.nlm.nih.gov/30214071/	
PAVS1038	congenital microcephaly	PCNT:NM_006031.5:c.4655C>A,p.(Ser1552*),NC_000021.8:g.47819574C>A	https://pubmed.ncbi.nlm.nih.gov/30214071/	
PAVS1039	congenital microcephaly	AARS:NM_001605.2:c.2873T>C,p.(Phe958Ser),NC_000016.9:g.70286658A>G	https://pubmed.ncbi.nlm.nih.gov/30214071/	
PAVS1040	Hypomyelination, foreshortened corpus callosum on its long axis with thinning at the level of the posterior body and splenium, the gyri patterns especially in the frontal and temporal lobes are disordered with possibly underlying malformation of cortical development	BRCA2:NM_000059.3:c.7007G>A,p.(Arg2336His),NC_000013.10:g.32921033G>A	https://pubmed.ncbi.nlm.nih.gov/30214071/	
PAVS1041	congenital microcephaly	PLK4 :NM_ 014264.4:c.1299-1303delTAAAG,p.(Phe433Leufs*6) ,NC_000004.11:g.128806521delTAAAG	https://pubmed.ncbi.nlm.nih.gov/25320347/	
PAVS1042	hypoplasic corpus collosum, Cerebellar vermis hypoplasia	DDX11 :NM_152438.1:c.2633dupG,p.(Ser878Argfs*83),NC_000012.11:g.31256612dupG	https://pubmed.ncbi.nlm.nih.gov/30214071/	
PAVS1043	Brain atrophy	DDX11:NM_004399.2:c.2426T>G,p.(Val809Gly),NC_000012.11:g.31256550T>G	https://pubmed.ncbi.nlm.nih.gov/30214071/	
PAVS1044	congenital microcephaly	RTTN:NM_173630.3:c.5746-20A>G,p.(1917_1942del),NC_000018.9:g.67696057T>C	https://pubmed.ncbi.nlm.nih.gov/30214071/	
PAVS1045	Lissencephaly, hypoplasia of the corpus callosum	RTTN:NM_173630.3:c.3190A>C,p.(Lys1064Gln),NC_000018.9:g.67794931T>G	https://pubmed.ncbi.nlm.nih.gov/26608784/	
PAVS1046	Delayed myelination in the frontal and temporal lobes	RTTN:NM_173630.3:c.764G>A,p. (Cys255Tyr) ,NC_000018.9:g.67863814C>T	https://pubmed.ncbi.nlm.nih.gov/30214071/	
PAVS1047	Lissencephaly, lateral ventricular asymmetry	ASNS:NM_133436.3: c.1193A>G ,p.(Tyr398Cys) ,NC_000007.13:g.97483937T>C	https://pubmed.ncbi.nlm.nih.gov/30214071/	
PAVS1048	Severe cerebral and cerebellar atrophy with remarkable loss of the hemispheric white matter	ASNS:NM_133436.3:c. 224A>T ,p.(Asn75Ile),NC_000007.13:g.97498245T>A	https://pubmed.ncbi.nlm.nih.gov/30214071/	
PAVS1049	Brain atrophy, atrophy of the frontal cortex, lissencephaly	ASNS:NM_001178076.1:c. 962G>A,p.(Arg321His) ,NC_000007.13:g.97483919C>T	PMID: 27711071	
PAVS1050	congenital microcephaly	ASNS:NM_133436.3: c.1193A>G ,p.(Tyr398Cys) ,NC_000007.13:g.97483937T>C	https://pubmed.ncbi.nlm.nih.gov/30214071/	
PAVS1051	Cerebral atrophy, lissencephaly	ASNS:NM_001673.4:c.1219C>T,p.(Arg407*) homozygous,NC_000007.13:g.97483911G>A	PMID: 27422383	
PAVS1052	Dysgenesis of corpus callosum, brain atrophy	ASNS:NM_133436.3:c.1137+1G>A,NC_000007.13:g.97484664C>T	https://pubmed.ncbi.nlm.nih.gov/30214071/	
PAVS1053	Lissencephaly, hypoplastic cerebellum, hypoplastic brain stem	ASNS:NM_133436.2:c.1354T>A,p.(Phe452Ile),NC_000007.13:g.97482494A>T	https://pubmed.ncbi.nlm.nih.gov/30214071/	
PAVS1054	Prominent ventricles with prominent subconvexity CSF spaces mainly related to the frontal lobe with global prominent cortical sulci, with mild brain atrophy	ASNS:NM_133436.2:c.28A>C,p.(Ser10Arg),NC_000007.13:g.97498441T>G	https://pubmed.ncbi.nlm.nih.gov/30214071/	
PAVS1055	Lissencephaly, agenesis of the corpus callosum, colpocephaly	NDE1:NM_017668.2 :c.775del ,p.(Asp259Thrfs*99),NC_000016.9:g.15788093del	PMID: 21529751	
PAVS1056	Agenesis of the corpus callosum, colpocephaly, small sized frontal horns, deficient cingulated gyrus, Kinking of the cervicomedullary junction and sparse white matter in the parieto-occipital regions	NDE1:NM_017668.2:c.658C>T,p.(Arg220*),NC_000016.9:g.15785135C>T	https://pubmed.ncbi.nlm.nih.gov/30214071/	
PAVS1057	Partial agenesis of corpus callosum, diffuse supratentorial brain abnormality	NDE1:NM_017668.2:c.658C>T,p.(Arg220*),NC_000016.9:g.15785135C>T	https://pubmed.ncbi.nlm.nih.gov/30214071/	
PAVS1058	Corpus Callosum dysgenesis, colpocephaly and pachgyrrai with prominant CSF spaces	NDE1:NM_017668.2:c.658C>T,p.(Arg220*),NC_000016.9:g.15785135C>T	https://pubmed.ncbi.nlm.nih.gov/30214071/	
PAVS1059	Pachygyri, abnormal cortical gyration, absence of corpus callosum	NDE1:NM_017668.2:c.658C>T,p.(Arg220*),NC_000016.9:g.15785135C>T	https://pubmed.ncbi.nlm.nih.gov/30214071/	
PAVS1060	Pachygyria and partially agenetic corpus callosum	NDE1:NM_017668.2:c.658C>T,p.(Arg220*),NC_000016.9:g.15785135C>T	https://pubmed.ncbi.nlm.nih.gov/30214071/	
PAVS1061	Absent/hypoplastic corpus callosum, pontine hypoplasia	PQBP1:NM_001032381.1:c.209_210delCA,p.(Thr70Argfs*10),NC_000023.10:g.48759236_48759237del	https://pubmed.ncbi.nlm.nih.gov/30214071/	
PAVS1062	Cerebellar hypoplasia, hypoplasia of the pons	TSEN15:NM_001127394.2:c.226T>G,p.(Trp76Gly),NC_000001.10:g.184023870T>G	PMID: 25558065	
PAVS1063	congenital microcephaly	DONSON:NM_ 017613.3 :c.786-22A>G ,NC_000021.8:g.34955994T>C	PMID: 28191891	
PAVS1064	Diffuse subcortical hypodensity	DONSON:NM_ 017613.3 :c.786-22A>G ,NC_000021.8:g.34955994T>C	PMID: 28191891	
PAVS1065	congenital microcephaly	DONSON:NM_ 017613.3 :c.786-22A>G ,NC_000021.8:g.34955994T>C	PMID: 28191891	
PAVS1066	congenital microcephaly	DONSON:NM_ 017613.3:c.786-22A>G,NC_000021.8:g.34955994T>C	PMID: 28191891	
PAVS1067	congenital microcephaly	DONSON:NM_ 017613.3 :c.786-22A>G,NC_000021.8:g.34955994T>C	PMID: 28191891	
PAVS1068	congenital microcephaly	PHGDH: N NM_006623.3: c.418G>A: p. (Gly140Arg ), C_000001.10:g.120269633G>A:	PMID: 24836451	
PAVS1069	congenital microcephaly	PHGDH: N NM_006623.3: c.418G>A: p. (Gly140Arg ), C_000001.10:g.120269633G>A:	PMID: 24836451	
PAVS1070	congenital microcephaly	PHGDH: N NM_006623.3: c.418G>A: p. (Gly140Arg ), C_000001.10:g.120269633G>A:	PMID: 26960553	
PAVS1071	Atrophic and small brain with significant ventriculomegaly	PHGDH: NM_006623.3:c.488G>A, p. (Arg163Gln), NC_000001.10:g.120269703G>A	PMID: 24836451	
PAVS1072	congenital microcephaly	PSAT1: NM_058179.3: c.296C>T ; p. (Ala99Val ), NC_000009.11:g.80919755C>T	PMID: 26960553	
PAVS1073	Lissenencephaly, hypoplasia of the cerebellum, agenesis of corpus callosum	TUBA1A:NM_006009.3:c.596A>G,p.(Asp199Gly),NC_000012.11:g.49579553T>C	https://pubmed.ncbi.nlm.nih.gov/30214071/	
PAVS1074	Lissencephaly	OCLN:NM_002538.3:c.514dup,p.(Tyr172Leufs*104),NC_000005.9:g.68805431dup	https://pubmed.ncbi.nlm.nih.gov/30214071/	
PAVS1075	Significant cerebellar atrophy	PNKP:NM_007254.3:c.1253_1269dup,p.(Thr424Glyfs*49),NC_000019.9:g.50365058_50365074dup	PMID: 27431290	
PAVS1076	Lissencephaly, shallow sulci, colpocephaly	KATNB1:NM_005886.2:c.97G>T,p.(Gly33Trp),NC_000016.9:g.57775655G>T	PMID: 25521379	
PAVS1077	Foreshortening of the corpus callosum at the level of the splenium with intact integrit , abnormal parenchymal signal intensity in the parietal periventricular regions, bilaterally	EP300:NM_001429.3:c.1092C>A,p.(Cys364*),NC_000022.10:g.41523676C>A	PMID: 26112015	
PAVS1078	Occipital meningocele, agenesis of the corpus collosum, hypoplastic cerebellum, vermis hypoplasia	SLC25A19:NM_001126122.1:c.505G>A,p.(Glu169Lys),NC_000017.10:g.73274371C>T	PMID: 27431290	
PAVS1079	Pachygyria, Dandy Walker malformation	VRK1:NM_003384.2:c.236C>T,p.(Pro79Leu),NC_000014.8:g.97312451C>T	PMID: 27431290	
PAVS1080	congenital microcephaly	BLM:NM_000057.2 :c.3379C>T,p.(Gln1127*) ,NC_000015.9:g.91346771C>T	https://pubmed.ncbi.nlm.nih.gov/30214071/	
PAVS1081	congenital microcephaly	ERCC4:NM_005236.2:c.909T>G,p.(Cys303Trp),NC_000016.9:g.14024683T>G	https://pubmed.ncbi.nlm.nih.gov/30214071/	
PAVS1082	congenital microcephaly	FOXG1:NM_005249.4:c.689G>T,p.(Arg230Leu),NC_000014.8:g.29237174G>T	https://pubmed.ncbi.nlm.nih.gov/30214071/	
PAVS1083	congenital microcephaly	NSUN2:NM_001193455.1:c.1373delA,p.(Asn458Ilefs*18),NC_000005.9:g.6607343delT	https://pubmed.ncbi.nlm.nih.gov/30214071/	
PAVS1084	congenital microcephaly	SBF1:NM_002972.2:c.2570-1G>T, p. (Ile 858Alafs*33 ), NC_000022.10:g.50900299C>A	https://pubmed.ncbi.nlm.nih.gov/30214071/	
PAVS1085	Diffuse brain atrophy, diffuse thinning of the corpus callosum with preserved integitiy	RARS:NM_002887.3:c.104T>G,p.(Leu35*),NC_000005.9:g.167915665T>G	https://pubmed.ncbi.nlm.nih.gov/30214071/	
PAVS1086	Severe cerebral and cerebellar atrophy with remarkable loss of the hemispheric white matter and thinning of the corpus callosum	ALDH6A1:NM_005589.3:c.1402C>T,p.(Gln468*),NC_000014.8:g.74531886G>A	https://pubmed.ncbi.nlm.nih.gov/30214071/	
PAVS1087	Intellectual disabilities| primary microcephaly|Colobomatous microphthalmia|SaDevelopmental delayle nose|Large ears|Scaphocephaly|Increased deep tendon reflexes|Elevated 3-hydroxybutyric acid.	INO80:NM_017553.1:c.1501T>C,p.(Ser501Pro),NC_000015.9:g.41364151A>G	PMID: 25558065 , PMID: 27431290	
PAVS1088	"Microcephalic primordial dwarfism|Sloping forehead|large nose|large ears|High
arched palate|Calcaneovalgus deformity



"	YARS:NM_003680.3:c.789C>A,p.(Phe263Leu),NC_000001.10:g.33252572G>T	https://pubmed.ncbi.nlm.nih.gov/30214071/	
PAVS1089	"Dysplasia of corpus callosum|Dysplasia of cerebellar vermis and cerebellar tonsils|Cerebellar asymmetry|Lissencephaly| Delayed myelination|Unilateral cryptorchidism|Seborrheic eczema|Microcephaly|Retrognathia|Prominent nose|sparse scalp hair|Small anterior fontanel|Prominent eyes|Short neck|Micropenis|Unilateral transverse palmar crease|Metopic ridge|High palate|Short limbs



"	FRMD4A:NM_018027.4:c.3077_3078insCATTCT,p.(Ile1025_Leu1026dup),NC_000010.10:g.13693947_13693948insAGAATG	https://pubmed.ncbi.nlm.nih.gov/30214071/	
PAVS1090	Bradycardia|Desaturation|Severe respiratory failure|vomiting|Gastroesophageal reflux disease|Laryngomalacia, atrial septal defect (ASD)| Inguinal hernia and G6PD|Global developmental delay|Intractable seizures|Transient neutropenia|Autoimmune thrombocytopenia|Diffuse cerebral and cerebellar atrophy|Progressive widening|Prominence of the ventricular system and |Diffuse volume loss of the brain parenchyma|Prominence of the cerebellar folia|Diffuse thinning of the corpus callosum	THG1L:NM_017872.3:c.881T>C,p.(Leu294Pro),NC_000005.9:g.157166474T>C	https://pubmed.ncbi.nlm.nih.gov/30214071/	
PAVS1091	Normal architecture but small size of the brain	PHC1: NM_004426.2:c.2974C>T,p.(Leu992Phe),NC_000012.11:g.9092014C>T	PMID: 23418308	
PAVS1092	congenital microcephaly	DNA2:NM_001080449.2:c.3114+6delC,NC_000010.10:g.70176460delG	PMID: 24389050	
PAVS1093	Agenesis of corpus callosum	CTU2:: NM_001012762.1 c.873G>A p. (=), NC_000016.9:g.88779855G>A	PMID: 26633546	
PAVS1094	Lissencephaly, diffuse white matter hyperintensity, hypoplasia of corpus callosum, prominent subarachnoid spaces and ventricular system, small-sized posterior fossa	CTU2:NM_001012762.1 c.873G>A p. (=), NC_000016.9:g.88779855G>A	PMID: 26633546	
PAVS1095	congenital microcephaly	CTU2: NM_001012762.1 c.873G>A p. (=), NC_000016.9:g.88779855G>A	PMID: 26633546	
PAVS1096	Pachygyria and dysgenesis of corpus callosum	CTU2:NM_001012762.1 c.873G>A p. (=), NC_000016.9:g.88779855G>A	PMID: 27480277	
PAVS1097	Intractable seizures|Inferior vermis hypoplasia, Dandy-walker anomaly, lissencephaly, cerebellar hypoplasia/atrophy, agenesis of the midbrain, enlarged sylvian fissure, decreased thalamic volume, T2 hypointense 	BPTF:NM_004459.6:c.5797A>G,p.(Thr1933Ala),NC_000017.10:g.65914945A>G	https://pubmed.ncbi.nlm.nih.gov/30214071/	
PAVS1098	Congenital microcephaly|Failure to thrive|microcytic anemia|Elevated erythrocyte sedimentation rate|Occult blood in the stool|Lymphocytic colitis|Developmental delay|speech delay|Bulbous nose|Thin lips|Micrognathia.	MAP1B:NM_005909.3:c.803G>A,p.(Gly268Glu),NC_000005.9:g.71489985G>A	https://pubmed.ncbi.nlm.nih.gov/30214071/	
PAVS1099	Microcephalic primordial dwarfism|Low set ears|Contractures of lower limbs|Submucosal cleft palate|Ambiguous genitalia|Hypopigmentation of the skin and optic disk coloboma|Patent ductus arteriosus|Epilepsy|Pulmonary hemorrhage.  Hypoplasia of the cerebellum|CFS collection in the retro-cerebellar region|pachygyria|Bilateral demyelinated supratentorial white matter, small cerebellum with widened vallecula and large retro-cerebellar CSF fluid collection| Dandy Walker syndrome	CCNH :NM_001239.3:c.428T>A,p.(Ile143Lys),NC_000005.9:g.86703890A>T	https://pubmed.ncbi.nlm.nih.gov/30214071/	
PAVS1100	Microcephaly|congenital heart disease|Renal abnormality|Intractable seizures|Atrial septal defect|Patent ductus arteriosus|Single kidney|Demyelintion, periventricular leukomalacia, metopic synostosis	PPFIBP1:NM_001198915.1:c.960_961del,p.(Glu320Aspfs*3),NC_000012.11:g.27826748_27826749del	https://pubmed.ncbi.nlm.nih.gov/30214071/	
PAVS1101	Global developmental delay, Neonatal hypotonia, Feeding difficulties, Abnormality of the cerebral white matter	ADGRG1:NM_001145771.1:c.1000C>T	https://pubmed.ncbi.nlm.nih.gov/28940097/	
PAVS1102	Global developmental delay, Neonatal hypotonia, Seizures, Hyporeflexia, Feeding difficulties, CNS hypomyelination, Dilatation of the renal pelvis	ADK:NM_006721.3:c.813dup	https://pubmed.ncbi.nlm.nih.gov/28940097/	
PAVS1103	Failure to thrive, Speech delay and language development, Microcephaly, Short stature, Anteriorly placed anus, Abnormal facial shape, Intrauterine growth retardation	ANKHD1:NM_017747.2:c.7365dup	https://pubmed.ncbi.nlm.nih.gov/28940097/	
PAVS1104	Intellectual disability,, Seizures, Aggressive behavior, Agenesis of corpus callosum, Colpocephaly, Spina bifida, Short stature, Obesity, Hypertelorism, Depressed nasal bridge, Ectopic kidney, Hydronephrosis, Bicornuate uterus	ARID1B:NM_017519.2:c.5911G>T	https://pubmed.ncbi.nlm.nih.gov/28940097/	
PAVS1105	Abnormal facial shape, hypospadias, chordee, Global developmental delay, Depressed nasal bridge, Frontal bossing, Abnormality of the frontal hairline, Microtia, Anteverted nares, Café au lait spot	ASTN2:NM_014010.4:c.892G>C	https://pubmed.ncbi.nlm.nih.gov/28940097/	
PAVS1106	Intellectual disability,, Attention deficit hyperactivity disorder, Recurrent respiratory infections, Downslanted palpebral fissures, Prominent nose, Hyperplasia of the maxilla, Abnormality of the fingernails	ATP13A1:NM_020410.2:c.1045G>A	https://pubmed.ncbi.nlm.nih.gov/28940097/	
PAVS1107	Global developmental delay, Hypotonia, Hyporeflexia	ATP8A2:NM_016529.4:c.2600A>C	https://pubmed.ncbi.nlm.nih.gov/28940097/	
PAVS1108	Global developmental delay, Hypotonia, Hyporeflexia, Choreoathetosis, Generalized muscle weakness	ATP8A2:NM_016529.4:c.322-1G>T	https://pubmed.ncbi.nlm.nih.gov/28940097/	
PAVS1109	Intellectual disability,, Hip dysplasia, Prominent forehead, Retrognathia, Abnormal facial shape, Strabismus	CDH15:NM_004933.2:c.2151+1G>A	https://pubmed.ncbi.nlm.nih.gov/28940097/	
PAVS1110	Global developmental delay, Cleft palate, Recurrent aspiration pneumonia, Hypertelorism, Triphalangeal thumb, Prominent fingertip pads	CREBBP:NM_001079846.1:c.4378C>T	https://pubmed.ncbi.nlm.nih.gov/28940097/	
PAVS1111	Global developmental delay, Hirsutism, Abnormality of the Pinna, Overlapping toes, Abnormality of the columella, Brain atrophy	CREBBP:NM_004380.2:c.881dup	https://pubmed.ncbi.nlm.nih.gov/28940097/	
PAVS1112	Global developmental delay, Neonatal hypotonia, Feeding Difficulties, Hypocortisolemia, Seizures, Hypertonia, Hyperreflexia, Hypothyroidism	DDHD2:NM_015214.2:c.1891+2dup	https://pubmed.ncbi.nlm.nih.gov/28940097/	
PAVS1113	Global developmental delay, Micrognathia, 4-5 finger syndactyly, Rocker bottom foot, Bowing of the legs, Prominent occiput, Short sternum	DHCR7:NM_001163817.1:c.778C>T	https://pubmed.ncbi.nlm.nih.gov/28940097/	
PAVS1114	Delayed fine motor development, Expressive language delay, Clinodactyly	DNAH14:NM_001373.1c.9808C>T	https://pubmed.ncbi.nlm.nih.gov/28940097/	
PAVS1115	Intellectual disability,, severe, Autism, Motor delay, Absent speech, Abnormal facial shape	EHMT1:NM_024757.4:c.2968C>T	https://pubmed.ncbi.nlm.nih.gov/28940097/	
PAVS1116	Global developmental delay, Microcephaly, Severe photosensitivity, Congenital cataract	ERCC8:NM_000082.3:c.427del	https://pubmed.ncbi.nlm.nih.gov/28940097/	
PAVS1117	Ectopia lentis, Myopia, High, narrow palate, Arachnodactyly, Abnormality of the mitral valve, Mitral regurgitation, Tall stature, weight	FBN1:NM_000138.4:c.2626_2634del	https://pubmed.ncbi.nlm.nih.gov/28940097/	
PAVS1118	Intellectual disability,, Microcephaly, Sloping forehead, Prominent nose, Pachygyria, Hypoplasia of the corpus callosum, Lobar holoprosencephaly, Arnold-Chiari type I malformation	FMN2:NM_020066.4:c.3335delC	https://pubmed.ncbi.nlm.nih.gov/28940097/	
PAVS1119	Abnormal CNS myelination, Peripheral axonal neuropathy, Abnormality of the foot, Scoliosis, Drooling, Ulnar claw, Microcephaly, Areflexia, Intellectual disability,	FMO4:NM_002022.1:c.83C>A	https://pubmed.ncbi.nlm.nih.gov/28940097/	
PAVS1120	Developmental regression, Seizures, Ulnar deviation of the hand, Hyperreflexia, Strabismus, Leukodystrophy	GJC2:NM_020435.3:c.755A>G	https://pubmed.ncbi.nlm.nih.gov/28940097/	
PAVS1121	Profound global developmental delay, Strabismus, Blindness, Seizures, Dysphagia, Developmental regression, Recurrent respiratory infections, Microcephaly, Hypotonia, Hypsarrhythmia, Abnormal thalamic size	GLRX5:NM_016417.2:c.197A>C	https://pubmed.ncbi.nlm.nih.gov/28940097/	
PAVS1122	Failure to thrive, Microcephaly, Facial asymmetry, Narrow forehead, Epicanthus, Upslanted palpebral fissure, Bulbous nose, Full cheeks	GTF3C3:NM_012086.4:c.1382+3A>G	https://pubmed.ncbi.nlm.nih.gov/28940097/	
PAVS1123	Global developmental delay, Autism, Epicanthus, Downslanted palpebral fissures, Microtia, Short neck, Abnormal facial shape	IRX5:NM_005853.5:c.805dup:(p.(Arg269Profs*187)	https://pubmed.ncbi.nlm.nih.gov/28940097/	
PAVS1124	Aplasia/Hypoplasia of the retina, Occipital encephalocele	LAMA1:NM_005559.3:c.7437dup	https://pubmed.ncbi.nlm.nih.gov/28940097/	
PAVS1125	Global developmental delay, Neonatal hypotonia, Nephrotic syndrome, Plagiocephaly, Open bite, Scoliosis, Cafe-au-lait spot, Areflexia	LAMA2:NM_000426.3:c.2096G>T	https://pubmed.ncbi.nlm.nih.gov/28940097/	
PAVS1126	Microphthalmia, Microcornea, Nephrotic syndrome, Pulmonary hypoplasia, Renal dysplasia, Depressed nasal bridge, Facial asymmetry, Abnormal facial shape, Bilateral talipes equinovarus	LAMB2:NM_002292.3:c.4276dupG	https://pubmed.ncbi.nlm.nih.gov/28940097/	
PAVS1127	Expressive language delay, Autism, Poor eye contact	MADD:NM_001135943.1:c.593G>A	https://pubmed.ncbi.nlm.nih.gov/28940097/	
PAVS1128	Global developmental delay, Failure to thrive, Poor eye contact	MADD:NM_001135943.1:c.2930T>G	https://pubmed.ncbi.nlm.nih.gov/28940097/	
PAVS1129	Intellectual disability,, Oligodactyly, Aplasia cutis congenita, Posteriorly rotated ears, Prominent nose, Micrognathia	METTL5:NM_014168.2:c.224+1G>A	https://pubmed.ncbi.nlm.nih.gov/28940097/	
PAVS1130	Intellectual disability,, Short stature, Abnormal facial shape, Abnormal heart morphology, Abnormality of the genitourinary system	MFSD11:NM_001242532.1:c.143G>C	https://pubmed.ncbi.nlm.nih.gov/28940097/	
PAVS1131	Developmental regression, Seizures, Hypertonia, Hyporeflexia, Abnormal facial shape	MFSD8:NM_152778.2:c.1354_1369del	https://pubmed.ncbi.nlm.nih.gov/28940097/	
PAVS1132	Intellectual disability,, Seizures, Attention deficit hyperactivity disorder	MICU1:NM_001195518.1:c.547C>T	https://pubmed.ncbi.nlm.nih.gov/28940097/	
PAVS1133	Seizures, Developmental regression, Dystonia, Ataxia	NAXE:NM_144772.2:c.262G>T	https://pubmed.ncbi.nlm.nih.gov/28940097/	
PAVS1134	Intellectual disability,, Tip-toe gait, Speech delay and language development, Attention deficit hyperactivity disorder, Hypertelorism, Macrocephaly, Tall stature	NCKAP1:NM_205842.2:c.3298G>T	https://pubmed.ncbi.nlm.nih.gov/28940097/	
PAVS1135	Global developmental delay, Congenital laryngeal stridor, Hypertonia, Neonatal respiratory distress, Abnormal facial shape, Small anterior fontanelle, Recurrent respiratory infections, Hypertelorism, Hypotonia, Wide nasal bridge, Micrognathia, Glossoptosis, Hyperextensibility of the finger joints, 11 pairs of ribs	NFASC:NM_001160331.1:c.1109G>C	https://pubmed.ncbi.nlm.nih.gov/28940097/	
PAVS1136	Intellectual disability,, Strabismus, CNS hypomyelination, Scoliosis	NKX6-2:NM_177400.2:c.196delC	https://pubmed.ncbi.nlm.nih.gov/28940097/	
PAVS1137	Congenital cataract, Nephrocalcinosis, Global developmental delay, Sparse hair, Fair hair, Microphthalmia, Hypotonia, Hyperreflexia	OCRL:NM_000276.3:c.2479C>T	https://pubmed.ncbi.nlm.nih.gov/28940097/	
PAVS1138	Intellectual disability,, Abnormal facial shape, Bicuspid aortic valve, Cleft upper lip, Inguinal hernia, Recurrent otitis media, Microcephaly, Brachycephaly, Anteverted ears, Bulbous nose, Long philtrum, Thin upper lip vermilion, Downturned corners of mouth, Synophrys, Pes planus, Arachnoid cyst	PCDHGA10:NM_018913.2:c.823G>A	https://pubmed.ncbi.nlm.nih.gov/28940097/	
PAVS1139	Global developmental delay, Congenital microcephaly, Infantile spasms, Anteverted ears, Thin upper lip vermilion, Hyperreflexia	PCDHGA10:NM_032090.1:c.2477dupA	https://pubmed.ncbi.nlm.nih.gov/28940097/	
PAVS1140	Attention deficit hyperactivity disorder, Microcephaly, Autism, Sloping forehead, Brittle hair, Esotropia, Failure to thrive	PCNT:NM_006031.5:c.1879G>C	https://pubmed.ncbi.nlm.nih.gov/28940097/	
PAVS1141	Intellectual disability,, Neonatal hypotonia, Camptodactyly, Vesicoureteral reflux, Recurrent urinary tract infections, Abnormality of the ureter, Joint laxity	PHIP:NM_017934.5:c.577C>T	https://pubmed.ncbi.nlm.nih.gov/28940097/	
PAVS1142	Severe global developmental delay, Neonatal respiratory distress, Dilatation of lateral ventricles, Hypotonia, Generalized muscle weakness, Recurrent respiratory infections, Abnormal facial shape, Wide nasal bridge, Upslanted palpebral fissures, Coarse facial features, Generalized hirsutism, Low-set, posteriorly rotated ears, Thick lower lip vermilion, High, narrow palate, Hepatomegaly, Myopia, Rotatory Nystagmus, Areflexia, Abnormal CNS myelination, Cavum septum pellucidum, Enlarged cisterna magna	PPP1R21:NM_001135629.2:c.2089C>T	https://pubmed.ncbi.nlm.nih.gov/28940097/	
PAVS1143	Global developmental delay, Intrauterine growth retardation , Hypospadias, Cryptorchidism, Central sleep apnea, Epicanthus inversus, Underdeveloped nasal alae, Hypotelorism, Scoliosis	PPP2R1A:NM_014225.4:c.190G>A	https://pubmed.ncbi.nlm.nih.gov/28940097/	
PAVS1144	Global developmental delay, Seizures, Macrocephaly, Prominent forehead, Generalized hypotonia, Downslanted palpebral fissures, Epicanthus, Anteverted nares, Cafe-au-lait spot	PPP2R5D:NM_180977.2:c.274G>A	https://pubmed.ncbi.nlm.nih.gov/28940097/	
PAVS1145	Intellectual disability,, Hypotonia, Microcephaly, Brachydactyly	PRMT7:NM_019023.2:c.190C>T	https://pubmed.ncbi.nlm.nih.gov/28940097/	
PAVS1146	Profound global developmental delay, Lissencephaly, Cerebellar hypoplasia, Congenital glaucoma, Neonatal hypotonia, Hypertelorism, Bulbous nose, Spasticity	RELN:NM_005045.3:c.3711+2T>C	https://pubmed.ncbi.nlm.nih.gov/28940097/	
PAVS1147	Hypotonia, Hyporeflexia, Central hypotonia, Neonatal respiratory distress	RFT1:NM_052859.3:c.1154A>G	https://pubmed.ncbi.nlm.nih.gov/28940097/	
PAVS1148	Seizures, Developmental regression, Hyporeflexia	SCN1A:NM_001165963.1:c.437C>A	https://pubmed.ncbi.nlm.nih.gov/28940097/	
PAVS1149	Intellectual disability,, Postaxial hand polydactyly, Microcephaly, Osteopenia, Short palpebral fissure, Aortic dilatation	SETD5:NM_001080517.1:c.892_907del	https://pubmed.ncbi.nlm.nih.gov/28940097/	
PAVS1150	Nystagmus, Intellectual disability,, Attention deficit hyperactivity disorder, Thick corpus callosum, Cerebellar atrophy	SETD5:NM_001080517.1:c.2476+1G>A	https://pubmed.ncbi.nlm.nih.gov/28940097/	
PAVS1151	Global developmental delay, Failure to thrive, Central hypotonia, Microcephaly, Neonatal respiratory distress, Recurrent aspiration pneumonia, Osteopenia	SLC12A2:NM_001046.2:c.2617-2A>G	https://pubmed.ncbi.nlm.nih.gov/28940097/	
PAVS1152	Global developmental delay, Failure to thrive, Recurrent respiratory infections, Hydrocephalus, Cutis laxa, Joint hyperextensibility, Hepatomegaly, Hypotonia, Generalized muscle weakness, Strabismus, Oculomotor apraxia, Ventriculomegaly	SLK:NM_014720.2:c.1414G>T	https://pubmed.ncbi.nlm.nih.gov/28940097/	
PAVS1153	Intellectual disability,, Expressive language delay	SPG20:NM_001142294.1:c.988A>G	https://pubmed.ncbi.nlm.nih.gov/28940097/	
PAVS1154	Failure to thrive, Intellectual disability,, Dysarthria, Abnormality of the teeth, Hyperreflexia, Metatarsus aDevelopmental delayuctus, Gait Ataxia	SPG20:NM_001142294.1:c.988A>G	https://pubmed.ncbi.nlm.nih.gov/28940097/	
PAVS1155	Recurrent respiratory infections, Hip dysplasia, Intellectual disability,, Bulbous nose, Thin upper lip vermilion, Drooling, Few cafe-au-lait spots, Microcephaly, Failure to thrive	SPG20:NM_001142294.1:c.988A>G	https://pubmed.ncbi.nlm.nih.gov/28940097/	
PAVS1156	Seizures, Gastroesophageal reflux disease, Dysphasia, Microcephaly, Spasticity, Hypoplasia of the corpus callosum	SPG20:NM_001142294.1:c.988A>G	https://pubmed.ncbi.nlm.nih.gov/28940097/	
PAVS1157	Global developmental delay, Hypotonia, Dysphasia, Recurrent respiratory infections, Blue sclerae, Hyporeflexia, Failure to thrive	SPTBN4:NM_020971.2:c.3394del	https://pubmed.ncbi.nlm.nih.gov/28940097/	
PAVS1158	Intellectual disability,, Attention deficit hyperactivity disorder, Failure to thrive, Microcephaly, Abnormal facial shape, Partial agenesis of corpus callosum, Holoprosencephaly, Pachygyria, Absent septum pellucidum, Delayed motor and language development, Ataxia, Dystonia, Spasticity, Short stature	STIL:NM_001048166.1:c.3552_3553del	https://pubmed.ncbi.nlm.nih.gov/28940097/	
PAVS1159	Global developmental delay, Seizures, Microcephaly, hypertonia, Hypocalcemic seizures, Hypomagnesemia, strabismus, Pes planus, Hypocalcemia, Brachycephaly	STK32C:NM_173575.2:c.451G>C	https://pubmed.ncbi.nlm.nih.gov/28940097/	
PAVS1160	Global developmental delay, Seizures, Neonatal hypotonia, Gastroesophageal reflux disease, Opisthotonus, Alacrima, Self-mutilation, Microcephaly, Hypotelorism, Tapered finger, Hypoplasia of the corpus callosum, Cerebellar vermis atrophy	TECPR2:NM_001172631.1:c.571C>T	https://pubmed.ncbi.nlm.nih.gov/28940097/	
PAVS1161	Global developmental delay, Neonatal respiratory distress, Seizures, Microcephaly, Spasticity, Central hypotonia, Failure to thrive, Brain atrophy	TRAK1:NM_001042646.2:c.287-2A>G	https://pubmed.ncbi.nlm.nih.gov/28940097/	
PAVS1162	Meconium stained amniotic flu intellectual disability, Neonatal respiratory distress, Seizures, Abnormal facial shape, Delayed CNS myelination, Brain atrophy	TRAK1:NM_001042646.2:c.1759dup	https://pubmed.ncbi.nlm.nih.gov/28940097/	
PAVS1163	Intellectual disability,, Broad-based gait, Microcephaly, Periventricular leukomalacia, Bilateral coxa valga, Skeletal dysplasia	TRAPPC9:NM_031466.4:c.2785C>T	https://pubmed.ncbi.nlm.nih.gov/28940097/	
PAVS1164	Intellectual disability,, Microcephaly, seizures, Hearing impairment	UBE3A:NM_000462.3:c.504delG	https://pubmed.ncbi.nlm.nih.gov/28940097/	
PAVS1165	Autism, Speech delay and language development	VWA3B:NM_001164416.1:c.124C>T	https://pubmed.ncbi.nlm.nih.gov/28940097/	
PAVS1166	Global developmental delay, Developmental regression, Microcephaly, Dandy-Walker malformation, Spasticity, Failure to thrive	WDR81:NM_001163809.1:c.5335C>T:(p.Arg1779*)	https://pubmed.ncbi.nlm.nih.gov/28940097/	
PAVS1167	Global developmental delay, Gait ataxia, Abnormal facial shape, Macrotia, High, narrow palate, Hypertonia, Hyperreflexia	ZDHHC9:NM_016032.3:c.487+5_487+19del	https://pubmed.ncbi.nlm.nih.gov/28940097/	
PAVS1168	Global developmental delay, Hypotonia, Abnormal facial shape, Hypotonia, Hip dysplasia, Failure to thrive, Intrauterine growth retardation, Enlarged cisterna magna, Polycythemia, Coarse facial features, Hypertrichosis, Thick eyebrow, Upslanted palpebral fissure, High forehead, Strabismus, Prominent nose, Thin vermilion border, Prominent nasal tip, High, narrow palate, Arachnodactyly, Pectus excavatum, Generalized amyotrophy, Overlapping toe, Osteopenia, 11 pairs of ribs	ZFAT:NM_020863.3:c.1199G>A	https://pubmed.ncbi.nlm.nih.gov/28940097/	
PAVS1169	intellectual disability, microcephaly, dysmorphism	Chr1q21.2 duplication(148,625,214 -149,748,048)	https://pubmed.ncbi.nlm.nih.gov/25503496/	
PAVS1170	intellectual disability, joint laxity, micrognathia and food allergy	Chr9q34.13q34.3 duplication(135,792,597-139,609,502)	https://pubmed.ncbi.nlm.nih.gov/25503496/	
PAVS1171	global developmental delay, hypotonia and seizures	Chr2p21 deletion(45,024,262 -45,295,429)	https://pubmed.ncbi.nlm.nih.gov/25503496/	
PAVS1172	intellectual disability with dysmorphism	Chr17q21.31 deletion(43,703,252-44,208,312)	https://pubmed.ncbi.nlm.nih.gov/25503496/	
PAVS1173	global developmental delay, Failure to thrive, hypotonia	Chr8q24.3 duplication(144,869,301-145,833,715)	https://pubmed.ncbi.nlm.nih.gov/25503496/	
PAVS1174	Intellectual disability, childhood apraxia of speech, Intellectual disability	Chr16p11.2 deletion(29,694,991 – 30,190,676)	https://pubmed.ncbi.nlm.nih.gov/25503496/	
PAVS1175	global developmental delay, cardiac problems and mosaic hyperpigmentation	Chr22q13.33 deletion(49,974,766 -51,176,283)	https://pubmed.ncbi.nlm.nih.gov/25503496/	
PAVS1176	global developmental delay, autism spectrum disorder and partial syndactyly	Chr10q21.3 deletion(68,220,106 – 68,449,231)	https://pubmed.ncbi.nlm.nih.gov/25503496/	
PAVS1177	Intellectual disability, hypothyrodism, osteomalacia, short stature, and dysmorphism	Chr2q35 deletion(220,032,133 -220,440,941)	https://pubmed.ncbi.nlm.nih.gov/25503496/	
PAVS1178	global developmental delay, secondary microcephaly and seizures	Chr15q11.2q13.1 deletion(23,636,820-28,527,171)	https://pubmed.ncbi.nlm.nih.gov/25503496/	
PAVS1179	Developmental delay and Agenesis corpus collosum	Chr8p23.1p23.3 deletion (158,048-6,999,114)	https://pubmed.ncbi.nlm.nih.gov/25503496/	
PAVS1180	global developmental delay, microcephaly, Failure to thrive, left ectopic kidney, Mitral regurgitation, Mitral valve prolapse	Chr14q32.32q32.33 deletion(103,645,506–106,261,806)	https://pubmed.ncbi.nlm.nih.gov/25503496/	
PAVS1181	Intellectual disability and dysmorphsim	Chr22q11.21 deletion(18,644,790 -21,465,662)	https://pubmed.ncbi.nlm.nih.gov/25503496/	
PAVS1182	global developmental delay and dysmorphism	chr6q14q21 deletion (64885283-99369048)	https://pubmed.ncbi.nlm.nih.gov/25503496/	
PAVS1183	Intellectual disability, dysmorphism and multiple congenital anomalies	Chr22q11.23q13.2 duplication (25,130,31–41,082,043)	https://pubmed.ncbi.nlm.nih.gov/25503496/	
PAVS1184	Intellectual disability, morbid obesity(HP:0001513)	Chr16p11.2 deletion(29,628,661- 30,177,916)	https://pubmed.ncbi.nlm.nih.gov/25503496/	
PAVS1185	Developmental delay , microcephlay, short stature, dysmorphic features (velocardiofacial syndrome)	Chr15q11.2 – 15q13.3 triplication(22,770,421-32,439,281)	https://pubmed.ncbi.nlm.nih.gov/25503496/	
PAVS1186	Intellectual disability, dysmorphism, supravalvular aortic stenosis, no stranger anxiety	chr7q11.23 deletion (72718277-74141493)	https://pubmed.ncbi.nlm.nih.gov/25503496/	
PAVS1187	Developmental delay  and multiple congenital anomalies	chr18q21.1q21.2 deletion (47279692-48756541)	https://pubmed.ncbi.nlm.nih.gov/25503496/	
PAVS1188	global developmental delay, dysmorphism and abnormal circadian rhythm	Chr17p11.2 deletion(16,772,264 – 20,304,967)	https://pubmed.ncbi.nlm.nih.gov/25503496/	
PAVS1189	Intellectual disability and dysmorphism	chr22q11.21 deletion (18916842-21798907)/ 16p11.2 duplication (32033397-33784810)	https://pubmed.ncbi.nlm.nih.gov/25503496/	
PAVS1190	Intellectual disability	Chr15q13.2-15q13.3 duplication (30370017-32444043)	https://pubmed.ncbi.nlm.nih.gov/25503496/	
PAVS1191	global developmental delay, absent radial rays, microcephaly	chr7p21.1p22.1 deletion (5798163-17727264)/chr7q31.31q31.32 (118692690-121628842) deletion	https://pubmed.ncbi.nlm.nih.gov/25503496/	
PAVS1192	global developmental delay, dysmorphism, diaphragmatic hernia.	chr4q32.1q34.3 duplication (159241112-182016894)/chr4q34.3q35.2 deletion (182021889-190957473)/chr15q26.1q26.3 duplication (93454301-102270758)	https://pubmed.ncbi.nlm.nih.gov/25503496/	
PAVS1193	Intellectual disability, dysmorphism, supra-valvular aortic stenosis, inguinal hernia, no stranger anxiety	chr7q11.23 deletion (72718277-74141493)	https://pubmed.ncbi.nlm.nih.gov/25503496/	
PAVS1194	Intellectual disability	47,XXX (full trisomy X)	https://pubmed.ncbi.nlm.nih.gov/25503496/	
PAVS1195	Developmental delay and dysmorphism	chr16q22.2q23.1 deletion of (72130555-75038957)	https://pubmed.ncbi.nlm.nih.gov/25503496/	
PAVS1196	global developmental delay, dysmorphism and overly friendly behavior	chr17q21.31q21.31 deletion (44212416-43710395)	https://pubmed.ncbi.nlm.nih.gov/25503496/	
PAVS1197	Developmental delay  and dysmorphism	chr3p13 deletion (70986209-71412654)	https://pubmed.ncbi.nlm.nih.gov/25503496/	
PAVS1198	global developmental delay, right microphthalmia and left anophthalmia, secondary microcephaly, and micropenis	Chr3q26.33 deletion(180,678,656-181,472,237)	https://pubmed.ncbi.nlm.nih.gov/25503496/	
PAVS1199	 intellectual disability, dysmorphism, pleasant disposition and attention-deficit, growth retardation, left ectopic kidney, and bilateral inguinal hernia	Chr7q11.23 deletion(72,290,998– 72,903,3530)	https://pubmed.ncbi.nlm.nih.gov/25503496/	
PAVS1200	 intellectual disability, autism, Attention deficit hyperactive disorder, macrocephaly, penile macules	Chr10q23.31 deletion (89,686,508 – 90,701,032)	https://pubmed.ncbi.nlm.nih.gov/25503496/	
PAVS1201	global developmental delay, seizures, microlissencephaly, dysmorphism	Chr17p13.3 deletion (2,177,669 – 2,829,615)	https://pubmed.ncbi.nlm.nih.gov/25503496/	
PAVS1202	global developmental delay, holoprosencephaly, microcephaly, dysmorphism, CL/P, spasticity, central diabetes insipidus, seizures	Chr18p11.32p11.31 deletion(136,226-4,377,782)	https://pubmed.ncbi.nlm.nih.gov/25503496/	
PAVS1203	Intellectual disability and dysmorphism	Chr22q11.21 deletion (18,916,842-20,717,655)	https://pubmed.ncbi.nlm.nih.gov/25503496/	
PAVS1204	global developmental delay and dysmorphism	Chr22q11.1q11.21 deletion (17,370,127-19,084,594)	https://pubmed.ncbi.nlm.nih.gov/25503496/	
PAVS1205	intellectual disability, dysmorphism, short stature, Mitral regurgitation, Mitral valve prolapse, vitiligo, large rough nevus on the back	Chr1p36.22p36.23 deletion (8,425,521-10,780,684)	https://pubmed.ncbi.nlm.nih.gov/25503496/	
PAVS1206	global developmental delay, hypotonia, macrocephaly, dysmorphism, right paraspinal lipoma, cutis aplasia on scalp, and ASD	Chr1q21.2 duplication (148,625,214-149,664,067)	https://pubmed.ncbi.nlm.nih.gov/25503496/	
PAVS1207	global developmental delay, dysmorphism, short stature, nystagmus, syndactyly, joint laxity	Chr5q11.2q13.2 deletion(52,033,284-68,817,550)/Chr9p13.1 q13 duplication (38,916,514-66,035,257)	https://pubmed.ncbi.nlm.nih.gov/25503496/	
PAVS1208	global developmental delay, dysmorphism, short stature, strabismus with limited eye movements	Chr15q11.1q11.2 duplication (20,175,623-22,504,198)	https://pubmed.ncbi.nlm.nih.gov/25503496/	
PAVS1209	 intellectual disability, dysmorphism, microcephaly, bilateral cataract, nystagmus, hypotonia	chr2p14 deletion (69644214-70160666)	https://pubmed.ncbi.nlm.nih.gov/25503496/	
PAVS1210	 intellectual disability, microcephaly	chr17q11.2 deletion (28997893-30412788)	https://pubmed.ncbi.nlm.nih.gov/25503496/	
PAVS1211	 intellectual disability, Attention deficit hyperactive disorder, short stature, dysmorphism, strabismus	chr1q31.1q32.2 deletion (193628056-202778670)	https://pubmed.ncbi.nlm.nih.gov/25503496/	
PAVS1212	 intellectual disability, short stature, microcephaly, dysmorphism, skeletal dysplasia	chr1q24.2q25.2 deletion (169668315-176922791)/chr21q21.1q21.1 deletion (19950080-18541508)	https://pubmed.ncbi.nlm.nih.gov/25503496/	
PAVS1213	Intellectual disability and morbid obesity	chr22q11 deletion(16920001-20725318)	https://pubmed.ncbi.nlm.nih.gov/25503496/	
PAVS1214	 intellectual disability, obesity, dysmorphic features	Chr1p13.3p21.3 deletion (96,530,000 – 107,720,000).	https://pubmed.ncbi.nlm.nih.gov/25503496/	
PAVS1215	global developmental delay, dysmorphic features	chr4p14.1p15.32 deletion (5,772,000-25,016,243)	https://pubmed.ncbi.nlm.nih.gov/25503496/	
PAVS1216	global developmental delay and choanal atresia	Trisomy 12p: a Chr12p13.33 – 12q12 duplication (1 – 38,453,221)	https://pubmed.ncbi.nlm.nih.gov/25503496/	
PAVS1217	Dysmorphic Feature, Small for date, Developmental delay, failure to thrive, small finger has two phalanges, simian crease in left hand, Intellectual disability	13q21.1- q32.1(57009987_95317681)x1{13q21.1q32.1 deletion}	https://pubmed.ncbi.nlm.nih.gov/37189911/	
PAVS1218	Delayed Speech, Dysmorphic Features	11q24.2q25(123615752_134432324)x1{46,XY,del(11)(q24)}	https://pubmed.ncbi.nlm.nih.gov/37189911/	
PAVS1219	Ventricular septal defect, Failure to thrive	16q21q23.1(65021970_74573408)x1{47,XX,+del(9)(q22)}	https://pubmed.ncbi.nlm.nih.gov/37189911/	
PAVS1220	Hypotonia, Cleft Lip, Ventricular septal defect, ASD, Pulmonary Stenosis, Dysmorphic, Delayed Speech, Not Walking	9p24.3p13.1(194193_38745183)x3	https://pubmed.ncbi.nlm.nih.gov/37189911/	
PAVS1221	Delayed Speech, Developmental delay	16p13.3 p11.2(28087_ 31446768)x3 {46,XX,dup(3)p36-p33}	https://pubmed.ncbi.nlm.nih.gov/37189911/	
PAVS1222	Delayed Speech, Dysmorphic feature, Developmental delay	"15q13.1q26.1(27196809_89833172)x1	"	https://pubmed.ncbi.nlm.nih.gov/37189911/	
PAVS1223	Developmental delay, congenital heart disease	22q11.21(17269039_19794119)x1{46,XY,del(22)(q11.2q11.2)}	https://pubmed.ncbi.nlm.nih.gov/37189911/	
PAVS1224	Dysmorphic features, Delayed Speech,	18p11.32p11.21(114641_15062794)x4	https://pubmed.ncbi.nlm.nih.gov/37189911/	
PAVS1225	Congenital Heart Disease	15q25.1q26.3(78427008_100298411)x3        	https://pubmed.ncbi.nlm.nih.gov/37189911/	
PAVS1226	Dysmorphic feature, Low-set Ears, Closed Ventricular septal defect	18p11.32p11.21(121700_14112521)x4	https://pubmed.ncbi.nlm.nih.gov/37189911/	
PAVS1227	Intellectual disability,Attention deficit hyperactive disorder, Dysmorphic, Seizures, Small ears, Triangular face, Ventricular septal defect, Absent speech, Delayed Walking, Epilepsy	8q24.3(142081172_146142017)x1	https://pubmed.ncbi.nlm.nih.gov/37189911/	
PAVS1228	Developmental delay, not walking, no speech, dysmorphic, hypotonia, epilepsy, microcephaly, preterm birth at 2 weeks, Ventricular septal defect at birth	16q21q23.1(65021970_74573408)x1		
PAVS1229	Short Stature, Developmental delay	10q26.13q26.3(127272748_135284168)x3|18q23(72346539_76111023)x1		
PAVS1230	global developmental delay, remarkable shyness, with subtle dysmorphic features and obesity	Chr1p21.3 – 1p13.3 deletion (96,530,000 – 107,720,000)	https://pubmed.ncbi.nlm.nih.gov/25503496/	
PAVS1231	"global developmental delay, dysmorphic features and microcephaly, epilepsy (with infantile spasms), hypotonia, eye/vision problems, with linear mosaic hyperpigmentation seen in a linear fashion in the lower extremities and the lower abdomen, nephrocalcinosis
"	Chr1p36.33 – 1p36.32 deletion (1 – 4,944,170)	https://pubmed.ncbi.nlm.nih.gov/25503496/	
PAVS1232	"global developmental delay, right microphthalmia and left anophthalmia, acquired microcephaly, and micropenis
"	Chr3q26.33 deletion(180,678,656 – 181,472,237)	https://pubmed.ncbi.nlm.nih.gov/25503496/	
PAVS1233	"Intellectual disability, dysmorphic features, maxillary hypoplasia, pleasant disposition and attention-deficit, clinodactyly, large dark brown macule on the back, growth retardation, left ectopic kidney, and bilateral inguinal hernia 
"	Chr7q11.23 deletion(72,290,998 –72,903,353)	https://pubmed.ncbi.nlm.nih.gov/25503496/	
PAVS1234	Developmental delay, Failure to thrive and hypotonia	Chr8q24.3 duplication(144,869,301–145,833,715)	https://pubmed.ncbi.nlm.nih.gov/25503496/	
PAVS1235	"Developmental delay, Failure to thrive, distinct facial features, single transverse palmar crease, and clinodactyly of the 5th finger
"	Chr9p24.3 – 9q21.11 duplication(1– 69,053,560)	https://pubmed.ncbi.nlm.nih.gov/25503496/	
PAVS1236	Intellectual disability and speech delay with subtle dysmorphic features, bilateral shoulder and hip laxity	Chr9q34.13 – 9q34.3 duplication(135,792,597 –139,609,502)	https://pubmed.ncbi.nlm.nih.gov/25503496/	
PAVS1237	ASD, speech delay with partial syndactyly between second and third toes, white hypopigmented area over right thigh anteriorly	Chr10q21.3 deletion(68,220,106–68,449,231)	https://pubmed.ncbi.nlm.nih.gov/25503496/	
PAVS1238	"Autism, speech delay, Attention deficit hyperactive disorder, macrocephaly, penile hyperpigmentation (multiple macules), right abdominal mass, sever Intellectual defficit
 "	Chr10q23.31 deletion(89,686,508–90,701,032)	https://pubmed.ncbi.nlm.nih.gov/25503496/	
PAVS1239	"Dysmorphic features, feeding difficulties, bilateral hand postaxial polydactyly, club foot, coloboma, ASD*, PDA
 "	Chr12p13.33 – 12q12 duplication(1 – 38,453,221)	https://pubmed.ncbi.nlm.nih.gov/25503496/	
PAVS1240	Intellectual defficit and speech delay, epilepsy, Attention deficit hyperactive disorder, microbrachycephaly, obesity, hypogonadism, exaggerated reflexes, in-toe gait	Chr13q12.3 deletion 30 (29,226,273 – 31,540,272)	https://pubmed.ncbi.nlm.nih.gov/25503496/	
PAVS1241	"Intrauterine growth retardation , low birth weight, mild ID with Developmental delay, Failure to thrive, microcephaly, ectopic kidney, MR and MVP
"	Chr14q32.32 –14q32.33 deletion(103,645,506 – 106,261,806)	https://pubmed.ncbi.nlm.nih.gov/25503496/	
PAVS1242	"Developmental delay, epilepsy, obesity, and unstable gait
 "	Chr15q11.2 – 15q13.1 deletion(23,636,820–28,527,171)	https://pubmed.ncbi.nlm.nih.gov/25503496/	
PAVS1243	"Developmental delay with dysmorphic features, microcephaly, short stature, Talipes equinovarus
 "	Chr15q11.2 – 15q13.3 triplication (22,770,421–32,439,281)	https://pubmed.ncbi.nlm.nih.gov/25503496/	
PAVS1244	"Developmental delay, Failure to thrive, right radial ray defect with pedunculated thumb, wide-based gait
 "	Chr16p11.2 deletion (29,622,757–30,177,916)	https://pubmed.ncbi.nlm.nih.gov/25503496/	
PAVS1245	"Speech and gross motor delay, oromotor dyspraxia, Failure to thrive, post axial polydactyly of left hand, poor dentition
 "	Chr16p11.2 deletion(29,694,991 –30,190,676)	https://pubmed.ncbi.nlm.nih.gov/25503496/	
PAVS1246	"Developmental delay with morbid obesity, acanthosis nigricans, and clinodactyly
"	Chr16p11.2 deletion(29,628,661 – 30,177,916)	https://pubmed.ncbi.nlm.nih.gov/25503496/	
PAVS1247	"Developmental delay and epilepsy with classical dysmorphic features
"	Chr17p11.2 deletion(16,772,264 – 20,304,967)	https://pubmed.ncbi.nlm.nih.gov/25503496/	
PAVS1248	"Speech delay, epilepsy, microlissencephaly, dysmorphic features, brachydactyly with abnormal palmar creases
 "	Chr17p13.3 deletion(LIS1 hemizygous deletion)(2,177,669 – 2,829,615)	https://pubmed.ncbi.nlm.nih.gov/25503496/	
PAVS1249	"Developmental delay, Failure to thrive, dysmorphic features, cleft palate, Ventricular septal defect, and mild camptodactyly
"	Chr17q21.31 deletion(43,703,252 –44,208,312)	https://pubmed.ncbi.nlm.nih.gov/25503496/	
PAVS1250	Holoprosencephaly, microcephaly, dysmorphic features, cleft lip and palate, spastic quadriplegia, central diabetes insipidus, and epilepsy	Chr18p11.32 – 18p11.31 deletion 17(136,226–4,377,782)	https://pubmed.ncbi.nlm.nih.gov/25503496/	
PAVS1251	"Intrauterine growth retardation , Failure to thrive, microcephaly, Developmental delay, recurrent infections, small anterior fontanelle, strabismus, elevated palate, resolved laryngomalacia, ASD*, bilateral cryptorchidism, curved penis, and rocker bottom feet 
 "	Chr18q21.32 – 18q23 deletion(58,527,052 –78,014,123)|Chr18q21.2 – 18q21.32 duplication(53,654,029–58,526,971)	https://pubmed.ncbi.nlm.nih.gov/25503496/	
PAVS1252	"Developmental delay with microcephaly, hyperactivity, long face, high arched palate, dental carries and vascular ring 
"	Chr22q11.21 deletion(18,644,790 –21,798,907)	https://pubmed.ncbi.nlm.nih.gov/25503496/	
PAVS1253	"Intellectual deficit with dysmorphic features and bronchial asthma
"	Chr22q11.21 deletion(18,916,842 –20,717,655)	https://pubmed.ncbi.nlm.nih.gov/25503496/	
PAVS1254	"global developmental delay with dysmorphic features, dental hypoplasia and mild right-sided facial asymmetry, hypotonia, joint hypermobility, short stature and bilateral TEV 
"	Chr22q11.1 – 22q11.21 deletion(17,370,127–19,084,594)	https://pubmed.ncbi.nlm.nih.gov/25503496/	
PAVS1255	"Developmental delay with dysmorphic features, no cleft and no murmur, history of twitching on right side of face due to hypocalcaemia 
"	Chr22q11.21 deletion(18,644,790 – 21,465,662)	https://pubmed.ncbi.nlm.nih.gov/25503496/	
PAVS1256	"global developmental delay with dysmorphic features, prematurity, Failure to thrive, multiple skeletal abnormalities
 "	Chr22q11.21 – 22q11.22 deletion(21,465,661–22,750,132)	https://pubmed.ncbi.nlm.nih.gov/25503496/	
PAVS1257	"Developmental delay, microcephaly, dysmorphic features, coloboma, Failure to thrive, hypotonia, multiple congenital anomalies: (PDA, ASD*, TR, left dysplastic kidney), bilateral undescended testes, and hypospadias
"	Chr22q11.23 – 22q13.2 duplication(25,130,310–41,082,043)	https://pubmed.ncbi.nlm.nih.gov/25503496/	
PAVS1258	"global developmental delay with subtle dysmorphic features, cleft palate, Failure to thrive, epilepsy, mosaic hypopigmentation, cardiac abnormalities, and bilateral 2-3 toe syndactyly 
 "	Chr22q13.33 deletion(49,974,766 –51,176,283)	https://pubmed.ncbi.nlm.nih.gov/25503496/	
PAVS1259	Intellectual deficit with peculiar facial appearance of short palpebral fissures, wrinkled lower eyelids, prominent columella, and fissured corners of the mouth, short stature, low weight, grade II SM (MVP & MR), vitiligo of both hands, large rough nevus on the back, delayed bone age	Chr1p36.22–1p36.23 deletion(8,425,521–10,780,684)	https://pubmed.ncbi.nlm.nih.gov/25503496/	
PAVS1260	Intellectual deficit with peculiar facial appearance of short palpebral fissures, wrinkled lower eyelids, prominent columella, and fissured corners of the mouth, short stature, low weight, low insulin-like growth factor 1, delayed bone age	Chr1p36.22–1p36.23 deletion(8,415,927–10,784,118)	https://pubmed.ncbi.nlm.nih.gov/25503496/	
PAVS1261	Global developmental delay, central hypotonia with macrocephaly and dysmorphic features, a right paraspinal lipoma, cutis aplasia on scalp, and ASD	Chr1q21.2 duplication(148,625,214–149,664,067)	https://pubmed.ncbi.nlm.nih.gov/25503496/	
PAVS1262	Global developmental delay, Attention deficit hyperactive disorder with dysmorphic features, microcephaly, short stature, clinodactyly, syndactyly, hypotonia, tiptoe gait	Chr1q21.2 duplication(148,625,214 –149,748,048)	https://pubmed.ncbi.nlm.nih.gov/25503496/	
PAVS1263	Global developmental delay, epilepsy, generalized hypotonia	Chr2p21 deletion(45,024,262 –45,295,429)	https://pubmed.ncbi.nlm.nih.gov/25503496/	
PAVS1264	"Coloboma, bilateral microphthalmia and microcornea, right facial nerve palsy, dysphagia, conductive hearing loss, hemivertebra, scoliosis, and bifid spine
 (CHARGE-like)"	Chr2q11.2 deletion(97,731,119–98,025,634)	https://pubmed.ncbi.nlm.nih.gov/25503496/	
PAVS1265	Intellectual disability, hypothyroidism, osteomalacia, short stature	Chr2q35 deletion(220,032,133 –220,440,941)	https://pubmed.ncbi.nlm.nih.gov/25503496/	
PAVS1266	Global developmental delay with dysmorphic features, frontonasal dysplasia, short stature, spontaneous nystagmus, syndactyly, joint laxity, faint systolic murmur in aortic area	Chr5q11.2 – q13.2 deletion(52,033,284 –68,817,550)|Chr9p13.1 – 9q13 duplication(38,916,514 –66,035,257)	https://pubmed.ncbi.nlm.nih.gov/25503496/	
PAVS1267	Developmental delay, microcephaly, agenesis of corpus callosum, asymmetric face, left exotropia, hypertonia, history of poor feeding	Chr8p23.1–8p23.3 deletion(158,048–6,999,114)	https://pubmed.ncbi.nlm.nih.gov/25503496/	
PAVS1268	Global developmental delay with dysmorphic features, short stature, congenital strabismus with limited eye movements, prominent distal phalangeal bones of both hands	Chr15q11.1 – 15q11.2 duplication(20,175,623–22,504,198)	https://pubmed.ncbi.nlm.nih.gov/25503496/	
PAVS1269	Intellectual deficit with dysmorphic features and microcephaly, bilateral cataract, nystagmus, hypotonia	Chr2p14 deletion(69,644,214–70,160,666)|Chr19p12 deletion(20,070,228–20,535,778)	https://pubmed.ncbi.nlm.nih.gov/25503496/	
PAVS1270	Global developmental delay, dysmorphic features with microcephaly	Chr3q22.1 deletion(129,682,298 –129,991,510)|ChrXp22.33 duplication(819,924 –1,860,130)	https://pubmed.ncbi.nlm.nih.gov/25503496/	
PAVS1271	Intellectual disability, craniosynostosis, right coloboma, postaxial polydactyly, syndactyly (between right miDevelopmental delayle and ring finger)	Chr9p12 duplication(40,764,741–41,970,142)	https://pubmed.ncbi.nlm.nih.gov/25503496/	
PAVS1272	Neuroregression|Global developmental delay|	ARSA:NM_001085425.3:c.809T>C	https://pubmed.ncbi.nlm.nih.gov/34055681/	
PAVS1273	Neuroregression|Global developmental delay|Generalized tonic-clonic seizure|Delayed myleination	EIF2B4:NM_001318965.1:c.1132C>T	https://pubmed.ncbi.nlm.nih.gov/34055681/	
PAVS1274	Neuroregression|Global developmental delay|Bilateral supratentorial confluent white matter	EIF2B2:NM_014239.4:c.591C>G	https://pubmed.ncbi.nlm.nih.gov/34055681/	
PAVS1275	Global developmental delay|Focal seizure	PEX13:NM_002618.3:c.1A>G	https://pubmed.ncbi.nlm.nih.gov/34055681/	
PAVS1276	Neuroregression|Global developmental delay|	PEX16:NM_057174.2,:c.113-1G>C	https://pubmed.ncbi.nlm.nih.gov/34055681/	
PAVS1277	Global developmental delay|Focal seizure	PEX6:NM_000287.3:c.1931G>A	https://pubmed.ncbi.nlm.nih.gov/34055681/	
PAVS1278	Global developmental delay	RNASEH2A:NM_006397.3:c.202T>G	https://pubmed.ncbi.nlm.nih.gov/34055681/	
PAVS1279	Global developmental delay|Generalized tonic-clonic seizure	RNASEH2C:NM_032193.4:c.202C>G	https://pubmed.ncbi.nlm.nih.gov/34055681/	
PAVS1280	Neuroregression|Global developmental delay|	IFIH1:NM_022168.4:c.1850T>C	https://pubmed.ncbi.nlm.nih.gov/34055681/	
PAVS1281	Neuroregression|Global developmental delay	GALC:NM_001201402.1:c.1886C>G	https://pubmed.ncbi.nlm.nih.gov/34055681/	
PAVS1282	Global developmental delay	GJC2:NM_020435.4:c.107delT	https://pubmed.ncbi.nlm.nih.gov/34055681/	
PAVS1283	Global developmental delay	MLC1:NM_139202.3:c.686_687delCAinsAG	https://pubmed.ncbi.nlm.nih.gov/34055681/	
PAVS1284	Global developmental delay|Focal seizure	HEPACAM:NM_152722.5:c.416T>C|HEPACAM:NM_152722.5:c.949-2A>G	https://pubmed.ncbi.nlm.nih.gov/34055681/	
PAVS1285	Neuroregression|Global developmental delay|Generalized tonic-clonic seizure	ASPA:NM_000049.4:c.312_313delCA	https://pubmed.ncbi.nlm.nih.gov/34055681/	
PAVS1286	Neuroregression|Global developmental delay|Focal seizure	ABCD1:NM_000033.4:c.542A>G	https://pubmed.ncbi.nlm.nih.gov/34055681/	
PAVS1287	Global developmental delay	SLC17A5:NM_012434.5:c.406A>G	https://pubmed.ncbi.nlm.nih.gov/34055681/	
PAVS1288	Global developmental delay|Myclonic seizure	SLC17A5:NM_012434.5:c.116G>A	https://pubmed.ncbi.nlm.nih.gov/34055681/	
PAVS1289	Global developmental delay	GJA1:NM_000165.4:c.125A>G	https://pubmed.ncbi.nlm.nih.gov/34055681/	
PAVS1290	Neuroregression|Global developmental delay|	ARSA:NM_001085425.3:c.1108-2A>G	https://pubmed.ncbi.nlm.nih.gov/34055681/	
PAVS1291	Neuroregression|Global developmental delay|	ARSA:NM_001085425.3:c.883G>A	https://pubmed.ncbi.nlm.nih.gov/34055681/	
PAVS1292	Neuroregression|Global developmental delay|Generalized tonic-clonic seizure	PSAP:NM_002778.4:c.722G>C	https://pubmed.ncbi.nlm.nih.gov/34055681/	
PAVS1293	Neuroregression|Global developmental delay|Focal seizure	EIF2B3:NM_020365.5:c.32G>T	https://pubmed.ncbi.nlm.nih.gov/34055681/	
PAVS1294	Global developmental delay|Focal seizure	PEX1:NM_000466.3:c.2176C>T	https://pubmed.ncbi.nlm.nih.gov/34055681/	
PAVS1295	Global developmental delay|Focal seizure	HSD17B4:NM_000414.2:c.2207T>A	https://pubmed.ncbi.nlm.nih.gov/34055681/	
PAVS1296	Global developmental delay|myoclonic seizure	RNASEH2B:NM_024570.4:c.356A>G	https://pubmed.ncbi.nlm.nih.gov/34055681/	
PAVS1297	Global developmental delay	RNASEH2A:NM_006397.3:c.557G>A	https://pubmed.ncbi.nlm.nih.gov/34055681/	
PAVS1298	Global developmental delay|Generalized tonic-clonic seizure	SAMHD1:NM_015474.4:c.428G>A	https://pubmed.ncbi.nlm.nih.gov/34055681/	
PAVS1299	Abnormal diffused white matter.	TREX1:NM_130384.3:c.223G>A	https://pubmed.ncbi.nlm.nih.gov/34055681/	
PAVS1300	Neuroregression|Global developmental delay	GALC:NM_000153.4:c.916G>A	https://pubmed.ncbi.nlm.nih.gov/34055681/	
PAVS1301	Neuroregression|Global developmental delay	GALC:NM_000153.4:c.396G>A	https://pubmed.ncbi.nlm.nih.gov/34055681/	
PAVS1302	Neuroregression|Global developmental delay	GALC:NM_000153.4:c.1685T>C	https://pubmed.ncbi.nlm.nih.gov/34055681/	
PAVS1303	Global developmental delay	GJC2:NM_020435.4:c.1134_1144del	https://pubmed.ncbi.nlm.nih.gov/34055681/	
PAVS1304	Global developmental delay	MLC1:NM_139202.3:c.177+1G>T	https://pubmed.ncbi.nlm.nih.gov/34055681/	
PAVS1305	Focal seizure	GFAP:NM_002055.5:c.230A>G	https://pubmed.ncbi.nlm.nih.gov/34055681/	
PAVS1306	Generalized tonic-clonic seizure	GFAP:NM_002055.5:c.715C>T	https://pubmed.ncbi.nlm.nih.gov/34055681/	
PAVS1307	Global developmental delay	PLP1:NM_000533.5:c.115G>A	https://pubmed.ncbi.nlm.nih.gov/34055681/	
PAVS1308	creatine phosphatase abnormalities, hypotonia, muscle weakness, exercise intolerance/easy fatigue, vacuolar myopathy	RYR1:NM_001042723:exon97:c.14194C>T:p.R4732W	https://pubmed.ncbi.nlm.nih.gov/28600779/	
PAVS1309	Global developmental delay, microcephaly, fine motor delay, gross motor delay, speech delay, intellectual disability, learning disability, brain atrophy, hypotonia hypertonia, spasticity.	ADAT3:NM_138422:exon2:c.430G>A:p.V144M	https://pubmed.ncbi.nlm.nih.gov/28600779/	
PAVS1310	fine motor delay, gross motor delay, significant hypotonia, muscle weakness, myopathic facies with motor developmental delay,	LAMA2:NM_000426:exon26:c.3924+2T>C, Hom	https://pubmed.ncbi.nlm.nih.gov/28600779/	
PAVS1311	GSD type 1, bleeding tendency, hypoglycemia	G6PC:NM_000151:exon2:c.247C>T:p.R83C;GAA:NM_000152:exon2:c.266G>A:p.R89H		
PAVS1312	Global developmental delay, MRI (brain atrophy, white matter changes).	RNASEH2A:NM_006397:exon6:c.557G>A:p.R186Q	https://pubmed.ncbi.nlm.nih.gov/28600779/	
PAVS1313	Failure to thrive, global developmental delay, hiatus hernia, lung hypoplasia, congenital diaphragmatic hernia, low intestinal motility disorder, partial intestinal obstruction	COG6: chr13:40273614, deep intronic	https://pubmed.ncbi.nlm.nih.gov/28600779/	
PAVS1314	dysmorphism	PYCR1: NM_006907:exon4:c.540+1G>A	https://pubmed.ncbi.nlm.nih.gov/28600779/	
PAVS1315	Atrial septal defect, growth retardation/short stature, abnormal nails hypoplasia, club foot, micrognathia, short hands, hypotonia,	KIF7:NM_198525:exon17:c.3365C>G:p.S1122W	https://pubmed.ncbi.nlm.nih.gov/28600779/	
PAVS1316	Renal agenesis and congenital malformations	FANCA:NM_000135:exon11:c.964C>T:p.H322Y (het)	https://pubmed.ncbi.nlm.nih.gov/28600779/	
PAVS1317	speech delay, ketosis, history of recent episodes of hypoglycemia and acidosis with elevated liver enzymes	DLD:NM_001289750:exon7:c.388G>T:p.G130C	https://pubmed.ncbi.nlm.nih.gov/28600779/	
PAVS1318	periventricular leukomalacia, leukodystrophy, hypertonia, spasticity	CYP2U1:NM_183075:exon2:c.947A>T:p.D316V	https://pubmed.ncbi.nlm.nih.gov/28600779/	
PAVS1319	Retinal dystrophy	RDH12:NM_152443:exon4:c.139G>A:p.A47T	https://pubmed.ncbi.nlm.nih.gov/28600779/	
PAVS1320	fine motor delay, gross motor delay, hypotonia, Developmental dysplasia of the hip, otherwise baby is alert and follow objects	COL1A1:NM_000088:exon31:c.2050G>A:p.E684K	https://pubmed.ncbi.nlm.nih.gov/28600779/	
PAVS1321	Merosin deficiency	LAMA2: NM_000426:exon26:c.3924+2T>C	https://pubmed.ncbi.nlm.nih.gov/28600779/	
PAVS1322	ventricular septal defect, significant hypotonia, hip dysfunction, appropriate cognitive development	SLC2A10:NM_030777:exon2:c.243C>G:p.S81R	https://pubmed.ncbi.nlm.nih.gov/28600779/	
PAVS1323	Growth retardation/short stature, fine motor delay, ataxia since birth cognitive, hypertonia, nystagmus	GJC2:NM_020435:exon2:c.755A>G:p.H252R	https://pubmed.ncbi.nlm.nih.gov/28600779/	
PAVS1324	sever speech delay, intellectual disability, 2 siblings are affected	C12orf57:NM_001301837:exon1:c.1A>G:p.?	https://pubmed.ncbi.nlm.nih.gov/28600779/	
PAVS1325	Fine/gross motor delay, learning disability, subcortical white matter disease, hypotonia, seizures	ALDH7A1:NM_001202404:exon12:c.1168G>C:p.E390Q	https://pubmed.ncbi.nlm.nih.gov/28600779/	
PAVS1326	Failure to thrive, Autism spectrum disorder, Autistic features, hypotonia, seizures, spasticity, intellectual disability, speech delay,	MECP2:NM_001110792:exon3:c.509C>T:p.T170M (het)	https://pubmed.ncbi.nlm.nih.gov/28600779/	
PAVS1327	Neurodegenerative disorder, microcephaly (not congenital), fine motor delay, gross motor delay, developmental regression, ataxia, seizure (atomic since Feb 2016), dysarthria. eye exam negative. Brain MRI: bilateral central white matter FLAIR/T2 hyperintensity cerebellar atrophy is noted with prominent folia and associated vermis atrophy last MRI 30/8/2016 no change. new symptoms: dysphagia to liquids	MFSD8:NM_152778:exon9:c.863+1G>A	https://pubmed.ncbi.nlm.nih.gov/28600779/	
PAVS1328	Seizures, Retinitis pigmentosa, obesity,	RLBP1:NM_000326:exon8:c.773T>G:p.L258W/SYT9:NM_175733:exon7:c.1471C>T:p.R491X	https://pubmed.ncbi.nlm.nih.gov/28600779/	
PAVS1329	Failure to thrive, gastrointestinal reflux, recurrent vomiting, chronic diarrhea- heavy diarrhea once ate other then milk?, asthma, long ears,  glucose galactose malabsorption, neutropenia,	SLC5A1:NM_001256314:exon7:c.384C>G:p.C128W	https://pubmed.ncbi.nlm.nih.gov/28600779/	
PAVS1330	growth retardation/short stature, gastroschisis/omphalocele, pyloric stenosis, tracheoesophageal fistula, delayed gastric emptying, eosinophilic esophagitis, gastrointestinal reflux, recurrent vomiting, chronic diarrhea, constipation, chronic intestinal pseudo-obstruction, Hirschsprung disease, hepatic failure, elevated transaminases, prematurity, cancer , liver cirrhosis or Wilson or PFIC	ABCB4:NM_018849:exon13:c.1560+3A>G	https://pubmed.ncbi.nlm.nih.gov/28600779/	
PAVS1331	Failure to thrive, growth retardation, Fine/ gross motor delay, speech delay, developmental delay, spasticity, stiff fingers in LF hand and stiff elbows, midface hypoplasia, skeletal dysplasia, Asthma	FBN1:NM_000138:exon42:c.5087A>G:p.Y1696C	https://pubmed.ncbi.nlm.nih.gov/28600779/	
PAVS1332	Microcephaly, Fine/ gross motor delay, speech delay, intellectual disability, Facial dysmorphism, dilated ventricles brain atrophy, hypertonia, spasticity, Prematurity, Intrautrine growth retardation	RNASEH2B:NM_001142279:exon5:c.356A>G:p.D119G	https://pubmed.ncbi.nlm.nih.gov/28600779/	
PAVS1333	overgrowth, microcephaly, fine/gross motor delay, speech delay, hypotonia, muscle weakness,	PAH:NM_000277:exon11:c.1066-11G>A (hom)	https://pubmed.ncbi.nlm.nih.gov/28600779/	
PAVS1334	Failure to thrive, itching, elevated transaminases, Progressive familial intrahepatic cholestasis	ABCB4:NM_000443:exon6:c.526C>T:p.R176W	https://pubmed.ncbi.nlm.nih.gov/28600779/	
PAVS1335	mild contractures, club feet, failure to thrive, growth retardation/short stature, microcephaly, fine/gross motor delay, hypotonia, mild spasticity, muscle weakness	COL6A2:NM_058175:exon15:c.1332+2T>C (HOM)	https://pubmed.ncbi.nlm.nih.gov/28600779/	
PAVS1336	Elevated transaminases, pancytopenia,	GBA:NM_001171811:exon9:c.1187T>C:p.L396P	https://pubmed.ncbi.nlm.nih.gov/28600779/	
PAVS1337	Fine / Gross motor delay, Speech delay, hypertonia, polydactyly, Cornelia de Lange syndrome ?	MGAT2:NM_002408:exon1:c.711G>C:p.K237N	https://pubmed.ncbi.nlm.nih.gov/28600779/	
PAVS1338	short long bones, Intrautrine growth retardation, Polyhydramnios, narrow chest,	CANT1:NM_138793:exon4:c.906_907insGCGCC:p.S303fs	https://pubmed.ncbi.nlm.nih.gov/28600779/	
PAVS1339	Congenital hypotonia, Seizure disorder	NDST1:NM_001543:exon3:c.985C>T:p.R329C	https://pubmed.ncbi.nlm.nih.gov/28600779/	
PAVS1340	Intractable epilepsy, autism, Global developmental delay	C12orf57:NM_001301837:exon1:c.1A>G:p.M1V,	https://pubmed.ncbi.nlm.nih.gov/28600779/	
PAVS1341	Neuronal ceroid lipofuscinoses	MRE11A:NM_005590:exon7:c.630G>C:p.W210C	https://pubmed.ncbi.nlm.nih.gov/28600779/	
PAVS1342	Roberts syndrome	ESCO2:NM_001017420:exon7:c.1132-7A>G	https://pubmed.ncbi.nlm.nih.gov/28600779/	
PAVS1343	Spastic paraplegia	CYP2U1:uc011cfi.2:exon4:c.320A>T:p.D107V	https://pubmed.ncbi.nlm.nih.gov/28600779/	
PAVS1344	seizures and Developmental delay	GABRD:NM_000815:exon8:c.875C>T:p.T292M	https://pubmed.ncbi.nlm.nih.gov/28600779/	
PAVS1345	Scoliosis, Muscle weakness, congenital, distal weakness , absent deep tendon reflexes, hammertoe, pes cavus?, CMT, 	PMP22:NM_153322:exon4:c.449G>T:p.G150V	https://pubmed.ncbi.nlm.nih.gov/28600779/	
PAVS1346	central hypotonia, peripheral hypertonia, brisk reflexes and spasticity	CYP2U1:uc003hyp.3:exon2:c.947A>T:p.D316V,CYP2U	https://pubmed.ncbi.nlm.nih.gov/28600779/	
PAVS1347	Suspected hypoxic ischemic brain insult, Patent Ductus arterieosis, Pierre robin sequence	COX7A2L:NM_004718:exon2:c.130A>T:p.K44X	https://pubmed.ncbi.nlm.nih.gov/28600779/	
PAVS1348	small eyes, unusual expressions, large mouth	HSPG2: NM_005529:exon82:c.11208-7G>A	https://pubmed.ncbi.nlm.nih.gov/28600779/	
PAVS1349	fetal akinesia	NEB:NM_001271208:exon79:c.11806-1G>A	https://pubmed.ncbi.nlm.nih.gov/28600779/	
PAVS1350	clubbing and clenching hand, empty stomach and severe polyhydramnios	BTBD9:NM_001172418:exon6:c.1015C>T:p.R339X	https://pubmed.ncbi.nlm.nih.gov/28600779/	
PAVS1351	Abnormal  hair- blond, failure to thrive, growth retardation/short structure, speech delay, fine motor delay, brain atrophy, spasticity, Intrautrine growth retardation, low set ear micro	ADAT3:NM_138422:exon2:c.430G>A:p.V144M	https://pubmed.ncbi.nlm.nih.gov/28600779/	
PAVS1352	severe intellectual/ mental delay, autistic features, Hypotonia	C12orf57:NM_001301837:exon1:c.1A>G:p.M1V	https://pubmed.ncbi.nlm.nih.gov/28600779/	
PAVS1353	Dysmorphic facies and Congenital heart defects 	PTPN11:NM_002834:exon13:c.1530G>T:p.Q510H	https://pubmed.ncbi.nlm.nih.gov/28600779/	
PAVS1354	Intellectual disability	ADAT3:NM_138422:exon2:c.430G>A:p.V144M	https://pubmed.ncbi.nlm.nih.gov/28600779/	
PAVS1355	short stature, spondyloepimetaphyseal dysplasia	RAB33B:NM_031296:exon1:c.136A>C:p.K46Q	https://pubmed.ncbi.nlm.nih.gov/28600779/	
PAVS1356	Hypotonia	AHI1:NM_001134830:exon8:c.1328T>A:p.V443D	https://pubmed.ncbi.nlm.nih.gov/28600779/	
PAVS1357	Developmental delay, lactic acidosis	FBXL4:NM_012160:exon8:c.1698A>G:p.I566M C19orf47:NM_001256440:exon7:c.602G>A:p.R201H	https://pubmed.ncbi.nlm.nih.gov/28600779/	
PAVS1358	Severe lactic acidosis 	G6PD:NM_000402:exon6:c.653C>T:p.S218F,G6PD:NM_001042351:exon6:c.563C>T:p.S188F	https://pubmed.ncbi.nlm.nih.gov/28600779/	
PAVS1359	Failure to thrive, microcephaly, fine motor delay,  speech delay, agenesis of corpus callosum, lactic academia	FBXL4:NM_012160:exon8:c.1698A>G:p.I566M	https://pubmed.ncbi.nlm.nih.gov/28600779/	
PAVS1360	gross motor delay, speech delay, elevated alanine, immunodeficiency low IgG, hepatic failure, elevated transaminases, developmental delay	NBAS:NM_015909:exon40:c.4733_4734insCTA:p.Y1578delinsYY	https://pubmed.ncbi.nlm.nih.gov/28600779/	
PAVS1361	growth retardation/short stature,  fine motor delay, speech delay, developmental regression, cataracts, muscle weakness,	SIL1:NM_001037633:exon11:c.1030-9G>A	https://pubmed.ncbi.nlm.nih.gov/28600779/	
PAVS1362	muscle weakness	RYR1:NM_001042723:exon97:c.14194C>T:p.R4732W	https://pubmed.ncbi.nlm.nih.gov/28600779/	
PAVS1363	fine motor delay, gross motor delay, speech delay, severe intellectual disability/MR, aggressive behavior	MECP2:NM_001110792:exon3:c.961C>T:p.R321W	https://pubmed.ncbi.nlm.nih.gov/28600779/	
PAVS1364	sensory autonomic neuropathy, pain/temp sensory deficit	SCN9A:NM_002977:exon16:c.2687G>A:p.R896Q	https://pubmed.ncbi.nlm.nih.gov/28600779/	
PAVS1365	hypotonia, muscle weakness	FKRP:NM_001039885:exon4:c.646C>G:p.R216G	https://pubmed.ncbi.nlm.nih.gov/28600779/	
PAVS1366	Severe neonatal cholestasis with fluctuating  gamma-glutamyl transpeptidase	SMPD1:NM_000543:exon4:c.1267C>T:p.H423Y	https://pubmed.ncbi.nlm.nih.gov/28600779/	
PAVS1367	Chronic cholestasis, progressive liver failure, Failure to Thrive	ABCB4:NM_000443:exon5:c.296C>T:p.S99F	https://pubmed.ncbi.nlm.nih.gov/28600779/	
PAVS1368	neuroregression	CLN6:NM_017882:exon7:c.794_796del:p.265_266del	https://pubmed.ncbi.nlm.nih.gov/28600779/	
PAVS1369	spasticity, spastic diplegia started to evolve in childhood	CYP2U1:NM_183075:exon2:c.947A>T:p.D316V	https://pubmed.ncbi.nlm.nih.gov/28600779/	
PAVS1370	direct hyperbilirubinemia, hyperthyroidism	ABCC2:NM_000392:exon18:c.2273G>T:p.G758V	https://pubmed.ncbi.nlm.nih.gov/28600779/	
PAVS1371	elevated transaminases, jaundice	ABCB4: NM_018849:exon14:c.1560+3A>G	https://pubmed.ncbi.nlm.nih.gov/28600779/	
PAVS1372	Fine/ gross motor delay, speech delay, severe hypotonia, muscle weakness, epilepsy, microcephaly, abnormal movement, visual impairment	GABRD:NM_000815:exon8:c.875C>T:p.T292M	https://pubmed.ncbi.nlm.nih.gov/28600779/	
PAVS1373	Cholestatic jaundice (suspected PFIC)	ABCB4:NM_000443:exon23:c.2906G>A:p.R969H	https://pubmed.ncbi.nlm.nih.gov/28600779/	
PAVS1374	Very long-chain acyl-CoA dehydrogenase deficiency	ACADVL:NM_001033859:exon17:c.1633C>T:p.R545W	https://pubmed.ncbi.nlm.nih.gov/28600779/	
PAVS1375	phenylketonuria, metabolic, hyperphenylalaninemia	PAH:NM_000277:exon8:c.898G>T:p.A300S  PAH:NM_000277:exon5:c.464G>A:p.R155H	https://pubmed.ncbi.nlm.nih.gov/28600779/	
PAVS1376	Hydrops fetalis	GUSB:NM_001284290:exon7:c.991C>T:p.R331W	https://pubmed.ncbi.nlm.nih.gov/28600779/	
PAVS1377	Developmental delay	BCKDHA:NM_000709:exon3:c.347A>G:p.D116G	https://pubmed.ncbi.nlm.nih.gov/28600779/	
PAVS1378	hyperammonemia with suspected argininosuccinic aciduria	ASL:NM_001024943:exon6:c.485A>G:p.Q162R	https://pubmed.ncbi.nlm.nih.gov/28600779/	
PAVS1379	Ventricular septal defect, failure to thrive, growth retardation/short stature, microcephaly, speech delay,	PTPN11:NM_002834:exon4:c.417G>C:p.E139D	https://pubmed.ncbi.nlm.nih.gov/28600779/	
PAVS1380	hepatic failure	ABCB4:NM_018849:exon13:c.1560+3A>G	https://pubmed.ncbi.nlm.nih.gov/28600779/	
PAVS1381	Schimke immuno-osseous dysplasia	SMARCAL1:NM_001127207:exon15:c.2290C>T:p.R764W	https://pubmed.ncbi.nlm.nih.gov/28600779/	
PAVS1382	fine/gross motor delay, speech delay, intellectual disability|Mental retardation, hypertelorism of the eye, hypotonia, prematurity, lactic acidemia/high CSF lactate, 	FARS2:NM_006567:exon5:c.973G>A:p.D325N	https://pubmed.ncbi.nlm.nih.gov/28600779/	
PAVS1383	elevated transaminases, itching, high liver enzymes and bile acids	ABCB4:NM_000443:exon6:c.526C>T:p.R176W	https://pubmed.ncbi.nlm.nih.gov/28600779/	
PAVS1384	Hepatic failure, elevated transaminases, Cholestasis | high liver enzymes	ABCB11:NM_003742:exon8:c.677C>T:p.S226L	https://pubmed.ncbi.nlm.nih.gov/28600779/	
PAVS1385	Severe eczema	TRAF3IP2:NM_001164283:exon4:c.200G>C:p.W67S	https://pubmed.ncbi.nlm.nih.gov/28600779/	
PAVS1386	central hypoventilation |Congenital central hypoventilation syndrome	PHOX2B:NM_003924:exon2:c.296G>T:p.R99L	https://pubmed.ncbi.nlm.nih.gov/28600779/	
PAVS1387	methylmalonic acid	MUT:NM_000255:exon11:c.1820T>G:p.F607C	https://pubmed.ncbi.nlm.nih.gov/28600779/	
PAVS1388	mild hepatomegaly|Glycogen storage disease type III 	PHKA2:NM_000292:exon9:c.884G>A:p.R295H	https://pubmed.ncbi.nlm.nih.gov/28600779/	
PAVS1389	high methylmalonic acid	MUT:NM_000255:exon11:c.1820T>G:p.F607C	https://pubmed.ncbi.nlm.nih.gov/28600779/	
PAVS1390	Fine motor delay, gross motor delay, speech delay, intellectual disability, end-stage renal disease, Hypotonia,	CEP290:NM_025114:exon41:c.5668G>T:p.G1890X	https://pubmed.ncbi.nlm.nih.gov/28600779/	
PAVS1391	Hemochromatosis	HAMP:NM_021175:exon3:c.232T>C:p.C78R	https://pubmed.ncbi.nlm.nih.gov/28600779/	
PAVS1392	abnormal nails/onycholysis, ichthyosis, recurrent mucocutaneous candidiasis	IL17RA:NM_001289905:exon12:c.1472T>C:p.L491P	https://pubmed.ncbi.nlm.nih.gov/28600779/	
PAVS1393	Suspected beta-keto-thiolase deficiency	ACAT1:NM_000019:exon5:c.410C>T:p.S137F	https://pubmed.ncbi.nlm.nih.gov/28600779/	
PAVS1394	inflammatory bowel disease	ITGB2:NM_000211:exon13:c.1756C>T:p.R586W	https://pubmed.ncbi.nlm.nih.gov/28600779/	
PAVS1395	Epilepsy	GAMT:NM_000156:exon5:c.491G>T:p.G164V	https://pubmed.ncbi.nlm.nih.gov/28600779/	
PAVS1396	abetalipoproteinemia	MTTP:NM_001300785:exon13:c.1915G>C:p.G639R	https://pubmed.ncbi.nlm.nih.gov/28600779/	
PAVS1397	Suspected immunodeficiency	TNFRSF13B:NM_012452:exon4:c.515G>A:p.C172Y	https://pubmed.ncbi.nlm.nih.gov/28600779/	
PAVS1398	abetalipoproteinemia	MTTP:NM_001300785:exon13:c.1915G>C:p.G639R	https://pubmed.ncbi.nlm.nih.gov/28600779/	
PAVS1399	Fine motor delay, gross motor delay, speech delay, intellectual disability, learning disability, facial dysmorphism (squint),  corpus callosum collapse, hydronephrosis	C12orf57:NM_001301837:exon1:c.1A>G:p.M1V	https://pubmed.ncbi.nlm.nih.gov/28600779/	
PAVS1400	Neuroregression	ISCA2:NM_194279:exon3:c.229G>A:p.G77S	https://pubmed.ncbi.nlm.nih.gov/28600779/	
PAVS1401	severe microcephaly, Fine/ gross motor delay, aggressive behavior, seizures, unilateral ocular hypoplasia CRT, cognitive blindness	SOS1:NM_005633:exon10:c.1490G>A:p.R497Q	https://pubmed.ncbi.nlm.nih.gov/28600779/	
PAVS1402	severe speech delay, intellectual disability, hypertelorism of eye, seizures, Facial dysmorphism |squint| high forehead, depressed nasal bridge). Girl is more sever than the boy.	ADAT3:NM_138422:exon2:c.430G>A:p.V144M	https://pubmed.ncbi.nlm.nih.gov/28600779/	
PAVS1403	fine/ gross motor delay, speech delay, intellectual disability, hypoketosis, metabolic acidosis, global developmental delay, lactate slightly elevated, MRI:mild calcification in basal ganglia	CA2:NM_000067:exon2:c.232+1G>A	https://pubmed.ncbi.nlm.nih.gov/28600779/	
PAVS1404	severe microcephaly, sever growth retardation |, contractures, microcephaly, hypertelorism of the eye, external ear malformation, high forehead, low set ears, thin upper lip, sparse hair, dwarfism	ESCO2: NM_001017420:exon7:c.1132-7A>G	https://pubmed.ncbi.nlm.nih.gov/28600779/	
PAVS1405	cerebellar atrophy, cataracts, nystagmus,	SIL1: NM_001037633:exon11:c.1030-9G>A	https://pubmed.ncbi.nlm.nih.gov/28600779/	
PAVS1406	Fine motor delay, gross motor delay, speech delay, Intellectual disability/ MR, Learning disability, developmental regression, hypotonia, tonic seizures, hypothyroidism,	KCNA2:NM_004974:exon3:c.1214C>T:p.P405L	https://pubmed.ncbi.nlm.nih.gov/28600779/	
PAVS1407	Microcephaly, speech delay, intellectual disability/MR,	KIF14:NM_001305792:exon23:c.2598G>A:p.? (splicing)	https://pubmed.ncbi.nlm.nih.gov/28600779/	
PAVS1408	developmental delay, blindness,	C12orf57:NM_001301837:exon1:c.1A>G:p.M1V	https://pubmed.ncbi.nlm.nih.gov/28600779/	
PAVS1409	Fine motor delay, microcephaly, gross motor delay, speech delay, developmental regression, hypotonia central, hypertonia peripheral?, leukodystrophy, blindness, constipation, nystagmus,	ISCA2:NM_194279:exon3:c.229G>A:p.G77S	https://pubmed.ncbi.nlm.nih.gov/28600779/	
PAVS1410	Fine motor delay, gross motor delay, speech delay, intellectual disability/MR, ataxia, cerebellar atrophy	ARMC9:NM_001291656:exon17:c.1559C>T:p.Pro522Leu	https://pubmed.ncbi.nlm.nih.gov/28600779/	
PAVS1411	Growth retardation, short stature,	GALNS:NM_000512:exon3:c.245C>T:p.S82L	id	
PAVS1412	muscle weakness,	TTN:NM_003319:exon154:c.58829C>T:p.P19610L	https://pubmed.ncbi.nlm.nih.gov/28600779/	
PAVS1413	Microcephaly, fine motor delay, gross motor delay, speech delay, intellectual disability/ MR, brain atrophy, neuroregression, seizure, white matter changes, optic atrophy	ISCA2:NM_194279:exon3:c.229G>A:p.G77S	https://pubmed.ncbi.nlm.nih.gov/28600779/	
PAVS1414	Epilepsy, developmental delay, mother is pregnant	DNM1:uc022bnx.1:exon1:c.127G>A:p.G43S	https://pubmed.ncbi.nlm.nih.gov/28600779/	
PAVS1415	Intellectual disability, ?precocious puberty	AKAP6:NM_004274:exon4:c.1874A>T:p.Y625F	https://pubmed.ncbi.nlm.nih.gov/28600779/	
PAVS1416	Severe neonatal hypotonia	TPM2:NM_001301226:exon2:c.121G>A:p.E41K	https://pubmed.ncbi.nlm.nih.gov/28600779/	
PAVS1417	Multiple congenital anomalis	PSAT1:NM_021154:exon4:c.233G>C:p.G78A	https://pubmed.ncbi.nlm.nih.gov/28600779/	
PAVS1418	Charcot-Marie-Tooth	NEFL:NM_006158:exon1:c.293A>G:p.N98S	https://pubmed.ncbi.nlm.nih.gov/28600779/	
PAVS1419	failure to thrive, skeletal dysplasia, seizures, diabetes mellitus type I	EIF2AK3:NM_001313915:exon8:c.956C>G:p.S319X	https://pubmed.ncbi.nlm.nih.gov/28600779/	
PAVS1420	Failure to thrive, microcephaly, fine motor delay, gross motor delay, speech delay, intellectual disability/MR, hypotonia, seizures - myoclonic, spasticity, prematurity, pneumonia, positive F/H of dandy walker malformation	AMPD2:NM_203404:exon12:c.1664G>A:p.R555H	https://pubmed.ncbi.nlm.nih.gov/28600779/	
PAVS1421	Progressive muscle weakness and short stature	CHMP2B:NM_014043:exon2:c.85A>G:p.I29V	https://pubmed.ncbi.nlm.nih.gov/28600779/	
PAVS1422	Dysmorphic features, developmental delay, eye glasses and tube insertion?, siblings healthy, paternal cousin with DD and hearing loss, F/H of neonatal jaundice due to ABO incompatibility	SMARCA4:NM_001128845:exon18:c.2681C>T:p.T894M	https://pubmed.ncbi.nlm.nih.gov/28600779/	
