Unnamed: 0	Case	Diagnosis	OMIM	Additional clinical phenotype	Variant 1 Gene	Transcript ID	g.DNA	c.DNA	Amino Acid	Variant 1 Allele State	dbSNP	ESP	ExAC 	ClinVar	Allele frequency in 102 ethnically matched healthy controls	Allele frequency in internal database 59 sample	PolyPhen-2	SIFT	"
Align GVGD"	References PMID	Unnamed: 21	Variant 2  Gene	Transcript ID.1	g.DNA.1	 c.DNA	Amino Acid.1	Variant 2 Allele State	dbSNP.1	ESP.1	MAF ExAC 	Allele frequency in 102 ethnically matched healthy controls.1	Allele frequency in internal database 59 sample.1	ClinVar.1	"PolyPhen-2
"	"
SIFT"	"
Align GVGD.1"	References	normalized_hpos	normalized_hpo_labels	normalized_variants_hgvs	normalized_genes_entrez	normalized_zygosity_geno	normalized_diseases	normalized_disease_labels	reference	pathogenicity	norm_ancestry	norm_country
Cases with two disorders	1.0	phosphoglycerate kinase deficiency & spastic paraplegia type 28	300653 & 609340	Developmental delay, Congenital anomaly, dysmorphic, hears, Diaphragmatic hernia	PGK1	NM_000291.3	ChrX(GRCh38):g.78123223G>C	c.758T>C	p.Ile253Thr	Hemizygous	rs137852534	Absent	Absent	RCV000010628.3	Absent	Absent	PROBABLY DAMAGING	Tolerated	Class C0 	9512313		DDHD1	NM_001160148	Chr14(GRCh38):g.53051921C>A	c.2444G>T	p.Arg815Ile	Homozygous	rs147133475	Eur. Am.: A=0.00% - Afr. Am.: A=0.51%	T=0.092%	Absent	Absent	Absent	POSSIBLY DAMAGING	Deleterious	Class C0 	Noval	['HP:0001258', 'HP:0001263', 'HP:0000364', 'HP:0000776']	['Spastic paraplegia', 'Global developmental delay', 'Hearing abnormality', 'Congenital diaphragmatic hernia']	['NM_000291.3(PGK1):c.758T>C', 'NM_001160148(DDHD1):c.2444G>T']	['5230', '80821']	GENO:0000135	['OMIM:300653', 'OMIM:609340']	['Phosphoglycerate kinase 1 deficiency', 'Spastic paraplegia 28, autosomal recessive']	PMID:28454995	PATHOGENIC	HANCESTRO:0852	GAZ:00005279
	2.0	Ethylmalonic aciduria and renal hypouricemia type 2	612076 & 612076	Passed away at the age of 12 months	SLC2A9	NM_020041.2	Chr4(GRCh38):g.9890687G>A	c.1138C>T	p.Arg380Trp	Heterozygous	rs121908321	Absent	0.02%	RCV000004859.2 	Absent	Absent	PROBABLY DAMAGING	Deleterious	Class C65	24940677		ETFB	NM_001014763.1	Chr19(GRCh38):g.51354365G>A	c.274C>T	p.Phe92Ser	Homozygous	rs766066977	Absent	T=0.00083%	Absent	Absent	Absent	BENIGN	Not scored	Class C0	Noval	['HP:0003219', 'HP:0003537']	['Ethylmalonic aciduria', 'Hypouricemia']	['NM_020041.2(SLC2A9):c.1138C>T', 'NM_001014763.1(ETFB):c.274C>T']	['56606', '2109']	GENO:0000135	['OMIM:612076', 'OMIM:612076']	['Hypouricemia, renal, 2', 'Hypouricemia, renal, 2']	PMID:28454995	PATHOGENIC	HANCESTRO:0852	GAZ:00005279
	3.0	Joubert syndrome 1 & periventricular heterotopia	213300 & 300049	hepatosplenomegaly, developmental delay ,pancytopenia, nystagmus, vermis hypoplasia, renal malformation, polydactyly	INPP5E	NM_019892.4	Chr9(GRCh38):g.136431985G>A	c.1388C>T	p.Ala464Val	Homozygous	rs199956627	Absent	0.00%	Absent	Absent	Absent	BENIGN	Tolerated	Class C0	Novel		FLNA	NM_001110556.1	ChrX(GRCh38):g.154359317G>A	c.4232C>T	p.Ser1411Leu	Hemizygous	Absent	Absent	T=0.046%	Absent	Absent	Absent	POSSIBLY DAMAGING	Deleterious	Class C0	Noval	['HP:0007165', 'HP:0001433', 'HP:0001263', 'HP:0001876', 'HP:0000639', 'HP:0001320', 'HP:0012210', 'HP:0010442']	['Periventricular heterotopia', 'Hepatosplenomegaly', 'Global developmental delay', 'Pancytopenia', 'Nystagmus', 'Cerebellar vermis hypoplasia', 'Abnormal renal morphology', 'Polydactyly']	['NM_019892.4(INPP5E):c.1388C>T', 'NM_001110556.1(FLNA):c.4232C>T']	['56623', '2316']	GENO:0000135	['OMIM:213300', 'OMIM:300049']	['Joubert syndrome 1', 'Heterotopia, periventricular, X-linked dominant']	PMID:28454995	PATHOGENIC	HANCESTRO:0852	GAZ:00005279
	4.0	Autosomal recessive mental retardation 	615286 & 300928	Developmental delay, ataxia, cerebral palsy, microcephaly with normal MRI	ADAT3	NM_138422.2	Chr19(GRCh38):g.1912477G>A	c.430G>A	p.Val144Met	Homozygous	rs730882213	Absent	Absent	RCV000162122.1	Absent	Absent	PROBABLY DAMAGING	Deleterious	Class C0	25558065		MID2	NM_012216.3	ChrX(GRCh38):g.107924465G>A	c.1558G>A	p.Gly520Ser	Hemizygous	rs750972972	Absent	A=0.0011%	Absent	Absent	Absent	PROBABLY DAMAGING	Deleterious	Class C0 	Novel	['HP:0000007', 'HP:0001263', 'HP:0001251', 'HP:0100021', 'HP:0000252']	['Autosomal recessive inheritance', 'Global developmental delay', 'Ataxia', 'Cerebral palsy', 'Microcephaly']	['NM_138422.2(ADAT3):c.430G>A', 'NM_012216.3(MID2):c.1558G>A']	['113179', '11043']	GENO:0000135	['OMIM:615286', 'OMIM:300928']	['Neurodevelopmental disorder with brain abnormalities, poor growth, and dysmorphic facies', 'Intellectual developmental disorder, X-linked 101']	PMID:28454995	PATHOGENIC	HANCESTRO:0852	GAZ:00005279
	5.0	Centronuclear myopathy & cerebral cavernous malformations	614807 & 116860	intellectual disability, megaaloencephalopathy	CCDC78	NM_001031737.2	Chr16(GRCh38):g.724464G>A	c.811C>T	p.Arg271Trp	Homozygous	rs200865845	EA: A=0.00% - AA: A=0.02%	T=0.0036%	Absent	Absent	Absent	PROBABLY DAMAGING	Deleterious	Class C0	Novel		KRIT1	NM_194456.1	Chr7(GRCh38):g.92222833G>A	c.1400C>T	p.Ser467Leu	Heterozygous	Absent	Absent	Absent	Absent	Absent	Absent	PROBABLY DAMAGING	Deleterious	Class C15	Novel	['HP:0003198', 'HP:0033522', 'HP:0001249', 'HP:0001298']	['Myopathy', 'Cerebral cavernous malformation', 'Intellectual disability', 'Encephalopathy']	['NM_001031737.2(CCDC78):c.811C>T', 'NM_194456.1(KRIT1):c.1400C>T']	['124093', '889']	GENO:0000135	['OMIM:614807', 'OMIM:116860']	['Myopathy, centronuclear, 4', 'Cerebral cavernous malformations 1']	PMID:28454995	PATHOGENIC	HANCESTRO:0852	GAZ:00005279
	6.0	Fazio-Londe disease & arrhythmogenic right ventricular dysplasia	211500 & 610193	Caught, feeding difficulties, noisy breathing, PICU addition due to ventricular arrhythmia and post cardiac arrest	SLC52A3	NM_033409.3	Chr20(GRCh38):g.765704C>T	c.71G>A	p.Trp24*	Homozygous	Absent	Absent	Absent	Absent	Absent	Absent				Novel		DSG2	NM_001943.4	Chr18(GRCh38):g.31545725C>T & Chr18(GRCh38):g.31545820G>A	c.2339C>T & c.2434G>A	p.Ala780Val & p.Gly812Ser	Compound Heterozygous	rs547406532 & rs121913010	Absent	T=0.018% & A=0.0017%	Absent	Absent	RCV000181231.1 	POSSIBLY DAMAGING	Deleterious & Tolerated	Class C0	Noval	['HP:0012735', 'HP:0011968', 'HP:0010307', 'HP:0004308', 'HP:0001695']	['Cough', 'Feeding difficulties', 'Stridor', 'Ventricular arrhythmia', 'Cardiac arrest']	['NM_033409.3(SLC52A3):c.71G>A', 'NM_001943.4(DSG2):c.2339C>T & c.2434G>A']	['113278', '1829']	GENO:0000135	['OMIM:211500', 'OMIM:610193']	['Bulbar palsy, progressive, of childhood', 'Arrhythmogenic right ventricular dysplasia, familial, 10']	PMID:28454995	PATHOGENIC	HANCESTRO:0852	GAZ:00005279
	7.0	Lissencephaly - Norman-Roberts type & neuronal ceroid lipofuscinosis	257320 & 600143	lissencephaly, delayed motor development, delayed language development, intellectual disability, hyperreflexia, spasticity, generalized seizures, tetralogy of Fallout. 	RELN	NM_005045.3	Chr7(GRCh38):g.103486339del	c.9841del	p.Ala3281Glnfs*11	Homozygous	Absent	Absent	Absent	Absent	Absent	Absent				Novel		CLN8	NM_018941.3	Chr8(GRCh38):g.1771428A>G	c.374A>G	p.Asn125Ser	Homozygous	rs142269885	EA: G=0.10% - AA: G=0.05%	G=0.082%	Absent	Absent	RCV000187142.1	BENIGN	Deleterious	Class C0	Novel	['HP:0001339', 'HP:0002074', 'HP:0001339', 'HP:0001270', 'HP:0000750', 'HP:0001249', 'HP:0001347', 'HP:0001257', 'HP:0002197', 'HP:0001636']	['Lissencephaly', 'Increased neuronal autofluorescent lipopigment', 'Lissencephaly', 'Motor delay', 'Delayed speech and language development', 'Intellectual disability', 'Hyperreflexia', 'Spasticity', 'Generalized-onset seizure', 'Tetralogy of Fallot']	['NM_005045.3(RELN):c.9841del', 'NM_018941.3(CLN8):c.374A>G']	['5649', '2055']	GENO:0000135	['OMIM:257320', 'OMIM:600143']	['Lissencephaly 2', 'Ceroid lipofuscinosis, neuronal, 8']	PMID:28454995	PATHOGENIC	HANCESTRO:0852	GAZ:00005279
	8.0	Congenital disorder of glycosylation type Ia &  methylmalonic aciduria vblc deficiency	212065 & 277400	Movement disorder	PMM2	NM_000303.2	Chr16(GRCh38):g.8797925G>A	c.43G>A	p.Gly15Arg	Homozygous	rs767831048	Absent	A=0.0013%	Absent	Absent	Absent	POSSIBLY DAMAGING	Tolerated	Class C0	Novel		MMACHC	NM_015506.2	Chr1(GRCh38):g.45508299C>A	c.364C>A	p.His122Asn	Homozygous	rs372918203	EA: A=0.00% - AA: A=0.03%	A=0.0041%	Absent	Absent	Absent	PROBABLY DAMAGING	Deleterious	Class C65	Novel	['HP:0012120', 'HP:0100022']	['Methylmalonic aciduria', 'Abnormality of movement']	['NM_000303.2(PMM2):c.43G>A', 'NM_015506.2(MMACHC):c.364C>A']	['5373', '25974']	GENO:0000135	['OMIM:212065', 'OMIM:277400']	['Congenital disorder of glycosylation, type Ia', 'Methylmalonic aciduria and homocystinuria, cblC type']	PMID:28454995	PATHOGENIC	HANCESTRO:0852	GAZ:00005279
	9.0	Progressive familial intrahepatic cholestasis type 2 & progressive familial intrahepatic cholestasis type 1	601847 & 211600	Intrahepatic cholestasis	ABCB11	NM_003742.2	Chr2(GRCh38):g.168986257C>A	c.936G>T	p.Gln312His	Homozygous	rs770497192	Absent	Absent	Absent	Absent	0.00847457627119	POSSIBLY DAMAGING	Tolerated 	Class C0	19101985		ATP8B1	NM_005603.4(	Chr18(GRCh38):g.57695188C>A	c.923G>T	p.Gly308Val	Homozygous	rs111033609	Absent	Absent	Absent	Absent	RCV000007684.4	PROBABLY DAMAGING	Deleterious	Class C65	5762004 9500542 20852622	['HP:0001406', 'HP:0001406', 'HP:0001406']	['Intrahepatic cholestasis', 'Intrahepatic cholestasis', 'Intrahepatic cholestasis']	['NM_003742.2(ABCB11):c.936G>T', 'NM_005603.4((ATP8B1):c.923G>T']	['8647', '5205']	GENO:0000135	['OMIM:601847', 'OMIM:211600']	['Cholestasis, progressive familial intrahepatic 2', 'Cholestasis, progressive familial intrahepatic 1']	PMID:28454995	PATHOGENIC	HANCESTRO:0852	GAZ:00005279
	10.0	"
Very long-chain acyl-CoA dehydrogenase deficiency
Joubert syndrome type 19
"	201475 & 614844	Global developmental delay and microcephaly	ACADVL	NM_001270447.1	Chr17(GRCh38):g.7221006T>C	c.494T>C	p.Phe165sER	Homozygous	rs398123088	Absent	Absent	RCV000077916.4	Absent	Absent	PROBABLY DAMAGING	Deleterious	Class C0	Novel		ZNF423	NM_015069.3	Chr16(GRCh38):g.49635902C>T	c.3250G>A	p.Val1084Ile	Homozygous	rs759221881	Absent	A=0.011%	Absent	Absent	Absent	BENIGN	ABSENT	Absent	Novel	['HP:0001263', 'HP:0000252']	['Global developmental delay', 'Microcephaly']	['NM_001270447.1(ACADVL):c.494T>C', 'NM_015069.3(ZNF423):c.3250G>A']	['37', '23090']	GENO:0000135	['OMIM:201475', 'OMIM:614844']	['Very long-chain acyl-CoA dehydrogenase deficiency', 'Nephronophthisis 14']	PMID:28454995	PATHOGENIC	HANCESTRO:0852	GAZ:00005279
	11.0	"French Canadian type of Leigh syndrome
 & Primary systemic carnitine deficiency"	220111 & 212140	Cognitive delay, hereditary fructose intolerance and cardiomyopathy	LRPPRC	NM_133259.3	Chr2(GRCh38):g.43973879A>C	c.1177T>G	p.Tyr393Asp	Homozygous	Absent	Absent	Absent	RCV000200464.1	Absent	Absent	PROBABLY DAMAGING	Deleterious	Class C0	Novel		SLC22A5	NM_001308122.1	Chr5(GRCh38):g.132392478G>A	c.1385G>A	p.Gly462Glu	Homozygous	Absent	Absent	Absent	Absent	Absent	Absent	PROBABLY DAMAGING	Deleterious	Class C0	Noval	['HP:0003234', 'HP:0001263', 'HP:0005973', 'HP:0001638']	['Decreased circulating carnitine concentration', 'Global developmental delay', 'Fructose intolerance', 'Cardiomyopathy']	['NM_133259.3(LRPPRC):c.1177T>G', 'NM_001308122.1(SLC22A5):c.1385G>A']	['10128', '6584']	GENO:0000135	['OMIM:220111', 'OMIM:212140']	['Mitochondrial complex IV deficiency, nuclear type 5, (French-Canadian)', 'Carnitine deficiency, systemic primary']	PMID:28454995	PATHOGENIC	HANCESTRO:0852	GAZ:00005279
	12.0	Trichohepatoenteric syndrome & Congenital adrenal hyperplasia	201910 & 614602	Hypotonia, recurrent  metabolic acidosis	CYP21A2 	NM_000500.5	Chr6(GRCh38):g.32040116A>G	c.850A>G	p.Met284Val	Homozygous	Absent	Absent	G=0.0034%	Absent	Absent	Absent	PROBABLY DAMAGING	Deleterious	Class C15	Novel		SKIV2L 	NM_006929.4	Chr6(GRCh38):g.31969535_31969555del	c.3561_3581del	p.Ser1189_Leu1195del	Homozygous	Absent	Absent	Absent	Absent	Absent	Absent				Noval	['HP:0008258', 'HP:0001252', 'HP:0001942']	['Congenital adrenal hyperplasia', 'Hypotonia', 'Metabolic acidosis']	['NM_000500.5(CYP21A2):c.850A>G', 'NM_006929.4(SKIV2L):c.3561_3581del']	['1589', '6499']	GENO:0000135	['OMIM:201910', 'OMIM:614602']	['Adrenal hyperplasia, congenital, due to 21-hydroxylase deficiency', 'Trichohepatoenteric syndrome 2']	PMID:28454995	PATHOGENIC	HANCESTRO:0852	GAZ:00005279
	13.0	Noonan syndrome	615355		RIT1	NM_001256821.1	Chr1(GRCh38):g.155904496A>C	c.295T>G	p.Phe99Val	Heterozygous	Absent	Absent	Absent	RCV000207352.1  RCV000170492.3 	Absent	Absent	POSSIBLY DAMAGING	Deleterious	Class C45	Novel																		[]	[]	['NM_001256821.1(RIT1):c.295T>G']	['64919']	GENO:0000135	['OMIM:615355']	['Noonan syndrome 8']	PMID:28454995	PATHOGENIC	HANCESTRO:0852	GAZ:00005279
	14.0	Pyruvate dehydrogenase E1-alpha deficiency	312170		PDHA1 	NM_001173454.1	ChrX(GRCh38):g.19359622_19359625dup	c.1256_1259dup 	p.Trp421Serfs*6	X-Linked Female	rs606231189	Absent	Absent	RCV000199126.1 RCV000011627.8	Absent	Absent				Novel																		['HP:0001249']	['Intellectual disability']	['NM_001173454.1(PDHA1):c.1256_1259dup']	['5160']	GENO:0000137	['OMIM:312170']	['Pyruvate dehydrogenase e1-alpha deficiency']	PMID:28454995	PATHOGENIC	HANCESTRO:0852	GAZ:00005279
	15.0	 CHILD syndrome	308050	Limb abnormalities, ichthyosis, erythroderma, congenital hemidysplasia	NSDHL	NM_001129765.1	ChrX(GRCh38):g.152858819C>T	c.317C>T	p.Ser106Leu	X-Linked Female	Absent	Absent	Absent	Absent	Absent	Absent	PROBABLY DAMAGING	Deleterious	Class C65	Novel																		['HP:0002813', 'HP:0008064', 'HP:0001019']	['Abnormal limb bone morphology', 'Ichthyosis', 'Erythroderma']	['NM_001129765.1(NSDHL):c.317C>T']	['50814']	GENO:0000137	['OMIM:308050']	['Congenital hemidysplasia with ichthyosiform erythroderma and limb defects']	PMID:28454995	PATHOGENIC	HANCESTRO:0852	GAZ:00005279
	16.0	 Pyruvate dehydrogenase E1-alpha deficiency	312170		PDHA1	NM_000284.3	ChrX(GRCh38):g.19355437C>A	c.692C>A	p.Thr231lys	X-Linked Female	Absent	Absent	Absent	Absent	Absent	Absent	PROBABLY DAMAGING	Deleterious	Class C65	Novel																		['HP:0001249']	['Intellectual disability']	['NM_000284.3(PDHA1):c.692C>A']	['5160']	GENO:0000137	['OMIM:312170']	['Pyruvate dehydrogenase e1-alpha deficiency']	PMID:28454995	PATHOGENIC	HANCESTRO:0852	GAZ:00005279
	17.0	 Mitochondrial complex I deficiency	252010	Cardiomyopathy, seizure, high lactate	NDUFS6	NM_004553.4	Chr5(GRCh38):g.1801497G>A	c.80G>A	p.Cys27Tyr	Homozygous	Absent	Absent	Absent	Absent	Absent	Absent	BENIGN	Tolerated	Class C0	Novel																		['HP:0001638', 'HP:0001250']	['Cardiomyopathy', 'Seizure']	['NM_004553.4(NDUFS6):c.80G>A']	['4726']	GENO:0000136	['OMIM:252010']	['Mitochondrial complex I deficiency, nuclear type 1']	PMID:28454995	PATHOGENIC	HANCESTRO:0852	GAZ:00005279
	18.0	Primary AR  microcephaly	604321	Developmental delay, microcephaly	CASC5	NM_170589.4	Chr15(GRCh38):g.40623079A>T	c.2893A>T	p.Met965Leu	Homozygous	rs145740834	EA: T=0.06% - AA: T=0.03%	T=0.053%	RCV000116551.1	Absent	Absent	BENIGN	Absent	Absent	Novel																		['HP:0011451', 'HP:0001263', 'HP:0000252']	['Primary microcephaly', 'Global developmental delay', 'Microcephaly']	['NM_170589.4(CASC5):c.2893A>T']	['57082']	GENO:0000136	['OMIM:604321']	['Microcephaly 4, primary, autosomal recessive']	PMID:28454995	PATHOGENIC	HANCESTRO:0852	GAZ:00005279
	19.0	Barter syndrome	603788	Developmental delay, dysmorphic, tubulopathy, lactic acid	KCNG1	NM_002237.3	Chr20(GRCh37):g.49621048G>A	c.1070T>C	p.Ala357Val	Homozygous	rs577545086	Absent	Absent	Absent	Absent	Absent	PROBABLY DAMAGING	Tolerated	Class C0	8841184																		['HP:0001263', 'HP:0001999']	['Global developmental delay', 'Abnormal facial shape']	['NM_002237.3(KCNG1):c.1070T>C']	['3755']	GENO:0000136	['OMIM:603788']	['Unknown']	PMID:28454995	PATHOGENIC	HANCESTRO:0852	GAZ:00005279
	20.0	PMID: 27848944 & PMID: 25558065 gene for autosomal recessive brain atrophy and developmental delay	No OMIM number	Progressive myoclonic epilepsy, regression of milestone	PTPN23	NM_015466.3	Chr3(GRCh38):g.47407348A>G	c.904A>G	p.Met302Val	Homozygous	rs748601492	Absent	G=0.0041%	Absent	Absent	Absent	POSSIBLY DAMAGING	Tolerated	Class C0	Novel																		['HP:0000007', 'HP:0001263', 'HP:0002123']	['Autosomal recessive inheritance', 'Global developmental delay', 'Generalized myoclonic seizure']	['NM_015466.3(PTPN23):c.904A>G']	['25930']	GENO:0000136	[]	[]	PMID:28454995	PATHOGENIC	HANCESTRO:0852	GAZ:00005279
	21.0	Infentile epileptic encephalopathy	300672	epileptic encephalopathy, burst suppression	CDKL5	NM_001037343.1	ChrX(GRCh38):g.18579856C>T	c.291C>T	P.Leu97Leu	Homozygous	rs138125282	EA: T=0.00% - AA: T=0.05%	T=0.0011%	Absent	Absent	0.0112359550562				Noval																		['HP:0200134', 'HP:0200134', 'HP:0010851']	['Epileptic encephalopathy', 'Epileptic encephalopathy', 'EEG with burst suppression']	['NM_001037343.1(CDKL5):c.291C>T']	['6792']	GENO:0000136	['OMIM:300672']	['Developmental and epileptic encephalopathy 2']	PMID:28454995	PATHOGENIC	HANCESTRO:0852	GAZ:00005279
	22.0	Cohen syndrome	216550		VPS13b	NM_017890.4	Chr8(GRCh38):g.99778960G>A	c.7783G>A	p.Asn1611Ser	Homozygous	rs140179844	EA: A=0.01% - AA: A=0.36%	A=0.047%	RCV000081915.4	Absent	Absent	POSSIBLY DAMAGING	Absent	Absent	Novel																		['HP:0001252', 'HP:0001249', 'HP:0000252', 'HP:0001999', 'HP:0001875', 'HP:0001513', 'HP:0001382', 'HP:0000556']	['Hypotonia', 'Intellectual disability', 'Microcephaly', 'Abnormal facial shape', 'Decreased total neutrophil count', 'Obesity', 'Joint hypermobility', 'Retinal dystrophy']	['NM_017890.4(VPS13b):c.7783G>A']	['157680']	GENO:0000136	['OMIM:216550']	['Cohen syndrome']	PMID:28454995	PATHOGENIC	HANCESTRO:0852	GAZ:00005279
	23.0	Congenital diarrhea with tufting enteropathy	613217		EPCAM	NM_002354.2	Chr2(GRCh38):g.47377021dup	c.499dup	p.Gln167Profs*21	Homozygous	rs606231204	Absent	Absent	RCV000013612.25	Absent	Absent				19820410 21315192 24142340																		['HP:0002014', 'HP:0002242']	['Diarrhea', 'Abnormal intestine morphology']	['NM_002354.2(EPCAM):c.499dup']	['4072']	GENO:0000136	['OMIM:613217']	['Diarrhea 5, with tufting enteropathy, congenital']	PMID:28454995	PATHOGENIC	HANCESTRO:0852	GAZ:00005279
	24.0	Bardet-Biedl syndrome 4	615982		BBS4	NM_033028.4	Chr15(GRCh38):g.72731384G>T	c.791G>T	p.Cys264Phe	Homozygous	rs200113494	Absent	Absent	Absent	Absent	Absent	Disease causing	Tolerated 	Class C0	Novel																		[]	[]	['NM_033028.4(BBS4):c.791G>T']	['585']	GENO:0000136	['OMIM:615982']	['Bardet-Biedl syndrome 4']	PMID:28454995	PATHOGENIC	HANCESTRO:0852	GAZ:00005279
	25.0	Primary ciliary dyskinesia	608647		HYDIN	NM_001270974.1	Chr16(GRCh38):g.70977800T>C	ch16:70977800ins25BP-ACGGGAAAGCATTTTTAATGATGCGAA		Homozygous	Absent	Absent	Absent	Absent	Absent	Absent				Noval																		['HP:0012265']	['Ciliary dyskinesia']	['NM_001270974.1(HYDIN):c.ch16:70977800ins25BP-ACGGGAAAGCATTTTTAATGATGCGAA']	['54768']	GENO:0000136	['OMIM:608647']	['Ciliary dyskinesia, primary, 5']	PMID:28454995	PATHOGENIC	HANCESTRO:0852	GAZ:00005279
	26.0	Neurodegeneration with brain iron accumulation 2B	610217	Severe global developmental delay, hypotonia, facial dysmorphism and bilateral club feet	PLA2G6	NM_003560.2	Chr22(GRCh38):g.38112547G>A	c.2233C>T	p.Arg745Trp	Homozygous	rs587784350	Absent	Absent	RCV000147317.1	Absent	Absent	PROBABLY DAMAGING	Deleterious 	Class C65	Noval																		['HP:0002180', 'HP:0011344', 'HP:0001252', 'HP:0001999', 'HP:0001776']	['Neurodegeneration', 'Severe global developmental delay', 'Hypotonia', 'Abnormal facial shape', 'Bilateral talipes equinovarus']	['NM_003560.2(PLA2G6):c.2233C>T']	['8398']	GENO:0000136	['OMIM:610217']	['Neurodegeneration with brain iron accumulation 2B']	PMID:28454995	PATHOGENIC	HANCESTRO:0852	GAZ:00005279
	27.0	Temtamy syndrome	218340	Severe mental retardation and moderate developmental delay, autistic behavior	C12orf57	NM_001301834.1	Chr12(GRCh38):g.6944122A>G	c.1A>G	p.Met1?	Homozygous	rs587776954	Absent	G=0.0041%	RCV000034852.7  RCV000162118.1	Absent	Absent				Noval																		['HP:0010864', 'HP:0011343', 'HP:0000729']	['Severe intellectual disability', 'Moderate global developmental delay', 'Autistic behavior']	['NM_001301834.1(C12orf57):c.1A>G']	['113246']	GENO:0000136	['OMIM:218340']	['Temtamy syndrome']	PMID:28454995	PATHOGENIC	HANCESTRO:0852	GAZ:00005279
	28.0	Aicardi-Goutieres syndrome 	612952	Motor delay, speech delay, intellectual disability and short stature	SAMHD1	NM_015474.3	Chr20(GRCh38):g.36927231_36927232del	c.646_647del	p.Met216fs	Homozygous	rs768019897	EA: C=0.00% - AA: C=0.02%	0.00%	Absent	Absent	Absent				24335234																		['HP:0001270', 'HP:0000750', 'HP:0001249', 'HP:0004322']	['Motor delay', 'Delayed speech and language development', 'Intellectual disability', 'Short stature']	['NM_015474.3(SAMHD1):c.646_647del']	['25939']	GENO:0000136	['OMIM:612952']	['Aicardi-Goutieres syndrome 5']	PMID:28454995	PATHOGENIC	HANCESTRO:0852	GAZ:00005279
	29.0	Limb-girdle muscular dystrophy-dystroglycanopathy type C5	607155	Motor delay, generalized hypotonia and increased creatine kinase level	FKRP	NM_001039885.2	Chr19(GRCh38):g.46756814C>T	c.1364C>A	p.Ala455D	Homozygous	rs28937903	Absent	T=0.0014%	Absent	Absent	Absent	POSSIBLY DAMAGING	Tolerated	Class C0	Noval																		['HP:0006785', 'HP:0001270', 'HP:0001290', 'HP:0003236']	['Limb-girdle muscular dystrophy', 'Motor delay', 'Generalized hypotonia', 'Elevated circulating creatine kinase concentration']	['NM_001039885.2(FKRP):c.1364C>A']	['79147']	GENO:0000136	['OMIM:607155']	['Muscular dystrophy-dystroglycanopathy (limb-girdle), type C, 5']	PMID:28454995	PATHOGENIC	HANCESTRO:0852	GAZ:00005279
	30.0	Early onset myopathy with fatal cardiomyopathy	611705		TTN	NM_001267550.1	Chr2(GRCh38):g.178530118T>C	c.106375-2A>G		Homozygous	Absent	Absent	Absent	Absent	Absent	Absent				Noval																		['HP:0003198', 'HP:0001638']	['Myopathy', 'Cardiomyopathy']	['NM_001267550.1(TTN):c.106375-2A>G']	['7276']	GENO:0000136	['OMIM:611705']	['Congenital myopathy 5 with cardiomyopathy']	PMID:28454995	PATHOGENIC	HANCESTRO:0852	GAZ:00005279
	31.0	Combined oxydative phosphrylation deficiency 17	615440	Hypertrophic cardiomyopathy 	ELAC2 	NM_018127.6	Chr17(GRCh38):g.13014469A>G	c.460T>C 	p.Phe154Leu	Homozygous	rs397515465	Absent	C=0.00082%	RCV000056276.3	Absent	Absent	PROBABLY DAMAGING	Deleterious	Class C0	Noval																		['HP:0001639']	['Hypertrophic cardiomyopathy']	['NM_018127.6(ELAC2):c.460T>C']	['60528']	GENO:0000136	['OMIM:615440']	['Combined oxidative phosphorylation deficiency 17']	PMID:28454995	PATHOGENIC	HANCESTRO:0852	GAZ:00005279
	32.0	Galactosialidosis	256540	Coarse facies, high oligosaccharides in urine	CTSA 	NM_000308.2	Chr20(GRCh38):g.45893218A>G	c.655-2A>G		Homozygous	rs778159802	Absent	G=0.00082%	Absent	Absent	Absent				Noval																		['HP:0000280']	['Coarse facial features']	['NM_000308.2(CTSA):c.655-2A>G']	['5476']	GENO:0000136	['OMIM:256540']	['Galactosialidosis']	PMID:28454995	PATHOGENIC	HANCESTRO:0852	GAZ:00005279
	33.0	Artereial tortuosity syndrome	208050	tortuous pulmonary arteries	SLC2A10 	NM_030777.3	Chr20(GRCh38):g.46725279C>G	c.243C>G 	p.Ser81Arg	Homozygous	rs80358230	Absent	Absent	RCV000004850.3	Absent	Absent	PROBABLY DAMAGING	Deleterious	Class C25	18774132																		['HP:0005116']	['Arterial tortuosity']	['NM_030777.3(SLC2A10):c.243C>G']	['81031']	GENO:0000136	['OMIM:208050']	['Arterial tortuosity syndrome']	PMID:28454995	PATHOGENIC	HANCESTRO:0852	GAZ:00005279
	34.0	Asparagine synthetase deficiency	615574	Microcephaly, seizure disorders	ASNS 	NM_183356.3	Chr7(GRCh38):g.97854658T>C	c.1160A>G 	p.Tyr377Cys	Homozygous	Absent	Absent	Absent	Absent	Absent	Absent	BENIGN	Tolerated	Class C0	4486270																		['HP:0000252', 'HP:0001250']	['Microcephaly', 'Seizure']	['NM_183356.3(ASNS):c.1160A>G']	['440']	GENO:0000136	['OMIM:615574']	['Asparagine synthetase deficiency']	PMID:28454995	PATHOGENIC	HANCESTRO:0852	GAZ:00005279
	35.0	Galactosemia	230400		GALT 	NM_000155.2	Chr9(GRCh38):g.34647858C>T	c.404C>T 	p.Ser135Leu	Homozygous	rs111033690	EA: T=0.00% - AA: T=0.25%	T=0.035%	RCV000185915.1 RCV000003802.5	Absent	Absent	POSSIBLY DAMAGING	Deleterious	Class C15	15841485																		['HP:0012024']	['Hypergalactosemia']	['NM_000155.2(GALT):c.404C>T']	['2592']	GENO:0000136	['OMIM:230400']	['Galactosemia']	PMID:28454995	PATHOGENIC	HANCESTRO:0852	GAZ:00005279
	36.0	Spastic Paraplegia	615030	Abnormal white matter on MRI, motor development regression 	CYP2U1 	NM_183075.2	Chr4(GRCh38):g.107945426A>T	c.947A>T	p.Asp316Val	Homozygous	rs397514513	Absent	Absent	RCV000162142.1 RCV000162185.1 RCV000032696.2 	Absent	0.0169491525424	PROBABLY DAMAGING	Deleterious	Class C65 	25558065																		['HP:0001258']	['Spastic paraplegia']	['NM_183075.2(CYP2U1):c.947A>T']	['113612']	GENO:0000136	['OMIM:615030']	['Spastic paraplegia 56, autosomal recessive']	PMID:28454995	PATHOGENIC	HANCESTRO:0852	GAZ:00005279
	37.0	Orofaciodigital Syndrome V	174300	polydactyly, CHD, bifid uvula, lobulated tongue	DDX59 	NM_001031725.4	Chr1(GRCh38):g.200644458_200644460del	c.1654_1656del 	p.Asn552del 	Homozygous	Absent	Absent	Absent	Absent	Absent	Absent				Noval																		['HP:0010442', 'HP:0000193', 'HP:0000180']	['Polydactyly', 'Bifid uvula', 'Lobulated tongue']	['NM_001031725.4(DDX59):c.1654_1656del']	['83479']	GENO:0000136	['OMIM:174300']	['Orofaciodigital syndrome V']	PMID:28454995	PATHOGENIC	HANCESTRO:0852	GAZ:00005279
	38.0	Early onset myopathy with fatal cardiomyopathy 	611705		TTN 	NM_001267550.1	Chr2(GRCh38):g.178711061C>A	c.28174+1G>T		Homozygous	Absent	Absent	Absent	Absent	Absent	Absent				Noval																		['HP:0003198', 'HP:0001638']	['Myopathy', 'Cardiomyopathy']	['NM_001267550.1(TTN):c.28174+1G>T']	['7276']	GENO:0000136	['OMIM:611705']	['Congenital myopathy 5 with cardiomyopathy']	PMID:28454995	PATHOGENIC	HANCESTRO:0852	GAZ:00005279
	39.0	Temtamy syndrome	218340	Autism, dysmorphic features, GDD	C12orf57	NM_001301834.1	Chr12(GRCh38):g.6944122A>G	c.1A>G 	p.Met1?	Homozygous	rs587776954	Asent	G=0.0041%	RCV000034852.7 RCV000162118.1 	Absent	Absent				23453665																		['HP:0000717', 'HP:0001263']	['Autism', 'Global developmental delay']	['NM_001301834.1(C12orf57):c.1A>G']	['113246']	GENO:0000136	['OMIM:218340']	['Temtamy syndrome']	PMID:28454995	PATHOGENIC	HANCESTRO:0852	GAZ:00005279
	40.0	AR Mental retardation	614202		MAN1B1 	NM_016219.3	Chr9(GRCh38):g.137088943G>A	c.403G>A 	p.Val135Ile	Homozygous	rs75442795	EA: A=0.01% - AA: A=0.41%	A=0.053%	RCV000117587.1	Absent	Absent	BENIGN	Tolerated	Class C0	Noval																		['HP:0000007', 'HP:0001249']	['Autosomal recessive inheritance', 'Intellectual disability']	['NM_016219.3(MAN1B1):c.403G>A']	['11253']	GENO:0000136	['OMIM:614202']	['Rafiq syndrome']	PMID:28454995	PATHOGENIC	HANCESTRO:0852	GAZ:00005279
	41.0	Primary AR microcephaly	614852	developmental delay , seizures, and nystagmus	CEP152	NM_001194998.1	Chr15(GRCh38):g.48767209C>T	c.2148-17G>A	p.?	Homozygous	rs751691427	Absent	A=0.012%	Absent	Absent	Absent				Noval																		['HP:0011451', 'HP:0001263', 'HP:0001250', 'HP:0000639']	['Primary microcephaly', 'Global developmental delay', 'Seizure', 'Nystagmus']	['NM_001194998.1(CEP152):c.2148-17G>A']	['22995']	GENO:0000136	['OMIM:614852']	['Microcephaly 9, primary, autosomal recessive']	PMID:28454995	PATHOGENIC	HANCESTRO:0852	GAZ:00005279
	42.0	Warburg micro syndrome	600118	GDD, cataract, spastic quadriplegia	RAB3GAP1 	NM_001172435.1	Chr2(GRCh38):g.135115292C>T	c.559C>T 	p.Arg187*	Homozygous	rs764260054	Absent	T=0.0016%	Absent	Absent	Absent				Noval																		['HP:0001263', 'HP:0000518', 'HP:0002510']	['Global developmental delay', 'Cataract', 'Spastic tetraplegia']	['NM_001172435.1(RAB3GAP1):c.559C>T']	['22930']	GENO:0000136	['OMIM:600118']	['Warburg micro syndrome 1']	PMID:28454995	PATHOGENIC	HANCESTRO:0852	GAZ:00005279
	43.0	Spactic quadriplegic cerebral palsy	603513	Dysmorphic features, hypotonia, severe developmental delay, myoclonic seizures 	GAD1 	NM_000817.2	Chr2(GRCh38):g.170854011T>G	c.1402T>G 	p.Trp468Gly	Homozygous	Absent	Absent	Absent	Absent	Absent	Absent	PROBABLY DAMAGING			Noval																		['HP:0002510', 'HP:0001999', 'HP:0001252', 'HP:0011344', 'HP:0032794']	['Spastic tetraplegia', 'Abnormal facial shape', 'Hypotonia', 'Severe global developmental delay', 'Myoclonic seizure']	['NM_000817.2(GAD1):c.1402T>G']	['2571']	GENO:0000136	['OMIM:603513']	['Unknown']	PMID:28454995	PATHOGENIC	HANCESTRO:0852	GAZ:00005279
	44.0	Primary microcephaly 	608716	Microcephaly, developmental delay	ASPM 	NM_018136.4	Chr1(GRCh38):g.197101234G>A	c.8017C>T 	p.Gln2673*	Homozygous	rs587783275	Absent	Absent	RCV000145206.1	Absent	Absent				Noval																		['HP:0011451', 'HP:0000252', 'HP:0001263']	['Primary microcephaly', 'Microcephaly', 'Global developmental delay']	['NM_018136.4(ASPM):c.8017C>T']	['259266']	GENO:0000136	['OMIM:608716']	['Microcephaly 5, primary, autosomal recessive']	PMID:28454995	PATHOGENIC	HANCESTRO:0852	GAZ:00005279
	45.0	Limb-girdle Muscular dystrophy 	607155	Increased CK levels, muscular dystrophy and myopathy	FKRP 	NM_001039885.2	Chr19(GRCh38):g.46756462G>T	c.1012G>T 	p.Val338Leu	Homozygous	Absent	Absent	Absent	Absent	Absent	Absent				Noval																		['HP:0006785', 'HP:0003560', 'HP:0003198']	['Limb-girdle muscular dystrophy', 'Muscular dystrophy', 'Myopathy']	['NM_001039885.2(FKRP):c.1012G>T']	['79147']	GENO:0000136	['OMIM:607155']	['Muscular dystrophy-dystroglycanopathy (limb-girdle), type C, 5']	PMID:28454995	PATHOGENIC	HANCESTRO:0852	GAZ:00005279
	46.0	Bainbridge Ropers Syndrome	615485	Hypotonia, GDD, brain atrophy	ASXL3 	NM_030632.1	Chr18(GRCh38):g.33739875C>T	c.2471C>T 	p.Pro824Leu	Homozygous	rs764053964	Absent	T=0.0017%	Absent	Absent	Absent	BENIGN	Tolerated	Class C0	Noval																		['HP:0001252', 'HP:0001263', 'HP:0012444']	['Hypotonia', 'Global developmental delay', 'Brain atrophy']	['NM_030632.1(ASXL3):c.2471C>T']	['80816']	GENO:0000136	['OMIM:615485']	['Bainbridge-Ropers syndrome']	PMID:28454995	PATHOGENIC	HANCESTRO:0852	GAZ:00005279
	47.0	Heridetary spherocytosis type 3	270970	hepatosplenomegaly, anemia, thrombocytopenia with normal growth and development	SPTA1	NM_003126.2	Chr1(GRCh38):g.158636688G>C	c.5263C>G 	p.His1755Asp	Homozygous	Absent	Absent	Absent	Absent	Absent	0.00847457627119	PROBABLY DAMAGING	Deleterious	Class C0	Noval																		['HP:0004444', 'HP:0001433', 'HP:0001903', 'HP:0001873']	['Spherocytosis', 'Hepatosplenomegaly', 'Anemia', 'Thrombocytopenia']	['NM_003126.2(SPTA1):c.5263C>G']	['6708']	GENO:0000136	['OMIM:270970']	['Spherocytosis, autosomal recessive']	PMID:28454995	PATHOGENIC	HANCESTRO:0852	GAZ:00005279
	48.0	Spinocerebellar ataxia 	616354		SNX14 	NM_153816.5	Chr6(GRCh38):g.85507991G>A	c.2722C>T	p. Gln908*	Homozygous	Absent	Absent	Absent	Absent	Absent	Absent				Noval																		['HP:0001251']	['Ataxia']	['NM_153816.5(SNX14):c.2722C>T']	['57231']	GENO:0000136	['OMIM:616354']	['Spinocerebellar ataxia, autosomal recessive 20']	PMID:28454995	PATHOGENIC	HANCESTRO:0852	GAZ:00005279
	49.0	3- methylglutaconic aciduria with deafness, encephalopathy, and leigh-like syndrome	614739	GDD, hypotonia, choreathetoid movement,  increased 3-methylglutaconic acid	SERAC1 	NM_032861.3	Chr6(GRCh38):g.158146831del	c.438del	p.Thr147Argfs*22	Homozygous	Absent	Absent	Absent	Absent	Absent	Absent				Noval																		['HP:0003535', 'HP:0000365', 'HP:0001298', 'HP:0001263', 'HP:0001252', 'HP:0001266']	['3-Methylglutaconic aciduria', 'Hearing impairment', 'Encephalopathy', 'Global developmental delay', 'Hypotonia', 'Choreoathetosis']	['NM_032861.3(SERAC1):c.438del']	['84947']	GENO:0000136	['OMIM:614739']	['3-Methylglutaconic aciduria with deafness, encephalopathy, and leigh-like syndrome']	PMID:28454995	PATHOGENIC	HANCESTRO:0852	GAZ:00005279
	50.0	Mitochondrial Complex 1 Deficiency 	252010		NDUFS1 	NM_001199984.1	Chr2(GRCh38):g.206124248C>T	c.2163G>A	p.Met721Ile	Homozygous	Absent	Absent	Absent	Absent	Absent	Absent	PROBABLY DAMAGING	Deleterious 	Class C0	Noval																		[]	[]	['NM_001199984.1(NDUFS1):c.2163G>A']	['4719']	GENO:0000136	['OMIM:252010']	['Mitochondrial complex I deficiency, nuclear type 1']	PMID:28454995	PATHOGENIC	HANCESTRO:0852	GAZ:00005279
	51.0	Leukoencephalopathy with vanishing white matter	603896		EIF2B2	NM_014239.3	Chr14(GRCh38):g.75004894C>G	c.591C>G	p.Phe197Leu	Homozygous	Absent	Absent	Absent	Absent	Absent	Absent	BENIGN	Tolerated	Class C0	Noval																		['HP:0002352']	['Leukoencephalopathy']	['NM_014239.3(EIF2B2):c.591C>G']	['8892']	GENO:0000136	['OMIM:603896']	['Leukoencephalopathy with vanishing white matter']	PMID:28454995	PATHOGENIC	HANCESTRO:0852	GAZ:00005279
	52.0	Cerebral ataxia, MR, dysequilibrium syndrome 4	615268		ATP8A2	NM_016529.5	Chr13(GRCh38):g.25828187A>G	c.2749A>G	p.Asn917Asp	Homozygous	Absent	Absent	Absent	Absent	Absent	Absent		Deleterious	Class C15	Noval																		['HP:0002073']	['Progressive cerebellar ataxia']	['NM_016529.5(ATP8A2):c.2749A>G']	['51761']	GENO:0000136	['OMIM:615268']	['Cerebellar ataxia, impaired intellectual development, and dysequilibrium syndrome 4']	PMID:28454995	PATHOGENIC	HANCESTRO:0852	GAZ:00005279
	53.0	Multiple Sulfatase Deficiency	272200	autistic feature, hyperactivity, poor attention and concentration. Lost speech. Microcephaly	SUMF1	NM_182760.3	Chr3(GRCh38):g.4417183T>C	c.785A>G	p.Gln262Arg	Homozygous	Absent	Absent	Absent	Absent	Absent	Absent	PROBABLY DAMAGING	Deleterious	Class C35 	Noval																		['HP:0001249', 'HP:0000729', 'HP:0000752', 'HP:0000736', 'HP:0031987', 'HP:0000252']	['Intellectual disability', 'Autistic behavior', 'Hyperactivity', 'Short attention span', 'Diminished ability to concentrate', 'Microcephaly']	['NM_182760.3(SUMF1):c.785A>G']	['285362']	GENO:0000136	['OMIM:272200']	['Multiple sulfatase deficiency']	PMID:28454995	PATHOGENIC	HANCESTRO:0852	GAZ:00005279
	54.0	Ethylmalonic Encephalopathy	602473		ETHE1	NM_014297.3	Chr19(GRCh38):g.43508778dup	c.592dupC	p.His198Profs*23	Homozygous	Absent	Absent	Absent	Absent	Absent	Absent				Noval																		['HP:0003219', 'HP:0001298']	['Ethylmalonic aciduria', 'Encephalopathy']	['NM_014297.3(ETHE1):c.592dupC']	['23474']	GENO:0000136	['OMIM:602473']	['Encephalopathy, ethylmalonic']	PMID:28454995	PATHOGENIC	HANCESTRO:0852	GAZ:00005279
	55.0	Alazami Syndrome 	615071	Cleft palate, microcephaly, GDD, FTT	LARP7	NM_001267039.1	Chr4(GRCh38):g.112647716_112647722dup	c.1045_1051dupAAGGATA	p.Thr351Lysfs*9	Homozygous	Absent	Absent	Absent	Absent	Absent	Absent				26607181																		['HP:0000175', 'HP:0000252', 'HP:0001263', 'HP:0001508']	['Cleft palate', 'Microcephaly', 'Global developmental delay', 'Failure to thrive']	['NM_001267039.1(LARP7):c.1045_1051dupAAGGATA']	['51574']	GENO:0000136	['OMIM:615071']	['Alazami syndrome']	PMID:28454995	PATHOGENIC	HANCESTRO:0852	GAZ:00005279
	56.0	SAP-B deficiency metachromatic leukodystrophy 	249900	Developmental regression, macrocephaly, axial hypotonia, triangular face	PSAP	NM_001042465.1	Chr10(GRCh38):g.71825892C>G	c.722G>C	p.Cys241Ser	Homozygous	rs121918104	Absent	Absent	RCV000014291.23	Absent	Absent	PROBABLY DAMAGING	Deleterious	Class C0	Noval																		['HP:0002415', 'HP:0002376', 'HP:0000256', 'HP:0008936', 'HP:0000325']	['Leukodystrophy', 'Developmental regression', 'Macrocephaly', 'Axial hypotonia', 'Triangular face']	['NM_001042465.1(PSAP):c.722G>C']	['729238']	GENO:0000136	['OMIM:249900']	['Metachromatic leukodystrophy due to saposin B deficiency']	PMID:28454995	PATHOGENIC	HANCESTRO:0852	GAZ:00005279
	57.0	Neuronal ceroid lipofuscinosis type 8	600143		CLN8	NM_018941.3	Chr8(GRCh38):g.1780512A>T	c.806A>T	p.Glu269Val	Homozygous	rs139003032	EA: T=0.02% - AA: T=0.02%	T=0.034%	RCV000177311.1 RCV000187131.2	Absent	0.0169491525424	BENIGN	Tolerated	Class C0	Noval																		['HP:0002074']	['Increased neuronal autofluorescent lipopigment']	['NM_018941.3(CLN8):c.806A>T']	['2055']	GENO:0000136	['OMIM:600143']	['Ceroid lipofuscinosis, neuronal, 8']	PMID:28454995	PATHOGENIC	HANCESTRO:0852	GAZ:00005279
	58.0	Nephrotic Syndrome, type 9	615573		ADCK4	NM_024876.3	Chr19(GRCh38):g.40705140G>A	c.532C>T	p.Arg178Trp	Homozygous	rs398122978	Absent	T=0.0010%	RCV000077753.2	Absent	Absent	PROBABLY DAMAGING	Deleterious	Class C65	Noval																		['HP:0000100']	['Nephrotic syndrome']	['NM_024876.3(ADCK4):c.532C>T']	['79934']	GENO:0000136	['OMIM:615573']	['Nephrotic syndrome, type 9']	PMID:28454995	PATHOGENIC	HANCESTRO:0852	GAZ:00005279
	59.0	Infentile epileptic encephalopathy 3	609304	GDD, infantile spasm, hypsarrhythmia on EEG	SLC25A22	NM_001191060.1	Chr11(GRCh38):g.792206G>A	c.754C>T	p.Arg252Trp	Homozygous	Absent	Absent	Absent	Absent	Absent	Absent	PROBABLY DAMAGING	Deleterious	Class C65	Noval																		['HP:0200134', 'HP:0001263', 'HP:0012469', 'HP:0002521']	['Epileptic encephalopathy', 'Global developmental delay', 'Infantile spasms', 'Hypsarrhythmia']	['NM_001191060.1(SLC25A22):c.754C>T']	['79751']	GENO:0000136	['OMIM:609304']	['Epileptic encephalopathy, early infantile, 3']	PMID:28454995	PATHOGENIC	HANCESTRO:0852	GAZ:00005279
	60.0	Johanson Blizzard Syndrome	243800	Aplasia cutis in scalp, bird-like nose, low set ears, imperforated anus	UBR1	NM_174916.2	Chr15(GRCh38):g.43048492C>T	c.1440-1G>A 		Homozygous	Absent	Absent	Absent	Absent	Absent	Absent				Noval																		['HP:0007385', 'HP:0000320', 'HP:0000369', 'HP:0002023']	['Aplasia cutis congenita of scalp', 'Bird-like facies', 'Low-set ears', 'Anal atresia']	['NM_174916.2(UBR1):c.1440-1G>A']	['197131']	GENO:0000136	['OMIM:243800']	['Johanson-Blizzard syndrome']	PMID:28454995	PATHOGENIC	HANCESTRO:0852	GAZ:00005279
	61.0	Acyl-CoA dehydrogenase, short-chain deficiency	201470	Myoclonic epilepsy, increased ethylmalonic acid	ACADS	NM_000017.3	Chr12(GRCh38):g.120727115C>T	c.136C>T	p.Arg46Trp*	Homozygous	rs121908003	Absent	T=0.012%	"RCV000004029.4  RCV000185706.2
"	Absent	Absent				Noval																		['HP:0002123']	['Generalized myoclonic seizure']	['NM_000017.3(ACADS):c.136C>T']	['35']	GENO:0000136	['OMIM:201470']	['Acyl-Coa dehydrogenase, short-chain, deficiency of']	PMID:28454995	PATHOGENIC	HANCESTRO:0852	GAZ:00005279
	62.0	Poikiloderma with neutropenia 	604173	skin hypopigmentation dyschromatosis hereditaria universalis, renal impairment	C16orf57	NM_024598.3	Chr16(GRCh38):g.58010033T>C	c.370T>C	p.Ser124Pro	Homozygous	Absent	Absent	Absent	Absent	Absent	Absent	PROBABLY DAMAGING	Absent	Absent	Noval																		['HP:0001029', 'HP:0001875', 'HP:0001010', 'HP:0000083']	['Poikiloderma', 'Decreased total neutrophil count', 'Hypopigmentation of the skin', 'Renal insufficiency']	['NM_024598.3(C16orf57):c.370T>C']	['79650']	GENO:0000136	['OMIM:604173']	['Poikiloderma with neutropenia']	PMID:28454995	PATHOGENIC	HANCESTRO:0852	GAZ:00005279
	63.0	AR Early onset parkinson disease 	605909	neuroregression and dystonia which respond to L‐dopa	PINK1	NM_032409.2	Chr1(GRCh38):g.20639990C>A	c.774C>A	p.Tyr258*	Homozygous	rs756783990	Absent	A=0.0015%	Absent	Absent	Absent				20558144																		['HP:0003674', 'HP:0002376', 'HP:0001332', 'HP:0002548']	['Onset', 'Developmental regression', 'Dystonia', 'Parkinsonism with favorable response to dopaminergic medication']	['NM_032409.2(PINK1):c.774C>A']	['65018']	GENO:0000136	['OMIM:605909']	['Parkinson disease 6, autosomal recessive early-onset']	PMID:28454995	PATHOGENIC	HANCESTRO:0852	GAZ:00005279
	64.0	Short-rib thoracic dysplasia with polydactyly	617088	narrow chest, short limbs (rhizomelic), small hands, polydactyly	DYNC2LI1	NM_001193464.1	Chr2(GRCh38):g.43776789C>T	c.16C>T	p.Leu6Phe	Homozygous	rs146698690	EA: T=0.00% - AA: T=0.89%	T=0.074%	Absent	Absent	Absent	PROBABLY DAMAGING	DELETERIOUS	Class C0	Noval																		['HP:0006644', 'HP:0010442', 'HP:0000774', 'HP:0008905', 'HP:0200055']	['Thoracic dysplasia', 'Polydactyly', 'Narrow chest', 'Rhizomelia', 'Small hand']	['NM_001193464.1(DYNC2LI1):c.16C>T']	['51626']	GENO:0000136	['OMIM:617088']	['Short-rib thoracic dysplasia 15 with polydactyly']	PMID:28454995	PATHOGENIC	HANCESTRO:0852	GAZ:00005279
	65.0	Osteopetrosis, with renal tubular acidosis	259730	GDD, Cervical hypotonia, behavioral abnormalities	CA2	NM_000067.2	Chr8(GRCh38):g.85465470G>A	c.232+1G>A		Homozygous	rs573750741	Absent	A=0.0010%	Absent	Absent	Absent				Noval																		['HP:0011002', 'HP:0001947', 'HP:0001263', 'HP:0000708']	['Osteopetrosis', 'Renal tubular acidosis', 'Global developmental delay', 'Atypical behavior']	['NM_000067.2(CA2):c.232+1G>A']	['760']	GENO:0000136	['OMIM:259730']	['Osteopetrosis, autosomal recessive 3']	PMID:28454995	PATHOGENIC	HANCESTRO:0852	GAZ:00005279
	66.0	Homocystinuria	236200		CBS	NM_001178009.1	Chr21(GRCh38):g.43062344G>A	c.1006C>T	p.Arg336Cys	Homozygous	rs398123151	Absent	T=0.0017%	RCV000169310.2 RCV000078105.5 	Absent	Absent	PROBABLY DAMAGING	DELETERIOUS	Class C0	23757202																		[]	[]	['NM_001178009.1(CBS):c.1006C>T']	['875']	GENO:0000136	['OMIM:236200']	['Homocystinuria due to cystathionine beta-synthase deficiency']	PMID:28454995	PATHOGENIC	HANCESTRO:0852	GAZ:00005279
	67.0	Spastic tetraplegia, thin corpus callosum, and progressive microcephaly	616657	acquired microcephaly, spastic quadriplegia, seizure	SLC1A4	NM_003038.4	Chr2(GRCh38):g.65018672T>C	c.1357T>C	pTrp453Arg	Homozygous	Absent	Absent	Absent	Absent	Absent	Absent	PROBABLY DAMAGING	DELETERIOUS	Class C65	Noval																		['HP:0002510', 'HP:0033725', 'HP:0000253', 'HP:0005484', 'HP:0002510', 'HP:0001250']	['Spastic tetraplegia', 'Thin corpus callosum', 'Progressive microcephaly', 'Secondary microcephaly', 'Spastic tetraplegia', 'Seizure']	['NM_003038.4(SLC1A4):c.1357T>C']	['6509']	GENO:0000136	['OMIM:616657']	['Spastic tetraplegia, thin corpus callosum, and progressive microcephaly']	PMID:28454995	PATHOGENIC	HANCESTRO:0852	GAZ:00005279
	68.0	Congenital diarrhea with tufting enteropathy 	613217		EPCAM	NM_002354.2	Chr2(GRCh38):g.47377021dup	c.499dup	p.Gln167Profs*21	Homozygous	rs606231204	Absent	Absent	RCV000013612.25	Absent	Absent				19820410 21315192 24142340																		['HP:0002014', 'HP:0002242']	['Diarrhea', 'Abnormal intestine morphology']	['NM_002354.2(EPCAM):c.499dup']	['4072']	GENO:0000136	['OMIM:613217']	['Diarrhea 5, with tufting enteropathy, congenital']	PMID:28454995	PATHOGENIC	HANCESTRO:0852	GAZ:00005279
	69.0	AR Cataract	613887		TDRD7	NM_014290.2	Chr9(GRCh38):g.97482975G>A	c.2539G>A	p.Asp847Asn	Homozygous	Absent	Absent	Absent	Absent	Absent	0.00847457627119	PROBABLY DAMAGING	Tolerated	Class C0	Noval																		['HP:0000007', 'HP:0000518']	['Autosomal recessive inheritance', 'Cataract']	['NM_014290.2(TDRD7):c.2539G>A']	['23424']	GENO:0000136	['OMIM:613887']	['Cataract, autosomal recessive congenital 4']	PMID:28454995	PATHOGENIC	HANCESTRO:0852	GAZ:00005279
	70.0	Microvillus inclusion disease	251850	Chronic diarrhea and pancreatic insufficiency	MYO5B	NM_001080467.2	Chr18(GRCh38):g.49839231C>A	c.4765G>T	p.Glu1589*	Homozygous	rs762039116	Absent	T=0.00083%	Absent	Absent	Absent				Noval																		['HP:0033995', 'HP:0002028', 'HP:0001738']	['Microvillus inclusions', 'Chronic diarrhea', 'Exocrine pancreatic insufficiency']	['NM_001080467.2(MYO5B):c.4765G>T']	['4645']	GENO:0000136	['OMIM:251850']	['Diarrhea 2, with microvillous atrophy']	PMID:28454995	PATHOGENIC	HANCESTRO:0852	GAZ:00005279
	71.0	Hypotonia, infantile, with psychomotor retardation and characteristic facies 	615419		NALCN	NM_052867.2	Chr13(GRCh38):g.101083761A>G	c.3533T>C	p.Leu1178Pro	Homozygous	Absent	Absent	Absent	Absent	Absent	Absent	POSSIBLY DAMAGING	Tolerated	Class C0	Noval																		['HP:0008947', 'HP:0025356']	['Floppy infant', 'obsolete Psychomotor retardation']	['NM_052867.2(NALCN):c.3533T>C']	['259232']	GENO:0000136	['OMIM:615419']	['Hypotonia, infantile, with psychomotor retardation and characteristic facies 1']	PMID:28454995	PATHOGENIC	HANCESTRO:0852	GAZ:00005279
	72.0	Neuropathy, hereditary sensory and autonomic, type IIB	613115		FAM134B	NM_019000.4	Chr5(GRCh38):g.16477736G>C	c.503C>G	p.Ser168Ter	Homozygous	rs137852739	Absent	Absent	RCV000020422.1 RCV000000356.3	Absent	Absent				Noval																		['HP:0009830', 'HP:0032053']	['Peripheral neuropathy', 'Focal cortical dysplasia type IIb']	['NM_019000.4(FAM134B):c.503C>G']	['54463']	GENO:0000136	['OMIM:613115']	['Neuropathy, hereditary sensory and autonomic, type IIB']	PMID:28454995	PATHOGENIC	HANCESTRO:0852	GAZ:00005279
	73.0	Primary Coenzyme Q10 deficiency type 5	614654		COQ9	NM_020312.3	Chr16(GRCh38):g.57451150C>T	c.184C>T	p.His62Tyr	Homozygous	rs757251412	Absent	T=0.0041%	RCV000195944.1	Absent	Absent	BENIGN	Tolerated	Class C0	Noval																		[]	[]	['NM_020312.3(COQ9):c.184C>T']	['57017']	GENO:0000136	['OMIM:614654']	['Coenzyme Q10 deficiency, primary, 5']	PMID:28454995	PATHOGENIC	HANCESTRO:0852	GAZ:00005279
	74.0	Cerebellar ataxia, mental retardation, and dysequilibrium syndrome	615268	GDD, hypotonia, choreathetoid movement	ATP8A2	NM_016529.5	Chr13(GRCh38):g.25577097C>T	c.1741C>T	p.Arg581Ter	Homozygous	Absent	Absent	Absent	Absent	Absent	Absent				Novel																		['HP:0001251', 'HP:0001249', 'HP:0001263', 'HP:0001252', 'HP:0001266']	['Ataxia', 'Intellectual disability', 'Global developmental delay', 'Hypotonia', 'Choreoathetosis']	['NM_016529.5(ATP8A2):c.1741C>T']	['51761']	GENO:0000136	['OMIM:615268']	['Cerebellar ataxia, impaired intellectual development, and dysequilibrium syndrome 4']	PMID:28454995	PATHOGENIC	HANCESTRO:0852	GAZ:00005279
	75.0	Cerebellar ataxia, mental retardation, and dysequilibrium syndrome type 4	615268	hypotonia, developmental delay, dysmorphic feature	ATP8A2	NM_016529.5	Chr13(GRCh38):g.25577097C>T	c.1741C>T	p.Arg581Ter	Homozygous	Absent	Absent	Absent	Absent	Absent	Absent				Novel																		['HP:0001251', 'HP:0001249', 'HP:0001252', 'HP:0001263']	['Ataxia', 'Intellectual disability', 'Hypotonia', 'Global developmental delay']	['NM_016529.5(ATP8A2):c.1741C>T']	['51761']	GENO:0000136	['OMIM:615268']	['Cerebellar ataxia, impaired intellectual development, and dysequilibrium syndrome 4']	PMID:28454995	PATHOGENIC	HANCESTRO:0852	GAZ:00005279
	76.0	Muscular dystrophy-dystroglycanopathy (limb-girdle), type C, 5 	607155		FKRP	NM_001039885.2	Chr19(GRCh38):g.46756391C>T	c.941C>T	p.Thr314Met	Homozygous	rs398124395	Absent	Absent	 RCV000178345.1 RCV000082183.6 RCV000178344.2 RCV000178343.1 	Absent	Absent	PROBABLY DAMAGING	Deleterious	Class C65	Novel																		['HP:0003560', 'HP:0030046', 'HP:0003325']	['Muscular dystrophy', 'Hypoglycosylation of alpha-dystroglycan', 'Limb-girdle muscle weakness']	['NM_001039885.2(FKRP):c.941C>T']	['79147']	GENO:0000136	['OMIM:607155']	['Muscular dystrophy-dystroglycanopathy (limb-girdle), type C, 5']	PMID:28454995	PATHOGENIC	HANCESTRO:0852	GAZ:00005279
	77.0	GM1-gangliosidosis	230500	GDD, cherry red macula, neuroregression	GLB1	NM_000404.2	Chr3(GRCh38):g.33051763C>T	c.950G>A	p.Trp317Stop	Homozygous	Absent	Absent	Absent	Absent	Absent	Absent				Novel																		['HP:0020160', 'HP:0001263', 'HP:0002376']	['GM1-ganglioside accumulation', 'Global developmental delay', 'Developmental regression']	['NM_000404.2(GLB1):c.950G>A']	['2720']	GENO:0000136	['OMIM:230500']	['GM1-gangliosidosis, type I']	PMID:28454995	PATHOGENIC	HANCESTRO:0852	GAZ:00005279
	78.0	AR mental retardation type 13	613192	strabismus, microcephaly, kyphosis, developmental delay, speech delay	TRAPPC9	NM_031466.6	Chr8(GRCh38):g.139910221T>C	c.3184A>G	p.Gly1062Ser	Homozygous	Absent	Absent	Absent	Absent	Absent	Absent	BENIGN	Tolerated	Class C0	Novel																		['HP:0001249', 'HP:0000486', 'HP:0000252', 'HP:0002808', 'HP:0001263', 'HP:0000750']	['Intellectual disability', 'Strabismus', 'Microcephaly', 'Kyphosis', 'Global developmental delay', 'Delayed speech and language development']	['NM_031466.6(TRAPPC9):c.3184A>G']	['83696']	GENO:0000136	['OMIM:613192']	['Intellectual developmental disorder, autosomal recessive 13']	PMID:28454995	PATHOGENIC	HANCESTRO:0852	GAZ:00005279
	79.0	Band-like calcification with simplified gyration and polymicrogyria 	251290	global developmental delay, intractable seizure	OCLN	NM_001205254.1	Chr5(GRCh38):g.69509636G>C	c.546G>C	p.Lys182Asn	Homozygous	Absent	Absent	Absent	Absent	Absent	Absent		Absent	Absent	Novel																		['HP:0009879', 'HP:0002126', 'HP:0001263']	['Simplified gyral pattern', 'Polymicrogyria', 'Global developmental delay']	['NM_001205254.1(OCLN):c.546G>C']	['100506658']	GENO:0000136	['OMIM:251290']	['Band-Like calcification with simplified gyration and polymicrogyria']	PMID:28454995	PATHOGENIC	HANCESTRO:0852	GAZ:00005279
	80.0	Combined oxidative phosphorylation deficiency 23	616198	global developmental delay, hypotonia, microcephaly, nystagmus, and elevated lactic acid	GTPBP3	NM_133644.3	Chr19(GRCh38):g.17341663T>A	c.1535 T>A	p.Ile512Asn	Homozygous	Absent	Absent	Absent	Absent	Absent	Absent	PROBABLY DAMAGING	Deleterious	Class C45	Novel																		['HP:0001263', 'HP:0001252', 'HP:0000252', 'HP:0000639']	['Global developmental delay', 'Hypotonia', 'Microcephaly', 'Nystagmus']	['NM_133644.3(GTPBP3):c.1535 T>A']	['84705']	GENO:0000136	['OMIM:616198']	['Combined oxidative phosphorylation deficiency 23']	PMID:28454995	PATHOGENIC	HANCESTRO:0852	GAZ:00005279
	81.0	Mental retardation, autosomal recessive 3 	608443	Developmental delay of speech, abnormal head turning, jerky movements, possible seizures, and family history of global developmental delay and autistic features	CC2D1A	NM_017721.4	Chr19(GRCh38):g.13913639G>T	c.748+1G>T		Homozygous	Absent	Absent	Absent	RCV000213961.1	Absent	0.0169491525424				Novel																		['HP:0001249', 'HP:0000234', 'HP:0001250', 'HP:0032316']	['Intellectual disability', 'Abnormality of the head', 'Seizure', 'Family history']	['NM_017721.4(CC2D1A):c.748+1G>T']	['54862']	GENO:0000136	['OMIM:608443']	['Intellectual developmental disorder, autosomal recessive 3']	PMID:28454995	PATHOGENIC	HANCESTRO:0852	GAZ:00005279
	82.0	Lethal congenital contractural syndrome	607598	dysmorphic features, knee dislocation, bilateral hip dislocation	ERBB3	NM_001982.3	Chr12(GRCh38):g.56101284C>T	c.3425C>T	p.Phe1142Leu	Homozygous	Absent	Absent	Absent	Absent	Absent	0.00847457627119	PROBABLY DAMAGING	Deleterious	Class C0	Novel																		['HP:0002803', 'HP:0001999', 'HP:0004976', 'HP:0002827']	['Congenital contracture', 'Abnormal facial shape', 'Knee dislocation', 'Hip dislocation']	['NM_001982.3(ERBB3):c.3425C>T']	['2065']	GENO:0000136	['OMIM:607598']	['Lethal congenital contracture syndrome 2']	PMID:28454995	PATHOGENIC	HANCESTRO:0852	GAZ:00005279
	83.0	Metachromatic leukodystrophy due to SAP-b deficiency 	249900		PSAP	NM_001042465.1	Chr10(GRCh38):g.71825892C>G	c.722G>C	p.Cys214Ser	Homozygous	rs121918104	Absent	Absent	RCV000014291.23	Absent	Absent	PROBABLY DAMAGING	Deleterious	Class C0	19955343																		[]	[]	['NM_001042465.1(PSAP):c.722G>C']	['729238']	GENO:0000136	['OMIM:249900']	['Metachromatic leukodystrophy due to saposin B deficiency']	PMID:28454995	PATHOGENIC	HANCESTRO:0852	GAZ:00005279
	84.0	Myopathy with extrapyramidal signs 	615673	Skeletal abnormalities and elevated creatine kinase	MICU1	NM_001195518.1	Chr10(GRCh38):g.72508260G>A	c.547C>T	p.Gln183X	Homozygous	rs777327250	Absent	T=0.0018%	Absent	Absent	Absent				Novel																		['HP:0003198', 'HP:0002071', 'HP:0000924', 'HP:0003236']	['Myopathy', 'Abnormality of extrapyramidal motor function', 'Abnormality of the skeletal system', 'Elevated circulating creatine kinase concentration']	['NM_001195518.1(MICU1):c.547C>T']	['10367']	GENO:0000136	['OMIM:615673']	['Myopathy with extrapyramidal signs']	PMID:28454995	PATHOGENIC	HANCESTRO:0852	GAZ:00005279
	85.0	Temtamy syndrome 	218340		C12orf57	NM_001301834.1	Chr12(GRCh38):g.6944122A>G	c.1A>G	p.Met1?	Homozygous	rs587776954	Absent	G=0.0041%	RCV000034852.7 RCV000162118.1	Absent	Absent				23453665																		[]	[]	['NM_001301834.1(C12orf57):c.1A>G']	['113246']	GENO:0000136	['OMIM:218340']	['Temtamy syndrome']	PMID:28454995	PATHOGENIC	HANCESTRO:0852	GAZ:00005279
	86.0	Leigh syndrome, French-Canadian type 	220111		LRPPRC	NM_133259.3	Chr2(GRCh38):g.43973879A>C	c.1177T>G	p.Tyr393Asp	Homozygous	Absent	Absent	Absent	RCV000200464.1	Absent	Absent	PROBABLY DAMAGING	DELETERIOUS	Class C0	Novel																		[]	[]	['NM_133259.3(LRPPRC):c.1177T>G']	['10128']	GENO:0000136	['OMIM:220111']	['Mitochondrial complex IV deficiency, nuclear type 5, (French-Canadian)']	PMID:28454995	PATHOGENIC	HANCESTRO:0852	GAZ:00005279
	87.0	Systemic primary carnitine deficiency 	212140		SLC22A5	NM_001308122.1	Chr5(GRCh38):g.132392478G>A	c.1385G>A	p.Gly462Glu	Homozygous	Absent	Absent	Absent	Absent	Absent	Absent	PROBABLY DAMAGING	DELETERIOUS	Class C0	Novel																		['HP:0002725', 'HP:0003234']	['Systemic lupus erythematosus', 'Decreased circulating carnitine concentration']	['NM_001308122.1(SLC22A5):c.1385G>A']	['6584']	GENO:0000136	['OMIM:212140']	['Carnitine deficiency, systemic primary']	PMID:28454995	PATHOGENIC	HANCESTRO:0852	GAZ:00005279
	88.0	Primary AR microcephaly	608716	Severe microcephaly and attention deficit hyperactivity disorder	ASPM	NM_018136.4	Chr1(GRCh38):g.197104888C>A	c.4363g>t	p.Glu1455X	Homozygous	Absent	Absent	Absent	Absent	Absent	Absent				Novel																		['HP:0011451', 'HP:0000252', 'HP:0007018']	['Primary microcephaly', 'Microcephaly', 'Attention deficit hyperactivity disorder']	['NM_018136.4(ASPM):c.4363g>t']	['259266']	GENO:0000136	['OMIM:608716']	['Microcephaly 5, primary, autosomal recessive']	PMID:28454995	PATHOGENIC	HANCESTRO:0852	GAZ:00005279
	89.0	Microcephalic osteodysplastic primordial dwarfism, type II 	210720	Primordial dwarfism and microcephaly	PCNT	NM_006031.5	Chr21(GRCh38):g.46346146G>T	c.658G>T	p.Glu220*	Homozygous	rs119479061	Absent	Absent	RCV000004968	Absent	Absent				Novel																		['HP:0000252', 'HP:0003510', 'HP:0000252']	['Microcephaly', 'Severe short stature', 'Microcephaly']	['NM_006031.5(PCNT):c.658G>T']	['5116']	GENO:0000136	['OMIM:210720']	['Microcephalic osteodysplastic primordial dwarfism, type II']	PMID:28454995	PATHOGENIC	HANCESTRO:0852	GAZ:00005279
	90.0	Hypogonadotropic hypogonadism with or without anosmia/ Kallmann syndrome	244200	Vermis hypoplasia, steady gate with dysmorphic feature	PROKR2	NM_144773.2	Chr20(GRCh38):g.5314116C>T	c.254G>A	p.Arg85His	Homozygous	rs74315418	EA: T=0.16% - AA: T=0.05%	A=0.074%	RCV000022408.5	Absent	0.00847457627119	PROBABLY DAMAGING	DELETERIOUS	Class C25	26207952																		['HP:0000044', 'HP:0000458', 'HP:0001320']	['Hypogonadotropic hypogonadism', 'Anosmia', 'Cerebellar vermis hypoplasia']	['NM_144773.2(PROKR2):c.254G>A']	['128674']	GENO:0000136	['OMIM:244200']	['Hypogonadotropic hypogonadism 3 with or without anosmia']	PMID:28454995	PATHOGENIC	HANCESTRO:0852	GAZ:00005279
	91.0	Aicardi-Goutieres syndrome 	612952	Developmental regression and spasticity, diagnosed with central hypotonia, brisk reflexes	SAMHD1	NM_015474.3	Chr20(GRCh38):g.36930759C>T	c.625+1G>A		Homozygous	Absent	Absent	Absent	Absent	Absent	Absent				Novel																		['HP:0002376', 'HP:0001257', 'HP:0001252', 'HP:0001348']	['Developmental regression', 'Spasticity', 'Hypotonia', 'Brisk reflexes']	['NM_015474.3(SAMHD1):c.625+1G>A']	['25939']	GENO:0000136	['OMIM:612952']	['Aicardi-Goutieres syndrome 5']	PMID:28454995	PATHOGENIC	HANCESTRO:0852	GAZ:00005279
	92.0	Joubert syndrome 	614615		C5orf42	NM_023073.3	Chr5(GRCh38):g.37226756T>G	c.1839A>C	p.Lys613Asn	Homozygous	rs533310477	Absent	Absent	Absent	Absent	0.00847457627119	BENIGN	Tolerated	Class C0	Novel																		[]	[]	['NM_023073.3(C5orf42):c.1839A>C']	['65250']	GENO:0000136	['OMIM:614615']	['Joubert syndrome 17']	PMID:28454995	PATHOGENIC	HANCESTRO:0852	GAZ:00005279
	93.0	Leber congenital amaurosis	611755		CEP290	NM_025114.3	Chr12(GRCh38):g.88077263C>A	c.5668G>T	p.Gly1890*	Homozygous	rs137852832	Absent	T=0.014%	RCV000086298.1 RCV000152972.3 RCV000001396.5 RCV000114202.1 	Absent	Absent				25818971																		['HP:0007875']	['Congenital blindness']	['NM_025114.3(CEP290):c.5668G>T']	['80184']	GENO:0000136	['OMIM:611755']	['Leber congenital amaurosis 10']	PMID:28454995	PATHOGENIC	HANCESTRO:0852	GAZ:00005279
	94.0	Congenital disorder of glycosylation, type IIe 	608779		COG7 	NM_153603.3	Chr16(GRCh38):g.23403780G>A	c.1717C>T	p.Arg573Trp	Homozygous	rs548129734	Absent	T=0.00082%	Absent	Absent	Absent	PROBABLY DAMAGING	DELETERIOUS	Class C15	Novel																		[]	[]	['NM_153603.3(COG7):c.1717C>T']	['91949']	GENO:0000136	['OMIM:608779']	['Congenital disorder of glycosylation, type IIe']	PMID:28454995	PATHOGENIC	HANCESTRO:0852	GAZ:00005279
	95.0	Aromatic L-amino acid decarboxylase deficiency 	608643		DDC	NM_000790.3	Chr7(GRCh38):g.50528283G>C	c.571-3C>G		Homozygous	Absent	Absent	Absent	Absent	Absent	Absent				Novel																		[]	[]	['NM_000790.3(DDC):c.571-3C>G']	['1644']	GENO:0000136	['OMIM:608643']	['Aromatic L-amino acid decarboxylase deficiency']	PMID:28454995	PATHOGENIC	HANCESTRO:0852	GAZ:00005279
	96.0	Immunodeficiency-centromeric instability-facial anomalies syndrome 	242860		DNMT3B	NM_006892.3	Chr20(GRCh38):g.32796829T>C	c.1337T>C	p.Phe446Ser	Homozygous	rs150736372	EA: C=0.01% - AA: C=0.00%	C=0.018%	Absent	Absent	0.00847457627119	BENIGN	DELETERIOUS	Class C55	Novel																		['HP:0002721', 'HP:0003616', 'HP:0000271']	['Immunodeficiency', 'Premature separation of centromeric heterochromatin', 'Abnormality of the face']	['NM_006892.3(DNMT3B):c.1337T>C']	['1789']	GENO:0000136	['OMIM:242860']	['Immunodeficiency-Centromeric instability-facial anomalies syndrome']	PMID:28454995	PATHOGENIC	HANCESTRO:0852	GAZ:00005279
	97.0	Combined oxidative phosphorylation deficiency-14	614946	Microcephaly, lactic acidosis	FARS2	NM_006567.3	Chr6(GRCh38):g.5369001A>G	c.431A>G	p.Tyr144Cys	Homozygous	rs397514610	Absent	Absent	RCV000162158.1 RCV000033044.2	Absent	Absent	PROBABLY DAMAGING	DELETERIOUS	Class C65	Novel																		['HP:0000252', 'HP:0003128']	['Microcephaly', 'Lactic acidosis']	['NM_006567.3(FARS2):c.431A>G']	['10667']	GENO:0000136	['OMIM:614946']	['Combined oxidative phosphorylation deficiency 14']	PMID:28454995	PATHOGENIC	HANCESTRO:0852	GAZ:00005279
	98.0	Mitochondrial DNA depletion syndrome (encephalomyopathic type) 	615471		FBXL4	NM_001278716.1	Chr6(GRCh38):g.98917616G>A	c.616C>T	p.Arg206*	Homozygous	Absent	Absent	Absent	Absent	Absent	Absent				Novel																		['HP:0030059']	['Mitochondrial depletion']	['NM_001278716.1(FBXL4):c.616C>T']	['26235']	GENO:0000136	['OMIM:615471']	['Mitochondrial DNA depletion syndrome 13 (encephalomyopathic type)']	PMID:28454995	PATHOGENIC	HANCESTRO:0852	GAZ:00005279
	99.0	GM2-gangliosidosis	272750		GM2A	NM_000405.4	Chr5(GRCh38):g.151259837C>T	c.164C>T	p.Pro55Leu	Homozygous	rs730882196	Absent	T=0.00082%	RCV000162097.1	Absent	Absent	PROBABLY DAMAGING	DELETERIOUS	CLASS C65	Novel																		['HP:0003495']	['GM2-ganglioside accumulation']	['NM_000405.4(GM2A):c.164C>T']	['2760']	GENO:0000136	['OMIM:272750']	['GM2-gangliosidosis, AB variant']	PMID:28454995	PATHOGENIC	HANCESTRO:0852	GAZ:00005279
	100.0	 Severe congenital AR Neutropenia	610738		HAX1	NM_006118.3	Chr1(GRCh38):g.154273920dup	c.463dup	p.Gln155fs	Homozygous	Absent	Absent	Absent	Absent	Absent	Absent				20182745																		['HP:0012828', 'HP:0000776', 'HP:0001875']	['Severe', 'Congenital diaphragmatic hernia', 'Decreased total neutrophil count']	['NM_006118.3(HAX1):c.463dup']	['10456']	GENO:0000136	['OMIM:610738']	['Neutropenia, severe congenital 3, autosomal recessive']	PMID:28454995	PATHOGENIC	HANCESTRO:0852	GAZ:00005279
	101.0	3-hydroxyisobutryl-CoA hydrolase deficiency 	250620		HIBCH	NM_014362.3	Chr2(GRCh38):g.190287614G>A	c.410C>T	p.Ala137Val	Homozygous	Absent	Absent	Absent	Absent	Absent	Absent	PROBABLY DAMAGING	Tolerated	Class C0	26717663																		['HP:6000215']	['Reduced circulating 3-hydroxyisobutyryl-CoA hydrolase activity']	['NM_014362.3(HIBCH):c.410C>T']	['26275']	GENO:0000136	['OMIM:250620']	['3-hydroxyisobutryl-CoA hydrolase deficiency']	PMID:28454995	PATHOGENIC	HANCESTRO:0852	GAZ:00005279
	102.0	Mitochondrial disorder, mutil organ involvements, lactic acidosis	No OMIM number	Abnormal mitochondrial content and structure 	NDUFB4	NM_004547.5	Chr3(GRCh38):g.120596436C>T	c.77C>T	p.Ser26Phe	Homozygous	rs150031407	EA: T=0.05% - AA: T=0.00%	T=0.019%	Absent	Absent	0.0677966101695	PROBABLY DAMAGING	Deleterious 	Class C65	Novel																		['HP:0003287', 'HP:0003128']	['Abnormality of mitochondrial metabolism', 'Lactic acidosis']	['NM_004547.5(NDUFB4):c.77C>T']	['4710']	GENO:0000136	[]	[]	PMID:28454995	PATHOGENIC	HANCESTRO:0852	GAZ:00005279
	103.0	Mitochondrial complex I deficiency 	252010	Multiple congenital anomalies	NDUFV1	NM_007103.3	Chr11(GRCh38):g.67612375C>A	c.1312C>A	p.Leu438Met	Homozygous	rs1127511	Absent	A=0.019%	Absent	Absent	Absent	PROBABLY DAMAGING	Deleterious	Class C0	Novel																		[]	[]	['NM_007103.3(NDUFV1):c.1312C>A']	['4723']	GENO:0000136	['OMIM:252010']	['Mitochondrial complex I deficiency, nuclear type 1']	PMID:28454995	PATHOGENIC	HANCESTRO:0852	GAZ:00005279
	104.0	Zellweger	214100	intellectual disability	PEX1	NM_000466.2	Chr7(GRCh38):g.92517888C>T	c.627G>A	p.Met209Ile	Homozygous	rs200752969	EA: T=0.02% - AA: T=0.00%	A=0.017%	RCV000153672.3	Absent	Absent	BENIGN	Tolerated	Class C0	Novel																		['HP:0001249']	['Intellectual disability']	['NM_000466.2(PEX1):c.627G>A']	['339324']	GENO:0000136	['OMIM:214100']	['Peroxisome biogenesis disorder 1A (Zellweger)']	PMID:28454995	PATHOGENIC	HANCESTRO:0852	GAZ:00005279
	105.0	Polycystic kidney and hepatic disease 	263200	Cardiomyopathy and cystic kidneys	PKHD1	NM_138694.3	Chr6(GRCh38):g.52024940G>A	c.4870C>T	p.Arg1624Trp	Homozygous	rs200391019	EA: A=0.02% - AA: A=0.00%	T=0.018%	RCV000168407.3	Absent	Absent	PROBABLY DAMAGING	Deleterious	Class C25	Novel																		['HP:0000113', 'HP:0001638', 'HP:0000107']	['Polycystic kidney dysplasia', 'Cardiomyopathy', 'Renal cyst']	['NM_138694.3(PKHD1):c.4870C>T']	['5314']	GENO:0000136	['OMIM:263200']	['Polycystic kidney disease 4 with or without polycystic liver disease']	PMID:28454995	PATHOGENIC	HANCESTRO:0852	GAZ:00005279
	106.0	"PMID: 22265414
Impact mitochondrial fragmentation and execution of necrosis"	No OMIM number	Axonal Degeneration, intellectual disability	RIPK1	NM_138694.3	Chr6(GRCh38):g.52024940G>A	c.954del	p.Met318fs	Homozygous	rs200391019	EA: A=0.02% - AA: A=0.00%	T=0.018%	Absent	Absent	Absent	PROBABLY DAMAGING	Deleterious	Class C25	Novel																		['HP:0003800', 'HP:0040078', 'HP:0001249']	['Muscle abnormality related to mitochondrial dysfunction', 'Axonal degeneration', 'Intellectual disability']	['NM_138694.3(RIPK1):c.954del']	['8737']	GENO:0000136	[]	[]	PMID:28454995	PATHOGENIC	HANCESTRO:0852	GAZ:00005279
	107.0	Aicardi-Goutieres syndrome 2 	610181	intellectual disability with white matter changes	RNASEH2B	NM_024570.3	Chr13(GRCh38):g.50934919A>G	c.356A>G	p.Asp119Gly	Homozygous	Absent	Absent	Absent	RCV000171218.1	Absent	Absent	PROBABLY DAMAGING	Deleterious	Class C15	Novel																		['HP:0001249']	['Intellectual disability']	['NM_024570.3(RNASEH2B):c.356A>G']	['79621']	GENO:0000136	['OMIM:610181']	['Aicardi-Goutieres syndrome 2']	PMID:28454995	PATHOGENIC	HANCESTRO:0852	GAZ:00005279
	108.0	Erythrocyte lactate transporter defect	245340		SLC16A1	NM_001166496.1	Chr1(GRCh38):g.112917327del	c.1079del	p.Ala360Glyfs*19	Homozygous	Absent	Absent	Absent	Absent	Absent	Absent				Novel																		[]	[]	['NM_001166496.1(SLC16A1):c.1079del']	['6566']	GENO:0000136	['OMIM:245340']	['Erythrocyte lactate transporter defect']	PMID:28454995	PATHOGENIC	HANCESTRO:0852	GAZ:00005279
	109.0	Trichohepatoenteric syndrome	222470		TTC37	NM_014639.3	Chr5(GRCh38):g.95482509_95482510dup	c.4175_4176dup	p.Val1393fs	Homozygous	Absent	Absent	Absent	Absent	Absent	Absent				Novel																		['HP:0009886', 'HP:0002240', 'HP:0002242']	['Trichorrhexis nodosa', 'Hepatomegaly', 'Abnormal intestine morphology']	['NM_014639.3(TTC37):c.4175_4176dup']	['9652']	GENO:0000136	['OMIM:222470']	['Trichohepatoenteric syndrome 1']	PMID:28454995	PATHOGENIC	HANCESTRO:0852	GAZ:00005279
	110.0	? Primary AR Microcephaly   	615095		ZNF335	NM_022095.3	Chr20(GRCh38):g.45952178G>A	c.3158C>T	p.Pro1053Leu	Homozygous	rs768092083	Absent	T=0.00089%	Absent	Absent	0.00847457627119	BENIGN	Absent	Absent	Novel																		['HP:0000252']	['Microcephaly']	['NM_022095.3(ZNF335):c.3158C>T']	['63925']	GENO:0000136	['OMIM:615095']	['Microcephaly 10, primary, autosomal recessive']	PMID:28454995	PATHOGENIC	HANCESTRO:0852	GAZ:00005279
	111.0	Polyhydramnios, megalencephaly, and symptomatic epilepsy 	611087		STRADA	NM_001003787.2	Chr17(GRCh38):g.63704048C>G	c.1101-1G>C		Homozygous	Absent	Absent	Absent	Absent	Absent	Absent				Novel																		['HP:0001561', 'HP:0001355', 'HP:0011145']	['Polyhydramnios', 'Megalencephaly', 'Symptomatic seizures']	['NM_001003787.2(STRADA):c.1101-1G>C']	['92335']	GENO:0000136	['OMIM:611087']	['Polyhydramnios, megalencephaly, and symptomatic epilepsy']	PMID:28454995	PATHOGENIC	HANCESTRO:0852	GAZ:00005279
	112.0	Leigh syndrome due to mitochondrial complex 1 deficiency 	256000		NDUFA12	NM_018838.4	Chr12(GRCh38):g.95003677C>A	c.4G>T	p.Glu2fs	Homozygous	Absent	Absent	Absent	Absent	Absent	Absent				Novel																		[]	[]	['NM_018838.4(NDUFA12):c.4G>T']	['55967']	GENO:0000136	['OMIM:256000']	['Leigh syndrome']	PMID:28454995	PATHOGENIC	HANCESTRO:0852	GAZ:00005279
	113.0	Congenital muscular dystrophy	607855	intellectual disability	LAMA2	NM_000426.3	Chr6(GRCh38):g.129252253T>C	c.2054T>C	p.Leu685pro	Homozygous	Absent	Absent	Absent	Absent	Absent	Absent	PROBABLY DAMAGING	Deleterious	Class C0	Novel																		['HP:0003560', 'HP:0001249']	['Muscular dystrophy', 'Intellectual disability']	['NM_000426.3(LAMA2):c.2054T>C']	['3908']	GENO:0000136	['OMIM:607855']	['Muscular dystrophy, congenital, merosin deficient or partially deficient']	PMID:28454995	PATHOGENIC	HANCESTRO:0852	GAZ:00005279
	114.0	AR Cutis laxa type IC 	613177		LTBP4	NM_001042544.1	Chr19(GRCh38):g.40625874dup	c.4051dup	p.Cys1351Leufs*8	Homozygous	Absent	Absent	Absent	Absent	Absent	Absent				Novel																		['HP:0000973']	['Cutis laxa']	['NM_001042544.1(LTBP4):c.4051dup']	['8425']	GENO:0000136	['OMIM:613177']	['Cutis laxa, autosomal recessive, type IC']	PMID:28454995	PATHOGENIC	HANCESTRO:0852	GAZ:00005279
	115.0	Schwartz-Jampel syndrome, type 1	255800		HSPG2	NM_001291860.1	Chr1(GRCh38):g.21830981C>A	c.11674+1G>T		Homozygous	Absent	Absent	Absent	Absent	Absent	Absent				Novel																		['HP:0003755']	['Type 1 fibers relatively smaller than type 2 fibers']	['NM_001291860.1(HSPG2):c.11674+1G>T']	['3339']	GENO:0000136	['OMIM:255800']	['Schwartz-jampel syndrome, type 1']	PMID:28454995	PATHOGENIC	HANCESTRO:0852	GAZ:00005279
	116.0	Mitochondrial DNA depletion syndrome 7 	271245		C10orf2	NM_021830.4	Chr10(GRCh38):g.100993308C>T	c.1853C>T	p.Pro618Leu	Homozygous	Absent	Absent	Absent	Absent	Absent	Absent	PROBABLY DAMAGING	Deleterious	Class C0 	Novel																		['HP:0030059']	['Mitochondrial depletion']	['NM_021830.4(C10orf2):c.1853C>T']	['57132']	GENO:0000136	['OMIM:271245']	['Mitochondrial DNA depletion syndrome 7 (hepatocerebral type)']	PMID:28454995	PATHOGENIC	HANCESTRO:0852	GAZ:00005279
	117.0	Early infantile epileptic encephalopathy	616211		WWOX	NM_016373.3	Chr16(GRCh38):g.78424869G>A	c.6061G>A		Homozygous	rs730882215	Absent	Absent	RCV000162124.1	Absent	Absent				25558065																		['HP:0003593', 'HP:0001250', 'HP:0001298']	['Infantile onset', 'Seizure', 'Encephalopathy']	['NM_016373.3(WWOX):c.6061G>A']	['51741']	GENO:0000136	['OMIM:616211']	['Developmental and epileptic encephalopathy 28']	PMID:28454995	PATHOGENIC	HANCESTRO:0852	GAZ:00005279
	118.0	Mitochondrial DNA depletion syndrome (encephalomyopathic type) 	615471	Mitochondrial disease	FBXL4	NM_001278716.1	Chr6(GRCh38):g.98899268C>T	c.1317G>A	p.= (p.Glu439Glu)	Homozygous	Absent	Absent	Absent	Absent	Absent	Absent				Novel																		['HP:0001427']	['Mitochondrial inheritance']	['NM_001278716.1(FBXL4):c.1317G>A']	['26235']	GENO:0000136	['OMIM:615471']	['Mitochondrial DNA depletion syndrome 13 (encephalomyopathic type)']	PMID:28454995	PATHOGENIC	HANCESTRO:0852	GAZ:00005279
	119.0	Abnormal mitochondrial content and structure	No OMIM number	Mitochondrial disease	NDUFB4	NM_004547.5	Chr3(GRCh38):g.120596436C>T	c.77C>T	p.Ser26Phe	Homozygous	rs150031407	EA: T=0.05% - AA: T=0.00%	T=0.019%	Absent	Absent	0.0677966101695	PROBABLY DAMAGING	Deleterious	Class C65	Novel																		[]	[]	['NM_004547.5(NDUFB4):c.77C>T']	['4710']	GENO:0000136	[]	[]	PMID:28454995	PATHOGENIC	HANCESTRO:0852	GAZ:00005279
	120.0	Congenital secretory chloride diarrhea	214700		SLC26A3	NM_000111.2	Chr7(GRCh38):g.107791059C>A	c.559G>T	p.Gly187*	Homozygous	rs121913032	Absent	Absent	RCV000018244.24	Absent	0.00847457627119				9718329																		['HP:0000776', 'HP:0005208', 'HP:0002014']	['Congenital diaphragmatic hernia', 'Secretory diarrhea', 'Diarrhea']	['NM_000111.2(SLC26A3):c.559G>T']	['1811']	GENO:0000136	['OMIM:214700']	['Diarrhea 1, secretory chloride, congenital']	PMID:28454995	PATHOGENIC	HANCESTRO:0852	GAZ:00005279
	121.0	AR Mental retardation	617051		PUS3	NM_031307.3	Chr11(GRCh38):g.125893928G>A	c.1303C>T	p.Arg435fs	Homozygous	rs774005569	Absent	Absent	Absent	Absent	Absent				Novel																		['HP:0000007', 'HP:0001249']	['Autosomal recessive inheritance', 'Intellectual disability']	['NM_031307.3(PUS3):c.1303C>T']	['83480']	GENO:0000136	['OMIM:617051']	['Neurodevelopmental disorder with microcephaly and gray sclerae']	PMID:28454995	PATHOGENIC	HANCESTRO:0852	GAZ:00005279
	122.0	 Senior-Loken syndrome (616307)	616307		WDR19	NM_025132.3	Chr4(GRCh38):g.39218060C>G	c.1434C>G	p.Ile478Met	Homozygous	Absent	Absent	Absent	Absent	Absent	Absent				Novel																		[]	[]	['NM_025132.3(WDR19):c.1434C>G']	['57728']	GENO:0000136	['OMIM:616307']	['Senior-Loken syndrome 8']	PMID:28454995	PATHOGENIC	HANCESTRO:0852	GAZ:00005279
	123.0	Hypotonia, infantile, with psychomotor retardation and characteristic facies	616801		UNC80	NM_032504.1	Chr2(GRCh38):g.209813719C>T	c.1078C>T	p.Arg360*	Homozygous	rs200659479	Absent	Absent	RCV000207471.1 RCV000203562.1 	Absent	Absent				Novel																		['HP:0008947', 'HP:0025356']	['Floppy infant', 'obsolete Psychomotor retardation']	['NM_032504.1(UNC80):c.1078C>T']	['285175']	GENO:0000136	['OMIM:616801']	['Hypotonia, infantile, with psychomotor retardation and characteristic facies 2']	PMID:28454995	PATHOGENIC	HANCESTRO:0852	GAZ:00005279
	124.0	Infantile-onset multisystem neurologic, endocrine, and pancreatic disease 	616263		PTRH2	NM_016077.4	Chr17(GRCh38):g.59697725T>G	c.254A>C	p.GLn85Pro	Homozygous	rs730882234	Absent	T=0.00082%	RCV000162247.4 RCV000162156.1	Absent	Absent	PROBABLY DAMAGING	Deleterious	Class C0 	25558065																		['HP:0003593', 'HP:0000818', 'HP:0001732']	['Infantile onset', 'Abnormality of the endocrine system', 'Abnormality of the pancreas']	['NM_016077.4(PTRH2):c.254A>C']	['51651']	GENO:0000136	['OMIM:616263']	['Neurologic, endocrine, and pancreatic disease, multisystem, infantile-onset']	PMID:28454995	PATHOGENIC	HANCESTRO:0852	GAZ:00005279
	125.0	Retinitis pigmentosa	613861		DHDDS	NM_024887.3	Chr1(GRCh38):g.26460103G>A	c.724G>A	p.Glu242Lys	Homozygous	Absent	Absent	Absent	Absent	Absent	Absent	BENIGN	Tolerated	Class C0	Novel																		['HP:0000510']	['Rod-cone dystrophy']	['NM_024887.3(DHDDS):c.724G>A']	['79947']	GENO:0000136	['OMIM:613861']	['Retinitis pigmentosa 59']	PMID:28454995	PATHOGENIC	HANCESTRO:0852	GAZ:00005279
	126.0	Mitochondrial ribosomal protein l43	No OMIM number	Mitochondrial disease	MRPL43	NM_176794.1	Chr10(GRCh38):g.100986820G>T	c.394C>A	p.Pro132Thr	Homozygous	rs148567788	EA: T=0.07% - AA: T=0.00%	A=0.016%	Absent	Absent	0.00847457627119	PROBABLY DAMAGING	Deleterious	Class C0	Novel																		[]	[]	['NM_176794.1(MRPL43):c.394C>A']	['84545']	GENO:0000136	[]	[]	PMID:28454995	PATHOGENIC	HANCESTRO:0852	GAZ:00005279
	127.0	"PMID: 27421841 & PMID: 10087267
Animal models demonstrate impact on brain development"	No OMIM number	Intellectual disability, ciliopathy	ENAH	NM_001008493.1	Chr1(GRCh38):g.225519224T>C	c.776A>G	p.Glu259Gly	Homozygous	rs201871225	Absent	G=0.00082%	Absent	Absent	Absent	PROBABLY DAMAGING	Deleterious	Class C0	Novel																		['HP:0001249']	['Intellectual disability']	['NM_001008493.1(ENAH):c.776A>G']	['55740']	GENO:0000136	[]	[]	PMID:28454995	PATHOGENIC	HANCESTRO:0852	GAZ:00005279
	128.0	Glucocorticoid deficiency, with or without mineralocorticoid deficiency 	614736		NNT	NM_012343.3	Chr5(GRCh38):g.43609293dup	c.98dup	p.Leu33fs	Homozygous	Absent	Absent	Absent	Absent	Absent	Absent				Novel																		['HP:0008163', 'HP:0004319']	['Decreased circulating cortisol level', 'Decreased circulating aldosterone concentration']	['NM_012343.3(NNT):c.98dup']	['23530']	GENO:0000136	['OMIM:614736']	['Glucocorticoid deficiency 4 with or without mineralocorticoid deficiency']	PMID:28454995	PATHOGENIC	HANCESTRO:0852	GAZ:00005279
	129.0	Glycogen storage disease II 	232300		GAA	NM_001079803.1	Chr17(GRCh38):g.80112966G>A	c.1979G>A	p.Arg660His	Homozygous	rs374143224	A=0.0033%	EA: A=0.00% - AA: A=0.02%	RCV000169600.1	Absent	Absent	PROBABLY DAMAGING	Deleterious	Class C25	Novel																		[]	[]	['NM_001079803.1(GAA):c.1979G>A']	['2548']	GENO:0000136	['OMIM:232300']	['Glycogen storage disease II']	PMID:28454995	PATHOGENIC	HANCESTRO:0852	GAZ:00005279
	130.0	AR Spastic ataxia 	611302		KIF1C	NM_006612.5	Chr17(GRCh38):g.5002768C>T	 c.646C>T	p.Arg216Cys	Homozygous	Absent	Absent	Absent	Absent	Absent	Absent	PROBABLY DAMAGING	Deleterious	Class C0	Novel																		['HP:0002497']	['Spastic ataxia']	['NM_006612.5(KIF1C):c.646C>T']	['10749']	GENO:0000136	['OMIM:611302']	['Spastic ataxia 2, autosomal recessive']	PMID:28454995	PATHOGENIC	HANCESTRO:0852	GAZ:00005279
	131.0	Leber congenital amaurosis	611755		CEP290	NM_025114.3	Chr12(GRCh38):g.88077263C>A	c.5668G>T	p.Gly1890*	Homozygous	rs137852832	Absent	T=0.014%	RCV000086298.1 RCV000152972.3 RCV000001396.5 RCV000114202.1 	Absent	Absent				25818971																		['HP:0001112', 'HP:0000776', 'HP:0100576']	['Leber optic atrophy', 'Congenital diaphragmatic hernia', 'Amaurosis fugax']	['NM_025114.3(CEP290):c.5668G>T']	['80184']	GENO:0000136	['OMIM:611755']	['Leber congenital amaurosis 10']	PMID:28454995	PATHOGENIC	HANCESTRO:0852	GAZ:00005279
	132.0	No previous publication, parents and three non affected brother are heterozygous (no enough data about the association of ILK gene and Immunodeficiency this variant might be VUS)	No OMIM number	Immunodeficiency	ILK	NM_001014794.2	Chr11(GRCh38):g.6608893A>G	c.458A>G	p.Glu153Gly	Homozygous	Absent	Absent	Absent	Absent	Absent	0.0169491525424	POSSIBLY DAMAGING	Deleterious	Class C35	Novel																		['HP:0002721']	['Immunodeficiency']	['NM_001014794.2(ILK):c.458A>G']	['3611']	GENO:0000136	[]	[]	PMID:28454995	PATHOGENIC	HANCESTRO:0852	GAZ:00005279
	133.0	AR Spinocerebellar ataxia	616204		GRID2	NM_001510.3	Chr4(GRCh38):g.93216858C>T	c.910C>T	p.Arg304*	Homozygous	Absent	Absent	Absent	Absent	Absent	Absent				Novel																		[]	[]	['NM_001510.3(GRID2):c.910C>T']	['2895']	GENO:0000136	['OMIM:616204']	['Spinocerebellar ataxia, autosomal recessive 18']	PMID:28454995	PATHOGENIC	HANCESTRO:0852	GAZ:00005279
	134.0	Pendred syndrome	274600	Congenital deafness	SLC26A4	NM_000441.1	Chr7(GRCh38):g.107675060T>A	c.716T>A	p.Val239Asp	Homozygous	rs111033256	Absent	A=0.024%	RCV000169244.1 RCV000036506.2	Absent	Absent	POSSIBLY DAMAGING	Deleterious	Class C0	Novel																		['HP:0000399']	['Prelingual sensorineural hearing impairment']	['NM_000441.1(SLC26A4):c.716T>A']	['5172']	GENO:0000136	['OMIM:274600']	['Pendred syndrome']	PMID:28454995	PATHOGENIC	HANCESTRO:0852	GAZ:00005279
	135.0	Mitochondrial complex 1 deficiency 	252010		NDUFAF5	NM_024120.4	Chr20(GRCh38):g.13816505T>A	c.821T>A	p.Leu274Gln	Homozygous	Absent	Absent	Absent	Absent	Absent	Absent	PROBABLY DAMAGING	Deleterious	Class C65	Novel																		[]	[]	['NM_024120.4(NDUFAF5):c.821T>A']	['79133']	GENO:0000136	['OMIM:252010']	['Mitochondrial complex I deficiency, nuclear type 1']	PMID:28454995	PATHOGENIC	HANCESTRO:0852	GAZ:00005279
	136.0	Combined oxidative phosphorylation deficiency-14	614946	Microcephaly, lactic acidosis	FARS2	NM_006567.3	Chr6(GRCh38):g.5369001A>G	c.431A>G	p.Tyr144Cys	Homozygous	rs397514610	Absent	Absent	RCV000162158.1 RCV000033044.2	Absent	Absent	PROBABLY DAMAGING	Deleterious	Class C65 	Novel																		['HP:0000252', 'HP:0003128']	['Microcephaly', 'Lactic acidosis']	['NM_006567.3(FARS2):c.431A>G']	['10667']	GENO:0000136	['OMIM:614946']	['Combined oxidative phosphorylation deficiency 14']	PMID:28454995	PATHOGENIC	HANCESTRO:0852	GAZ:00005279
	137.0	Charcot-Marie-Tooth disease, type 4D 	601455	Neuropathy, CMT	NDRG1	NM_001135242.1	Chr8(GRCh38):g.133239120C>A	c.944-1G>T		Homozygous	Absent	Absent	Absent	Absent	Absent	Absent				Novel																		['HP:0009830', 'HP:0000365']	['Peripheral neuropathy', 'Hearing impairment']	['NM_001135242.1(NDRG1):c.944-1G>T']	['10397']	GENO:0000136	['OMIM:601455']	['Charcot-Marie-Tooth disease, type 4D']	PMID:28454995	PATHOGENIC	HANCESTRO:0852	GAZ:00005279
	138.0	"PMID: 26675814 & PubMed: 25061210
neurologic disorder on animal models and human"	No OMIM number	intellectual disability	GTPBP2	NM_019096.4	Chr6(GRCh38):g.43623932C>T	c.1236+1G>A		Homozygous	Absent	Absent	Absent	Absent	Absent	Absent				Novel																		['HP:0002344', 'HP:0001249']	['Progressive neurologic deterioration', 'Intellectual disability']	['NM_019096.4(GTPBP2):c.1236+1G>A']	['54676']	GENO:0000136	[]	[]	PMID:28454995	PATHOGENIC	HANCESTRO:0852	GAZ:00005279
	139.0	"PMID: 14505574 animal model showed impact on drain development
paralogue IQSEC2 involved "	No OMIM number	intellectual disability	IQSEC1	NM_014869.6	Chr3(GRCh38):g.12936054C>T	c.1004G>A	p.Arg335Gln	Homozygous	rs758170522	Absent	A=0.00088%	Absent	Absent	Absent	PROBABLY DAMAGING	Tolerated	Class C0	Novel																		['HP:0001249']	['Intellectual disability']	['NM_014869.6(IQSEC1):c.1004G>A']	['9922']	GENO:0000136	[]	[]	PMID:28454995	PATHOGENIC	HANCESTRO:0852	GAZ:00005279
	140.0	Bardet-Biedl syndrome 9 	615986		BBS9	NM_198428.2	Chr7(GRCh38):g.33357906G>A	c.1604G>A	p.Cys535Tyr	Homozygous	Absent	Absent	Absent	Absent	Absent	Absent	PROBABLY DAMAGING	Tolerated	Class C0	Novel																		[]	[]	['NM_198428.2(BBS9):c.1604G>A']	['27241']	GENO:0000136	['OMIM:615986']	['Bardet-Biedl syndrome 9']	PMID:28454995	PATHOGENIC	HANCESTRO:0852	GAZ:00005279
	141.0	"PMID: 23932971
Brain development"	No OMIM number	intellectual disability	EZH1	NM_001991.3	Chr17(GRCh38):g.42709886C>A	c.1453G>T	p.Glu485*	Homozygous	Absent	Absent	Absent	Absent	Absent	Absent				Novel																		['HP:0001249']	['Intellectual disability']	['NM_001991.3(EZH1):c.1453G>T']	['2145']	GENO:0000136	[]	[]	PMID:28454995	PATHOGENIC	HANCESTRO:0852	GAZ:00005279
	142.0	No previous publication, segregation analysis confirmed father mother and brother are heterozygous, functional analysis in progress	No OMIM number	Liver disease	SULT1A2	NM_001054.3	Chr16(GRCh38):g.28595549C>T	c.274+1G>A		Homozygous	rs770829671	Absent	A=0.00082%	Absent	Absent	Absent				Novel																		['HP:0001392']	['Abnormality of the liver']	['NM_001054.3(SULT1A2):c.274+1G>A']	['6799']	GENO:0000136	[]	[]	PMID:28454995	PATHOGENIC	HANCESTRO:0852	GAZ:00005279
	143.0	Progressive myoclonic epilepsy with or without intracellular inclusions 	611726	Movement disorder	KCTD7	NM_153033.4	Chr7(GRCh38):g.66638913G>A	c.551G>A	p.ARG184His	Homozygous	rs747676224	Absent	A=0.00082%	Absent	Absent	Absent	PROBABLY DAMAGING	Deleterious	Class C25	Novel																		['HP:0100022']	['Abnormality of movement']	['NM_153033.4(KCTD7):c.551G>A']	['154881']	GENO:0000136	['OMIM:611726']	['Epilepsy, progressive myoclonic 3, with or without intracellular inclusions']	PMID:28454995	PATHOGENIC	HANCESTRO:0852	GAZ:00005279
	144.0	AR Cutis laxa type IB 	614437	Muscle disorder	EFEMP2	NM_016938.4	Chr11(GRCh38):g.65870222C>T	c.506G>A	p.Arg169His	Homozygous	rs141310608	EA: T=0.05% - AA: T=0.02%	A=0.0083%	Absent	Absent	Absent	PROBABLY DAMAGING	Deleterious	Class C0	Novel																		['HP:0000973']	['Cutis laxa']	['NM_016938.4(EFEMP2):c.506G>A']	['30008']	GENO:0000136	['OMIM:614437']	['Cutis laxa, autosomal recessive, type IB']	PMID:28454995	PATHOGENIC	HANCESTRO:0852	GAZ:00005279
	145.0	Mitochondrial DNA depletion syndrome (encephalomyopathic type)	615471	Mitochondrial disease	FBXL4	NM_001278716.1	Chr6(GRCh38):g.98926770A>T	c.219T>A	p.Tyr73*	Homozygous	Absent	Absent	Absent	Absent	Absent	Absent				Novel																		['HP:0001427']	['Mitochondrial inheritance']	['NM_001278716.1(FBXL4):c.219T>A']	['26235']	GENO:0000136	['OMIM:615471']	['Mitochondrial DNA depletion syndrome 13 (encephalomyopathic type)']	PMID:28454995	PATHOGENIC	HANCESTRO:0852	GAZ:00005279
	146.0	Joubert syndrome	616490		KIAA0586	NM_001244189.1	Chr14(GRCh38):g.58498824del	c.4191del	p.Arg1397fs	Homozygous	Absent	Absent	Absent	Absent	Absent	Absent				Novel																		['HP:0001251', 'HP:0001252', 'HP:0001249', 'HP:0000496', 'HP:0003774', 'HP:0001395', 'HP:0000556', 'HP:0002419']	['Ataxia', 'Hypotonia', 'Intellectual disability', 'Abnormality of eye movement', 'Stage 5 chronic kidney disease', 'Hepatic fibrosis', 'Retinal dystrophy', 'Molar tooth sign on MRI']	['NM_001244189.1(KIAA0586):c.4191del']	['9786']	GENO:0000136	['OMIM:616490']	['Joubert syndrome 23']	PMID:28454995	PATHOGENIC	HANCESTRO:0852	GAZ:00005279
	147.0	Apparent mineralocorticoid excess 	218030	renal disorder, high blood pressure	HSD11B2	NM_000196.3	Chr16(GRCh38):g.67436100C>T	c.622C>T	p.Arg208Cys	Homozygous	rs121917780	Absent	T=0.00083%	RCV000012874.3	Absent	Absent	PROBABLY DAMAGING	Deleterious	Class C55	23329753																		['HP:0000083', 'HP:0000822']	['Renal insufficiency', 'Hypertension']	['NM_000196.3(HSD11B2):c.622C>T']	['3291']	GENO:0000136	['OMIM:218030']	['Apparent mineralocorticoid excess']	PMID:28454995	PATHOGENIC	HANCESTRO:0852	GAZ:00005279
	148.0	AR Cutis laxa, type IIB 	612940		PYCR1	NM_001282281.1	Chr17(GRCh38):g.81933308T>C	c.947A>G	p.Lys316Arg	Homozygous	rs34575645	Absent	G=0.00083%	Absent	Absent	Absent	BENIGN	Deleterious	Class C0	Novel																		['HP:0000973']	['Cutis laxa']	['NM_001282281.1(PYCR1):c.947A>G']	['5831']	GENO:0000136	['OMIM:612940']	['Cutis laxa, autosomal recessive, type IIB']	PMID:28454995	PATHOGENIC	HANCESTRO:0852	GAZ:00005279
	149.0	Congenital disorder of glycosylation, type I	608093		DPAGT1	NM_001382.3	Chr11(GRCh38):g.119100660G>A	c.466C>T	p.Arg156Cys	Homozygous	rs762796464	Absent	T=0.0017%	Absent	Absent	Absent	PROBABLY DAMAGING	Deleterious	Class C0	Novel																		['HP:0003642']	['Type I transferrin isoform profile']	['NM_001382.3(DPAGT1):c.466C>T']	['1798']	GENO:0000136	['OMIM:608093']	['Congenital disorder of glycosylation, type Ij']	PMID:28454995	PATHOGENIC	HANCESTRO:0852	GAZ:00005279
	150.0	3-methylglutaconic aciduria with deafness, encephalopathy, and Leigh-like syndrome	614739		SERAC1	NM_032861.3	Chr6(GRCh38):g.158146831del	c.438delC	p.Thr147Argfs*22	Homozygous	Absent	Absent	Absent	Absent	Absent	Absent				Novel																		['HP:0003535', 'HP:0000365', 'HP:0001298']	['3-Methylglutaconic aciduria', 'Hearing impairment', 'Encephalopathy']	['NM_032861.3(SERAC1):c.438delC']	['84947']	GENO:0000136	['OMIM:614739']	['3-Methylglutaconic aciduria with deafness, encephalopathy, and leigh-like syndrome']	PMID:28454995	PATHOGENIC	HANCESTRO:0852	GAZ:00005279
	151.0	Charcot-Marie-Tooth disease, axonal, type 2K	607831		GDAP1	NM_018972.2	Chr8(GRCh38):g.74364207C>T	c.917C>T	p.Pro306Leu	Homozygous	Absent	Absent	Absent	Absent	Absent	Absent	PROBABLY DAMAGING	Deleterious	Class 65	Novel																		[]	[]	['NM_018972.2(GDAP1):c.917C>T']	['54332']	GENO:0000136	['OMIM:607831']	['Charcot-Marie-Tooth disease, axonal, type 2K']	PMID:28454995	PATHOGENIC	HANCESTRO:0852	GAZ:00005279
	152.0	 Acrocapitofemoral dysplasia	607778		IHH	NM_002181.3	Chr2(GRCh38):g.219057658C>T	c.352G>A	p.Val118Met	Homozygous	Absent	Absent	Absent	Absent	Absent	Absent	PROBABLY DAMAGING	Deleterious	Class C0	Novel																		['HP:0002822']	['Hyperplasia of the femoral trochanters']	['NM_002181.3(IHH):c.352G>A']	['3549']	GENO:0000136	['OMIM:607778']	['Acrocapitofemoral dysplasia']	PMID:28454995	PATHOGENIC	HANCESTRO:0852	GAZ:00005279
	153.0	PMID: 27848944 & PMID: 25558065 gene for autosomal recessive brain atrophy and developmental delay	No OMIM number	Ciliopathy, Joubert	KCTD3	NM_016121.3	Chr1(GRCh38):g.215574101C>T	c.166C>T	p.Arg56*	Homozygous	Absent	Absent	Absent	Absent	Absent	Absent				Novel																		['HP:0000007', 'HP:0001263']	['Autosomal recessive inheritance', 'Global developmental delay']	['NM_016121.3(KCTD3):c.166C>T']	['51133']	GENO:0000136	[]	[]	PMID:28454995	PATHOGENIC	HANCESTRO:0852	GAZ:00005279
	154.0	Glutaric acidemia IIA 	231680	Polycystic kidney, renal disorder, large head	ETFA	NM_000126.3	Chr15(GRCh38):g.76311382G>A	c.7C>T	p.Arg3*	Homozygous	Absent	Absent	Absent	Absent	Absent	Absent				Novel																		['HP:0003150', 'HP:0000113', 'HP:0000083', 'HP:0000256']	['Glutaric aciduria', 'Polycystic kidney dysplasia', 'Renal insufficiency', 'Macrocephaly']	['NM_000126.3(ETFA):c.7C>T']	['2108']	GENO:0000136	['OMIM:231680']	['Multiple acyl-CoA dehydrogenation deficiency']	PMID:28454995	PATHOGENIC	HANCESTRO:0852	GAZ:00005279
	155.0	Primary Coenzyme Q10 deficiency	612016		ADCK3	NM_020247.4	Chr1(GRCh38):g.226986537dup	c.1744dup	p.Ser582fs	Homozygous	rs730882239	Absent	Absent	Absent	Absent	Absent				Novel																		['HP:0001249']	['Intellectual disability']	['NM_020247.4(ADCK3):c.1744dup']	['56997']	GENO:0000136	['OMIM:612016']	['Coenzyme Q10 deficiency, primary, 4']	PMID:28454995	PATHOGENIC	HANCESTRO:0852	GAZ:00005279
	156.0	Peroxisomal fatty acyl-CoA reductase 1 disorder 	616154		FAR1	NM_032228.5	Chr11(GRCh38):g.13711931G>A	c.772G>A	p.Gly258Arg	Homozygous	Absent	Absent	Absent	Absent	Absent	Absent	PROBABLY DAMAGING			Novel																		['HP:0002180']	['Neurodegeneration']	['NM_032228.5(FAR1):c.772G>A']	['84188']	GENO:0000136	['OMIM:616154']	['Peroxisomal fatty acyl-CoA reductase 1 disorder']	PMID:28454995	PATHOGENIC	HANCESTRO:0852	GAZ:00005279
	157.0	Sengers syndrome	212350		AGK	NM_018238.3	Chr7(GRCh38):g.141555538G>A	c.72G>A	p.Trp24*	Homozygous	Absent	Absent	Absent	Absent	Absent	Absent				Novel																		[]	[]	['NM_018238.3(AGK):c.72G>A']	['55750']	GENO:0000136	['OMIM:212350']	['Sengers syndrome']	PMID:28454995	PATHOGENIC	HANCESTRO:0852	GAZ:00005279
	158.0	3-methylglutaconic aciduria with deafness, encephalopathy, and Leigh-like syndrome	614739		SERAC1	NM_032861.3	Chr6(GRCh38):g.158146827G>A	c.442C>T	 p.Arg148*	Homozygous	rs387907236	Absent	T=0.0025%	RCV000029218.2	Absent	Absent				Novel																		['HP:0003535', 'HP:0000365', 'HP:0001298']	['3-Methylglutaconic aciduria', 'Hearing impairment', 'Encephalopathy']	['NM_032861.3(SERAC1):c.442C>T']	['84947']	GENO:0000136	['OMIM:614739']	['3-Methylglutaconic aciduria with deafness, encephalopathy, and leigh-like syndrome']	PMID:28454995	PATHOGENIC	HANCESTRO:0852	GAZ:00005279
	159.0	Limb-girdle muscular dystrophy,  type 2S 	615356		TRAPPC11	NM_021942.5	Chr4(GRCh38):g.183668021C>T	c.464C>T	p.Ser155Leu	Homozygous	Absent	Absent	Absent	Absent	Absent	Absent	POSSIBLY DAMAGING	Deleterious	Class C0	Novel																		['HP:0006785']	['Limb-girdle muscular dystrophy']	['NM_021942.5(TRAPPC11):c.464C>T']	['60684']	GENO:0000136	['OMIM:615356']	['Muscular dystrophy, limb-girdle, autosomal recessive 18']	PMID:28454995	PATHOGENIC	HANCESTRO:0852	GAZ:00005279
	160.0	Fanconi anemia, complementation group D1	605724		BRCA2	NM_000059.3	Chr13(GRCh38):g.32346896G>A	c.7007G>A	p.Arg2336His	Homozygous	rs28897743	Absent	Absent	Absent	Absent	Absent	POSSIBLY DAMAGING	Tolerated	Class C0	Novel																		['HP:0001903']	['Anemia']	['NM_000059.3(BRCA2):c.7007G>A']	['675']	GENO:0000136	['OMIM:605724']	['Fanconi anemia, complementation group D1']	PMID:28454995	PATHOGENIC	HANCESTRO:0852	GAZ:00005279
	161.0	Salt and pepper developmental regression syndrome 	609056		ST3GAL5	NM_003896.3	Chr2(GRCh38):g.85848044G>T	c.479C>A	p.Pro160His	Homozygous	Absent	Absent	Absent	Absent	Absent	Absent	PROBABLY DAMAGING	Deleterious	Class C65	Novel																		['HP:0007814', 'HP:0002376']	['Retinal pigment epithelial mottling', 'Developmental regression']	['NM_003896.3(ST3GAL5):c.479C>A']	['8869']	GENO:0000136	['OMIM:609056']	['Salt and pepper developmental regression syndrome']	PMID:28454995	PATHOGENIC	HANCESTRO:0852	GAZ:00005279
	162.0	Polymicrogyria, perisylvian, with cerebellar hypoplasia and arthrogryposis	616531		PI4KA	NM_058004.3	Chr22(GRCh38):g.20729368T>C	c.4627G>A	p.Ala1543Thr	Homozygous	Absent	Absent	Absent	Absent	Absent	Absent	BENIGN	Tolerated	Class C0	Novel																		['HP:0002126', 'HP:0001321', 'HP:0002804']	['Polymicrogyria', 'Cerebellar hypoplasia', 'Arthrogryposis multiplex congenita']	['NM_058004.3(PI4KA):c.4627G>A']	['5297']	GENO:0000136	['OMIM:616531']	['Polymicrogyria, perisylvian, with cerebellar hypoplasia and arthrogryposis']	PMID:28454995	PATHOGENIC	HANCESTRO:0852	GAZ:00005279
	163.0	Familial progressive intrahelpatic cholestasis	615878		TJP2	NM_001170416.1	Chr9(GRCh38):g.69240105C>T	c.2617C>T	p.Gln873*	Homozygous	Absent	Absent	Absent	Absent	Absent	Absent				Novel																		['HP:0001472', 'HP:0003676', 'HP:0001406']	['obsolete Familial predisposition', 'Progressive', 'Intrahepatic cholestasis']	['NM_001170416.1(TJP2):c.2617C>T']	['9414']	GENO:0000136	['OMIM:615878']	['Cholestasis, progressive familial intrahepatic 4']	PMID:28454995	PATHOGENIC	HANCESTRO:0852	GAZ:00005279
	164.0	AR Spastic Ataxia type 5	614487		AFG3L2	NM_006796.1	Chr18(GRCh38):g.12344197C>T	c.1714G>A	p.Ala572thr	Homozygous	rs562861748	Absent	A=0.00082%	Absent	Absent	Absent	PROBABLY DAMAGING	Deleterious	Class C0	Novel																		['HP:0002497']	['Spastic ataxia']	['NM_006796.1(AFG3L2):c.1714G>A']	['10939']	GENO:0000136	['OMIM:614487']	['Spastic ataxia 5, autosomal recessive']	PMID:28454995	PATHOGENIC	HANCESTRO:0852	GAZ:00005279
	165.0	Neuronal ceroid lipofuscinosis 	601780		CLN6	NM_017882.2	Chr15(GRCh38):g.68229574_68229584del	c.1_11del		Homozygous	Absent	Absent	Absent	Absent	Absent	Absent				Novel																		[]	[]	['NM_017882.2(CLN6):c.1_11del']	['54982']	GENO:0000136	['OMIM:601780']	['Ceroid lipofuscinosis, neuronal, 6']	PMID:28454995	PATHOGENIC	HANCESTRO:0852	GAZ:00005279
	166.0	Leukoencephalopathy with vanishing white matter 	603896		EIF2B1	NM_001414.3	Chr12(GRCh38):g.123630503A>C	c.146T>G	P.Leu49Arg	Homozygous	Absent	Absent	Absent	Absent	Absent	Absent	PROBABLY DAMAGING	Deleterious	Class C45	Novel																		['HP:0002352']	['Leukoencephalopathy']	['NM_001414.3(EIF2B1):c.146T>G']	['1967']	GENO:0000136	['OMIM:603896']	['Leukoencephalopathy with vanishing white matter']	PMID:28454995	PATHOGENIC	HANCESTRO:0852	GAZ:00005279
	167.0	Combined oxidative phosphorylation deficiency 17	615440		ELAC2 	NM_018127.6	Chr17(GRCh38):g.13014469A>G	c.460T>C 	p.Phe154Leu	Homozygous	rs397515465	Absent	C=0.00082%	RCV000056276.3	Absent	Absent	PROBABLY DAMAGING	Deleterious	Class C0	Novel																		[]	[]	['NM_018127.6(ELAC2):c.460T>C']	['60528']	GENO:0000136	['OMIM:615440']	['Combined oxidative phosphorylation deficiency 17']	PMID:28454995	PATHOGENIC	HANCESTRO:0852	GAZ:00005279
	168.0	Factor VII deficiency	227500		F7	NM_000131.4	Chr13(GRCh38):g.113118527G>A	c.920G>A	p.Arg307His	Homozygous	rs121964929	Absent	A=0.0025%	Absent	Absent	Absent	POSSIBLY DAMAGING	Tolerated	Class C0	Novel																		['HP:0008169']	['Reduced factor VII activity']	['NM_000131.4(F7):c.920G>A']	['2155']	GENO:0000136	['OMIM:227500']	['Factor VII deficiency']	PMID:28454995	PATHOGENIC	HANCESTRO:0852	GAZ:00005279
	169.0	L-2-Hydroxyglutaric Aciduria, 2-Hydroxyglutaric Aciduria* 	236792	ataxia, dd, microcephaly, white matter	L2HGDH	NM_000131.4	Chr13(GRCh38):g.113118527G>A	c.1015delA	p.Arg339Aspfs*13	Homozygous	rs121964929	Absent	A=0.0025%	Absent	Absent	Absent				Novel																		['HP:0040144', 'HP:0032278', 'HP:0001251', 'HP:0001263', 'HP:0000252', 'HP:0002500']	['L-2-hydroxyglutaric aciduria', '2-hydroxyglutarate aciduria', 'Ataxia', 'Global developmental delay', 'Microcephaly', 'Abnormal cerebral white matter morphology']	['NM_000131.4(L2HGDH):c.1015delA']	['79944']	GENO:0000136	['OMIM:236792']	['L-2-hydroxyglutaric aciduria']	PMID:28454995	PATHOGENIC	HANCESTRO:0852	GAZ:00005279
	170.0	Sulfite oxidase deficiency 	272300		SUOX	NM_000456.2	Chr12(GRCh38):g.56003909del	c.520delG	p.Asp174thr*fs13	Homozygous	Absent	Absent	Absent	Absent	Absent	0.0169491525424				Novel																		['HP:0003643']	['Sulfite oxidase deficiency']	['NM_000456.2(SUOX):c.520delG']	['6821']	GENO:0000136	['OMIM:272300']	['Sulfite oxidase deficiency']	PMID:28454995	PATHOGENIC	HANCESTRO:0852	GAZ:00005279
	171.0	Progressive Familial Intrahepatic Cholestasis, type 2	601847	Cholestasis	ABCB11	NM_003742.2	Chr2(GRCh38):g.168927317G>A	c.3457C>T	p.Arg1153Cys	Homozygous	rs72549395	Absent	T=0.0017%	Absent	Absent	Absent	Disease causing 	Deleterious	Class C65 	17241866																		['HP:0001406', 'HP:0001396']	['Intrahepatic cholestasis', 'Cholestasis']	['NM_003742.2(ABCB11):c.3457C>T']	['8647']	GENO:0000136	['OMIM:601847']	['Cholestasis, progressive familial intrahepatic 2']	PMID:28454995	PATHOGENIC	HANCESTRO:0852	GAZ:00005279
	172.0	Progressive Familial Intrahepatic Cholestasis, type 2	601847	Cholestasis	ABCB11	NM_003742.2	Chr2(GRCh38):g.169013282del	c.379del	p.Thr127Hisfs*6	Homozygous	Absent	Absent	Absent	Absent	Absent	Absent				18395098																		['HP:0001406', 'HP:0001396']	['Intrahepatic cholestasis', 'Cholestasis']	['NM_003742.2(ABCB11):c.379del']	['8647']	GENO:0000136	['OMIM:601847']	['Cholestasis, progressive familial intrahepatic 2']	PMID:28454995	PATHOGENIC	HANCESTRO:0852	GAZ:00005279
	173.0	Progressive Familial Intrahepatic Cholestasis, type 4	615878	Cholestasis	TJB2	NM_001170416.1	Chr9(GRCh38):g.69216367T>C	c.236T>C	p.Val79Ala	Homozygous	rs121918299	Absent	Absent	RCV000003041.2	Absent	Absent	PROBABLY DAMAGING	Deleterious 	Class C0 	12704386																		['HP:0001406', 'HP:0001396']	['Intrahepatic cholestasis', 'Cholestasis']	['NM_001170416.1(TJB2):c.236T>C']	['Unknown']	GENO:0000136	['OMIM:615878']	['Cholestasis, progressive familial intrahepatic 4']	PMID:28454995	PATHOGENIC	HANCESTRO:0852	GAZ:00005279
	174.0	Congenital diarrhea with tufting enteropathy	613217		EPCAM	NM_002354.2	Chr2(GRCh38):g.47377021dup	c.499dup	p.Gln167Profs*21	Homozygous	rs606231204	Absent	Absent	RCV000013612.25	Absent	Absent				19820410 21315192 24142340																		['HP:0002014', 'HP:0002242']	['Diarrhea', 'Abnormal intestine morphology']	['NM_002354.2(EPCAM):c.499dup']	['4072']	GENO:0000136	['OMIM:613217']	['Diarrhea 5, with tufting enteropathy, congenital']	PMID:28454995	PATHOGENIC	HANCESTRO:0852	GAZ:00005279
	175.0	 Trichohepatoenteric syndrome	614602		SKIV2L	NM_006929.4	Chr6(GRCh38):g.31969535_31969555del	c.3561_3581del	p.Ser1189_Leu1195del	Homozygous	Absent	Absent	Absent	Absent	Absent	Absent				Novel																		['HP:0009886', 'HP:0002240']	['Trichorrhexis nodosa', 'Hepatomegaly']	['NM_006929.4(SKIV2L):c.3561_3581del']	['6499']	GENO:0000136	['OMIM:614602']	['Trichohepatoenteric syndrome 2']	PMID:28454995	PATHOGENIC	HANCESTRO:0852	GAZ:00005279
	176.0	Niemann-pick disease, type C2 	607625		NPC2	NM_006432.3	Chr14(GRCh38):g.74484500C>A	c.278G>T	p.Cys93Phe	Homozygous	rs143960270	EA: A=0.01% - AA: A=0.00%	T=0.0033%	Absent	Absent	Absent	PROBABLY DAMAGING	Deleterious 	Class C0 	24614073																		['HP:0000376']	['Incomplete partition of the cochlea type II']	['NM_006432.3(NPC2):c.278G>T']	['10577']	GENO:0000136	['OMIM:607625']	['Niemann-pick disease, type C2']	PMID:28454995	PATHOGENIC	HANCESTRO:0852	GAZ:00005279
	177.0	Progressive Familial Intrahepatic Cholestasis, type 4	615878		TJB2	NM_001170416.1	Chr9(GRCh38):g.69228022del	c.1454del	p.Ala485Glyfs*60	Homozygous	rs587777520	Absent	Absent	RCV000128572.2	Absent	Absent				Novel																		['HP:0001406', 'HP:0011610']	['Intrahepatic cholestasis', 'Type IV truncus arteriosus']	['NM_001170416.1(TJB2):c.1454del']	['Unknown']	GENO:0000136	['OMIM:615878']	['Cholestasis, progressive familial intrahepatic 4']	PMID:28454995	PATHOGENIC	HANCESTRO:0852	GAZ:00005279
	178.0	Vitamin D-dependent rickets, type I 	264700	Multiple fractures 	CYP27B1	NM_000785.3	Chr12(GRCh38):g.57763159G>A	c.1510C>T	p.Gln504*	Homozygous	rs758053526	Absent	T=0.0033%	Absent	Absent	Absent				25371233																		['HP:0002748', 'HP:0002757']	['Rickets', 'Recurrent fractures']	['NM_000785.3(CYP27B1):c.1510C>T']	['1594']	GENO:0000136	['OMIM:264700']	['Vitamin D hydroxylation-deficient rickets, type 1A']	PMID:28454995	PATHOGENIC	HANCESTRO:0852	GAZ:00005279
	179.0	Muscular dystrophy, limb-girdle, type 2J 	608807		TTN	NM_001267550.1	Chr2(GRCh38):g.178530118T>C	c.106375-2A>G		Homozygous	Absent	Absent	Absent	Absent	Absent	Absent				Novel																		['HP:0003560', 'HP:0006785']	['Muscular dystrophy', 'Limb-girdle muscular dystrophy']	['NM_001267550.1(TTN):c.106375-2A>G']	['7276']	GENO:0000136	['OMIM:608807']	['Muscular dystrophy, limb-girdle, autosomal recessive 10']	PMID:28454995	PATHOGENIC	HANCESTRO:0852	GAZ:00005279
	180.0	Short-rib thoracic dysplasia with or without polydactyly 	615503	Course features, respiratory insufficiency 	WDR60	NM_018051.4	Chr7(GRCh38):g.158906001C>A	c.1370C>A	p.Ser457Tyr	Homozygous	rs144444098	EA: A=0.00% - AA: A=0.61%	A=0.048%	Absent	Absent	Absent	PROBABLY DAMAGING	Tolerated	Class C0	Novel																		['HP:0006644', 'HP:0010442', 'HP:0000280', 'HP:0002093']	['Thoracic dysplasia', 'Polydactyly', 'Coarse facial features', 'Respiratory insufficiency']	['NM_018051.4(WDR60):c.1370C>A']	['55112']	GENO:0000136	['OMIM:615503']	['Short rib-polydactyly syndrome, type VI']	PMID:28454995	PATHOGENIC	HANCESTRO:0852	GAZ:00005279
	181.0	L-2-hydroxyglutaric aciduria 	236792	Developmental Delay, Recurrent Strokes	L2HGDH	NM_024884.2	Chr14(GRCh38):g.50247131G>T	c.1319C>A	p.Ser440Tyr	Homozygous	Absent	Absent	Absent	Absent	Absent	Absent	PROBABLY DAMAGING	Deleterious	class C65	Novel																		['HP:0040144', 'HP:0001263', 'HP:0001297']	['L-2-hydroxyglutaric aciduria', 'Global developmental delay', 'Stroke']	['NM_024884.2(L2HGDH):c.1319C>A']	['79944']	GENO:0000136	['OMIM:236792']	['L-2-hydroxyglutaric aciduria']	PMID:28454995	PATHOGENIC	HANCESTRO:0852	GAZ:00005279
	182.0	Thiamine metabolism dysfunction syndrome 2 (biotin- or thiamine-responsive encephalopathy type 2)	607483	Seizures, neuroregression	SLC19A3	NM_025243.3	Chr2(GRCh38):g.227688216T>C	c.1264A>G	P.Thr422Ala	Homozygous	rs121917884	Absent	Absent	RCV000004825.2	Absent	Absent	PROBABLY DAMAGING	Deleterious	Class C0	Novel																		['HP:0001298', 'HP:0001250', 'HP:0002376']	['Encephalopathy', 'Seizure', 'Developmental regression']	['NM_025243.3(SLC19A3):c.1264A>G']	['80704']	GENO:0000136	['OMIM:607483']	['Thiamine metabolism dysfunction syndrome 2 (biotin- or thiamine-responsive encephalopathy type 2)']	PMID:28454995	PATHOGENIC	HANCESTRO:0852	GAZ:00005279
	183.0	Early infantile epileptic encephalopathy	615905	Delayed motor development, delayed speech and language development, intellectual disability and generalized seizures	SLC13A5	NM_177550.4	Chr17(GRCh38):g.6701058A>G	c.785T>C	p.Leu262Pro	Homozygous	Absent	Absent	Absent	Absent	Absent	Absent	POSSIBLY DAMAGING	Deleterious	Class C0	Novel																		['HP:0200134', 'HP:0001270', 'HP:0000750', 'HP:0001249', 'HP:0002197']	['Epileptic encephalopathy', 'Motor delay', 'Delayed speech and language development', 'Intellectual disability', 'Generalized-onset seizure']	['NM_177550.4(SLC13A5):c.785T>C']	['284111']	GENO:0000136	['OMIM:615905']	['Epileptic encephalopathy, early infantile, 25, with amelogenesis imperfecta']	PMID:28454995	PATHOGENIC	HANCESTRO:0852	GAZ:00005279
	184.0	Warburg micro syndrome	600118	Agenesis of corpus callosum, delayed motor development, cataract, polydactyly, dysmorphic facial features (triangular face), corneal opacity, and failure to thrive.	RAB3GAP1	NM_001172435.1	Chr2(GRCh38):g.135126250G>A	c.899+1G>A		Homozygous	rs587777152	Absent	A=0.00083%	RCV000087133.4	Absent	Absent				Novel																		['HP:0001274', 'HP:0001270', 'HP:0000518', 'HP:0010442', 'HP:0000325', 'HP:0007957', 'HP:0001508']	['Agenesis of corpus callosum', 'Motor delay', 'Cataract', 'Polydactyly', 'Triangular face', 'Corneal opacity', 'Failure to thrive']	['NM_001172435.1(RAB3GAP1):c.899+1G>A']	['22930']	GENO:0000136	['OMIM:600118']	['Warburg micro syndrome 1']	PMID:28454995	PATHOGENIC	HANCESTRO:0852	GAZ:00005279
	185.0	Denys-Drash syndrome	194080		WT1	NM_024426.4	Chr11(GRCh38):g.32392019C>T	c.1385G>A	p.Arg462Gln	Heterozygous	Absent	Absent	Absent	Absent	Absent	Absent				Novel																		[]	[]	['NM_024426.4(WT1):c.1385G>A']	['7490']	GENO:0000135	['OMIM:194080']	['Denys-Drash syndrome']	PMID:28454995	PATHOGENIC	HANCESTRO:0852	GAZ:00005279
	186.0	Achondroplasia	100800	Developmental delay, campomelic dwarfism, skeletal, repeated fracture	FGFR3	NM_001163213.1	Chr4(GRCh38):g.1801394G>A	c.473G>A	p.Arg158Gln	Heterozygous	rs745863884	Absent	A=0.014%	Absent	Absent	0.00847457627119	PROBABLY DAMAGING	Deleterious	Class C0	Novel																		['HP:0001263', 'HP:0005716', 'HP:0000924', 'HP:0003084']	['Global developmental delay', 'Lethal skeletal dysplasia', 'Abnormality of the skeletal system', 'Recurrent long bone fractures']	['NM_001163213.1(FGFR3):c.473G>A']	['2261']	GENO:0000135	['OMIM:100800']	['Achondroplasia']	PMID:28454995	PATHOGENIC	HANCESTRO:0852	GAZ:00005279
	187.0	Familial hemiplegic migraine, type 2	602481	Seizure recurrent headache	ATP1A2 	NM_000702.3	Chr1(GRCh38):g.160136257T>A	c.2450T>A 	p.Ile817Asn	Heterozygous	Absent	Absent	Absent	Absent	Absent	Absent	PROBABLY DAMAGING	Deleterious	Class C0	Noval																		['HP:0002076', 'HP:0001250', 'HP:0002315']	['Migraine', 'Seizure', 'Headache']	['NM_000702.3(ATP1A2):c.2450T>A']	['477']	GENO:0000135	['OMIM:602481']	['Migraine, familial hemiplegic, 2']	PMID:28454995	PATHOGENIC	HANCESTRO:0852	GAZ:00005279
	188.0	Sotos syndrome 	117550	recurrent hypoglycemia, developmental delay, dysmorphic features	NSD1	NM_022455.4	Chr5(GRCh38):g.177210722C>T	c.2323C>T	p.Gln775*	Heterozygous	Absent	Absent	Absent	Absent	Absent	Absent				Novel																		['HP:0001988', 'HP:0001263']	['Recurrent hypoglycemia', 'Global developmental delay']	['NM_022455.4(NSD1):c.2323C>T']	['64324']	GENO:0000135	['OMIM:117550']	['Sotos syndrome']	PMID:28454995	PATHOGENIC	HANCESTRO:0852	GAZ:00005279
	189.0	Helsmoortel-van der Aa syndrome 	615873	Global developmental delay, macrocephaly, hearing loss	ADNP	NM_001282531.1	Chr20(GRCh38):g.50892557del	c.2157del	p.Tyr719*	Heterozygous	Absent	Absent	Absent	Absent	Absent	Absent				Novel																		['HP:0001263', 'HP:0000256', 'HP:0000365']	['Global developmental delay', 'Macrocephaly', 'Hearing impairment']	['NM_001282531.1(ADNP):c.2157del']	['23394']	GENO:0000135	['OMIM:615873']	['Helsmoortel-van der Aa syndrome']	PMID:28454995	PATHOGENIC	HANCESTRO:0852	GAZ:00005279
	190.0	Bannayan-Riley-Ruvalcaba syndrome (153480), Macrocephaly/ autism syndrome (605309)		Autism, Macrocephaly and hyperactivity	PTEN	NM_000314.4	Chr10(GRCh38):g.87925543C>G	c.195C>G	p.Tyr65Ter	Heterozygous	Absent	Absent	Absent	RCV000226814.1	Absent	Absent				Noval																		['HP:0000256', 'HP:0000717', 'HP:0000256', 'HP:0000752']	['Macrocephaly', 'Autism', 'Macrocephaly', 'Hyperactivity']	['NM_000314.4(PTEN):c.195C>G']	['5728']	GENO:0000135	[]	[]	PMID:28454995	PATHOGENIC	HANCESTRO:0852	GAZ:00005279
	191.0	Lissencephaly, AD	611603	"dysmorphic features, dandy-walker and
lissencephaly, GDD, complete agenesis of corpus callosum colpocephaly"	TUBA1A	NM_001270399.1	Chr12(GRCh38):g.49185371A>G	c.995T>C	p.Ile332Thr	Heterozygous	rs587784497	Absent	Absent	RCV000147823.1	Absent	Absent				Noval																		['HP:0001339', 'HP:0000006', 'HP:0001999', 'HP:0001305', 'HP:0001263', 'HP:0001274', 'HP:0030048']	['Lissencephaly', 'Autosomal dominant inheritance', 'Abnormal facial shape', 'Dandy-Walker malformation', 'Global developmental delay', 'Agenesis of corpus callosum', 'Colpocephaly']	['NM_001270399.1(TUBA1A):c.995T>C']	['7846']	GENO:0000135	['OMIM:611603']	['Lissencephaly 3']	PMID:28454995	PATHOGENIC	HANCESTRO:0852	GAZ:00005279
	192.0	Pitt-Hopkins syndrome	610954	Hypotonia, delayed social and cognitive development, no speech	TCF4	NM_001083962.1	Chr18(GRCh38):g.55228993C>T	c.1733G>A	p.Arg578His	Heterozygous	rs121909123	Absent	Absent	RCV000189738.2 RCV000079458.4	Absent	Absent	PROBABLY DAMAGING	Tolerated	Class C0	Noval																		['HP:0001252', 'HP:0001263', 'HP:0001344']	['Hypotonia', 'Global developmental delay', 'Absent speech']	['NM_001083962.1(TCF4):c.1733G>A']	['6934']	GENO:0000135	['OMIM:610954']	['Pitt-Hopkins syndrome']	PMID:28454995	PATHOGENIC	HANCESTRO:0852	GAZ:00005279
	193.0	Ehlers-Danlos syndrome, classic type 	130000	Marfanoid features, spontaneous pneumothorax, disproportionate tall stature and joint laxity	COL5A1	NM_000093.3	Chr9(GRCh38):g.134701276C>G	c.597C>G	p.Ile199Met	Heterozygous	Absent	EA: G=0.02% - AA: G=0.25%	G=0.038%	RCV000195829.1	Absent	Absent	POSSIBLY DAMAGING	Deleterious	Class C0	Novel																		['HP:0004933', 'HP:0002108', 'HP:0001519', 'HP:0001382']	['Ascending aortic dissection', 'Spontaneous pneumothorax', 'Disproportionate tall stature', 'Joint hypermobility']	['NM_000093.3(COL5A1):c.597C>G']	['1289']	GENO:0000135	['OMIM:130000']	['Ehlers-danlos syndrome, type I']	PMID:28454995	PATHOGENIC	HANCESTRO:0852	GAZ:00005279
	194.0	Coffin-Siris syndrome	135900	Dysmorphic features, developmental delay, ADHD, seizure and myopia	ARID1B	NM_020732.3	Chr6(GRCh38):g.157206711_157206714del	c.5570_5573del	p.Lys1857Serfs*17	Heterozygous	Absent	Absent	Absent	Absent	Absent	Absent				Novel																		['HP:0001999', 'HP:0001263', 'HP:0007018', 'HP:0001250', 'HP:0000545']	['Abnormal facial shape', 'Global developmental delay', 'Attention deficit hyperactivity disorder', 'Seizure', 'Myopia']	['NM_020732.3(ARID1B):c.5570_5573del']	['57492']	GENO:0000135	['OMIM:135900']	['Coffin-Siris syndrome 1']	PMID:28454995	PATHOGENIC	HANCESTRO:0852	GAZ:00005279
	195.0	Rhabdoid tumor predisposition syndrome	613325		SMARCA4	NM_001128849.1	Chr19(GRCh38):g.10986944G>T	c.800G>T	p.Gly267Val	Heterozygous	Absent	Absent	Absent	Absent	Absent	Absent	PROBABLY DAMAGING	Tolerated	Class C0	Novel																		['HP:0034557']	['Rhabdoid tumor']	['NM_001128849.1(SMARCA4):c.800G>T']	['6597']	GENO:0000135	['OMIM:613325']	['Rhabdoid tumor predisposition syndrome 2']	PMID:28454995	PATHOGENIC	HANCESTRO:0852	GAZ:00005279
	196.0	Floating-Harbor syndrome 	136140		SRCAP	NM_006662.2	Chr16(GRCh38):g.30704320G>A	c.306+5G>A		Heterozygous	Absent	Absent	Absent	Absent	Absent	Absent				Novel																		[]	[]	['NM_006662.2(SRCAP):c.306+5G>A']	['10847']	GENO:0000135	['OMIM:136140']	['Floating-Harbor syndrome']	PMID:28454995	PATHOGENIC	HANCESTRO:0852	GAZ:00005279
	197.0	Periventricular heterotopia 	300049		FLNA	NM_001110556.1	ChrX(GRCh38):g.154366053C>T	c.1400G>A	p.Arg467His	Heterozygous	Absent	Absent	A=0.0012%	Absent	Absent	Absent	PROBABLY DAMAGING	Tolerated	Class C0	Novel																		['HP:0002282']	['Gray matter heterotopia']	['NM_001110556.1(FLNA):c.1400G>A']	['2316']	GENO:0000135	['OMIM:300049']	['Heterotopia, periventricular, X-linked dominant']	PMID:28454995	PATHOGENIC	HANCESTRO:0852	GAZ:00005279
	198.0	Schwartz-Jampel syndrome, type 1	255800		HSPG2	NM_001291860.1	Chr1(GRCh38):g.21830981C>T	c.11674+1G>T		Heterozygous	Absent	Absent	Absent	Absent	Absent	Absent				Novel																		[]	[]	['NM_001291860.1(HSPG2):c.11674+1G>T']	['3339']	GENO:0000135	['OMIM:255800']	['Schwartz-jampel syndrome, type 1']	PMID:28454995	PATHOGENIC	HANCESTRO:0852	GAZ:00005279
	199.0	Distal Arthrogryposis, type 5 	108145		PIEZO2	NM_022068.3	Chr18(GRCh38):g.10979542_10979548del	c.273_279del	p.Pro92fs	Heterozygous	Absent	Absent	Absent	Absent	Absent	Absent				Noval																		['HP:0005684']	['Distal arthrogryposis']	['NM_022068.3(PIEZO2):c.273_279del']	['63895']	GENO:0000135	['OMIM:108145']	['Arthrogryposis, distal, type 5']	PMID:28454995	PATHOGENIC	HANCESTRO:0852	GAZ:00005279
	200.0	AD Mental retardation 	156200		MBD5	NM_018328.4	Chr2(GRCh38):g.148485877C>T	c.2981C>T	p.Ala994Val	Heterozygous	rs773522192	Absent	T=0.0025%	RCV000188105.2	Absent	Absent	POSSIBLY DAMAGING	TOLERATED	CLASS C0	Noval																		['HP:0001249']	['Intellectual disability']	['NM_018328.4(MBD5):c.2981C>T']	['55777']	GENO:0000135	['OMIM:156200']	['Intellectual developmental disorder, autosomal dominant 1']	PMID:28454995	PATHOGENIC	HANCESTRO:0852	GAZ:00005279
	201.0	Early infentile epileptic encephalopathy	612164		STXBP1	NM_003165.3	Chr9(GRCh38):g.127673259C>T	c.1108C>T	p.Gln370*	Heterozygous	Absent	Absent	Absent	Absent	Absent	Absent				Noval																		['HP:0001522', 'HP:0200134']	['Death in infancy', 'Epileptic encephalopathy']	['NM_003165.3(STXBP1):c.1108C>T']	['6812']	GENO:0000135	['OMIM:612164']	['Developmental and epileptic encephalopathy 4']	PMID:28454995	PATHOGENIC	HANCESTRO:0852	GAZ:00005279
	202.0	Early infantile epileptic encephalopathy	616366	epilepsy, microcephaly, Global developmental delay  	KCNA2 	NM_004974.3	Chr1(GRCh38):g.110603663T>C	c.1120A>G	p.Thr374Ala	Heterozygous	Absent	Absent	Absent	Absent	Absent	Absent	PROBABLY DAMAGING	Deleterious 	Class C55	27117551																		['HP:0200134', 'HP:0001250', 'HP:0000252', 'HP:0001263']	['Epileptic encephalopathy', 'Seizure', 'Microcephaly', 'Global developmental delay']	['NM_004974.3(KCNA2):c.1120A>G']	['3737']	GENO:0000135	['OMIM:616366']	['Epileptic encephalopathy, early infantile, 32']	PMID:28454995	PATHOGENIC	HANCESTRO:0852	GAZ:00005279
	203.0	 Early infentile epileptic encephalopathy	614558	Seizure, DD, recurrent infection, stroke like	SCN8A	NM_014191.3	Chr12(GRCh38):g.51769874G>A	c.3379G>A	p.Asp1127Asn	Heterozygous	Absent	Absent	Absent	Absent	Absent	Absent	BENIGN	Deleterious	CLASS C0	Noval																		['HP:0200134', 'HP:0001250', 'HP:0001263', 'HP:0002719', 'HP:0002401']	['Epileptic encephalopathy', 'Seizure', 'Global developmental delay', 'Recurrent infections', 'Stroke-like episode']	['NM_014191.3(SCN8A):c.3379G>A']	['6334']	GENO:0000135	['OMIM:614558']	['Epileptic encephalopathy, early infantile, 13']	PMID:28454995	PATHOGENIC	HANCESTRO:0852	GAZ:00005279
	204.0	Alagille syndrome 	610205		NOTCH2	NM_024408.3	Chr1(GRCh38):g.119917685G>A	c.6007C>T	p.Arg2003*	Heterozygous	rs312262801	Absent	Absent	RCV000034167.2	Absent	Absent				Noval																		['HP:0001396', 'HP:0001627', 'HP:0003468', 'HP:0000627', 'HP:0000271']	['Cholestasis', 'Abnormal heart morphology', 'Abnormal vertebral morphology', 'Posterior embryotoxon', 'Abnormality of the face']	['NM_024408.3(NOTCH2):c.6007C>T']	['4853']	GENO:0000135	['OMIM:610205']	['Alagille syndrome 2']	PMID:28454995	PATHOGENIC	HANCESTRO:0852	GAZ:00005279
	205.0	Early infantile epileptic encephalopathy 	613720	generalized epilepsy started in the 1st day of life	KCNQ2	NM_172107.2	Chr20(GRCh38):g.63413469T>A	c.1744A>T	p.Ile582Phe	Heterozygous	Absent	Absent	Absent	Absent	Absent	Absent	PROBABLY DAMAGING	Deleterious	CLASS C0	Noval																		['HP:0200134', 'HP:0001250', 'HP:0003674']	['Epileptic encephalopathy', 'Seizure', 'Onset']	['NM_172107.2(KCNQ2):c.1744A>T']	['3785']	GENO:0000135	['OMIM:613720']	['Epileptic encephalopathy, early infantile, 7']	PMID:28454995	PATHOGENIC	HANCESTRO:0852	GAZ:00005279
	206.0	X-linked mental retardation syndrome - Claes-Jensen type 	300534	Speech delay, FTT, and basal ganglia changes	KDM5C 	NM_004187.3	ChrX(GRCh38):g.53195964C>A	c.3072G>T	p.Glu1024Asp	Hemizygous	Absent	Absent	Absent	Absent	Absent	Absent	BENIGN	TOLERATED	CLASS C0	Noval																		['HP:0001249', 'HP:0000750', 'HP:0001508', 'HP:0002134']	['Intellectual disability', 'Delayed speech and language development', 'Failure to thrive', 'Abnormal basal ganglia morphology']	['NM_004187.3(KDM5C):c.3072G>T']	['8242']	GENO:0000134	['OMIM:300534']	['Intellectual developmental disorder, X-linked syndromic, Claes-Jensen type']	PMID:28454995	PATHOGENIC	HANCESTRO:0852	GAZ:00005279
	207.0	X-linked Mental retardation	300803	Speech delay, autistic features	ZNF711	NM_021998.4	ChrX(GRCh38):g.85271286G>A	c.1744G>A	p.Asp582Asn	Hemizygous	Absent	Absent	Absent	Absent	Absent	Absent	BENIGN	ABSENT	ABSENT	Noval																		['HP:0001249', 'HP:0000750']	['Intellectual disability', 'Delayed speech and language development']	['NM_021998.4(ZNF711):c.1744G>A']	['7552']	GENO:0000134	['OMIM:300803']	['Intellectual developmental disorder, X-linked 97']	PMID:28454995	PATHOGENIC	HANCESTRO:0852	GAZ:00005279
	208.0	X-linked mental retardation syndrome -Cabezas type 	300354	GDD, dysmorphic features	CUL4B	NM_003588.3	ChrX(GRCh38):g.120539349G>A	c.1714C>T	p.Arg572Cys	Hemizygous	rs121434615	Absent	Absent	RCV000012091.12	Absent	Absent	POSSIBLY DAMAGING	Deleterious	CLASS C0	17236139 10978355																		['HP:0001249', 'HP:0001263', 'HP:0001999']	['Intellectual disability', 'Global developmental delay', 'Abnormal facial shape']	['NM_003588.3(CUL4B):c.1714C>T']	['8450']	GENO:0000134	['OMIM:300354']	['Intellectual developmental disorder, X-linked syndromic, Cabezas type']	PMID:28454995	PATHOGENIC	HANCESTRO:0852	GAZ:00005279
	209.0	Rett syndrome	312750	GDD, hypotonia, dysmorphic features & FTT	MECP2	NM_004992.3	ChrX(GRCh38):g.154030546C>T	c.1282G>A	p.Gly428Ser	Hemizygous	rs61753971	Absent	A=0.013%	RCV000132982.2 RCV000132982.2	Absent	Absent	BENIGN	DELETERIOUS	CLASS C55	12161600																		['HP:0001263', 'HP:0001252', 'HP:0001508']	['Global developmental delay', 'Hypotonia', 'Failure to thrive']	['NM_004992.3(MECP2):c.1282G>A']	['4204']	GENO:0000134	['OMIM:312750']	['Rett syndrome']	PMID:28454995	PATHOGENIC	HANCESTRO:0852	GAZ:00005279
	210.0	Periventricular heterotopia 	300049		FLNA	NM_001110556.1	ChrX(GRCh38):g.154366416C>T	c.1120G>A	p.Val374Met	Hemizygous	Absent	Absent	A=0.0070%	Absent	Absent	Absent	PROBABLY DAMAGING	DELETERIOUS	CLASS C0	Novel 																		['HP:0007165']	['Periventricular heterotopia']	['NM_001110556.1(FLNA):c.1120G>A']	['2316']	GENO:0000134	['OMIM:300049']	['Heterotopia, periventricular, X-linked dominant']	PMID:28454995	PATHOGENIC	HANCESTRO:0852	GAZ:00005279
	211.0	Neonatal Severe Encephalopathy	300673	Intellectual disability 	MECP2	NM_004992.3	ChrX(GRCh38):g.154030798G>A	c.1030C>T	p.Arg344Trp	Hemizygous	rs61752361	EA: A=0.01% - AA: A=0.00%	:T=0.0034%	RCV000132833.2	Absent	0.0112359550562	BENIGN	Tolerated 	Class C0	12161600																		['HP:0001298', 'HP:0001249']	['Encephalopathy', 'Intellectual disability']	['NM_004992.3(MECP2):c.1030C>T']	['4204']	GENO:0000134	['OMIM:300673']	['Encephalopathy, neonatal severe, due to mecp2 mutations']	PMID:28454995	PATHOGENIC	HANCESTRO:0852	GAZ:00005279
	212.0	Opitz-Kaveggia syndrome	305450	Intellectual disability 	MED12	NM_005120.2	ChrX(GRCh38):g.71129785G>A	c.3797G>A	p.Arg1266His	Hemizygous	rs587780391	Absent	A=0.022%	RCV000117599.4	Absent	Absent	PROBABLY DAMAGING	Tolerated	Class C0	Novel 																		['HP:0001249']	['Intellectual disability']	['NM_005120.2(MED12):c.3797G>A']	['9968']	GENO:0000134	['OMIM:305450']	['Opitz-Kaveggia syndrome']	PMID:28454995	PATHOGENIC	HANCESTRO:0852	GAZ:00005279
	213.0	X-linked myotubular myopathy	310400		MTM1	NM_000252.2	ChrX(GRCh38):g.150645683G>A	c.679G>A	p.Val227Met	Hemizygous	rs587783850	Absent	Absent	RCV000146476.1	Absent	Absent	PROBABLY DAMAGING	Deleterious	Class C0	Novel 																		['HP:0001417', 'HP:0003198']	['X-linked inheritance', 'Myopathy']	['NM_000252.2(MTM1):c.679G>A']	['4534']	GENO:0000134	['OMIM:310400']	['Myopathy, centronuclear, X-linked']	PMID:28454995	PATHOGENIC	HANCESTRO:0852	GAZ:00005279
	214.0	Mental retardation and microcephaly with pontine and cerebellar hypoplasia 	300749		CASK	NM_003688.3	ChrX(GRCh38):g.41531066C>A	c.2446G>T	p.Glu816*	Hemizygous	Absent	Absent	Absent	Absent	Absent	Absent				Novel 																		['HP:0001249', 'HP:0000252', 'HP:0012110', 'HP:0001321']	['Intellectual disability', 'Microcephaly', 'Hypoplasia of the pons', 'Cerebellar hypoplasia']	['NM_003688.3(CASK):c.2446G>T']	['8573']	GENO:0000134	['OMIM:300749']	['Intellectual developmental disorder and microcephaly with pontine and cerebellar hypoplasia']	PMID:28454995	PATHOGENIC	HANCESTRO:0852	GAZ:00005279
	215.0	Spastic ataxia, Charlevoix-Saguenay type 	270550		SACS 	NM_014363.4	Chr13(GRCh38):g.23355608G>A	c.1004C>T	p.Ser335Leu 	Compound Heterozygous	rs767435985	Absent	T=0.0074%	Absent	Absent	0.0169491525424	BENIGN	Deleterious	Class C0	Novel 		SACS 	NM_014363.4	Chr13(GRCh38):g.23334920G>C	c. 8956 C>G	p.His2986Asp	Compound Heterozygous	rs751888795	Absent	G=0.00083%	Absent	Absent	Absent	PROBABLY DAMAGING	Deleterious	Class C0	Novel	['HP:0002497']	['Spastic ataxia']	['NM_014363.4(SACS):c.1004C>T', 'NM_014363.4(SACS):c. 8956 C>G']	['26278', '26278']	GENO:0000135	['OMIM:270550']	['Spastic ataxia, Charlevoix-Saguenay type']	PMID:28454995	PATHOGENIC	HANCESTRO:0852	GAZ:00005279
	216.0	 2-aminoadipic 2-oxoadipic aciduria 	204750	intellectual disability, hepatosplenomegaly, and autoimmune hemolytic anemia	DHTKD1 	NM_018706.6	Chr10(GRCh38):g.12118790C>T	c.2444C>T 	p. Ser815Phe	Compound Heterozygous	Absent	Absent	Absent	Absent	Absent	Absent	BENIGN	Deleterious	Class C15	Novel 		DHTKD1 	NM_018706.6	Chr10(GRCh38):g.12117758A>G	c. 2402+3A>G		Compound Heterozygous	rs754298961	Absent	G=0.0074%	Absent	Absent	Absent				Novel	['HP:6000266', 'HP:0001249', 'HP:0001433', 'HP:0001890']	['2-oxoadipic aciduria', 'Intellectual disability', 'Hepatosplenomegaly', 'Autoimmune hemolytic anemia']	['NM_018706.6(DHTKD1):c.2444C>T', 'NM_018706.6(DHTKD1):c. 2402+3A>G']	['55526', '55526']	GENO:0000135	['OMIM:204750']	['Alpha-aminoadipic and alpha-ketoadipic aciduria']	PMID:28454995	PATHOGENIC	HANCESTRO:0852	GAZ:00005279
	217.0	MHC class II deficiency, complementation group B 	209920	Celiac Disease, FTT, dysmorphic feature	RFXANK	NM_003721.3	Chr19(GRCh38):g.19197545A>T	c.362A>T	p.Asp121Val	Compound Heterozygous	rs104894709	Absent	Absent	RCV000006979.2	Absent	Absent	PROBABLY DAMAGING	Deleterious	Class C65	Novel 		RFXANK	NM_003721.3	Chr19(GRCh38):g.19196952C>T	c.188-11C>T		Compound Heterozygous	rs201545133	EA: T=0.02% AA: T=0.00%	T=0.066%	Absent	Absent	Absent				Novel	['HP:0002608', 'HP:0001508']	['Celiac disease', 'Failure to thrive']	['NM_003721.3(RFXANK):c.362A>T', 'NM_003721.3(RFXANK):c.188-11C>T']	['8625', '8625']	GENO:0000135	['OMIM:209920']	['Bare lymphocyte syndrome, type II']	PMID:28454995	PATHOGENIC	HANCESTRO:0852	GAZ:00005279
	218.0	Muscular dystrophy-dystroglycanopathy (congenital with brain and eye anomalies), type A 	613154		LARGE	NM_004737.4	Chr22(GRCh38):g.33650384C>T	c.391G>A	p.Val131Ile	Compound Heterozygous	rs56239539	T=0.05%	A=0.051%	RCV000178221.1	Absent	0.0169491525424	BENIGN	Tolerated	Class C0 	Novel 		LARGE	NM_004737.4	Chr22(GRCh38):g.33316123G>T	c.1413C>A	p.Ser471Arg	Compound Heterozygous	rs376160270	T=0.00% - AA: T=0.02%	Absent	Absent	Absent	Absent	PROBABLY DAMAGING	Deleterious	Class C0	Novel	['HP:0003560', 'HP:0030046', 'HP:0003577', 'HP:0000238', 'HP:0000478']	['Muscular dystrophy', 'Hypoglycosylation of alpha-dystroglycan', 'Congenital onset', 'Hydrocephalus', 'Abnormality of the eye']	['NM_004737.4(LARGE):c.391G>A', 'NM_004737.4(LARGE):c.1413C>A']	['9215', '9215']	GENO:0000135	['OMIM:613154']	['Muscular dystrophy-dystroglycanopathy (congenital with brain and eye anomalies), type A, 6']	PMID:28454995	PATHOGENIC	HANCESTRO:0852	GAZ:00005279
	219.0	Short-rib thoracic dysplasia with or without polydactyly	615630	Absence of ears bilaterally, CHD, T5-T7 thoracic vertebral anomalies.	IFT172	NM_015662.2	Chr2(GRCh38):g.27445400T>A	c.4964A>T	p.Asp1655Val	Compound Heterozygous	Absent	Absent	Absent	Absent	Absent	Absent	PROBABLY DAMAGING	Deleterious	Class C15	Novel 		IFT172	NM_015662.2	Chr2(GRCh38):g.27483888C>G	c.386G>C	p.Gly129Ala	Compound Heterozygous	Absent	T=0.00% - AA: T=0.02%	Absent	Absent	Absent	Absent	PROBABLY DAMAGING	Deleterious	Class C0	Novel	['HP:0006644', 'HP:0003468']	['Thoracic dysplasia', 'Abnormal vertebral morphology']	['NM_015662.2(IFT172):c.4964A>T', 'NM_015662.2(IFT172):c.386G>C']	['26160', '26160']	GENO:0000135	['OMIM:615630']	['Short-Rib thoracic dysplasia 10 with or without polydactyly']	PMID:28454995	PATHOGENIC	HANCESTRO:0852	GAZ:00005279
	220.0	AR Deafness 	600316		MYO15A	NM_016239.3	Chr17(GRCh38):g.18119655dup	c.855dup	p.Pro286fs	Compound Heterozygous	Absent	Absent	Absent	Absent	Absent	Absent				Novel 		MYO15A	NM_016239.3	Chr17(GRCh38):g.18151880G>A	c.7822G>A	p.Asp2608Asn	Compound Heterozygous	rs775747644	Absent	A=0.0061%	Absent	Absent	Absent	PROBABLY DAMAGING	Deleterious	Class C0	Novel	['HP:0000365', 'HP:0000007']	['Hearing impairment', 'Autosomal recessive inheritance']	['NM_016239.3(MYO15A):c.855dup', 'NM_016239.3(MYO15A):c.7822G>A']	['51168', '51168']	GENO:0000135	['OMIM:600316']	['Deafness, neurosensory, autosomal recessive 3']	PMID:28454995	PATHOGENIC	HANCESTRO:0852	GAZ:00005279
																																						[]	[]	[]	[]	GENO:0000137	[]	[]	PMID:28454995	PATHOGENIC	HANCESTRO:0852	GAZ:00005279
																																						[]	[]	[]	[]	GENO:0000137	[]	[]	PMID:28454995	PATHOGENIC	HANCESTRO:0852	GAZ:00005279
		Abbreviations: AR = Autosoaml Recessive, AD = Autosomal Dominant, XLR = X-linked recessive, XLD = X-linked dominant. 																																				['HP:0000007', 'HP:0000006', 'HP:0001419', 'HP:0001423']	['Autosomal recessive inheritance', 'Autosomal dominant inheritance', 'X-linked recessive inheritance', 'X-linked dominant inheritance']	[]	[]	GENO:0000137	[]	[]	PMID:28454995	PATHOGENIC	HANCESTRO:0852	GAZ:00005279
