ID	phenotypes	variants	reference	Unnamed: 4	norm_original_id	norm_phenotypes_high_conf	norm_phenotypes_labels	norm_phenotypes_low_conf	norm_genes	norm_variants_hgvs	norm_zygosity	norm_zygosity_label	norm_diseases_high_conf	norm_diseases_labels	norm_ancestry	norm_ancestry_label	norm_country	norm_country_label	normalized_hpos	normalized_hpo_labels	normalized_diseases	normalized_disease_labels	normalized_variants_hgvs	normalized_genes_entrez	normalized_zygosity_geno
PAVS1	macular focal atrophy (HP:0007401)| mild intraretinal pigment (HP:0007703)|nyctalopia(HP:0000662)|sensitivity to light(HP:0000613)|poor color vision(HP:0000551)	chr2:112,309,575–112,815,205 Hom Del of ex8 	https://pubmed.ncbi.nlm.nih.gov/20300561/		PAVS1	['HP:0000551', 'HP:0000613', 'HP:0000662', 'HP:0007401', 'HP:0007703']	['Color vision defect', 'Photophobia', 'Nyctalopia', 'Macular atrophy', 'Abnormal retinal pigmentation']	[]	[]	['chr2:112,309,575–112,815,205 Hom Del of ex8']	GENO:0000136	homozygous	[]	[]	HANCESTRO:0852	Middle Eastern population	GAZ:00005279	Saudi Arabia	['HP:0000551', 'HP:0000613', 'HP:0000662', 'HP:0007401', 'HP:0007703']	['Color vision defect', 'Photophobia', 'Nyctalopia', 'Macular atrophy', 'Abnormal retinal pigmentation']	[]	[]	['NM_004006.2(NF2):c.937-5110del']	['Unknown']	GENO:0000136
PAVS2	Retinitis pigmentosa(HP:0000510)| Rod cone dystrophy(HP:0000510)	CDHR1:NM_033100.3:c.476C>A; p.Ala159Glu	https://pubmed.ncbi.nlm.nih.gov/26355662/		PAVS2	['HP:0000510']	['Rod-cone dystrophy']	[]	['CDHR1']	['c.476C>A; p.Ala159Glu']	GENO:0000137	unknown zygosity	[]	[]	HANCESTRO:0852	Middle Eastern population	GAZ:00005279	Saudi Arabia	['HP:0000510']	['Rod-cone dystrophy']	[]	[]	['NM_033100.3(CDHR1):c.476C>A', 'NM_004333.4(GBA1):c.476C>A']	['92211']	GENO:0000137
PAVS3	LEBER CONGENITAL AMAUROSIS 1; LCA1(OMIM:204000)|LEBER CONGENITAL AMAUROSIS (HP:0007875)	GUCY2D:NM_000180.3:c.416T>C	https://pubmed.ncbi.nlm.nih.gov/26355662/		PAVS3	['HP:0007875']	['Congenital blindness']	['LEBER CONGENITAL AMAUROSIS 1; LCA1(OMIM:204000)']	['GUCY2D']	['c.416T>C']	GENO:0000137	unknown zygosity	['OMIM:204000']	['Leber congenital amaurosis, type I']	HANCESTRO:0852	Middle Eastern population	GAZ:00005279	Saudi Arabia	['HP:0007875']	['Congenital blindness']	['OMIM:204000']	['Leber congenital amaurosis, type I']	['NM_000180.3(GUCY2D):c.416T>C']	['3000']	GENO:0000137
PAVS4	Choroideremia(HP:0001139)	CHM:NM_000390.2:c.1144G>T	https://pubmed.ncbi.nlm.nih.gov/26355662/		PAVS4	['HP:0001139']	['Chorioretinal scalloped atrophy']	[]	['CHM']	['c.1144G>T']	GENO:0000137	unknown zygosity	[]	[]	HANCESTRO:0852	Middle Eastern population	GAZ:00005279	Saudi Arabia	['HP:0001139']	['Chorioretinal scalloped atrophy']	[]	[]	['NM_000390.2(CHM):c.1144G>T']	['4359']	GENO:0000137
PAVS5	Retinitis pigmentosa(HP:0000510)| Rod cone dystrophy(HP:0000510)	CDHR1:NM_033100.3:c.1536T>A	https://pubmed.ncbi.nlm.nih.gov/26355662/		PAVS5	['HP:0000510']	['Rod-cone dystrophy']	[]	['CDHR1']	['c.1536T>A']	GENO:0000137	unknown zygosity	[]	[]	HANCESTRO:0852	Middle Eastern population	GAZ:00005279	Saudi Arabia	['HP:0000510']	['Rod-cone dystrophy']	[]	[]	['NM_033100.3(CDHR1):c.1536T>A']	['92211']	GENO:0000137
PAVS6	Retinitis pigmentosa(HP:0000510)| Rod cone dystrophy(HP:0000510)	ABCA4:NM_000350.2:c.5391_5392del	https://pubmed.ncbi.nlm.nih.gov/26355662/		PAVS6	['HP:0000510']	['Rod-cone dystrophy']	[]	['ABCA4']	['c.5391_5392del']	GENO:0000137	unknown zygosity	[]	[]	HANCESTRO:0852	Middle Eastern population	GAZ:00005279	Saudi Arabia	['HP:0000510']	['Rod-cone dystrophy']	[]	[]	['NM_000350.2(ABCA4):c.5391_5392del']	['24']	GENO:0000137
PAVS7	Cone rod dystrophy(HP:0000510)	ABCA4:NM_000350.2:c.4867G>C	https://pubmed.ncbi.nlm.nih.gov/26355662/		PAVS7	['HP:0000510']	['Rod-cone dystrophy']	[]	['ABCA4']	['c.4867G>C']	GENO:0000137	unknown zygosity	[]	[]	HANCESTRO:0852	Middle Eastern population	GAZ:00005279	Saudi Arabia	['HP:0000510']	['Rod-cone dystrophy']	[]	[]	['NM_000350.2(ABCA4):c.4867G>C']	['24']	GENO:0000137
PAVS8	Retinitis pigmentosa(HP:0000510)| Rod cone dystrophy(HP:0000510)	CRX:NM_000554.4:c.695del	https://pubmed.ncbi.nlm.nih.gov/26355662/		PAVS8	['HP:0000510']	['Rod-cone dystrophy']	[]	['CRX']	['c.695del']	GENO:0000137	unknown zygosity	[]	[]	HANCESTRO:0852	Middle Eastern population	GAZ:00005279	Saudi Arabia	['HP:0000510']	['Rod-cone dystrophy']	[]	[]	['NM_000554.4(CRX):c.695del']	['1406']	GENO:0000137
PAVS9	Retinitis pigmentosa(HP:0000510)| Rod cone dystrophy(HP:0000510)	ABCA4:NM_000350.2:c.1630_1633dup	https://pubmed.ncbi.nlm.nih.gov/26355662/		PAVS9	['HP:0000510']	['Rod-cone dystrophy']	[]	['ABCA4']	['c.1630_1633dup']	GENO:0000137	unknown zygosity	[]	[]	HANCESTRO:0852	Middle Eastern population	GAZ:00005279	Saudi Arabia	['HP:0000510']	['Rod-cone dystrophy']	[]	[]	['NM_000350.2(ABCA4):c.1630_1633dup']	['24']	GENO:0000137
PAVS10	Cone rod dystrophy(HP:0000510)	ABCA4:NM_000350.2:c.1630_1633dup	https://pubmed.ncbi.nlm.nih.gov/26355662/		PAVS10	['HP:0000510']	['Rod-cone dystrophy']	[]	['ABCA4']	['c.1630_1633dup']	GENO:0000137	unknown zygosity	[]	[]	HANCESTRO:0852	Middle Eastern population	GAZ:00005279	Saudi Arabia	['HP:0000510']	['Rod-cone dystrophy']	[]	[]	['NM_000350.2(ABCA4):c.1630_1633dup']	['24']	GENO:0000137
PAVS11	Retinitis pigmentosa(HP:0000510)| Rod cone dystrophy(HP:0000510)	PROM1:NM_006017.2:c.2130+2delT	https://pubmed.ncbi.nlm.nih.gov/26355662/		PAVS11	['HP:0000510']	['Rod-cone dystrophy']	[]	['PROM1']	['c.2130+2delT']	GENO:0000137	unknown zygosity	[]	[]	HANCESTRO:0852	Middle Eastern population	GAZ:00005279	Saudi Arabia	['HP:0000510']	['Rod-cone dystrophy']	[]	[]	['NM_006017.2(PROM1):c.2130+2delT']	['8842']	GENO:0000137
PAVS12	Leber congenital amaurosis |Congenital amaurosis (HP:0007875)	AIPL1:NM_014336.4:c.178dup	https://pubmed.ncbi.nlm.nih.gov/26355662/		PAVS12	['HP:0007875']	['Congenital blindness']	['Leber congenital amaurosis']	['AIPL1']	['c.178dup']	GENO:0000137	unknown zygosity	[]	[]	HANCESTRO:0852	Middle Eastern population	GAZ:00005279	Saudi Arabia	['HP:0007875']	['Congenital blindness']	['ORPHA:65']	['Leber congenital amaurosis']	['NM_014336.4(AIPL1):c.178dup']	['23746']	GENO:0000137
PAVS13	Retinitis pigmentosa(HP:0000510)| Rod cone dystrophy(HP:0000510)	CRX:NM_000554.4:c.274G>A	https://pubmed.ncbi.nlm.nih.gov/26355662/		PAVS13	['HP:0000510']	['Rod-cone dystrophy']	[]	['CRX']	['c.274G>A']	GENO:0000137	unknown zygosity	[]	[]	HANCESTRO:0852	Middle Eastern population	GAZ:00005279	Saudi Arabia	['HP:0000510']	['Rod-cone dystrophy']	[]	[]	['NM_000554.4(CRX):c.274G>A']	['1406']	GENO:0000137
PAVS14	Leber congenital amaurosis |Congenital amaurosis (HP:0007875)	TULP1:NM_003322.4:c.180del	https://pubmed.ncbi.nlm.nih.gov/26355662/		PAVS14	['HP:0007875']	['Congenital blindness']	['Leber congenital amaurosis']	['TULP1']	['c.180del']	GENO:0000137	unknown zygosity	[]	[]	HANCESTRO:0852	Middle Eastern population	GAZ:00005279	Saudi Arabia	['HP:0007875']	['Congenital blindness']	['ORPHA:65']	['Leber congenital amaurosis']	['NM_003322.4(TULP1):c.180del']	['7287']	GENO:0000137
PAVS15	LEBER CONGENITAL AMAUROSIS 6; LCA6 (OMIM:613826)|LEBER CONGENITAL AMAUROSIS (HP:0007875)	RPGRIP1:NM_020366.3:c.2876del	https://pubmed.ncbi.nlm.nih.gov/26355662/		PAVS15	['HP:0007875']	['Congenital blindness']	['LEBER CONGENITAL AMAUROSIS 6; LCA6 (OMIM:613826)']	['RPGRIP1']	['c.2876del']	GENO:0000137	unknown zygosity	['OMIM:613826']	['Leber congenital amaurosis 6']	HANCESTRO:0852	Middle Eastern population	GAZ:00005279	Saudi Arabia	['HP:0007875']	['Congenital blindness']	['OMIM:613826']	['Leber congenital amaurosis 6']	['NM_020366.3(RPGRIP1):c.2876del']	['57096']	GENO:0000137
PAVS16	Goldmann Favre Disease	NR2E3:NM_014249.3:c.926G>T	https://pubmed.ncbi.nlm.nih.gov/26355662/		PAVS16	[]	[]	['Goldmann Favre Disease']	['NR2E3']	['c.926G>T']	GENO:0000137	unknown zygosity	[]	[]	HANCESTRO:0852	Middle Eastern population	GAZ:00005279	Saudi Arabia	['HP:0000478']	['Abnormality of the eye']	[]	[]	['NM_014249.3(NR2E3):c.926G>T']	['10002']	GENO:0000137
PAVS17	Leber congenital amaurosis |Congenital amaurosis (HP:0007875)	PDE6C:NM_006204.3:c.1613T>C	https://pubmed.ncbi.nlm.nih.gov/26355662/		PAVS17	['HP:0007875']	['Congenital blindness']	['Leber congenital amaurosis']	['PDE6C']	['c.1613T>C']	GENO:0000137	unknown zygosity	[]	[]	HANCESTRO:0852	Middle Eastern population	GAZ:00005279	Saudi Arabia	['HP:0007875']	['Congenital blindness']	['ORPHA:65']	['Leber congenital amaurosis']	['NM_006204.3(PDE6C):c.1613T>C']	['5146']	GENO:0000137
PAVS18	Goldmann Favre Disease	NR2E3:NM_014249.3:c.646G>A	https://pubmed.ncbi.nlm.nih.gov/26355662/		PAVS18	[]	[]	['Goldmann Favre Disease']	['NR2E3']	['c.646G>A']	GENO:0000137	unknown zygosity	[]	[]	HANCESTRO:0852	Middle Eastern population	GAZ:00005279	Saudi Arabia	['HP:0000478']	['Abnormality of the eye']	[]	[]	['NM_014249.3(NR2E3):c.646G>A']	['10002']	GENO:0000137
PAVS19	Retinitis pigmentosa(HP:0000510)| Rod cone dystrophy(HP:0000510)	CDHR1:NM_033100.3:c.709del	https://pubmed.ncbi.nlm.nih.gov/26355662/		PAVS19	['HP:0000510']	['Rod-cone dystrophy']	[]	['CDHR1']	['c.709del']	GENO:0000137	unknown zygosity	[]	[]	HANCESTRO:0852	Middle Eastern population	GAZ:00005279	Saudi Arabia	['HP:0000510']	['Rod-cone dystrophy']	[]	[]	['NM_033100.3(CDHR1):c.709del']	['92211']	GENO:0000137
PAVS20	Retinitis pigmentosa(HP:0000510)| Rod cone dystrophy(HP:0000510)	CRB1:NM_201253.3:c.2330_2336del	https://pubmed.ncbi.nlm.nih.gov/26355662/		PAVS20	['HP:0000510']	['Rod-cone dystrophy']	[]	['CRB1']	['c.2330_2336del']	GENO:0000137	unknown zygosity	[]	[]	HANCESTRO:0852	Middle Eastern population	GAZ:00005279	Saudi Arabia	['HP:0000510']	['Rod-cone dystrophy']	[]	[]	['NM_201253.3(CRB1):c.2330_2336del']	['23418']	GENO:0000137
PAVS21	Retinitis pigmentosa(HP:0000510)| Rod cone dystrophy(HP:0000510)	RLBP1:NM_000326.4:c.286_297del	https://pubmed.ncbi.nlm.nih.gov/26355662/		PAVS21	['HP:0000510']	['Rod-cone dystrophy']	[]	['RLBP1']	['c.286_297del']	GENO:0000137	unknown zygosity	[]	[]	HANCESTRO:0852	Middle Eastern population	GAZ:00005279	Saudi Arabia	['HP:0000510']	['Rod-cone dystrophy']	[]	[]	['NM_000326.4(RLBP1):c.286_297del']	['6017']	GENO:0000137
PAVS22	Leber congenital amaurosis |Congenital amaurosis (HP:0007875)	CNNM4:NM_020184.3:c.734C>T	https://pubmed.ncbi.nlm.nih.gov/26355662/		PAVS22	['HP:0007875']	['Congenital blindness']	['Leber congenital amaurosis']	['CNNM4']	['c.734C>T']	GENO:0000137	unknown zygosity	[]	[]	HANCESTRO:0852	Middle Eastern population	GAZ:00005279	Saudi Arabia	['HP:0007875']	['Congenital blindness']	['ORPHA:65']	['Leber congenital amaurosis']	['NM_020184.3(CNNM4):c.734C>T']	['26504']	GENO:0000137
PAVS23	Goldmann Favre Disease	PRPH2:NM_000322.4:c.497G>A	https://pubmed.ncbi.nlm.nih.gov/26355662/		PAVS23	[]	[]	['Goldmann Favre Disease']	['PRPH2']	['c.497G>A']	GENO:0000137	unknown zygosity	[]	[]	HANCESTRO:0852	Middle Eastern population	GAZ:00005279	Saudi Arabia	['HP:0000478']	['Abnormality of the eye']	[]	[]	['NM_000322.4(PRPH2):c.497G>A']	['5961']	GENO:0000137
PAVS24	Retinitis pigmentosa(HP:0000510)| Rod cone dystrophy(HP:0000510)	ABCA4:NM_000350.2:c.2815G>T	https://pubmed.ncbi.nlm.nih.gov/26355662/		PAVS24	['HP:0000510']	['Rod-cone dystrophy']	[]	['ABCA4']	['c.2815G>T']	GENO:0000137	unknown zygosity	[]	[]	HANCESTRO:0852	Middle Eastern population	GAZ:00005279	Saudi Arabia	['HP:0000510']	['Rod-cone dystrophy']	[]	[]	['NM_000350.2(ABCA4):c.2815G>T']	['24']	GENO:0000137
PAVS25	Cone rod dystrophy(HP:0000510)	PDE6C:NM_006204.3:c.939+5G>A	https://pubmed.ncbi.nlm.nih.gov/26355662/		PAVS25	['HP:0000510']	['Rod-cone dystrophy']	[]	['PDE6C']	['c.939+5G>A']	GENO:0000137	unknown zygosity	[]	[]	HANCESTRO:0852	Middle Eastern population	GAZ:00005279	Saudi Arabia	['HP:0000510']	['Rod-cone dystrophy']	[]	[]	['NM_006204.3(PDE6C):c.939+5G>A']	['5146']	GENO:0000137
PAVS26	Retinitis pigmentosa(HP:0000510)| Rod cone dystrophy(HP:0000510)	EYS:NM_001142800.1:c.179del	https://pubmed.ncbi.nlm.nih.gov/26355662/		PAVS26	['HP:0000510']	['Rod-cone dystrophy']	[]	['EYS']	['c.179del']	GENO:0000137	unknown zygosity	[]	[]	HANCESTRO:0852	Middle Eastern population	GAZ:00005279	Saudi Arabia	['HP:0000510']	['Rod-cone dystrophy']	[]	[]	['NM_001142800.1(EYS):c.179del']	['346007']	GENO:0000137
PAVS27	Leber congenital amaurosis |Congenital amaurosis (HP:0007875)	PDE6B:NM_000283.3:c.922+1G>A	https://pubmed.ncbi.nlm.nih.gov/26355662/		PAVS27	['HP:0007875']	['Congenital blindness']	['Leber congenital amaurosis']	['PDE6B']	['c.922+1G>A']	GENO:0000137	unknown zygosity	[]	[]	HANCESTRO:0852	Middle Eastern population	GAZ:00005279	Saudi Arabia	['HP:0007875']	['Congenital blindness']	['ORPHA:65']	['Leber congenital amaurosis']	['NM_000283.3(PDE6B):c.922+1G>A']	['5158']	GENO:0000137
PAVS28	EXUDATIVE VITREORETINOPATHY 4; EVR4(OMIM:601813)	LRP5:NM_002335.3:c.685C>T	https://pubmed.ncbi.nlm.nih.gov/26355662/		PAVS28	[]	[]	['EXUDATIVE VITREORETINOPATHY 4; EVR4(OMIM:601813)']	['LRP5']	['c.685C>T']	GENO:0000137	unknown zygosity	['OMIM:601813']	['Exudative vitreoretinopathy 4']	HANCESTRO:0852	Middle Eastern population	GAZ:00005279	Saudi Arabia	[]	[]	['OMIM:601813']	['Exudative vitreoretinopathy 4']	['NM_002335.3(LRP5):c.685C>T']	['4041']	GENO:0000137
PAVS29	Retinitis pigmentosa(HP:0000510)| Rod cone dystrophy(HP:0000510)	SNRNP200:NM_014014.4:c.6308A>G	https://pubmed.ncbi.nlm.nih.gov/26355662/		PAVS29	['HP:0000510']	['Rod-cone dystrophy']	[]	['SNRNP200']	['c.6308A>G']	GENO:0000137	unknown zygosity	[]	[]	HANCESTRO:0852	Middle Eastern population	GAZ:00005279	Saudi Arabia	['HP:0000510']	['Rod-cone dystrophy']	[]	[]	['NM_014014.4(SNRNP200):c.6308A>G']	['23020']	GENO:0000137
PAVS30	Cone rod dystrophy(HP:0000510)	ABCA4:NM_000350.2:c.1630_1633dup	https://pubmed.ncbi.nlm.nih.gov/26355662/		PAVS30	['HP:0000510']	['Rod-cone dystrophy']	[]	['ABCA4']	['c.1630_1633dup']	GENO:0000137	unknown zygosity	[]	[]	HANCESTRO:0852	Middle Eastern population	GAZ:00005279	Saudi Arabia	['HP:0000510']	['Rod-cone dystrophy']	[]	[]	['NM_000350.2(ABCA4):c.1630_1633dup']	['24']	GENO:0000137
PAVS31	LEBER CONGENITAL AMAUROSIS 3; LCA3(OMIM:604232)| CONGENITAL AMAUROSIS (HP:0007875)	SPATA7:NM_018418.4:c.288T>A	https://pubmed.ncbi.nlm.nih.gov/26355662/		PAVS31	['HP:0007875']	['Congenital blindness']	['LEBER CONGENITAL AMAUROSIS 3; LCA3(OMIM:604232)']	['SPATA7']	['c.288T>A']	GENO:0000137	unknown zygosity	['OMIM:604232']	['Leber congenital amaurosis-3 (LCA3)/Retinitis pigmentosa, juvenile, autosomal recessive']	HANCESTRO:0852	Middle Eastern population	GAZ:00005279	Saudi Arabia	['HP:0007875']	['Congenital blindness']	['OMIM:604232']	['Leber congenital amaurosis-3 (LCA3)/Retinitis pigmentosa, juvenile, autosomal recessive']	['NM_018418.4(SPATA7):c.288T>A']	['55812']	GENO:0000137
PAVS32	LEBER CONGENITAL AMAUROSIS 3; LCA3(OMIM:604232)| CONGENITAL AMAUROSIS (HP:0007875)	SPATA7:NM_018418.4:c.288T>A	https://pubmed.ncbi.nlm.nih.gov/26355662/		PAVS32	['HP:0007875']	['Congenital blindness']	['LEBER CONGENITAL AMAUROSIS 3; LCA3(OMIM:604232)']	['SPATA7']	['c.288T>A']	GENO:0000137	unknown zygosity	['OMIM:604232']	['Leber congenital amaurosis-3 (LCA3)/Retinitis pigmentosa, juvenile, autosomal recessive']	HANCESTRO:0852	Middle Eastern population	GAZ:00005279	Saudi Arabia	['HP:0007875']	['Congenital blindness']	['OMIM:604232']	['Leber congenital amaurosis-3 (LCA3)/Retinitis pigmentosa, juvenile, autosomal recessive']	['NM_018418.4(SPATA7):c.288T>A']	['55812']	GENO:0000137
PAVS33	Retinitis pigmentosa(HP:0000510)| Rod cone dystrophy(HP:0000510)	SPATA7:NM_018418.4:c.288T>A	https://pubmed.ncbi.nlm.nih.gov/26355662/		PAVS33	['HP:0000510']	['Rod-cone dystrophy']	[]	['SPATA7']	['c.288T>A']	GENO:0000137	unknown zygosity	[]	[]	HANCESTRO:0852	Middle Eastern population	GAZ:00005279	Saudi Arabia	['HP:0000510']	['Rod-cone dystrophy']	[]	[]	['NM_018418.4(SPATA7):c.288T>A']	['55812']	GENO:0000137
PAVS34	LEBER CONGENITAL AMAUROSIS 3; LCA3(OMIM:604232)| CONGENITAL AMAUROSIS (HP:0007875)	SPATA7:NM_018418.4:c.288T>A	https://pubmed.ncbi.nlm.nih.gov/26355662/		PAVS34	['HP:0007875']	['Congenital blindness']	['LEBER CONGENITAL AMAUROSIS 3; LCA3(OMIM:604232)']	['SPATA7']	['c.288T>A']	GENO:0000137	unknown zygosity	['OMIM:604232']	['Leber congenital amaurosis-3 (LCA3)/Retinitis pigmentosa, juvenile, autosomal recessive']	HANCESTRO:0852	Middle Eastern population	GAZ:00005279	Saudi Arabia	['HP:0007875']	['Congenital blindness']	['OMIM:604232']	['Leber congenital amaurosis-3 (LCA3)/Retinitis pigmentosa, juvenile, autosomal recessive']	['NM_018418.4(SPATA7):c.288T>A']	['55812']	GENO:0000137
PAVS35	Congenital stationary night blindness (HP:0007642)	GPR179:NM_001004334.2:c.864G>A	https://pubmed.ncbi.nlm.nih.gov/26355662/		PAVS35	['HP:0007642']	['Early-onset non-progressive night blindness']	[]	['GPR179']	['c.864G>A']	GENO:0000137	unknown zygosity	[]	[]	HANCESTRO:0852	Middle Eastern population	GAZ:00005279	Saudi Arabia	['HP:0007642']	['Early-onset non-progressive night blindness']	[]	[]	['NM_001004334.2(GPR179):c.864G>A']	['440435']	GENO:0000137
PAVS36	Cone rod dystrophy(HP:0000510)	ALMS1:NM_015120.4:c.767G>A	https://pubmed.ncbi.nlm.nih.gov/26355662/		PAVS36	['HP:0000510']	['Rod-cone dystrophy']	[]	['ALMS1']	['c.767G>A']	GENO:0000137	unknown zygosity	[]	[]	HANCESTRO:0852	Middle Eastern population	GAZ:00005279	Saudi Arabia	['HP:0000510']	['Rod-cone dystrophy']	[]	[]	['NM_015120.4(ALMS1):c.767G>A']	['7840']	GENO:0000137
PAVS37	Retinitis pigmentosa(HP:0000510)| Rod cone dystrophy(HP:0000510)	ARL6:NM_177976.2:c.362G>A	https://pubmed.ncbi.nlm.nih.gov/26355662/		PAVS37	['HP:0000510']	['Rod-cone dystrophy']	[]	['ARL6']	['c.362G>A']	GENO:0000137	unknown zygosity	[]	[]	HANCESTRO:0852	Middle Eastern population	GAZ:00005279	Saudi Arabia	['HP:0000510']	['Rod-cone dystrophy']	[]	[]	['NM_177976.2(ARL6):c.362G>A']	['84100']	GENO:0000137
PAVS38	Retinitis pigmentosa(HP:0000510)| Rod cone dystrophy(HP:0000510)	IMPG2:NM_016247.3:c.2274G>A	https://pubmed.ncbi.nlm.nih.gov/26355662/		PAVS38	['HP:0000510']	['Rod-cone dystrophy']	[]	['IMPG2']	['c.2274G>A']	GENO:0000137	unknown zygosity	[]	[]	HANCESTRO:0852	Middle Eastern population	GAZ:00005279	Saudi Arabia	['HP:0000510']	['Rod-cone dystrophy']	[]	[]	['NM_016247.3(IMPG2):c.2274G>A']	['50939']	GENO:0000137
PAVS39	Retinitis pigmentosa(HP:0000510)| Rod cone dystrophy(HP:0000510)	ABCA4:NM_000350.2:c.1140T>A	https://pubmed.ncbi.nlm.nih.gov/26355662/		PAVS39	['HP:0000510']	['Rod-cone dystrophy']	[]	['ABCA4']	['c.1140T>A']	GENO:0000137	unknown zygosity	[]	[]	HANCESTRO:0852	Middle Eastern population	GAZ:00005279	Saudi Arabia	['HP:0000510']	['Rod-cone dystrophy']	[]	[]	['NM_000350.2(ABCA4):c.1140T>A']	['24']	GENO:0000137
PAVS40	Retinitis pigmentosa(HP:0000510)| Rod cone dystrophy(HP:0000510)	CERKL:NM_001030311.2:c.890T>C	https://pubmed.ncbi.nlm.nih.gov/26355662/		PAVS40	['HP:0000510']	['Rod-cone dystrophy']	[]	['CERKL']	['c.890T>C']	GENO:0000137	unknown zygosity	[]	[]	HANCESTRO:0852	Middle Eastern population	GAZ:00005279	Saudi Arabia	['HP:0000510']	['Rod-cone dystrophy']	[]	[]	['NM_001030311.2(CERKL):c.890T>C']	['375298']	GENO:0000137
PAVS41	Retinitis pigmentosa(HP:0000510)| Rod cone dystrophy(HP:0000510)	RPE65:NM_000329.2:c.1366del	https://pubmed.ncbi.nlm.nih.gov/26355662/		PAVS41	['HP:0000510']	['Rod-cone dystrophy']	[]	['RPE65']	['c.1366del']	GENO:0000137	unknown zygosity	[]	[]	HANCESTRO:0852	Middle Eastern population	GAZ:00005279	Saudi Arabia	['HP:0000510']	['Rod-cone dystrophy']	[]	[]	['NM_000329.2(RPE65):c.1366del']	['6121']	GENO:0000137
PAVS42	LEBER CONGENITAL AMAUROSIS 4; LCA4(OMIM:604393)|CONGENITAL AMAUROSIS (HP:0007875)	AIPL1:NM_014336.4:c.178dup	https://pubmed.ncbi.nlm.nih.gov/26355662/		PAVS42	['HP:0007875']	['Congenital blindness']	['LEBER CONGENITAL AMAUROSIS 4; LCA4(OMIM:604393)']	['AIPL1']	['c.178dup']	GENO:0000137	unknown zygosity	['OMIM:604393']	['Leber congenital amaurosis 4']	HANCESTRO:0852	Middle Eastern population	GAZ:00005279	Saudi Arabia	['HP:0007875']	['Congenital blindness']	['OMIM:604393']	['Leber congenital amaurosis 4']	['NM_014336.4(AIPL1):c.178dup']	['23746']	GENO:0000137
PAVS43	Retinitis pigmentosa(HP:0000510)| Rod cone dystrophy(HP:0000510)	SNRNP200:NM_014014.4:c.2593G>A	https://pubmed.ncbi.nlm.nih.gov/26355662/		PAVS43	['HP:0000510']	['Rod-cone dystrophy']	[]	['SNRNP200']	['c.2593G>A']	GENO:0000137	unknown zygosity	[]	[]	HANCESTRO:0852	Middle Eastern population	GAZ:00005279	Saudi Arabia	['HP:0000510']	['Rod-cone dystrophy']	[]	[]	['NM_014014.4(SNRNP200):c.2593G>A']	['23020']	GENO:0000137
PAVS44	Retinitis pigmentosa(HP:0000510)| Rod cone dystrophy(HP:0000510)	BBS4:NM_033028.4:c.1311_1312insT	https://pubmed.ncbi.nlm.nih.gov/26355662/		PAVS44	['HP:0000510']	['Rod-cone dystrophy']	[]	['BBS4']	['c.1311_1312insT']	GENO:0000137	unknown zygosity	[]	[]	HANCESTRO:0852	Middle Eastern population	GAZ:00005279	Saudi Arabia	['HP:0000510']	['Rod-cone dystrophy']	[]	[]	['NM_033028.4(BBS4):c.1311_1312insT']	['585']	GENO:0000137
PAVS45	Retinitis pigmentosa(HP:0000510)| Rod cone dystrophy(HP:0000510)	PROM1:NM_006017.2:c.604C>G	https://pubmed.ncbi.nlm.nih.gov/26355662/		PAVS45	['HP:0000510']	['Rod-cone dystrophy']	[]	['PROM1']	['c.604C>G']	GENO:0000137	unknown zygosity	[]	[]	HANCESTRO:0852	Middle Eastern population	GAZ:00005279	Saudi Arabia	['HP:0000510']	['Rod-cone dystrophy']	[]	[]	['NM_006017.2(PROM1):c.604C>G']	['8842']	GENO:0000137
PAVS46	Cone rod dystrophy(HP:0000510)	TRPM1:NM_002420.5:c.2_3inv	https://pubmed.ncbi.nlm.nih.gov/26355662/		PAVS46	['HP:0000510']	['Rod-cone dystrophy']	[]	['TRPM1']	['c.2_3inv']	GENO:0000137	unknown zygosity	[]	[]	HANCESTRO:0852	Middle Eastern population	GAZ:00005279	Saudi Arabia	['HP:0000510']	['Rod-cone dystrophy']	[]	[]	['NM_002420.5(TRPM1):c.2_3inv']	['4308']	GENO:0000137
PAVS47	Retinitis pigmentosa(HP:0000510)| Rod cone dystrophy(HP:0000510)	IMPG2:NM_016247.3:c.2274G>A	https://pubmed.ncbi.nlm.nih.gov/26355662/		PAVS47	['HP:0000510']	['Rod-cone dystrophy']	[]	['IMPG2']	['c.2274G>A']	GENO:0000137	unknown zygosity	[]	[]	HANCESTRO:0852	Middle Eastern population	GAZ:00005279	Saudi Arabia	['HP:0000510']	['Rod-cone dystrophy']	[]	[]	['NM_016247.3(IMPG2):c.2274G>A']	['50939']	GENO:0000137
PAVS48	LEBER CONGENITAL AMAUROSIS 5; LCA5(OMIM:604537)|CONGENITAL AMAUROSIS (HP:0007875)	LCA5:NM_181714.3:c.1020del	https://pubmed.ncbi.nlm.nih.gov/26355662/		PAVS48	['HP:0007875']	['Congenital blindness']	['LEBER CONGENITAL AMAUROSIS 5; LCA5(OMIM:604537)']	['LCA5']	['c.1020del']	GENO:0000137	unknown zygosity	['OMIM:604537']	['Leber congenital amaurosis 5']	HANCESTRO:0852	Middle Eastern population	GAZ:00005279	Saudi Arabia	['HP:0007875']	['Congenital blindness']	['OMIM:604537']	['Leber congenital amaurosis 5']	['NM_181714.3(LCA5):c.1020del']	['167691']	GENO:0000137
PAVS49	Retinitis pigmentosa(HP:0000510)| Rod cone dystrophy(HP:0000510)	MERTK:NM_006343.2:c.325A>T	https://pubmed.ncbi.nlm.nih.gov/26355662/		PAVS49	['HP:0000510']	['Rod-cone dystrophy']	[]	['MERTK']	['c.325A>T']	GENO:0000137	unknown zygosity	[]	[]	HANCESTRO:0852	Middle Eastern population	GAZ:00005279	Saudi Arabia	['HP:0000510']	['Rod-cone dystrophy']	[]	[]	['NM_006343.2(MERTK):c.325A>T']	['10461']	GENO:0000137
PAVS50	Cone rod dystrophy(HP:0000510)	PDE6C:NM_006204.3:c.1946T>C	https://pubmed.ncbi.nlm.nih.gov/26355662/		PAVS50	['HP:0000510']	['Rod-cone dystrophy']	[]	['PDE6C']	['c.1946T>C']	GENO:0000137	unknown zygosity	[]	[]	HANCESTRO:0852	Middle Eastern population	GAZ:00005279	Saudi Arabia	['HP:0000510']	['Rod-cone dystrophy']	[]	[]	['NM_006204.3(PDE6C):c.1946T>C']	['5146']	GENO:0000137
PAVS51	Cone rod dystrophy(HP:0000510)	RGS9BP:NM_207391.2:c.330_342del	https://pubmed.ncbi.nlm.nih.gov/26355662/		PAVS51	['HP:0000510']	['Rod-cone dystrophy']	[]	['RGS9BP']	['c.330_342del']	GENO:0000137	unknown zygosity	[]	[]	HANCESTRO:0852	Middle Eastern population	GAZ:00005279	Saudi Arabia	['HP:0000510']	['Rod-cone dystrophy']	[]	[]	['NM_207391.2(RGS9BP):c.330_342del']	['388531']	GENO:0000137
PAVS52	Congenital amaurosis (HP:0007875)	CNGA3:NM_001298.2:c.955T>C	https://pubmed.ncbi.nlm.nih.gov/26355662/		PAVS52	['HP:0007875']	['Congenital blindness']	[]	['CNGA3']	['c.955T>C']	GENO:0000137	unknown zygosity	[]	[]	HANCESTRO:0852	Middle Eastern population	GAZ:00005279	Saudi Arabia	['HP:0007875']	['Congenital blindness']	[]	[]	['NM_001298.2(CNGA3):c.955T>C']	['1261']	GENO:0000137
PAVS53	Retinitis pigmentosa(HP:0000510)| Rod cone dystrophy(HP:0000510)	IMPG2:NM_016247.3:c.513T>G	https://pubmed.ncbi.nlm.nih.gov/26355662/		PAVS53	['HP:0000510']	['Rod-cone dystrophy']	[]	['IMPG2']	['c.513T>G']	GENO:0000137	unknown zygosity	[]	[]	HANCESTRO:0852	Middle Eastern population	GAZ:00005279	Saudi Arabia	['HP:0000510']	['Rod-cone dystrophy']	[]	[]	['NM_016247.3(IMPG2):c.513T>G']	['50939']	GENO:0000137
PAVS54	Retinitis pigmentosa(HP:0000510)| Rod cone dystrophy(HP:0000510)	WDR19:NM_025132.3:c.2777G>T	https://pubmed.ncbi.nlm.nih.gov/26355662/		PAVS54	['HP:0000510']	['Rod-cone dystrophy']	[]	['WDR19']	['c.2777G>T']	GENO:0000137	unknown zygosity	[]	[]	HANCESTRO:0852	Middle Eastern population	GAZ:00005279	Saudi Arabia	['HP:0000510']	['Rod-cone dystrophy']	[]	[]	['NM_025132.3(WDR19):c.2777G>T']	['57728']	GENO:0000137
PAVS55	Retinitis pigmentosa(HP:0000510)| Rod cone dystrophy(HP:0000510)	TULP1:NM_003322.4:c.1256G>A	https://pubmed.ncbi.nlm.nih.gov/26355662/		PAVS55	['HP:0000510']	['Rod-cone dystrophy']	[]	['TULP1']	['c.1256G>A']	GENO:0000137	unknown zygosity	[]	[]	HANCESTRO:0852	Middle Eastern population	GAZ:00005279	Saudi Arabia	['HP:0000510']	['Rod-cone dystrophy']	[]	[]	['NM_003322.4(TULP1):c.1256G>A']	['7287']	GENO:0000137
PAVS56	Retinitis pigmentosa(HP:0000510)| Rod cone dystrophy(HP:0000510)	RP2:NM_006915.2:c.2T>C	https://pubmed.ncbi.nlm.nih.gov/26355662/		PAVS56	['HP:0000510']	['Rod-cone dystrophy']	[]	['RP2']	['c.2T>C']	GENO:0000137	unknown zygosity	[]	[]	HANCESTRO:0852	Middle Eastern population	GAZ:00005279	Saudi Arabia	['HP:0000510']	['Rod-cone dystrophy']	[]	[]	['NM_006915.2(RP2):c.2T>C']	['390916']	GENO:0000137
PAVS57	Retinitis pigmentosa(HP:0000510)| Rod cone dystrophy(HP:0000510)	CNGB1:NM_001297.4:c.2294G>T	https://pubmed.ncbi.nlm.nih.gov/26355662/		PAVS57	['HP:0000510']	['Rod-cone dystrophy']	[]	['CNGB1']	['c.2294G>T']	GENO:0000137	unknown zygosity	[]	[]	HANCESTRO:0852	Middle Eastern population	GAZ:00005279	Saudi Arabia	['HP:0000510']	['Rod-cone dystrophy']	[]	[]	['NM_001297.4(CNGB1):c.2294G>T']	['1258']	GENO:0000137
PAVS58	Retinitis pigmentosa(HP:0000510)| Rod cone dystrophy(HP:0000510)	IMPG2:NM_016247.3:c.2274G>A	https://pubmed.ncbi.nlm.nih.gov/26355662/		PAVS58	['HP:0000510']	['Rod-cone dystrophy']	[]	['IMPG2']	['c.2274G>A']	GENO:0000137	unknown zygosity	[]	[]	HANCESTRO:0852	Middle Eastern population	GAZ:00005279	Saudi Arabia	['HP:0000510']	['Rod-cone dystrophy']	[]	[]	['NM_016247.3(IMPG2):c.2274G>A']	['50939']	GENO:0000137
PAVS59	LEBER CONGENITAL AMAUROSIS 1; LCA1(OMIM:204000)|Congenital amaurosis (HP:0007875)	GUCY2D:NM_000180.3:c.527T>C	https://pubmed.ncbi.nlm.nih.gov/26355662/		PAVS59	['HP:0007875']	['Congenital blindness']	['LEBER CONGENITAL AMAUROSIS 1; LCA1(OMIM:204000)']	['GUCY2D']	['c.527T>C']	GENO:0000137	unknown zygosity	['OMIM:204000']	['Leber congenital amaurosis, type I']	HANCESTRO:0852	Middle Eastern population	GAZ:00005279	Saudi Arabia	['HP:0007875']	['Congenital blindness']	['OMIM:204000']	['Leber congenital amaurosis, type I']	['NM_000180.3(GUCY2D):c.527T>C']	['3000']	GENO:0000137
PAVS60	Retinitis pigmentosa(HP:0000510)| Rod cone dystrophy(HP:0000510)	RP1L1:NM_178857.5:c.5959C>T	https://pubmed.ncbi.nlm.nih.gov/26355662/		PAVS60	['HP:0000510']	['Rod-cone dystrophy']	[]	['RP1L1']	['c.5959C>T']	GENO:0000137	unknown zygosity	[]	[]	HANCESTRO:0852	Middle Eastern population	GAZ:00005279	Saudi Arabia	['HP:0000510']	['Rod-cone dystrophy']	[]	[]	['NM_178857.5(RP1L1):c.5959C>T']	['94137']	GENO:0000137
PAVS61	Retinitis pigmentosa(HP:0000510)| Rod cone dystrophy(HP:0000510)	MERTK:NM_006343.2:c.1604+2T>G	https://pubmed.ncbi.nlm.nih.gov/26355662/		PAVS61	['HP:0000510']	['Rod-cone dystrophy']	[]	['MERTK']	['c.1604+2T>G']	GENO:0000137	unknown zygosity	[]	[]	HANCESTRO:0852	Middle Eastern population	GAZ:00005279	Saudi Arabia	['HP:0000510']	['Rod-cone dystrophy']	[]	[]	['NM_006343.2(MERTK):c.1604+2T>G']	['10461']	GENO:0000137
PAVS62	Retinitis pigmentosa(HP:0000510)| Rod cone dystrophy(HP:0000510)	CNGA3:NM_001298.2:c.2050G>A	https://pubmed.ncbi.nlm.nih.gov/26355662/		PAVS62	['HP:0000510']	['Rod-cone dystrophy']	[]	['CNGA3']	['c.2050G>A']	GENO:0000137	unknown zygosity	[]	[]	HANCESTRO:0852	Middle Eastern population	GAZ:00005279	Saudi Arabia	['HP:0000510']	['Rod-cone dystrophy']	[]	[]	['NM_001298.2(CNGA3):c.2050G>A']	['1261']	GENO:0000137
PAVS63	Macular dystrophy(HP:0007754)	ABCA4:NM_000350.2:c.4852T>A	https://pubmed.ncbi.nlm.nih.gov/26355662/		PAVS63	['HP:0007754']	['Macular dystrophy']	[]	['ABCA4']	['c.4852T>A']	GENO:0000137	unknown zygosity	[]	[]	HANCESTRO:0852	Middle Eastern population	GAZ:00005279	Saudi Arabia	['HP:0007754']	['Macular dystrophy']	[]	[]	['NM_000350.2(ABCA4):c.4852T>A']	['24']	GENO:0000137
PAVS64	Retinal dystrophy (HP:0000556)	ABCA4:NM_000350.2:c.4867G>C	https://pubmed.ncbi.nlm.nih.gov/26355662/		PAVS64	['HP:0000556']	['Retinal dystrophy']	[]	['ABCA4']	['c.4867G>C']	GENO:0000137	unknown zygosity	[]	[]	HANCESTRO:0852	Middle Eastern population	GAZ:00005279	Saudi Arabia	['HP:0000556']	['Retinal dystrophy']	[]	[]	['NM_000350.2(ABCA4):c.4867G>C']	['24']	GENO:0000137
PAVS65	LEBER CONGENITAL AMAUROSIS 1; LCA1(OMIM:204000)|Congenital amaurosis (HP:0007875)	GUCY2D:NM_000180.3:c.914del	https://pubmed.ncbi.nlm.nih.gov/26355662/		PAVS65	['HP:0007875']	['Congenital blindness']	['LEBER CONGENITAL AMAUROSIS 1; LCA1(OMIM:204000)']	['GUCY2D']	['c.914del']	GENO:0000137	unknown zygosity	['OMIM:204000']	['Leber congenital amaurosis, type I']	HANCESTRO:0852	Middle Eastern population	GAZ:00005279	Saudi Arabia	['HP:0007875']	['Congenital blindness']	['OMIM:204000']	['Leber congenital amaurosis, type I']	['NM_000180.3(GUCY2D):c.914del']	['3000']	GENO:0000137
PAVS66	Retinitis pigmentosa(HP:0000510)| Rod cone dystrophy(HP:0000510)	MERTK:NM_006343.2:c.2262C>G	https://pubmed.ncbi.nlm.nih.gov/26355662/		PAVS66	['HP:0000510']	['Rod-cone dystrophy']	[]	['MERTK']	['c.2262C>G']	GENO:0000137	unknown zygosity	[]	[]	HANCESTRO:0852	Middle Eastern population	GAZ:00005279	Saudi Arabia	['HP:0000510']	['Rod-cone dystrophy']	[]	[]	['NM_006343.2(MERTK):c.2262C>G']	['10461']	GENO:0000137
PAVS67	LEBER CONGENITAL AMAUROSIS 6; LCA6 (OMIM:613826)|Congenital amaurosis (HP:0007875)	RPGRIP1:NM_020366.3:c.487del	https://pubmed.ncbi.nlm.nih.gov/26355662/		PAVS67	['HP:0007875']	['Congenital blindness']	['LEBER CONGENITAL AMAUROSIS 6; LCA6 (OMIM:613826)']	['RPGRIP1']	['c.487del']	GENO:0000137	unknown zygosity	['OMIM:613826']	['Leber congenital amaurosis 6']	HANCESTRO:0852	Middle Eastern population	GAZ:00005279	Saudi Arabia	['HP:0007875']	['Congenital blindness']	['OMIM:613826']	['Leber congenital amaurosis 6']	['NM_020366.3(RPGRIP1):c.487del']	['57096']	GENO:0000137
PAVS68	Goldmann Favre Disease	IMPG2:NM_016247.3:c.380G>C	https://pubmed.ncbi.nlm.nih.gov/26355662/		PAVS68	[]	[]	['Goldmann Favre Disease']	['IMPG2']	['c.380G>C']	GENO:0000137	unknown zygosity	[]	[]	HANCESTRO:0852	Middle Eastern population	GAZ:00005279	Saudi Arabia	['HP:0000478']	['Abnormality of the eye']	[]	[]	['NM_016247.3(IMPG2):c.380G>C']	['50939']	GENO:0000137
PAVS69	Retinitis pigmentosa(HP:0000510)| Rod cone dystrophy(HP:0000510)	ABCA4:NM_000350.2:c.5391_5392del	https://pubmed.ncbi.nlm.nih.gov/26355662/		PAVS69	['HP:0000510']	['Rod-cone dystrophy']	[]	['ABCA4']	['c.5391_5392del']	GENO:0000137	unknown zygosity	[]	[]	HANCESTRO:0852	Middle Eastern population	GAZ:00005279	Saudi Arabia	['HP:0000510']	['Rod-cone dystrophy']	[]	[]	['NM_000350.2(ABCA4):c.5391_5392del']	['24']	GENO:0000137
PAVS70	Retinitis pigmentosa(HP:0000510)| Rod cone dystrophy(HP:0000510)	GPR179:NM_001004334.3:c.349G>A	https://pubmed.ncbi.nlm.nih.gov/26355662/		PAVS70	['HP:0000510']	['Rod-cone dystrophy']	[]	['GPR179']	['c.349G>A']	GENO:0000137	unknown zygosity	[]	[]	HANCESTRO:0852	Middle Eastern population	GAZ:00005279	Saudi Arabia	['HP:0000510']	['Rod-cone dystrophy']	[]	[]	['NM_001004334.3(GPR179):c.349G>A']	['440435']	GENO:0000137
PAVS71	Retinitis pigmentosa(HP:0000510)| Rod cone dystrophy(HP:0000510)	PDE6B:NM_000283.3:c.992+1G>A	https://pubmed.ncbi.nlm.nih.gov/26355662/		PAVS71	['HP:0000510']	['Rod-cone dystrophy']	[]	['PDE6B']	['c.992+1G>A']	GENO:0000137	unknown zygosity	[]	[]	HANCESTRO:0852	Middle Eastern population	GAZ:00005279	Saudi Arabia	['HP:0000510']	['Rod-cone dystrophy']	[]	[]	['NM_000283.3(PDE6B):c.992+1G>A']	['5158']	GENO:0000137
PAVS72	USHER SYNDROME, TYPE IIA; USH2A(OMIM:276901)|Duane retraction syndrome(% 126800)	USH2A:NM_206933.2:c.4429G>T	https://pubmed.ncbi.nlm.nih.gov/26355662/		PAVS72	[]	[]	['USHER SYNDROME, TYPE IIA; USH2A(OMIM:276901)', 'Duane retraction syndrome(% 126800)']	['USH2A']	['c.4429G>T']	GENO:0000137	unknown zygosity	['OMIM:276901']	['Usher syndrome, type IIA']	HANCESTRO:0852	Middle Eastern population	GAZ:00005279	Saudi Arabia	[]	[]	['OMIM:276901', 'ORPHA:233']	['Usher syndrome, type IIA', 'Duane retraction syndrome']	['NM_206933.2(USH2A):c.4429G>T']	['7399']	GENO:0000137
PAVS73	ALSTROM SYNDROME; ALMS(OMIM:203800)	ALMS1:NM_015120.4:c.849dup	https://pubmed.ncbi.nlm.nih.gov/26355662/		PAVS73	[]	[]	['ALSTROM SYNDROME; ALMS(OMIM:203800)']	['ALMS1']	['c.849dup']	GENO:0000137	unknown zygosity	['OMIM:203800']	['Alstrom syndrome']	HANCESTRO:0852	Middle Eastern population	GAZ:00005279	Saudi Arabia	[]	[]	['OMIM:203800']	['Alstrom syndrome']	['NM_015120.4(ALMS1):c.849dup']	['7840']	GENO:0000137
PAVS74	ALSTROM SYNDROME; ALMS(OMIM:203800)	ALMS1:NM_015120.4:c.2729C>G	https://pubmed.ncbi.nlm.nih.gov/26355662/		PAVS74	[]	[]	['ALSTROM SYNDROME; ALMS(OMIM:203800)']	['ALMS1']	['c.2729C>G']	GENO:0000137	unknown zygosity	['OMIM:203800']	['Alstrom syndrome']	HANCESTRO:0852	Middle Eastern population	GAZ:00005279	Saudi Arabia	[]	[]	['OMIM:203800']	['Alstrom syndrome']	['NM_015120.4(ALMS1):c.2729C>G']	['7840']	GENO:0000137
PAVS75	USHER SYNDROME, TYPE I; USH1(OMIM:276900)	MYO7A:NM_000260.3:c.3591_3592del	https://pubmed.ncbi.nlm.nih.gov/26355662/		PAVS75	[]	[]	['USHER SYNDROME, TYPE I; USH1(OMIM:276900)']	['MYO7A']	['c.3591_3592del']	GENO:0000137	unknown zygosity	['OMIM:276900']	['Usher syndrome, type I']	HANCESTRO:0852	Middle Eastern population	GAZ:00005279	Saudi Arabia	[]	[]	['OMIM:276900']	['Usher syndrome, type I']	['NM_000260.3(MYO7A):c.3591_3592del']	['4647']	GENO:0000137
PAVS76	ALSTROM SYNDROME; ALMS(OMIM:203800)	ALMS1:NM_015120.4:c.1674del	https://pubmed.ncbi.nlm.nih.gov/26355662/		PAVS76	[]	[]	['ALSTROM SYNDROME; ALMS(OMIM:203800)']	['ALMS1']	['c.1674del']	GENO:0000137	unknown zygosity	['OMIM:203800']	['Alstrom syndrome']	HANCESTRO:0852	Middle Eastern population	GAZ:00005279	Saudi Arabia	[]	[]	['OMIM:203800']	['Alstrom syndrome']	['NM_015120.4(ALMS1):c.1674del']	['7840']	GENO:0000137
PAVS77	BARDET-BIEDL SYNDROME 2; BBS2(OMIM:615981)	BBS2:NM_031885.3:c.508G>A	https://pubmed.ncbi.nlm.nih.gov/26355662/		PAVS77	[]	[]	['BARDET-BIEDL SYNDROME 2; BBS2(OMIM:615981)']	['BBS2']	['c.508G>A']	GENO:0000137	unknown zygosity	['OMIM:615981']	['Bardet-Biedl syndrome 2']	HANCESTRO:0852	Middle Eastern population	GAZ:00005279	Saudi Arabia	[]	[]	['OMIM:615981']	['Bardet-Biedl syndrome 2']	['NM_031885.3(BBS2):c.508G>A']	['583']	GENO:0000137
PAVS78	BARDET-BIEDL SYNDROME 5; BBS5 (OMIM:615983)	BBS5:NM_152384.2:c.955_957del	https://pubmed.ncbi.nlm.nih.gov/26355662/		PAVS78	[]	[]	['BARDET-BIEDL SYNDROME 5; BBS5 (OMIM:615983)']	['BBS5']	['c.955_957del']	GENO:0000137	unknown zygosity	['OMIM:615983']	['Bardet-Biedl syndrome 5']	HANCESTRO:0852	Middle Eastern population	GAZ:00005279	Saudi Arabia	[]	[]	['OMIM:615983']	['Bardet-Biedl syndrome 5']	['NM_152384.2(BBS5):c.955_957del']	['129880']	GENO:0000137
PAVS79	Retinitis pigmentosa(HP:0000510)|obesity(HP:0001513)|facial dysmorphism(HP:0001999)	JAG1:NM_000214.2:c.1481dup	https://pubmed.ncbi.nlm.nih.gov/26355662/		PAVS79	['HP:0000510', 'HP:0001513', 'HP:0001999']	['Rod-cone dystrophy', 'Obesity', 'Abnormal facial shape']	[]	['JAG1']	['c.1481dup']	GENO:0000137	unknown zygosity	[]	[]	HANCESTRO:0852	Middle Eastern population	GAZ:00005279	Saudi Arabia	['HP:0000510', 'HP:0001513', 'HP:0001999']	['Rod-cone dystrophy', 'Obesity', 'Abnormal facial shape']	[]	[]	['NM_000214.2(JAG1):c.1481dup']	['182']	GENO:0000137
PAVS80	Fundus flavimaculatus|epilepsy(HP:0001250)	RLBP1:NM_000326.4:c.773T>G	https://pubmed.ncbi.nlm.nih.gov/26355662/		PAVS80	['HP:0001250']	['Seizure']	['Fundus flavimaculatus']	['RLBP1']	['c.773T>G']	GENO:0000137	unknown zygosity	[]	[]	HANCESTRO:0852	Middle Eastern population	GAZ:00005279	Saudi Arabia	['HP:0001250']	['Seizure']	['OMIM:264420']	['Fundus dystrophy, pseudoinflammatory, recessive form']	['NM_000326.4(RLBP1):c.773T>G']	['6017']	GENO:0000137
PAVS81	BARDET-BIEDL SYNDROME 9; BBS9(OMIM:615986)	BBS9:NM_198428.2:c.263C>A	https://pubmed.ncbi.nlm.nih.gov/26355662/		PAVS81	[]	[]	['BARDET-BIEDL SYNDROME 9; BBS9(OMIM:615986)']	['BBS9']	['c.263C>A']	GENO:0000137	unknown zygosity	['OMIM:615986']	['Bardet-Biedl syndrome 9']	HANCESTRO:0852	Middle Eastern population	GAZ:00005279	Saudi Arabia	[]	[]	['OMIM:615986']	['Bardet-Biedl syndrome 9']	['NM_198428.2(BBS9):c.263C>A']	['27241']	GENO:0000137
PAVS82	BARDET-BIEDL SYNDROME 10; BBS10(OMIM:615987)	BBS10:NM_024685.3:c.1892_1896del	https://pubmed.ncbi.nlm.nih.gov/26355662/		PAVS82	[]	[]	['BARDET-BIEDL SYNDROME 10; BBS10(OMIM:615987)']	['BBS10']	['c.1892_1896del']	GENO:0000137	unknown zygosity	['OMIM:615987']	['Bardet-Biedl syndrome 10']	HANCESTRO:0852	Middle Eastern population	GAZ:00005279	Saudi Arabia	[]	[]	['OMIM:615987']	['Bardet-Biedl syndrome 10']	['NM_024685.3(BBS10):c.1892_1896del']	['79738']	GENO:0000137
PAVS83	MICROCORNEA, MYOPIC CHORIORETINAL ATROPHY, AND TELECANTHUS; MMCAT(OMIM:615458)	ADAMTS18:NM_199355.2:c.1298C>A	https://pubmed.ncbi.nlm.nih.gov/26355662/		PAVS83	[]	[]	['MICROCORNEA, MYOPIC CHORIORETINAL ATROPHY, AND TELECANTHUS; MMCAT(OMIM:615458)']	['ADAMTS18']	['c.1298C>A']	GENO:0000137	unknown zygosity	['OMIM:615458']	['Microcornea, myopic chorioretinal atrophy, and telecanthus']	HANCESTRO:0852	Middle Eastern population	GAZ:00005279	Saudi Arabia	[]	[]	['OMIM:615458']	['Microcornea, myopic chorioretinal atrophy, and telecanthus']	['NM_199355.2(ADAMTS18):c.1298C>A']	['170692']	GENO:0000137
PAVS84	Retinitis pigmentosa(HP:0000510)|hypogammaglobulinemia	DNAJC17:NM_018163:c.681G>A	https://pubmed.ncbi.nlm.nih.gov/26355662/		PAVS84	['HP:0000510']	['Rod-cone dystrophy']	['hypogammaglobulinemia']	['DNAJC17']	['c.681G>A']	GENO:0000137	unknown zygosity	[]	[]	HANCESTRO:0852	Middle Eastern population	GAZ:00005279	Saudi Arabia	['HP:0000510', 'HP:0004313']	['Rod-cone dystrophy', 'Decreased circulating immunoglobulin concentration']	[]	[]	['NM_018163(DNAJC17):c.681G>A']	['55192']	GENO:0000137
PAVS85	BARDET-BIEDL SYNDROME 10; BBS10(OMIM:615987)	BBS10:NM_024685.3:c.1892_1896del	https://pubmed.ncbi.nlm.nih.gov/26355662/		PAVS85	[]	[]	['BARDET-BIEDL SYNDROME 10; BBS10(OMIM:615987)']	['BBS10']	['c.1892_1896del']	GENO:0000137	unknown zygosity	['OMIM:615987']	['Bardet-Biedl syndrome 10']	HANCESTRO:0852	Middle Eastern population	GAZ:00005279	Saudi Arabia	[]	[]	['OMIM:615987']	['Bardet-Biedl syndrome 10']	['NM_024685.3(BBS10):c.1892_1896del']	['79738']	GENO:0000137
PAVS86	PORETTI-BOLTSHAUSER SYNDROME; PTBHS(OMIM:615960)	LAMA1:NM_005559.3:c.7160G>A	https://pubmed.ncbi.nlm.nih.gov/26355662/		PAVS86	[]	[]	['PORETTI-BOLTSHAUSER SYNDROME; PTBHS(OMIM:615960)']	['LAMA1']	['c.7160G>A']	GENO:0000137	unknown zygosity	['OMIM:615960']	['Poretti-Boltshauser syndrome']	HANCESTRO:0852	Middle Eastern population	GAZ:00005279	Saudi Arabia	[]	[]	['OMIM:615960']	['Poretti-Boltshauser syndrome']	['NM_005559.3(LAMA1):c.7160G>A']	['284217']	GENO:0000137
PAVS87	MUCOPOLYSACCHARIDOSIS, TYPE IIID; MPS3D(OMIM:252940)|retinitis pigmentosa	GNS:NM_002076.4:c.83del	https://pubmed.ncbi.nlm.nih.gov/26355662/		PAVS87	[]	[]	['MUCOPOLYSACCHARIDOSIS, TYPE IIID; MPS3D(OMIM:252940)', 'retinitis pigmentosa']	['GNS']	['c.83del']	GENO:0000137	unknown zygosity	['OMIM:252940']	['Mucopolysaccharidosis, type IIID']	HANCESTRO:0852	Middle Eastern population	GAZ:00005279	Saudi Arabia	['HP:0000510']	['Rod-cone dystrophy']	['OMIM:252940']	['Mucopolysaccharidosis, type IIID']	['NM_002076.4(GNS):c.83del']	['2799']	GENO:0000137
PAVS88	Cone-rod dystrophy(HP:0000510)|short stature(HP:0004322)|narrow chest(HP:0000774)	C21orf2:NM_001271441.1:c.1000-23A>T	https://pubmed.ncbi.nlm.nih.gov/26355662/		PAVS88	['HP:0000510', 'HP:0000774', 'HP:0004322']	['Rod-cone dystrophy', 'Narrow chest', 'Short stature']	[]	['C21orf2']	['c.1000-23A>T']	GENO:0000137	unknown zygosity	[]	[]	HANCESTRO:0852	Middle Eastern population	GAZ:00005279	Saudi Arabia	['HP:0000510', 'HP:0000774', 'HP:0004322']	['Rod-cone dystrophy', 'Narrow chest', 'Short stature']	[]	[]	['NM_001271441.1(C21orf2):c.1000-23A>T']	['755']	GENO:0000137
PAVS89	LEBER CONGENITAL AMAUROSIS|RETINITIS PIGMENTOSA 3; RP3(OMIM:300029)	RPGR:NM_000328.3:c.1544T>G	https://pubmed.ncbi.nlm.nih.gov/24265693/		PAVS89	[]	[]	['LEBER CONGENITAL AMAUROSIS', 'RETINITIS PIGMENTOSA 3; RP3(OMIM:300029)']	['RPGR']	['c.1544T>G']	GENO:0000137	unknown zygosity	['OMIM:300029']	['Retinitis pigmentosa 3']	HANCESTRO:0852	Middle Eastern population	GAZ:00005279	Saudi Arabia	[]	[]	['OMIM:300029', 'ORPHA:65']	['Retinitis pigmentosa 3', 'Leber congenital amaurosis']	['NM_000328.3(RPGR):c.1544T>G']	['6103']	GENO:0000137
PAVS90	LEBER CONGENITAL AMAUROSIS 10; LCA10(OMIM:611755)|Congenital amaurosis (HP:0007875)	CEP290:NM_025114.4:c.6012-2A>G	https://pubmed.ncbi.nlm.nih.gov/24265693/		PAVS90	['HP:0007875']	['Congenital blindness']	['LEBER CONGENITAL AMAUROSIS 10; LCA10(OMIM:611755)']	['CEP290']	['c.6012-2A>G']	GENO:0000137	unknown zygosity	['OMIM:611755']	['Leber congenital amaurosis 10']	HANCESTRO:0852	Middle Eastern population	GAZ:00005279	Saudi Arabia	['HP:0007875']	['Congenital blindness']	['OMIM:611755']	['Leber congenital amaurosis 10']	['NM_025114.4(CEP290):c.6012-2A>G']	['80184']	GENO:0000137
PAVS91	LEBER CONGENITAL AMAUROSIS 8; LCA8 (OMIM:613835)|Congenital amaurosis (HP:0007875)	CRB1:NM_201253.3:c.1180T>C	https://pubmed.ncbi.nlm.nih.gov/24265693/		PAVS91	['HP:0007875']	['Congenital blindness']	['LEBER CONGENITAL AMAUROSIS 8; LCA8 (OMIM:613835)']	['CRB1']	['c.1180T>C']	GENO:0000137	unknown zygosity	['OMIM:613835']	['Leber congenital amaurosis 8']	HANCESTRO:0852	Middle Eastern population	GAZ:00005279	Saudi Arabia	['HP:0007875']	['Congenital blindness']	['OMIM:613835']	['Leber congenital amaurosis 8']	['NM_201253.3(CRB1):c.1180T>C']	['23418']	GENO:0000137
PAVS92	LEBER CONGENITAL AMAUROSIS 1; LCA1(OMIM:204000)|Congenital amaurosis (HP:0007875)	GUCY2D:NM_000180.4:c.1401dupT|RDH12:NM_152443.1:c.917T>G	https://pubmed.ncbi.nlm.nih.gov/24265693/		PAVS92	['HP:0007875']	['Congenital blindness']	['LEBER CONGENITAL AMAUROSIS 1; LCA1(OMIM:204000)']	['GUCY2D']	['c.1401dupT|RDH12']	GENO:0000137	unknown zygosity	['OMIM:204000']	['Leber congenital amaurosis, type I']	HANCESTRO:0852	Middle Eastern population	GAZ:00005279	Saudi Arabia	['HP:0007875']	['Congenital blindness']	['OMIM:204000']	['Leber congenital amaurosis, type I']	['NM_000180.4(GUCY2D):c.1401dupT|RDH12']	['3000']	GENO:0000137
PAVS93	LEBER CONGENITAL AMAUROSIS 1; LCA1(OMIM:204000)|Congenital amaurosis (HP:0007875)	GUCY2D:NM_000180.4:c.1401dupT|RDH12:NM_152443.1:c.917T>G	https://pubmed.ncbi.nlm.nih.gov/24265693/		PAVS93	['HP:0007875']	['Congenital blindness']	['LEBER CONGENITAL AMAUROSIS 1; LCA1(OMIM:204000)']	['GUCY2D']	['c.1401dupT|RDH12']	GENO:0000137	unknown zygosity	['OMIM:204000']	['Leber congenital amaurosis, type I']	HANCESTRO:0852	Middle Eastern population	GAZ:00005279	Saudi Arabia	['HP:0007875']	['Congenital blindness']	['OMIM:204000']	['Leber congenital amaurosis, type I']	['NM_000180.4(GUCY2D):c.1401dupT|RDH12']	['3000']	GENO:0000137
PAVS94	LEBER CONGENITAL AMAUROSIS 5; LCA5(OMIM:604537)|Congenital amaurosis (HP:0007875)	LCA5:NM_181714.4:c.763C>T|ABCA4:NM_000350.3:c.1927G>A|PDE6B:NM_000283.4:c.704G>A	https://pubmed.ncbi.nlm.nih.gov/24265693/		PAVS94	['HP:0007875']	['Congenital blindness']	['LEBER CONGENITAL AMAUROSIS 5; LCA5(OMIM:604537)']	['LCA5']	['c.763C>T|ABCA4']	GENO:0000137	unknown zygosity	['OMIM:604537']	['Leber congenital amaurosis 5']	HANCESTRO:0852	Middle Eastern population	GAZ:00005279	Saudi Arabia	['HP:0007875']	['Congenital blindness']	['OMIM:604537']	['Leber congenital amaurosis 5']	['NM_181714.4(LCA5):c.763C>T|ABCA4']	['167691']	GENO:0000137
PAVS95	LEBER CONGENITAL AMAUROSIS 14; LCA14(OMIM:613341)|Congenital amaurosis (HP:0007875)	LRAT:NM_004744.5:c.233_242del	https://pubmed.ncbi.nlm.nih.gov/24265693/		PAVS95	['HP:0007875']	['Congenital blindness']	['LEBER CONGENITAL AMAUROSIS 14; LCA14(OMIM:613341)']	['LRAT']	['c.233_242del']	GENO:0000137	unknown zygosity	['OMIM:613341']	['Leber congenital amaurosis 14']	HANCESTRO:0852	Middle Eastern population	GAZ:00005279	Saudi Arabia	['HP:0007875']	['Congenital blindness']	['OMIM:613341']	['Leber congenital amaurosis 14']	['NM_004744.5(LRAT):c.233_242del']	['9227']	GENO:0000137
PAVS96	LEBER CONGENITAL AMAUROSIS 13; LCA13(OMIM:612712)|Congenital amaurosis (HP:0007875)	RDH12:NM_152443.1:c.188G>T|ABCA4:NM_000350.3:c.3482G>T	https://pubmed.ncbi.nlm.nih.gov/24265693/		PAVS96	['HP:0007875']	['Congenital blindness']	['LEBER CONGENITAL AMAUROSIS 13; LCA13(OMIM:612712)']	['RDH12']	['c.188G>T|ABCA4']	GENO:0000137	unknown zygosity	['OMIM:612712']	['Leber congenital amaurosis 13']	HANCESTRO:0852	Middle Eastern population	GAZ:00005279	Saudi Arabia	['HP:0007875']	['Congenital blindness']	['OMIM:612712']	['Leber congenital amaurosis 13']	['NM_152443.1(RDH12):c.188G>T|ABCA4']	['145226']	GENO:0000137
PAVS97	LEBER CONGENITAL AMAUROSIS (HP:0007875)|Congenital amaurosis (HP:0007875)	RPE65:NM_000329.3:c.271C>T|CDHR1:NM_033100.4:c.1202G>C|LCA5:NM_181714.4:c.764G>A	https://pubmed.ncbi.nlm.nih.gov/24265693/		PAVS97	['HP:0007875']	['Congenital blindness']	[]	['RPE65']	['c.271C>T|CDHR1']	GENO:0000137	unknown zygosity	[]	[]	HANCESTRO:0852	Middle Eastern population	GAZ:00005279	Saudi Arabia	['HP:0007875']	['Congenital blindness']	[]	[]	['NM_000329.3(RPE65):c.271C>T|CDHR1']	['6121']	GENO:0000137
PAVS98	LEBER CONGENITAL AMAUROSIS 6; LCA6 (OMIM:613826)|Congenital amaurosis (HP:0007875)	RPGRIP1:NM_020366.4:c.3565C>T|TTC8:NM_144596.4:c.512A>T	https://pubmed.ncbi.nlm.nih.gov/24265693/		PAVS98	['HP:0007875']	['Congenital blindness']	['LEBER CONGENITAL AMAUROSIS 6; LCA6 (OMIM:613826)']	['RPGRIP1']	['c.3565C>T|TTC8']	GENO:0000137	unknown zygosity	['OMIM:613826']	['Leber congenital amaurosis 6']	HANCESTRO:0852	Middle Eastern population	GAZ:00005279	Saudi Arabia	['HP:0007875']	['Congenital blindness']	['OMIM:613826']	['Leber congenital amaurosis 6']	['NM_020366.4(RPGRIP1):c.3565C>T|TTC8']	['57096']	GENO:0000137
PAVS99	LEBER CONGENITAL AMAUROSIS 6; LCA6 (OMIM:613826)|Congenital amaurosis (HP:0007875)	RPGRIP1:NM_020366.4:c.1107delA|MERTK:NM_006343.3:c.2435A>C	https://pubmed.ncbi.nlm.nih.gov/24265693/		PAVS99	['HP:0007875']	['Congenital blindness']	['LEBER CONGENITAL AMAUROSIS 6; LCA6 (OMIM:613826)']	['RPGRIP1']	['c.1107delA|MERTK']	GENO:0000137	unknown zygosity	['OMIM:613826']	['Leber congenital amaurosis 6']	HANCESTRO:0852	Middle Eastern population	GAZ:00005279	Saudi Arabia	['HP:0007875']	['Congenital blindness']	['OMIM:613826']	['Leber congenital amaurosis 6']	['NM_020366.4(RPGRIP1):c.1107delA|MERTK']	['57096']	GENO:0000137
PAVS100	LEBER CONGENITAL AMAUROSIS 6; LCA6 (OMIM:613826)|Congenital amaurosis (HP:0007875)	RPGRIP1:NM_020366.4:c.2662C>T	https://pubmed.ncbi.nlm.nih.gov/24265693/		PAVS100	['HP:0007875']	['Congenital blindness']	['LEBER CONGENITAL AMAUROSIS 6; LCA6 (OMIM:613826)']	['RPGRIP1']	['c.2662C>T']	GENO:0000137	unknown zygosity	['OMIM:613826']	['Leber congenital amaurosis 6']	HANCESTRO:0852	Middle Eastern population	GAZ:00005279	Saudi Arabia	['HP:0007875']	['Congenital blindness']	['OMIM:613826']	['Leber congenital amaurosis 6']	['NM_020366.4(RPGRIP1):c.2662C>T']	['57096']	GENO:0000137
PAVS101	LEBER CONGENITAL AMAUROSIS 6; LCA6 (OMIM:613826)|Congenital amaurosis (HP:0007875)	RPGRIP1:NM_020366.4:c.1107delA|RBP3:NM_002900:c.490G>A	https://pubmed.ncbi.nlm.nih.gov/24265693/		PAVS101	['HP:0007875']	['Congenital blindness']	['LEBER CONGENITAL AMAUROSIS 6; LCA6 (OMIM:613826)']	['RPGRIP1']	['c.1107delA|RBP3']	GENO:0000137	unknown zygosity	['OMIM:613826']	['Leber congenital amaurosis 6']	HANCESTRO:0852	Middle Eastern population	GAZ:00005279	Saudi Arabia	['HP:0007875']	['Congenital blindness']	['OMIM:613826']	['Leber congenital amaurosis 6']	['NM_020366.4(RPGRIP1):c.1107delA|RBP3']	['57096']	GENO:0000137
PAVS102	LEBER CONGENITAL AMAUROSIS 6; LCA6 (OMIM:613826)|Congenital amaurosis (HP:0007875)	RPGRIP1:NM_020366.4:c.1107delA|PROM1:NM_006017.3:c.2094C>A	https://pubmed.ncbi.nlm.nih.gov/24265693/		PAVS102	['HP:0007875']	['Congenital blindness']	['LEBER CONGENITAL AMAUROSIS 6; LCA6 (OMIM:613826)']	['RPGRIP1']	['c.1107delA|PROM1']	GENO:0000137	unknown zygosity	['OMIM:613826']	['Leber congenital amaurosis 6']	HANCESTRO:0852	Middle Eastern population	GAZ:00005279	Saudi Arabia	['HP:0007875']	['Congenital blindness']	['OMIM:613826']	['Leber congenital amaurosis 6']	['NM_020366.4(RPGRIP1):c.1107delA|PROM1']	['57096']	GENO:0000137
PAVS103	LEBER CONGENITAL AMAUROSIS 15; LCA15(OMIM:613843)|Congenital amaurosis (HP:0007875)	TULP1:NM_003322.6:c.901C>T	https://pubmed.ncbi.nlm.nih.gov/24265693/		PAVS103	['HP:0007875']	['Congenital blindness']	['LEBER CONGENITAL AMAUROSIS 15; LCA15(OMIM:613843)']	['TULP1']	['c.901C>T']	GENO:0000137	unknown zygosity	['OMIM:613843']	['Leber congenital amaurosis 15']	HANCESTRO:0852	Middle Eastern population	GAZ:00005279	Saudi Arabia	['HP:0007875']	['Congenital blindness']	['OMIM:613843']	['Leber congenital amaurosis 15']	['NM_003322.6(TULP1):c.901C>T']	['7287']	GENO:0000137
PAVS104	LEBER CONGENITAL AMAUROSIS 15; LCA15(OMIM:613843)|Congenital amaurosis (HP:0007875)	TULP1:NM_003322.6:c.901C>T	https://pubmed.ncbi.nlm.nih.gov/24265693/		PAVS104	['HP:0007875']	['Congenital blindness']	['LEBER CONGENITAL AMAUROSIS 15; LCA15(OMIM:613843)']	['TULP1']	['c.901C>T']	GENO:0000137	unknown zygosity	['OMIM:613843']	['Leber congenital amaurosis 15']	HANCESTRO:0852	Middle Eastern population	GAZ:00005279	Saudi Arabia	['HP:0007875']	['Congenital blindness']	['OMIM:613843']	['Leber congenital amaurosis 15']	['NM_003322.6(TULP1):c.901C>T']	['7287']	GENO:0000137
PAVS105	LEBER CONGENITAL AMAUROSIS 15; LCA15(OMIM:613843)|Congenital amaurosis (HP:0007875)	TULP1:NM_003322.6:c.901C>T	https://pubmed.ncbi.nlm.nih.gov/24265693/		PAVS105	['HP:0007875']	['Congenital blindness']	['LEBER CONGENITAL AMAUROSIS 15; LCA15(OMIM:613843)']	['TULP1']	['c.901C>T']	GENO:0000137	unknown zygosity	['OMIM:613843']	['Leber congenital amaurosis 15']	HANCESTRO:0852	Middle Eastern population	GAZ:00005279	Saudi Arabia	['HP:0007875']	['Congenital blindness']	['OMIM:613843']	['Leber congenital amaurosis 15']	['NM_003322.6(TULP1):c.901C>T']	['7287']	GENO:0000137
PAVS106	LEBER CONGENITAL AMAUROSIS 15; LCA15(OMIM:613843)|Congenital amaurosis (HP:0007875)	TULP1:NM_003322.6:c.901C>T	https://pubmed.ncbi.nlm.nih.gov/24265693/		PAVS106	['HP:0007875']	['Congenital blindness']	['LEBER CONGENITAL AMAUROSIS 15; LCA15(OMIM:613843)']	['TULP1']	['c.901C>T']	GENO:0000137	unknown zygosity	['OMIM:613843']	['Leber congenital amaurosis 15']	HANCESTRO:0852	Middle Eastern population	GAZ:00005279	Saudi Arabia	['HP:0007875']	['Congenital blindness']	['OMIM:613843']	['Leber congenital amaurosis 15']	['NM_003322.6(TULP1):c.901C>T']	['7287']	GENO:0000137
PAVS107	LEBER CONGENITAL AMAUROSIS 15; LCA15(OMIM:613843)|Congenital amaurosis (HP:0007875)	TULP1:NM_003322.6:c.901C>T|RP1:NM_006269.1:c.5248G>T	https://pubmed.ncbi.nlm.nih.gov/24265693/		PAVS107	['HP:0007875']	['Congenital blindness']	['LEBER CONGENITAL AMAUROSIS 15; LCA15(OMIM:613843)']	['TULP1']	['c.901C>T|RP1']	GENO:0000137	unknown zygosity	['OMIM:613843']	['Leber congenital amaurosis 15']	HANCESTRO:0852	Middle Eastern population	GAZ:00005279	Saudi Arabia	['HP:0007875']	['Congenital blindness']	['OMIM:613843']	['Leber congenital amaurosis 15']	['NM_003322.6(TULP1):c.901C>T|RP1']	['7287']	GENO:0000137
PAVS108	LEBER CONGENITAL AMAUROSIS 13; LCA13(OMIM:612712)|Congenital amaurosis (HP:0007875)	RDH12:NM_152443.1:c.226G>C	https://pubmed.ncbi.nlm.nih.gov/19956407/		PAVS108	['HP:0007875']	['Congenital blindness']	['LEBER CONGENITAL AMAUROSIS 13; LCA13(OMIM:612712)']	['RDH12']	['c.226G>C']	GENO:0000137	unknown zygosity	['OMIM:612712']	['Leber congenital amaurosis 13']	HANCESTRO:0852	Middle Eastern population	GAZ:00005279	Saudi Arabia	['HP:0007875']	['Congenital blindness']	['OMIM:612712']	['Leber congenital amaurosis 13']	['NM_152443.1(RDH12):c.226G>C']	['145226']	GENO:0000137
PAVS109	Retinitis pigmentosa(HP:0000510)	RP1:NM_006269.1:c.662delC	https://pubmed.ncbi.nlm.nih.gov/19956407/		PAVS109	['HP:0000510']	['Rod-cone dystrophy']	[]	['RP1']	['c.662delC']	GENO:0000137	unknown zygosity	[]	[]	HANCESTRO:0852	Middle Eastern population	GAZ:00005279	Saudi Arabia	['HP:0000510']	['Rod-cone dystrophy']	[]	[]	['NM_006269.1(RP1):c.662delC']	['128385376']	GENO:0000137
PAVS110	Retinitis pigmentosa(HP:0000510)	RP1:NM_006269.1:c.606C>A	https://pubmed.ncbi.nlm.nih.gov/19956407/		PAVS110	['HP:0000510']	['Rod-cone dystrophy']	[]	['RP1']	['c.606C>A']	GENO:0000137	unknown zygosity	[]	[]	HANCESTRO:0852	Middle Eastern population	GAZ:00005279	Saudi Arabia	['HP:0000510']	['Rod-cone dystrophy']	[]	[]	['NM_006269.1(RP1):c.606C>A']	['128385376']	GENO:0000137
PAVS111	Retinitis pigmentosa(HP:0000510)	CRB1:NM_001257965:c.3159T>G	https://pubmed.ncbi.nlm.nih.gov/19956407/		PAVS111	['HP:0000510']	['Rod-cone dystrophy']	[]	['CRB1']	['c.3159T>G']	GENO:0000137	unknown zygosity	[]	[]	HANCESTRO:0852	Middle Eastern population	GAZ:00005279	Saudi Arabia	['HP:0000510']	['Rod-cone dystrophy']	[]	[]	['NM_001257965(CRB1):c.3159T>G']	['23418']	GENO:0000137
PAVS112	Retinitis pigmentosa(HP:0000510)	CRB1:NM_201253.3:c.80G>C	https://pubmed.ncbi.nlm.nih.gov/19956407/		PAVS112	['HP:0000510']	['Rod-cone dystrophy']	[]	['CRB1']	['c.80G>C']	GENO:0000137	unknown zygosity	[]	[]	HANCESTRO:0852	Middle Eastern population	GAZ:00005279	Saudi Arabia	['HP:0000510']	['Rod-cone dystrophy']	[]	[]	['NM_201253.3(CRB1):c.80G>C']	['23418']	GENO:0000137
PAVS113	Retinitis pigmentosa(HP:0000510)	ARL6:NM_001278293.3:c.619C>T	https://pubmed.ncbi.nlm.nih.gov/19956407/		PAVS113	['HP:0000510']	['Rod-cone dystrophy']	[]	['ARL6']	['c.619C>T']	GENO:0000137	unknown zygosity	[]	[]	HANCESTRO:0852	Middle Eastern population	GAZ:00005279	Saudi Arabia	['HP:0000510']	['Rod-cone dystrophy']	[]	[]	['NM_001278293.3(ARL6):c.619C>T']	['84100']	GENO:0000137
PAVS114	Retinitis pigmentosa(HP:0000510)	MERTK:NM_006343.3:c.1335del	https://pubmed.ncbi.nlm.nih.gov/19956407/		PAVS114	['HP:0000510']	['Rod-cone dystrophy']	[]	['MERTK']	['c.1335del']	GENO:0000137	unknown zygosity	[]	[]	HANCESTRO:0852	Middle Eastern population	GAZ:00005279	Saudi Arabia	['HP:0000510']	['Rod-cone dystrophy']	[]	[]	['NM_006343.3(MERTK):c.1335del']	['10461']	GENO:0000137
PAVS115	Poor vision(HP:0000505)| nystagmus(HP:0000639)| hyperopic|vessel attenuation(HP:0007843)|diminished foveal reflexivities|ILM macular reflexivities|fundal gray depigmentation |fundal pigment clumping	TULP1:NM_003322.6:c.901C>T	https://pubmed.ncbi.nlm.nih.gov/18936139/		PAVS115	['HP:0000505', 'HP:0000639', 'HP:0007843']	['Visual impairment', 'Nystagmus', 'Attenuation of retinal blood vessels']	['hyperopic', 'diminished foveal reflexivities', 'ILM macular reflexivities', 'fundal gray depigmentation', 'fundal pigment clumping']	['TULP1']	['c.901C>T']	GENO:0000137	unknown zygosity	[]	[]	HANCESTRO:0852	Middle Eastern population	GAZ:00005279	Saudi Arabia	['HP:0000505', 'HP:0000540', 'HP:0000639', 'HP:0007703', 'HP:0007843']	['Visual impairment', 'Hypermetropia', 'Nystagmus', 'Abnormal retinal pigmentation', 'Attenuation of retinal blood vessels']	[]	[]	['NM_003322.6(TULP1):c.901C>T']	['7287']	GENO:0000137
PAVS116	Atrophic macula with fovea spared|bone spicules in the mid periphery|Unstable nystagmus(HP:0000639)|peripheral cortical cuneiform spokes	TULP1:NM_003322.6:c.901C>T	https://pubmed.ncbi.nlm.nih.gov/18936139/		PAVS116	['HP:0000639']	['Nystagmus']	['Atrophic macula with fovea spared', 'bone spicules in the mid periphery', 'peripheral cortical cuneiform spokes']	['TULP1']	['c.901C>T']	GENO:0000137	unknown zygosity	[]	[]	HANCESTRO:0852	Middle Eastern population	GAZ:00005279	Saudi Arabia	['HP:0000639', 'HP:0001103', 'HP:0030646']	['Nystagmus', 'Abnormal macular morphology', 'Peripheral']	[]	[]	['NM_003322.6(TULP1):c.901C>T']	['7287']	GENO:0000137
PAVS117	Irregular coarse nystagmus|hyperopic astigmatism|nystagmus(HP:0000639)| vertically oval discs|pallor vascular attenuation(HP:0007843)|coarse RP-like dense bone spicules beyond the arcade	TULP1:NM_003322.6:c.901C>T	https://pubmed.ncbi.nlm.nih.gov/18936139/		PAVS117	['HP:0000639', 'HP:0007843']	['Nystagmus', 'Attenuation of retinal blood vessels']	['Irregular coarse nystagmus', 'hyperopic astigmatism', 'vertically oval discs', 'coarse RP-like dense bone spicules beyond the arcade']	['TULP1']	['c.901C>T']	GENO:0000137	unknown zygosity	[]	[]	HANCESTRO:0852	Middle Eastern population	GAZ:00005279	Saudi Arabia	['HP:0000484', 'HP:0000639', 'HP:0007843']	['Hyperopic astigmatism', 'Nystagmus', 'Attenuation of retinal blood vessels']	[]	[]	['NM_003322.6(TULP1):c.901C>T']	['7287']	GENO:0000137
PAVS118	Retinitis pigmentosa with spared macula(HP:0000510)	TULP1:NM_003322.6:c.901C>T	https://pubmed.ncbi.nlm.nih.gov/18936139/		PAVS118	['HP:0000510']	['Rod-cone dystrophy']	[]	['TULP1']	['c.901C>T']	GENO:0000137	unknown zygosity	[]	[]	HANCESTRO:0852	Middle Eastern population	GAZ:00005279	Saudi Arabia	['HP:0000510']	['Rod-cone dystrophy']	[]	[]	['NM_003322.6(TULP1):c.901C>T']	['7287']	GENO:0000137
PAVS119	Disc elevation with macula spared| minimal vascular attenuation(HP:0007843)| sandy peripheral depigmentation| vision CF| horizontal nystagmus(HP:0000666)| small posterior subcapsular cataracts| vitreous syneresis and cells| midperipheral bone spicules	TULP1:NM_003322.6:c.901C>T	https://pubmed.ncbi.nlm.nih.gov/18936139/		PAVS119	['HP:0000666', 'HP:0007843']	['Horizontal nystagmus', 'Attenuation of retinal blood vessels']	['Disc elevation with macula spared', 'sandy peripheral depigmentation', 'vision CF', 'small posterior subcapsular cataracts', 'vitreous syneresis and cells', 'midperipheral bone spicules']	['TULP1']	['c.901C>T']	GENO:0000137	unknown zygosity	[]	[]	HANCESTRO:0852	Middle Eastern population	GAZ:00005279	Saudi Arabia	['HP:0000504', 'HP:0000666', 'HP:0007787', 'HP:0007843', 'HP:0030648']	['Abnormality of vision', 'Horizontal nystagmus', 'Posterior subcapsular cataract', 'Attenuation of retinal blood vessels', 'Midperipheral']	[]	[]	['NM_003322.6(TULP1):c.901C>T']	['7287']	GENO:0000137
PAVS120	Disc elevation with macula spared| minimal vascular attenuation(HP:0007843)| sandy peripheral depigmentation| vision CF| horizontal nystagmus(HP:0000666)| small posterior subcapsular cataracts| vitreous syneresis and cells| midperipheral bone spicules	TULP1:NM_003322.6:c.901C>T	https://pubmed.ncbi.nlm.nih.gov/18936139/		PAVS120	['HP:0000666', 'HP:0007843']	['Horizontal nystagmus', 'Attenuation of retinal blood vessels']	['Disc elevation with macula spared', 'sandy peripheral depigmentation', 'vision CF', 'small posterior subcapsular cataracts', 'vitreous syneresis and cells', 'midperipheral bone spicules']	['TULP1']	['c.901C>T']	GENO:0000137	unknown zygosity	[]	[]	HANCESTRO:0852	Middle Eastern population	GAZ:00005279	Saudi Arabia	['HP:0000504', 'HP:0000666', 'HP:0007787', 'HP:0007843', 'HP:0030648']	['Abnormality of vision', 'Horizontal nystagmus', 'Posterior subcapsular cataract', 'Attenuation of retinal blood vessels', 'Midperipheral']	[]	[]	['NM_003322.6(TULP1):c.901C>T']	['7287']	GENO:0000137
PAVS121	Nystagmus(HP:0000639)|minimal pale optic disc(HP:0000543)|full discs; sandy granular RPE periphery	TULP1:NM_003322.6:c.901C>T	https://pubmed.ncbi.nlm.nih.gov/18936139/		PAVS121	['HP:0000543', 'HP:0000639']	['Optic disc pallor', 'Nystagmus']	['full discs; sandy granular RPE periphery']	['TULP1']	['c.901C>T']	GENO:0000137	unknown zygosity	[]	[]	HANCESTRO:0852	Middle Eastern population	GAZ:00005279	Saudi Arabia	['HP:0000543', 'HP:0000639']	['Optic disc pallor', 'Nystagmus']	[]	[]	['NM_003322.6(TULP1):c.901C>T']	['7287']	GENO:0000137
PAVS122	Pale discs(HP:0000543)| vessel attenuation(HP:0007843)| full ‚Äúpseudo-papilledema‚Äù discs|fine bone spicules	TULP1:NM_003322.6:c.901C>T	https://pubmed.ncbi.nlm.nih.gov/18936139/		PAVS122	['HP:0000543', 'HP:0007843']	['Optic disc pallor', 'Attenuation of retinal blood vessels']	['full ‚Äúpseudo-papilledema‚Äù discs', 'fine bone spicules']	['TULP1']	['c.901C>T']	GENO:0000137	unknown zygosity	[]	[]	HANCESTRO:0852	Middle Eastern population	GAZ:00005279	Saudi Arabia	['HP:0000543', 'HP:0001085', 'HP:0007843']	['Optic disc pallor', 'Papilledema', 'Attenuation of retinal blood vessels']	[]	[]	['NM_003322.6(TULP1):c.901C>T']	['7287']	GENO:0000137
PAVS123	Small round pale discs(HP:0000543)|bone spicules in mid-periphery|vessel attenuation	TULP1:NM_003322.6:c.901C>T	https://pubmed.ncbi.nlm.nih.gov/18936139/		PAVS123	['HP:0000543']	['Optic disc pallor']	['bone spicules in mid-periphery', 'vessel attenuation']	['TULP1']	['c.901C>T']	GENO:0000137	unknown zygosity	[]	[]	HANCESTRO:0852	Middle Eastern population	GAZ:00005279	Saudi Arabia	['HP:0000543', 'HP:0007843']	['Optic disc pallor', 'Attenuation of retinal blood vessels']	[]	[]	['NM_003322.6(TULP1):c.901C>T']	['7287']	GENO:0000137
PAVS124	pale optic disc(HP:0000543)| vessel attenuation| fine bone spicule in mid periphery|PVD OU| ERG nonrecordable	TULP1:NM_003322.6:c.901C>T	https://pubmed.ncbi.nlm.nih.gov/18936139/		PAVS124	['HP:0000543']	['Optic disc pallor']	['vessel attenuation', 'fine bone spicule in mid periphery', 'PVD OU', 'ERG nonrecordable']	['TULP1']	['c.901C>T']	GENO:0000137	unknown zygosity	[]	[]	HANCESTRO:0852	Middle Eastern population	GAZ:00005279	Saudi Arabia	['HP:0000543', 'HP:0007688', 'HP:0007843']	['Optic disc pallor', 'Undetectable light- and dark-adapted electroretinogram', 'Attenuation of retinal blood vessels']	[]	[]	['NM_003322.6(TULP1):c.901C>T']	['7287']	GENO:0000137
PAVS125	D hyperopia| vertically oval discs|Disc pink pallor|slight elevated disc|vessel attenuation|fine mid-peripheral bone spicules beyond the arcade	TULP1:NM_003322.6:c.901C>T	https://pubmed.ncbi.nlm.nih.gov/18936139/		PAVS125	[]	[]	['D hyperopia', 'vertically oval discs', 'Disc pink pallor', 'slight elevated disc', 'vessel attenuation', 'fine mid-peripheral bone spicules beyond the arcade']	['TULP1']	['c.901C>T']	GENO:0000137	unknown zygosity	[]	[]	HANCESTRO:0852	Middle Eastern population	GAZ:00005279	Saudi Arabia	['HP:0000540', 'HP:0000543', 'HP:0007843', 'HP:0030648']	['Hypermetropia', 'Optic disc pallor', 'Attenuation of retinal blood vessels', 'Midperipheral']	[]	[]	['NM_003322.6(TULP1):c.901C>T']	['7287']	GENO:0000137
PAVS126	Nystagmus(HP:0000639)| poor vision to CF OU(HP:0000505)|disc hyperemia | disc temporal pallor| vessels mildly attenuated(HP:0007843)| bone spicules in midperiphery	TULP1:NM_003322.6:c.901C>T	https://pubmed.ncbi.nlm.nih.gov/18936139/		PAVS126	['HP:0000505', 'HP:0000639', 'HP:0007843']	['Visual impairment', 'Nystagmus', 'Attenuation of retinal blood vessels']	['disc hyperemia', 'disc temporal pallor', 'bone spicules in midperiphery']	['TULP1']	['c.901C>T']	GENO:0000137	unknown zygosity	[]	[]	HANCESTRO:0852	Middle Eastern population	GAZ:00005279	Saudi Arabia	['HP:0000505', 'HP:0000639', 'HP:0007843', 'HP:0012511']	['Visual impairment', 'Nystagmus', 'Attenuation of retinal blood vessels', 'Temporal optic disc pallor']	['OMIM:212550']	['Optic disc anomalies with retinal and/or macular dystrophy']	['NM_003322.6(TULP1):c.901C>T']	['7287']	GENO:0000137
PAVS127	Jerk nystagmus(HP:0007286)| vision ‚Äúfollows objects poorly|pseudopapilledema|attenuated vessels(HP:0007843)| slightly pale discs(HP:0000543)	TULP1:NM_003322.6:c.901C>T	https://pubmed.ncbi.nlm.nih.gov/18936139/		PAVS127	['HP:0000543', 'HP:0007286', 'HP:0007843']	['Optic disc pallor', 'Horizontal jerk nystagmus', 'Attenuation of retinal blood vessels']	['vision ‚Äúfollows objects poorly', 'pseudopapilledema']	['TULP1']	['c.901C>T']	GENO:0000137	unknown zygosity	[]	[]	HANCESTRO:0852	Middle Eastern population	GAZ:00005279	Saudi Arabia	['HP:0000504', 'HP:0000538', 'HP:0000543', 'HP:0007286', 'HP:0007843']	['Abnormality of vision', 'Pseudopapilledema', 'Optic disc pallor', 'Horizontal jerk nystagmus', 'Attenuation of retinal blood vessels']	[]	[]	['NM_003322.6(TULP1):c.901C>T']	['7287']	GENO:0000137
PAVS128	Retinitis pigmentosa(HP:0000510)	TULP1:NM_003322.6:c.901C>T	https://pubmed.ncbi.nlm.nih.gov/18936139/		PAVS128	['HP:0000510']	['Rod-cone dystrophy']	[]	['TULP1']	['c.901C>T']	GENO:0000137	unknown zygosity	[]	[]	HANCESTRO:0852	Middle Eastern population	GAZ:00005279	Saudi Arabia	['HP:0000510']	['Rod-cone dystrophy']	[]	[]	['NM_003322.6(TULP1):c.901C>T']	['7287']	GENO:0000137
PAVS129	Fundal pigmentary retinopathy| attenuated vessels(HP:0007843)	TULP1:NM_003322.6:c.901C>T	https://pubmed.ncbi.nlm.nih.gov/18936139/		PAVS129	['HP:0007843']	['Attenuation of retinal blood vessels']	['Fundal pigmentary retinopathy']	['TULP1']	['c.901C>T']	GENO:0000137	unknown zygosity	[]	[]	HANCESTRO:0852	Middle Eastern population	GAZ:00005279	Saudi Arabia	['HP:0000580', 'HP:0007843']	['Pigmentary retinopathy', 'Attenuation of retinal blood vessels']	[]	[]	['NM_003322.6(TULP1):c.901C>T']	['7287']	GENO:0000137
PAVS130	Compound hyperopic astigmatism|diffuse optic nerve pallor| attenuated vessels (HP:0007843)| RPE granularity| pendular nystagmus(HP:0012043)	TULP1:NM_003322.6:c.901C>T	https://pubmed.ncbi.nlm.nih.gov/18936139/		PAVS130	['HP:0007843', 'HP:0012043']	['Attenuation of retinal blood vessels', 'Pendular nystagmus']	['Compound hyperopic astigmatism', 'diffuse optic nerve pallor', 'RPE granularity']	['TULP1']	['c.901C>T']	GENO:0000137	unknown zygosity	[]	[]	HANCESTRO:0852	Middle Eastern population	GAZ:00005279	Saudi Arabia	['HP:0000484', 'HP:0000543', 'HP:0007814', 'HP:0007843', 'HP:0012043']	['Hyperopic astigmatism', 'Optic disc pallor', 'Retinal pigment epithelial mottling', 'Attenuation of retinal blood vessels', 'Pendular nystagmus']	[]	[]	['NM_003322.6(TULP1):c.901C>T']	['7287']	GENO:0000137
PAVS131	Irregular horizontal nystagmus(HP:0000666)|mild horizontal head titubation|hyperopia|pale optic disc(HP:0000543)|mild vascular attenuation| atrophic foveal light reflexes| minimal RPE degeneration	TULP1:NM_003322.6:c.901C>T	https://pubmed.ncbi.nlm.nih.gov/18936139/		PAVS131	['HP:0000543', 'HP:0000666']	['Optic disc pallor', 'Horizontal nystagmus']	['mild horizontal head titubation', 'hyperopia', 'mild vascular attenuation', 'atrophic foveal light reflexes', 'minimal RPE degeneration']	['TULP1']	['c.901C>T']	GENO:0000137	unknown zygosity	[]	[]	HANCESTRO:0852	Middle Eastern population	GAZ:00005279	Saudi Arabia	['HP:0000540', 'HP:0000543', 'HP:0000666', 'HP:0001075', 'HP:0001146', 'HP:0002599']	['Hypermetropia', 'Optic disc pallor', 'Horizontal nystagmus', 'Atrophic scars', 'obsolete Pigmentary retinal degeneration', 'Head titubation']	[]	[]	['NM_003322.6(TULP1):c.901C>T']	['7287']	GENO:0000137
PAVS132	High hyperopia OU|confluent outer retinal peripheral whitening|retinal periphery patchy dots fundus albipunctatus	TULP1:NM_003322.6:c.901C>T	https://pubmed.ncbi.nlm.nih.gov/18936139/		PAVS132	[]	[]	['High hyperopia OU', 'confluent outer retinal peripheral whitening', 'retinal periphery patchy dots fundus albipunctatus']	['TULP1']	['c.901C>T']	GENO:0000137	unknown zygosity	[]	[]	HANCESTRO:0852	Middle Eastern population	GAZ:00005279	Saudi Arabia	['HP:0000479', 'HP:0008499', 'HP:0030642']	['Abnormal retinal morphology', 'High hypermetropia', 'Fundus albipunctatus']	[]	[]	['NM_003322.6(TULP1):c.901C>T']	['7287']	GENO:0000137
PAVS133	Rotatory nystagmus(HP:0001583)|vertically oval discs|rosy pale discs(HP:0000543)|vascular attenuation(HP:0007843)|diffuse pigmentary degeneration	TULP1:NM_003322.6:c.901C>T	https://pubmed.ncbi.nlm.nih.gov/18936139/		PAVS133	['HP:0000543', 'HP:0001583', 'HP:0007843']	['Optic disc pallor', 'Rotary nystagmus', 'Attenuation of retinal blood vessels']	['vertically oval discs', 'diffuse pigmentary degeneration']	['TULP1']	['c.901C>T']	GENO:0000137	unknown zygosity	[]	[]	HANCESTRO:0852	Middle Eastern population	GAZ:00005279	Saudi Arabia	['HP:0000543', 'HP:0000546', 'HP:0001583', 'HP:0007843']	['Optic disc pallor', 'Retinal degeneration', 'Rotary nystagmus', 'Attenuation of retinal blood vessels']	[]	[]	['NM_003322.6(TULP1):c.901C>T']	['7287']	GENO:0000137
PAVS134	MicroRotatory nystagmus(HP:0001583)| vertically oval discs|rosy pale discs(HP:0000543)|vascular attenuation(HP:0007843)|diffuse pigmentary degeneration	TULP1:NM_003322.6:c.901C>T	https://pubmed.ncbi.nlm.nih.gov/18936139/		PAVS134	['HP:0000543', 'HP:0001583', 'HP:0007843']	['Optic disc pallor', 'Rotary nystagmus', 'Attenuation of retinal blood vessels']	['vertically oval discs', 'diffuse pigmentary degeneration']	['TULP1']	['c.901C>T']	GENO:0000137	unknown zygosity	[]	[]	HANCESTRO:0852	Middle Eastern population	GAZ:00005279	Saudi Arabia	['HP:0000543', 'HP:0000546', 'HP:0001583', 'HP:0007843']	['Optic disc pallor', 'Retinal degeneration', 'Rotary nystagmus', 'Attenuation of retinal blood vessels']	[]	[]	['NM_003322.6(TULP1):c.901C>T']	['7287']	GENO:0000137
PAVS135	MicroRotatory nystagmus(HP:0001583)|rosy orange discs| vessel attenuation(HP:0007843)|diffuse pigmentary changes	TULP1:NM_003322.6:c.901C>T	https://pubmed.ncbi.nlm.nih.gov/18936139/		PAVS135	['HP:0001583', 'HP:0007843']	['Rotary nystagmus', 'Attenuation of retinal blood vessels']	['rosy orange discs', 'diffuse pigmentary changes']	['TULP1']	['c.901C>T']	GENO:0000137	unknown zygosity	[]	[]	HANCESTRO:0852	Middle Eastern population	GAZ:00005279	Saudi Arabia	['HP:0001000', 'HP:0001583', 'HP:0007843']	['Abnormality of skin pigmentation', 'Rotary nystagmus', 'Attenuation of retinal blood vessels']	[]	[]	['NM_003322.6(TULP1):c.901C>T']	['7287']	GENO:0000137
PAVS136	Rotatory nystagmus(HP:0001583)| high hyperopia|full elevated discs| vessel attenuation(HP:0007843)| periphery brown grainy RPE	TULP1:NM_003322.6:c.901C>T	https://pubmed.ncbi.nlm.nih.gov/18936139/		PAVS136	['HP:0001583', 'HP:0007843']	['Rotary nystagmus', 'Attenuation of retinal blood vessels']	['high hyperopia', 'full elevated discs', 'periphery brown grainy RPE']	['TULP1']	['c.901C>T']	GENO:0000137	unknown zygosity	[]	[]	HANCESTRO:0852	Middle Eastern population	GAZ:00005279	Saudi Arabia	['HP:0001583', 'HP:0007814', 'HP:0007843', 'HP:0008499']	['Rotary nystagmus', 'Retinal pigment epithelial mottling', 'Attenuation of retinal blood vessels', 'High hypermetropia']	[]	[]	['NM_003322.6(TULP1):c.901C>T']	['7287']	GENO:0000137
PAVS137	hyperopic|minimal end-gaze nystagmus(HP:0000640)|outer retinal whitening	TULP1:NM_003322.6:c.901C>T	https://pubmed.ncbi.nlm.nih.gov/18936139/		PAVS137	['HP:0000640']	['Gaze-evoked nystagmus']	['hyperopic', 'outer retinal whitening']	['TULP1']	['c.901C>T']	GENO:0000137	unknown zygosity	[]	[]	HANCESTRO:0852	Middle Eastern population	GAZ:00005279	Saudi Arabia	['HP:0000479', 'HP:0000540', 'HP:0000640']	['Abnormal retinal morphology', 'Hypermetropia', 'Gaze-evoked nystagmus']	[]	[]	['NM_003322.6(TULP1):c.901C>T']	['7287']	GENO:0000137
PAVS138	Rotatory nystagmus(HP:0001583)|rosy flat vertically oval discs| vessel attenuation(HP:0007843)|fine midperipheral bone spicules.	TULP1:NM_003322.6:c.901C>T	https://pubmed.ncbi.nlm.nih.gov/18936139/		PAVS138	['HP:0001583', 'HP:0007843']	['Rotary nystagmus', 'Attenuation of retinal blood vessels']	['rosy flat vertically oval discs', 'fine midperipheral bone spicules.']	['TULP1']	['c.901C>T']	GENO:0000137	unknown zygosity	[]	[]	HANCESTRO:0852	Middle Eastern population	GAZ:00005279	Saudi Arabia	['HP:0001583', 'HP:0007843', 'HP:0030648']	['Rotary nystagmus', 'Attenuation of retinal blood vessels', 'Midperipheral']	[]	[]	['NM_003322.6(TULP1):c.901C>T']	['7287']	GENO:0000137
PAVS139	Rotatory nystagmus(HP:0001583)| flat rosy discs|vessel attenuation(HP:0007843)|absent fovea| absent umbo|greybrown peripheral RPE	TULP1:NM_003322.6:c.901C>T	https://pubmed.ncbi.nlm.nih.gov/18936139/		PAVS139	['HP:0001583', 'HP:0007843']	['Rotary nystagmus', 'Attenuation of retinal blood vessels']	['flat rosy discs', 'absent fovea', 'absent umbo', 'greybrown peripheral RPE']	['TULP1']	['c.901C>T']	GENO:0000137	unknown zygosity	[]	[]	HANCESTRO:0852	Middle Eastern population	GAZ:00005279	Saudi Arabia	['HP:0000957', 'HP:0001583', 'HP:0007843', 'HP:0011503']	['Cafe-au-lait spot', 'Rotary nystagmus', 'Attenuation of retinal blood vessels', 'Aplasia of the fovea']	[]	[]	['NM_003322.6(TULP1):c.901C>T']	['7287']	GENO:0000137
PAVS140	Rotatory nystagmus(HP:0001583)|elevated discs|vessel attenuation(HP:0007843)|dirty brown peripheral granular RPE	TULP1:NM_003322.6:c.901C>T	https://pubmed.ncbi.nlm.nih.gov/18936139/		PAVS140	['HP:0001583', 'HP:0007843']	['Rotary nystagmus', 'Attenuation of retinal blood vessels']	['elevated discs', 'dirty brown peripheral granular RPE']	['TULP1']	['c.901C>T']	GENO:0000137	unknown zygosity	[]	[]	HANCESTRO:0852	Middle Eastern population	GAZ:00005279	Saudi Arabia	['HP:0001583', 'HP:0007843', 'HP:0030646']	['Rotary nystagmus', 'Attenuation of retinal blood vessels', 'Peripheral']	[]	[]	['NM_003322.6(TULP1):c.901C>T']	['7287']	GENO:0000137
PAVS141	Rotatory nystagmus(HP:0001583)| minimal hyperopia|rosy pale discs(HP:0000543)| peripheral retinitis pigmentosa(HP:0000510)	TULP1:NM_003322.6:c.901C>T	https://pubmed.ncbi.nlm.nih.gov/18936139/		PAVS141	['HP:0000510', 'HP:0000543', 'HP:0001583']	['Rod-cone dystrophy', 'Optic disc pallor', 'Rotary nystagmus']	['minimal hyperopia']	['TULP1']	['c.901C>T']	GENO:0000137	unknown zygosity	[]	[]	HANCESTRO:0852	Middle Eastern population	GAZ:00005279	Saudi Arabia	['HP:0000510', 'HP:0000543', 'HP:0001583', 'HP:0031728']	['Rod-cone dystrophy', 'Optic disc pallor', 'Rotary nystagmus', 'Mild hypermetropia']	[]	[]	['NM_003322.6(TULP1):c.901C>T']	['7287']	GENO:0000137
PAVS142	Exotropia at distance XT|Rotatory nystagmus(HP:0001583)|D hyperopia| vascular attenuation(HP:0007843)|bone spicule midperiphery	TULP1:NM_003322.6:c.901C>T	https://pubmed.ncbi.nlm.nih.gov/18936139/		PAVS142	['HP:0001583', 'HP:0007843']	['Rotary nystagmus', 'Attenuation of retinal blood vessels']	['Exotropia at distance XT', 'D hyperopia', 'bone spicule midperiphery']	['TULP1']	['c.901C>T']	GENO:0000137	unknown zygosity	[]	[]	HANCESTRO:0852	Middle Eastern population	GAZ:00005279	Saudi Arabia	['HP:0000540', 'HP:0001583', 'HP:0007843', 'HP:0031714']	['Hypermetropia', 'Rotary nystagmus', 'Attenuation of retinal blood vessels', 'Distance exotropia']	[]	[]	['NM_003322.6(TULP1):c.901C>T']	['7287']	GENO:0000137
PAVS143	Rotatory nystagmus(HP:0001583)| flat discs|vascular attenuation(HP:0007843)|midperipheral bone spicules	TULP1:NM_003322.6:c.901C>T	https://pubmed.ncbi.nlm.nih.gov/18936139/		PAVS143	['HP:0001583', 'HP:0007843']	['Rotary nystagmus', 'Attenuation of retinal blood vessels']	['flat discs', 'midperipheral bone spicules']	['TULP1']	['c.901C>T']	GENO:0000137	unknown zygosity	[]	[]	HANCESTRO:0852	Middle Eastern population	GAZ:00005279	Saudi Arabia	['HP:0000543', 'HP:0001583', 'HP:0007843', 'HP:0030648']	['Optic disc pallor', 'Rotary nystagmus', 'Attenuation of retinal blood vessels', 'Midperipheral']	[]	[]	['NM_003322.6(TULP1):c.901C>T']	['7287']	GENO:0000137
PAVS144	Rotatory nystagmus(HP:0001583)|4-prism diopter XT| sluggish pupils| vascular attenuation(HP:0007843)|bone spicules in periphery| sphere hyperopia	TULP1:NM_003322.6:c.901C>T	https://pubmed.ncbi.nlm.nih.gov/18936139/		PAVS144	['HP:0001583', 'HP:0007843']	['Rotary nystagmus', 'Attenuation of retinal blood vessels']	['4-prism diopter XT', 'sluggish pupils', 'bone spicules in periphery', 'sphere hyperopia']	['TULP1']	['c.901C>T']	GENO:0000137	unknown zygosity	[]	[]	HANCESTRO:0852	Middle Eastern population	GAZ:00005279	Saudi Arabia	['HP:0000540', 'HP:0001583', 'HP:0007843', 'HP:0030211']	['Hypermetropia', 'Rotary nystagmus', 'Attenuation of retinal blood vessels', 'Slow pupillary light response']	[]	[]	['NM_003322.6(TULP1):c.901C>T']	['7287']	GENO:0000137
PAVS145	MicroRotatory nystagmus(HP:0001583)| hyperopia|PVD |vitreous condensation |vascular attenuation(HP:0007843)|equatorial and peripheral dense pigmentary RP-like degeneration	TULP1:NM_003322.6:c.901C>T	https://pubmed.ncbi.nlm.nih.gov/18936139/		PAVS145	['HP:0001583', 'HP:0007843']	['Rotary nystagmus', 'Attenuation of retinal blood vessels']	['hyperopia', 'PVD', 'vitreous condensation', 'equatorial and peripheral dense pigmentary RP-like degeneration']	['TULP1']	['c.901C>T']	GENO:0000137	unknown zygosity	[]	[]	HANCESTRO:0852	Middle Eastern population	GAZ:00005279	Saudi Arabia	['HP:0000540', 'HP:0001583', 'HP:0004327', 'HP:0007843', 'HP:0030646']	['Hypermetropia', 'Rotary nystagmus', 'Abnormal vitreous humor morphology', 'Attenuation of retinal blood vessels', 'Peripheral']	[]	[]	['NM_003322.6(TULP1):c.901C>T']	['7287']	GENO:0000137
PAVS146	MicroRotatory nystagmus(HP:0001583)|full elevated discs with grey corona; far peripheral retina shows confluent grey-white belt similar to family 204	TULP1:NM_003322.6:c.901C>T	https://pubmed.ncbi.nlm.nih.gov/18936139/		PAVS146	['HP:0001583']	['Rotary nystagmus']	['full elevated discs with grey corona; far peripheral retina shows confluent grey-white belt similar to family 204']	['TULP1']	['c.901C>T']	GENO:0000137	unknown zygosity	[]	[]	HANCESTRO:0852	Middle Eastern population	GAZ:00005279	Saudi Arabia	['HP:0001583']	['Rotary nystagmus']	[]	[]	['NM_003322.6(TULP1):c.901C>T']	['7287']	GENO:0000137
PAVS147	LEBER CONGENITAL AMAUROSIS 1; LCA1(OMIM:204000)|Congenital amaurosis (HP:0007875)	GUCY2D:NM_000180.4:c.1978C>T	https://pubmed.ncbi.nlm.nih.gov/18936139/		PAVS147	['HP:0007875']	['Congenital blindness']	['LEBER CONGENITAL AMAUROSIS 1; LCA1(OMIM:204000)']	['GUCY2D']	['c.1978C>T']	GENO:0000137	unknown zygosity	['OMIM:204000']	['Leber congenital amaurosis, type I']	HANCESTRO:0852	Middle Eastern population	GAZ:00005279	Saudi Arabia	['HP:0007875']	['Congenital blindness']	['OMIM:204000']	['Leber congenital amaurosis, type I']	['NM_000180.4(GUCY2D):c.1978C>T']	['3000']	GENO:0000137
PAVS148	Poor vision (HP:0000505)| pendular nystagmus(HP:0012043)|pupils sluggish to light(HP:0030211)| exotropia | hyperopic |minimally attenuated vessels (HP:0007843)|mild Optic disc pallor(HP:0000543)	GUCY2D:NM_000180.4:c.1978C>T	https://pubmed.ncbi.nlm.nih.gov/18936139/		PAVS148	['HP:0000505', 'HP:0000543', 'HP:0007843', 'HP:0012043', 'HP:0030211']	['Visual impairment', 'Optic disc pallor', 'Attenuation of retinal blood vessels', 'Pendular nystagmus', 'Slow pupillary light response']	['exotropia', 'hyperopic']	['GUCY2D']	['c.1978C>T']	GENO:0000137	unknown zygosity	[]	[]	HANCESTRO:0852	Middle Eastern population	GAZ:00005279	Saudi Arabia	['HP:0000505', 'HP:0000540', 'HP:0000543', 'HP:0000577', 'HP:0007843', 'HP:0012043', 'HP:0030211']	['Visual impairment', 'Hypermetropia', 'Optic disc pallor', 'Exotropia', 'Attenuation of retinal blood vessels', 'Pendular nystagmus', 'Slow pupillary light response']	[]	[]	['NM_000180.4(GUCY2D):c.1978C>T']	['3000']	GENO:0000137
PAVS149	Poor vision(HP:0000505)| vision ‚Äúfix and follow only| hypermetropia|  minimal fundal vascular attenuation (HP:0007843)|  diffuse RPE | Retinal atrophy	GUCY2D:NM_000180.4:c.1978C>T	https://pubmed.ncbi.nlm.nih.gov/18936139/		PAVS149	['HP:0000505', 'HP:0007843']	['Visual impairment', 'Attenuation of retinal blood vessels']	['vision ‚Äúfix and follow only', 'hypermetropia', 'diffuse RPE', 'Retinal atrophy']	['GUCY2D']	['c.1978C>T']	GENO:0000137	unknown zygosity	[]	[]	HANCESTRO:0852	Middle Eastern population	GAZ:00005279	Saudi Arabia	['HP:0000505', 'HP:0000540', 'HP:0001105', 'HP:0007843', 'HP:0020034']	['Visual impairment', 'Hypermetropia', 'Retinal atrophy', 'Attenuation of retinal blood vessels', 'Diffuse']	[]	[]	['NM_000180.4(GUCY2D):c.1978C>T']	['3000']	GENO:0000137
PAVS150	hypermetropic | Syneresis of vitreous| Microrotatory infantile nystagmus| Vertically oval discs|mild optic atrophy |optic vascular attenuation| peripheral depigmentation	RPE65:NM_000329.3:c.271C>T	https://pubmed.ncbi.nlm.nih.gov/18936139/		PAVS150	[]	[]	['hypermetropic', 'Syneresis of vitreous', 'Microrotatory infantile nystagmus', 'Vertically oval discs', 'mild optic atrophy', 'optic vascular attenuation', 'peripheral depigmentation']	['RPE65']	['c.271C>T']	GENO:0000137	unknown zygosity	[]	[]	HANCESTRO:0852	Middle Eastern population	GAZ:00005279	Saudi Arabia	['HP:0000540', 'HP:0000639', 'HP:0000648', 'HP:0003657']	['Hypermetropia', 'Nystagmus', 'Optic atrophy', 'Vascular granular osmiophilic material deposition']	[]	[]	['NM_000329.3(RPE65):c.271C>T']	['6121']	GENO:0000137
PAVS151	Mild enophthalmos|vertically oval discs|slight hyperopic optic nerve fullness|decreased retinal light reflexes|minimal peripheral retinal pigment changes(HP:0007703)|infantile nystagmus	RPE65:NM_000329.3:c.271C>T	https://pubmed.ncbi.nlm.nih.gov/18936139/		PAVS151	['HP:0007703']	['Abnormal retinal pigmentation']	['Mild enophthalmos', 'vertically oval discs', 'slight hyperopic optic nerve fullness', 'decreased retinal light reflexes', 'infantile nystagmus']	['RPE65']	['c.271C>T']	GENO:0000137	unknown zygosity	[]	[]	HANCESTRO:0852	Middle Eastern population	GAZ:00005279	Saudi Arabia	['HP:0000490', 'HP:0000587', 'HP:0000639', 'HP:0007703']	['Deeply set eye', 'Abnormal optic nerve morphology', 'Nystagmus', 'Abnormal retinal pigmentation']	['OMIM:212550']	['Optic disc anomalies with retinal and/or macular dystrophy']	['NM_000329.3(RPE65):c.271C>T']	['6121']	GENO:0000137
PAVS152	Enophthalmos| nystagmus|minimal peripheral pigmentary changes|decreased foveal light reflexes|hyperopic full discs | mild foveal hyperemia|Minimal astigmatism	RPE65:NM_000329.3:c.271C>T	https://pubmed.ncbi.nlm.nih.gov/18936139/		PAVS152	[]	[]	['Enophthalmos', 'nystagmus', 'minimal peripheral pigmentary changes', 'decreased foveal light reflexes', 'hyperopic full discs', 'mild foveal hyperemia', 'Minimal astigmatism']	['RPE65']	['c.271C>T']	GENO:0000137	unknown zygosity	[]	[]	HANCESTRO:0852	Middle Eastern population	GAZ:00005279	Saudi Arabia	['HP:0000483', 'HP:0000490', 'HP:0000639', 'HP:0001000', 'HP:0034362']	['Astigmatism', 'Deeply set eye', 'Nystagmus', 'Abnormality of skin pigmentation', 'Dull foveal reflex']	[]	[]	['NM_000329.3(RPE65):c.271C>T']	['6121']	GENO:0000137
PAVS153	Speech delay|Seizures|Eczema	PTS:NM_000317.3:c.238A>G	https://pubmed.ncbi.nlm.nih.gov/30926181/		PAVS153	[]	[]	['Speech delay', 'Seizures', 'Eczema']	['PTS']	['c.238A>G']	GENO:0000137	unknown zygosity	[]	[]	HANCESTRO:0852	Middle Eastern population	GAZ:00005279	Saudi Arabia	['HP:0000750', 'HP:0000964', 'HP:0001250']	['Delayed speech and language development', 'Eczematoid dermatitis', 'Seizure']	[]	[]	['NM_000317.3(PTS):c.238A>G']	['5805']	GENO:0000137
PAVS154	Failure to thrive|Eczema	PTS:NM_000317.3:c.238A>G	https://pubmed.ncbi.nlm.nih.gov/30926181/		PAVS154	[]	[]	['Failure to thrive', 'Eczema']	['PTS']	['c.238A>G']	GENO:0000137	unknown zygosity	[]	[]	HANCESTRO:0852	Middle Eastern population	GAZ:00005279	Saudi Arabia	['HP:0000964', 'HP:0001508']	['Eczematoid dermatitis', 'Failure to thrive']	[]	[]	['NM_000317.3(PTS):c.238A>G']	['5805']	GENO:0000137
PAVS155	Failure to thrive|global developmental delay|Seizures|Truncal hypotonia|Peripheral hypertonia|Hypereflexia|Irritability|Movement disorder|Eczema	PTS:NM_000317.3:c.169_171del	https://pubmed.ncbi.nlm.nih.gov/30926181/		PAVS155	[]	[]	['Failure to thrive', 'global developmental delay', 'Seizures', 'Truncal hypotonia', 'Peripheral hypertonia', 'Hypereflexia', 'Irritability', 'Movement disorder', 'Eczema']	['PTS']	['c.169_171del']	GENO:0000137	unknown zygosity	[]	[]	HANCESTRO:0852	Middle Eastern population	GAZ:00005279	Saudi Arabia	['HP:0000737', 'HP:0000964', 'HP:0001250', 'HP:0001263', 'HP:0001276', 'HP:0001347', 'HP:0001508', 'HP:0008936', 'HP:0100022']	['Irritability', 'Eczematoid dermatitis', 'Seizure', 'Global developmental delay', 'Hypertonia', 'Hyperreflexia', 'Failure to thrive', 'Axial hypotonia', 'Abnormality of movement']	[]	[]	['NM_000317.3(PTS):c.169_171del']	['5805']	GENO:0000137
PAVS156	Microcephaly|Failure to thrive|global developmental delay|Truncal hypotonia|Peripheral hypertonia|Hypereflexia|Irritability|hypopigmentatin	PTS:NM_000317.3:c.169_171del	https://pubmed.ncbi.nlm.nih.gov/30926181/		PAVS156	[]	[]	['Microcephaly', 'Failure to thrive', 'global developmental delay', 'Truncal hypotonia', 'Peripheral hypertonia', 'Hypereflexia', 'Irritability', 'hypopigmentatin']	['PTS']	['c.169_171del']	GENO:0000137	unknown zygosity	[]	[]	HANCESTRO:0852	Middle Eastern population	GAZ:00005279	Saudi Arabia	['HP:0000252', 'HP:0000737', 'HP:0001010', 'HP:0001263', 'HP:0001276', 'HP:0001347', 'HP:0001508', 'HP:0008936']	['Microcephaly', 'Irritability', 'Hypopigmentation of the skin', 'Global developmental delay', 'Hypertonia', 'Hyperreflexia', 'Failure to thrive', 'Axial hypotonia']	[]	[]	['NM_000317.3(PTS):c.169_171del']	['5805']	GENO:0000137
PAVS157	Mild motor delay	PTS:NM_000317.3:c.238A>G	https://pubmed.ncbi.nlm.nih.gov/30926181/		PAVS157	[]	[]	['Mild motor delay']	['PTS']	['c.238A>G']	GENO:0000137	unknown zygosity	[]	[]	HANCESTRO:0852	Middle Eastern population	GAZ:00005279	Saudi Arabia	['HP:0001270']	['Motor delay']	[]	[]	['NM_000317.3(PTS):c.238A>G']	['5805']	GENO:0000137
PAVS158	Microcephaly	PTS:NM_000317.3:c.2T>G	https://pubmed.ncbi.nlm.nih.gov/30926181/		PAVS158	[]	[]	['Microcephaly']	['PTS']	['c.2T>G']	GENO:0000137	unknown zygosity	[]	[]	HANCESTRO:0852	Middle Eastern population	GAZ:00005279	Saudi Arabia	['HP:0000252']	['Microcephaly']	[]	[]	['NM_000317.3(PTS):c.2T>G']	['5805']	GENO:0000137
PAVS159	Speech delay|Attention deficit hyperactive disorder	PTS:NM_000317.3:c.238A>G	https://pubmed.ncbi.nlm.nih.gov/30926181/		PAVS159	[]	[]	['Speech delay', 'Attention deficit hyperactive disorder']	['PTS']	['c.238A>G']	GENO:0000137	unknown zygosity	[]	[]	HANCESTRO:0852	Middle Eastern population	GAZ:00005279	Saudi Arabia	['HP:0000750', 'HP:0007018']	['Delayed speech and language development', 'Attention deficit hyperactivity disorder']	[]	[]	['NM_000317.3(PTS):c.238A>G']	['5805']	GENO:0000137
PAVS160	global developmental delay|Truncal hypotonia|Peripheral hypertonia|Irritability|hypersalivation	PTS:NM_000317.3:c.342C>G	https://pubmed.ncbi.nlm.nih.gov/30926181/		PAVS160	[]	[]	['global developmental delay', 'Truncal hypotonia', 'Peripheral hypertonia', 'Irritability', 'hypersalivation']	['PTS']	['c.342C>G']	GENO:0000137	unknown zygosity	[]	[]	HANCESTRO:0852	Middle Eastern population	GAZ:00005279	Saudi Arabia	['HP:0000737', 'HP:0001263', 'HP:0001276', 'HP:0003781', 'HP:0008936']	['Irritability', 'Global developmental delay', 'Hypertonia', 'Excessive salivation', 'Axial hypotonia']	[]	[]	['NM_000317.3(PTS):c.342C>G']	['5805']	GENO:0000137
PAVS161	Microcephaly|failure to thrive|global developmental delay|Truncal hypotonia|Peripheral hypertonia|hypersalivation	PTS:NM_000317.3:c.342C>G	https://pubmed.ncbi.nlm.nih.gov/30926181/		PAVS161	[]	[]	['Microcephaly', 'failure to thrive', 'global developmental delay', 'Truncal hypotonia', 'Peripheral hypertonia', 'hypersalivation']	['PTS']	['c.342C>G']	GENO:0000137	unknown zygosity	[]	[]	HANCESTRO:0852	Middle Eastern population	GAZ:00005279	Saudi Arabia	['HP:0000252', 'HP:0001263', 'HP:0001276', 'HP:0001508', 'HP:0003781', 'HP:0008936']	['Microcephaly', 'Global developmental delay', 'Hypertonia', 'Failure to thrive', 'Excessive salivation', 'Axial hypotonia']	[]	[]	['NM_000317.3(PTS):c.342C>G']	['5805']	GENO:0000137
PAVS162	global developmental delay|Peripheral hypertonia	PTS:NM_000317.3:c.342C>G	https://pubmed.ncbi.nlm.nih.gov/30926181/		PAVS162	[]	[]	['global developmental delay', 'Peripheral hypertonia']	['PTS']	['c.342C>G']	GENO:0000137	unknown zygosity	[]	[]	HANCESTRO:0852	Middle Eastern population	GAZ:00005279	Saudi Arabia	['HP:0001263', 'HP:0001276']	['Global developmental delay', 'Hypertonia']	[]	[]	['NM_000317.3(PTS):c.342C>G']	['5805']	GENO:0000137
PAVS163	global developmental delay|Attention deficit hyperactive disorder|Truncal hypotonia|Peripheral hypertonia|Hypereflexia|Movement disorder|Seizures|hypersalivation	PTS:NM_000317.3:c.342C>G	https://pubmed.ncbi.nlm.nih.gov/30926181/		PAVS163	[]	[]	['global developmental delay', 'Attention deficit hyperactive disorder', 'Truncal hypotonia', 'Peripheral hypertonia', 'Hypereflexia', 'Movement disorder', 'Seizures', 'hypersalivation']	['PTS']	['c.342C>G']	GENO:0000137	unknown zygosity	[]	[]	HANCESTRO:0852	Middle Eastern population	GAZ:00005279	Saudi Arabia	['HP:0001250', 'HP:0001263', 'HP:0001276', 'HP:0001347', 'HP:0003781', 'HP:0007018', 'HP:0008936', 'HP:0100022']	['Seizure', 'Global developmental delay', 'Hypertonia', 'Hyperreflexia', 'Excessive salivation', 'Attention deficit hyperactivity disorder', 'Axial hypotonia', 'Abnormality of movement']	[]	[]	['NM_000317.3(PTS):c.342C>G']	['5805']	GENO:0000137
PAVS164	Mild speech delay|Eczema	PTS:NM_000317.3:c.238A>G	https://pubmed.ncbi.nlm.nih.gov/30926181/		PAVS164	[]	[]	['Mild speech delay', 'Eczema']	['PTS']	['c.238A>G']	GENO:0000137	unknown zygosity	[]	[]	HANCESTRO:0852	Middle Eastern population	GAZ:00005279	Saudi Arabia	['HP:0000750', 'HP:0000964']	['Delayed speech and language development', 'Eczematoid dermatitis']	[]	[]	['NM_000317.3(PTS):c.238A>G']	['5805']	GENO:0000137
PAVS165	Failure to thrive|global developmental delay|Truncalhypotonia|Peripheral hypertonia|Hypereflexia|Choreoathetotic type|dystonia|Insomnia|Seizures|hypopigmentatin	PTS:NM_000317.3:c.155A>G	https://pubmed.ncbi.nlm.nih.gov/30926181/		PAVS165	[]	[]	['Failure to thrive', 'global developmental delay', 'Truncalhypotonia', 'Peripheral hypertonia', 'Hypereflexia', 'Choreoathetotic type', 'dystonia', 'Insomnia', 'Seizures', 'hypopigmentatin']	['PTS']	['c.155A>G']	GENO:0000137	unknown zygosity	[]	[]	HANCESTRO:0852	Middle Eastern population	GAZ:00005279	Saudi Arabia	['HP:0001010', 'HP:0001250', 'HP:0001263', 'HP:0001276', 'HP:0001332', 'HP:0001347', 'HP:0001508', 'HP:0008936', 'HP:0100785']	['Hypopigmentation of the skin', 'Seizure', 'Global developmental delay', 'Hypertonia', 'Dystonia', 'Hyperreflexia', 'Failure to thrive', 'Axial hypotonia', 'Insomnia']	[]	[]	['NM_000317.3(PTS):c.155A>G']	['5805']	GENO:0000137
PAVS166	Microcephaly|failure to thrive|global developmental delay|Truncal hypotonia|Seizures|Eczema|hypopigmentatin	PTS:NM_000317.3:c.155A>G	https://pubmed.ncbi.nlm.nih.gov/30926181/		PAVS166	[]	[]	['Microcephaly', 'failure to thrive', 'global developmental delay', 'Truncal hypotonia', 'Seizures', 'Eczema', 'hypopigmentatin']	['PTS']	['c.155A>G']	GENO:0000137	unknown zygosity	[]	[]	HANCESTRO:0852	Middle Eastern population	GAZ:00005279	Saudi Arabia	['HP:0000252', 'HP:0000964', 'HP:0001010', 'HP:0001250', 'HP:0001263', 'HP:0001508', 'HP:0008936']	['Microcephaly', 'Eczematoid dermatitis', 'Hypopigmentation of the skin', 'Seizure', 'Global developmental delay', 'Failure to thrive', 'Axial hypotonia']	[]	[]	['NM_000317.3(PTS):c.155A>G']	['5805']	GENO:0000137
PAVS167	Speech delay|cognitive delay|Hypereflexia|Ataxia|oculogyric crisis	PTS:NM_000317.3:c.238A>G	https://pubmed.ncbi.nlm.nih.gov/30926181/		PAVS167	[]	[]	['Speech delay', 'cognitive delay', 'Hypereflexia', 'Ataxia', 'oculogyric crisis']	['PTS']	['c.238A>G']	GENO:0000137	unknown zygosity	[]	[]	HANCESTRO:0852	Middle Eastern population	GAZ:00005279	Saudi Arabia	['HP:0000750', 'HP:0001251', 'HP:0001263', 'HP:0001347', 'HP:0010553']	['Delayed speech and language development', 'Ataxia', 'Global developmental delay', 'Hyperreflexia', 'Oculogyric crisis']	[]	[]	['NM_000317.3(PTS):c.238A>G']	['5805']	GENO:0000137
PAVS168	Hypotonia|Oculogyric crisis| irritabilty|Eczema	PTS:NM_000317.3:c.238A>G	https://pubmed.ncbi.nlm.nih.gov/30926181/		PAVS168	[]	[]	['Hypotonia', 'Oculogyric crisis', 'irritabilty', 'Eczema']	['PTS']	['c.238A>G']	GENO:0000137	unknown zygosity	[]	[]	HANCESTRO:0852	Middle Eastern population	GAZ:00005279	Saudi Arabia	['HP:0000737', 'HP:0000964', 'HP:0001252', 'HP:0010553']	['Irritability', 'Eczematoid dermatitis', 'Hypotonia', 'Oculogyric crisis']	[]	[]	['NM_000317.3(PTS):c.238A>G']	['5805']	GENO:0000137
PAVS169	Hypereflexia|Eczema	PTS:NM_000317.3:c.238A>G	https://pubmed.ncbi.nlm.nih.gov/30926181/		PAVS169	[]	[]	['Hypereflexia', 'Eczema']	['PTS']	['c.238A>G']	GENO:0000137	unknown zygosity	[]	[]	HANCESTRO:0852	Middle Eastern population	GAZ:00005279	Saudi Arabia	['HP:0000964', 'HP:0001347']	['Eczematoid dermatitis', 'Hyperreflexia']	[]	[]	['NM_000317.3(PTS):c.238A>G']	['5805']	GENO:0000137
PAVS170	Microcephaly|failure to thrive|global developmental delay|Truncal hypotonia|Peripheral hypertonia|Hypereflexia|Movement disorder|Irritability|Seizures|Ptosis|Eczema	PTS:NM_000317.3:c.169_171del	https://pubmed.ncbi.nlm.nih.gov/30926181/		PAVS170	[]	[]	['Microcephaly', 'failure to thrive', 'global developmental delay', 'Truncal hypotonia', 'Peripheral hypertonia', 'Hypereflexia', 'Movement disorder', 'Irritability', 'Seizures', 'Ptosis', 'Eczema']	['PTS']	['c.169_171del']	GENO:0000137	unknown zygosity	[]	[]	HANCESTRO:0852	Middle Eastern population	GAZ:00005279	Saudi Arabia	['HP:0000252', 'HP:0000508', 'HP:0000737', 'HP:0000964', 'HP:0001250', 'HP:0001263', 'HP:0001276', 'HP:0001347', 'HP:0001508', 'HP:0008936', 'HP:0100022']	['Microcephaly', 'Ptosis', 'Irritability', 'Eczematoid dermatitis', 'Seizure', 'Global developmental delay', 'Hypertonia', 'Hyperreflexia', 'Failure to thrive', 'Axial hypotonia', 'Abnormality of movement']	[]	[]	['NM_000317.3(PTS):c.169_171del']	['5805']	GENO:0000137
PAVS171	Microcephaly|failure to thrive|global developmental delay|Truncal hypotonia|Peripheral hypertonia|Hypereflexia|Movement disorder|Irritability|Seizures|hypersalivation|hypopigmentatin	PTS:NM_000317.3:c.169_171del	https://pubmed.ncbi.nlm.nih.gov/30926181/		PAVS171	[]	[]	['Microcephaly', 'failure to thrive', 'global developmental delay', 'Truncal hypotonia', 'Peripheral hypertonia', 'Hypereflexia', 'Movement disorder', 'Irritability', 'Seizures', 'hypersalivation', 'hypopigmentatin']	['PTS']	['c.169_171del']	GENO:0000137	unknown zygosity	[]	[]	HANCESTRO:0852	Middle Eastern population	GAZ:00005279	Saudi Arabia	['HP:0000252', 'HP:0000737', 'HP:0001010', 'HP:0001250', 'HP:0001263', 'HP:0001276', 'HP:0001347', 'HP:0001508', 'HP:0003781', 'HP:0008936', 'HP:0100022']	['Microcephaly', 'Irritability', 'Hypopigmentation of the skin', 'Seizure', 'Global developmental delay', 'Hypertonia', 'Hyperreflexia', 'Failure to thrive', 'Excessive salivation', 'Axial hypotonia', 'Abnormality of movement']	[]	[]	['NM_000317.3(PTS):c.169_171del']	['5805']	GENO:0000137
PAVS172	Microcephaly|failure to thrive|Truncal hypotonia|Peripheral hypertonia|Hypereflexia|Irritability|Seizures|hypopigmentatin	PTS:NM_000317.3:c.238A>G	https://pubmed.ncbi.nlm.nih.gov/30926181/		PAVS172	[]	[]	['Microcephaly', 'failure to thrive', 'Truncal hypotonia', 'Peripheral hypertonia', 'Hypereflexia', 'Irritability', 'Seizures', 'hypopigmentatin']	['PTS']	['c.238A>G']	GENO:0000137	unknown zygosity	[]	[]	HANCESTRO:0852	Middle Eastern population	GAZ:00005279	Saudi Arabia	['HP:0000252', 'HP:0000737', 'HP:0001010', 'HP:0001250', 'HP:0001276', 'HP:0001347', 'HP:0001508', 'HP:0008936']	['Microcephaly', 'Irritability', 'Hypopigmentation of the skin', 'Seizure', 'Hypertonia', 'Hyperreflexia', 'Failure to thrive', 'Axial hypotonia']	[]	[]	['NM_000317.3(PTS):c.238A>G']	['5805']	GENO:0000137
PAVS173	KRABBE DISEASE(OMIM:245200)	GALC:NM_000512:c.860C>T	https://pubmed.ncbi.nlm.nih.gov/9338580/		PAVS173	[]	[]	['KRABBE DISEASE(OMIM:245200)']	['GALC']	['c.860C>T']	GENO:0000137	unknown zygosity	['OMIM:245200']	['Krabbe disease']	HANCESTRO:0852	Middle Eastern population	GAZ:00005279	Saudi Arabia	[]	[]	['OMIM:245200']	['Krabbe disease']	['NM_000512(GALC):c.860C>T']	['2581']	GENO:0000137
PAVS174	NAIL-PATELLA SYNDROME; NPS(OMIM:161200)	LMX1B:NM_001174146.2:c.268C>T	https://pubmed.ncbi.nlm.nih.gov/26025008/		PAVS174	[]	[]	['NAIL-PATELLA SYNDROME; NPS(OMIM:161200)']	['LMX1B']	['c.268C>T']	GENO:0000137	unknown zygosity	['OMIM:161200']	['Nail-Patella syndrome']	HANCESTRO:0852	Middle Eastern population	GAZ:00005279	Saudi Arabia	[]	[]	['OMIM:161200']	['Nail-Patella syndrome']	['NM_001174146.2(LMX1B):c.268C>T']	['4010']	GENO:0000137
PAVS175	NAIL-PATELLA SYNDROME; NPS(OMIM:161200)	LMX1B:NM_001174146.2:c.268C>T	https://pubmed.ncbi.nlm.nih.gov/26025008/		PAVS175	[]	[]	['NAIL-PATELLA SYNDROME; NPS(OMIM:161200)']	['LMX1B']	['c.268C>T']	GENO:0000137	unknown zygosity	['OMIM:161200']	['Nail-Patella syndrome']	HANCESTRO:0852	Middle Eastern population	GAZ:00005279	Saudi Arabia	[]	[]	['OMIM:161200']	['Nail-Patella syndrome']	['NM_001174146.2(LMX1B):c.268C>T']	['4010']	GENO:0000137
PAVS176	Intrauterine growth retardation|congenital hypothyroidism|facial anomalies|congenital glaucoma|hepatic fibrosis| polycystic kidneys|Neonatal diabetes|High TSH |Low T4 levelglaucoma|renal cysts|liver dysfunction| hypotonia| failure to thrive|developmental delay	GLIS3:NM_152629.4:c.2067insC	https://pubmed.ncbi.nlm.nih.gov/16715098/		PAVS176	[]	[]	['Intrauterine growth retardation', 'congenital hypothyroidism', 'facial anomalies', 'congenital glaucoma', 'hepatic fibrosis', 'polycystic kidneys', 'Neonatal diabetes', 'High TSH', 'Low T4 levelglaucoma', 'renal cysts', 'liver dysfunction', 'hypotonia', 'failure to thrive', 'developmental delay']	['GLIS3']	['c.2067insC']	GENO:0000137	unknown zygosity	[]	[]	HANCESTRO:0852	Middle Eastern population	GAZ:00005279	Saudi Arabia	['HP:0000107', 'HP:0000113', 'HP:0000271', 'HP:0000501', 'HP:0000851', 'HP:0001252', 'HP:0001263', 'HP:0001395', 'HP:0001410', 'HP:0001508', 'HP:0001511', 'HP:0002925']	['Renal cyst', 'Polycystic kidney dysplasia', 'Abnormality of the face', 'Glaucoma', 'Congenital hypothyroidism', 'Hypotonia', 'Global developmental delay', 'Hepatic fibrosis', 'Decreased liver function', 'Failure to thrive', 'Intrauterine growth retardation', 'Elevated circulating thyroid-stimulating hormone concentration']	['ORPHA:98976', 'ORPHA:99885']	['Congenital glaucoma', 'Isolated permanent neonatal diabetes mellitus']	['NM_152629.4(GLIS3):c.2067insC']	['169792']	GENO:0000137
PAVS177	Intrauterine growth retardation|congenital hypothyroidism|facial anomalies|congenital glaucoma|hepatic fibrosis| polycystic kidneys|Neonatal diabetes|High TSH |Low T4 level|renal cysts|liver dysfunction| hypotonia| failure to thrive|developmental delay	GLIS3:NM_152629.4:c.2067insC	https://pubmed.ncbi.nlm.nih.gov/16715098/		PAVS177	[]	[]	['Intrauterine growth retardation', 'congenital hypothyroidism', 'facial anomalies', 'congenital glaucoma', 'hepatic fibrosis', 'polycystic kidneys', 'Neonatal diabetes', 'High TSH', 'Low T4 level', 'renal cysts', 'liver dysfunction', 'hypotonia', 'failure to thrive', 'developmental delay']	['GLIS3']	['c.2067insC']	GENO:0000137	unknown zygosity	[]	[]	HANCESTRO:0852	Middle Eastern population	GAZ:00005279	Saudi Arabia	['HP:0000107', 'HP:0000113', 'HP:0000271', 'HP:0000821', 'HP:0000851', 'HP:0001252', 'HP:0001263', 'HP:0001395', 'HP:0001410', 'HP:0001508', 'HP:0001511', 'HP:0002925']	['Renal cyst', 'Polycystic kidney dysplasia', 'Abnormality of the face', 'Hypothyroidism', 'Congenital hypothyroidism', 'Hypotonia', 'Global developmental delay', 'Hepatic fibrosis', 'Decreased liver function', 'Failure to thrive', 'Intrauterine growth retardation', 'Elevated circulating thyroid-stimulating hormone concentration']	['ORPHA:98976', 'ORPHA:99885']	['Congenital glaucoma', 'Isolated permanent neonatal diabetes mellitus']	['NM_152629.4(GLIS3):c.2067insC']	['169792']	GENO:0000137
PAVS178	Intrauterine growth retardation|congenital hypothyroidism|facial anomalies|congenital glaucoma|hepatic fibrosis|Neonatal diabetes|High TSH |Low T4 level|liver dysfunction| hypotonia| failure to thrive	GLIS3:NM_152629.4:c.2067insC	https://pubmed.ncbi.nlm.nih.gov/16715098/		PAVS178	[]	[]	['Intrauterine growth retardation', 'congenital hypothyroidism', 'facial anomalies', 'congenital glaucoma', 'hepatic fibrosis', 'Neonatal diabetes', 'High TSH', 'Low T4 level', 'liver dysfunction', 'hypotonia', 'failure to thrive']	['GLIS3']	['c.2067insC']	GENO:0000137	unknown zygosity	[]	[]	HANCESTRO:0852	Middle Eastern population	GAZ:00005279	Saudi Arabia	['HP:0000271', 'HP:0000821', 'HP:0000851', 'HP:0001252', 'HP:0001395', 'HP:0001410', 'HP:0001508', 'HP:0001511', 'HP:0002925']	['Abnormality of the face', 'Hypothyroidism', 'Congenital hypothyroidism', 'Hypotonia', 'Hepatic fibrosis', 'Decreased liver function', 'Failure to thrive', 'Intrauterine growth retardation', 'Elevated circulating thyroid-stimulating hormone concentration']	['ORPHA:98976', 'ORPHA:99885']	['Congenital glaucoma', 'Isolated permanent neonatal diabetes mellitus']	['NM_152629.4(GLIS3):c.2067insC']	['169792']	GENO:0000137
PAVS179	Intrauterine growth retardation|congenital hypothyroidism|facial anomalies	GLIS3:NM_152629.4:c.4176077_4601776del	https://pubmed.ncbi.nlm.nih.gov/16715098/		PAVS179	[]	[]	['Intrauterine growth retardation', 'congenital hypothyroidism', 'facial anomalies']	['GLIS3']	['c.4176077_4601776del']	GENO:0000137	unknown zygosity	[]	[]	HANCESTRO:0852	Middle Eastern population	GAZ:00005279	Saudi Arabia	['HP:0000271', 'HP:0000851', 'HP:0001511']	['Abnormality of the face', 'Congenital hypothyroidism', 'Intrauterine growth retardation']	[]	[]	['NM_152629.4(GLIS3):c.4176077_4601776del']	['169792']	GENO:0000137
PAVS180	EPIPHYSEAL DYSPLASIA, MULTIPLE, WITH EARLY-ONSET DIABETES MELLITUS (OMIM:226980)|Spondyloepiphysial dysplasia | Severe scoliosis |Severe developmental delay	EIF2AK3:NM_004836.7:c.1044_1057del14	https://pubmed.ncbi.nlm.nih.gov/22060631/		PAVS180	[]	[]	['EPIPHYSEAL DYSPLASIA, MULTIPLE, WITH EARLY-ONSET DIABETES MELLITUS (OMIM:226980)', 'Spondyloepiphysial dysplasia', 'Severe scoliosis', 'Severe developmental delay']	['EIF2AK3']	['c.1044_1057del14']	GENO:0000137	unknown zygosity	['OMIM:226980']	['Epiphyseal dysplasia, multiple, with early-onset diabetes mellitus']	HANCESTRO:0852	Middle Eastern population	GAZ:00005279	Saudi Arabia	['HP:0002650', 'HP:0002655', 'HP:0011344']	['Scoliosis', 'Spondyloepiphyseal dysplasia', 'Severe global developmental delay']	['OMIM:226980']	['Epiphyseal dysplasia, multiple, with early-onset diabetes mellitus']	['NM_004836.7(EIF2AK3):c.1044_1057del14']	['9451']	GENO:0000137
PAVS181	EPIPHYSEAL DYSPLASIA, MULTIPLE, WITH EARLY-ONSET DIABETES MELLITUS (OMIM:226980)|Femoral epiphysial dysplasia	EIF2AK3:NM_004836.7:c.1044_1057del14	https://pubmed.ncbi.nlm.nih.gov/22060631/		PAVS181	[]	[]	['EPIPHYSEAL DYSPLASIA, MULTIPLE, WITH EARLY-ONSET DIABETES MELLITUS (OMIM:226980)', 'Femoral epiphysial dysplasia']	['EIF2AK3']	['c.1044_1057del14']	GENO:0000137	unknown zygosity	['OMIM:226980']	['Epiphyseal dysplasia, multiple, with early-onset diabetes mellitus']	HANCESTRO:0852	Middle Eastern population	GAZ:00005279	Saudi Arabia	['HP:0001385']	['Hip dysplasia']	['OMIM:226980']	['Epiphyseal dysplasia, multiple, with early-onset diabetes mellitus']	['NM_004836.7(EIF2AK3):c.1044_1057del14']	['9451']	GENO:0000137
PAVS182	EPIPHYSEAL DYSPLASIA, MULTIPLE, WITH EARLY-ONSET DIABETES MELLITUS (OMIM:226980)|hepatic failure|skeletal dysplasia|central hypothyroidism	EIF2AK3:NM_004836.7:c.1044_1057del14	https://pubmed.ncbi.nlm.nih.gov/22060631/		PAVS182	[]	[]	['EPIPHYSEAL DYSPLASIA, MULTIPLE, WITH EARLY-ONSET DIABETES MELLITUS (OMIM:226980)', 'hepatic failure', 'skeletal dysplasia', 'central hypothyroidism']	['EIF2AK3']	['c.1044_1057del14']	GENO:0000137	unknown zygosity	['OMIM:226980']	['Epiphyseal dysplasia, multiple, with early-onset diabetes mellitus']	HANCESTRO:0852	Middle Eastern population	GAZ:00005279	Saudi Arabia	['HP:0001399', 'HP:0002652', 'HP:0011787']	['Hepatic failure', 'Skeletal dysplasia', 'Central hypothyroidism']	['OMIM:226980']	['Epiphyseal dysplasia, multiple, with early-onset diabetes mellitus']	['NM_004836.7(EIF2AK3):c.1044_1057del14']	['9451']	GENO:0000137
PAVS183	EPIPHYSEAL DYSPLASIA, MULTIPLE, WITH EARLY-ONSET DIABETES MELLITUS (OMIM:226980)|Intermittent hepatic dysfunction	EIF2AK3:NM_004836.7:c.1044_1057del14	https://pubmed.ncbi.nlm.nih.gov/22060631/		PAVS183	[]	[]	['EPIPHYSEAL DYSPLASIA, MULTIPLE, WITH EARLY-ONSET DIABETES MELLITUS (OMIM:226980)', 'Intermittent hepatic dysfunction']	['EIF2AK3']	['c.1044_1057del14']	GENO:0000137	unknown zygosity	['OMIM:226980']	['Epiphyseal dysplasia, multiple, with early-onset diabetes mellitus']	HANCESTRO:0852	Middle Eastern population	GAZ:00005279	Saudi Arabia	['HP:0001046']	['Intermittent jaundice']	['OMIM:226980']	['Epiphyseal dysplasia, multiple, with early-onset diabetes mellitus']	['NM_004836.7(EIF2AK3):c.1044_1057del14']	['9451']	GENO:0000137
PAVS184	EPIPHYSEAL DYSPLASIA, MULTIPLE, WITH EARLY-ONSET DIABETES MELLITUS (OMIM:226980)|Hepatic encephalopathy	EIF2AK3:NM_004836.7:c.1044_1057del14	https://pubmed.ncbi.nlm.nih.gov/22060631/		PAVS184	[]	[]	['EPIPHYSEAL DYSPLASIA, MULTIPLE, WITH EARLY-ONSET DIABETES MELLITUS (OMIM:226980)', 'Hepatic encephalopathy']	['EIF2AK3']	['c.1044_1057del14']	GENO:0000137	unknown zygosity	['OMIM:226980']	['Epiphyseal dysplasia, multiple, with early-onset diabetes mellitus']	HANCESTRO:0852	Middle Eastern population	GAZ:00005279	Saudi Arabia	['HP:0002480']	['Hepatic encephalopathy']	['OMIM:226980']	['Epiphyseal dysplasia, multiple, with early-onset diabetes mellitus']	['NM_004836.7(EIF2AK3):c.1044_1057del14']	['9451']	GENO:0000137
PAVS185	EPIPHYSEAL DYSPLASIA, MULTIPLE, WITH EARLY-ONSET DIABETES MELLITUS (OMIM:226980)	EIF2AK3:NM_004836.7:c.1044_1057del14	https://pubmed.ncbi.nlm.nih.gov/22060631/		PAVS185	[]	[]	['EPIPHYSEAL DYSPLASIA, MULTIPLE, WITH EARLY-ONSET DIABETES MELLITUS (OMIM:226980)']	['EIF2AK3']	['c.1044_1057del14']	GENO:0000137	unknown zygosity	['OMIM:226980']	['Epiphyseal dysplasia, multiple, with early-onset diabetes mellitus']	HANCESTRO:0852	Middle Eastern population	GAZ:00005279	Saudi Arabia	[]	[]	['OMIM:226980']	['Epiphyseal dysplasia, multiple, with early-onset diabetes mellitus']	['NM_004836.7(EIF2AK3):c.1044_1057del14']	['9451']	GENO:0000137
PAVS186	EPIPHYSEAL DYSPLASIA, MULTIPLE, WITH EARLY-ONSET DIABETES MELLITUS (OMIM:226980)	EIF2AK3:NM_004836.7:c.1044_1057del14	https://pubmed.ncbi.nlm.nih.gov/22060631/		PAVS186	[]	[]	['EPIPHYSEAL DYSPLASIA, MULTIPLE, WITH EARLY-ONSET DIABETES MELLITUS (OMIM:226980)']	['EIF2AK3']	['c.1044_1057del14']	GENO:0000137	unknown zygosity	['OMIM:226980']	['Epiphyseal dysplasia, multiple, with early-onset diabetes mellitus']	HANCESTRO:0852	Middle Eastern population	GAZ:00005279	Saudi Arabia	[]	[]	['OMIM:226980']	['Epiphyseal dysplasia, multiple, with early-onset diabetes mellitus']	['NM_004836.7(EIF2AK3):c.1044_1057del14']	['9451']	GENO:0000137
PAVS187	Developmenatl delay|Hyperactivity|Learning difficulties|High TSH |Low T4 level|DIABETES MELLITUS, NEONATAL, WITH CONGENITAL HYPOTHYROIDISM; NDH(OMIM:610199)	GLIS3:NM_001042413.2:c.1608C>G	https://pubmed.ncbi.nlm.nih.gov/22060631/		PAVS187	[]	[]	['Developmenatl delay', 'Hyperactivity', 'Learning difficulties', 'High TSH', 'Low T4 level', 'DIABETES MELLITUS, NEONATAL, WITH CONGENITAL HYPOTHYROIDISM; NDH(OMIM:610199)']	['GLIS3']	['c.1608C>G']	GENO:0000137	unknown zygosity	['OMIM:610199']	['Diabetes mellitus, neonatal, with congenital hypothyroidism']	HANCESTRO:0852	Middle Eastern population	GAZ:00005279	Saudi Arabia	['HP:0000752', 'HP:0000821', 'HP:0001263', 'HP:0002925']	['Hyperactivity', 'Hypothyroidism', 'Global developmental delay', 'Elevated circulating thyroid-stimulating hormone concentration']	['OMIM:300491', 'OMIM:610199']	['Epilepsy, X-linked, with variable learning disabilities and behavior disorders', 'Diabetes mellitus, neonatal, with congenital hypothyroidism']	['NM_001042413.2(GLIS3):c.1608C>G']	['169792']	GENO:0000137
PAVS188	Deafness(HP:0000365)|Normoblstic anemia|THIAMINE-RESPONSIVE MEGALOBLASTIC ANEMIA SYNDROME; TRMA(OMIM:249270)	SLC19A2:NM_006996.3:c.428C>T	https://pubmed.ncbi.nlm.nih.gov/22060631/		PAVS188	['HP:0000365']	['Hearing impairment']	['Normoblstic anemia', 'THIAMINE-RESPONSIVE MEGALOBLASTIC ANEMIA SYNDROME; TRMA(OMIM:249270)']	['SLC19A2']	['c.428C>T']	GENO:0000137	unknown zygosity	['OMIM:249270']	['Thiamine-Responsive megaloblastic anemia syndrome']	HANCESTRO:0852	Middle Eastern population	GAZ:00005279	Saudi Arabia	['HP:0000365', 'HP:0001903']	['Hearing impairment', 'Anemia']	['OMIM:249270']	['Thiamine-Responsive megaloblastic anemia syndrome']	['NM_006996.3(SLC19A2):c.428C>T']	['10560']	GENO:0000137
PAVS189	Bilateral inguinal hernia|Renal Hypertension|Hepatomegaly|Renal tubulr defect|FANCONI-BICKEL SYNDROME; FBS (OMIM:227810)	SLC2A2:NM_000340.2:c.339delC	https://pubmed.ncbi.nlm.nih.gov/22060631/		PAVS189	[]	[]	['Bilateral inguinal hernia', 'Renal Hypertension', 'Hepatomegaly', 'Renal tubulr defect', 'FANCONI-BICKEL SYNDROME; FBS (OMIM:227810)']	['SLC2A2']	['c.339delC']	GENO:0000137	unknown zygosity	['OMIM:227810']	['Fanconi-Bickel syndrome']	HANCESTRO:0852	Middle Eastern population	GAZ:00005279	Saudi Arabia	['HP:0000023', 'HP:0000124', 'HP:0000822', 'HP:0002240']	['Inguinal hernia', 'Renal tubular dysfunction', 'Hypertension', 'Hepatomegaly']	['OMIM:227810']	['Fanconi-Bickel syndrome']	['NM_000340.2(SLC2A2):c.339delC']	['6514']	GENO:0000137
PAVS190	Gobal developmental delay|Spastic diplegia|Crossed legs|Mild laryngomalacia|Skin hypopigmentation|inflammation	GALC:NM_000153.4:c.334A>G	https://pubmed.ncbi.nlm.nih.gov/31053700/		PAVS190	[]	[]	['Gobal developmental delay', 'Spastic diplegia', 'Crossed legs', 'Mild laryngomalacia', 'Skin hypopigmentation', 'inflammation']	['GALC']	['c.334A>G']	GENO:0000137	unknown zygosity	[]	[]	HANCESTRO:0852	Middle Eastern population	GAZ:00005279	Saudi Arabia	['HP:0001010', 'HP:0001263', 'HP:0001264', 'HP:0001601']	['Hypopigmentation of the skin', 'Global developmental delay', 'Spastic diplegia', 'Laryngomalacia']	[]	[]	['NM_000153.4(GALC):c.334A>G']	['2581']	GENO:0000137
PAVS191	Hypoglycemia|Hepatomegaly	AGL:NM_000642.3:c.4260-12A>G	https://pubmed.ncbi.nlm.nih.gov/25827695/		PAVS191	[]	[]	['Hypoglycemia', 'Hepatomegaly']	['AGL']	['c.4260-12A>G']	GENO:0000137	unknown zygosity	[]	[]	HANCESTRO:0852	Middle Eastern population	GAZ:00005279	Saudi Arabia	['HP:0001943', 'HP:0002240']	['Hypoglycemia', 'Hepatomegaly']	[]	[]	['NM_000642.3(AGL):c.4260-12A>G']	['178']	GENO:0000137
PAVS192	Hypoglycemia|Hepatomegaly	AGL:NM_000642.3:c.4260-12A>G	https://pubmed.ncbi.nlm.nih.gov/25827695/		PAVS192	[]	[]	['Hypoglycemia', 'Hepatomegaly']	['AGL']	['c.4260-12A>G']	GENO:0000137	unknown zygosity	[]	[]	HANCESTRO:0852	Middle Eastern population	GAZ:00005279	Saudi Arabia	['HP:0001943', 'HP:0002240']	['Hypoglycemia', 'Hepatomegaly']	[]	[]	['NM_000642.3(AGL):c.4260-12A>G']	['178']	GENO:0000137
PAVS193	Hepatomegaly	AGL:NM_000642.3:c.4260-12A>G	https://pubmed.ncbi.nlm.nih.gov/25827695/		PAVS193	[]	[]	['Hepatomegaly']	['AGL']	['c.4260-12A>G']	GENO:0000137	unknown zygosity	[]	[]	HANCESTRO:0852	Middle Eastern population	GAZ:00005279	Saudi Arabia	['HP:0002240']	['Hepatomegaly']	[]	[]	['NM_000642.3(AGL):c.4260-12A>G']	['178']	GENO:0000137
PAVS194	Hypoglycemia|Hepatomegaly	AGL:NM_000642.3:c.4260-12A>G	https://pubmed.ncbi.nlm.nih.gov/25827695/		PAVS194	[]	[]	['Hypoglycemia', 'Hepatomegaly']	['AGL']	['c.4260-12A>G']	GENO:0000137	unknown zygosity	[]	[]	HANCESTRO:0852	Middle Eastern population	GAZ:00005279	Saudi Arabia	['HP:0001943', 'HP:0002240']	['Hypoglycemia', 'Hepatomegaly']	[]	[]	['NM_000642.3(AGL):c.4260-12A>G']	['178']	GENO:0000137
PAVS195	Hypoglycemia|Hepatomegaly	AGL:NM_000642.3:c.4260-12A>G	https://pubmed.ncbi.nlm.nih.gov/25827695/		PAVS195	[]	[]	['Hypoglycemia', 'Hepatomegaly']	['AGL']	['c.4260-12A>G']	GENO:0000137	unknown zygosity	[]	[]	HANCESTRO:0852	Middle Eastern population	GAZ:00005279	Saudi Arabia	['HP:0001943', 'HP:0002240']	['Hypoglycemia', 'Hepatomegaly']	[]	[]	['NM_000642.3(AGL):c.4260-12A>G']	['178']	GENO:0000137
PAVS196	Hypoglycemia|Hepatomegaly	AGL:NM_000642.3:c.4260-12A>G	https://pubmed.ncbi.nlm.nih.gov/25827695/		PAVS196	[]	[]	['Hypoglycemia', 'Hepatomegaly']	['AGL']	['c.4260-12A>G']	GENO:0000137	unknown zygosity	[]	[]	HANCESTRO:0852	Middle Eastern population	GAZ:00005279	Saudi Arabia	['HP:0001943', 'HP:0002240']	['Hypoglycemia', 'Hepatomegaly']	[]	[]	['NM_000642.3(AGL):c.4260-12A>G']	['178']	GENO:0000137
PAVS197	Hypoglycemia|Hepatomegaly	AGL:NM_000642.3:c.4260-12A>G	https://pubmed.ncbi.nlm.nih.gov/25827695/		PAVS197	[]	[]	['Hypoglycemia', 'Hepatomegaly']	['AGL']	['c.4260-12A>G']	GENO:0000137	unknown zygosity	[]	[]	HANCESTRO:0852	Middle Eastern population	GAZ:00005279	Saudi Arabia	['HP:0001943', 'HP:0002240']	['Hypoglycemia', 'Hepatomegaly']	[]	[]	['NM_000642.3(AGL):c.4260-12A>G']	['178']	GENO:0000137
PAVS198	Hypoglycemia|Hepatomegaly	AGL:NM_000642.3:c.4260-12A>G	https://pubmed.ncbi.nlm.nih.gov/25827695/		PAVS198	[]	[]	['Hypoglycemia', 'Hepatomegaly']	['AGL']	['c.4260-12A>G']	GENO:0000137	unknown zygosity	[]	[]	HANCESTRO:0852	Middle Eastern population	GAZ:00005279	Saudi Arabia	['HP:0001943', 'HP:0002240']	['Hypoglycemia', 'Hepatomegaly']	[]	[]	['NM_000642.3(AGL):c.4260-12A>G']	['178']	GENO:0000137
PAVS199	Hypoglycemia|Hepatomegaly	AGL:NM_000642.3:c.4260-12A>G	https://pubmed.ncbi.nlm.nih.gov/25827695/		PAVS199	[]	[]	['Hypoglycemia', 'Hepatomegaly']	['AGL']	['c.4260-12A>G']	GENO:0000137	unknown zygosity	[]	[]	HANCESTRO:0852	Middle Eastern population	GAZ:00005279	Saudi Arabia	['HP:0001943', 'HP:0002240']	['Hypoglycemia', 'Hepatomegaly']	[]	[]	['NM_000642.3(AGL):c.4260-12A>G']	['178']	GENO:0000137
PAVS200	Hypoglycemia|Hepatomegaly	AGL:NM_000642.3:c.4260-12A>G	https://pubmed.ncbi.nlm.nih.gov/25827695/		PAVS200	[]	[]	['Hypoglycemia', 'Hepatomegaly']	['AGL']	['c.4260-12A>G']	GENO:0000137	unknown zygosity	[]	[]	HANCESTRO:0852	Middle Eastern population	GAZ:00005279	Saudi Arabia	['HP:0001943', 'HP:0002240']	['Hypoglycemia', 'Hepatomegaly']	[]	[]	['NM_000642.3(AGL):c.4260-12A>G']	['178']	GENO:0000137
PAVS201	Hypoglycemia|Hepatomegaly	AGL:NM_000642.3:c.4260-12A>G	https://pubmed.ncbi.nlm.nih.gov/25827695/		PAVS201	[]	[]	['Hypoglycemia', 'Hepatomegaly']	['AGL']	['c.4260-12A>G']	GENO:0000137	unknown zygosity	[]	[]	HANCESTRO:0852	Middle Eastern population	GAZ:00005279	Saudi Arabia	['HP:0001943', 'HP:0002240']	['Hypoglycemia', 'Hepatomegaly']	[]	[]	['NM_000642.3(AGL):c.4260-12A>G']	['178']	GENO:0000137
PAVS202	Hypoglycemia|Hepatomegaly	AGL:NM_000642.3:c.4260-12A>G	https://pubmed.ncbi.nlm.nih.gov/25827695/		PAVS202	[]	[]	['Hypoglycemia', 'Hepatomegaly']	['AGL']	['c.4260-12A>G']	GENO:0000137	unknown zygosity	[]	[]	HANCESTRO:0852	Middle Eastern population	GAZ:00005279	Saudi Arabia	['HP:0001943', 'HP:0002240']	['Hypoglycemia', 'Hepatomegaly']	[]	[]	['NM_000642.3(AGL):c.4260-12A>G']	['178']	GENO:0000137
PAVS203	Hypoglycemia|Hepatomegaly	AGL:NM_000642.3:c.4260-12A>G	https://pubmed.ncbi.nlm.nih.gov/25827695/		PAVS203	[]	[]	['Hypoglycemia', 'Hepatomegaly']	['AGL']	['c.4260-12A>G']	GENO:0000137	unknown zygosity	[]	[]	HANCESTRO:0852	Middle Eastern population	GAZ:00005279	Saudi Arabia	['HP:0001943', 'HP:0002240']	['Hypoglycemia', 'Hepatomegaly']	[]	[]	['NM_000642.3(AGL):c.4260-12A>G']	['178']	GENO:0000137
PAVS204	GLYCOGEN STORAGE DISEASE II; GSD2(OMIM:232300)	GAA:NM_000152.5:c.1753_2799del	https://pubmed.ncbi.nlm.nih.gov/27629047/		PAVS204	[]	[]	['GLYCOGEN STORAGE DISEASE II; GSD2(OMIM:232300)']	['GAA']	['c.1753_2799del']	GENO:0000137	unknown zygosity	['OMIM:232300']	['Glycogen storage disease II']	HANCESTRO:0852	Middle Eastern population	GAZ:00005279	Saudi Arabia	[]	[]	['OMIM:232300']	['Glycogen storage disease II']	['NM_000152.5(GAA):c.1753_2799del']	['2548']	GENO:0000137
PAVS205	GLYCOGEN STORAGE DISEASE II; GSD2(OMIM:232300)|Mild cognitive delay|Language impairment|Obstructive sleep apnea|Myopia|Alopecia universalis	GAA:NM_000152.5:c.1927G>A	https://pubmed.ncbi.nlm.nih.gov/30023291/		PAVS205	[]	[]	['GLYCOGEN STORAGE DISEASE II; GSD2(OMIM:232300)', 'Mild cognitive delay', 'Language impairment', 'Obstructive sleep apnea', 'Myopia', 'Alopecia universalis']	['GAA']	['c.1927G>A']	GENO:0000137	unknown zygosity	['OMIM:232300']	['Glycogen storage disease II']	HANCESTRO:0852	Middle Eastern population	GAZ:00005279	Saudi Arabia	['HP:0000545', 'HP:0001256', 'HP:0002289', 'HP:0002463', 'HP:0002870']	['Myopia', 'Mild intellectual disability', 'Alopecia universalis', 'Language impairment', 'Obstructive sleep apnea']	['OMIM:232300']	['Glycogen storage disease II']	['NM_000152.5(GAA):c.1927G>A']	['2548']	GENO:0000137
PAVS206	GLYCOGEN STORAGE DISEASE II; GSD2(OMIM:232300)	GAA:NM_000152.5:c.1657C>T	https://pubmed.ncbi.nlm.nih.gov/30023291/		PAVS206	[]	[]	['GLYCOGEN STORAGE DISEASE II; GSD2(OMIM:232300)']	['GAA']	['c.1657C>T']	GENO:0000137	unknown zygosity	['OMIM:232300']	['Glycogen storage disease II']	HANCESTRO:0852	Middle Eastern population	GAZ:00005279	Saudi Arabia	[]	[]	['OMIM:232300']	['Glycogen storage disease II']	['NM_000152.5(GAA):c.1657C>T']	['2548']	GENO:0000137
PAVS207	GLYCOGEN STORAGE DISEASE II; GSD2(OMIM:232300)	GAA:NM_000152.5:c.1657C>T	https://pubmed.ncbi.nlm.nih.gov/30023291/		PAVS207	[]	[]	['GLYCOGEN STORAGE DISEASE II; GSD2(OMIM:232300)']	['GAA']	['c.1657C>T']	GENO:0000137	unknown zygosity	['OMIM:232300']	['Glycogen storage disease II']	HANCESTRO:0852	Middle Eastern population	GAZ:00005279	Saudi Arabia	[]	[]	['OMIM:232300']	['Glycogen storage disease II']	['NM_000152.5(GAA):c.1657C>T']	['2548']	GENO:0000137
PAVS208	GLYCOGEN STORAGE DISEASE II; GSD2(OMIM:232300)	GAA:NM_000152.5:c.784G>A|GAA:NM_000152.5:c.1802C>T	https://pubmed.ncbi.nlm.nih.gov/30023291/		PAVS208	[]	[]	['GLYCOGEN STORAGE DISEASE II; GSD2(OMIM:232300)']	['GAA']	['c.784G>A|GAA']	GENO:0000137	unknown zygosity	['OMIM:232300']	['Glycogen storage disease II']	HANCESTRO:0852	Middle Eastern population	GAZ:00005279	Saudi Arabia	[]	[]	['OMIM:232300']	['Glycogen storage disease II']	['NM_000152.5(GAA):c.784G>A|GAA']	['2548']	GENO:0000137
PAVS209	GLYCOGEN STORAGE DISEASE II; GSD2(OMIM:232300)	GAA:NM_000152.5:c.1657C>T	https://pubmed.ncbi.nlm.nih.gov/30023291/		PAVS209	[]	[]	['GLYCOGEN STORAGE DISEASE II; GSD2(OMIM:232300)']	['GAA']	['c.1657C>T']	GENO:0000137	unknown zygosity	['OMIM:232300']	['Glycogen storage disease II']	HANCESTRO:0852	Middle Eastern population	GAZ:00005279	Saudi Arabia	[]	[]	['OMIM:232300']	['Glycogen storage disease II']	['NM_000152.5(GAA):c.1657C>T']	['2548']	GENO:0000137
PAVS210	GLYCOGEN STORAGE DISEASE II; GSD2(OMIM:232300)	GAA:NM_000152.5:c.655G>A	https://pubmed.ncbi.nlm.nih.gov/30023291/		PAVS210	[]	[]	['GLYCOGEN STORAGE DISEASE II; GSD2(OMIM:232300)']	['GAA']	['c.655G>A']	GENO:0000137	unknown zygosity	['OMIM:232300']	['Glycogen storage disease II']	HANCESTRO:0852	Middle Eastern population	GAZ:00005279	Saudi Arabia	[]	[]	['OMIM:232300']	['Glycogen storage disease II']	['NM_000152.5(GAA):c.655G>A']	['2548']	GENO:0000137
PAVS211	GLYCOGEN STORAGE DISEASE II; GSD2(OMIM:232300)	GAA:NM_000152.5:c.1064T>C	https://pubmed.ncbi.nlm.nih.gov/30023291/		PAVS211	[]	[]	['GLYCOGEN STORAGE DISEASE II; GSD2(OMIM:232300)']	['GAA']	['c.1064T>C']	GENO:0000137	unknown zygosity	['OMIM:232300']	['Glycogen storage disease II']	HANCESTRO:0852	Middle Eastern population	GAZ:00005279	Saudi Arabia	[]	[]	['OMIM:232300']	['Glycogen storage disease II']	['NM_000152.5(GAA):c.1064T>C']	['2548']	GENO:0000137
PAVS212	GLYCOGEN STORAGE DISEASE II; GSD2(OMIM:232300)	GAA:NM_000152.5:c.1657C>T	https://pubmed.ncbi.nlm.nih.gov/30023291/		PAVS212	[]	[]	['GLYCOGEN STORAGE DISEASE II; GSD2(OMIM:232300)']	['GAA']	['c.1657C>T']	GENO:0000137	unknown zygosity	['OMIM:232300']	['Glycogen storage disease II']	HANCESTRO:0852	Middle Eastern population	GAZ:00005279	Saudi Arabia	[]	[]	['OMIM:232300']	['Glycogen storage disease II']	['NM_000152.5(GAA):c.1657C>T']	['2548']	GENO:0000137
PAVS213	GLYCOGEN STORAGE DISEASE II; GSD2(OMIM:232300)	GAA:NM_000152.5:c.655G>A	https://pubmed.ncbi.nlm.nih.gov/30023291/		PAVS213	[]	[]	['GLYCOGEN STORAGE DISEASE II; GSD2(OMIM:232300)']	['GAA']	['c.655G>A']	GENO:0000137	unknown zygosity	['OMIM:232300']	['Glycogen storage disease II']	HANCESTRO:0852	Middle Eastern population	GAZ:00005279	Saudi Arabia	[]	[]	['OMIM:232300']	['Glycogen storage disease II']	['NM_000152.5(GAA):c.655G>A']	['2548']	GENO:0000137
PAVS214	GLYCOGEN STORAGE DISEASE II; GSD2(OMIM:232300)	GAA:NM_000152.5:c.1064T>C	https://pubmed.ncbi.nlm.nih.gov/30023291/		PAVS214	[]	[]	['GLYCOGEN STORAGE DISEASE II; GSD2(OMIM:232300)']	['GAA']	['c.1064T>C']	GENO:0000137	unknown zygosity	['OMIM:232300']	['Glycogen storage disease II']	HANCESTRO:0852	Middle Eastern population	GAZ:00005279	Saudi Arabia	[]	[]	['OMIM:232300']	['Glycogen storage disease II']	['NM_000152.5(GAA):c.1064T>C']	['2548']	GENO:0000137
PAVS215	GLYCOGEN STORAGE DISEASE II; GSD2(OMIM:232300)	GAA:NM_000152.5:c.1657C>T	https://pubmed.ncbi.nlm.nih.gov/30023291/		PAVS215	[]	[]	['GLYCOGEN STORAGE DISEASE II; GSD2(OMIM:232300)']	['GAA']	['c.1657C>T']	GENO:0000137	unknown zygosity	['OMIM:232300']	['Glycogen storage disease II']	HANCESTRO:0852	Middle Eastern population	GAZ:00005279	Saudi Arabia	[]	[]	['OMIM:232300']	['Glycogen storage disease II']	['NM_000152.5(GAA):c.1657C>T']	['2548']	GENO:0000137
PAVS216	GLYCOGEN STORAGE DISEASE II; GSD2(OMIM:232300)	GAA:NM_000152.5:c.1064T>C	https://pubmed.ncbi.nlm.nih.gov/30023291/		PAVS216	[]	[]	['GLYCOGEN STORAGE DISEASE II; GSD2(OMIM:232300)']	['GAA']	['c.1064T>C']	GENO:0000137	unknown zygosity	['OMIM:232300']	['Glycogen storage disease II']	HANCESTRO:0852	Middle Eastern population	GAZ:00005279	Saudi Arabia	[]	[]	['OMIM:232300']	['Glycogen storage disease II']	['NM_000152.5(GAA):c.1064T>C']	['2548']	GENO:0000137
PAVS217	GLYCOGEN STORAGE DISEASE II; GSD2(OMIM:232300)	GAA:NM_000152.5:c.1802C>T	https://pubmed.ncbi.nlm.nih.gov/30023291/		PAVS217	[]	[]	['GLYCOGEN STORAGE DISEASE II; GSD2(OMIM:232300)']	['GAA']	['c.1802C>T']	GENO:0000137	unknown zygosity	['OMIM:232300']	['Glycogen storage disease II']	HANCESTRO:0852	Middle Eastern population	GAZ:00005279	Saudi Arabia	[]	[]	['OMIM:232300']	['Glycogen storage disease II']	['NM_000152.5(GAA):c.1802C>T']	['2548']	GENO:0000137
PAVS218	GLYCOGEN STORAGE DISEASE II; GSD2(OMIM:232300)	GAA:NM_000152.5:c.1082C>T	https://pubmed.ncbi.nlm.nih.gov/30023291/		PAVS218	[]	[]	['GLYCOGEN STORAGE DISEASE II; GSD2(OMIM:232300)']	['GAA']	['c.1082C>T']	GENO:0000137	unknown zygosity	['OMIM:232300']	['Glycogen storage disease II']	HANCESTRO:0852	Middle Eastern population	GAZ:00005279	Saudi Arabia	[]	[]	['OMIM:232300']	['Glycogen storage disease II']	['NM_000152.5(GAA):c.1082C>T']	['2548']	GENO:0000137
PAVS219	GLYCOGEN STORAGE DISEASE II; GSD2(OMIM:232300)	GAA:NM_000152.5:c.1431delT	https://pubmed.ncbi.nlm.nih.gov/30023291/		PAVS219	[]	[]	['GLYCOGEN STORAGE DISEASE II; GSD2(OMIM:232300)']	['GAA']	['c.1431delT']	GENO:0000137	unknown zygosity	['OMIM:232300']	['Glycogen storage disease II']	HANCESTRO:0852	Middle Eastern population	GAZ:00005279	Saudi Arabia	[]	[]	['OMIM:232300']	['Glycogen storage disease II']	['NM_000152.5(GAA):c.1431delT']	['2548']	GENO:0000137
PAVS220	GLYCOGEN STORAGE DISEASE II; GSD2(OMIM:232300)	GAA:NM_000152.5:c.655G>A	https://pubmed.ncbi.nlm.nih.gov/30023291/		PAVS220	[]	[]	['GLYCOGEN STORAGE DISEASE II; GSD2(OMIM:232300)']	['GAA']	['c.655G>A']	GENO:0000137	unknown zygosity	['OMIM:232300']	['Glycogen storage disease II']	HANCESTRO:0852	Middle Eastern population	GAZ:00005279	Saudi Arabia	[]	[]	['OMIM:232300']	['Glycogen storage disease II']	['NM_000152.5(GAA):c.655G>A']	['2548']	GENO:0000137
PAVS221	GLYCOGEN STORAGE DISEASE II; GSD2(OMIM:232300)	GAA:NM_000152.5:c.1657C>T	https://pubmed.ncbi.nlm.nih.gov/30023291/		PAVS221	[]	[]	['GLYCOGEN STORAGE DISEASE II; GSD2(OMIM:232300)']	['GAA']	['c.1657C>T']	GENO:0000137	unknown zygosity	['OMIM:232300']	['Glycogen storage disease II']	HANCESTRO:0852	Middle Eastern population	GAZ:00005279	Saudi Arabia	[]	[]	['OMIM:232300']	['Glycogen storage disease II']	['NM_000152.5(GAA):c.1657C>T']	['2548']	GENO:0000137
PAVS222	Malonyl-CoA decarboxylase deficiency(OMIM:248360)	MLYCD:NM_012213.3:c.953_954delAG	https://pubmed.ncbi.nlm.nih.gov/27629047/		PAVS222	[]	[]	['Malonyl-CoA decarboxylase deficiency(OMIM:248360)']	['MLYCD']	['c.953_954delAG']	GENO:0000137	unknown zygosity	['OMIM:248360']	['Malonyl-CoA decarboxylase deficiency']	HANCESTRO:0852	Middle Eastern population	GAZ:00005279	Saudi Arabia	[]	[]	['OMIM:248360']	['Malonyl-CoA decarboxylase deficiency']	['NM_012213.3(MLYCD):c.953_954delAG']	['23417']	GENO:0000137
PAVS223	Isovaleric acidemia(OMIM:243500)	IVD:NM_002225.5:c.358C>T	https://pubmed.ncbi.nlm.nih.gov/27629047/		PAVS223	[]	[]	['Isovaleric acidemia(OMIM:243500)']	['IVD']	['c.358C>T']	GENO:0000137	unknown zygosity	['OMIM:243500']	['Isovaleric acidemia']	HANCESTRO:0852	Middle Eastern population	GAZ:00005279	Saudi Arabia	[]	[]	['OMIM:243500']	['Isovaleric acidemia']	['NM_002225.5(IVD):c.358C>T']	['3712']	GENO:0000137
PAVS224	B-Ketothiolase deficiency(OMIM:203750)	ACAT1:NM_000019.4:c.412-419del	https://pubmed.ncbi.nlm.nih.gov/27629047/		PAVS224	[]	[]	['B-Ketothiolase deficiency(OMIM:203750)']	['ACAT1']	['c.412-419del']	GENO:0000137	unknown zygosity	['OMIM:203750']	['Alpha-methylacetoacetic aciduria']	HANCESTRO:0852	Middle Eastern population	GAZ:00005279	Saudi Arabia	[]	[]	['OMIM:203750']	['Alpha-methylacetoacetic aciduria']	['NM_000019.4(ACAT1):c.412-419del']	['6646']	GENO:0000137
PAVS225	Ethylmalonic encephalopathy(OMIM:602473)	ETHE1:NM_014297.5:c.263C>T	https://pubmed.ncbi.nlm.nih.gov/27629047/		PAVS225	[]	[]	['Ethylmalonic encephalopathy(OMIM:602473)']	['ETHE1']	['c.263C>T']	GENO:0000137	unknown zygosity	['OMIM:602473']	['Encephalopathy, ethylmalonic']	HANCESTRO:0852	Middle Eastern population	GAZ:00005279	Saudi Arabia	[]	[]	['OMIM:602473']	['Encephalopathy, ethylmalonic']	['NM_014297.5(ETHE1):c.263C>T']	['23474']	GENO:0000137
PAVS226	3-Methylglutaconic aciduria type III(OMIM:258501)	OPA3:NM_025136.4:c.194delG	https://pubmed.ncbi.nlm.nih.gov/27629047/		PAVS226	[]	[]	['3-Methylglutaconic aciduria type III(OMIM:258501)']	['OPA3']	['c.194delG']	GENO:0000137	unknown zygosity	['OMIM:258501']	['3-methylglutaconic aciduria, type III']	HANCESTRO:0852	Middle Eastern population	GAZ:00005279	Saudi Arabia	[]	[]	['OMIM:258501']	['3-methylglutaconic aciduria, type III']	['NM_025136.4(OPA3):c.194delG']	['80207']	GENO:0000137
PAVS227	Biotinidase deficiency(OMIM:253260)	BTD:NM_000060.4:c.755A>G|BTD:NM_000060.4:c.1330G>C	https://pubmed.ncbi.nlm.nih.gov/27629047/		PAVS227	[]	[]	['Biotinidase deficiency(OMIM:253260)']	['BTD']	['c.755A>G|BTD']	GENO:0000137	unknown zygosity	['OMIM:253260']	['Biotinidase deficiencymultiple carboxylase deficiency, late-onset']	HANCESTRO:0852	Middle Eastern population	GAZ:00005279	Saudi Arabia	[]	[]	['OMIM:253260']	['Biotinidase deficiencymultiple carboxylase deficiency, late-onset']	['NM_000060.4(BTD):c.755A>G|BTD']	['221833']	GENO:0000137
PAVS228	3-Methylcrotonyl CoA carboxylase deficiency1(OMIM:210200)	MCCC1:NM_020166.5:c.1808dupA	https://pubmed.ncbi.nlm.nih.gov/27629047/		PAVS228	[]	[]	['3-Methylcrotonyl CoA carboxylase deficiency1(OMIM:210200)']	['MCCC1']	['c.1808dupA']	GENO:0000137	unknown zygosity	['OMIM:210200']	['3-Methylcrotonyl-CoA carboxylase 1 deficiency']	HANCESTRO:0852	Middle Eastern population	GAZ:00005279	Saudi Arabia	[]	[]	['OMIM:210200']	['3-Methylcrotonyl-CoA carboxylase 1 deficiency']	['NM_020166.5(MCCC1):c.1808dupA']	['56922']	GENO:0000137
PAVS229	3-Methylcrotonyl CoA carboxylase deficiency 2(OMIM:210210)	MCCC2:NM_022132.5:c.1147A>T	https://pubmed.ncbi.nlm.nih.gov/27629047/		PAVS229	[]	[]	['3-Methylcrotonyl CoA carboxylase deficiency 2(OMIM:210210)']	['MCCC2']	['c.1147A>T']	GENO:0000137	unknown zygosity	['OMIM:210210']	['3-Methylcrotonyl-CoA carboxylase 2 deficiency']	HANCESTRO:0852	Middle Eastern population	GAZ:00005279	Saudi Arabia	[]	[]	['OMIM:210210']	['3-Methylcrotonyl-CoA carboxylase 2 deficiency']	['NM_022132.5(MCCC2):c.1147A>T']	['64087']	GENO:0000137
PAVS230	3-hydroxy-3-methylglutaryl-CoA lyase deficiency(OMIM:246450)	HMGCL:NM_000191.3:c.122G>A	https://pubmed.ncbi.nlm.nih.gov/27629047/		PAVS230	[]	[]	['3-hydroxy-3-methylglutaryl-CoA lyase deficiency(OMIM:246450)']	['HMGCL']	['c.122G>A']	GENO:0000137	unknown zygosity	['OMIM:246450']	['3-hydroxy-3-methylglutaryl-CoA lyase deficiency']	HANCESTRO:0852	Middle Eastern population	GAZ:00005279	Saudi Arabia	[]	[]	['OMIM:246450']	['3-hydroxy-3-methylglutaryl-CoA lyase deficiency']	['NM_000191.3(HMGCL):c.122G>A']	['3155']	GENO:0000137
PAVS231	Glutaric acidemia(OMIM:231670)	GCDH:NM_000159.4:c.1144G>A	https://pubmed.ncbi.nlm.nih.gov/27629047/		PAVS231	[]	[]	['Glutaric acidemia(OMIM:231670)']	['GCDH']	['c.1144G>A']	GENO:0000137	unknown zygosity	['OMIM:231670']	['Glutaric acidemia I']	HANCESTRO:0852	Middle Eastern population	GAZ:00005279	Saudi Arabia	[]	[]	['OMIM:231670']	['Glutaric acidemia I']	['NM_000159.4(GCDH):c.1144G>A']	['2639']	GENO:0000137
PAVS232	Glutaric acidemia(OMIM:231670)	GCDH:NM_000159.4:c.853-2A>G	https://pubmed.ncbi.nlm.nih.gov/27629047/		PAVS232	[]	[]	['Glutaric acidemia(OMIM:231670)']	['GCDH']	['c.853-2A>G']	GENO:0000137	unknown zygosity	['OMIM:231670']	['Glutaric acidemia I']	HANCESTRO:0852	Middle Eastern population	GAZ:00005279	Saudi Arabia	[]	[]	['OMIM:231670']	['Glutaric acidemia I']	['NM_000159.4(GCDH):c.853-2A>G']	['2639']	GENO:0000137
PAVS233	Glutaric acidemia(OMIM:231670)	GCDH:NM_000159.4:c.278A>G	https://pubmed.ncbi.nlm.nih.gov/27629047/		PAVS233	[]	[]	['Glutaric acidemia(OMIM:231670)']	['GCDH']	['c.278A>G']	GENO:0000137	unknown zygosity	['OMIM:231670']	['Glutaric acidemia I']	HANCESTRO:0852	Middle Eastern population	GAZ:00005279	Saudi Arabia	[]	[]	['OMIM:231670']	['Glutaric acidemia I']	['NM_000159.4(GCDH):c.278A>G']	['2639']	GENO:0000137
PAVS234	Cobalamin C defect(OMIM:277400)	MMACHC:NM_015506.3:c.394C>T	https://pubmed.ncbi.nlm.nih.gov/27629047/		PAVS234	[]	[]	['Cobalamin C defect(OMIM:277400)']	['MMACHC']	['c.394C>T']	GENO:0000137	unknown zygosity	['OMIM:277400']	['Methylmalonic aciduria and homocystinuria, cblC type']	HANCESTRO:0852	Middle Eastern population	GAZ:00005279	Saudi Arabia	[]	[]	['OMIM:277400']	['Methylmalonic aciduria and homocystinuria, cblC type']	['NM_015506.3(MMACHC):c.394C>T']	['25974']	GENO:0000137
PAVS235	Cobalamin A Defect(OMIM:251100)	MMAA:NM_172250.3:c.586C>T	https://pubmed.ncbi.nlm.nih.gov/27629047/		PAVS235	[]	[]	['Cobalamin A Defect(OMIM:251100)']	['MMAA']	['c.586C>T']	GENO:0000137	unknown zygosity	['OMIM:251100']	['Methylmalonic aciduria, vitamin B12-responsive, cblA type']	HANCESTRO:0852	Middle Eastern population	GAZ:00005279	Saudi Arabia	[]	[]	['OMIM:251100']	['Methylmalonic aciduria, vitamin B12-responsive, cblA type']	['NM_172250.3(MMAA):c.586C>T']	['387254']	GENO:0000137
PAVS236	Methylmalonic acidemia(OMIM:251000)	MUT:NM_000255.4:c.329A>G	https://pubmed.ncbi.nlm.nih.gov/27629047/		PAVS236	[]	[]	['Methylmalonic acidemia(OMIM:251000)']	['MUT']	['c.329A>G']	GENO:0000137	unknown zygosity	['OMIM:251000']	['Methylmalonic aciduria, mut type']	HANCESTRO:0852	Middle Eastern population	GAZ:00005279	Saudi Arabia	[]	[]	['OMIM:251000']	['Methylmalonic aciduria, mut type']	['NM_000255.4(MUT):c.329A>G']	['4594']	GENO:0000137
PAVS237	Propionic acidemia(OMIM:606054)	PCCA:NM_000282.4:c.425G>A	https://pubmed.ncbi.nlm.nih.gov/27629047/		PAVS237	[]	[]	['Propionic acidemia(OMIM:606054)']	['PCCA']	['c.425G>A']	GENO:0000137	unknown zygosity	['OMIM:606054']	['Propionic acidemia']	HANCESTRO:0852	Middle Eastern population	GAZ:00005279	Saudi Arabia	[]	[]	['OMIM:606054']	['Propionic acidemia']	['NM_000282.4(PCCA):c.425G>A']	['5095']	GENO:0000137
PAVS238	Propionic acidemia(OMIM:606054)	PCCA:NM_000282.4:c.350G>A	https://pubmed.ncbi.nlm.nih.gov/27629047/		PAVS238	[]	[]	['Propionic acidemia(OMIM:606054)']	['PCCA']	['c.350G>A']	GENO:0000137	unknown zygosity	['OMIM:606054']	['Propionic acidemia']	HANCESTRO:0852	Middle Eastern population	GAZ:00005279	Saudi Arabia	[]	[]	['OMIM:606054']	['Propionic acidemia']	['NM_000282.4(PCCA):c.350G>A']	['5095']	GENO:0000137
PAVS239	Propionic acidemia(OMIM:606054)	PCCB:NM_001178014:c.1050dupT	https://pubmed.ncbi.nlm.nih.gov/27629047/		PAVS239	[]	[]	['Propionic acidemia(OMIM:606054)']	['PCCB']	['c.1050dupT']	GENO:0000137	unknown zygosity	['OMIM:606054']	['Propionic acidemia']	HANCESTRO:0852	Middle Eastern population	GAZ:00005279	Saudi Arabia	[]	[]	['OMIM:606054']	['Propionic acidemia']	['NM_001178014(PCCB):c.1050dupT']	['5096']	GENO:0000137
PAVS240	Classical homozygouscystinuria(OMIM:236200)	CBS:NM_000071.3:c.969G>A	https://pubmed.ncbi.nlm.nih.gov/27629047/		PAVS240	[]	[]	['Classical homozygouscystinuria(OMIM:236200)']	['CBS']	['c.969G>A']	GENO:0000137	unknown zygosity	['OMIM:236200']	['Homocystinuria due to cystathionine beta-synthase deficiency']	HANCESTRO:0852	Middle Eastern population	GAZ:00005279	Saudi Arabia	[]	[]	['OMIM:236200']	['Homocystinuria due to cystathionine beta-synthase deficiency']	['NM_000071.3(CBS):c.969G>A']	['875']	GENO:0000137
PAVS241	Classical homozygouscystinuria(OMIM:236200)	CBS:NM_000071.3:c.1006C>T	https://pubmed.ncbi.nlm.nih.gov/27629047/		PAVS241	[]	[]	['Classical homozygouscystinuria(OMIM:236200)']	['CBS']	['c.1006C>T']	GENO:0000137	unknown zygosity	['OMIM:236200']	['Homocystinuria due to cystathionine beta-synthase deficiency']	HANCESTRO:0852	Middle Eastern population	GAZ:00005279	Saudi Arabia	[]	[]	['OMIM:236200']	['Homocystinuria due to cystathionine beta-synthase deficiency']	['NM_000071.3(CBS):c.1006C>T']	['875']	GENO:0000137
PAVS242	MTHFR deficiency(OMIM:236250)	MTHFR:NM_005957.5:c.680C>T	https://pubmed.ncbi.nlm.nih.gov/27629047/		PAVS242	[]	[]	['MTHFR deficiency(OMIM:236250)']	['MTHFR']	['c.680C>T']	GENO:0000137	unknown zygosity	['OMIM:236250']	['Homocystinuria due to deficiency of n(5,10)-methylenetetrahydrofolatereductase activity']	HANCESTRO:0852	Middle Eastern population	GAZ:00005279	Saudi Arabia	[]	[]	['OMIM:236250']	['Homocystinuria due to deficiency of n(5,10)-methylenetetrahydrofolatereductase activity']	['NM_005957.5(MTHFR):c.680C>T']	['4524']	GENO:0000137
PAVS243	MAT deficiency(OMIM:250850)	MAT1A:NM_000429.3:c.1081G>T	https://pubmed.ncbi.nlm.nih.gov/27629047/		PAVS243	[]	[]	['MAT deficiency(OMIM:250850)']	['MAT1A']	['c.1081G>T']	GENO:0000137	unknown zygosity	['OMIM:250850']	['Methionine adenosyltransferase I/III deficiency']	HANCESTRO:0852	Middle Eastern population	GAZ:00005279	Saudi Arabia	[]	[]	['OMIM:250850']	['Methionine adenosyltransferase I/III deficiency']	['NM_000429.3(MAT1A):c.1081G>T']	['4143']	GENO:0000137
PAVS244	PKU(OMIM:261600)	PAH:NM_000277.3:c.1169A>G	https://pubmed.ncbi.nlm.nih.gov/27629047/		PAVS244	[]	[]	['PKU(OMIM:261600)']	['PAH']	['c.1169A>G']	GENO:0000137	unknown zygosity	['OMIM:261600']	['Phenylketonuria']	HANCESTRO:0852	Middle Eastern population	GAZ:00005279	Saudi Arabia	[]	[]	['OMIM:261600']	['Phenylketonuria']	['NM_000277.3(PAH):c.1169A>G']	['5053']	GENO:0000137
PAVS245	PTPS deficiency(OMIM:261640)	PTS:NM_000317.3:c.238A>G	https://pubmed.ncbi.nlm.nih.gov/27629047/		PAVS245	[]	[]	['PTPS deficiency(OMIM:261640)']	['PTS']	['c.238A>G']	GENO:0000137	unknown zygosity	['OMIM:261640']	['Hyperphenylalaninemia, BH4-deficient, A']	HANCESTRO:0852	Middle Eastern population	GAZ:00005279	Saudi Arabia	[]	[]	['OMIM:261640']	['Hyperphenylalaninemia, BH4-deficient, A']	['NM_000317.3(PTS):c.238A>G']	['5805']	GENO:0000137
PAVS246	PTPS deficiency(OMIM:261640)	PTS:NM_000317.3:c.169_171delGTG	https://pubmed.ncbi.nlm.nih.gov/27629047/		PAVS246	[]	[]	['PTPS deficiency(OMIM:261640)']	['PTS']	['c.169_171delGTG']	GENO:0000137	unknown zygosity	['OMIM:261640']	['Hyperphenylalaninemia, BH4-deficient, A']	HANCESTRO:0852	Middle Eastern population	GAZ:00005279	Saudi Arabia	[]	[]	['OMIM:261640']	['Hyperphenylalaninemia, BH4-deficient, A']	['NM_000317.3(PTS):c.169_171delGTG']	['5805']	GENO:0000137
PAVS247	MSUD 	BCKDHA:NM_000709.4:c.347A>G	https://pubmed.ncbi.nlm.nih.gov/27629047/		PAVS247	[]	[]	['MSUD']	['BCKDHA']	['c.347A>G']	GENO:0000137	unknown zygosity	[]	[]	HANCESTRO:0852	Middle Eastern population	GAZ:00005279	Saudi Arabia	[]	[]	[]	[]	['NM_000709.4(BCKDHA):c.347A>G']	['593']	GENO:0000137
PAVS248	MSUD 	BCKDHA:NM_000709.4:c.905A>C	https://pubmed.ncbi.nlm.nih.gov/27629047/		PAVS248	[]	[]	['MSUD']	['BCKDHA']	['c.905A>C']	GENO:0000137	unknown zygosity	[]	[]	HANCESTRO:0852	Middle Eastern population	GAZ:00005279	Saudi Arabia	[]	[]	['OMIM:248600']	['Maple syrup urine disease']	['NM_000709.4(BCKDHA):c.905A>C']	['593']	GENO:0000137
PAVS249	MSUD 	BCKDHB:NM_000056.5:c.674T>C	https://pubmed.ncbi.nlm.nih.gov/27629047/		PAVS249	[]	[]	['MSUD']	['BCKDHB']	['c.674T>C']	GENO:0000137	unknown zygosity	[]	[]	HANCESTRO:0852	Middle Eastern population	GAZ:00005279	Saudi Arabia	[]	[]	['OMIM:248600']	['Maple syrup urine disease']	['NM_000056.5(BCKDHB):c.674T>C']	['594']	GENO:0000137
PAVS250	MSUD 	BCKDHB:NM_000056.5:c.1144T>C	https://pubmed.ncbi.nlm.nih.gov/27629047/		PAVS250	[]	[]	['MSUD']	['BCKDHB']	['c.1144T>C']	GENO:0000137	unknown zygosity	[]	[]	HANCESTRO:0852	Middle Eastern population	GAZ:00005279	Saudi Arabia	[]	[]	['OMIM:248600']	['Maple syrup urine disease']	['NM_000056.5(BCKDHB):c.1144T>C']	['594']	GENO:0000137
PAVS251	Asparagine synthetase deficiency	ASNS:NM_001673.5:c.1160A>G	https://pubmed.ncbi.nlm.nih.gov/27629047/		PAVS251	[]	[]	['Asparagine synthetase deficiency']	['ASNS']	['c.1160A>G']	GENO:0000137	unknown zygosity	[]	[]	HANCESTRO:0852	Middle Eastern population	GAZ:00005279	Saudi Arabia	[]	[]	['OMIM:615574']	['Asparagine synthetase deficiency']	['NM_001673.5(ASNS):c.1160A>G']	['440']	GENO:0000137
PAVS252	Biotin Thiamine Responsive Basal Ganglia Disease	SLC19A3:NM_025243.4:c.1264A>G	https://pubmed.ncbi.nlm.nih.gov/27629047/		PAVS252	[]	[]	['Biotin Thiamine Responsive Basal Ganglia Disease']	['SLC19A3']	['c.1264A>G']	GENO:0000137	unknown zygosity	[]	[]	HANCESTRO:0852	Middle Eastern population	GAZ:00005279	Saudi Arabia	['HP:0002134']	['Abnormal basal ganglia morphology']	[]	[]	['NM_025243.4(SLC19A3):c.1264A>G']	['80704']	GENO:0000137
PAVS253	Pyridoxine-dependent epilepsy  	ALDH7A1:NM_001182.5:c.877dupAA	https://pubmed.ncbi.nlm.nih.gov/27629047/		PAVS253	[]	[]	['Pyridoxine-dependent epilepsy']	['ALDH7A1']	['c.877dupAA']	GENO:0000137	unknown zygosity	[]	[]	HANCESTRO:0852	Middle Eastern population	GAZ:00005279	Saudi Arabia	[]	[]	['OMIM:266100']	['Epilepsy, pyridoxine-dependent']	['NM_001182.5(ALDH7A1):c.877dupAA']	['501']	GENO:0000137
PAVS254	Galactosemia	GALT:NM_000155.4:c.691C>T	https://pubmed.ncbi.nlm.nih.gov/27629047/		PAVS254	[]	[]	['Galactosemia']	['GALT']	['c.691C>T']	GENO:0000137	unknown zygosity	[]	[]	HANCESTRO:0852	Middle Eastern population	GAZ:00005279	Saudi Arabia	['HP:0012024']	['Hypergalactosemia']	[]	[]	['NM_000155.4(GALT):c.691C>T']	['2592']	GENO:0000137
PAVS255	Galactosemia	GALT:NM_000155.4:c.404C>T	https://pubmed.ncbi.nlm.nih.gov/27629047/		PAVS255	[]	[]	['Galactosemia']	['GALT']	['c.404C>T']	GENO:0000137	unknown zygosity	[]	[]	HANCESTRO:0852	Middle Eastern population	GAZ:00005279	Saudi Arabia	['HP:0012024']	['Hypergalactosemia']	[]	[]	['NM_000155.4(GALT):c.404C>T']	['2592']	GENO:0000137
PAVS256	Galactosemia	GALT:NM_000155.4:c.563A>G	https://pubmed.ncbi.nlm.nih.gov/27629047/		PAVS256	[]	[]	['Galactosemia']	['GALT']	['c.563A>G']	GENO:0000137	unknown zygosity	[]	[]	HANCESTRO:0852	Middle Eastern population	GAZ:00005279	Saudi Arabia	['HP:0012024']	['Hypergalactosemia']	[]	[]	['NM_000155.4(GALT):c.563A>G']	['2592']	GENO:0000137
PAVS257	Transaldolase Deficiency 	TALDO1:NM_006755.2:c.793delC	https://pubmed.ncbi.nlm.nih.gov/27629047/		PAVS257	[]	[]	['Transaldolase Deficiency']	['TALDO1']	['c.793delC']	GENO:0000137	unknown zygosity	[]	[]	HANCESTRO:0852	Middle Eastern population	GAZ:00005279	Saudi Arabia	[]	[]	['ORPHA:101028']	['Transaldolase deficiency']	['NM_006755.2(TALDO1):c.793delC']	['6888']	GENO:0000137
PAVS258	Hereditary fructose intolerance	ALDOB:NM_000035.4:c.360_363delCAAA	https://pubmed.ncbi.nlm.nih.gov/27629047/		PAVS258	[]	[]	['Hereditary fructose intolerance']	['ALDOB']	['c.360_363delCAAA']	GENO:0000137	unknown zygosity	[]	[]	HANCESTRO:0852	Middle Eastern population	GAZ:00005279	Saudi Arabia	[]	[]	['ORPHA:469']	['Hereditary fructose intolerance']	['NM_000035.4(ALDOB):c.360_363delCAAA']	['229']	GENO:0000137
PAVS259	Fructose 1|6 bisphosphatase deficiency	FBP1:NM_000507.4:c.114_119dup	https://pubmed.ncbi.nlm.nih.gov/27629047/		PAVS259	[]	[]	['Fructose 1', '6 bisphosphatase deficiency']	['FBP1']	['c.114_119dup']	GENO:0000137	unknown zygosity	[]	[]	HANCESTRO:0852	Middle Eastern population	GAZ:00005279	Saudi Arabia	[]	[]	[]	[]	['NM_000507.4(FBP1):c.114_119dup']	['2203']	GENO:0000137
PAVS260	Citrullinemia type 1	ASS1:NM_000050.4:c.364-2A>G	https://pubmed.ncbi.nlm.nih.gov/27629047/		PAVS260	[]	[]	['Citrullinemia type 1']	['ASS1']	['c.364-2A>G']	GENO:0000137	unknown zygosity	[]	[]	HANCESTRO:0852	Middle Eastern population	GAZ:00005279	Saudi Arabia	[]	[]	['ORPHA:247525']	['Citrullinemia type I']	['NM_000050.4(ASS1):c.364-2A>G']	['445']	GENO:0000137
PAVS261	Citrullinemia type 1	ASS1:NM_000050.4:c.370G>A	https://pubmed.ncbi.nlm.nih.gov/27629047/		PAVS261	[]	[]	['Citrullinemia type 1']	['ASS1']	['c.370G>A']	GENO:0000137	unknown zygosity	[]	[]	HANCESTRO:0852	Middle Eastern population	GAZ:00005279	Saudi Arabia	[]	[]	['ORPHA:247525']	['Citrullinemia type I']	['NM_000050.4(ASS1):c.370G>A']	['445']	GENO:0000137
PAVS262	VLCAD	ACADVL:NM_000018.4:c.65C>A	https://pubmed.ncbi.nlm.nih.gov/27629047/		PAVS262	[]	[]	['VLCAD']	['ACADVL']	['c.65C>A']	GENO:0000137	unknown zygosity	[]	[]	HANCESTRO:0852	Middle Eastern population	GAZ:00005279	Saudi Arabia	[]	[]	[]	[]	['NM_000018.4(ACADVL):c.65C>A']	['37']	GENO:0000137
PAVS263	VLCAD	ACADVL:NM_000018.4:c.65C>A	https://pubmed.ncbi.nlm.nih.gov/27629047/		PAVS263	[]	[]	['VLCAD']	['ACADVL']	['c.65C>A']	GENO:0000137	unknown zygosity	[]	[]	HANCESTRO:0852	Middle Eastern population	GAZ:00005279	Saudi Arabia	[]	[]	[]	[]	['NM_000018.4(ACADVL):c.65C>A']	['37']	GENO:0000137
PAVS264	MCAD              	ACADM:NM_001286044:c.255G>T	https://pubmed.ncbi.nlm.nih.gov/27629047/		PAVS264	[]	[]	['MCAD']	['ACADM']	['c.255G>T']	GENO:0000137	unknown zygosity	[]	[]	HANCESTRO:0852	Middle Eastern population	GAZ:00005279	Saudi Arabia	[]	[]	[]	[]	['NM_001286044(ACADM):c.255G>T']	['34']	GENO:0000137
PAVS265	MCAD              	ACADM:NM_000016.6:c.938T>G	https://pubmed.ncbi.nlm.nih.gov/27629047/		PAVS265	[]	[]	['MCAD']	['ACADM']	['c.938T>G']	GENO:0000137	unknown zygosity	[]	[]	HANCESTRO:0852	Middle Eastern population	GAZ:00005279	Saudi Arabia	[]	[]	[]	[]	['NM_000016.6(ACADM):c.938T>G']	['34']	GENO:0000137
PAVS266	Carnitine uptake defect    	SLC22A5:NM_003060.4:c.1385G>A	https://pubmed.ncbi.nlm.nih.gov/27629047/		PAVS266	[]	[]	['Carnitine uptake defect']	['SLC22A5']	['c.1385G>A']	GENO:0000137	unknown zygosity	[]	[]	HANCESTRO:0852	Middle Eastern population	GAZ:00005279	Saudi Arabia	[]	[]	['OMIM:212140']	['Carnitine deficiency, systemic primary']	['NM_003060.4(SLC22A5):c.1385G>A']	['6584']	GENO:0000137
PAVS267	Cystinuria       	SLC3A1:NM_000341.4:c.1711T>A	https://pubmed.ncbi.nlm.nih.gov/27629047/		PAVS267	[]	[]	['Cystinuria']	['SLC3A1']	['c.1711T>A']	GENO:0000137	unknown zygosity	[]	[]	HANCESTRO:0852	Middle Eastern population	GAZ:00005279	Saudi Arabia	['HP:0003131']	['Cystinuria']	[]	[]	['NM_000341.4(SLC3A1):c.1711T>A']	['6519']	GENO:0000137
PAVS268	Cystinuria       	SLC3A1:NM_000341.4:c.1400T>A	https://pubmed.ncbi.nlm.nih.gov/27629047/		PAVS268	[]	[]	['Cystinuria']	['SLC3A1']	['c.1400T>A']	GENO:0000137	unknown zygosity	[]	[]	HANCESTRO:0852	Middle Eastern population	GAZ:00005279	Saudi Arabia	['HP:0003131']	['Cystinuria']	[]	[]	['NM_000341.4(SLC3A1):c.1400T>A']	['6519']	GENO:0000137
PAVS269	Cystinuria       	SLC7A9:NM_001126335.2:c.1166C>T	https://pubmed.ncbi.nlm.nih.gov/27629047/		PAVS269	[]	[]	['Cystinuria']	['SLC7A9']	['c.1166C>T']	GENO:0000137	unknown zygosity	[]	[]	HANCESTRO:0852	Middle Eastern population	GAZ:00005279	Saudi Arabia	['HP:0003131']	['Cystinuria']	[]	[]	['NM_001126335.2(SLC7A9):c.1166C>T']	['11136']	GENO:0000137
PAVS270	Wilson disease 	ATP7B:NM_000053.4:c.2230T>C	https://pubmed.ncbi.nlm.nih.gov/27629047/		PAVS270	[]	[]	['Wilson disease']	['ATP7B']	['c.2230T>C']	GENO:0000137	unknown zygosity	[]	[]	HANCESTRO:0852	Middle Eastern population	GAZ:00005279	Saudi Arabia	[]	[]	['ORPHA:905']	['Wilson disease']	['NM_000053.4(ATP7B):c.2230T>C']	['540']	GENO:0000137
PAVS271	Acute Intermittent Poephyria   	HMBS:NM_000190.4:c.760delC	https://pubmed.ncbi.nlm.nih.gov/27629047/		PAVS271	[]	[]	['Acute Intermittent Poephyria']	['HMBS']	['c.760delC']	GENO:0000137	unknown zygosity	[]	[]	HANCESTRO:0852	Middle Eastern population	GAZ:00005279	Saudi Arabia	[]	[]	['ORPHA:79276']	['Acute intermittent porphyria']	['NM_000190.4(HMBS):c.760delC']	['3145']	GENO:0000137
PAVS272	CHILD syndrome     	NSDHL:NM_015922.3:c.314C>T	https://pubmed.ncbi.nlm.nih.gov/27629047/		PAVS272	[]	[]	['CHILD syndrome']	['NSDHL']	['c.314C>T']	GENO:0000137	unknown zygosity	[]	[]	HANCESTRO:0852	Middle Eastern population	GAZ:00005279	Saudi Arabia	[]	[]	['ORPHA:139']	['CHILD syndrome']	['NM_015922.3(NSDHL):c.314C>T']	['50814']	GENO:0000137
PAVS273	Fabry disease	GLA:NM_000169.3:c.782G>T	https://pubmed.ncbi.nlm.nih.gov/27629047/		PAVS273	[]	[]	['Fabry disease']	['GLA']	['c.782G>T']	GENO:0000137	unknown zygosity	[]	[]	HANCESTRO:0852	Middle Eastern population	GAZ:00005279	Saudi Arabia	[]	[]	['ORPHA:324']	['Fabry disease']	['NM_000169.3(GLA):c.782G>T']	['9027']	GENO:0000137
PAVS274	Sandhoff disease	HEXB:NM_000521.4:c.1169+3_1169+10delAAGTTGTT	https://pubmed.ncbi.nlm.nih.gov/27629047/		PAVS274	[]	[]	['Sandhoff disease']	['HEXB']	['c.1169+3_1169+10delAAGTTGTT']	GENO:0000137	unknown zygosity	[]	[]	HANCESTRO:0852	Middle Eastern population	GAZ:00005279	Saudi Arabia	[]	[]	['ORPHA:796']	['Sandhoff disease']	['NM_000521.4(HEXB):c.1169+3_1169+10delAAGTTGTT']	['3074']	GENO:0000137
PAVS275	Niemann-Pick disease type B	SMPD1:NM_000543.5:c.1267C>T	https://pubmed.ncbi.nlm.nih.gov/27629047/		PAVS275	[]	[]	['Niemann-Pick disease type B']	['SMPD1']	['c.1267C>T']	GENO:0000137	unknown zygosity	[]	[]	HANCESTRO:0852	Middle Eastern population	GAZ:00005279	Saudi Arabia	[]	[]	['OMIM:607616']	['Niemann-pick disease, type B']	['NM_000543.5(SMPD1):c.1267C>T']	['6609']	GENO:0000137
PAVS276	Niemann-Pick disease type C	NPC1:NM_000271.5:c.2130+1G>A	https://pubmed.ncbi.nlm.nih.gov/27629047/		PAVS276	[]	[]	['Niemann-Pick disease type C']	['NPC1']	['c.2130+1G>A']	GENO:0000137	unknown zygosity	[]	[]	HANCESTRO:0852	Middle Eastern population	GAZ:00005279	Saudi Arabia	[]	[]	['ORPHA:646']	['Niemann-Pick disease type C']	['NM_000271.5(NPC1):c.2130+1G>A']	['257641']	GENO:0000137
PAVS277	Niemann-Pick disease type C	NPC1:NM_000271.5:c.2443_2444del	https://pubmed.ncbi.nlm.nih.gov/27629047/		PAVS277	[]	[]	['Niemann-Pick disease type C']	['NPC1']	['c.2443_2444del']	GENO:0000137	unknown zygosity	[]	[]	HANCESTRO:0852	Middle Eastern population	GAZ:00005279	Saudi Arabia	[]	[]	['ORPHA:646']	['Niemann-Pick disease type C']	['NM_000271.5(NPC1):c.2443_2444del']	['257641']	GENO:0000137
PAVS278	GM1 gangliosidosis	GLB1:NM_000404.4:c.950G>A	https://pubmed.ncbi.nlm.nih.gov/27629047/		PAVS278	[]	[]	['GM1 gangliosidosis']	['GLB1']	['c.950G>A']	GENO:0000137	unknown zygosity	[]	[]	HANCESTRO:0852	Middle Eastern population	GAZ:00005279	Saudi Arabia	[]	[]	['ORPHA:354']	['GM1 gangliosidosis']	['NM_000404.4(GLB1):c.950G>A']	['2720']	GENO:0000137
PAVS279	GM1 gangliosidosis	GLB1:NM_000404.4:c.171C>G	https://pubmed.ncbi.nlm.nih.gov/27629047/		PAVS279	[]	[]	['GM1 gangliosidosis']	['GLB1']	['c.171C>G']	GENO:0000137	unknown zygosity	[]	[]	HANCESTRO:0852	Middle Eastern population	GAZ:00005279	Saudi Arabia	[]	[]	['ORPHA:354']	['GM1 gangliosidosis']	['NM_000404.4(GLB1):c.171C>G']	['2720']	GENO:0000137
PAVS280	Metachromatic leukodystrophy	ARSA:NM_000487.6:c.1108-2A>G	https://pubmed.ncbi.nlm.nih.gov/27629047/		PAVS280	[]	[]	['Metachromatic leukodystrophy']	['ARSA']	['c.1108-2A>G']	GENO:0000137	unknown zygosity	[]	[]	HANCESTRO:0852	Middle Eastern population	GAZ:00005279	Saudi Arabia	[]	[]	['ORPHA:512']	['Metachromatic leukodystrophy']	['NM_000487.6(ARSA):c.1108-2A>G']	['410']	GENO:0000137
PAVS281	Saposin B deficiency	PSAP:NM_002778.4:c.722G>C	https://pubmed.ncbi.nlm.nih.gov/27629047/		PAVS281	[]	[]	['Saposin B deficiency']	['PSAP']	['c.722G>C']	GENO:0000137	unknown zygosity	[]	[]	HANCESTRO:0852	Middle Eastern population	GAZ:00005279	Saudi Arabia	[]	[]	['OMIM:249900']	['Metachromatic leukodystrophy due to saposin B deficiency']	['NM_002778.4(PSAP):c.722G>C']	['729238']	GENO:0000137
PAVS282	Krabbe disease	GALC:NM_000153.4:c.396G>A	https://pubmed.ncbi.nlm.nih.gov/27629047/		PAVS282	[]	[]	['Krabbe disease']	['GALC']	['c.396G>A']	GENO:0000137	unknown zygosity	[]	[]	HANCESTRO:0852	Middle Eastern population	GAZ:00005279	Saudi Arabia	[]	[]	['ORPHA:487']	['Krabbe disease']	['NM_000153.4(GALC):c.396G>A']	['2581']	GENO:0000137
PAVS283	MPSI	IDUA:NM_000203.5:c.1868T>C	https://pubmed.ncbi.nlm.nih.gov/27629047/		PAVS283	[]	[]	['MPSI']	['IDUA']	['c.1868T>C']	GENO:0000137	unknown zygosity	[]	[]	HANCESTRO:0852	Middle Eastern population	GAZ:00005279	Saudi Arabia	[]	[]	['ORPHA:79319']	['MPI-CDG']	['NM_000203.5(IDUA):c.1868T>C']	['3425']	GENO:0000137
PAVS284	MPSII	IDS:NM_000202.8:c.405A>C	https://pubmed.ncbi.nlm.nih.gov/27629047/		PAVS284	[]	[]	['MPSII']	['IDS']	['c.405A>C']	GENO:0000137	unknown zygosity	[]	[]	HANCESTRO:0852	Middle Eastern population	GAZ:00005279	Saudi Arabia	[]	[]	[]	[]	['NM_000202.8(IDS):c.405A>C']	['3423']	GENO:0000137
PAVS285	MPSIIIA	SGSH:NM_000199.5:c.664-13C>G	https://pubmed.ncbi.nlm.nih.gov/27629047/		PAVS285	[]	[]	['MPSIIIA']	['SGSH']	['c.664-13C>G']	GENO:0000137	unknown zygosity	[]	[]	HANCESTRO:0852	Middle Eastern population	GAZ:00005279	Saudi Arabia	[]	[]	['OMIM:608471']	['Corneal dystrophy, lattice type IIIA']	['NM_000199.5(SGSH):c.664-13C>G']	['6448']	GENO:0000137
PAVS286	MPSIIIA	SGSH:NM_000199.5:c.535G>A	https://pubmed.ncbi.nlm.nih.gov/27629047/		PAVS286	[]	[]	['MPSIIIA']	['SGSH']	['c.535G>A']	GENO:0000137	unknown zygosity	[]	[]	HANCESTRO:0852	Middle Eastern population	GAZ:00005279	Saudi Arabia	[]	[]	[]	[]	['NM_000199.5(SGSH):c.535G>A']	['6448']	GENO:0000137
PAVS287	MPS IVA	GALNS:NM_000512.5:c.120+1G>C	https://pubmed.ncbi.nlm.nih.gov/27629047/		PAVS287	[]	[]	['MPS IVA']	['GALNS']	['c.120+1G>C']	GENO:0000137	unknown zygosity	[]	[]	HANCESTRO:0852	Middle Eastern population	GAZ:00005279	Saudi Arabia	[]	[]	['OMIM:253000']	['Mucopolysaccharidosis IVA']	['NM_000512.5(GALNS):c.120+1G>C']	['2588']	GENO:0000137
PAVS288	MPS IVA	GALNS:NM_000512.5:c.860C>T	https://pubmed.ncbi.nlm.nih.gov/27629047/		PAVS288	[]	[]	['MPS IVA']	['GALNS']	['c.860C>T']	GENO:0000137	unknown zygosity	[]	[]	HANCESTRO:0852	Middle Eastern population	GAZ:00005279	Saudi Arabia	[]	[]	['OMIM:253000']	['Mucopolysaccharidosis IVA']	['NM_000512.5(GALNS):c.860C>T']	['2588']	GENO:0000137
PAVS289	MPS IVA	GALNS:NM_000512.5:c.697G>A	https://pubmed.ncbi.nlm.nih.gov/27629047/		PAVS289	[]	[]	['MPS IVA']	['GALNS']	['c.697G>A']	GENO:0000137	unknown zygosity	[]	[]	HANCESTRO:0852	Middle Eastern population	GAZ:00005279	Saudi Arabia	[]	[]	['OMIM:253000']	['Mucopolysaccharidosis IVA']	['NM_000512.5(GALNS):c.697G>A']	['2588']	GENO:0000137
PAVS290	MPSVI	ARSB:NM_000046.5:c.753C>G	https://pubmed.ncbi.nlm.nih.gov/27629047/		PAVS290	[]	[]	['MPSVI']	['ARSB']	['c.753C>G']	GENO:0000137	unknown zygosity	[]	[]	HANCESTRO:0852	Middle Eastern population	GAZ:00005279	Saudi Arabia	[]	[]	[]	[]	['NM_000046.5(ARSB):c.753C>G']	['91526']	GENO:0000137
PAVS291	MPSVI	ARSB:NM_000046.5:c.430A>G	https://pubmed.ncbi.nlm.nih.gov/27629047/		PAVS291	[]	[]	['MPSVI']	['ARSB']	['c.430A>G']	GENO:0000137	unknown zygosity	[]	[]	HANCESTRO:0852	Middle Eastern population	GAZ:00005279	Saudi Arabia	[]	[]	[]	[]	['NM_000046.5(ARSB):c.430A>G']	['91526']	GENO:0000137
PAVS292	MPSVI	ARSB:NM_000046.5:c.1079T>C	https://pubmed.ncbi.nlm.nih.gov/27629047/		PAVS292	[]	[]	['MPSVI']	['ARSB']	['c.1079T>C']	GENO:0000137	unknown zygosity	[]	[]	HANCESTRO:0852	Middle Eastern population	GAZ:00005279	Saudi Arabia	[]	[]	[]	[]	['NM_000046.5(ARSB):c.1079T>C']	['91526']	GENO:0000137
PAVS293	Mucolipidosis II	GNPTAB:NM_024312.5:c.3503_3504delTC	https://pubmed.ncbi.nlm.nih.gov/27629047/		PAVS293	[]	[]	['Mucolipidosis II']	['GNPTAB']	['c.3503_3504delTC']	GENO:0000137	unknown zygosity	[]	[]	HANCESTRO:0852	Middle Eastern population	GAZ:00005279	Saudi Arabia	[]	[]	['OMIM:252500']	['Mucolipidosis II alpha/beta']	['NM_024312.5(GNPTAB):c.3503_3504delTC']	['79158']	GENO:0000137
PAVS294	α-mannosidosis	MAN2B1:NM_000528.4:c.1340A>T	https://pubmed.ncbi.nlm.nih.gov/27629047/		PAVS294	[]	[]	['α-mannosidosis']	['MAN2B1']	['c.1340A>T']	GENO:0000137	unknown zygosity	[]	[]	HANCESTRO:0852	Middle Eastern population	GAZ:00005279	Saudi Arabia	[]	[]	['ORPHA:61']	['Alpha-mannosidosis']	['NM_000528.4(MAN2B1):c.1340A>T']	['4125']	GENO:0000137
PAVS295	NCL type 6	CLN6:NM_017882.3:c.794_796del	https://pubmed.ncbi.nlm.nih.gov/27629047/		PAVS295	[]	[]	['NCL type 6']	['CLN6']	['c.794_796del']	GENO:0000137	unknown zygosity	[]	[]	HANCESTRO:0852	Middle Eastern population	GAZ:00005279	Saudi Arabia	[]	[]	[]	[]	['NM_017882.3(CLN6):c.794_796del']	['54982']	GENO:0000137
PAVS296	NCL type 6	CLN6:NM_017882.3:c.794_796delCCT	https://pubmed.ncbi.nlm.nih.gov/27629047/		PAVS296	[]	[]	['NCL type 6']	['CLN6']	['c.794_796delCCT']	GENO:0000137	unknown zygosity	[]	[]	HANCESTRO:0852	Middle Eastern population	GAZ:00005279	Saudi Arabia	[]	[]	[]	[]	['NM_017882.3(CLN6):c.794_796delCCT']	['54982']	GENO:0000137
PAVS297	NCL type 6	CLN8:NM_018941.4:c.98_763del9318	https://pubmed.ncbi.nlm.nih.gov/27629047/		PAVS297	[]	[]	['NCL type 6']	['CLN8']	['c.98_763del9318']	GENO:0000137	unknown zygosity	[]	[]	HANCESTRO:0852	Middle Eastern population	GAZ:00005279	Saudi Arabia	[]	[]	[]	[]	['NM_018941.4(CLN8):c.98_763del9318']	['2055']	GENO:0000137
PAVS298	GSDII	GAA:NM_000152.5:c.1431delT	https://pubmed.ncbi.nlm.nih.gov/27629047/		PAVS298	[]	[]	['GSDII']	['GAA']	['c.1431delT']	GENO:0000137	unknown zygosity	[]	[]	HANCESTRO:0852	Middle Eastern population	GAZ:00005279	Saudi Arabia	[]	[]	[]	[]	['NM_000152.5(GAA):c.1431delT']	['2548']	GENO:0000137
PAVS299	GSDII	GAA:NM_000152.5:c.1657C>T	https://pubmed.ncbi.nlm.nih.gov/27629047/		PAVS299	[]	[]	['GSDII']	['GAA']	['c.1657C>T']	GENO:0000137	unknown zygosity	[]	[]	HANCESTRO:0852	Middle Eastern population	GAZ:00005279	Saudi Arabia	[]	[]	[]	[]	['NM_000152.5(GAA):c.1657C>T']	['2548']	GENO:0000137
PAVS300	GSDIII	AGL:NM_000028.2:c.4353G>T	https://pubmed.ncbi.nlm.nih.gov/27629047/		PAVS300	[]	[]	['GSDIII']	['AGL']	['c.4353G>T']	GENO:0000137	unknown zygosity	[]	[]	HANCESTRO:0852	Middle Eastern population	GAZ:00005279	Saudi Arabia	[]	[]	[]	[]	['NM_000028.2(AGL):c.4353G>T']	['178']	GENO:0000137
PAVS301	GSDIV	GBE1:NM_000158.4:c.998A>T	https://pubmed.ncbi.nlm.nih.gov/27629047/		PAVS301	[]	[]	['GSDIV']	['GBE1']	['c.998A>T']	GENO:0000137	unknown zygosity	[]	[]	HANCESTRO:0852	Middle Eastern population	GAZ:00005279	Saudi Arabia	[]	[]	[]	[]	['NM_000158.4(GBE1):c.998A>T']	['2632']	GENO:0000137
PAVS302	GSD IX	PHKG2:NM_000294.3:c.130C>T	https://pubmed.ncbi.nlm.nih.gov/27629047/		PAVS302	[]	[]	['GSD IX']	['PHKG2']	['c.130C>T']	GENO:0000137	unknown zygosity	[]	[]	HANCESTRO:0852	Middle Eastern population	GAZ:00005279	Saudi Arabia	[]	[]	['OMIM:300807']	['Thrombophilia, X-linked, due to factor IX defect']	['NM_000294.3(PHKG2):c.130C>T']	['5261']	GENO:0000137
PAVS303	GSD IX	PHKB:NM_000293.3:c.426_614del	https://pubmed.ncbi.nlm.nih.gov/27629047/		PAVS303	[]	[]	['GSD IX']	['PHKB']	['c.426_614del']	GENO:0000137	unknown zygosity	[]	[]	HANCESTRO:0852	Middle Eastern population	GAZ:00005279	Saudi Arabia	[]	[]	['OMIM:300807']	['Thrombophilia, X-linked, due to factor IX defect']	['NM_000293.3(PHKB):c.426_614del']	['5257']	GENO:0000137
PAVS304	Leigh disease	MTATP6:YP_003024031.1:m.8993T>G	https://pubmed.ncbi.nlm.nih.gov/27629047/		PAVS304	[]	[]	['Leigh disease']	[]	['MTATP6:YP_003024031.1:m.8993T>G']	GENO:0000137	unknown zygosity	[]	[]	HANCESTRO:0852	Middle Eastern population	GAZ:00005279	Saudi Arabia	[]	[]	[]	[]	['MT-ATP6:m.8993T>G']	['4508']	GENO:0000137
PAVS305	Leigh disease	COX15:NM_078470.6:c.649C>T	https://pubmed.ncbi.nlm.nih.gov/27629047/		PAVS305	[]	[]	['Leigh disease']	['COX15']	['c.649C>T']	GENO:0000137	unknown zygosity	[]	[]	HANCESTRO:0852	Middle Eastern population	GAZ:00005279	Saudi Arabia	[]	[]	[]	[]	['NM_078470.6(COX15):c.649C>T']	['1355']	GENO:0000137
PAVS306	Pyruvate dehydrogenase deficiency	PDHA1:NM_001173454:c.1256_1259dup	https://pubmed.ncbi.nlm.nih.gov/27629047/		PAVS306	[]	[]	['Pyruvate dehydrogenase deficiency']	['PDHA1']	['c.1256_1259dup']	GENO:0000137	unknown zygosity	[]	[]	HANCESTRO:0852	Middle Eastern population	GAZ:00005279	Saudi Arabia	[]	[]	['ORPHA:765']	['Pyruvate dehydrogenase deficiency']	['NM_001173454(PDHA1):c.1256_1259dup']	['5160']	GENO:0000137
PAVS307	Pyruvate dehydrogenase deficiency	PDHA1:NM_000284.4:c.1132C>T	https://pubmed.ncbi.nlm.nih.gov/27629047/		PAVS307	[]	[]	['Pyruvate dehydrogenase deficiency']	['PDHA1']	['c.1132C>T']	GENO:0000137	unknown zygosity	[]	[]	HANCESTRO:0852	Middle Eastern population	GAZ:00005279	Saudi Arabia	[]	[]	['ORPHA:765']	['Pyruvate dehydrogenase deficiency']	['NM_000284.4(PDHA1):c.1132C>T']	['5160']	GENO:0000137
PAVS308	Pyruvate Carboxylase Deficiency	PC:NM_001040716.2:c.3116_3126del	https://pubmed.ncbi.nlm.nih.gov/27629047/		PAVS308	[]	[]	['Pyruvate Carboxylase Deficiency']	['PC']	['c.3116_3126del']	GENO:0000137	unknown zygosity	[]	[]	HANCESTRO:0852	Middle Eastern population	GAZ:00005279	Saudi Arabia	[]	[]	['ORPHA:3008']	['Pyruvate carboxylase deficiency']	['NM_001040716.2(PC):c.3116_3126del']	['5624']	GENO:0000137
PAVS309	Mitochondrial DNA depletion syndrome 3	DGUOK:NM_080916.3:c.617G>A	https://pubmed.ncbi.nlm.nih.gov/27629047/		PAVS309	[]	[]	['Mitochondrial DNA depletion syndrome 3']	['DGUOK']	['c.617G>A']	GENO:0000137	unknown zygosity	[]	[]	HANCESTRO:0852	Middle Eastern population	GAZ:00005279	Saudi Arabia	[]	[]	[]	[]	['NM_080916.3(DGUOK):c.617G>A']	['1716']	GENO:0000137
PAVS310	Mitochondrial DNA depletion syndrome 5	SUCLA2:NM_003850.3:c.362_363del	https://pubmed.ncbi.nlm.nih.gov/27629047/		PAVS310	[]	[]	['Mitochondrial DNA depletion syndrome 5']	['SUCLA2']	['c.362_363del']	GENO:0000137	unknown zygosity	[]	[]	HANCESTRO:0852	Middle Eastern population	GAZ:00005279	Saudi Arabia	[]	[]	[]	[]	['NM_003850.3(SUCLA2):c.362_363del']	['8803']	GENO:0000137
PAVS311	Cardioencephalomyopathy| fatal infantile| cytochrome c oxidase deficiency 1	SCO2:NM_005138.3:c.2T>C	https://pubmed.ncbi.nlm.nih.gov/27629047/		PAVS311	[]	[]	['Cardioencephalomyopathy', 'fatal infantile', 'cytochrome c oxidase deficiency 1']	['SCO2']	['c.2T>C']	GENO:0000137	unknown zygosity	[]	[]	HANCESTRO:0852	Middle Eastern population	GAZ:00005279	Saudi Arabia	['HP:0001298', 'HP:0003688']	['Encephalopathy', 'Cytochrome C oxidase-negative muscle fibers']	['OMIM:616500']	['Cardioencephalomyopathy, fatal infantile, due to cytochrome c oxidase deficiency 3']	['NM_005138.3(SCO2):c.2T>C']	['9997']	GENO:0000137
PAVS312	3-Methylglutaconic aciduria with deafness| encephalopathy| and Leigh-like	SERAC1:NM_032861.4:c.438delC	https://pubmed.ncbi.nlm.nih.gov/27629047/		PAVS312	[]	[]	['3-Methylglutaconic aciduria with deafness', 'encephalopathy', 'and Leigh-like']	['SERAC1']	['c.438delC']	GENO:0000137	unknown zygosity	[]	[]	HANCESTRO:0852	Middle Eastern population	GAZ:00005279	Saudi Arabia	['HP:0000365', 'HP:0001298']	['Hearing impairment', 'Encephalopathy']	['OMIM:614739']	['3-Methylglutaconic aciduria with deafness, encephalopathy, and leigh-like syndrome']	['NM_032861.4(SERAC1):c.438delC']	['84947']	GENO:0000137
PAVS313	Primary CoenzymeQ10 deficiency type 5	COQ9:NM_020312.4:c.184C>T	https://pubmed.ncbi.nlm.nih.gov/27629047/		PAVS313	[]	[]	['Primary CoenzymeQ10 deficiency type 5']	['COQ9']	['c.184C>T']	GENO:0000137	unknown zygosity	[]	[]	HANCESTRO:0852	Middle Eastern population	GAZ:00005279	Saudi Arabia	[]	[]	['OMIM:611091']	['Intellectual developmental disorder, autosomal recessive 5']	['NM_020312.4(COQ9):c.184C>T']	['57017']	GENO:0000137
PAVS314	Primary hyperoxaluria type 1	AGXT:NM_000030.3:c.187G>C	https://pubmed.ncbi.nlm.nih.gov/27629047/		PAVS314	[]	[]	['Primary hyperoxaluria type 1']	['AGXT']	['c.187G>C']	GENO:0000137	unknown zygosity	[]	[]	HANCESTRO:0852	Middle Eastern population	GAZ:00005279	Saudi Arabia	[]	[]	['ORPHA:93598']	['Primary hyperoxaluria type 1']	['NM_000030.3(AGXT):c.187G>C']	['189']	GENO:0000137
PAVS315	Zellweger syndrome	PEX5:NM_000319.5:c.1578T>G	https://pubmed.ncbi.nlm.nih.gov/27629047/		PAVS315	[]	[]	['Zellweger syndrome']	['PEX5']	['c.1578T>G']	GENO:0000137	unknown zygosity	[]	[]	HANCESTRO:0852	Middle Eastern population	GAZ:00005279	Saudi Arabia	[]	[]	['ORPHA:912']	['Zellweger syndrome']	['NM_000319.5(PEX5):c.1578T>G']	['5830']	GENO:0000137
PAVS316	Rhizomelic chondrodysplasia punctata type 1(OMIM:215100)	PEX7:NM_000288.4:c.321_322delTA	https://pubmed.ncbi.nlm.nih.gov/27629047/		PAVS316	[]	[]	['Rhizomelic chondrodysplasia punctata type 1(OMIM:215100)']	['PEX7']	['c.321_322delTA']	GENO:0000137	unknown zygosity	['OMIM:215100']	['Rhizomelic chondrodysplasia punctata, type 1']	HANCESTRO:0852	Middle Eastern population	GAZ:00005279	Saudi Arabia	[]	[]	['OMIM:215100']	['Rhizomelic chondrodysplasia punctata, type 1']	['NM_000288.4(PEX7):c.321_322delTA']	['5191']	GENO:0000137
PAVS317	CONGENITAL DISORDER OF GLYCOSYLATION, TYPE Il; CDG1L(OMIM:608776)	ALG9:NM_001077691:c.1075G>A	https://pubmed.ncbi.nlm.nih.gov/27629047/		PAVS317	[]	[]	['CONGENITAL DISORDER OF GLYCOSYLATION, TYPE Il; CDG1L(OMIM:608776)']	['ALG9']	['c.1075G>A']	GENO:0000137	unknown zygosity	['OMIM:608776']	['Congenital disorder of glycosylation, type Il']	HANCESTRO:0852	Middle Eastern population	GAZ:00005279	Saudi Arabia	[]	[]	['OMIM:608776']	['Congenital disorder of glycosylation, type Il']	['NM_001077691(ALG9):c.1075G>A']	['79796']	GENO:0000137
PAVS318	Intellectual deficit|Epilepsy|Global developmental delay	ALKBH8:NM_001301010.1:c.1660C>T	https://pubmed.ncbi.nlm.nih.gov/31079898/		PAVS318	[]	[]	['Intellectual deficit', 'Epilepsy', 'Global developmental delay']	['ALKBH8']	['c.1660C>T']	GENO:0000137	unknown zygosity	[]	[]	HANCESTRO:0852	Middle Eastern population	GAZ:00005279	Saudi Arabia	['HP:0001249', 'HP:0001250', 'HP:0001263']	['Intellectual disability', 'Seizure', 'Global developmental delay']	[]	[]	['NM_001301010.1(ALKBH8):c.1660C>T']	['91801']	GENO:0000137
PAVS319	Intellectual deficit|Epilepsy| Global developmental delay (global developmental delay)|small penis|Undescended testicles|Arachnoid granulation|mild dysmorpism|Attention deficit hyperactive disorder	ALKBH8:NM_001301010.1:c.1660C>T	https://pubmed.ncbi.nlm.nih.gov/31079898/		PAVS319	[]	[]	['Intellectual deficit', 'Epilepsy', 'Global developmental delay (global developmental delay)', 'small penis', 'Undescended testicles', 'Arachnoid granulation', 'mild dysmorpism', 'Attention deficit hyperactive disorder']	['ALKBH8']	['c.1660C>T']	GENO:0000137	unknown zygosity	[]	[]	HANCESTRO:0852	Middle Eastern population	GAZ:00005279	Saudi Arabia	['HP:0000028', 'HP:0000054', 'HP:0001249', 'HP:0001250', 'HP:0001263', 'HP:0007018', 'HP:0034454']	['Cryptorchidism', 'Micropenis', 'Intellectual disability', 'Seizure', 'Global developmental delay', 'Attention deficit hyperactivity disorder', 'Arachnoid granulation']	[]	[]	['NM_001301010.1(ALKBH8):c.1660C>T']	['91801']	GENO:0000137
PAVS320	Intellectual deficit|Epilepsy|Global developmental delay	ALKBH8:NM_001301010.1:c.1794delC	https://pubmed.ncbi.nlm.nih.gov/31079898/		PAVS320	[]	[]	['Intellectual deficit', 'Epilepsy', 'Global developmental delay']	['ALKBH8']	['c.1794delC']	GENO:0000137	unknown zygosity	[]	[]	HANCESTRO:0852	Middle Eastern population	GAZ:00005279	Saudi Arabia	['HP:0001249', 'HP:0001250', 'HP:0001263']	['Intellectual disability', 'Seizure', 'Global developmental delay']	[]	[]	['NM_001301010.1(ALKBH8):c.1794delC']	['91801']	GENO:0000137
PAVS321	Intellectual deficit|Epilepsy|Global developmental delay|Congenital heart disease |Ventricular septal defect|Aortic regurgitation|Thickened aortic valve|Attention deficit hyperactivity disorder|Linguistic impairment|Macrocephaly|Deep-set eyes|Large eyes|Hypotonia 	ALKBH8:NM_001301010.1:c.1794delC	https://pubmed.ncbi.nlm.nih.gov/31079898/		PAVS321	[]	[]	['Intellectual deficit', 'Epilepsy', 'Global developmental delay', 'Congenital heart disease', 'Ventricular septal defect', 'Aortic regurgitation', 'Thickened aortic valve', 'Attention deficit hyperactivity disorder', 'Linguistic impairment', 'Macrocephaly', 'Deep-set eyes', 'Large eyes', 'Hypotonia']	['ALKBH8']	['c.1794delC']	GENO:0000137	unknown zygosity	[]	[]	HANCESTRO:0852	Middle Eastern population	GAZ:00005279	Saudi Arabia	['HP:0000256', 'HP:0000490', 'HP:0001090', 'HP:0001249', 'HP:0001250', 'HP:0001252', 'HP:0001263', 'HP:0001629', 'HP:0001659', 'HP:0007018', 'HP:0031568']	['Macrocephaly', 'Deeply set eye', 'Abnormally large globe', 'Intellectual disability', 'Seizure', 'Hypotonia', 'Global developmental delay', 'Ventricular septal defect', 'Aortic regurgitation', 'Attention deficit hyperactivity disorder', 'Thickened aortic valve cusp']	['OMIM:615542', 'OMIM:617804']	['Testicular anomalies with or without congenital heart disease', 'Neurodevelopmental disorder with severe motor impairment and absent language']	['NM_001301010.1(ALKBH8):c.1794delC']	['91801']	GENO:0000137
PAVS322	Intellectual deficit|Epilepsy|Large ears|Long face	ALKBH8:NM_001301010.1:c.1794delC	https://pubmed.ncbi.nlm.nih.gov/31079898/		PAVS322	[]	[]	['Intellectual deficit', 'Epilepsy', 'Large ears', 'Long face']	['ALKBH8']	['c.1794delC']	GENO:0000137	unknown zygosity	[]	[]	HANCESTRO:0852	Middle Eastern population	GAZ:00005279	Saudi Arabia	['HP:0000276', 'HP:0000400', 'HP:0001249', 'HP:0001250']	['Long face', 'Macrotia', 'Intellectual disability', 'Seizure']	[]	[]	['NM_001301010.1(ALKBH8):c.1794delC']	['91801']	GENO:0000137
PAVS323	Prune belly syndrome|ID|Long face|Large ears|seizures	ALKBH8:NM_001301010.1:c.1794delC	https://pubmed.ncbi.nlm.nih.gov/31079898/		PAVS323	[]	[]	['Prune belly syndrome', 'ID', 'Long face', 'Large ears', 'seizures']	['ALKBH8']	['c.1794delC']	GENO:0000137	unknown zygosity	[]	[]	HANCESTRO:0852	Middle Eastern population	GAZ:00005279	Saudi Arabia	['HP:0000276', 'HP:0000400', 'HP:0001250']	['Long face', 'Macrotia', 'Seizure']	['ORPHA:2970']	['Prune belly syndrome']	['NM_001301010.1(ALKBH8):c.1794delC']	['91801']	GENO:0000137
PAVS324	Prune belly syndrome|Left solitary kidney|Intellectual deficit|Epilepsy	ALKBH8:NM_001301010.1:c.1794delC	https://pubmed.ncbi.nlm.nih.gov/31079898/		PAVS324	[]	[]	['Prune belly syndrome', 'Left solitary kidney', 'Intellectual deficit', 'Epilepsy']	['ALKBH8']	['c.1794delC']	GENO:0000137	unknown zygosity	[]	[]	HANCESTRO:0852	Middle Eastern population	GAZ:00005279	Saudi Arabia	['HP:0000104', 'HP:0001249', 'HP:0001250']	['Renal agenesis', 'Intellectual disability', 'Seizure']	['ORPHA:2970']	['Prune belly syndrome']	['NM_001301010.1(ALKBH8):c.1794delC']	['91801']	GENO:0000137
PAVS325	Spastic diplegia|Cerebral palsy|Developmental delay|Microcephaly|Paroxysmal epileptic discharge|Lower limb hypertonia|Brisk deep tendon reflexes|Subarachnoid epidermal cyst|	NT5C2:NM_012229.5:c.539+1G>T	https://pubmed.ncbi.nlm.nih.gov/32153630/		PAVS325	[]	[]	['Spastic diplegia', 'Cerebral palsy', 'Developmental delay', 'Microcephaly', 'Paroxysmal epileptic discharge', 'Lower limb hypertonia', 'Brisk deep tendon reflexes', 'Subarachnoid epidermal cyst']	['NT5C2']	['c.539+1G>T']	GENO:0000137	unknown zygosity	[]	[]	HANCESTRO:0852	Middle Eastern population	GAZ:00005279	Saudi Arabia	['HP:0000252', 'HP:0001250', 'HP:0001263', 'HP:0001264', 'HP:0001348', 'HP:0006895', 'HP:0100021', 'HP:0200040']	['Microcephaly', 'Seizure', 'Global developmental delay', 'Spastic diplegia', 'Brisk reflexes', 'Lower limb hypertonia', 'Cerebral palsy', 'Epidermoid cyst']	[]	[]	['NM_012229.5(NT5C2):c.539+1G>T']	['22978']	GENO:0000137
PAVS326	Paroxysmal epileptic discharge|Spastic paraplegia|Cerebral palsy|Developmental delay|Microcephaly|Hyperactivity	NT5C2:NM_012229.5:c.539+1G>T	https://pubmed.ncbi.nlm.nih.gov/32153630/		PAVS326	[]	[]	['Paroxysmal epileptic discharge', 'Spastic paraplegia', 'Cerebral palsy', 'Developmental delay', 'Microcephaly', 'Hyperactivity']	['NT5C2']	['c.539+1G>T']	GENO:0000137	unknown zygosity	[]	[]	HANCESTRO:0852	Middle Eastern population	GAZ:00005279	Saudi Arabia	['HP:0000252', 'HP:0000752', 'HP:0001250', 'HP:0001258', 'HP:0001263', 'HP:0100021']	['Microcephaly', 'Hyperactivity', 'Seizure', 'Spastic paraplegia', 'Global developmental delay', 'Cerebral palsy']	[]	[]	['NM_012229.5(NT5C2):c.539+1G>T']	['22978']	GENO:0000137
PAVS327	Hypophosphatasia(OMIM:241500)|Craniosynostosis(HP:0001363)	ALPL:NM_000478.6:c.293C>T	https://pubmed.ncbi.nlm.nih.gov/33937142/		PAVS327	['HP:0001363']	['Craniosynostosis']	['Hypophosphatasia(OMIM:241500)']	['ALPL']	['c.293C>T']	GENO:0000137	unknown zygosity	['OMIM:241500']	['Hypophosphatasia, infantile']	HANCESTRO:0852	Middle Eastern population	GAZ:00005279	Saudi Arabia	['HP:0001363']	['Craniosynostosis']	['OMIM:241500']	['Hypophosphatasia, infantile']	['NM_000478.6(ALPL):c.293C>T']	['249']	GENO:0000137
PAVS328	SAETHRE-CHOTZEN SYNDROME(OMIM:101400)|Craniosynostosis(HP:0001363)	TWIST1:NM_000474.4:c.404T>G	https://pubmed.ncbi.nlm.nih.gov/33937142/		PAVS328	['HP:0001363']	['Craniosynostosis']	['SAETHRE-CHOTZEN SYNDROME(OMIM:101400)']	['TWIST1']	['c.404T>G']	GENO:0000137	unknown zygosity	['OMIM:101400']	['Saethre-Chotzen syndrome']	HANCESTRO:0852	Middle Eastern population	GAZ:00005279	Saudi Arabia	['HP:0001363']	['Craniosynostosis']	['OMIM:101400']	['Saethre-Chotzen syndrome']	['NM_000474.4(TWIST1):c.404T>G']	['7291']	GENO:0000137
PAVS329	Hypophosphatasia(OMIM:241500)|Craniosynostosis(HP:0001363)	ALPL:NM_000478.6:c.977G>T	https://pubmed.ncbi.nlm.nih.gov/33937142/		PAVS329	['HP:0001363']	['Craniosynostosis']	['Hypophosphatasia(OMIM:241500)']	['ALPL']	['c.977G>T']	GENO:0000137	unknown zygosity	['OMIM:241500']	['Hypophosphatasia, infantile']	HANCESTRO:0852	Middle Eastern population	GAZ:00005279	Saudi Arabia	['HP:0001363']	['Craniosynostosis']	['OMIM:241500']	['Hypophosphatasia, infantile']	['NM_000478.6(ALPL):c.977G>T']	['249']	GENO:0000137
PAVS330	APERT SYNDROME (OMIM:101200)|Craniosynostosis(HP:0001363)	FGFR2:NM_000141.5:c.758C>G	https://pubmed.ncbi.nlm.nih.gov/33937142/		PAVS330	['HP:0001363']	['Craniosynostosis']	['APERT SYNDROME (OMIM:101200)']	['FGFR2']	['c.758C>G']	GENO:0000137	unknown zygosity	['OMIM:101200']	['Apert syndrome']	HANCESTRO:0852	Middle Eastern population	GAZ:00005279	Saudi Arabia	['HP:0001363']	['Craniosynostosis']	['OMIM:101200']	['Apert syndrome']	['NM_000141.5(FGFR2):c.758C>G']	['2263']	GENO:0000137
PAVS331	APERT SYNDROME(OMIM:101200)|Papilledema|Craniosynostosis(HP:0001363)	FGFR2:NM_000141.5:c.758C>G	https://pubmed.ncbi.nlm.nih.gov/33937142/		PAVS331	['HP:0001363']	['Craniosynostosis']	['APERT SYNDROME(OMIM:101200)', 'Papilledema']	['FGFR2']	['c.758C>G']	GENO:0000137	unknown zygosity	['OMIM:101200']	['Apert syndrome']	HANCESTRO:0852	Middle Eastern population	GAZ:00005279	Saudi Arabia	['HP:0001085', 'HP:0001363']	['Papilledema', 'Craniosynostosis']	['OMIM:101200']	['Apert syndrome']	['NM_000141.5(FGFR2):c.758C>G']	['2263']	GENO:0000137
PAVS332	Craniosynostosis(HP:0001363)	FREM1:NM_144966.7:c.4023C>G|FREM1:NM_144966.7:c.4564G>A|FREM1:NM_144966.7:c.4789G>T	https://pubmed.ncbi.nlm.nih.gov/33937142/		PAVS332	['HP:0001363']	['Craniosynostosis']	[]	['FREM1']	['c.4023C>G|FREM1']	GENO:0000137	unknown zygosity	[]	[]	HANCESTRO:0852	Middle Eastern population	GAZ:00005279	Saudi Arabia	['HP:0001363']	['Craniosynostosis']	[]	[]	['NM_144966.7(FREM1):c.4023C>G|FREM1']	['158326']	GENO:0000137
PAVS333	APERT SYNDROME(OMIM:101200)|Craniosynostosis(HP:0001363)	FGFR2:NM_000141.5:c.755C>G	https://pubmed.ncbi.nlm.nih.gov/33937142/		PAVS333	['HP:0001363']	['Craniosynostosis']	['APERT SYNDROME(OMIM:101200)']	['FGFR2']	['c.755C>G']	GENO:0000137	unknown zygosity	['OMIM:101200']	['Apert syndrome']	HANCESTRO:0852	Middle Eastern population	GAZ:00005279	Saudi Arabia	['HP:0001363']	['Craniosynostosis']	['OMIM:101200']	['Apert syndrome']	['NM_000141.5(FGFR2):c.755C>G']	['2263']	GENO:0000137
PAVS334	SAETHRE-CHOTZEN SYNDROME(OMIM:101400)|Papilledema|Craniosynostosis(HP:0001363)	TWIST1:NM_000474.4:c.397_417dup	https://pubmed.ncbi.nlm.nih.gov/33937142/		PAVS334	['HP:0001363']	['Craniosynostosis']	['SAETHRE-CHOTZEN SYNDROME(OMIM:101400)', 'Papilledema']	['TWIST1']	['c.397_417dup']	GENO:0000137	unknown zygosity	['OMIM:101400']	['Saethre-Chotzen syndrome']	HANCESTRO:0852	Middle Eastern population	GAZ:00005279	Saudi Arabia	['HP:0001085', 'HP:0001363']	['Papilledema', 'Craniosynostosis']	['OMIM:101400']	['Saethre-Chotzen syndrome']	['NM_000474.4(TWIST1):c.397_417dup']	['7291']	GENO:0000137
PAVS335	SAETHRE-CHOTZEN SYNDROME(OMIM:101400)|Craniosynostosis(HP:0001363)	TWIST1:NM_000474.4:c.419C>T	https://pubmed.ncbi.nlm.nih.gov/33937142/		PAVS335	['HP:0001363']	['Craniosynostosis']	['SAETHRE-CHOTZEN SYNDROME(OMIM:101400)']	['TWIST1']	['c.419C>T']	GENO:0000137	unknown zygosity	['OMIM:101400']	['Saethre-Chotzen syndrome']	HANCESTRO:0852	Middle Eastern population	GAZ:00005279	Saudi Arabia	['HP:0001363']	['Craniosynostosis']	['OMIM:101400']	['Saethre-Chotzen syndrome']	['NM_000474.4(TWIST1):c.419C>T']	['7291']	GENO:0000137
PAVS336	Pfeiffer syndrome -Type 1|Craniosynostosis(HP:0001363)	FGFR2:NM_000141.5:c.334T>C	https://pubmed.ncbi.nlm.nih.gov/33937142/		PAVS336	['HP:0001363']	['Craniosynostosis']	['Pfeiffer syndrome -Type 1']	['FGFR2']	['c.334T>C']	GENO:0000137	unknown zygosity	[]	[]	HANCESTRO:0852	Middle Eastern population	GAZ:00005279	Saudi Arabia	['HP:0001363']	['Craniosynostosis']	['ORPHA:93258']	['Pfeiffer syndrome type 1']	['NM_000141.5(FGFR2):c.334T>C']	['2263']	GENO:0000137
PAVS337	CROUZON SYNDROME(OMIM:123500)|Papilledema|Craniosynostosis(HP:0001363)	FGFR2:NM_000141.5:c.1070T>C	https://pubmed.ncbi.nlm.nih.gov/33937142/		PAVS337	['HP:0001363']	['Craniosynostosis']	['CROUZON SYNDROME(OMIM:123500)', 'Papilledema']	['FGFR2']	['c.1070T>C']	GENO:0000137	unknown zygosity	['OMIM:123500']	['Crouzon syndrome']	HANCESTRO:0852	Middle Eastern population	GAZ:00005279	Saudi Arabia	['HP:0001085', 'HP:0001363']	['Papilledema', 'Craniosynostosis']	['OMIM:123500']	['Crouzon syndrome']	['NM_000141.5(FGFR2):c.1070T>C']	['2263']	GENO:0000137
PAVS338	Papilledema|Craniosynostosis(HP:0001363)	FREM1:NM_144966.7:c.916_936dup	https://pubmed.ncbi.nlm.nih.gov/33937142/		PAVS338	['HP:0001363']	['Craniosynostosis']	['Papilledema']	['FREM1']	['c.916_936dup']	GENO:0000137	unknown zygosity	[]	[]	HANCESTRO:0852	Middle Eastern population	GAZ:00005279	Saudi Arabia	['HP:0001085', 'HP:0001363']	['Papilledema', 'Craniosynostosis']	[]	[]	['NM_144966.7(FREM1):c.916_936dup']	['158326']	GENO:0000137
PAVS339	Craniosynostosis(HP:0001363)	TCF12:NM_207037.2:c.1115-1G>A	https://pubmed.ncbi.nlm.nih.gov/33937142/		PAVS339	['HP:0001363']	['Craniosynostosis']	[]	['TCF12']	['c.1115-1G>A']	GENO:0000137	unknown zygosity	[]	[]	HANCESTRO:0852	Middle Eastern population	GAZ:00005279	Saudi Arabia	['HP:0001363']	['Craniosynostosis']	[]	[]	['NM_207037.2(TCF12):c.1115-1G>A']	['6938']	GENO:0000137
PAVS340	CROUZON SYNDROME(OMIM:123500)|Craniosynostosis(HP:0001363)	FGFR2:NM_000141.5:c.1648A>C	https://pubmed.ncbi.nlm.nih.gov/33937142/		PAVS340	['HP:0001363']	['Craniosynostosis']	['CROUZON SYNDROME(OMIM:123500)']	['FGFR2']	['c.1648A>C']	GENO:0000137	unknown zygosity	['OMIM:123500']	['Crouzon syndrome']	HANCESTRO:0852	Middle Eastern population	GAZ:00005279	Saudi Arabia	['HP:0001363']	['Craniosynostosis']	['OMIM:123500']	['Crouzon syndrome']	['NM_000141.5(FGFR2):c.1648A>C']	['2263']	GENO:0000137
PAVS341	Craniosynostosis(HP:0001363) type 3(OMIM:615314)	TCF12:NM_207037.2:c.641C>G	https://pubmed.ncbi.nlm.nih.gov/33937142/		PAVS341	['HP:0001363']	['Craniosynostosis']	[]	['TCF12']	['c.641C>G']	GENO:0000137	unknown zygosity	['OMIM:615314']	['Craniosynostosis 3']	HANCESTRO:0852	Middle Eastern population	GAZ:00005279	Saudi Arabia	['HP:0001363']	['Craniosynostosis']	[]	[]	['NM_207037.2(TCF12):c.641C>G']	['6938']	GENO:0000137
PAVS342	Dilated cardiomyopathy|	FLNC:NM_001127487.2:c.2122_2127del	https://pubmed.ncbi.nlm.nih.gov/33937142/		PAVS342	[]	[]	['Dilated cardiomyopathy']	['FLNC']	['c.2122_2127del']	GENO:0000137	unknown zygosity	[]	[]	HANCESTRO:0852	Middle Eastern population	GAZ:00005279	Saudi Arabia	['HP:0001644']	['Dilated cardiomyopathy']	[]	[]	['NM_001127487.2(FLNC):c.2122_2127del']	['2318']	GENO:0000137
PAVS343	Restricted cardiomyopathy	FLNC:NM_001127487.2:c.6589C>T	https://pubmed.ncbi.nlm.nih.gov/32870709/		PAVS343	[]	[]	['Restricted cardiomyopathy']	['FLNC']	['c.6589C>T']	GENO:0000137	unknown zygosity	[]	[]	HANCESTRO:0852	Middle Eastern population	GAZ:00005279	Saudi Arabia	['HP:0001723']	['Restrictive cardiomyopathy']	[]	[]	['NM_001127487.2(FLNC):c.6589C>T']	['2318']	GENO:0000137
PAVS344	Dilated cardiomyopathy|	MYLK3:NM_182493.3:c.1320delT	https://pubmed.ncbi.nlm.nih.gov/32870709/		PAVS344	[]	[]	['Dilated cardiomyopathy']	['MYLK3']	['c.1320delT']	GENO:0000137	unknown zygosity	[]	[]	HANCESTRO:0852	Middle Eastern population	GAZ:00005279	Saudi Arabia	['HP:0001644']	['Dilated cardiomyopathy']	[]	[]	['NM_182493.3(MYLK3):c.1320delT']	['91807']	GENO:0000137
PAVS345	Dilated cardiomyopathy|Atrial septal defect II	MYLK3:NM_182493.3:c.1320delT	https://pubmed.ncbi.nlm.nih.gov/32870709/		PAVS345	[]	[]	['Dilated cardiomyopathy', 'Atrial septal defect II']	['MYLK3']	['c.1320delT']	GENO:0000137	unknown zygosity	[]	[]	HANCESTRO:0852	Middle Eastern population	GAZ:00005279	Saudi Arabia	['HP:0001644', 'HP:0001684']	['Dilated cardiomyopathy', 'Secundum atrial septal defect']	[]	[]	['NM_182493.3(MYLK3):c.1320delT']	['91807']	GENO:0000137
PAVS346	Dilated cardiomyopathy|Left ventricular noncompaction(HP:0030682)	MYLK3:NM_182493.3:c.1499G>A	https://pubmed.ncbi.nlm.nih.gov/32870709/		PAVS346	['HP:0030682']	['Left ventricular noncompaction']	['Dilated cardiomyopathy']	['MYLK3']	['c.1499G>A']	GENO:0000137	unknown zygosity	[]	[]	HANCESTRO:0852	Middle Eastern population	GAZ:00005279	Saudi Arabia	['HP:0001644', 'HP:0030682']	['Dilated cardiomyopathy', 'Left ventricular noncompaction']	[]	[]	['NM_182493.3(MYLK3):c.1499G>A']	['91807']	GENO:0000137
PAVS347	Dilated cardiomyopathy|	NEXN:NM_144573.4:c.461_462insA	https://pubmed.ncbi.nlm.nih.gov/32870709/		PAVS347	[]	[]	['Dilated cardiomyopathy']	['NEXN']	['c.461_462insA']	GENO:0000137	unknown zygosity	[]	[]	HANCESTRO:0852	Middle Eastern population	GAZ:00005279	Saudi Arabia	['HP:0001644']	['Dilated cardiomyopathy']	[]	[]	['NM_144573.4(NEXN):c.461_462insA']	['91624']	GENO:0000137
PAVS348	Dilated cardiomyopathy|	NEXN:NM_144573.4:c.1171C>T	https://pubmed.ncbi.nlm.nih.gov/32870709/		PAVS348	[]	[]	['Dilated cardiomyopathy']	['NEXN']	['c.1171C>T']	GENO:0000137	unknown zygosity	[]	[]	HANCESTRO:0852	Middle Eastern population	GAZ:00005279	Saudi Arabia	['HP:0001644']	['Dilated cardiomyopathy']	[]	[]	['NM_144573.4(NEXN):c.1171C>T']	['91624']	GENO:0000137
PAVS349	Dilated cardiomyopathy|	NEXN:NM_144573.4:c.157G>A	https://pubmed.ncbi.nlm.nih.gov/32870709/		PAVS349	[]	[]	['Dilated cardiomyopathy']	['NEXN']	['c.157G>A']	GENO:0000137	unknown zygosity	[]	[]	HANCESTRO:0852	Middle Eastern population	GAZ:00005279	Saudi Arabia	['HP:0001644']	['Dilated cardiomyopathy']	[]	[]	['NM_144573.4(NEXN):c.157G>A']	['91624']	GENO:0000137
PAVS350	Dilated cardiomyopathy|Atrial septal defect II	VCL:NM_003373.4:c.160C>G	https://pubmed.ncbi.nlm.nih.gov/32870709/		PAVS350	[]	[]	['Dilated cardiomyopathy', 'Atrial septal defect II']	['VCL']	['c.160C>G']	GENO:0000137	unknown zygosity	[]	[]	HANCESTRO:0852	Middle Eastern population	GAZ:00005279	Saudi Arabia	['HP:0001644', 'HP:0001684']	['Dilated cardiomyopathy', 'Secundum atrial septal defect']	[]	[]	['NM_003373.4(VCL):c.160C>G']	['7414']	GENO:0000137
PAVS351	Dilated cardiomyopathy	AASDH:NM_181806.4:c.3176_3177insTGTT	https://pubmed.ncbi.nlm.nih.gov/32870709/		PAVS351	[]	[]	['Dilated cardiomyopathy']	['AASDH']	['c.3176_3177insTGTT']	GENO:0000137	unknown zygosity	[]	[]	HANCESTRO:0852	Middle Eastern population	GAZ:00005279	Saudi Arabia	['HP:0001644']	['Dilated cardiomyopathy']	[]	[]	['NM_181806.4(AASDH):c.3176_3177insTGTT']	['132949']	GENO:0000137
PAVS352	Left ventricular noncompaction(HP:0030682)	ACACB:NM_001093.4:c.6305G>A	https://pubmed.ncbi.nlm.nih.gov/32870709/		PAVS352	['HP:0030682']	['Left ventricular noncompaction']	[]	['ACACB']	['c.6305G>A']	GENO:0000137	unknown zygosity	[]	[]	HANCESTRO:0852	Middle Eastern population	GAZ:00005279	Saudi Arabia	['HP:0030682']	['Left ventricular noncompaction']	[]	[]	['NM_001093.4(ACACB):c.6305G>A']	['32']	GENO:0000137
PAVS353	Dilated cardiomyopathy|Left ventricular noncompaction(HP:0030682)	CASZ1:NM_001079843.3:c.710C>G	https://pubmed.ncbi.nlm.nih.gov/32870709/		PAVS353	['HP:0030682']	['Left ventricular noncompaction']	['Dilated cardiomyopathy']	['CASZ1']	['c.710C>G']	GENO:0000137	unknown zygosity	[]	[]	HANCESTRO:0852	Middle Eastern population	GAZ:00005279	Saudi Arabia	['HP:0001644', 'HP:0030682']	['Dilated cardiomyopathy', 'Left ventricular noncompaction']	[]	[]	['NM_001079843.3(CASZ1):c.710C>G']	['54897']	GENO:0000137
PAVS354	Dilated cardiomyopathy|Atrial septal defect II	FLII:NM_002018.4:c.2020C>G	https://pubmed.ncbi.nlm.nih.gov/32870709/		PAVS354	[]	[]	['Dilated cardiomyopathy', 'Atrial septal defect II']	['FLII']	['c.2020C>G']	GENO:0000137	unknown zygosity	[]	[]	HANCESTRO:0852	Middle Eastern population	GAZ:00005279	Saudi Arabia	['HP:0001644', 'HP:0001684']	['Dilated cardiomyopathy', 'Secundum atrial septal defect']	[]	[]	['NM_002018.4(FLII):c.2020C>G']	['2314']	GENO:0000137
PAVS355	Dilated cardiomyopathy	FLII:NM_002018.4:c.3718C>T	https://pubmed.ncbi.nlm.nih.gov/32870709/		PAVS355	[]	[]	['Dilated cardiomyopathy']	['FLII']	['c.3718C>T']	GENO:0000137	unknown zygosity	[]	[]	HANCESTRO:0852	Middle Eastern population	GAZ:00005279	Saudi Arabia	['HP:0001644']	['Dilated cardiomyopathy']	[]	[]	['NM_002018.4(FLII):c.3718C>T']	['2314']	GENO:0000137
PAVS356	Dilated cardiomyopathy	RHBDF1:NM_022450.5:c.1993G>T	https://pubmed.ncbi.nlm.nih.gov/32870709/		PAVS356	[]	[]	['Dilated cardiomyopathy']	['RHBDF1']	['c.1993G>T']	GENO:0000137	unknown zygosity	[]	[]	HANCESTRO:0852	Middle Eastern population	GAZ:00005279	Saudi Arabia	['HP:0001644']	['Dilated cardiomyopathy']	[]	[]	['NM_022450.5(RHBDF1):c.1993G>T']	['64285']	GENO:0000137
PAVS357	Dilated cardiomyopathy	RRHBDF1:NM_022450.5:c.1212delC	https://pubmed.ncbi.nlm.nih.gov/32870709/		PAVS357	[]	[]	['Dilated cardiomyopathy']	['RRHBDF1']	['c.1212delC']	GENO:0000137	unknown zygosity	[]	[]	HANCESTRO:0852	Middle Eastern population	GAZ:00005279	Saudi Arabia	['HP:0001644']	['Dilated cardiomyopathy']	[]	[]	['NM_022450.5(RRHBDF1):c.1212delC']	['Unknown']	GENO:0000137
PAVS358	Dilated cardiomyopathy	RHBDF1:NM_022450.5:c.1212delC	https://pubmed.ncbi.nlm.nih.gov/32870709/		PAVS358	[]	[]	['Dilated cardiomyopathy']	['RHBDF1']	['c.1212delC']	GENO:0000137	unknown zygosity	[]	[]	HANCESTRO:0852	Middle Eastern population	GAZ:00005279	Saudi Arabia	['HP:0001644']	['Dilated cardiomyopathy']	[]	[]	['NM_022450.5(RHBDF1):c.1212delC']	['64285']	GENO:0000137
PAVS359	Dilated cardiomyopathy	RPL3L:NM_005061.3:c.347G>A	https://pubmed.ncbi.nlm.nih.gov/32870709/		PAVS359	[]	[]	['Dilated cardiomyopathy']	['RPL3L']	['c.347G>A']	GENO:0000137	unknown zygosity	[]	[]	HANCESTRO:0852	Middle Eastern population	GAZ:00005279	Saudi Arabia	['HP:0001644']	['Dilated cardiomyopathy']	[]	[]	['NM_005061.3(RPL3L):c.347G>A']	['6123']	GENO:0000137
PAVS360	Dilated cardiomyopathy	ULK1:NM_003565.4:c.2071C>T	https://pubmed.ncbi.nlm.nih.gov/32870709/		PAVS360	[]	[]	['Dilated cardiomyopathy']	['ULK1']	['c.2071C>T']	GENO:0000137	unknown zygosity	[]	[]	HANCESTRO:0852	Middle Eastern population	GAZ:00005279	Saudi Arabia	['HP:0001644']	['Dilated cardiomyopathy']	[]	[]	['NM_003565.4(ULK1):c.2071C>T']	['8408']	GENO:0000137
PAVS361	Dilated cardiomyopathy	ALMS1:NM_015120:c.12148_12160delCGCTCTGGGGAGC	https://pubmed.ncbi.nlm.nih.gov/32870709/		PAVS361	[]	[]	['Dilated cardiomyopathy']	['ALMS1']	['c.12148_12160delCGCTCTGGGGAGC']	GENO:0000137	unknown zygosity	[]	[]	HANCESTRO:0852	Middle Eastern population	GAZ:00005279	Saudi Arabia	['HP:0001644']	['Dilated cardiomyopathy']	[]	[]	['NM_015120(ALMS1):c.12148_12160delCGCTCTGGGGAGC']	['7840']	GENO:0000137
PAVS362	Dilated cardiomyopathy	DSP:NM_004415.4:c.1459A>G	https://pubmed.ncbi.nlm.nih.gov/32870709/		PAVS362	[]	[]	['Dilated cardiomyopathy']	['DSP']	['c.1459A>G']	GENO:0000137	unknown zygosity	[]	[]	HANCESTRO:0852	Middle Eastern population	GAZ:00005279	Saudi Arabia	['HP:0001644']	['Dilated cardiomyopathy']	[]	[]	['NM_004415.4(DSP):c.1459A>G']	['1834']	GENO:0000137
PAVS363	Dilated cardiomyopathy|Woolly hair	DSP:NM_004415.4:c.5242delA	https://pubmed.ncbi.nlm.nih.gov/32870709/		PAVS363	[]	[]	['Dilated cardiomyopathy', 'Woolly hair']	['DSP']	['c.5242delA']	GENO:0000137	unknown zygosity	[]	[]	HANCESTRO:0852	Middle Eastern population	GAZ:00005279	Saudi Arabia	['HP:0001644', 'HP:0002224']	['Dilated cardiomyopathy', 'Woolly hair']	[]	[]	['NM_004415.4(DSP):c.5242delA']	['1834']	GENO:0000137
PAVS364	Dilated cardiomyopathy	JPH2:NM_020433.5:c.35G>C	https://pubmed.ncbi.nlm.nih.gov/32870709/		PAVS364	[]	[]	['Dilated cardiomyopathy']	['JPH2']	['c.35G>C']	GENO:0000137	unknown zygosity	[]	[]	HANCESTRO:0852	Middle Eastern population	GAZ:00005279	Saudi Arabia	['HP:0001644']	['Dilated cardiomyopathy']	[]	[]	['NM_020433.5(JPH2):c.35G>C']	['57158']	GENO:0000137
PAVS365	Dilated cardiomyopathy	JPH2:NM_020433.5:c.2029_2030insCTCA	https://pubmed.ncbi.nlm.nih.gov/32870709/		PAVS365	[]	[]	['Dilated cardiomyopathy']	['JPH2']	['c.2029_2030insCTCA']	GENO:0000137	unknown zygosity	[]	[]	HANCESTRO:0852	Middle Eastern population	GAZ:00005279	Saudi Arabia	['HP:0001644']	['Dilated cardiomyopathy']	[]	[]	['NM_020433.5(JPH2):c.2029_2030insCTCA']	['57158']	GENO:0000137
PAVS366	Hypertrophic cardiomyopathy	KLHL24:NM_017644.3:c.1161G>A	https://pubmed.ncbi.nlm.nih.gov/32870709/		PAVS366	[]	[]	['Hypertrophic cardiomyopathy']	['KLHL24']	['c.1161G>A']	GENO:0000137	unknown zygosity	[]	[]	HANCESTRO:0852	Middle Eastern population	GAZ:00005279	Saudi Arabia	['HP:0001639']	['Hypertrophic cardiomyopathy']	[]	[]	['NM_017644.3(KLHL24):c.1161G>A']	['54800']	GENO:0000137
PAVS367	Dilated cardiomyopathy	LDB3:NM_001171610:c.1636C>T	https://pubmed.ncbi.nlm.nih.gov/32870709/		PAVS367	[]	[]	['Dilated cardiomyopathy']	['LDB3']	['c.1636C>T']	GENO:0000137	unknown zygosity	[]	[]	HANCESTRO:0852	Middle Eastern population	GAZ:00005279	Saudi Arabia	['HP:0001644']	['Dilated cardiomyopathy']	[]	[]	['NM_001171610(LDB3):c.1636C>T']	['11155']	GENO:0000137
PAVS368	Hypertrophic cardiomyopathy	MYBPC3:NM_000256.3:c.1906_1906insA	https://pubmed.ncbi.nlm.nih.gov/32870709/		PAVS368	[]	[]	['Hypertrophic cardiomyopathy']	['MYBPC3']	['c.1906_1906insA']	GENO:0000137	unknown zygosity	[]	[]	HANCESTRO:0852	Middle Eastern population	GAZ:00005279	Saudi Arabia	['HP:0001639']	['Hypertrophic cardiomyopathy']	[]	[]	['NM_000256.3(MYBPC3):c.1906_1906insA']	['4607']	GENO:0000137
PAVS369	Dilated cardiomyopathy	NRAP:NM_198060.4:c.400_407delTGCCCAGG	https://pubmed.ncbi.nlm.nih.gov/32870709/		PAVS369	[]	[]	['Dilated cardiomyopathy']	['NRAP']	['c.400_407delTGCCCAGG']	GENO:0000137	unknown zygosity	[]	[]	HANCESTRO:0852	Middle Eastern population	GAZ:00005279	Saudi Arabia	['HP:0001644']	['Dilated cardiomyopathy']	[]	[]	['NM_198060.4(NRAP):c.400_407delTGCCCAGG']	['65083']	GENO:0000137
PAVS370	Dilated cardiomyopathy	NRAP:NM_198060.4:c.400_407delTGCCCAGG	https://pubmed.ncbi.nlm.nih.gov/32870709/		PAVS370	[]	[]	['Dilated cardiomyopathy']	['NRAP']	['c.400_407delTGCCCAGG']	GENO:0000137	unknown zygosity	[]	[]	HANCESTRO:0852	Middle Eastern population	GAZ:00005279	Saudi Arabia	['HP:0001644']	['Dilated cardiomyopathy']	[]	[]	['NM_198060.4(NRAP):c.400_407delTGCCCAGG']	['65083']	GENO:0000137
PAVS371	Dilated cardiomyopathy	NRAP:NM_198060.4:c.760delA	https://pubmed.ncbi.nlm.nih.gov/32870709/		PAVS371	[]	[]	['Dilated cardiomyopathy']	['NRAP']	['c.760delA']	GENO:0000137	unknown zygosity	[]	[]	HANCESTRO:0852	Middle Eastern population	GAZ:00005279	Saudi Arabia	['HP:0001644']	['Dilated cardiomyopathy']	[]	[]	['NM_198060.4(NRAP):c.760delA']	['65083']	GENO:0000137
PAVS372	Dilated cardiomyopathy	NRAP:NM_198060.4:c.760delA	https://pubmed.ncbi.nlm.nih.gov/32870709/		PAVS372	[]	[]	['Dilated cardiomyopathy']	['NRAP']	['c.760delA']	GENO:0000137	unknown zygosity	[]	[]	HANCESTRO:0852	Middle Eastern population	GAZ:00005279	Saudi Arabia	['HP:0001644']	['Dilated cardiomyopathy']	[]	[]	['NM_198060.4(NRAP):c.760delA']	['65083']	GENO:0000137
PAVS373	Dilated cardiomyopathy	NRAP:NM_198060.4:c.1019_1019delA	https://pubmed.ncbi.nlm.nih.gov/32870709/		PAVS373	[]	[]	['Dilated cardiomyopathy']	['NRAP']	['c.1019_1019delA']	GENO:0000137	unknown zygosity	[]	[]	HANCESTRO:0852	Middle Eastern population	GAZ:00005279	Saudi Arabia	['HP:0001644']	['Dilated cardiomyopathy']	[]	[]	['NM_198060.4(NRAP):c.1019_1019delA']	['65083']	GENO:0000137
PAVS374	Dilated cardiomyopathy	NRAP:NM_198060.4:c.1579delC	https://pubmed.ncbi.nlm.nih.gov/32870709/		PAVS374	[]	[]	['Dilated cardiomyopathy']	['NRAP']	['c.1579delC']	GENO:0000137	unknown zygosity	[]	[]	HANCESTRO:0852	Middle Eastern population	GAZ:00005279	Saudi Arabia	['HP:0001644']	['Dilated cardiomyopathy']	[]	[]	['NM_198060.4(NRAP):c.1579delC']	['65083']	GENO:0000137
PAVS375	Dilated cardiomyopathy	NRAP:NM_198060.4:c.3568G>T	https://pubmed.ncbi.nlm.nih.gov/32870709/		PAVS375	[]	[]	['Dilated cardiomyopathy']	['NRAP']	['c.3568G>T']	GENO:0000137	unknown zygosity	[]	[]	HANCESTRO:0852	Middle Eastern population	GAZ:00005279	Saudi Arabia	['HP:0001644']	['Dilated cardiomyopathy']	[]	[]	['NM_198060.4(NRAP):c.3568G>T']	['65083']	GENO:0000137
PAVS376	Dilated cardiomyopathy|Ventricular septal defects	PKP2:NM_004572:c.2507C>A	https://pubmed.ncbi.nlm.nih.gov/32870709/		PAVS376	[]	[]	['Dilated cardiomyopathy', 'Ventricular septal defects']	['PKP2']	['c.2507C>A']	GENO:0000137	unknown zygosity	[]	[]	HANCESTRO:0852	Middle Eastern population	GAZ:00005279	Saudi Arabia	['HP:0001629', 'HP:0001644']	['Ventricular septal defect', 'Dilated cardiomyopathy']	[]	[]	['NM_004572(PKP2):c.2507C>A']	['5318']	GENO:0000137
PAVS377	Dilated cardiomyopathy|Woolly hair	PPP1R13L:NM_006663.4:c.988_989insC	https://pubmed.ncbi.nlm.nih.gov/32870709/		PAVS377	[]	[]	['Dilated cardiomyopathy', 'Woolly hair']	['PPP1R13L']	['c.988_989insC']	GENO:0000137	unknown zygosity	[]	[]	HANCESTRO:0852	Middle Eastern population	GAZ:00005279	Saudi Arabia	['HP:0001644', 'HP:0002224']	['Dilated cardiomyopathy', 'Woolly hair']	[]	[]	['NM_006663.4(PPP1R13L):c.988_989insC']	['10848']	GENO:0000137
PAVS378	Hypertrophic cardiomyopathy|Supra PS|Noonan phenotype	RAF1:NM_001354689.3:c.781_804delCCTAATGTCCACATGGTCAGCACC	https://pubmed.ncbi.nlm.nih.gov/32870709/		PAVS378	[]	[]	['Hypertrophic cardiomyopathy', 'Supra PS', 'Noonan phenotype']	['RAF1']	['c.781_804delCCTAATGTCCACATGGTCAGCACC']	GENO:0000137	unknown zygosity	[]	[]	HANCESTRO:0852	Middle Eastern population	GAZ:00005279	Saudi Arabia	['HP:0001639']	['Hypertrophic cardiomyopathy']	['OMIM:163950']	['Noonan syndrome 1']	['NM_001354689.3(RAF1):c.781_804delCCTAATGTCCACATGGTCAGCACC']	['6037']	GENO:0000137
PAVS379	Developmental delay|High ammonia|Metabolic acidosis|Dilated cardiomyopathy	TMEM70:NM_017866.6:c.479A>C	https://pubmed.ncbi.nlm.nih.gov/32870709/		PAVS379	[]	[]	['Developmental delay', 'High ammonia', 'Metabolic acidosis', 'Dilated cardiomyopathy']	['TMEM70']	['c.479A>C']	GENO:0000137	unknown zygosity	[]	[]	HANCESTRO:0852	Middle Eastern population	GAZ:00005279	Saudi Arabia	['HP:0001263', 'HP:0001644', 'HP:0001942']	['Global developmental delay', 'Dilated cardiomyopathy', 'Metabolic acidosis']	['OMIM:237300']	['Carbamoyl phosphate synthetase I deficiency, hyperammonemia due to']	['NM_017866.6(TMEM70):c.479A>C']	['54968']	GENO:0000137
PAVS380	Hypertrophic cardiomyopathy	ACADVL:NM_000018.4:c.65C>A	https://pubmed.ncbi.nlm.nih.gov/32870709/		PAVS380	[]	[]	['Hypertrophic cardiomyopathy']	['ACADVL']	['c.65C>A']	GENO:0000137	unknown zygosity	[]	[]	HANCESTRO:0852	Middle Eastern population	GAZ:00005279	Saudi Arabia	['HP:0001639']	['Hypertrophic cardiomyopathy']	[]	[]	['NM_000018.4(ACADVL):c.65C>A']	['37']	GENO:0000137
PAVS381	Dilated cardiomyopathy	ACADVL:NM_000018.4:c.779C>T	https://pubmed.ncbi.nlm.nih.gov/32870709/		PAVS381	[]	[]	['Dilated cardiomyopathy']	['ACADVL']	['c.779C>T']	GENO:0000137	unknown zygosity	[]	[]	HANCESTRO:0852	Middle Eastern population	GAZ:00005279	Saudi Arabia	['HP:0001644']	['Dilated cardiomyopathy']	[]	[]	['NM_000018.4(ACADVL):c.779C>T']	['37']	GENO:0000137
PAVS382	Hypertrophic cardiomyopathy	ACADVL:NM_000018.4:c.1748-6G>A	https://pubmed.ncbi.nlm.nih.gov/32870709/		PAVS382	[]	[]	['Hypertrophic cardiomyopathy']	['ACADVL']	['c.1748-6G>A']	GENO:0000137	unknown zygosity	[]	[]	HANCESTRO:0852	Middle Eastern population	GAZ:00005279	Saudi Arabia	['HP:0001639']	['Hypertrophic cardiomyopathy']	[]	[]	['NM_000018.4(ACADVL):c.1748-6G>A']	['37']	GENO:0000137
PAVS383	Dilated cardiomyopathy	ELAC2:NM_018127.7:c.460T>C	https://pubmed.ncbi.nlm.nih.gov/32870709/		PAVS383	[]	[]	['Dilated cardiomyopathy']	['ELAC2']	['c.460T>C']	GENO:0000137	unknown zygosity	[]	[]	HANCESTRO:0852	Middle Eastern population	GAZ:00005279	Saudi Arabia	['HP:0001644']	['Dilated cardiomyopathy']	[]	[]	['NM_018127.7(ELAC2):c.460T>C']	['60528']	GENO:0000137
PAVS384	Dilated cardiomyopathy	ELAC2:NM_018127.7:c.460T>C	https://pubmed.ncbi.nlm.nih.gov/32870709/		PAVS384	[]	[]	['Dilated cardiomyopathy']	['ELAC2']	['c.460T>C']	GENO:0000137	unknown zygosity	[]	[]	HANCESTRO:0852	Middle Eastern population	GAZ:00005279	Saudi Arabia	['HP:0001644']	['Dilated cardiomyopathy']	[]	[]	['NM_018127.7(ELAC2):c.460T>C']	['60528']	GENO:0000137
PAVS385	Dilated cardiomyopathy	ELAC2:NM_018127.7:c.460T>C	https://pubmed.ncbi.nlm.nih.gov/32870709/		PAVS385	[]	[]	['Dilated cardiomyopathy']	['ELAC2']	['c.460T>C']	GENO:0000137	unknown zygosity	[]	[]	HANCESTRO:0852	Middle Eastern population	GAZ:00005279	Saudi Arabia	['HP:0001644']	['Dilated cardiomyopathy']	[]	[]	['NM_018127.7(ELAC2):c.460T>C']	['60528']	GENO:0000137
PAVS386	Dilated cardiomyopathy	ELAC2:NM_018127.7:c.460T>C	https://pubmed.ncbi.nlm.nih.gov/32870709/		PAVS386	[]	[]	['Dilated cardiomyopathy']	['ELAC2']	['c.460T>C']	GENO:0000137	unknown zygosity	[]	[]	HANCESTRO:0852	Middle Eastern population	GAZ:00005279	Saudi Arabia	['HP:0001644']	['Dilated cardiomyopathy']	[]	[]	['NM_018127.7(ELAC2):c.460T>C']	['60528']	GENO:0000137
PAVS387	Dilated cardiomyopathy	ELAC2:NM_018127.7:c.460T>C	https://pubmed.ncbi.nlm.nih.gov/32870709/		PAVS387	[]	[]	['Dilated cardiomyopathy']	['ELAC2']	['c.460T>C']	GENO:0000137	unknown zygosity	[]	[]	HANCESTRO:0852	Middle Eastern population	GAZ:00005279	Saudi Arabia	['HP:0001644']	['Dilated cardiomyopathy']	[]	[]	['NM_018127.7(ELAC2):c.460T>C']	['60528']	GENO:0000137
PAVS388	Dilated cardiomyopathy	ELAC2:NM_018127.7:c.460T>C	https://pubmed.ncbi.nlm.nih.gov/32870709/		PAVS388	[]	[]	['Dilated cardiomyopathy']	['ELAC2']	['c.460T>C']	GENO:0000137	unknown zygosity	[]	[]	HANCESTRO:0852	Middle Eastern population	GAZ:00005279	Saudi Arabia	['HP:0001644']	['Dilated cardiomyopathy']	[]	[]	['NM_018127.7(ELAC2):c.460T>C']	['60528']	GENO:0000137
PAVS389	Dilated cardiomyopathy	ELAC2:NM_018127.7:c.460T>C	https://pubmed.ncbi.nlm.nih.gov/32870709/		PAVS389	[]	[]	['Dilated cardiomyopathy']	['ELAC2']	['c.460T>C']	GENO:0000137	unknown zygosity	[]	[]	HANCESTRO:0852	Middle Eastern population	GAZ:00005279	Saudi Arabia	['HP:0001644']	['Dilated cardiomyopathy']	[]	[]	['NM_018127.7(ELAC2):c.460T>C']	['60528']	GENO:0000137
PAVS390	Dilated cardiomyopathy	ELAC2:NM_018127.7:c.460T>C	https://pubmed.ncbi.nlm.nih.gov/32870709/		PAVS390	[]	[]	['Dilated cardiomyopathy']	['ELAC2']	['c.460T>C']	GENO:0000137	unknown zygosity	[]	[]	HANCESTRO:0852	Middle Eastern population	GAZ:00005279	Saudi Arabia	['HP:0001644']	['Dilated cardiomyopathy']	[]	[]	['NM_018127.7(ELAC2):c.460T>C']	['60528']	GENO:0000137
PAVS391	Hypertrophic cardiomyopathy	ELAC2:NM_018127.7:c.460T>C	https://pubmed.ncbi.nlm.nih.gov/32870709/		PAVS391	[]	[]	['Hypertrophic cardiomyopathy']	['ELAC2']	['c.460T>C']	GENO:0000137	unknown zygosity	[]	[]	HANCESTRO:0852	Middle Eastern population	GAZ:00005279	Saudi Arabia	['HP:0001639']	['Hypertrophic cardiomyopathy']	[]	[]	['NM_018127.7(ELAC2):c.460T>C']	['60528']	GENO:0000137
PAVS392	Hypertrophic cardiomyopathy	ELAC2:NM_018127.7:c.460T>C	https://pubmed.ncbi.nlm.nih.gov/32870709/		PAVS392	[]	[]	['Hypertrophic cardiomyopathy']	['ELAC2']	['c.460T>C']	GENO:0000137	unknown zygosity	[]	[]	HANCESTRO:0852	Middle Eastern population	GAZ:00005279	Saudi Arabia	['HP:0001639']	['Hypertrophic cardiomyopathy']	[]	[]	['NM_018127.7(ELAC2):c.460T>C']	['60528']	GENO:0000137
PAVS393	Hypertrophic cardiomyopathy	ELAC2:NM_018127.7:c.460T>C	https://pubmed.ncbi.nlm.nih.gov/32870709/		PAVS393	[]	[]	['Hypertrophic cardiomyopathy']	['ELAC2']	['c.460T>C']	GENO:0000137	unknown zygosity	[]	[]	HANCESTRO:0852	Middle Eastern population	GAZ:00005279	Saudi Arabia	['HP:0001639']	['Hypertrophic cardiomyopathy']	[]	[]	['NM_018127.7(ELAC2):c.460T>C']	['60528']	GENO:0000137
PAVS394	Hypertrophic cardiomyopathy	ELAC2:NM_018127.7:c.460T>C	https://pubmed.ncbi.nlm.nih.gov/32870709/		PAVS394	[]	[]	['Hypertrophic cardiomyopathy']	['ELAC2']	['c.460T>C']	GENO:0000137	unknown zygosity	[]	[]	HANCESTRO:0852	Middle Eastern population	GAZ:00005279	Saudi Arabia	['HP:0001639']	['Hypertrophic cardiomyopathy']	[]	[]	['NM_018127.7(ELAC2):c.460T>C']	['60528']	GENO:0000137
PAVS395	Hypertrophic cardiomyopathy	ELAC2:NM_018127.7:c.460T>C	https://pubmed.ncbi.nlm.nih.gov/32870709/		PAVS395	[]	[]	['Hypertrophic cardiomyopathy']	['ELAC2']	['c.460T>C']	GENO:0000137	unknown zygosity	[]	[]	HANCESTRO:0852	Middle Eastern population	GAZ:00005279	Saudi Arabia	['HP:0001639']	['Hypertrophic cardiomyopathy']	[]	[]	['NM_018127.7(ELAC2):c.460T>C']	['60528']	GENO:0000137
PAVS396	Hypertrophic cardiomyopathy	ELAC2:NM_018127.7:c.460T>C	https://pubmed.ncbi.nlm.nih.gov/32870709/		PAVS396	[]	[]	['Hypertrophic cardiomyopathy']	['ELAC2']	['c.460T>C']	GENO:0000137	unknown zygosity	[]	[]	HANCESTRO:0852	Middle Eastern population	GAZ:00005279	Saudi Arabia	['HP:0001639']	['Hypertrophic cardiomyopathy']	[]	[]	['NM_018127.7(ELAC2):c.460T>C']	['60528']	GENO:0000137
PAVS397	Hypertrophic cardiomyopathy	ELAC2:NM_018127.7:c.460T>C	https://pubmed.ncbi.nlm.nih.gov/32870709/		PAVS397	[]	[]	['Hypertrophic cardiomyopathy']	['ELAC2']	['c.460T>C']	GENO:0000137	unknown zygosity	[]	[]	HANCESTRO:0852	Middle Eastern population	GAZ:00005279	Saudi Arabia	['HP:0001639']	['Hypertrophic cardiomyopathy']	[]	[]	['NM_018127.7(ELAC2):c.460T>C']	['60528']	GENO:0000137
PAVS398	Hypertrophic cardiomyopathy	ELAC2:NM_018127.7:c.460T>C	https://pubmed.ncbi.nlm.nih.gov/32870709/		PAVS398	[]	[]	['Hypertrophic cardiomyopathy']	['ELAC2']	['c.460T>C']	GENO:0000137	unknown zygosity	[]	[]	HANCESTRO:0852	Middle Eastern population	GAZ:00005279	Saudi Arabia	['HP:0001639']	['Hypertrophic cardiomyopathy']	[]	[]	['NM_018127.7(ELAC2):c.460T>C']	['60528']	GENO:0000137
PAVS399	Hypertrophic cardiomyopathy	ELAC2:NM_018127.7:c.460T>C	https://pubmed.ncbi.nlm.nih.gov/32870709/		PAVS399	[]	[]	['Hypertrophic cardiomyopathy']	['ELAC2']	['c.460T>C']	GENO:0000137	unknown zygosity	[]	[]	HANCESTRO:0852	Middle Eastern population	GAZ:00005279	Saudi Arabia	['HP:0001639']	['Hypertrophic cardiomyopathy']	[]	[]	['NM_018127.7(ELAC2):c.460T>C']	['60528']	GENO:0000137
PAVS400	Hypertrophic cardiomyopathy	ELAC2:NM_018127.7:c.460T>C	https://pubmed.ncbi.nlm.nih.gov/32870709/		PAVS400	[]	[]	['Hypertrophic cardiomyopathy']	['ELAC2']	['c.460T>C']	GENO:0000137	unknown zygosity	[]	[]	HANCESTRO:0852	Middle Eastern population	GAZ:00005279	Saudi Arabia	['HP:0001639']	['Hypertrophic cardiomyopathy']	[]	[]	['NM_018127.7(ELAC2):c.460T>C']	['60528']	GENO:0000137
PAVS401	Hypertrophic cardiomyopathy	ELAC2:NM_018127.7:c.460T>C	https://pubmed.ncbi.nlm.nih.gov/32870709/		PAVS401	[]	[]	['Hypertrophic cardiomyopathy']	['ELAC2']	['c.460T>C']	GENO:0000137	unknown zygosity	[]	[]	HANCESTRO:0852	Middle Eastern population	GAZ:00005279	Saudi Arabia	['HP:0001639']	['Hypertrophic cardiomyopathy']	[]	[]	['NM_018127.7(ELAC2):c.460T>C']	['60528']	GENO:0000137
PAVS402	Hypertrophic cardiomyopathy	ELAC2:NM_018127.7:c.460T>C	https://pubmed.ncbi.nlm.nih.gov/32870709/		PAVS402	[]	[]	['Hypertrophic cardiomyopathy']	['ELAC2']	['c.460T>C']	GENO:0000137	unknown zygosity	[]	[]	HANCESTRO:0852	Middle Eastern population	GAZ:00005279	Saudi Arabia	['HP:0001639']	['Hypertrophic cardiomyopathy']	[]	[]	['NM_018127.7(ELAC2):c.460T>C']	['60528']	GENO:0000137
PAVS403	Hypertrophic cardiomyopathy	ELAC2:NM_018127.7:c.460T>C	https://pubmed.ncbi.nlm.nih.gov/32870709/		PAVS403	[]	[]	['Hypertrophic cardiomyopathy']	['ELAC2']	['c.460T>C']	GENO:0000137	unknown zygosity	[]	[]	HANCESTRO:0852	Middle Eastern population	GAZ:00005279	Saudi Arabia	['HP:0001639']	['Hypertrophic cardiomyopathy']	[]	[]	['NM_018127.7(ELAC2):c.460T>C']	['60528']	GENO:0000137
PAVS404	Hypertrophic cardiomyopathy	ELAC2:NM_018127.7:c.460T>C	https://pubmed.ncbi.nlm.nih.gov/32870709/		PAVS404	[]	[]	['Hypertrophic cardiomyopathy']	['ELAC2']	['c.460T>C']	GENO:0000137	unknown zygosity	[]	[]	HANCESTRO:0852	Middle Eastern population	GAZ:00005279	Saudi Arabia	['HP:0001639']	['Hypertrophic cardiomyopathy']	[]	[]	['NM_018127.7(ELAC2):c.460T>C']	['60528']	GENO:0000137
PAVS405	Hypertrophic cardiomyopathy	ELAC2:NM_018127.7:c.460T>C	https://pubmed.ncbi.nlm.nih.gov/32870709/		PAVS405	[]	[]	['Hypertrophic cardiomyopathy']	['ELAC2']	['c.460T>C']	GENO:0000137	unknown zygosity	[]	[]	HANCESTRO:0852	Middle Eastern population	GAZ:00005279	Saudi Arabia	['HP:0001639']	['Hypertrophic cardiomyopathy']	[]	[]	['NM_018127.7(ELAC2):c.460T>C']	['60528']	GENO:0000137
PAVS406	Hypertrophic cardiomyopathy	ELAC2:NM_018127.7:c.460T>C	https://pubmed.ncbi.nlm.nih.gov/32870709/		PAVS406	[]	[]	['Hypertrophic cardiomyopathy']	['ELAC2']	['c.460T>C']	GENO:0000137	unknown zygosity	[]	[]	HANCESTRO:0852	Middle Eastern population	GAZ:00005279	Saudi Arabia	['HP:0001639']	['Hypertrophic cardiomyopathy']	[]	[]	['NM_018127.7(ELAC2):c.460T>C']	['60528']	GENO:0000137
PAVS407	Hypertrophic cardiomyopathy	ELAC2:NM_018127.7:c.460T>C	https://pubmed.ncbi.nlm.nih.gov/32870709/		PAVS407	[]	[]	['Hypertrophic cardiomyopathy']	['ELAC2']	['c.460T>C']	GENO:0000137	unknown zygosity	[]	[]	HANCESTRO:0852	Middle Eastern population	GAZ:00005279	Saudi Arabia	['HP:0001639']	['Hypertrophic cardiomyopathy']	[]	[]	['NM_018127.7(ELAC2):c.460T>C']	['60528']	GENO:0000137
PAVS408	Hypertrophic cardiomyopathy	ELAC2:NM_018127.7:c.460T>C	https://pubmed.ncbi.nlm.nih.gov/32870709/		PAVS408	[]	[]	['Hypertrophic cardiomyopathy']	['ELAC2']	['c.460T>C']	GENO:0000137	unknown zygosity	[]	[]	HANCESTRO:0852	Middle Eastern population	GAZ:00005279	Saudi Arabia	['HP:0001639']	['Hypertrophic cardiomyopathy']	[]	[]	['NM_018127.7(ELAC2):c.460T>C']	['60528']	GENO:0000137
PAVS409	Hypertrophic cardiomyopathy	ELAC2:NM_018127.7:c.460T>C	https://pubmed.ncbi.nlm.nih.gov/32870709/		PAVS409	[]	[]	['Hypertrophic cardiomyopathy']	['ELAC2']	['c.460T>C']	GENO:0000137	unknown zygosity	[]	[]	HANCESTRO:0852	Middle Eastern population	GAZ:00005279	Saudi Arabia	['HP:0001639']	['Hypertrophic cardiomyopathy']	[]	[]	['NM_018127.7(ELAC2):c.460T>C']	['60528']	GENO:0000137
PAVS410	Hypertrophic cardiomyopathy	ELAC2:NM_018127.7:c.460T>C	https://pubmed.ncbi.nlm.nih.gov/32870709/		PAVS410	[]	[]	['Hypertrophic cardiomyopathy']	['ELAC2']	['c.460T>C']	GENO:0000137	unknown zygosity	[]	[]	HANCESTRO:0852	Middle Eastern population	GAZ:00005279	Saudi Arabia	['HP:0001639']	['Hypertrophic cardiomyopathy']	[]	[]	['NM_018127.7(ELAC2):c.460T>C']	['60528']	GENO:0000137
PAVS411	Hypertrophic cardiomyopathy	ELAC2:NM_018127.7:c.460T>C	https://pubmed.ncbi.nlm.nih.gov/32870709/		PAVS411	[]	[]	['Hypertrophic cardiomyopathy']	['ELAC2']	['c.460T>C']	GENO:0000137	unknown zygosity	[]	[]	HANCESTRO:0852	Middle Eastern population	GAZ:00005279	Saudi Arabia	['HP:0001639']	['Hypertrophic cardiomyopathy']	[]	[]	['NM_018127.7(ELAC2):c.460T>C']	['60528']	GENO:0000137
PAVS412	Hypertrophic cardiomyopathy	ELAC2:NM_018127.7:c.460T>C	https://pubmed.ncbi.nlm.nih.gov/32870709/		PAVS412	[]	[]	['Hypertrophic cardiomyopathy']	['ELAC2']	['c.460T>C']	GENO:0000137	unknown zygosity	[]	[]	HANCESTRO:0852	Middle Eastern population	GAZ:00005279	Saudi Arabia	['HP:0001639']	['Hypertrophic cardiomyopathy']	[]	[]	['NM_018127.7(ELAC2):c.460T>C']	['60528']	GENO:0000137
PAVS413	Hypertrophic cardiomyopathy	ELAC2:NM_018127.7:c.460T>C	https://pubmed.ncbi.nlm.nih.gov/32870709/		PAVS413	[]	[]	['Hypertrophic cardiomyopathy']	['ELAC2']	['c.460T>C']	GENO:0000137	unknown zygosity	[]	[]	HANCESTRO:0852	Middle Eastern population	GAZ:00005279	Saudi Arabia	['HP:0001639']	['Hypertrophic cardiomyopathy']	[]	[]	['NM_018127.7(ELAC2):c.460T>C']	['60528']	GENO:0000137
PAVS414	Dilated cardiomyopathy	ACADVL:NM_000018.4:c.65C>A	https://pubmed.ncbi.nlm.nih.gov/32870709/		PAVS414	[]	[]	['Dilated cardiomyopathy']	['ACADVL']	['c.65C>A']	GENO:0000137	unknown zygosity	[]	[]	HANCESTRO:0852	Middle Eastern population	GAZ:00005279	Saudi Arabia	['HP:0001644']	['Dilated cardiomyopathy']	[]	[]	['NM_000018.4(ACADVL):c.65C>A']	['37']	GENO:0000137
PAVS415	Dilated cardiomyopathy	ACADVL:NM_000018.4:c.65C>A	https://pubmed.ncbi.nlm.nih.gov/32870709/		PAVS415	[]	[]	['Dilated cardiomyopathy']	['ACADVL']	['c.65C>A']	GENO:0000137	unknown zygosity	[]	[]	HANCESTRO:0852	Middle Eastern population	GAZ:00005279	Saudi Arabia	['HP:0001644']	['Dilated cardiomyopathy']	[]	[]	['NM_000018.4(ACADVL):c.65C>A']	['37']	GENO:0000137
PAVS416	Dilated cardiomyopathy	ACADVL:NM_000018.4:c.65C>A	https://pubmed.ncbi.nlm.nih.gov/32870709/		PAVS416	[]	[]	['Dilated cardiomyopathy']	['ACADVL']	['c.65C>A']	GENO:0000137	unknown zygosity	[]	[]	HANCESTRO:0852	Middle Eastern population	GAZ:00005279	Saudi Arabia	['HP:0001644']	['Dilated cardiomyopathy']	[]	[]	['NM_000018.4(ACADVL):c.65C>A']	['37']	GENO:0000137
PAVS417	Hypertrophic cardiomyopathy	ACADVL:NM_000018.4:c.65C>A	https://pubmed.ncbi.nlm.nih.gov/32870709/		PAVS417	[]	[]	['Hypertrophic cardiomyopathy']	['ACADVL']	['c.65C>A']	GENO:0000137	unknown zygosity	[]	[]	HANCESTRO:0852	Middle Eastern population	GAZ:00005279	Saudi Arabia	['HP:0001639']	['Hypertrophic cardiomyopathy']	[]	[]	['NM_000018.4(ACADVL):c.65C>A']	['37']	GENO:0000137
PAVS418	Hypertrophic cardiomyopathy	ACADVL:NM_000018.4:c.65C>A	https://pubmed.ncbi.nlm.nih.gov/32870709/		PAVS418	[]	[]	['Hypertrophic cardiomyopathy']	['ACADVL']	['c.65C>A']	GENO:0000137	unknown zygosity	[]	[]	HANCESTRO:0852	Middle Eastern population	GAZ:00005279	Saudi Arabia	['HP:0001639']	['Hypertrophic cardiomyopathy']	[]	[]	['NM_000018.4(ACADVL):c.65C>A']	['37']	GENO:0000137
PAVS419	Hypertrophic cardiomyopathy	ACADVL:NM_000018.4:c.65C>A	https://pubmed.ncbi.nlm.nih.gov/32870709/		PAVS419	[]	[]	['Hypertrophic cardiomyopathy']	['ACADVL']	['c.65C>A']	GENO:0000137	unknown zygosity	[]	[]	HANCESTRO:0852	Middle Eastern population	GAZ:00005279	Saudi Arabia	['HP:0001639']	['Hypertrophic cardiomyopathy']	[]	[]	['NM_000018.4(ACADVL):c.65C>A']	['37']	GENO:0000137
PAVS420	Hypertrophic cardiomyopathy	ACADVL:NM_000018.4:c.65C>A	https://pubmed.ncbi.nlm.nih.gov/32870709/		PAVS420	[]	[]	['Hypertrophic cardiomyopathy']	['ACADVL']	['c.65C>A']	GENO:0000137	unknown zygosity	[]	[]	HANCESTRO:0852	Middle Eastern population	GAZ:00005279	Saudi Arabia	['HP:0001639']	['Hypertrophic cardiomyopathy']	[]	[]	['NM_000018.4(ACADVL):c.65C>A']	['37']	GENO:0000137
PAVS421	Hypertrophic cardiomyopathy	ACADVL:NM_000018.4:c.65C>A	https://pubmed.ncbi.nlm.nih.gov/32870709/		PAVS421	[]	[]	['Hypertrophic cardiomyopathy']	['ACADVL']	['c.65C>A']	GENO:0000137	unknown zygosity	[]	[]	HANCESTRO:0852	Middle Eastern population	GAZ:00005279	Saudi Arabia	['HP:0001639']	['Hypertrophic cardiomyopathy']	[]	[]	['NM_000018.4(ACADVL):c.65C>A']	['37']	GENO:0000137
PAVS422	Hypertrophic cardiomyopathy	ACADVL:NM_000018.4:c.65C>A	https://pubmed.ncbi.nlm.nih.gov/32870709/		PAVS422	[]	[]	['Hypertrophic cardiomyopathy']	['ACADVL']	['c.65C>A']	GENO:0000137	unknown zygosity	[]	[]	HANCESTRO:0852	Middle Eastern population	GAZ:00005279	Saudi Arabia	['HP:0001639']	['Hypertrophic cardiomyopathy']	[]	[]	['NM_000018.4(ACADVL):c.65C>A']	['37']	GENO:0000137
PAVS423	Hypertrophic cardiomyopathy	ACADVL:NM_000018.4:c.65C>A	https://pubmed.ncbi.nlm.nih.gov/32870709/		PAVS423	[]	[]	['Hypertrophic cardiomyopathy']	['ACADVL']	['c.65C>A']	GENO:0000137	unknown zygosity	[]	[]	HANCESTRO:0852	Middle Eastern population	GAZ:00005279	Saudi Arabia	['HP:0001639']	['Hypertrophic cardiomyopathy']	[]	[]	['NM_000018.4(ACADVL):c.65C>A']	['37']	GENO:0000137
PAVS424	Hypertrophic cardiomyopathy	ACADVL:NM_000018.4:c.65C>A	https://pubmed.ncbi.nlm.nih.gov/32870709/		PAVS424	[]	[]	['Hypertrophic cardiomyopathy']	['ACADVL']	['c.65C>A']	GENO:0000137	unknown zygosity	[]	[]	HANCESTRO:0852	Middle Eastern population	GAZ:00005279	Saudi Arabia	['HP:0001639']	['Hypertrophic cardiomyopathy']	[]	[]	['NM_000018.4(ACADVL):c.65C>A']	['37']	GENO:0000137
PAVS425	Hypertrophic cardiomyopathy	ACADVL:NM_000018.4:c.65C>A	https://pubmed.ncbi.nlm.nih.gov/32870709/		PAVS425	[]	[]	['Hypertrophic cardiomyopathy']	['ACADVL']	['c.65C>A']	GENO:0000137	unknown zygosity	[]	[]	HANCESTRO:0852	Middle Eastern population	GAZ:00005279	Saudi Arabia	['HP:0001639']	['Hypertrophic cardiomyopathy']	[]	[]	['NM_000018.4(ACADVL):c.65C>A']	['37']	GENO:0000137
PAVS426	Hypertrophic cardiomyopathy	ACADVL:NM_000018.4:c.65C>A	https://pubmed.ncbi.nlm.nih.gov/32870709/		PAVS426	[]	[]	['Hypertrophic cardiomyopathy']	['ACADVL']	['c.65C>A']	GENO:0000137	unknown zygosity	[]	[]	HANCESTRO:0852	Middle Eastern population	GAZ:00005279	Saudi Arabia	['HP:0001639']	['Hypertrophic cardiomyopathy']	[]	[]	['NM_000018.4(ACADVL):c.65C>A']	['37']	GENO:0000137
PAVS427	Hypertrophic cardiomyopathy	ACADVL:NM_000018.4:c.65C>A	https://pubmed.ncbi.nlm.nih.gov/32870709/		PAVS427	[]	[]	['Hypertrophic cardiomyopathy']	['ACADVL']	['c.65C>A']	GENO:0000137	unknown zygosity	[]	[]	HANCESTRO:0852	Middle Eastern population	GAZ:00005279	Saudi Arabia	['HP:0001639']	['Hypertrophic cardiomyopathy']	[]	[]	['NM_000018.4(ACADVL):c.65C>A']	['37']	GENO:0000137
PAVS428	Hypertrophic cardiomyopathy	ACADVL:NM_000018.4:c.65C>A	https://pubmed.ncbi.nlm.nih.gov/32870709/		PAVS428	[]	[]	['Hypertrophic cardiomyopathy']	['ACADVL']	['c.65C>A']	GENO:0000137	unknown zygosity	[]	[]	HANCESTRO:0852	Middle Eastern population	GAZ:00005279	Saudi Arabia	['HP:0001639']	['Hypertrophic cardiomyopathy']	[]	[]	['NM_000018.4(ACADVL):c.65C>A']	['37']	GENO:0000137
PAVS429	Hypertrophic cardiomyopathy	ACADVL:NM_000018.4:c.65C>A	https://pubmed.ncbi.nlm.nih.gov/32870709/		PAVS429	[]	[]	['Hypertrophic cardiomyopathy']	['ACADVL']	['c.65C>A']	GENO:0000137	unknown zygosity	[]	[]	HANCESTRO:0852	Middle Eastern population	GAZ:00005279	Saudi Arabia	['HP:0001639']	['Hypertrophic cardiomyopathy']	[]	[]	['NM_000018.4(ACADVL):c.65C>A']	['37']	GENO:0000137
PAVS430	Hypertrophic cardiomyopathy	ELAC2:NM_018127.7:c.460T>C	https://pubmed.ncbi.nlm.nih.gov/28441660/		PAVS430	[]	[]	['Hypertrophic cardiomyopathy']	['ELAC2']	['c.460T>C']	GENO:0000137	unknown zygosity	[]	[]	HANCESTRO:0852	Middle Eastern population	GAZ:00005279	Saudi Arabia	['HP:0001639']	['Hypertrophic cardiomyopathy']	[]	[]	['NM_018127.7(ELAC2):c.460T>C']	['60528']	GENO:0000137
PAVS431	Dilated cardiomyopathy	ELAC2:NM_018127.7:c.460T>C	https://pubmed.ncbi.nlm.nih.gov/28441660/		PAVS431	[]	[]	['Dilated cardiomyopathy']	['ELAC2']	['c.460T>C']	GENO:0000137	unknown zygosity	[]	[]	HANCESTRO:0852	Middle Eastern population	GAZ:00005279	Saudi Arabia	['HP:0001644']	['Dilated cardiomyopathy']	[]	[]	['NM_018127.7(ELAC2):c.460T>C']	['60528']	GENO:0000137
PAVS432	Dilated cardiomyopathy|Pericardial effeusio|Developmental delay|Seizures	ELAC2:NM_018127.7:c.460T>C	https://pubmed.ncbi.nlm.nih.gov/28441660/		PAVS432	[]	[]	['Dilated cardiomyopathy', 'Pericardial effeusio', 'Developmental delay', 'Seizures']	['ELAC2']	['c.460T>C']	GENO:0000137	unknown zygosity	[]	[]	HANCESTRO:0852	Middle Eastern population	GAZ:00005279	Saudi Arabia	['HP:0001250', 'HP:0001263', 'HP:0001644', 'HP:0001698']	['Seizure', 'Global developmental delay', 'Dilated cardiomyopathy', 'Pericardial effusion']	[]	[]	['NM_018127.7(ELAC2):c.460T>C']	['60528']	GENO:0000137
PAVS433	Hypertrophic cardiomyopathy|Pericardial effeusion	ELAC2:NM_018127.7:c.460T>C	https://pubmed.ncbi.nlm.nih.gov/28441660/		PAVS433	[]	[]	['Hypertrophic cardiomyopathy', 'Pericardial effeusion']	['ELAC2']	['c.460T>C']	GENO:0000137	unknown zygosity	[]	[]	HANCESTRO:0852	Middle Eastern population	GAZ:00005279	Saudi Arabia	['HP:0001639', 'HP:0001698']	['Hypertrophic cardiomyopathy', 'Pericardial effusion']	[]	[]	['NM_018127.7(ELAC2):c.460T>C']	['60528']	GENO:0000137
PAVS434	Hypertrophic cardiomyopathy	ELAC2:NM_018127.7:c.460T>C	https://pubmed.ncbi.nlm.nih.gov/28441660/		PAVS434	[]	[]	['Hypertrophic cardiomyopathy']	['ELAC2']	['c.460T>C']	GENO:0000137	unknown zygosity	[]	[]	HANCESTRO:0852	Middle Eastern population	GAZ:00005279	Saudi Arabia	['HP:0001639']	['Hypertrophic cardiomyopathy']	[]	[]	['NM_018127.7(ELAC2):c.460T>C']	['60528']	GENO:0000137
PAVS435	Hypertrophic cardiomyopathy	ELAC2:NM_018127.7:c.460T>C	https://pubmed.ncbi.nlm.nih.gov/28441660/		PAVS435	[]	[]	['Hypertrophic cardiomyopathy']	['ELAC2']	['c.460T>C']	GENO:0000137	unknown zygosity	[]	[]	HANCESTRO:0852	Middle Eastern population	GAZ:00005279	Saudi Arabia	['HP:0001639']	['Hypertrophic cardiomyopathy']	[]	[]	['NM_018127.7(ELAC2):c.460T>C']	['60528']	GENO:0000137
PAVS436	Hypertrophic cardiomyopathy	ELAC2:NM_018127.7:c.460T>C	https://pubmed.ncbi.nlm.nih.gov/28441660/		PAVS436	[]	[]	['Hypertrophic cardiomyopathy']	['ELAC2']	['c.460T>C']	GENO:0000137	unknown zygosity	[]	[]	HANCESTRO:0852	Middle Eastern population	GAZ:00005279	Saudi Arabia	['HP:0001639']	['Hypertrophic cardiomyopathy']	[]	[]	['NM_018127.7(ELAC2):c.460T>C']	['60528']	GENO:0000137
PAVS437	Hypertrophic cardiomyopathy|Pericardial effeusion	ELAC2:NM_018127.7:c.460T>C	https://pubmed.ncbi.nlm.nih.gov/28441660/		PAVS437	[]	[]	['Hypertrophic cardiomyopathy', 'Pericardial effeusion']	['ELAC2']	['c.460T>C']	GENO:0000137	unknown zygosity	[]	[]	HANCESTRO:0852	Middle Eastern population	GAZ:00005279	Saudi Arabia	['HP:0001639', 'HP:0001698']	['Hypertrophic cardiomyopathy', 'Pericardial effusion']	[]	[]	['NM_018127.7(ELAC2):c.460T>C']	['60528']	GENO:0000137
PAVS438	Hypertrophic cardiomyopathy	ELAC2:NM_018127.7:c.460T>C	https://pubmed.ncbi.nlm.nih.gov/28441660/		PAVS438	[]	[]	['Hypertrophic cardiomyopathy']	['ELAC2']	['c.460T>C']	GENO:0000137	unknown zygosity	[]	[]	HANCESTRO:0852	Middle Eastern population	GAZ:00005279	Saudi Arabia	['HP:0001639']	['Hypertrophic cardiomyopathy']	[]	[]	['NM_018127.7(ELAC2):c.460T>C']	['60528']	GENO:0000137
PAVS439	Hypertrophic cardiomyopathy|Pericardial effeusion	ELAC2:NM_018127.7:c.460T>C	https://pubmed.ncbi.nlm.nih.gov/28441660/		PAVS439	[]	[]	['Hypertrophic cardiomyopathy', 'Pericardial effeusion']	['ELAC2']	['c.460T>C']	GENO:0000137	unknown zygosity	[]	[]	HANCESTRO:0852	Middle Eastern population	GAZ:00005279	Saudi Arabia	['HP:0001639', 'HP:0001698']	['Hypertrophic cardiomyopathy', 'Pericardial effusion']	[]	[]	['NM_018127.7(ELAC2):c.460T>C']	['60528']	GENO:0000137
PAVS440	Dilated cardiomyopathy	ELAC2:NM_018127.7:c.460T>C	https://pubmed.ncbi.nlm.nih.gov/28441660/		PAVS440	[]	[]	['Dilated cardiomyopathy']	['ELAC2']	['c.460T>C']	GENO:0000137	unknown zygosity	[]	[]	HANCESTRO:0852	Middle Eastern population	GAZ:00005279	Saudi Arabia	['HP:0001644']	['Dilated cardiomyopathy']	[]	[]	['NM_018127.7(ELAC2):c.460T>C']	['60528']	GENO:0000137
PAVS441	Hypertrophic cardiomyopathy	ELAC2:NM_018127.7:c.460T>C	https://pubmed.ncbi.nlm.nih.gov/28441660/		PAVS441	[]	[]	['Hypertrophic cardiomyopathy']	['ELAC2']	['c.460T>C']	GENO:0000137	unknown zygosity	[]	[]	HANCESTRO:0852	Middle Eastern population	GAZ:00005279	Saudi Arabia	['HP:0001639']	['Hypertrophic cardiomyopathy']	[]	[]	['NM_018127.7(ELAC2):c.460T>C']	['60528']	GENO:0000137
PAVS442	Hypertrophic cardiomyopathy|Pericardial effeusion	ELAC2:NM_018127.7:c.460T>C	https://pubmed.ncbi.nlm.nih.gov/28441660/		PAVS442	[]	[]	['Hypertrophic cardiomyopathy', 'Pericardial effeusion']	['ELAC2']	['c.460T>C']	GENO:0000137	unknown zygosity	[]	[]	HANCESTRO:0852	Middle Eastern population	GAZ:00005279	Saudi Arabia	['HP:0001639', 'HP:0001698']	['Hypertrophic cardiomyopathy', 'Pericardial effusion']	[]	[]	['NM_018127.7(ELAC2):c.460T>C']	['60528']	GENO:0000137
PAVS443	Hypertrophic cardiomyopathy|Pericardial effeusion	ELAC2:NM_018127.7:c.460T>C	https://pubmed.ncbi.nlm.nih.gov/28441660/		PAVS443	[]	[]	['Hypertrophic cardiomyopathy', 'Pericardial effeusion']	['ELAC2']	['c.460T>C']	GENO:0000137	unknown zygosity	[]	[]	HANCESTRO:0852	Middle Eastern population	GAZ:00005279	Saudi Arabia	['HP:0001639', 'HP:0001698']	['Hypertrophic cardiomyopathy', 'Pericardial effusion']	[]	[]	['NM_018127.7(ELAC2):c.460T>C']	['60528']	GENO:0000137
PAVS444	Hypertrophic cardiomyopathy|Pericardial effeusion|Intrauterine growth retardation	ELAC2:NM_018127.7:c.460T>C	https://pubmed.ncbi.nlm.nih.gov/28441660/		PAVS444	[]	[]	['Hypertrophic cardiomyopathy', 'Pericardial effeusion', 'Intrauterine growth retardation']	['ELAC2']	['c.460T>C']	GENO:0000137	unknown zygosity	[]	[]	HANCESTRO:0852	Middle Eastern population	GAZ:00005279	Saudi Arabia	['HP:0001511', 'HP:0001639', 'HP:0001698']	['Intrauterine growth retardation', 'Hypertrophic cardiomyopathy', 'Pericardial effusion']	[]	[]	['NM_018127.7(ELAC2):c.460T>C']	['60528']	GENO:0000137
PAVS445	Hypertrophic cardiomyopathy	ELAC2:NM_018127.7:c.460T>C	https://pubmed.ncbi.nlm.nih.gov/28441660/		PAVS445	[]	[]	['Hypertrophic cardiomyopathy']	['ELAC2']	['c.460T>C']	GENO:0000137	unknown zygosity	[]	[]	HANCESTRO:0852	Middle Eastern population	GAZ:00005279	Saudi Arabia	['HP:0001639']	['Hypertrophic cardiomyopathy']	[]	[]	['NM_018127.7(ELAC2):c.460T>C']	['60528']	GENO:0000137
PAVS446	High long chain C14 acylcarnitines(HP:0045045)|ACYL-CoA DEHYDROGENASE| VERY LONG-CHAIN| DEFICIENCY OF; ACADVLD(OMIM:201475)	ACADVL:NM_000018.4:c.65C>A	https://pubmed.ncbi.nlm.nih.gov/28980192/		PAVS446	['HP:0045045']	['Elevated circulating acylcarnitine concentration']	['ACYL-CoA DEHYDROGENASE', 'VERY LONG-CHAIN', 'DEFICIENCY OF; ACADVLD(OMIM:201475)']	['ACADVL']	['c.65C>A']	GENO:0000137	unknown zygosity	['OMIM:201475']	['Very long-chain acyl-CoA dehydrogenase deficiency']	HANCESTRO:0852	Middle Eastern population	GAZ:00005279	Saudi Arabia	['HP:0033643', 'HP:0045045']	['Increased circulating very long-chain fatty acid concentration', 'Elevated circulating acylcarnitine concentration']	['OMIM:201475']	['Very long-chain acyl-CoA dehydrogenase deficiency']	['NM_000018.4(ACADVL):c.65C>A']	['37']	GENO:0000137
PAVS447	High long chain C14 acylcarnitines(HP:0045045)|ACYL-CoA DEHYDROGENASE| VERY LONG-CHAIN| DEFICIENCY OF; ACADVLD(OMIM:201475)	ACADVL:NM_000018.4:c.134C>A	https://pubmed.ncbi.nlm.nih.gov/28980192/		PAVS447	['HP:0045045']	['Elevated circulating acylcarnitine concentration']	['ACYL-CoA DEHYDROGENASE', 'VERY LONG-CHAIN', 'DEFICIENCY OF; ACADVLD(OMIM:201475)']	['ACADVL']	['c.134C>A']	GENO:0000137	unknown zygosity	['OMIM:201475']	['Very long-chain acyl-CoA dehydrogenase deficiency']	HANCESTRO:0852	Middle Eastern population	GAZ:00005279	Saudi Arabia	['HP:0033643', 'HP:0045045']	['Increased circulating very long-chain fatty acid concentration', 'Elevated circulating acylcarnitine concentration']	['OMIM:201475']	['Very long-chain acyl-CoA dehydrogenase deficiency']	['NM_000018.4(ACADVL):c.134C>A']	['37']	GENO:0000137
PAVS448	High long chain C14 acylcarnitines(HP:0045045)|ACYL-CoA DEHYDROGENASE| VERY LONG-CHAIN| DEFICIENCY OF; ACADVLD(OMIM:201475)	ACADVL:NM_000018.4:c.134C>A	https://pubmed.ncbi.nlm.nih.gov/28980192/		PAVS448	['HP:0045045']	['Elevated circulating acylcarnitine concentration']	['ACYL-CoA DEHYDROGENASE', 'VERY LONG-CHAIN', 'DEFICIENCY OF; ACADVLD(OMIM:201475)']	['ACADVL']	['c.134C>A']	GENO:0000137	unknown zygosity	['OMIM:201475']	['Very long-chain acyl-CoA dehydrogenase deficiency']	HANCESTRO:0852	Middle Eastern population	GAZ:00005279	Saudi Arabia	['HP:0033643', 'HP:0045045']	['Increased circulating very long-chain fatty acid concentration', 'Elevated circulating acylcarnitine concentration']	['OMIM:201475']	['Very long-chain acyl-CoA dehydrogenase deficiency']	['NM_000018.4(ACADVL):c.134C>A']	['37']	GENO:0000137
PAVS449	High long chain C14 acylcarnitines(HP:0045045)|ACYL-CoA DEHYDROGENASE| VERY LONG-CHAIN| DEFICIENCY OF; ACADVLD(OMIM:201475)|Global developmental delay|Generalized hypotonia|Dysmorphic features	ACADVL:NM_001270447:c.494T>C|ZNF423:NM_015069.5:c.3250G>A	https://pubmed.ncbi.nlm.nih.gov/28980192/		PAVS449	['HP:0045045']	['Elevated circulating acylcarnitine concentration']	['ACYL-CoA DEHYDROGENASE', 'VERY LONG-CHAIN', 'DEFICIENCY OF; ACADVLD(OMIM:201475)', 'Global developmental delay', 'Generalized hypotonia', 'Dysmorphic features']	['ACADVL']	['c.494T>C|ZNF423']	GENO:0000137	unknown zygosity	['OMIM:201475']	['Very long-chain acyl-CoA dehydrogenase deficiency']	HANCESTRO:0852	Middle Eastern population	GAZ:00005279	Saudi Arabia	['HP:0001263', 'HP:0001290', 'HP:0033643', 'HP:0045045']	['Global developmental delay', 'Generalized hypotonia', 'Increased circulating very long-chain fatty acid concentration', 'Elevated circulating acylcarnitine concentration']	['OMIM:201475']	['Very long-chain acyl-CoA dehydrogenase deficiency']	['NM_001270447(ACADVL):c.494T>C|ZNF423']	['37']	GENO:0000137
PAVS450	High long chain C14 acylcarnitines(HP:0045045)|ACYL-CoA DEHYDROGENASE| VERY LONG-CHAIN| DEFICIENCY OF; ACADVLD(OMIM:201475)	ACADVL:NM_000018.4:c.1349G>A	https://pubmed.ncbi.nlm.nih.gov/28980192/		PAVS450	['HP:0045045']	['Elevated circulating acylcarnitine concentration']	['ACYL-CoA DEHYDROGENASE', 'VERY LONG-CHAIN', 'DEFICIENCY OF; ACADVLD(OMIM:201475)']	['ACADVL']	['c.1349G>A']	GENO:0000137	unknown zygosity	['OMIM:201475']	['Very long-chain acyl-CoA dehydrogenase deficiency']	HANCESTRO:0852	Middle Eastern population	GAZ:00005279	Saudi Arabia	['HP:0033643', 'HP:0045045']	['Increased circulating very long-chain fatty acid concentration', 'Elevated circulating acylcarnitine concentration']	['OMIM:201475']	['Very long-chain acyl-CoA dehydrogenase deficiency']	['NM_000018.4(ACADVL):c.1349G>A']	['37']	GENO:0000137
PAVS451	Severe sensorineural hearing impairment (HP:0008625)|DEAFNESS| AUTOSOMAL RECESSIVE 7; DFNB(OMIM:600974)	TMC1:NM_138691.3:c.100C>T	https://pubmed.ncbi.nlm.nih.gov/31854501/		PAVS451	['HP:0008625']	['Severe sensorineural hearing impairment']	['DEAFNESS', 'AUTOSOMAL RECESSIVE 7; DFNB(OMIM:600974)']	['TMC1']	['c.100C>T']	GENO:0000137	unknown zygosity	['OMIM:600974']	['Deafness, neurosensory, autosomal recessive 7']	HANCESTRO:0852	Middle Eastern population	GAZ:00005279	Saudi Arabia	['HP:0000365', 'HP:0008625']	['Hearing impairment', 'Severe sensorineural hearing impairment']	['OMIM:600974']	['Deafness, neurosensory, autosomal recessive 7']	['NM_138691.3(TMC1):c.100C>T']	['117531']	GENO:0000137
PAVS452	Severe sensorineural hearing impairment (HP:0008625)|DEAFNESS| AUTOSOMAL RECESSIVE 7; DFNB(OMIM:600974)	TMC1:NM_138691.3:c.100C>T	https://pubmed.ncbi.nlm.nih.gov/31854501/		PAVS452	['HP:0008625']	['Severe sensorineural hearing impairment']	['DEAFNESS', 'AUTOSOMAL RECESSIVE 7; DFNB(OMIM:600974)']	['TMC1']	['c.100C>T']	GENO:0000137	unknown zygosity	['OMIM:600974']	['Deafness, neurosensory, autosomal recessive 7']	HANCESTRO:0852	Middle Eastern population	GAZ:00005279	Saudi Arabia	['HP:0000365', 'HP:0008625']	['Hearing impairment', 'Severe sensorineural hearing impairment']	['OMIM:600974']	['Deafness, neurosensory, autosomal recessive 7']	['NM_138691.3(TMC1):c.100C>T']	['117531']	GENO:0000137
PAVS453	Severe sensorineural hearing impairment (HP:0008625)|DEAFNESS| AUTOSOMAL RECESSIVE 7; DFNB(OMIM:600974)	TMC1:NM_138691.3:c.100C>T	https://pubmed.ncbi.nlm.nih.gov/31854501/		PAVS453	['HP:0008625']	['Severe sensorineural hearing impairment']	['DEAFNESS', 'AUTOSOMAL RECESSIVE 7; DFNB(OMIM:600974)']	['TMC1']	['c.100C>T']	GENO:0000137	unknown zygosity	['OMIM:600974']	['Deafness, neurosensory, autosomal recessive 7']	HANCESTRO:0852	Middle Eastern population	GAZ:00005279	Saudi Arabia	['HP:0000365', 'HP:0008625']	['Hearing impairment', 'Severe sensorineural hearing impairment']	['OMIM:600974']	['Deafness, neurosensory, autosomal recessive 7']	['NM_138691.3(TMC1):c.100C>T']	['117531']	GENO:0000137
PAVS454	Severe sensorineural hearing impairment (HP:0008625)|DEAFNESS| AUTOSOMAL DOMINANT 36; DFNA36(OMIM:606705)	TMC1:NM_138691.3:c.1714G>A	https://pubmed.ncbi.nlm.nih.gov/31854501/		PAVS454	['HP:0008625']	['Severe sensorineural hearing impairment']	['DEAFNESS', 'AUTOSOMAL DOMINANT 36; DFNA36(OMIM:606705)']	['TMC1']	['c.1714G>A']	GENO:0000137	unknown zygosity	['OMIM:606705']	['Deafness, autosomal dominant 36']	HANCESTRO:0852	Middle Eastern population	GAZ:00005279	Saudi Arabia	['HP:0000365', 'HP:0008625']	['Hearing impairment', 'Severe sensorineural hearing impairment']	['OMIM:606705']	['Deafness, autosomal dominant 36']	['NM_138691.3(TMC1):c.1714G>A']	['117531']	GENO:0000137
PAVS455	Severe sensorineural hearing impairment (HP:0008625)|DEAFNESS| AUTOSOMAL RECESSIVE 7; DFNB(OMIM:600974)	TMC1:NM_138691.3:c.100C>T	https://pubmed.ncbi.nlm.nih.gov/31854501/		PAVS455	['HP:0008625']	['Severe sensorineural hearing impairment']	['DEAFNESS', 'AUTOSOMAL RECESSIVE 7; DFNB(OMIM:600974)']	['TMC1']	['c.100C>T']	GENO:0000137	unknown zygosity	['OMIM:600974']	['Deafness, neurosensory, autosomal recessive 7']	HANCESTRO:0852	Middle Eastern population	GAZ:00005279	Saudi Arabia	['HP:0000365', 'HP:0008625']	['Hearing impairment', 'Severe sensorineural hearing impairment']	['OMIM:600974']	['Deafness, neurosensory, autosomal recessive 7']	['NM_138691.3(TMC1):c.100C>T']	['117531']	GENO:0000137
PAVS456	Severe sensorineural hearing impairment (HP:0008625)|DEAFNESS| AUTOSOMAL RECESSIVE 7; DFNB(OMIM:600974)	TMC1:NM_138691.3:c.100C>T	https://pubmed.ncbi.nlm.nih.gov/31854501/		PAVS456	['HP:0008625']	['Severe sensorineural hearing impairment']	['DEAFNESS', 'AUTOSOMAL RECESSIVE 7; DFNB(OMIM:600974)']	['TMC1']	['c.100C>T']	GENO:0000137	unknown zygosity	['OMIM:600974']	['Deafness, neurosensory, autosomal recessive 7']	HANCESTRO:0852	Middle Eastern population	GAZ:00005279	Saudi Arabia	['HP:0000365', 'HP:0008625']	['Hearing impairment', 'Severe sensorineural hearing impairment']	['OMIM:600974']	['Deafness, neurosensory, autosomal recessive 7']	['NM_138691.3(TMC1):c.100C>T']	['117531']	GENO:0000137
PAVS457	Severe sensorineural hearing impairment (HP:0008625)|DEAFNESS| AUTOSOMAL RECESSIVE 7; DFNB(OMIM:600974)	TMC1:NM_138691.3:c.1396_1398del	https://pubmed.ncbi.nlm.nih.gov/31854501/		PAVS457	['HP:0008625']	['Severe sensorineural hearing impairment']	['DEAFNESS', 'AUTOSOMAL RECESSIVE 7; DFNB(OMIM:600974)']	['TMC1']	['c.1396_1398del']	GENO:0000137	unknown zygosity	['OMIM:600974']	['Deafness, neurosensory, autosomal recessive 7']	HANCESTRO:0852	Middle Eastern population	GAZ:00005279	Saudi Arabia	['HP:0000365', 'HP:0008625']	['Hearing impairment', 'Severe sensorineural hearing impairment']	['OMIM:600974']	['Deafness, neurosensory, autosomal recessive 7']	['NM_138691.3(TMC1):c.1396_1398del']	['117531']	GENO:0000137
PAVS458	Severe sensorineural hearing impairment (HP:0008625)|DEAFNESS| AUTOSOMAL RECESSIVE 7; DFNB(OMIM:600974)	TMC1:NM_138691.3:c.100C>T	https://pubmed.ncbi.nlm.nih.gov/31854501/		PAVS458	['HP:0008625']	['Severe sensorineural hearing impairment']	['DEAFNESS', 'AUTOSOMAL RECESSIVE 7; DFNB(OMIM:600974)']	['TMC1']	['c.100C>T']	GENO:0000137	unknown zygosity	['OMIM:600974']	['Deafness, neurosensory, autosomal recessive 7']	HANCESTRO:0852	Middle Eastern population	GAZ:00005279	Saudi Arabia	['HP:0000365', 'HP:0008625']	['Hearing impairment', 'Severe sensorineural hearing impairment']	['OMIM:600974']	['Deafness, neurosensory, autosomal recessive 7']	['NM_138691.3(TMC1):c.100C>T']	['117531']	GENO:0000137
PAVS459	Severe sensorineural hearing impairment (HP:0008625)|DEAFNESS| AUTOSOMAL RECESSIVE 7; DFNB(OMIM:600974)	TMC1:NM_138691.3:c.100C>T	https://pubmed.ncbi.nlm.nih.gov/31854501/		PAVS459	['HP:0008625']	['Severe sensorineural hearing impairment']	['DEAFNESS', 'AUTOSOMAL RECESSIVE 7; DFNB(OMIM:600974)']	['TMC1']	['c.100C>T']	GENO:0000137	unknown zygosity	['OMIM:600974']	['Deafness, neurosensory, autosomal recessive 7']	HANCESTRO:0852	Middle Eastern population	GAZ:00005279	Saudi Arabia	['HP:0000365', 'HP:0008625']	['Hearing impairment', 'Severe sensorineural hearing impairment']	['OMIM:600974']	['Deafness, neurosensory, autosomal recessive 7']	['NM_138691.3(TMC1):c.100C>T']	['117531']	GENO:0000137
PAVS460	Severe sensorineural hearing impairment (HP:0008625)|DEAFNESS| AUTOSOMAL RECESSIVE 7; DFNB(OMIM:600974)	TMC1:NM_138691.3:c.100C>T	https://pubmed.ncbi.nlm.nih.gov/31854501/		PAVS460	['HP:0008625']	['Severe sensorineural hearing impairment']	['DEAFNESS', 'AUTOSOMAL RECESSIVE 7; DFNB(OMIM:600974)']	['TMC1']	['c.100C>T']	GENO:0000137	unknown zygosity	['OMIM:600974']	['Deafness, neurosensory, autosomal recessive 7']	HANCESTRO:0852	Middle Eastern population	GAZ:00005279	Saudi Arabia	['HP:0000365', 'HP:0008625']	['Hearing impairment', 'Severe sensorineural hearing impairment']	['OMIM:600974']	['Deafness, neurosensory, autosomal recessive 7']	['NM_138691.3(TMC1):c.100C>T']	['117531']	GENO:0000137
PAVS461	Severe sensorineural hearing impairment (HP:0008625)|DEAFNESS| AUTOSOMAL RECESSIVE 7; DFNB(OMIM:600974)	TMC1:NM_138691.3:c.758C>T	https://pubmed.ncbi.nlm.nih.gov/31854501/		PAVS461	['HP:0008625']	['Severe sensorineural hearing impairment']	['DEAFNESS', 'AUTOSOMAL RECESSIVE 7; DFNB(OMIM:600974)']	['TMC1']	['c.758C>T']	GENO:0000137	unknown zygosity	['OMIM:600974']	['Deafness, neurosensory, autosomal recessive 7']	HANCESTRO:0852	Middle Eastern population	GAZ:00005279	Saudi Arabia	['HP:0000365', 'HP:0008625']	['Hearing impairment', 'Severe sensorineural hearing impairment']	['OMIM:600974']	['Deafness, neurosensory, autosomal recessive 7']	['NM_138691.3(TMC1):c.758C>T']	['117531']	GENO:0000137
PAVS462	Severe sensorineural hearing impairment (HP:0008625)|DEAFNESS| AUTOSOMAL RECESSIVE 7; DFNB(OMIM:600974)	TMC1:NM_138691.3:c.758C>T	https://pubmed.ncbi.nlm.nih.gov/31854501/		PAVS462	['HP:0008625']	['Severe sensorineural hearing impairment']	['DEAFNESS', 'AUTOSOMAL RECESSIVE 7; DFNB(OMIM:600974)']	['TMC1']	['c.758C>T']	GENO:0000137	unknown zygosity	['OMIM:600974']	['Deafness, neurosensory, autosomal recessive 7']	HANCESTRO:0852	Middle Eastern population	GAZ:00005279	Saudi Arabia	['HP:0000365', 'HP:0008625']	['Hearing impairment', 'Severe sensorineural hearing impairment']	['OMIM:600974']	['Deafness, neurosensory, autosomal recessive 7']	['NM_138691.3(TMC1):c.758C>T']	['117531']	GENO:0000137
PAVS463	Severe sensorineural hearing impairment (HP:0008625)|DEAFNESS| AUTOSOMAL RECESSIVE 7; DFNB(OMIM:600974)	TMC1:NM_138691.3:c.100C>T	https://pubmed.ncbi.nlm.nih.gov/31854501/		PAVS463	['HP:0008625']	['Severe sensorineural hearing impairment']	['DEAFNESS', 'AUTOSOMAL RECESSIVE 7; DFNB(OMIM:600974)']	['TMC1']	['c.100C>T']	GENO:0000137	unknown zygosity	['OMIM:600974']	['Deafness, neurosensory, autosomal recessive 7']	HANCESTRO:0852	Middle Eastern population	GAZ:00005279	Saudi Arabia	['HP:0000365', 'HP:0008625']	['Hearing impairment', 'Severe sensorineural hearing impairment']	['OMIM:600974']	['Deafness, neurosensory, autosomal recessive 7']	['NM_138691.3(TMC1):c.100C>T']	['117531']	GENO:0000137
PAVS464	Severe sensorineural hearing impairment (HP:0008625)|DEAFNESS| AUTOSOMAL RECESSIVE 7; DFNB(OMIM:600974)	TMC1:NM_138691.3:c.100C>T	https://pubmed.ncbi.nlm.nih.gov/31854501/		PAVS464	['HP:0008625']	['Severe sensorineural hearing impairment']	['DEAFNESS', 'AUTOSOMAL RECESSIVE 7; DFNB(OMIM:600974)']	['TMC1']	['c.100C>T']	GENO:0000137	unknown zygosity	['OMIM:600974']	['Deafness, neurosensory, autosomal recessive 7']	HANCESTRO:0852	Middle Eastern population	GAZ:00005279	Saudi Arabia	['HP:0000365', 'HP:0008625']	['Hearing impairment', 'Severe sensorineural hearing impairment']	['OMIM:600974']	['Deafness, neurosensory, autosomal recessive 7']	['NM_138691.3(TMC1):c.100C>T']	['117531']	GENO:0000137
PAVS465	Severe sensorineural hearing impairment (HP:0008625)|DEAFNESS| AUTOSOMAL RECESSIVE 7; DFNB(OMIM:600974)	TMC1:NM_138691.3:c.100C>T	https://pubmed.ncbi.nlm.nih.gov/31854501/		PAVS465	['HP:0008625']	['Severe sensorineural hearing impairment']	['DEAFNESS', 'AUTOSOMAL RECESSIVE 7; DFNB(OMIM:600974)']	['TMC1']	['c.100C>T']	GENO:0000137	unknown zygosity	['OMIM:600974']	['Deafness, neurosensory, autosomal recessive 7']	HANCESTRO:0852	Middle Eastern population	GAZ:00005279	Saudi Arabia	['HP:0000365', 'HP:0008625']	['Hearing impairment', 'Severe sensorineural hearing impairment']	['OMIM:600974']	['Deafness, neurosensory, autosomal recessive 7']	['NM_138691.3(TMC1):c.100C>T']	['117531']	GENO:0000137
PAVS466	Severe sensorineural hearing impairment (HP:0008625)|DEAFNESS| AUTOSOMAL RECESSIVE 7; DFNB(OMIM:600974)	TMC1:NM_138691.3:c.362+3A>G	https://pubmed.ncbi.nlm.nih.gov/31854501/		PAVS466	['HP:0008625']	['Severe sensorineural hearing impairment']	['DEAFNESS', 'AUTOSOMAL RECESSIVE 7; DFNB(OMIM:600974)']	['TMC1']	['c.362+3A>G']	GENO:0000137	unknown zygosity	['OMIM:600974']	['Deafness, neurosensory, autosomal recessive 7']	HANCESTRO:0852	Middle Eastern population	GAZ:00005279	Saudi Arabia	['HP:0000365', 'HP:0008625']	['Hearing impairment', 'Severe sensorineural hearing impairment']	['OMIM:600974']	['Deafness, neurosensory, autosomal recessive 7']	['NM_138691.3(TMC1):c.362+3A>G']	['117531']	GENO:0000137
PAVS467	Severe sensorineural hearing impairment (HP:0008625)|DEAFNESS| AUTOSOMAL RECESSIVE 7; DFNB(OMIM:600974)	TMC1:NM_138691.3:c.362+3A>G	https://pubmed.ncbi.nlm.nih.gov/31854501/		PAVS467	['HP:0008625']	['Severe sensorineural hearing impairment']	['DEAFNESS', 'AUTOSOMAL RECESSIVE 7; DFNB(OMIM:600974)']	['TMC1']	['c.362+3A>G']	GENO:0000137	unknown zygosity	['OMIM:600974']	['Deafness, neurosensory, autosomal recessive 7']	HANCESTRO:0852	Middle Eastern population	GAZ:00005279	Saudi Arabia	['HP:0000365', 'HP:0008625']	['Hearing impairment', 'Severe sensorineural hearing impairment']	['OMIM:600974']	['Deafness, neurosensory, autosomal recessive 7']	['NM_138691.3(TMC1):c.362+3A>G']	['117531']	GENO:0000137
PAVS468	Severe sensorineural hearing impairment (HP:0008625)|DEAFNESS| AUTOSOMAL RECESSIVE 7; DFNB(OMIM:600974)	TMC1:NM_138691.3:c.100C>T	https://pubmed.ncbi.nlm.nih.gov/31854501/		PAVS468	['HP:0008625']	['Severe sensorineural hearing impairment']	['DEAFNESS', 'AUTOSOMAL RECESSIVE 7; DFNB(OMIM:600974)']	['TMC1']	['c.100C>T']	GENO:0000137	unknown zygosity	['OMIM:600974']	['Deafness, neurosensory, autosomal recessive 7']	HANCESTRO:0852	Middle Eastern population	GAZ:00005279	Saudi Arabia	['HP:0000365', 'HP:0008625']	['Hearing impairment', 'Severe sensorineural hearing impairment']	['OMIM:600974']	['Deafness, neurosensory, autosomal recessive 7']	['NM_138691.3(TMC1):c.100C>T']	['117531']	GENO:0000137
PAVS469	Severe sensorineural hearing impairment (HP:0008625)|DEAFNESS| AUTOSOMAL RECESSIVE 7; DFNB(OMIM:600974)	TMC1:NM_138691.3:c.100C>T	https://pubmed.ncbi.nlm.nih.gov/31854501/		PAVS469	['HP:0008625']	['Severe sensorineural hearing impairment']	['DEAFNESS', 'AUTOSOMAL RECESSIVE 7; DFNB(OMIM:600974)']	['TMC1']	['c.100C>T']	GENO:0000137	unknown zygosity	['OMIM:600974']	['Deafness, neurosensory, autosomal recessive 7']	HANCESTRO:0852	Middle Eastern population	GAZ:00005279	Saudi Arabia	['HP:0000365', 'HP:0008625']	['Hearing impairment', 'Severe sensorineural hearing impairment']	['OMIM:600974']	['Deafness, neurosensory, autosomal recessive 7']	['NM_138691.3(TMC1):c.100C>T']	['117531']	GENO:0000137
PAVS470	Macrocephaly at birth( HP:0004488)|Cobblestone cortex( HP:0007260)|Hydrocephalus(HP:0000238)|Buphthalmos(HP:0000557)| Microphthalmia(HP:0000568)|Subcortical cyst|MUSCULAR DYSTROPHY-DYSTROGLYCANOPATHY (CONGENITAL WITH BRAIN AND EYE ANOMALIES)| TYPE A| 1; MDevelopmental delayGA1(OMIM:236670)	POMT1:NM_007171.3:c.280+1G>T	https://pubmed.ncbi.nlm.nih.gov/33199158/		PAVS470	['HP:0000238', 'HP:0000557', 'HP:0000568', 'HP:0004488', 'HP:0007260']	['Hydrocephalus', 'Buphthalmos', 'Microphthalmia', 'Macrocephaly at birth', 'Type II lissencephaly']	['Subcortical cyst', 'MUSCULAR DYSTROPHY-DYSTROGLYCANOPATHY (CONGENITAL WITH BRAIN AND EYE ANOMALIES)', 'TYPE A', '1; MDevelopmental delayGA1(OMIM:236670)']	['POMT1']	['c.280+1G>T']	GENO:0000137	unknown zygosity	['OMIM:236670']	['Muscular dystrophy-dystroglycanopathy (congenital with brain and eye anomalies), type A, 1']	HANCESTRO:0852	Middle Eastern population	GAZ:00005279	Saudi Arabia	['HP:0000238', 'HP:0000557', 'HP:0000568', 'HP:0004488', 'HP:0005696', 'HP:0007260', 'HP:6000461']	['Hydrocephalus', 'Buphthalmos', 'Microphthalmia', 'Macrocephaly at birth', 'Postaxial polydactyly type A', 'Type II lissencephaly', 'Cerebral subcortical cyst']	['OMIM:236670', 'OMIM:253280']	['Muscular dystrophy-dystroglycanopathy (congenital with brain and eye anomalies), type A, 1', 'Muscular dystrophy-dystroglycanopathy (congenital with brain and eye anomalies), type A, 3']	['NM_007171.3(POMT1):c.280+1G>T']	['10585']	GENO:0000137
PAVS471	Macrocephaly at birth( HP:0004488)|Cobblestone cortex( HP:0007260)|Hydrocephalus(HP:0000238)|Buphthalmos(HP:0000557)| Microphthalmia(HP:0000568)|Basifrontal midline fusion|MUSCULAR DYSTROPHY-DYSTROGLYCANOPATHY (CONGENITAL WITH BRAIN AND EYE ANOMALIES)| TYPE A| 1; MDevelopmental delayGA1(OMIM:236670)	POMT1:NM_007171.3:c.1241+4_1241+7del	https://pubmed.ncbi.nlm.nih.gov/33199158/		PAVS471	['HP:0000238', 'HP:0000557', 'HP:0000568', 'HP:0004488', 'HP:0007260']	['Hydrocephalus', 'Buphthalmos', 'Microphthalmia', 'Macrocephaly at birth', 'Type II lissencephaly']	['Basifrontal midline fusion', 'MUSCULAR DYSTROPHY-DYSTROGLYCANOPATHY (CONGENITAL WITH BRAIN AND EYE ANOMALIES)', 'TYPE A', '1; MDevelopmental delayGA1(OMIM:236670)']	['POMT1']	['c.1241+4_1241+7del']	GENO:0000137	unknown zygosity	['OMIM:236670']	['Muscular dystrophy-dystroglycanopathy (congenital with brain and eye anomalies), type A, 1']	HANCESTRO:0852	Middle Eastern population	GAZ:00005279	Saudi Arabia	['HP:0000238', 'HP:0000557', 'HP:0000568', 'HP:0004488', 'HP:0007260']	['Hydrocephalus', 'Buphthalmos', 'Microphthalmia', 'Macrocephaly at birth', 'Type II lissencephaly']	['OMIM:236670', 'OMIM:253280', 'OMIM:301044']	['Muscular dystrophy-dystroglycanopathy (congenital with brain and eye anomalies), type A, 1', 'Muscular dystrophy-dystroglycanopathy (congenital with brain and eye anomalies), type A, 3', 'Developmental and epileptic encephalopathy 85, with or without midline brain defects']	['NM_007171.3(POMT1):c.1241+4_1241+7del']	['10585']	GENO:0000137
PAVS472	Macrocephaly at birth( HP:0004488)|Cobblestone cortex( HP:0007260)|Hydrocephalus(HP:0000238)|Buphthalmos(HP:0000557)| Microphthalmia(HP:0000568)|Subependymal heterotopia|Polymicrogyria|Cerebellar heterotopia|MUSCULAR DYSTROPHY-DYSTROGLYCANOPATHY (CONGENITAL WITH BRAIN AND EYE ANOMALIES)| TYPE A| 1; MDevelopmental delayGA1(OMIM:236670)	POMT1:NM_007171.3:c.1241+4_1241+7del	https://pubmed.ncbi.nlm.nih.gov/33199158/		PAVS472	['HP:0000238', 'HP:0000557', 'HP:0000568', 'HP:0004488', 'HP:0007260']	['Hydrocephalus', 'Buphthalmos', 'Microphthalmia', 'Macrocephaly at birth', 'Type II lissencephaly']	['Subependymal heterotopia', 'Polymicrogyria', 'Cerebellar heterotopia', 'MUSCULAR DYSTROPHY-DYSTROGLYCANOPATHY (CONGENITAL WITH BRAIN AND EYE ANOMALIES)', 'TYPE A', '1; MDevelopmental delayGA1(OMIM:236670)']	['POMT1']	['c.1241+4_1241+7del']	GENO:0000137	unknown zygosity	['OMIM:236670']	['Muscular dystrophy-dystroglycanopathy (congenital with brain and eye anomalies), type A, 1']	HANCESTRO:0852	Middle Eastern population	GAZ:00005279	Saudi Arabia	['HP:0000238', 'HP:0000557', 'HP:0000568', 'HP:0002126', 'HP:0002282', 'HP:0004488', 'HP:0007165', 'HP:0007260']	['Hydrocephalus', 'Buphthalmos', 'Microphthalmia', 'Polymicrogyria', 'Gray matter heterotopia', 'Macrocephaly at birth', 'Periventricular heterotopia', 'Type II lissencephaly']	['OMIM:112500', 'OMIM:236670', 'OMIM:253280']	['Brachydactyly, type A1', 'Muscular dystrophy-dystroglycanopathy (congenital with brain and eye anomalies), type A, 1', 'Muscular dystrophy-dystroglycanopathy (congenital with brain and eye anomalies), type A, 3']	['NM_007171.3(POMT1):c.1241+4_1241+7del']	['10585']	GENO:0000137
PAVS473	Macrocephaly at birth( HP:0004488)|Cobblestone cortex( HP:0007260)|Hydrocephalus(HP:0000238)|Buphthalmos(HP:0000557)| Microphthalmia(HP:0000568)|MUSCULAR DYSTROPHY-DYSTROGLYCANOPATHY (CONGENITAL WITH BRAIN AND EYE ANOMALIES)| TYPE A| 1; MDevelopmental delayGA1(OMIM:236670)	POMT1:NM_007171.3:c.280+1G>T	https://pubmed.ncbi.nlm.nih.gov/33199158/		PAVS473	['HP:0000238', 'HP:0000557', 'HP:0000568', 'HP:0004488', 'HP:0007260']	['Hydrocephalus', 'Buphthalmos', 'Microphthalmia', 'Macrocephaly at birth', 'Type II lissencephaly']	['MUSCULAR DYSTROPHY-DYSTROGLYCANOPATHY (CONGENITAL WITH BRAIN AND EYE ANOMALIES)', 'TYPE A', '1; MDevelopmental delayGA1(OMIM:236670)']	['POMT1']	['c.280+1G>T']	GENO:0000137	unknown zygosity	['OMIM:236670']	['Muscular dystrophy-dystroglycanopathy (congenital with brain and eye anomalies), type A, 1']	HANCESTRO:0852	Middle Eastern population	GAZ:00005279	Saudi Arabia	['HP:0000238', 'HP:0000557', 'HP:0000568', 'HP:0004488', 'HP:0005696', 'HP:0007260']	['Hydrocephalus', 'Buphthalmos', 'Microphthalmia', 'Macrocephaly at birth', 'Postaxial polydactyly type A', 'Type II lissencephaly']	['OMIM:236670', 'OMIM:253280']	['Muscular dystrophy-dystroglycanopathy (congenital with brain and eye anomalies), type A, 1', 'Muscular dystrophy-dystroglycanopathy (congenital with brain and eye anomalies), type A, 3']	['NM_007171.3(POMT1):c.280+1G>T']	['10585']	GENO:0000137
PAVS474	Macrocephaly at birth( HP:0004488)|Cobblestone cortex( HP:0007260)|Hydrocephalus(HP:0000238)|Buphthalmos(HP:0000557)| Microphthalmia(HP:0000568)|MUSCULAR DYSTROPHY-DYSTROGLYCANOPATHY (CONGENITAL WITH BRAIN AND EYE ANOMALIES)| TYPE A| 1; MDevelopmental delayGA1(OMIM:236670)	POMT1:NM_007171.3:c.1241+4_1241+7del	https://pubmed.ncbi.nlm.nih.gov/33199158/		PAVS474	['HP:0000238', 'HP:0000557', 'HP:0000568', 'HP:0004488', 'HP:0007260']	['Hydrocephalus', 'Buphthalmos', 'Microphthalmia', 'Macrocephaly at birth', 'Type II lissencephaly']	['MUSCULAR DYSTROPHY-DYSTROGLYCANOPATHY (CONGENITAL WITH BRAIN AND EYE ANOMALIES)', 'TYPE A', '1; MDevelopmental delayGA1(OMIM:236670)']	['POMT1']	['c.1241+4_1241+7del']	GENO:0000137	unknown zygosity	['OMIM:236670']	['Muscular dystrophy-dystroglycanopathy (congenital with brain and eye anomalies), type A, 1']	HANCESTRO:0852	Middle Eastern population	GAZ:00005279	Saudi Arabia	['HP:0000238', 'HP:0000557', 'HP:0000568', 'HP:0004488', 'HP:0007260']	['Hydrocephalus', 'Buphthalmos', 'Microphthalmia', 'Macrocephaly at birth', 'Type II lissencephaly']	['OMIM:112500', 'OMIM:236670', 'OMIM:253280']	['Brachydactyly, type A1', 'Muscular dystrophy-dystroglycanopathy (congenital with brain and eye anomalies), type A, 1', 'Muscular dystrophy-dystroglycanopathy (congenital with brain and eye anomalies), type A, 3']	['NM_007171.3(POMT1):c.1241+4_1241+7del']	['10585']	GENO:0000137
PAVS475	Macrocephaly at birth( HP:0004488)|Cobblestone cortex( HP:0007260)|Hydrocephalus(HP:0000238)|Buphthalmos(HP:0000557)| Microphthalmia(HP:0000568)|MUSCULAR DYSTROPHY-DYSTROGLYCANOPATHY (CONGENITAL WITH BRAIN AND EYE ANOMALIES)| TYPE A| 10; MDevelopmental delayGA10(OMIM:615041)	TMEM5:NM_014254.3:c.997G>A	https://pubmed.ncbi.nlm.nih.gov/33199158/		PAVS475	['HP:0000238', 'HP:0000557', 'HP:0000568', 'HP:0004488', 'HP:0007260']	['Hydrocephalus', 'Buphthalmos', 'Microphthalmia', 'Macrocephaly at birth', 'Type II lissencephaly']	['MUSCULAR DYSTROPHY-DYSTROGLYCANOPATHY (CONGENITAL WITH BRAIN AND EYE ANOMALIES)', 'TYPE A', '10; MDevelopmental delayGA10(OMIM:615041)']	['TMEM5']	['c.997G>A']	GENO:0000137	unknown zygosity	['OMIM:615041']	['Muscular dystrophy-dystroglycanopathy (congenital with brain and eye anomalies), type A, 10']	HANCESTRO:0852	Middle Eastern population	GAZ:00005279	Saudi Arabia	['HP:0000238', 'HP:0000557', 'HP:0000568', 'HP:0004488', 'HP:0007260']	['Hydrocephalus', 'Buphthalmos', 'Microphthalmia', 'Macrocephaly at birth', 'Type II lissencephaly']	['OMIM:112500', 'OMIM:253280', 'OMIM:615041']	['Brachydactyly, type A1', 'Muscular dystrophy-dystroglycanopathy (congenital with brain and eye anomalies), type A, 3', 'Muscular dystrophy-dystroglycanopathy (congenital with brain and eye anomalies), type A, 10']	['NM_014254.3(TMEM5):c.997G>A']	['10329']	GENO:0000137
PAVS476	Macrocephaly at birth( HP:0004488)|Cobblestone cortex( HP:0007260)|Hydrocephalus(HP:0000238)|Buphthalmos(HP:0000557)| Microphthalmia(HP:0000568)|Subependymal heterotopia|MUSCULAR DYSTROPHY-DYSTROGLYCANOPATHY (CONGENITAL WITH BRAIN AND EYE ANOMALIES)| TYPE A| 10; MDevelopmental delayGA10(OMIM:615041)	TMEM5:NM_014254.3:c.389G>A	https://pubmed.ncbi.nlm.nih.gov/33199158/		PAVS476	['HP:0000238', 'HP:0000557', 'HP:0000568', 'HP:0004488', 'HP:0007260']	['Hydrocephalus', 'Buphthalmos', 'Microphthalmia', 'Macrocephaly at birth', 'Type II lissencephaly']	['Subependymal heterotopia', 'MUSCULAR DYSTROPHY-DYSTROGLYCANOPATHY (CONGENITAL WITH BRAIN AND EYE ANOMALIES)', 'TYPE A', '10; MDevelopmental delayGA10(OMIM:615041)']	['TMEM5']	['c.389G>A']	GENO:0000137	unknown zygosity	['OMIM:615041']	['Muscular dystrophy-dystroglycanopathy (congenital with brain and eye anomalies), type A, 10']	HANCESTRO:0852	Middle Eastern population	GAZ:00005279	Saudi Arabia	['HP:0000238', 'HP:0000557', 'HP:0000568', 'HP:0004488', 'HP:0007165', 'HP:0007260']	['Hydrocephalus', 'Buphthalmos', 'Microphthalmia', 'Macrocephaly at birth', 'Periventricular heterotopia', 'Type II lissencephaly']	['OMIM:253280', 'OMIM:615041']	['Muscular dystrophy-dystroglycanopathy (congenital with brain and eye anomalies), type A, 3', 'Muscular dystrophy-dystroglycanopathy (congenital with brain and eye anomalies), type A, 10']	['NM_014254.3(TMEM5):c.389G>A']	['10329']	GENO:0000137
PAVS477	Macrocephaly at birth( HP:0004488)|Cobblestone cortex( HP:0007260)|Hydrocephalus(HP:0000238)|Buphthalmos(HP:0000557)| Microphthalmia(HP:0000568)|MUSCULAR DYSTROPHY-DYSTROGLYCANOPATHY (CONGENITAL WITH BRAIN AND EYE ANOMALIES)| TYPE A| 10; MDevelopmental delayGA10(OMIM:615041)	TMEM5:NM_014254.3:c.389G>A	https://pubmed.ncbi.nlm.nih.gov/33199158/		PAVS477	['HP:0000238', 'HP:0000557', 'HP:0000568', 'HP:0004488', 'HP:0007260']	['Hydrocephalus', 'Buphthalmos', 'Microphthalmia', 'Macrocephaly at birth', 'Type II lissencephaly']	['MUSCULAR DYSTROPHY-DYSTROGLYCANOPATHY (CONGENITAL WITH BRAIN AND EYE ANOMALIES)', 'TYPE A', '10; MDevelopmental delayGA10(OMIM:615041)']	['TMEM5']	['c.389G>A']	GENO:0000137	unknown zygosity	['OMIM:615041']	['Muscular dystrophy-dystroglycanopathy (congenital with brain and eye anomalies), type A, 10']	HANCESTRO:0852	Middle Eastern population	GAZ:00005279	Saudi Arabia	['HP:0000238', 'HP:0000557', 'HP:0000568', 'HP:0004488', 'HP:0007260']	['Hydrocephalus', 'Buphthalmos', 'Microphthalmia', 'Macrocephaly at birth', 'Type II lissencephaly']	['OMIM:253280', 'OMIM:615041']	['Muscular dystrophy-dystroglycanopathy (congenital with brain and eye anomalies), type A, 3', 'Muscular dystrophy-dystroglycanopathy (congenital with brain and eye anomalies), type A, 10']	['NM_014254.3(TMEM5):c.389G>A']	['10329']	GENO:0000137
PAVS478	"Macrocephaly at birth( HP:0004488)|Cobblestone cortex( HP:0007260)|Hydrocephalus(HP:0000238)|Buphthalmos(HP:0000557)| Microphthalmia(HP:0000568)|Subependymal heterotopia
Open lip schizencephaly|Occipital polymicrogyria|Occipital midline fusion|Moderate ventricular dilatation|Elongated thick tectum| High occipital encephalocele|Moderate ventriculomegaly|Meningoencephalocele|MUSCULAR DYSTROPHY-DYSTROGLYCANOPATHY (CONGENITAL WITH BRAIN AND EYE ANOMALIES)| TYPE A| 7; MDevelopmental delayGA7(OMIM:614643)"	ISPD:NM_001101426.4:c.641C>T|GRCh37:NC_000007.13:g.16312789_16323521del	https://pubmed.ncbi.nlm.nih.gov/33199158/		PAVS478	['HP:0000238', 'HP:0000557', 'HP:0000568', 'HP:0004488', 'HP:0007260']	['Hydrocephalus', 'Buphthalmos', 'Microphthalmia', 'Macrocephaly at birth', 'Type II lissencephaly']	['Subependymal heterotopia\nOpen lip schizencephaly', 'Occipital polymicrogyria', 'Occipital midline fusion', 'Moderate ventricular dilatation', 'Elongated thick tectum', 'High occipital encephalocele', 'Moderate ventriculomegaly', 'Meningoencephalocele', 'MUSCULAR DYSTROPHY-DYSTROGLYCANOPATHY (CONGENITAL WITH BRAIN AND EYE ANOMALIES)', 'TYPE A', '7; MDevelopmental delayGA7(OMIM:614643)']	['ISPD']	['c.641C>T|GRCh37']	GENO:0000137	unknown zygosity	['OMIM:614643']	['Muscular dystrophy-dystroglycanopathy (congenital with brain and eye anomalies), type A, 7']	HANCESTRO:0852	Middle Eastern population	GAZ:00005279	Saudi Arabia	['HP:0000238', 'HP:0000557', 'HP:0000568', 'HP:0000930', 'HP:0002085', 'HP:0002119', 'HP:0002126', 'HP:0002282', 'HP:0004488', 'HP:0005696', 'HP:0006888', 'HP:0007260', 'HP:0034405']	['Hydrocephalus', 'Buphthalmos', 'Microphthalmia', 'Elevated imprint of the transverse sinuses', 'Occipital encephalocele', 'Ventriculomegaly', 'Polymicrogyria', 'Gray matter heterotopia', 'Macrocephaly at birth', 'Postaxial polydactyly type A', 'Meningoencephalocele', 'Type II lissencephaly', 'Enlarged tectum']	['OMIM:253280', 'OMIM:614643']	['Muscular dystrophy-dystroglycanopathy (congenital with brain and eye anomalies), type A, 3', 'Muscular dystrophy-dystroglycanopathy (congenital with brain and eye anomalies), type A, 7']	['NM_001101426.4(ISPD):c.641C>T|GRCh37']	['729920']	GENO:0000137
PAVS479	Macrocephaly at birth( HP:0004488)|Cobblestone cortex( HP:0007260)|Hydrocephalus(HP:0000238)|Buphthalmos(HP:0000557)| Microphthalmia(HP:0000568)|Subependymal heterotopia|MUSCULAR DYSTROPHY-DYSTROGLYCANOPATHY (CONGENITAL WITH BRAIN AND EYE ANOMALIES)| TYPE A| 7; MDevelopmental delayGA7(OMIM:614643)	ISPD:NM_001101426.4:c.790-1G>C|PGAP2:NM_001256236:c.362C>T	https://pubmed.ncbi.nlm.nih.gov/33199158/		PAVS479	['HP:0000238', 'HP:0000557', 'HP:0000568', 'HP:0004488', 'HP:0007260']	['Hydrocephalus', 'Buphthalmos', 'Microphthalmia', 'Macrocephaly at birth', 'Type II lissencephaly']	['Subependymal heterotopia', 'MUSCULAR DYSTROPHY-DYSTROGLYCANOPATHY (CONGENITAL WITH BRAIN AND EYE ANOMALIES)', 'TYPE A', '7; MDevelopmental delayGA7(OMIM:614643)']	['ISPD']	['c.790-1G>C|PGAP2']	GENO:0000137	unknown zygosity	['OMIM:614643']	['Muscular dystrophy-dystroglycanopathy (congenital with brain and eye anomalies), type A, 7']	HANCESTRO:0852	Middle Eastern population	GAZ:00005279	Saudi Arabia	['HP:0000238', 'HP:0000557', 'HP:0000568', 'HP:0004488', 'HP:0007165', 'HP:0007260']	['Hydrocephalus', 'Buphthalmos', 'Microphthalmia', 'Macrocephaly at birth', 'Periventricular heterotopia', 'Type II lissencephaly']	['OMIM:112500', 'OMIM:253280', 'OMIM:614643']	['Brachydactyly, type A1', 'Muscular dystrophy-dystroglycanopathy (congenital with brain and eye anomalies), type A, 3', 'Muscular dystrophy-dystroglycanopathy (congenital with brain and eye anomalies), type A, 7']	['NM_001101426.4(ISPD):c.790-1G>C|PGAP2']	['729920']	GENO:0000137
PAVS480	"Macrocephaly at birth( HP:0004488)|Cobblestone cortex( HP:0007260)|Hydrocephalus(HP:0000238)|Buphthalmos(HP:0000557)| Microphthalmia(HP:0000568)|Subcortical cyst
Frontal midline fusion|MUSCULAR DYSTROPHY-DYSTROGLYCANOPATHY (CONGENITAL WITH BRAIN AND EYE ANOMALIES)| TYPE A| 2; MDevelopmental delayGA2(OMIM:613150 )"	POMT2:NM_013382.7:c.1159delA	https://pubmed.ncbi.nlm.nih.gov/33199158/		PAVS480	['HP:0000238', 'HP:0000557', 'HP:0000568', 'HP:0004488', 'HP:0007260']	['Hydrocephalus', 'Buphthalmos', 'Microphthalmia', 'Macrocephaly at birth', 'Type II lissencephaly']	['Subcortical cyst\nFrontal midline fusion', 'MUSCULAR DYSTROPHY-DYSTROGLYCANOPATHY (CONGENITAL WITH BRAIN AND EYE ANOMALIES)', 'TYPE A', '2; MDevelopmental delayGA2(OMIM:613150 )']	['POMT2']	['c.1159delA']	GENO:0000137	unknown zygosity	['OMIM:613150']	['Muscular dystrophy-dystroglycanopathy (congenital with brain and eye anomalies), type A, 2']	HANCESTRO:0852	Middle Eastern population	GAZ:00005279	Saudi Arabia	['HP:0000238', 'HP:0000557', 'HP:0000568', 'HP:0004488', 'HP:0007260']	['Hydrocephalus', 'Buphthalmos', 'Microphthalmia', 'Macrocephaly at birth', 'Type II lissencephaly']	['OMIM:253280', 'OMIM:613150', 'OMIM:620448']	['Muscular dystrophy-dystroglycanopathy (congenital with brain and eye anomalies), type A, 3', 'Muscular dystrophy-dystroglycanopathy (congenital with brain and eye anomalies), type A, 2', 'Megalencephalic leukoencephalopathy with subcortical cysts 4, remitting']	['NM_013382.7(POMT2):c.1159delA']	['29954']	GENO:0000137
PAVS481	Prominent forehead|Strabismus|Impaired smooth pursuit|Upturned nose|Anteverted nostrils|Delayed psychomotor development|Intellectual disability,|Ataxia|Hypotonia	RPGRIP1L:NM_015272.5:c.1649A>G	https://pubmed.ncbi.nlm.nih.gov/22693042/		PAVS481	[]	[]	['Prominent forehead', 'Strabismus', 'Impaired smooth pursuit', 'Upturned nose', 'Anteverted nostrils', 'Delayed psychomotor development', 'Intellectual disability,', 'Ataxia', 'Hypotonia']	['RPGRIP1L']	['c.1649A>G']	GENO:0000137	unknown zygosity	[]	[]	HANCESTRO:0852	Middle Eastern population	GAZ:00005279	Saudi Arabia	['HP:0000463', 'HP:0000486', 'HP:0001249', 'HP:0001251', 'HP:0001252', 'HP:0001263', 'HP:0007772', 'HP:0011220']	['Anteverted nares', 'Strabismus', 'Intellectual disability', 'Ataxia', 'Hypotonia', 'Global developmental delay', 'Impaired smooth pursuit', 'Prominent forehead']	[]	[]	['NM_015272.5(RPGRIP1L):c.1649A>G']	['23322']	GENO:0000137
PAVS482	Strabismus|Impaired smooth pursuit|Oculomotor apraxia|Delayed psychomotor development|Intellectual disability,|Ataxia|Hypotonia	AHI1:NM_001134831.2:c.1328T>A	https://pubmed.ncbi.nlm.nih.gov/22693042/		PAVS482	[]	[]	['Strabismus', 'Impaired smooth pursuit', 'Oculomotor apraxia', 'Delayed psychomotor development', 'Intellectual disability,', 'Ataxia', 'Hypotonia']	['AHI1']	['c.1328T>A']	GENO:0000137	unknown zygosity	[]	[]	HANCESTRO:0852	Middle Eastern population	GAZ:00005279	Saudi Arabia	['HP:0000486', 'HP:0000657', 'HP:0001249', 'HP:0001251', 'HP:0001252', 'HP:0001263', 'HP:0007772']	['Strabismus', 'Oculomotor apraxia', 'Intellectual disability', 'Ataxia', 'Hypotonia', 'Global developmental delay', 'Impaired smooth pursuit']	[]	[]	['NM_001134831.2(AHI1):c.1328T>A']	['54806']	GENO:0000137
PAVS483	Prominent forehead|Strabismus|Impaired smooth pursuit|Upturned nose|Anteverted nostrils|Delayed psychomotor development|Intellectual disability,|Hypotonia|Renal cysts	CEP290:NM_025114.4:c.4714G>T	https://pubmed.ncbi.nlm.nih.gov/22693042/		PAVS483	[]	[]	['Prominent forehead', 'Strabismus', 'Impaired smooth pursuit', 'Upturned nose', 'Anteverted nostrils', 'Delayed psychomotor development', 'Intellectual disability,', 'Hypotonia', 'Renal cysts']	['CEP290']	['c.4714G>T']	GENO:0000137	unknown zygosity	[]	[]	HANCESTRO:0852	Middle Eastern population	GAZ:00005279	Saudi Arabia	['HP:0000107', 'HP:0000463', 'HP:0000486', 'HP:0001249', 'HP:0001252', 'HP:0001263', 'HP:0007772', 'HP:0011220']	['Renal cyst', 'Anteverted nares', 'Strabismus', 'Intellectual disability', 'Hypotonia', 'Global developmental delay', 'Impaired smooth pursuit', 'Prominent forehead']	[]	[]	['NM_025114.4(CEP290):c.4714G>T']	['80184']	GENO:0000137
PAVS484	Prominent forehead|Strabismus|Impaired smooth pursuit|Upturned nose|Anteverted nostrils|Delayed psychomotor development|Intellectual disability,|Hypotonia	TMEM237:NM_001044385.3:c.869+1G>A	https://pubmed.ncbi.nlm.nih.gov/22693042/		PAVS484	[]	[]	['Prominent forehead', 'Strabismus', 'Impaired smooth pursuit', 'Upturned nose', 'Anteverted nostrils', 'Delayed psychomotor development', 'Intellectual disability,', 'Hypotonia']	['TMEM237']	['c.869+1G>A']	GENO:0000137	unknown zygosity	[]	[]	HANCESTRO:0852	Middle Eastern population	GAZ:00005279	Saudi Arabia	['HP:0000463', 'HP:0000486', 'HP:0001249', 'HP:0001252', 'HP:0001263', 'HP:0007772', 'HP:0011220']	['Anteverted nares', 'Strabismus', 'Intellectual disability', 'Hypotonia', 'Global developmental delay', 'Impaired smooth pursuit', 'Prominent forehead']	[]	[]	['NM_001044385.3(TMEM237):c.869+1G>A']	['65062']	GENO:0000137
PAVS485	Prominent forehead|Strabismus|Impaired smooth pursuit|Upturned nose|Anteverted nostrils|Delayed psychomotor development|Intellectual disability,|hypotonia|Hemifacial spasms	C5orf42:NM_023073.4:c.7978C>T	https://pubmed.ncbi.nlm.nih.gov/22693042/		PAVS485	[]	[]	['Prominent forehead', 'Strabismus', 'Impaired smooth pursuit', 'Upturned nose', 'Anteverted nostrils', 'Delayed psychomotor development', 'Intellectual disability,', 'hypotonia', 'Hemifacial spasms']	['C5orf42']	['c.7978C>T']	GENO:0000137	unknown zygosity	[]	[]	HANCESTRO:0852	Middle Eastern population	GAZ:00005279	Saudi Arabia	['HP:0000463', 'HP:0000486', 'HP:0001249', 'HP:0001252', 'HP:0001263', 'HP:0007772', 'HP:0010828', 'HP:0011220']	['Anteverted nares', 'Strabismus', 'Intellectual disability', 'Hypotonia', 'Global developmental delay', 'Impaired smooth pursuit', 'Hemifacial spasm', 'Prominent forehead']	[]	[]	['NM_023073.4(C5orf42):c.7978C>T']	['65250']	GENO:0000137
PAVS486	Prominent forehead|Strabismus|Impaired smooth pursuit|Upturned nose|Anteverted nostrils|Delayed psychomotor development|Intellectual disability,|Hypotonia	C5orf42:NM_023073.4:c.7988_7989delGA	https://pubmed.ncbi.nlm.nih.gov/22693042/		PAVS486	[]	[]	['Prominent forehead', 'Strabismus', 'Impaired smooth pursuit', 'Upturned nose', 'Anteverted nostrils', 'Delayed psychomotor development', 'Intellectual disability,', 'Hypotonia']	['C5orf42']	['c.7988_7989delGA']	GENO:0000137	unknown zygosity	[]	[]	HANCESTRO:0852	Middle Eastern population	GAZ:00005279	Saudi Arabia	['HP:0000463', 'HP:0000486', 'HP:0001249', 'HP:0001252', 'HP:0001263', 'HP:0007772', 'HP:0011220']	['Anteverted nares', 'Strabismus', 'Intellectual disability', 'Hypotonia', 'Global developmental delay', 'Impaired smooth pursuit', 'Prominent forehead']	[]	[]	['NM_023073.4(C5orf42):c.7988_7989delGA']	['65250']	GENO:0000137
PAVS487	Prominent forehead|Strabismus|Impaired smooth pursuit|Upturned nose|Anteverted nostrils|Delayed psychomotor development|Intellectual disability,|Occipital meningocele|Abnormal ERG	C5orf42:NM_023073.4:c.7988_7989delGA	https://pubmed.ncbi.nlm.nih.gov/22693042/		PAVS487	[]	[]	['Prominent forehead', 'Strabismus', 'Impaired smooth pursuit', 'Upturned nose', 'Anteverted nostrils', 'Delayed psychomotor development', 'Intellectual disability,', 'Occipital meningocele', 'Abnormal ERG']	['C5orf42']	['c.7988_7989delGA']	GENO:0000137	unknown zygosity	[]	[]	HANCESTRO:0852	Middle Eastern population	GAZ:00005279	Saudi Arabia	['HP:0000463', 'HP:0000486', 'HP:0000512', 'HP:0001249', 'HP:0001263', 'HP:0002436', 'HP:0007772', 'HP:0011220']	['Anteverted nares', 'Strabismus', 'Abnormal electroretinogram', 'Intellectual disability', 'Global developmental delay', 'Occipital meningocele', 'Impaired smooth pursuit', 'Prominent forehead']	[]	[]	['NM_023073.4(C5orf42):c.7988_7989delGA']	['65250']	GENO:0000137
PAVS488	Prominent forehead|Strabismus|Impaired smooth pursuit|Upturned nose|Anteverted nostrils|Delayed psychomotor development|Intellectual disability,|Hypotonia	TCTN1:NM_001082538.3:c.342-2A>G	https://pubmed.ncbi.nlm.nih.gov/22693042/		PAVS488	[]	[]	['Prominent forehead', 'Strabismus', 'Impaired smooth pursuit', 'Upturned nose', 'Anteverted nostrils', 'Delayed psychomotor development', 'Intellectual disability,', 'Hypotonia']	['TCTN1']	['c.342-2A>G']	GENO:0000137	unknown zygosity	[]	[]	HANCESTRO:0852	Middle Eastern population	GAZ:00005279	Saudi Arabia	['HP:0000463', 'HP:0000486', 'HP:0001249', 'HP:0001252', 'HP:0001263', 'HP:0007772', 'HP:0011220']	['Anteverted nares', 'Strabismus', 'Intellectual disability', 'Hypotonia', 'Global developmental delay', 'Impaired smooth pursuit', 'Prominent forehead']	[]	[]	['NM_001082538.3(TCTN1):c.342-2A>G']	['79600']	GENO:0000137
PAVS489	Prominent forehead|Strabismus|Impaired smooth pursuit|Upturned nose|Anteverted nostrils|Delayed psychomotor development|Intellectual disability,|Hypotonia	TCTN1:NM_001082538.3:c.342-2A>G	https://pubmed.ncbi.nlm.nih.gov/22693042/		PAVS489	[]	[]	['Prominent forehead', 'Strabismus', 'Impaired smooth pursuit', 'Upturned nose', 'Anteverted nostrils', 'Delayed psychomotor development', 'Intellectual disability,', 'Hypotonia']	['TCTN1']	['c.342-2A>G']	GENO:0000137	unknown zygosity	[]	[]	HANCESTRO:0852	Middle Eastern population	GAZ:00005279	Saudi Arabia	['HP:0000463', 'HP:0000486', 'HP:0001249', 'HP:0001252', 'HP:0001263', 'HP:0007772', 'HP:0011220']	['Anteverted nares', 'Strabismus', 'Intellectual disability', 'Hypotonia', 'Global developmental delay', 'Impaired smooth pursuit', 'Prominent forehead']	[]	[]	['NM_001082538.3(TCTN1):c.342-2A>G']	['79600']	GENO:0000137
PAVS490	Prominent forehead|Strabismus|Impaired smooth pursuit|Upturned nose|Anteverted nostrils|Delayed psychomotor development|Intellectual disability,|Ataxia|Hypotonia|Abnormal ERG	TCTN1:NM_001082538.3:c.342-2A>G	https://pubmed.ncbi.nlm.nih.gov/22693042/		PAVS490	[]	[]	['Prominent forehead', 'Strabismus', 'Impaired smooth pursuit', 'Upturned nose', 'Anteverted nostrils', 'Delayed psychomotor development', 'Intellectual disability,', 'Ataxia', 'Hypotonia', 'Abnormal ERG']	['TCTN1']	['c.342-2A>G']	GENO:0000137	unknown zygosity	[]	[]	HANCESTRO:0852	Middle Eastern population	GAZ:00005279	Saudi Arabia	['HP:0000463', 'HP:0000486', 'HP:0000512', 'HP:0001249', 'HP:0001251', 'HP:0001252', 'HP:0001263', 'HP:0007772', 'HP:0011220']	['Anteverted nares', 'Strabismus', 'Abnormal electroretinogram', 'Intellectual disability', 'Ataxia', 'Hypotonia', 'Global developmental delay', 'Impaired smooth pursuit', 'Prominent forehead']	[]	[]	['NM_001082538.3(TCTN1):c.342-2A>G']	['79600']	GENO:0000137
PAVS491	Prominent forehead|Strabismus|Impaired smooth pursuit|Upturned nose|Anteverted nostrils|Delayed psychomotor development|Intellectual disability,|Ataxia|Hypotonia	AHI1:NM_001134831.3:c.1328T>A	https://pubmed.ncbi.nlm.nih.gov/22693042/		PAVS491	[]	[]	['Prominent forehead', 'Strabismus', 'Impaired smooth pursuit', 'Upturned nose', 'Anteverted nostrils', 'Delayed psychomotor development', 'Intellectual disability,', 'Ataxia', 'Hypotonia']	['AHI1']	['c.1328T>A']	GENO:0000137	unknown zygosity	[]	[]	HANCESTRO:0852	Middle Eastern population	GAZ:00005279	Saudi Arabia	['HP:0000463', 'HP:0000486', 'HP:0001249', 'HP:0001251', 'HP:0001252', 'HP:0001263', 'HP:0007772', 'HP:0011220']	['Anteverted nares', 'Strabismus', 'Intellectual disability', 'Ataxia', 'Hypotonia', 'Global developmental delay', 'Impaired smooth pursuit', 'Prominent forehead']	[]	[]	['NM_001134831.3(AHI1):c.1328T>A']	['54806']	GENO:0000137
PAVS492	Prominent forehead|Strabismus|Impaired smooth pursuit|Upturned nose|Anteverted nostrils|Delayed psychomotor development|Intellectual disability,|Ataxia|Hypotonia|Retinal dystrophy	CEP290:NM_025114.4:c.5668G>T	https://pubmed.ncbi.nlm.nih.gov/22693042/		PAVS492	[]	[]	['Prominent forehead', 'Strabismus', 'Impaired smooth pursuit', 'Upturned nose', 'Anteverted nostrils', 'Delayed psychomotor development', 'Intellectual disability,', 'Ataxia', 'Hypotonia', 'Retinal dystrophy']	['CEP290']	['c.5668G>T']	GENO:0000137	unknown zygosity	[]	[]	HANCESTRO:0852	Middle Eastern population	GAZ:00005279	Saudi Arabia	['HP:0000463', 'HP:0000486', 'HP:0000556', 'HP:0001249', 'HP:0001251', 'HP:0001252', 'HP:0001263', 'HP:0007772', 'HP:0011220']	['Anteverted nares', 'Strabismus', 'Retinal dystrophy', 'Intellectual disability', 'Ataxia', 'Hypotonia', 'Global developmental delay', 'Impaired smooth pursuit', 'Prominent forehead']	[]	[]	['NM_025114.4(CEP290):c.5668G>T']	['80184']	GENO:0000137
PAVS493	Prominent forehead|Strabismus|Impaired smooth pursuit|Delayed psychomotor development|Intellectual disability,|Hypotonia|Renal cysts|Polydactyly	CEP290:NM_025114.4:c.5668G>T	https://pubmed.ncbi.nlm.nih.gov/22693042/		PAVS493	[]	[]	['Prominent forehead', 'Strabismus', 'Impaired smooth pursuit', 'Delayed psychomotor development', 'Intellectual disability,', 'Hypotonia', 'Renal cysts', 'Polydactyly']	['CEP290']	['c.5668G>T']	GENO:0000137	unknown zygosity	[]	[]	HANCESTRO:0852	Middle Eastern population	GAZ:00005279	Saudi Arabia	['HP:0000107', 'HP:0000486', 'HP:0001249', 'HP:0001252', 'HP:0001263', 'HP:0007772', 'HP:0010442', 'HP:0011220']	['Renal cyst', 'Strabismus', 'Intellectual disability', 'Hypotonia', 'Global developmental delay', 'Impaired smooth pursuit', 'Polydactyly', 'Prominent forehead']	[]	[]	['NM_025114.4(CEP290):c.5668G>T']	['80184']	GENO:0000137
PAVS494	progressive neurodegeneration	GM2A:NM_000405.5:c.164C>T	https://pubmed.ncbi.nlm.nih.gov/25558065/		PAVS494	[]	[]	['progressive neurodegeneration']	['GM2A']	['c.164C>T']	GENO:0000137	unknown zygosity	[]	[]	HANCESTRO:0852	Middle Eastern population	GAZ:00005279	Saudi Arabia	['HP:0002344']	['Progressive neurologic deterioration']	[]	[]	['NM_000405.5(GM2A):c.164C>T']	['2760']	GENO:0000137
PAVS495	speech and motor delay|tremor| microcephaly| and strabismus	SPG20:NM_015087.5:c.1450_1451insA	https://pubmed.ncbi.nlm.nih.gov/25558065/		PAVS495	[]	[]	['speech and motor delay', 'tremor', 'microcephaly', 'and strabismus']	['SPG20']	['c.1450_1451insA']	GENO:0000137	unknown zygosity	[]	[]	HANCESTRO:0852	Middle Eastern population	GAZ:00005279	Saudi Arabia	['HP:0000252', 'HP:0000486', 'HP:0001270', 'HP:0001337']	['Microcephaly', 'Strabismus', 'Motor delay', 'Tremor']	[]	[]	['NM_015087.5(SPG20):c.1450_1451insA']	['23111']	GENO:0000137
PAVS496	severe choreoathetosis|	CYP27A1:NM_000784:c.1342C>T	https://pubmed.ncbi.nlm.nih.gov/25558065/		PAVS496	[]	[]	['severe choreoathetosis']	['CYP27A1']	['c.1342C>T']	GENO:0000137	unknown zygosity	[]	[]	HANCESTRO:0852	Middle Eastern population	GAZ:00005279	Saudi Arabia	['HP:0001266']	['Choreoathetosis']	[]	[]	['NM_000784(CYP27A1):c.1342C>T']	['1593']	GENO:0000137
PAVS497	microcephaly| static encephalopathy|	NPC2:NM_006432:c.88G>A	https://pubmed.ncbi.nlm.nih.gov/25558065/		PAVS497	[]	[]	['microcephaly', 'static encephalopathy']	['NPC2']	['c.88G>A']	GENO:0000137	unknown zygosity	[]	[]	HANCESTRO:0852	Middle Eastern population	GAZ:00005279	Saudi Arabia	['HP:0000252', 'HP:0001298']	['Microcephaly', 'Encephalopathy']	[]	[]	['NM_006432(NPC2):c.88G>A']	['10577']	GENO:0000137
PAVS498	global developmental delay| epilepsy| and hydrocephalus	ARFGEF2:NM_006420:c.656_657insC	https://pubmed.ncbi.nlm.nih.gov/25558065/		PAVS498	[]	[]	['global developmental delay', 'epilepsy', 'and hydrocephalus']	['ARFGEF2']	['c.656_657insC']	GENO:0000137	unknown zygosity	[]	[]	HANCESTRO:0852	Middle Eastern population	GAZ:00005279	Saudi Arabia	['HP:0000238', 'HP:0001250', 'HP:0001263']	['Hydrocephalus', 'Seizure', 'Global developmental delay']	[]	[]	['NM_006420(ARFGEF2):c.656_657insC']	['10564']	GENO:0000137
PAVS499	primary microcephaly| global developmental delay	PNKP:NM_007254:c.1250_1251insAACGGGTCGCCATCGAC	https://pubmed.ncbi.nlm.nih.gov/25558065/		PAVS499	[]	[]	['primary microcephaly', 'global developmental delay']	['PNKP']	['c.1250_1251insAACGGGTCGCCATCGAC']	GENO:0000137	unknown zygosity	[]	[]	HANCESTRO:0852	Middle Eastern population	GAZ:00005279	Saudi Arabia	['HP:0001263', 'HP:0011451']	['Global developmental delay', 'Primary microcephaly']	[]	[]	['NM_007254(PNKP):c.1250_1251insAACGGGTCGCCATCGAC']	['11284']	GENO:0000137
PAVS500	ptosis|sacral agenesis	RYR1:NM_000540:c.6617C>T	https://pubmed.ncbi.nlm.nih.gov/25558065/		PAVS500	[]	[]	['ptosis', 'sacral agenesis']	['RYR1']	['c.6617C>T']	GENO:0000137	unknown zygosity	[]	[]	HANCESTRO:0852	Middle Eastern population	GAZ:00005279	Saudi Arabia	['HP:0000508', 'HP:0010305']	['Ptosis', 'Absence of the sacrum']	[]	[]	['NM_000540(RYR1):c.6617C>T']	['6261']	GENO:0000137
PAVS501	fetal akinesia with brain ischemia and neonatal death	FBN2:NM_001999:c.1064G>A	https://pubmed.ncbi.nlm.nih.gov/25558065/		PAVS501	[]	[]	['fetal akinesia with brain ischemia and neonatal death']	['FBN2']	['c.1064G>A']	GENO:0000137	unknown zygosity	[]	[]	HANCESTRO:0852	Middle Eastern population	GAZ:00005279	Saudi Arabia	['HP:0001989']	['Fetal akinesia sequence']	[]	[]	['NM_001999(FBN2):c.1064G>A']	['2201']	GENO:0000137
PAVS502	primordial dwarfism	BRCA2:NM_000059.3:c.9152delC	https://pubmed.ncbi.nlm.nih.gov/25558065/		PAVS502	[]	[]	['primordial dwarfism']	['BRCA2']	['c.9152delC']	GENO:0000137	unknown zygosity	[]	[]	HANCESTRO:0852	Middle Eastern population	GAZ:00005279	Saudi Arabia	['HP:0003510']	['Severe short stature']	[]	[]	['NM_000059.3(BRCA2):c.9152delC']	['675']	GENO:0000137
PAVS503	Meckel-Gruber syndrome	EVC2:NM_147127.4:c.3870_3893dup	https://pubmed.ncbi.nlm.nih.gov/25558065/		PAVS503	[]	[]	['Meckel-Gruber syndrome']	['EVC2']	['c.3870_3893dup']	GENO:0000137	unknown zygosity	[]	[]	HANCESTRO:0852	Middle Eastern population	GAZ:00005279	Saudi Arabia	[]	[]	['OMIM:249000']	['Meckel syndrome 1']	['NM_147127.4(EVC2):c.3870_3893dup']	['132884']	GENO:0000137
PAVS504	isolated cerebellar atrophy	DDHD2:NM_015214.2:c.1249_1891del	https://pubmed.ncbi.nlm.nih.gov/25558065/		PAVS504	[]	[]	['isolated cerebellar atrophy']	['DDHD2']	['c.1249_1891del']	GENO:0000137	unknown zygosity	[]	[]	HANCESTRO:0852	Middle Eastern population	GAZ:00005279	Saudi Arabia	['HP:0001272']	['Cerebellar atrophy']	[]	[]	['NM_015214.2(DDHD2):c.1249_1891del']	['23259']	GENO:0000137
PAVS505	neonatal death|severe brain malformation (hydranencephaly and severe cerebellar hypoplasia)	WDR81:NM_001163809:c.845G>A	https://pubmed.ncbi.nlm.nih.gov/25558065/		PAVS505	[]	[]	['neonatal death', 'severe brain malformation (hydranencephaly and severe cerebellar hypoplasia)']	['WDR81']	['c.845G>A']	GENO:0000137	unknown zygosity	[]	[]	HANCESTRO:0852	Middle Eastern population	GAZ:00005279	Saudi Arabia	['HP:0003811']	['Neonatal death']	['OMIM:619383']	['Neurodevelopmental disorder with hypotonia, facial dysmorphism, and brain abnormalities']	['NM_001163809(WDR81):c.845G>A']	['124997']	GENO:0000137
PAVS506	intellectual disability,| Noonan-like facies| and pulmonary stenosis	ZNF526:NM_133444:c.479A>C	https://pubmed.ncbi.nlm.nih.gov/25558065/		PAVS506	[]	[]	['intellectual disability,', 'Noonan-like facies', 'and pulmonary stenosis']	['ZNF526']	['c.479A>C']	GENO:0000137	unknown zygosity	[]	[]	HANCESTRO:0852	Middle Eastern population	GAZ:00005279	Saudi Arabia	['HP:0001249', 'HP:0001642']	['Intellectual disability', 'Pulmonic stenosis']	[]	[]	['NM_133444(ZNF526):c.479A>C']	['116115']	GENO:0000137
PAVS507	isolated cerebellar hypoplasia	ADCK3:NM_020247:c.1744dup	https://pubmed.ncbi.nlm.nih.gov/25558065/		PAVS507	[]	[]	['isolated cerebellar hypoplasia']	['ADCK3']	['c.1744dup']	GENO:0000137	unknown zygosity	[]	[]	HANCESTRO:0852	Middle Eastern population	GAZ:00005279	Saudi Arabia	['HP:0001321']	['Cerebellar hypoplasia']	[]	[]	['NM_020247(ADCK3):c.1744dup']	['56997']	GENO:0000137
PAVS508	Charcot-Marie-Tooth with microcephaly| ophthalmoplegia and syndactyly	SBF1:NM_002972:c.1327G>A	https://pubmed.ncbi.nlm.nih.gov/25558065/		PAVS508	[]	[]	['Charcot-Marie-Tooth with microcephaly', 'ophthalmoplegia and syndactyly']	['SBF1']	['c.1327G>A']	GENO:0000137	unknown zygosity	[]	[]	HANCESTRO:0852	Middle Eastern population	GAZ:00005279	Saudi Arabia	['HP:0000252', 'HP:0000602']	['Microcephaly', 'Ophthalmoplegia']	[]	[]	['NM_002972(SBF1):c.1327G>A']	['6305']	GENO:0000137
PAVS509	microcephaly| speech delay| spasticity; brain MRI: hypomyelination| hypoplastic corpus callosum| and brain atrophy.	AP4M1:NM_004722:c.952C>T	https://pubmed.ncbi.nlm.nih.gov/25558065/		PAVS509	[]	[]	['microcephaly', 'speech delay', 'spasticity; brain MRI: hypomyelination', 'hypoplastic corpus callosum', 'and brain atrophy.']	['AP4M1']	['c.952C>T']	GENO:0000137	unknown zygosity	[]	[]	HANCESTRO:0852	Middle Eastern population	GAZ:00005279	Saudi Arabia	['HP:0000252', 'HP:0000750', 'HP:0001257', 'HP:0002079', 'HP:0002124']	['Microcephaly', 'Delayed speech and language development', 'Spasticity', 'Hypoplasia of the corpus callosum', 'Unknown']	[]	[]	['NM_004722(AP4M1):c.952C>T']	['9179']	GENO:0000137
PAVS510	Primary microcephaly|Neonatal death	CCDC99:NM_017785:c.1724_1747del	https://pubmed.ncbi.nlm.nih.gov/25558065/		PAVS510	[]	[]	['Primary microcephaly', 'Neonatal death']	['CCDC99']	['c.1724_1747del']	GENO:0000137	unknown zygosity	[]	[]	HANCESTRO:0852	Middle Eastern population	GAZ:00005279	Saudi Arabia	['HP:0003811', 'HP:0011451']	['Neonatal death', 'Primary microcephaly']	[]	[]	['NM_017785(CCDC99):c.1724_1747del']	['54908']	GENO:0000137
PAVS511	Microlissencephaly|Global developmental delay	TUBA3E:NM_207312:c.643C>T	https://pubmed.ncbi.nlm.nih.gov/25558065/		PAVS511	[]	[]	['Microlissencephaly', 'Global developmental delay']	['TUBA3E']	['c.643C>T']	GENO:0000137	unknown zygosity	[]	[]	HANCESTRO:0852	Middle Eastern population	GAZ:00005279	Saudi Arabia	['HP:0001263', 'HP:0045028']	['Global developmental delay', 'Microlissencephaly']	[]	[]	['NM_207312(TUBA3E):c.643C>T']	['112714']	GENO:0000137
PAVS512	Primary microcephaly|Global developmental delay	INO80:NM_017553:c.1501T>C|INO80:NM_017553:c.3737G>A	https://pubmed.ncbi.nlm.nih.gov/25558065/		PAVS512	[]	[]	['Primary microcephaly', 'Global developmental delay']	['INO80']	['c.1501T>C|INO80']	GENO:0000137	unknown zygosity	[]	[]	HANCESTRO:0852	Middle Eastern population	GAZ:00005279	Saudi Arabia	['HP:0001263', 'HP:0011451']	['Global developmental delay', 'Primary microcephaly']	[]	[]	['NM_017553(INO80):c.1501T>C|INO80']	['54617']	GENO:0000137
PAVS513	Hydrocephalus|Muscle weakness|Global developmental delay	NID1:NM_002508.2:c.3385+1G>A	https://pubmed.ncbi.nlm.nih.gov/25558065/		PAVS513	[]	[]	['Hydrocephalus', 'Muscle weakness', 'Global developmental delay']	['NID1']	['c.3385+1G>A']	GENO:0000137	unknown zygosity	[]	[]	HANCESTRO:0852	Middle Eastern population	GAZ:00005279	Saudi Arabia	['HP:0000238', 'HP:0001263', 'HP:0001324']	['Hydrocephalus', 'Global developmental delay', 'Muscle weakness']	[]	[]	['NM_002508.2(NID1):c.3385+1G>A']	['4811']	GENO:0000137
PAVS514	Primary microcephaly|Global developmental delay	TSEN15:NM_001127394:c.226T>G	https://pubmed.ncbi.nlm.nih.gov/25558065/		PAVS514	[]	[]	['Primary microcephaly', 'Global developmental delay']	['TSEN15']	['c.226T>G']	GENO:0000137	unknown zygosity	[]	[]	HANCESTRO:0852	Middle Eastern population	GAZ:00005279	Saudi Arabia	['HP:0001263', 'HP:0011451']	['Global developmental delay', 'Primary microcephaly']	[]	[]	['NM_001127394(TSEN15):c.226T>G']	['116461']	GENO:0000137
PAVS515	Global developmental delay|Epilepsy|Poor weight gain	DMBX1:NM_147192:c.367C>T	https://pubmed.ncbi.nlm.nih.gov/25558065/		PAVS515	[]	[]	['Global developmental delay', 'Epilepsy', 'Poor weight gain']	['DMBX1']	['c.367C>T']	GENO:0000137	unknown zygosity	[]	[]	HANCESTRO:0852	Middle Eastern population	GAZ:00005279	Saudi Arabia	['HP:0001250', 'HP:0001263', 'HP:0001508']	['Seizure', 'Global developmental delay', 'Failure to thrive']	[]	[]	['NM_147192(DMBX1):c.367C>T']	['127343']	GENO:0000137
PAVS516	Myopathy	CLHC1:NM_001135598:c.779G>A	https://pubmed.ncbi.nlm.nih.gov/25558065/		PAVS516	[]	[]	['Myopathy']	['CLHC1']	['c.779G>A']	GENO:0000137	unknown zygosity	[]	[]	HANCESTRO:0852	Middle Eastern population	GAZ:00005279	Saudi Arabia	['HP:0003198']	['Myopathy']	[]	[]	['NM_001135598(CLHC1):c.779G>A']	['130162']	GENO:0000137
PAVS517	Global developmental delay	C12orf4:NM_020374:c.637_638insAAAC	https://pubmed.ncbi.nlm.nih.gov/25558065/		PAVS517	[]	[]	['Global developmental delay']	['C12orf4']	['c.637_638insAAAC']	GENO:0000137	unknown zygosity	[]	[]	HANCESTRO:0852	Middle Eastern population	GAZ:00005279	Saudi Arabia	['HP:0001263']	['Global developmental delay']	[]	[]	['NM_020374(C12orf4):c.637_638insAAAC']	['57102']	GENO:0000137
PAVS518	Autistic behavior HP:0000729	WDR93:NM_020212:c.280T>C	https://pubmed.ncbi.nlm.nih.gov/25558065/		PAVS518	['HP:0000729']	['Autistic behavior']	[]	['WDR93']	['c.280T>C']	GENO:0000137	unknown zygosity	[]	[]	HANCESTRO:0852	Middle Eastern population	GAZ:00005279	Saudi Arabia	['HP:0000729']	['Autistic behavior']	[]	[]	['NM_020212(WDR93):c.280T>C']	['56964']	GENO:0000137
PAVS519	Global developmental delay|Brain atrophy	ST7:NM_021908:c.489T>G	https://pubmed.ncbi.nlm.nih.gov/25558065/		PAVS519	[]	[]	['Global developmental delay', 'Brain atrophy']	['ST7']	['c.489T>G']	GENO:0000137	unknown zygosity	[]	[]	HANCESTRO:0852	Middle Eastern population	GAZ:00005279	Saudi Arabia	['HP:0001263', 'HP:0012444']	['Global developmental delay', 'Brain atrophy']	[]	[]	['NM_021908(ST7):c.489T>G']	['29967']	GENO:0000137
PAVS520	Holoprosencephaly	MATN4:NM_030590:c.515G>C	https://pubmed.ncbi.nlm.nih.gov/25558065/		PAVS520	[]	[]	['Holoprosencephaly']	['MATN4']	['c.515G>C']	GENO:0000137	unknown zygosity	[]	[]	HANCESTRO:0852	Middle Eastern population	GAZ:00005279	Saudi Arabia	['HP:0001360']	['Holoprosencephaly']	[]	[]	['NM_030590(MATN4):c.515G>C']	['8785']	GENO:0000137
PAVS521	Intellectual disability,|Epilepsy	SEC24D:NM_014822:c.697G>C	https://pubmed.ncbi.nlm.nih.gov/25558065/		PAVS521	[]	[]	['Intellectual disability,', 'Epilepsy']	['SEC24D']	['c.697G>C']	GENO:0000137	unknown zygosity	[]	[]	HANCESTRO:0852	Middle Eastern population	GAZ:00005279	Saudi Arabia	['HP:0001249', 'HP:0001250']	['Intellectual disability', 'Seizure']	[]	[]	['NM_014822(SEC24D):c.697G>C']	['9871']	GENO:0000137
PAVS522	Primary microcephaly|Global developmental delay	PCDHB4:NM_018938.2:c.915del	https://pubmed.ncbi.nlm.nih.gov/25558065/		PAVS522	[]	[]	['Primary microcephaly', 'Global developmental delay']	['PCDHB4']	['c.915del']	GENO:0000137	unknown zygosity	[]	[]	HANCESTRO:0852	Middle Eastern population	GAZ:00005279	Saudi Arabia	['HP:0001263', 'HP:0011451']	['Global developmental delay', 'Primary microcephaly']	[]	[]	['NM_018938.2(PCDHB4):c.915del']	['56131']	GENO:0000137
PAVS523	Brain atrophy|Global developmental delay	PTPN23:NM_015466:c.3995G>T	https://pubmed.ncbi.nlm.nih.gov/25558065/		PAVS523	[]	[]	['Brain atrophy', 'Global developmental delay']	['PTPN23']	['c.3995G>T']	GENO:0000137	unknown zygosity	[]	[]	HANCESTRO:0852	Middle Eastern population	GAZ:00005279	Saudi Arabia	['HP:0001263', 'HP:0012444']	['Global developmental delay', 'Brain atrophy']	[]	[]	['NM_015466(PTPN23):c.3995G>T']	['25930']	GENO:0000137
PAVS524	Global developmental delay|Dysmorphism	TAF6:NM_005641.3:c.212T>C	https://pubmed.ncbi.nlm.nih.gov/25558065/		PAVS524	[]	[]	['Global developmental delay', 'Dysmorphism']	['TAF6']	['c.212T>C']	GENO:0000137	unknown zygosity	[]	[]	HANCESTRO:0852	Middle Eastern population	GAZ:00005279	Saudi Arabia	['HP:0001263']	['Global developmental delay']	[]	[]	['NM_005641.3(TAF6):c.212T>C']	['6878']	GENO:0000137
PAVS525	Global developmental delay|Epilepsy|Dysmorphism|Hypotonia|Ventricular septal defect	TBCK:NM_033115:c.1708+1G>A	https://pubmed.ncbi.nlm.nih.gov/25558065/		PAVS525	[]	[]	['Global developmental delay', 'Epilepsy', 'Dysmorphism', 'Hypotonia', 'Ventricular septal defect']	['TBCK']	['c.1708+1G>A']	GENO:0000137	unknown zygosity	[]	[]	HANCESTRO:0852	Middle Eastern population	GAZ:00005279	Saudi Arabia	['HP:0001250', 'HP:0001252', 'HP:0001263', 'HP:0001629']	['Seizure', 'Hypotonia', 'Global developmental delay', 'Ventricular septal defect']	[]	[]	['NM_033115(TBCK):c.1708+1G>A']	['93627']	GENO:0000137
PAVS526	Lethal non-immune hydrops fetalis(HP:0001790)	GUSB:NM_000181:c.307C>T	https://pubmed.ncbi.nlm.nih.gov/26036949/		PAVS526	['HP:0001790']	['Nonimmune hydrops fetalis']	[]	['GUSB']	['c.307C>T']	GENO:0000137	unknown zygosity	[]	[]	HANCESTRO:0852	Middle Eastern population	GAZ:00005279	Saudi Arabia	['HP:0001790']	['Nonimmune hydrops fetalis']	[]	[]	['NM_000181(GUSB):c.307C>T']	['2990']	GENO:0000137
PAVS527	Lethal non-immune hydrops fetalis(HP:0001790)	GUSB:NM_000181:c.1586A>G	https://pubmed.ncbi.nlm.nih.gov/26036949/		PAVS527	['HP:0001790']	['Nonimmune hydrops fetalis']	[]	['GUSB']	['c.1586A>G']	GENO:0000137	unknown zygosity	[]	[]	HANCESTRO:0852	Middle Eastern population	GAZ:00005279	Saudi Arabia	['HP:0001790']	['Nonimmune hydrops fetalis']	[]	[]	['NM_000181(GUSB):c.1586A>G']	['2990']	GENO:0000137
PAVS528	Lethal non-immune hydrops fetalis(HP:0001790)	CHRNA1:NM_001039523:c.762C>T	https://pubmed.ncbi.nlm.nih.gov/26036949/		PAVS528	['HP:0001790']	['Nonimmune hydrops fetalis']	[]	['CHRNA1']	['c.762C>T']	GENO:0000137	unknown zygosity	[]	[]	HANCESTRO:0852	Middle Eastern population	GAZ:00005279	Saudi Arabia	['HP:0001790']	['Nonimmune hydrops fetalis']	[]	[]	['NM_001039523(CHRNA1):c.762C>T']	['1134']	GENO:0000137
PAVS529	Lethal non-immune hydrops fetalis(HP:0001790)	PIGC:NM_002642:c.659T>C	https://pubmed.ncbi.nlm.nih.gov/26036949/		PAVS529	['HP:0001790']	['Nonimmune hydrops fetalis']	[]	['PIGC']	['c.659T>C']	GENO:0000137	unknown zygosity	[]	[]	HANCESTRO:0852	Middle Eastern population	GAZ:00005279	Saudi Arabia	['HP:0001790']	['Nonimmune hydrops fetalis']	[]	[]	['NM_002642(PIGC):c.659T>C']	['5279']	GENO:0000137
PAVS530	Lethal non-immune hydrops fetalis(HP:0001790)	UBN1:NM_016936:c.2356T>A	https://pubmed.ncbi.nlm.nih.gov/26036949/		PAVS530	['HP:0001790']	['Nonimmune hydrops fetalis']	[]	['UBN1']	['c.2356T>A']	GENO:0000137	unknown zygosity	[]	[]	HANCESTRO:0852	Middle Eastern population	GAZ:00005279	Saudi Arabia	['HP:0001790']	['Nonimmune hydrops fetalis']	[]	[]	['NM_016936(UBN1):c.2356T>A']	['29855']	GENO:0000137
PAVS531	Lethal non-immune hydrops fetalis(HP:0001790)	GUSB:NM_000181:c.1144C>T	https://pubmed.ncbi.nlm.nih.gov/26036949/		PAVS531	['HP:0001790']	['Nonimmune hydrops fetalis']	[]	['GUSB']	['c.1144C>T']	GENO:0000137	unknown zygosity	[]	[]	HANCESTRO:0852	Middle Eastern population	GAZ:00005279	Saudi Arabia	['HP:0001790']	['Nonimmune hydrops fetalis']	[]	[]	['NM_000181(GUSB):c.1144C>T']	['2990']	GENO:0000137
PAVS532	Lethal non-immune hydrops fetalis(HP:0001790)	DNAH14:NM_001373:c.3755T>A	https://pubmed.ncbi.nlm.nih.gov/26036949/		PAVS532	['HP:0001790']	['Nonimmune hydrops fetalis']	[]	['DNAH14']	['c.3755T>A']	GENO:0000137	unknown zygosity	[]	[]	HANCESTRO:0852	Middle Eastern population	GAZ:00005279	Saudi Arabia	['HP:0001790']	['Nonimmune hydrops fetalis']	[]	[]	['NM_001373(DNAH14):c.3755T>A']	['127602']	GENO:0000137
PAVS533	Lethal non-immune hydrops fetalis(HP:0001790)	THSD1:NM_018676:c.617G>A	https://pubmed.ncbi.nlm.nih.gov/26036949/		PAVS533	['HP:0001790']	['Nonimmune hydrops fetalis']	[]	['THSD1']	['c.617G>A']	GENO:0000137	unknown zygosity	[]	[]	HANCESTRO:0852	Middle Eastern population	GAZ:00005279	Saudi Arabia	['HP:0001790']	['Nonimmune hydrops fetalis']	[]	[]	['NM_018676(THSD1):c.617G>A']	['55901']	GENO:0000137
PAVS534	Lethal non-immune hydrops fetalis(HP:0001790)	NEB:NM_001164507:c.21076C>T	https://pubmed.ncbi.nlm.nih.gov/26036949/		PAVS534	['HP:0001790']	['Nonimmune hydrops fetalis']	[]	['NEB']	['c.21076C>T']	GENO:0000137	unknown zygosity	[]	[]	HANCESTRO:0852	Middle Eastern population	GAZ:00005279	Saudi Arabia	['HP:0001790']	['Nonimmune hydrops fetalis']	[]	[]	['NM_001164507(NEB):c.21076C>T']	['4703']	GENO:0000137
PAVS535	Lethal non-immune hydrops fetalis(HP:0001790)	CTSA:NM_000308:c.649delC	https://pubmed.ncbi.nlm.nih.gov/26036949/		PAVS535	['HP:0001790']	['Nonimmune hydrops fetalis']	[]	['CTSA']	['c.649delC']	GENO:0000137	unknown zygosity	[]	[]	HANCESTRO:0852	Middle Eastern population	GAZ:00005279	Saudi Arabia	['HP:0001790']	['Nonimmune hydrops fetalis']	[]	[]	['NM_000308(CTSA):c.649delC']	['5476']	GENO:0000137
PAVS536	Lethal non-immune hydrops fetalis(HP:0001790)	MYOM1:NM_003803:c.4987G>A	https://pubmed.ncbi.nlm.nih.gov/26036949/		PAVS536	['HP:0001790']	['Nonimmune hydrops fetalis']	[]	['MYOM1']	['c.4987G>A']	GENO:0000137	unknown zygosity	[]	[]	HANCESTRO:0852	Middle Eastern population	GAZ:00005279	Saudi Arabia	['HP:0001790']	['Nonimmune hydrops fetalis']	[]	[]	['NM_003803(MYOM1):c.4987G>A']	['8736']	GENO:0000137
PAVS537	Lethal non-immune hydrops fetalis(HP:0001790)	GUSB:NM_000181:c.398G>C	https://pubmed.ncbi.nlm.nih.gov/26036949/		PAVS537	['HP:0001790']	['Nonimmune hydrops fetalis']	[]	['GUSB']	['c.398G>C']	GENO:0000137	unknown zygosity	[]	[]	HANCESTRO:0852	Middle Eastern population	GAZ:00005279	Saudi Arabia	['HP:0001790']	['Nonimmune hydrops fetalis']	[]	[]	['NM_000181(GUSB):c.398G>C']	['2990']	GENO:0000137
PAVS538	Lethal non-immune hydrops fetalis(HP:0001790)	FZD6:NM_001164616:c.773A>G	https://pubmed.ncbi.nlm.nih.gov/26036949/		PAVS538	['HP:0001790']	['Nonimmune hydrops fetalis']	[]	['FZD6']	['c.773A>G']	GENO:0000137	unknown zygosity	[]	[]	HANCESTRO:0852	Middle Eastern population	GAZ:00005279	Saudi Arabia	['HP:0001790']	['Nonimmune hydrops fetalis']	[]	[]	['NM_001164616(FZD6):c.773A>G']	['8323']	GENO:0000137
PAVS539	Lethal non-immune hydrops fetalis(HP:0001790)	THSD1:NM_018676:c.617G>A	https://pubmed.ncbi.nlm.nih.gov/26036949/		PAVS539	['HP:0001790']	['Nonimmune hydrops fetalis']	[]	['THSD1']	['c.617G>A']	GENO:0000137	unknown zygosity	[]	[]	HANCESTRO:0852	Middle Eastern population	GAZ:00005279	Saudi Arabia	['HP:0001790']	['Nonimmune hydrops fetalis']	[]	[]	['NM_018676(THSD1):c.617G>A']	['55901']	GENO:0000137
PAVS540	Lethal non-immune hydrops fetalis(HP:0001790)	GUSB:NM_000181:c.1069C>T	https://pubmed.ncbi.nlm.nih.gov/26036949/		PAVS540	['HP:0001790']	['Nonimmune hydrops fetalis']	[]	['GUSB']	['c.1069C>T']	GENO:0000137	unknown zygosity	[]	[]	HANCESTRO:0852	Middle Eastern population	GAZ:00005279	Saudi Arabia	['HP:0001790']	['Nonimmune hydrops fetalis']	[]	[]	['NM_000181(GUSB):c.1069C>T']	['2990']	GENO:0000137
PAVS541	Lethal non-immune hydrops fetalis(HP:0001790)	GALNT14:NM_024572.4:c.1273C>T	https://pubmed.ncbi.nlm.nih.gov/26036949/		PAVS541	['HP:0001790']	['Nonimmune hydrops fetalis']	[]	['GALNT14']	['c.1273C>T']	GENO:0000137	unknown zygosity	[]	[]	HANCESTRO:0852	Middle Eastern population	GAZ:00005279	Saudi Arabia	['HP:0001790']	['Nonimmune hydrops fetalis']	[]	[]	['NM_024572.4(GALNT14):c.1273C>T']	['79623']	GENO:0000137
PAVS542	Lethal non-immune hydrops fetalis(HP:0001790)	THSD1:NM_018676.4:c.617G>A	https://pubmed.ncbi.nlm.nih.gov/26036949/		PAVS542	['HP:0001790']	['Nonimmune hydrops fetalis']	[]	['THSD1']	['c.617G>A']	GENO:0000137	unknown zygosity	[]	[]	HANCESTRO:0852	Middle Eastern population	GAZ:00005279	Saudi Arabia	['HP:0001790']	['Nonimmune hydrops fetalis']	[]	[]	['NM_018676.4(THSD1):c.617G>A']	['55901']	GENO:0000137
PAVS543	Lethal non-immune hydrops fetalis(HP:0001790)	THSD1:NM_018676.4:c.670G>A	https://pubmed.ncbi.nlm.nih.gov/26036949/		PAVS543	['HP:0001790']	['Nonimmune hydrops fetalis']	[]	['THSD1']	['c.670G>A']	GENO:0000137	unknown zygosity	[]	[]	HANCESTRO:0852	Middle Eastern population	GAZ:00005279	Saudi Arabia	['HP:0001790']	['Nonimmune hydrops fetalis']	[]	[]	['NM_018676.4(THSD1):c.670G>A']	['55901']	GENO:0000137
PAVS544	Lethal non-immune hydrops fetalis(HP:0001790)	GALNT14:NM_024572.4:c.1273C>T	https://pubmed.ncbi.nlm.nih.gov/26036949/		PAVS544	['HP:0001790']	['Nonimmune hydrops fetalis']	[]	['GALNT14']	['c.1273C>T']	GENO:0000137	unknown zygosity	[]	[]	HANCESTRO:0852	Middle Eastern population	GAZ:00005279	Saudi Arabia	['HP:0001790']	['Nonimmune hydrops fetalis']	[]	[]	['NM_024572.4(GALNT14):c.1273C>T']	['79623']	GENO:0000137
PAVS545	Lethal non-immune hydrops fetalis(HP:0001790)	THSD1:NM_018676.4:c.617G>A	https://pubmed.ncbi.nlm.nih.gov/26036949/		PAVS545	['HP:0001790']	['Nonimmune hydrops fetalis']	[]	['THSD1']	['c.617G>A']	GENO:0000137	unknown zygosity	[]	[]	HANCESTRO:0852	Middle Eastern population	GAZ:00005279	Saudi Arabia	['HP:0001790']	['Nonimmune hydrops fetalis']	[]	[]	['NM_018676.4(THSD1):c.617G>A']	['55901']	GENO:0000137
PAVS546	Lethal non-immune hydrops fetalis(HP:0001790)	THSD1:NM_018676.4:c.670G>A	https://pubmed.ncbi.nlm.nih.gov/26036949/		PAVS546	['HP:0001790']	['Nonimmune hydrops fetalis']	[]	['THSD1']	['c.670G>A']	GENO:0000137	unknown zygosity	[]	[]	HANCESTRO:0852	Middle Eastern population	GAZ:00005279	Saudi Arabia	['HP:0001790']	['Nonimmune hydrops fetalis']	[]	[]	['NM_018676.4(THSD1):c.670G>A']	['55901']	GENO:0000137
PAVS547	Respiratory distress|severe metabolic acidosis|Elevated glycine|Elevated alanine|Elevated valine|High isoleucine |Elevated lactic acid| |Elevated pyruvic acid|Intracranial cystic lesion(HP:0010576)|Nonresponsive hypotension	ECHS1:NM_004092.4:c.88+5G>A	https://pubmed.ncbi.nlm.nih.gov/27905109/		PAVS547	['HP:0010576']	['Intracranial cystic lesion']	['Respiratory distress', 'severe metabolic acidosis', 'Elevated glycine', 'Elevated alanine', 'Elevated valine', 'High isoleucine', 'Elevated lactic acid', 'Elevated pyruvic acid', 'Nonresponsive hypotension']	['ECHS1']	['c.88+5G>A']	GENO:0000137	unknown zygosity	[]	[]	HANCESTRO:0852	Middle Eastern population	GAZ:00005279	Saudi Arabia	['HP:0000816', 'HP:0001942', 'HP:0002098', 'HP:0002615', 'HP:0010576']	['Abnormality of Krebs cycle metabolism', 'Metabolic acidosis', 'Respiratory distress', 'Hypotension', 'Intracranial cystic lesion']	['OMIM:617021', 'OMIM:618850', 'OMIM:620398']	['Hydrops, lactic acidosis, and sideroblastic anemia', 'Hypervalinemia or hyperleucine-isoleucinemia', 'Glycine encephalopathy 2']	['NM_004092.4(ECHS1):c.88+5G>A']	['1892']	GENO:0000137
PAVS548	Respiratory distress|severe metabolic acidosis|Elevated glycine|Elevated alanine|Elevated valine|High isoleucine |low citrulline level|nonresponsive hypotension	ECHS1:NM_004092.4:c.88+5G>A	https://pubmed.ncbi.nlm.nih.gov/27905109/		PAVS548	[]	[]	['Respiratory distress', 'severe metabolic acidosis', 'Elevated glycine', 'Elevated alanine', 'Elevated valine', 'High isoleucine', 'low citrulline level', 'nonresponsive hypotension']	['ECHS1']	['c.88+5G>A']	GENO:0000137	unknown zygosity	[]	[]	HANCESTRO:0852	Middle Eastern population	GAZ:00005279	Saudi Arabia	['HP:0001942', 'HP:0002098', 'HP:0002615']	['Metabolic acidosis', 'Respiratory distress', 'Hypotension']	['OMIM:618850', 'OMIM:620398']	['Hypervalinemia or hyperleucine-isoleucinemia', 'Glycine encephalopathy 2']	['NM_004092.4(ECHS1):c.88+5G>A']	['1892']	GENO:0000137
PAVS549	Hepatic cirrhosis	ATP7B:NM_000053.4:c.4193delC	 https://pubmed.ncbi.nlm.nih.gov/11054498/		PAVS549	[]	[]	['Hepatic cirrhosis']	['ATP7B']	['c.4193delC']	GENO:0000137	unknown zygosity	[]	[]	HANCESTRO:0852	Middle Eastern population	GAZ:00005279	Saudi Arabia	['HP:0001394']	['Cirrhosis']	[]	[]	['NM_000053.4(ATP7B):c.4193delC']	['540']	GENO:0000137
PAVS550	Hepatic cirrhosis	ATP7B:NM_000053.4:c.4193delC	 https://pubmed.ncbi.nlm.nih.gov/11054498/		PAVS550	[]	[]	['Hepatic cirrhosis']	['ATP7B']	['c.4193delC']	GENO:0000137	unknown zygosity	[]	[]	HANCESTRO:0852	Middle Eastern population	GAZ:00005279	Saudi Arabia	['HP:0001394']	['Cirrhosis']	[]	[]	['NM_000053.4(ATP7B):c.4193delC']	['540']	GENO:0000137
PAVS551	Hepatic cirrhosis|Neuronal degeneration	ATP7B:NM_000053.4:c.4193delC	 https://pubmed.ncbi.nlm.nih.gov/11054498/		PAVS551	[]	[]	['Hepatic cirrhosis', 'Neuronal degeneration']	['ATP7B']	['c.4193delC']	GENO:0000137	unknown zygosity	[]	[]	HANCESTRO:0852	Middle Eastern population	GAZ:00005279	Saudi Arabia	['HP:0001394', 'HP:0002180']	['Cirrhosis', 'Neurodegeneration']	[]	[]	['NM_000053.4(ATP7B):c.4193delC']	['540']	GENO:0000137
PAVS552	Hepatic cirrhosis|Neuronal degeneration	ATP7B:NM_000053.4:c.4193delC	 https://pubmed.ncbi.nlm.nih.gov/11054498/		PAVS552	[]	[]	['Hepatic cirrhosis', 'Neuronal degeneration']	['ATP7B']	['c.4193delC']	GENO:0000137	unknown zygosity	[]	[]	HANCESTRO:0852	Middle Eastern population	GAZ:00005279	Saudi Arabia	['HP:0001394', 'HP:0002180']	['Cirrhosis', 'Neurodegeneration']	[]	[]	['NM_000053.4(ATP7B):c.4193delC']	['540']	GENO:0000137
PAVS553	Tremor|Dysarthria|Clumsiness|Gait disturbance|Ataxia|Dystonia| Parkinsonian syndrome|Anxiety|Depression|Behavioral disturbances|Cognitive impairment	ATP7B:NM_000053.4:c.4193delC	https://pubmed.ncbi.nlm.nih.gov/14748773/		PAVS553	[]	[]	['Tremor', 'Dysarthria', 'Clumsiness', 'Gait disturbance', 'Ataxia', 'Dystonia', 'Parkinsonian syndrome', 'Anxiety', 'Depression', 'Behavioral disturbances', 'Cognitive impairment']	['ATP7B']	['c.4193delC']	GENO:0000137	unknown zygosity	[]	[]	HANCESTRO:0852	Middle Eastern population	GAZ:00005279	Saudi Arabia	['HP:0000708', 'HP:0000716', 'HP:0000739', 'HP:0001251', 'HP:0001260', 'HP:0001288', 'HP:0001332', 'HP:0001337', 'HP:0002312', 'HP:0100543']	['Atypical behavior', 'Depression', 'Anxiety', 'Ataxia', 'Dysarthria', 'Gait disturbance', 'Dystonia', 'Tremor', 'Clumsiness', 'Cognitive impairment']	[]	[]	['NM_000053.4(ATP7B):c.4193delC']	['540']	GENO:0000137
PAVS554	Tremor|Dysarthria|Clumsiness|Gait disturbance|Ataxia|Dystonia| Parkinsonian syndrome|Anxiety|Depression|Behavioral disturbances|Cognitive impairment	ATP7B:NM_000053.4:c.4193delC	https://pubmed.ncbi.nlm.nih.gov/14748773/		PAVS554	[]	[]	['Tremor', 'Dysarthria', 'Clumsiness', 'Gait disturbance', 'Ataxia', 'Dystonia', 'Parkinsonian syndrome', 'Anxiety', 'Depression', 'Behavioral disturbances', 'Cognitive impairment']	['ATP7B']	['c.4193delC']	GENO:0000137	unknown zygosity	[]	[]	HANCESTRO:0852	Middle Eastern population	GAZ:00005279	Saudi Arabia	['HP:0000708', 'HP:0000716', 'HP:0000739', 'HP:0001251', 'HP:0001260', 'HP:0001288', 'HP:0001332', 'HP:0001337', 'HP:0002312', 'HP:0100543']	['Atypical behavior', 'Depression', 'Anxiety', 'Ataxia', 'Dysarthria', 'Gait disturbance', 'Dystonia', 'Tremor', 'Clumsiness', 'Cognitive impairment']	[]	[]	['NM_000053.4(ATP7B):c.4193delC']	['540']	GENO:0000137
PAVS555	Tremor|Dysarthria|Clumsiness|Gait disturbance|Ataxia|Dystonia| Parkinsonian syndrome|Anxiety|Depression|Behavioral disturbances|Cognitive impairment	ATP7B:NM_000053.4:c.4193delC	https://pubmed.ncbi.nlm.nih.gov/14748773/		PAVS555	[]	[]	['Tremor', 'Dysarthria', 'Clumsiness', 'Gait disturbance', 'Ataxia', 'Dystonia', 'Parkinsonian syndrome', 'Anxiety', 'Depression', 'Behavioral disturbances', 'Cognitive impairment']	['ATP7B']	['c.4193delC']	GENO:0000137	unknown zygosity	[]	[]	HANCESTRO:0852	Middle Eastern population	GAZ:00005279	Saudi Arabia	['HP:0000708', 'HP:0000716', 'HP:0000739', 'HP:0001251', 'HP:0001260', 'HP:0001288', 'HP:0001332', 'HP:0001337', 'HP:0002312', 'HP:0100543']	['Atypical behavior', 'Depression', 'Anxiety', 'Ataxia', 'Dysarthria', 'Gait disturbance', 'Dystonia', 'Tremor', 'Clumsiness', 'Cognitive impairment']	[]	[]	['NM_000053.4(ATP7B):c.4193delC']	['540']	GENO:0000137
PAVS556	Abnormal liver enzyme	ATP7B:NM_000053.4:c.4193delC	https://pubmed.ncbi.nlm.nih.gov/14748773/		PAVS556	[]	[]	['Abnormal liver enzyme']	['ATP7B']	['c.4193delC']	GENO:0000137	unknown zygosity	[]	[]	HANCESTRO:0852	Middle Eastern population	GAZ:00005279	Saudi Arabia	['HP:0034685']	['Abnormal liver enzyme activity or concentration']	[]	[]	['NM_000053.4(ATP7B):c.4193delC']	['540']	GENO:0000137
PAVS557	Abnormal liver enzyme|Kayser-Fleischer ring (HP:0200032)	ATP7B:NM_000053.4:c.4193delC	https://pubmed.ncbi.nlm.nih.gov/14748773/		PAVS557	['HP:0200032']	['Kayser-Fleischer ring']	['Abnormal liver enzyme']	['ATP7B']	['c.4193delC']	GENO:0000137	unknown zygosity	[]	[]	HANCESTRO:0852	Middle Eastern population	GAZ:00005279	Saudi Arabia	['HP:0034685', 'HP:0200032']	['Abnormal liver enzyme activity or concentration', 'Kayser-Fleischer ring']	[]	[]	['NM_000053.4(ATP7B):c.4193delC']	['540']	GENO:0000137
PAVS558	Abnormal liver enzyme|Tremor|Dysarthria|Clumsiness|Gait disturbance|Ataxia|Dystonia| Parkinsonian syndrome|Anxiety|Depression|Behavioral disturbances|Cognitive impairment|Kayser-Fleischer ring(HP:0200032)	ATP7B:NM_000053.4:c.4193delC	https://pubmed.ncbi.nlm.nih.gov/14748773/		PAVS558	['HP:0200032']	['Kayser-Fleischer ring']	['Abnormal liver enzyme', 'Tremor', 'Dysarthria', 'Clumsiness', 'Gait disturbance', 'Ataxia', 'Dystonia', 'Parkinsonian syndrome', 'Anxiety', 'Depression', 'Behavioral disturbances', 'Cognitive impairment']	['ATP7B']	['c.4193delC']	GENO:0000137	unknown zygosity	[]	[]	HANCESTRO:0852	Middle Eastern population	GAZ:00005279	Saudi Arabia	['HP:0000708', 'HP:0000716', 'HP:0000739', 'HP:0001251', 'HP:0001260', 'HP:0001288', 'HP:0001332', 'HP:0001337', 'HP:0002312', 'HP:0034685', 'HP:0100543', 'HP:0200032']	['Atypical behavior', 'Depression', 'Anxiety', 'Ataxia', 'Dysarthria', 'Gait disturbance', 'Dystonia', 'Tremor', 'Clumsiness', 'Abnormal liver enzyme activity or concentration', 'Cognitive impairment', 'Kayser-Fleischer ring']	[]	[]	['NM_000053.4(ATP7B):c.4193delC']	['540']	GENO:0000137
PAVS559	Kayser-Fleischer ring(HP:0200032)	ATP7B:NM_000053.4:c.4193delC	https://pubmed.ncbi.nlm.nih.gov/14748773/		PAVS559	['HP:0200032']	['Kayser-Fleischer ring']	[]	['ATP7B']	['c.4193delC']	GENO:0000137	unknown zygosity	[]	[]	HANCESTRO:0852	Middle Eastern population	GAZ:00005279	Saudi Arabia	['HP:0200032']	['Kayser-Fleischer ring']	[]	[]	['NM_000053.4(ATP7B):c.4193delC']	['540']	GENO:0000137
PAVS560	Kayser-Fleischer ring(HP:0200032)	ATP7B:NM_000053.4:c.2230T>C	https://pubmed.ncbi.nlm.nih.gov/14748773/		PAVS560	['HP:0200032']	['Kayser-Fleischer ring']	[]	['ATP7B']	['c.2230T>C']	GENO:0000137	unknown zygosity	[]	[]	HANCESTRO:0852	Middle Eastern population	GAZ:00005279	Saudi Arabia	['HP:0200032']	['Kayser-Fleischer ring']	[]	[]	['NM_000053.4(ATP7B):c.2230T>C']	['540']	GENO:0000137
PAVS561	Tremor|Dysarthria|Clumsiness|Gait disturbance|Ataxia|Dystonia| Parkinsonian syndrome|Anxiety|Depression|Behavioral disturbances|Cognitive impairment|Kayser-Fleischer ring(HP:0200032)	ATP7B:NM_000053.4:c.2230T>C	https://pubmed.ncbi.nlm.nih.gov/14748773/		PAVS561	['HP:0200032']	['Kayser-Fleischer ring']	['Tremor', 'Dysarthria', 'Clumsiness', 'Gait disturbance', 'Ataxia', 'Dystonia', 'Parkinsonian syndrome', 'Anxiety', 'Depression', 'Behavioral disturbances', 'Cognitive impairment']	['ATP7B']	['c.2230T>C']	GENO:0000137	unknown zygosity	[]	[]	HANCESTRO:0852	Middle Eastern population	GAZ:00005279	Saudi Arabia	['HP:0000708', 'HP:0000716', 'HP:0000739', 'HP:0001251', 'HP:0001260', 'HP:0001288', 'HP:0001332', 'HP:0001337', 'HP:0002312', 'HP:0100543', 'HP:0200032']	['Atypical behavior', 'Depression', 'Anxiety', 'Ataxia', 'Dysarthria', 'Gait disturbance', 'Dystonia', 'Tremor', 'Clumsiness', 'Cognitive impairment', 'Kayser-Fleischer ring']	[]	[]	['NM_000053.4(ATP7B):c.2230T>C']	['540']	GENO:0000137
PAVS562	Tremor|Dysarthria|Clumsiness|Gait disturbance|Ataxia|Dystonia| Parkinsonian syndrome|Anxiety|Depression|Behavioral disturbances|Cognitive impairment|Kayser-Fleischer ring(HP:0200032)	ATP7B:NM_000053.4:c.2230T>C	https://pubmed.ncbi.nlm.nih.gov/14748773/		PAVS562	['HP:0200032']	['Kayser-Fleischer ring']	['Tremor', 'Dysarthria', 'Clumsiness', 'Gait disturbance', 'Ataxia', 'Dystonia', 'Parkinsonian syndrome', 'Anxiety', 'Depression', 'Behavioral disturbances', 'Cognitive impairment']	['ATP7B']	['c.2230T>C']	GENO:0000137	unknown zygosity	[]	[]	HANCESTRO:0852	Middle Eastern population	GAZ:00005279	Saudi Arabia	['HP:0000708', 'HP:0000716', 'HP:0000739', 'HP:0001251', 'HP:0001260', 'HP:0001288', 'HP:0001332', 'HP:0001337', 'HP:0002312', 'HP:0100543', 'HP:0200032']	['Atypical behavior', 'Depression', 'Anxiety', 'Ataxia', 'Dysarthria', 'Gait disturbance', 'Dystonia', 'Tremor', 'Clumsiness', 'Cognitive impairment', 'Kayser-Fleischer ring']	[]	[]	['NM_000053.4(ATP7B):c.2230T>C']	['540']	GENO:0000137
PAVS563	Abnormal liver enzyme|Tremor|Dysarthria|Clumsiness|Gait disturbance|Ataxia|Dystonia| Parkinsonian syndrome|Anxiety|Depression|Behavioral disturbances|Cognitive impairment|Kayser-Fleischer ring(HP:0200032)	ATP7B:NM_000053.4:c.2230T>C	https://pubmed.ncbi.nlm.nih.gov/14748773/		PAVS563	['HP:0200032']	['Kayser-Fleischer ring']	['Abnormal liver enzyme', 'Tremor', 'Dysarthria', 'Clumsiness', 'Gait disturbance', 'Ataxia', 'Dystonia', 'Parkinsonian syndrome', 'Anxiety', 'Depression', 'Behavioral disturbances', 'Cognitive impairment']	['ATP7B']	['c.2230T>C']	GENO:0000137	unknown zygosity	[]	[]	HANCESTRO:0852	Middle Eastern population	GAZ:00005279	Saudi Arabia	['HP:0000708', 'HP:0000716', 'HP:0000739', 'HP:0001251', 'HP:0001260', 'HP:0001288', 'HP:0001332', 'HP:0001337', 'HP:0002312', 'HP:0034685', 'HP:0100543', 'HP:0200032']	['Atypical behavior', 'Depression', 'Anxiety', 'Ataxia', 'Dysarthria', 'Gait disturbance', 'Dystonia', 'Tremor', 'Clumsiness', 'Abnormal liver enzyme activity or concentration', 'Cognitive impairment', 'Kayser-Fleischer ring']	[]	[]	['NM_000053.4(ATP7B):c.2230T>C']	['540']	GENO:0000137
PAVS564	Abnormal liver enzyme|Kayser-Fleischer ring (HP:0200032)	ATP7B:NM_000053.4:c.2230T>C	https://pubmed.ncbi.nlm.nih.gov/14748773/		PAVS564	['HP:0200032']	['Kayser-Fleischer ring']	['Abnormal liver enzyme']	['ATP7B']	['c.2230T>C']	GENO:0000137	unknown zygosity	[]	[]	HANCESTRO:0852	Middle Eastern population	GAZ:00005279	Saudi Arabia	['HP:0034685', 'HP:0200032']	['Abnormal liver enzyme activity or concentration', 'Kayser-Fleischer ring']	[]	[]	['NM_000053.4(ATP7B):c.2230T>C']	['540']	GENO:0000137
PAVS565	Tremor|Dysarthria|Clumsiness|Gait disturbance|Ataxia|Dystonia| Parkinsonian syndrome|Anxiety|Depression|Behavioral disturbances|Cognitive impairment|Kayser-Fleischer ring(HP:0200032)	ATP7B:NM_000053.4:c.4021G>A	https://pubmed.ncbi.nlm.nih.gov/14748773/		PAVS565	['HP:0200032']	['Kayser-Fleischer ring']	['Tremor', 'Dysarthria', 'Clumsiness', 'Gait disturbance', 'Ataxia', 'Dystonia', 'Parkinsonian syndrome', 'Anxiety', 'Depression', 'Behavioral disturbances', 'Cognitive impairment']	['ATP7B']	['c.4021G>A']	GENO:0000137	unknown zygosity	[]	[]	HANCESTRO:0852	Middle Eastern population	GAZ:00005279	Saudi Arabia	['HP:0000708', 'HP:0000716', 'HP:0000739', 'HP:0001251', 'HP:0001260', 'HP:0001288', 'HP:0001332', 'HP:0001337', 'HP:0002312', 'HP:0100543', 'HP:0200032']	['Atypical behavior', 'Depression', 'Anxiety', 'Ataxia', 'Dysarthria', 'Gait disturbance', 'Dystonia', 'Tremor', 'Clumsiness', 'Cognitive impairment', 'Kayser-Fleischer ring']	[]	[]	['NM_000053.4(ATP7B):c.4021G>A']	['540']	GENO:0000137
PAVS566	Atypical or prolonged hepatitis| Hepatic cirrhosis| Hepatic coma| Hepatomegaly| Liver failure| High liver copper	ATP7B:NM_000053.4:c.4193delC	https://pubmed.ncbi.nlm.nih.gov/14514926/		PAVS566	[]	[]	['Atypical or prolonged hepatitis', 'Hepatic cirrhosis', 'Hepatic coma', 'Hepatomegaly', 'Liver failure', 'High liver copper']	['ATP7B']	['c.4193delC']	GENO:0000137	unknown zygosity	[]	[]	HANCESTRO:0852	Middle Eastern population	GAZ:00005279	Saudi Arabia	['HP:0001259', 'HP:0001394', 'HP:0001399', 'HP:0002240', 'HP:0200122']	['Coma', 'Cirrhosis', 'Hepatic failure', 'Hepatomegaly', 'Atypical or prolonged hepatitis']	['OMIM:620306']	['Neurodegeneration and seizures due to copper transport defect']	['NM_000053.4(ATP7B):c.4193delC']	['540']	GENO:0000137
PAVS567	Atypical or prolonged hepatitis| Hepatic cirrhosis| Hepatic coma| Hepatomegaly| Liver failure| High liver copper	ATP7B:NM_000053.4:c.4193delC	https://pubmed.ncbi.nlm.nih.gov/14514926/		PAVS567	[]	[]	['Atypical or prolonged hepatitis', 'Hepatic cirrhosis', 'Hepatic coma', 'Hepatomegaly', 'Liver failure', 'High liver copper']	['ATP7B']	['c.4193delC']	GENO:0000137	unknown zygosity	[]	[]	HANCESTRO:0852	Middle Eastern population	GAZ:00005279	Saudi Arabia	['HP:0001259', 'HP:0001394', 'HP:0001399', 'HP:0002240', 'HP:0200122']	['Coma', 'Cirrhosis', 'Hepatic failure', 'Hepatomegaly', 'Atypical or prolonged hepatitis']	['OMIM:620306']	['Neurodegeneration and seizures due to copper transport defect']	['NM_000053.4(ATP7B):c.4193delC']	['540']	GENO:0000137
PAVS568	Atypical or prolonged hepatitis| Hepatic cirrhosis| Hepatic coma| Hepatomegaly| Liver failure| High liver copper	ATP7B:NM_000053.4:c.4193delC	https://pubmed.ncbi.nlm.nih.gov/14514926/		PAVS568	[]	[]	['Atypical or prolonged hepatitis', 'Hepatic cirrhosis', 'Hepatic coma', 'Hepatomegaly', 'Liver failure', 'High liver copper']	['ATP7B']	['c.4193delC']	GENO:0000137	unknown zygosity	[]	[]	HANCESTRO:0852	Middle Eastern population	GAZ:00005279	Saudi Arabia	['HP:0001259', 'HP:0001394', 'HP:0001399', 'HP:0002240', 'HP:0200122']	['Coma', 'Cirrhosis', 'Hepatic failure', 'Hepatomegaly', 'Atypical or prolonged hepatitis']	['OMIM:620306']	['Neurodegeneration and seizures due to copper transport defect']	['NM_000053.4(ATP7B):c.4193delC']	['540']	GENO:0000137
PAVS569	Abnormal liver enzyme	ATP7B:NM_000053.4:c.4193delC	https://pubmed.ncbi.nlm.nih.gov/14514926/		PAVS569	[]	[]	['Abnormal liver enzyme']	['ATP7B']	['c.4193delC']	GENO:0000137	unknown zygosity	[]	[]	HANCESTRO:0852	Middle Eastern population	GAZ:00005279	Saudi Arabia	['HP:0034685']	['Abnormal liver enzyme activity or concentration']	[]	[]	['NM_000053.4(ATP7B):c.4193delC']	['540']	GENO:0000137
PAVS570	Abnormal liver enzyme	ATP7B:NM_000053.4:c.4193delC	https://pubmed.ncbi.nlm.nih.gov/14514926/		PAVS570	[]	[]	['Abnormal liver enzyme']	['ATP7B']	['c.4193delC']	GENO:0000137	unknown zygosity	[]	[]	HANCESTRO:0852	Middle Eastern population	GAZ:00005279	Saudi Arabia	['HP:0034685']	['Abnormal liver enzyme activity or concentration']	[]	[]	['NM_000053.4(ATP7B):c.4193delC']	['540']	GENO:0000137
PAVS571	Abnormal liver enzyme	ATP7B:NM_000053.4:c.4193delC	https://pubmed.ncbi.nlm.nih.gov/14514926/		PAVS571	[]	[]	['Abnormal liver enzyme']	['ATP7B']	['c.4193delC']	GENO:0000137	unknown zygosity	[]	[]	HANCESTRO:0852	Middle Eastern population	GAZ:00005279	Saudi Arabia	['HP:0034685']	['Abnormal liver enzyme activity or concentration']	[]	[]	['NM_000053.4(ATP7B):c.4193delC']	['540']	GENO:0000137
PAVS572	Tremor|Dysarthria|Clumsiness|Gait disturbance|Ataxia|Dystonia| Parkinsonian syndrome|Anxiety|Depression|Behavioral disturbances|Cognitive impairment	ATP7B:NM_000053.4:c.4193delC	https://pubmed.ncbi.nlm.nih.gov/14514926/		PAVS572	[]	[]	['Tremor', 'Dysarthria', 'Clumsiness', 'Gait disturbance', 'Ataxia', 'Dystonia', 'Parkinsonian syndrome', 'Anxiety', 'Depression', 'Behavioral disturbances', 'Cognitive impairment']	['ATP7B']	['c.4193delC']	GENO:0000137	unknown zygosity	[]	[]	HANCESTRO:0852	Middle Eastern population	GAZ:00005279	Saudi Arabia	['HP:0000708', 'HP:0000716', 'HP:0000739', 'HP:0001251', 'HP:0001260', 'HP:0001288', 'HP:0001332', 'HP:0001337', 'HP:0002312', 'HP:0100543']	['Atypical behavior', 'Depression', 'Anxiety', 'Ataxia', 'Dysarthria', 'Gait disturbance', 'Dystonia', 'Tremor', 'Clumsiness', 'Cognitive impairment']	[]	[]	['NM_000053.4(ATP7B):c.4193delC']	['540']	GENO:0000137
PAVS573	Tremor|Dysarthria|Clumsiness|Gait disturbance|Ataxia|Dystonia| Parkinsonian syndrome|Anxiety|Depression|Behavioral disturbances|Cognitive impairment	ATP7B:NM_000053.4:c.4193delC	https://pubmed.ncbi.nlm.nih.gov/14514926/		PAVS573	[]	[]	['Tremor', 'Dysarthria', 'Clumsiness', 'Gait disturbance', 'Ataxia', 'Dystonia', 'Parkinsonian syndrome', 'Anxiety', 'Depression', 'Behavioral disturbances', 'Cognitive impairment']	['ATP7B']	['c.4193delC']	GENO:0000137	unknown zygosity	[]	[]	HANCESTRO:0852	Middle Eastern population	GAZ:00005279	Saudi Arabia	['HP:0000708', 'HP:0000716', 'HP:0000739', 'HP:0001251', 'HP:0001260', 'HP:0001288', 'HP:0001332', 'HP:0001337', 'HP:0002312', 'HP:0100543']	['Atypical behavior', 'Depression', 'Anxiety', 'Ataxia', 'Dysarthria', 'Gait disturbance', 'Dystonia', 'Tremor', 'Clumsiness', 'Cognitive impairment']	[]	[]	['NM_000053.4(ATP7B):c.4193delC']	['540']	GENO:0000137
PAVS574	Abnormal liver enzyme|Tremor|Dysarthria|Clumsiness|Gait disturbance|Ataxia|Dystonia| Parkinsonian syndrome|Anxiety|Depression|Behavioral disturbances|Cognitive impairment	ATP7B:NM_000053.4:c.4193delC	https://pubmed.ncbi.nlm.nih.gov/14514926/		PAVS574	[]	[]	['Abnormal liver enzyme', 'Tremor', 'Dysarthria', 'Clumsiness', 'Gait disturbance', 'Ataxia', 'Dystonia', 'Parkinsonian syndrome', 'Anxiety', 'Depression', 'Behavioral disturbances', 'Cognitive impairment']	['ATP7B']	['c.4193delC']	GENO:0000137	unknown zygosity	[]	[]	HANCESTRO:0852	Middle Eastern population	GAZ:00005279	Saudi Arabia	['HP:0000708', 'HP:0000716', 'HP:0000739', 'HP:0001251', 'HP:0001260', 'HP:0001288', 'HP:0001332', 'HP:0001337', 'HP:0002312', 'HP:0034685', 'HP:0100543']	['Atypical behavior', 'Depression', 'Anxiety', 'Ataxia', 'Dysarthria', 'Gait disturbance', 'Dystonia', 'Tremor', 'Clumsiness', 'Abnormal liver enzyme activity or concentration', 'Cognitive impairment']	[]	[]	['NM_000053.4(ATP7B):c.4193delC']	['540']	GENO:0000137
PAVS575	Abnormal liver enzyme|Tremor|Dysarthria|Clumsiness|Gait disturbance|Ataxia|Dystonia| Parkinsonian syndrome|Anxiety|Depression|Behavioral disturbances|Cognitive impairment	ATP7B:NM_000053.4:c.4193delC	https://pubmed.ncbi.nlm.nih.gov/14514926/		PAVS575	[]	[]	['Abnormal liver enzyme', 'Tremor', 'Dysarthria', 'Clumsiness', 'Gait disturbance', 'Ataxia', 'Dystonia', 'Parkinsonian syndrome', 'Anxiety', 'Depression', 'Behavioral disturbances', 'Cognitive impairment']	['ATP7B']	['c.4193delC']	GENO:0000137	unknown zygosity	[]	[]	HANCESTRO:0852	Middle Eastern population	GAZ:00005279	Saudi Arabia	['HP:0000708', 'HP:0000716', 'HP:0000739', 'HP:0001251', 'HP:0001260', 'HP:0001288', 'HP:0001332', 'HP:0001337', 'HP:0002312', 'HP:0034685', 'HP:0100543']	['Atypical behavior', 'Depression', 'Anxiety', 'Ataxia', 'Dysarthria', 'Gait disturbance', 'Dystonia', 'Tremor', 'Clumsiness', 'Abnormal liver enzyme activity or concentration', 'Cognitive impairment']	[]	[]	['NM_000053.4(ATP7B):c.4193delC']	['540']	GENO:0000137
PAVS576	Abnormal liver enzyme|Tremor|Dysarthria|Clumsiness|Gait disturbance|Ataxia|Dystonia| Parkinsonian syndrome|Anxiety|Depression|Behavioral disturbances|Cognitive impairment	ATP7B:NM_000053.4:c.4193delC	https://pubmed.ncbi.nlm.nih.gov/14514926/		PAVS576	[]	[]	['Abnormal liver enzyme', 'Tremor', 'Dysarthria', 'Clumsiness', 'Gait disturbance', 'Ataxia', 'Dystonia', 'Parkinsonian syndrome', 'Anxiety', 'Depression', 'Behavioral disturbances', 'Cognitive impairment']	['ATP7B']	['c.4193delC']	GENO:0000137	unknown zygosity	[]	[]	HANCESTRO:0852	Middle Eastern population	GAZ:00005279	Saudi Arabia	['HP:0000708', 'HP:0000716', 'HP:0000739', 'HP:0001251', 'HP:0001260', 'HP:0001288', 'HP:0001332', 'HP:0001337', 'HP:0002312', 'HP:0034685', 'HP:0100543']	['Atypical behavior', 'Depression', 'Anxiety', 'Ataxia', 'Dysarthria', 'Gait disturbance', 'Dystonia', 'Tremor', 'Clumsiness', 'Abnormal liver enzyme activity or concentration', 'Cognitive impairment']	[]	[]	['NM_000053.4(ATP7B):c.4193delC']	['540']	GENO:0000137
PAVS577	Abnormal liver enzyme|Tremor|Dysarthria|Clumsiness|Gait disturbance|Ataxia|Dystonia| Parkinsonian syndrome|Anxiety|Depression|Behavioral disturbances|Cognitive impairment	ATP7B:NM_000053.4:c.4193delC	https://pubmed.ncbi.nlm.nih.gov/14514926/		PAVS577	[]	[]	['Abnormal liver enzyme', 'Tremor', 'Dysarthria', 'Clumsiness', 'Gait disturbance', 'Ataxia', 'Dystonia', 'Parkinsonian syndrome', 'Anxiety', 'Depression', 'Behavioral disturbances', 'Cognitive impairment']	['ATP7B']	['c.4193delC']	GENO:0000137	unknown zygosity	[]	[]	HANCESTRO:0852	Middle Eastern population	GAZ:00005279	Saudi Arabia	['HP:0000708', 'HP:0000716', 'HP:0000739', 'HP:0001251', 'HP:0001260', 'HP:0001288', 'HP:0001332', 'HP:0001337', 'HP:0002312', 'HP:0034685', 'HP:0100543']	['Atypical behavior', 'Depression', 'Anxiety', 'Ataxia', 'Dysarthria', 'Gait disturbance', 'Dystonia', 'Tremor', 'Clumsiness', 'Abnormal liver enzyme activity or concentration', 'Cognitive impairment']	[]	[]	['NM_000053.4(ATP7B):c.4193delC']	['540']	GENO:0000137
PAVS578	Abnormal liver enzyme|Tremor|Dysarthria|Clumsiness|Gait disturbance|Ataxia|Dystonia| Parkinsonian syndrome|Anxiety|Depression|Behavioral disturbances|Cognitive impairment	ATP7B:NM_000053.4:c.4193delC	https://pubmed.ncbi.nlm.nih.gov/14514926/		PAVS578	[]	[]	['Abnormal liver enzyme', 'Tremor', 'Dysarthria', 'Clumsiness', 'Gait disturbance', 'Ataxia', 'Dystonia', 'Parkinsonian syndrome', 'Anxiety', 'Depression', 'Behavioral disturbances', 'Cognitive impairment']	['ATP7B']	['c.4193delC']	GENO:0000137	unknown zygosity	[]	[]	HANCESTRO:0852	Middle Eastern population	GAZ:00005279	Saudi Arabia	['HP:0000708', 'HP:0000716', 'HP:0000739', 'HP:0001251', 'HP:0001260', 'HP:0001288', 'HP:0001332', 'HP:0001337', 'HP:0002312', 'HP:0034685', 'HP:0100543']	['Atypical behavior', 'Depression', 'Anxiety', 'Ataxia', 'Dysarthria', 'Gait disturbance', 'Dystonia', 'Tremor', 'Clumsiness', 'Abnormal liver enzyme activity or concentration', 'Cognitive impairment']	[]	[]	['NM_000053.4(ATP7B):c.4193delC']	['540']	GENO:0000137
PAVS579	Abnormal liver enzyme|Tremor|Dysarthria|Clumsiness|Gait disturbance|Ataxia|Dystonia| Parkinsonian syndrome|Anxiety|Depression|Behavioral disturbances|Cognitive impairment	ATP7B:NM_000053.4:c.4193delC	https://pubmed.ncbi.nlm.nih.gov/14514926/		PAVS579	[]	[]	['Abnormal liver enzyme', 'Tremor', 'Dysarthria', 'Clumsiness', 'Gait disturbance', 'Ataxia', 'Dystonia', 'Parkinsonian syndrome', 'Anxiety', 'Depression', 'Behavioral disturbances', 'Cognitive impairment']	['ATP7B']	['c.4193delC']	GENO:0000137	unknown zygosity	[]	[]	HANCESTRO:0852	Middle Eastern population	GAZ:00005279	Saudi Arabia	['HP:0000708', 'HP:0000716', 'HP:0000739', 'HP:0001251', 'HP:0001260', 'HP:0001288', 'HP:0001332', 'HP:0001337', 'HP:0002312', 'HP:0034685', 'HP:0100543']	['Atypical behavior', 'Depression', 'Anxiety', 'Ataxia', 'Dysarthria', 'Gait disturbance', 'Dystonia', 'Tremor', 'Clumsiness', 'Abnormal liver enzyme activity or concentration', 'Cognitive impairment']	[]	[]	['NM_000053.4(ATP7B):c.4193delC']	['540']	GENO:0000137
PAVS580	Abnormal liver enzyme|Tremor|Dysarthria|Clumsiness|Gait disturbance|Ataxia|Dystonia| Parkinsonian syndrome|Anxiety|Depression|Behavioral disturbances|Cognitive impairment	ATP7B:NM_000053.4:c.4193delC	https://pubmed.ncbi.nlm.nih.gov/14514926/		PAVS580	[]	[]	['Abnormal liver enzyme', 'Tremor', 'Dysarthria', 'Clumsiness', 'Gait disturbance', 'Ataxia', 'Dystonia', 'Parkinsonian syndrome', 'Anxiety', 'Depression', 'Behavioral disturbances', 'Cognitive impairment']	['ATP7B']	['c.4193delC']	GENO:0000137	unknown zygosity	[]	[]	HANCESTRO:0852	Middle Eastern population	GAZ:00005279	Saudi Arabia	['HP:0000708', 'HP:0000716', 'HP:0000739', 'HP:0001251', 'HP:0001260', 'HP:0001288', 'HP:0001332', 'HP:0001337', 'HP:0002312', 'HP:0034685', 'HP:0100543']	['Atypical behavior', 'Depression', 'Anxiety', 'Ataxia', 'Dysarthria', 'Gait disturbance', 'Dystonia', 'Tremor', 'Clumsiness', 'Abnormal liver enzyme activity or concentration', 'Cognitive impairment']	[]	[]	['NM_000053.4(ATP7B):c.4193delC']	['540']	GENO:0000137
PAVS581	Abnormal liver enzyme|Tremor|Dysarthria|Clumsiness|Gait disturbance|Ataxia|Dystonia| Parkinsonian syndrome|Anxiety|Depression|Behavioral disturbances|Cognitive impairment	ATP7B:NM_000053.4:c.4193delC	https://pubmed.ncbi.nlm.nih.gov/14514926/		PAVS581	[]	[]	['Abnormal liver enzyme', 'Tremor', 'Dysarthria', 'Clumsiness', 'Gait disturbance', 'Ataxia', 'Dystonia', 'Parkinsonian syndrome', 'Anxiety', 'Depression', 'Behavioral disturbances', 'Cognitive impairment']	['ATP7B']	['c.4193delC']	GENO:0000137	unknown zygosity	[]	[]	HANCESTRO:0852	Middle Eastern population	GAZ:00005279	Saudi Arabia	['HP:0000708', 'HP:0000716', 'HP:0000739', 'HP:0001251', 'HP:0001260', 'HP:0001288', 'HP:0001332', 'HP:0001337', 'HP:0002312', 'HP:0034685', 'HP:0100543']	['Atypical behavior', 'Depression', 'Anxiety', 'Ataxia', 'Dysarthria', 'Gait disturbance', 'Dystonia', 'Tremor', 'Clumsiness', 'Abnormal liver enzyme activity or concentration', 'Cognitive impairment']	[]	[]	['NM_000053.4(ATP7B):c.4193delC']	['540']	GENO:0000137
PAVS582	lethargy|Poor feeding|Rapid breathing|Weak cry|Low blood urea nitrogen|Hyperammonaemia|Mild acidosis|Elevated citrulline|Elevated ASA|Subnormal mentality|Attention deﬁcit|Linguistic delay|Hepatomegaly| Elevated liver enzyme|Elevated alanine aminotransferase| Hyperammonaemic crisis 	ASL:NM_000048.4:c.1060C>T	https://pubmed.ncbi.nlm.nih.gov/16435180/		PAVS582	[]	[]	['lethargy', 'Poor feeding', 'Rapid breathing', 'Weak cry', 'Low blood urea nitrogen', 'Hyperammonaemia', 'Mild acidosis', 'Elevated citrulline', 'Elevated ASA', 'Subnormal mentality', 'Attention deﬁcit', 'Linguistic delay', 'Hepatomegaly', 'Elevated liver enzyme', 'Elevated alanine aminotransferase', 'Hyperammonaemic crisis']	['ASL']	['c.1060C>T']	GENO:0000137	unknown zygosity	[]	[]	HANCESTRO:0852	Middle Eastern population	GAZ:00005279	Saudi Arabia	['HP:0000736', 'HP:0000750', 'HP:0001254', 'HP:0001612', 'HP:0001941', 'HP:0001987', 'HP:0002240', 'HP:0002883', 'HP:0002910', 'HP:0011966', 'HP:0011968', 'HP:0031964', 'HP:0031969']	['Short attention span', 'Delayed speech and language development', 'Lethargy', 'Weak cry', 'Acidosis', 'Hyperammonemia', 'Hepatomegaly', 'Hyperventilation', 'Elevated circulating hepatic transaminase concentration', 'Elevated plasma citrulline', 'Feeding difficulties', 'Elevated circulating alanine aminotransferase concentration', 'Reduced blood urea nitrogen']	['OMIM:271110']	['Spinal muscular atrophy with microcephaly and mental subnormality']	['NM_000048.4(ASL):c.1060C>T']	['435']	GENO:0000137
PAVS583	lethargy|Poor feeding|Rapid breathing|Weak cry|Low blood urea nitrogen|Hyperammonaemia|Mild acidosis|Elevated citrulline|Elevated ASA|Subnormal mentality|Attention deﬁcit|Linguistic delay|Hepatomegaly| Elevated liver enzyme|Elevated alanine aminotransferase| Hyperammonaemic crisis 	ASL:NM_000048.4:c.1060C>T	https://pubmed.ncbi.nlm.nih.gov/16435180/		PAVS583	[]	[]	['lethargy', 'Poor feeding', 'Rapid breathing', 'Weak cry', 'Low blood urea nitrogen', 'Hyperammonaemia', 'Mild acidosis', 'Elevated citrulline', 'Elevated ASA', 'Subnormal mentality', 'Attention deﬁcit', 'Linguistic delay', 'Hepatomegaly', 'Elevated liver enzyme', 'Elevated alanine aminotransferase', 'Hyperammonaemic crisis']	['ASL']	['c.1060C>T']	GENO:0000137	unknown zygosity	[]	[]	HANCESTRO:0852	Middle Eastern population	GAZ:00005279	Saudi Arabia	['HP:0000736', 'HP:0000750', 'HP:0001254', 'HP:0001612', 'HP:0001941', 'HP:0001987', 'HP:0002240', 'HP:0002883', 'HP:0002910', 'HP:0011966', 'HP:0011968', 'HP:0031964', 'HP:0031969']	['Short attention span', 'Delayed speech and language development', 'Lethargy', 'Weak cry', 'Acidosis', 'Hyperammonemia', 'Hepatomegaly', 'Hyperventilation', 'Elevated circulating hepatic transaminase concentration', 'Elevated plasma citrulline', 'Feeding difficulties', 'Elevated circulating alanine aminotransferase concentration', 'Reduced blood urea nitrogen']	['OMIM:271110']	['Spinal muscular atrophy with microcephaly and mental subnormality']	['NM_000048.4(ASL):c.1060C>T']	['435']	GENO:0000137
PAVS584	ACYL-CoA DEHYDROGENASE| MEDIUM-CHAIN| DEFICIENCY OF; ACADMD(OMIM:201450)	ACADM:NM_000016.6:c.362C>T	https://pubmed.ncbi.nlm.nih.gov/20567907/		PAVS584	[]	[]	['ACYL-CoA DEHYDROGENASE', 'MEDIUM-CHAIN', 'DEFICIENCY OF; ACADMD(OMIM:201450)']	['ACADM']	['c.362C>T']	GENO:0000137	unknown zygosity	['OMIM:201450']	['Acyl-Coa dehydrogenase, medium-chain, deficiency of']	HANCESTRO:0852	Middle Eastern population	GAZ:00005279	Saudi Arabia	['HP:0035017']	['Elevated circulating medium-chain acylcarnitine concentration']	['OMIM:201450']	['Acyl-Coa dehydrogenase, medium-chain, deficiency of']	['NM_000016.6(ACADM):c.362C>T']	['34']	GENO:0000137
PAVS585	ACYL-CoA DEHYDROGENASE| MEDIUM-CHAIN| DEFICIENCY OF; ACADMD(OMIM:201450)	ACADM:NM_000016.6:c.362C>T|ACADM:NM_000016.6:c.347G>A	https://pubmed.ncbi.nlm.nih.gov/20567907/		PAVS585	[]	[]	['ACYL-CoA DEHYDROGENASE', 'MEDIUM-CHAIN', 'DEFICIENCY OF; ACADMD(OMIM:201450)']	['ACADM']	['c.362C>T|ACADM']	GENO:0000137	unknown zygosity	['OMIM:201450']	['Acyl-Coa dehydrogenase, medium-chain, deficiency of']	HANCESTRO:0852	Middle Eastern population	GAZ:00005279	Saudi Arabia	['HP:0035017']	['Elevated circulating medium-chain acylcarnitine concentration']	['OMIM:201450']	['Acyl-Coa dehydrogenase, medium-chain, deficiency of']	['NM_000016.6(ACADM):c.362C>T|ACADM']	['34']	GENO:0000137
PAVS586	Lens subluxation|Seizures|Intellectual disability,|Cerebral vessels tortuosity	CBS:NM_000071.3:c.770C>T	https://pubmed.ncbi.nlm.nih.gov/21517828/		PAVS586	[]	[]	['Lens subluxation', 'Seizures', 'Intellectual disability,', 'Cerebral vessels tortuosity']	['CBS']	['c.770C>T']	GENO:0000137	unknown zygosity	[]	[]	HANCESTRO:0852	Middle Eastern population	GAZ:00005279	Saudi Arabia	['HP:0001132', 'HP:0001249', 'HP:0001250', 'HP:0002060']	['Lens subluxation', 'Intellectual disability', 'Seizure', 'Abnormal cerebral morphology']	[]	[]	['NM_000071.3(CBS):c.770C>T']	['875']	GENO:0000137
PAVS587	Lens subluxation|Seizures|Aggressive behavior|Intellectual disability,|Aggressive behavior|White matter demyelination	CBS:NM_000071.3:c.969G>A	https://pubmed.ncbi.nlm.nih.gov/21517828/		PAVS587	[]	[]	['Lens subluxation', 'Seizures', 'Aggressive behavior', 'Intellectual disability,', 'Aggressive behavior', 'White matter demyelination']	['CBS']	['c.969G>A']	GENO:0000137	unknown zygosity	[]	[]	HANCESTRO:0852	Middle Eastern population	GAZ:00005279	Saudi Arabia	['HP:0000718', 'HP:0001132', 'HP:0001249', 'HP:0001250', 'HP:0007305']	['Aggressive behavior', 'Lens subluxation', 'Intellectual disability', 'Seizure', 'CNS demyelination']	[]	[]	['NM_000071.3(CBS):c.969G>A']	['875']	GENO:0000137
PAVS588	Lens subluxation|Intellectual disability,	CBS:NM_000071.3:c.969G>A	https://pubmed.ncbi.nlm.nih.gov/21517828/		PAVS588	[]	[]	['Lens subluxation', 'Intellectual disability,']	['CBS']	['c.969G>A']	GENO:0000137	unknown zygosity	[]	[]	HANCESTRO:0852	Middle Eastern population	GAZ:00005279	Saudi Arabia	['HP:0001132', 'HP:0001249']	['Lens subluxation', 'Intellectual disability']	[]	[]	['NM_000071.3(CBS):c.969G>A']	['875']	GENO:0000137
PAVS589	Lens subluxation|Scoliosisa|Osteoporosis|Osteoarthritis|Recurrent aspiration|paparesis|Hypertension|Sinus tachycardia|Intellectual disability,|Cerebral vessels tortuosity	CBS:NM_000071.3:c.969G>A	https://pubmed.ncbi.nlm.nih.gov/21517828/		PAVS589	[]	[]	['Lens subluxation', 'Scoliosisa', 'Osteoporosis', 'Osteoarthritis', 'Recurrent aspiration', 'paparesis', 'Hypertension', 'Sinus tachycardia', 'Intellectual disability,', 'Cerebral vessels tortuosity']	['CBS']	['c.969G>A']	GENO:0000137	unknown zygosity	[]	[]	HANCESTRO:0852	Middle Eastern population	GAZ:00005279	Saudi Arabia	['HP:0000822', 'HP:0000939', 'HP:0001132', 'HP:0001249', 'HP:0002060', 'HP:0002385', 'HP:0002650', 'HP:0002758', 'HP:0002835', 'HP:0011703']	['Hypertension', 'Osteoporosis', 'Lens subluxation', 'Intellectual disability', 'Abnormal cerebral morphology', 'Paraparesis', 'Scoliosis', 'Osteoarthritis', 'Aspiration', 'Sinus tachycardia']	[]	[]	['NM_000071.3(CBS):c.969G>A']	['875']	GENO:0000137
PAVS590	Elevated plasma homocysteine level| High plasma methionine	CBS:NM_000071.3:c.969G>A	https://pubmed.ncbi.nlm.nih.gov/21517828/		PAVS590	[]	[]	['Elevated plasma homocysteine level', 'High plasma methionine']	['CBS']	['c.969G>A']	GENO:0000137	unknown zygosity	[]	[]	HANCESTRO:0852	Middle Eastern population	GAZ:00005279	Saudi Arabia	[]	[]	['OMIM:250850']	['Methionine adenosyltransferase I/III deficiency']	['NM_000071.3(CBS):c.969G>A']	['875']	GENO:0000137
PAVS591	Lens subluxation|Osteoporosis|Osteoarthritis|Intellectual disability,	CBS:NM_000071.3:c.969G>A	https://pubmed.ncbi.nlm.nih.gov/21517828/		PAVS591	[]	[]	['Lens subluxation', 'Osteoporosis', 'Osteoarthritis', 'Intellectual disability,']	['CBS']	['c.969G>A']	GENO:0000137	unknown zygosity	[]	[]	HANCESTRO:0852	Middle Eastern population	GAZ:00005279	Saudi Arabia	['HP:0000939', 'HP:0001132', 'HP:0001249', 'HP:0002758']	['Osteoporosis', 'Lens subluxation', 'Intellectual disability', 'Osteoarthritis']	[]	[]	['NM_000071.3(CBS):c.969G>A']	['875']	GENO:0000137
PAVS592	Elevated plasma homocysteine level| High plasma methionine	CBS:NM_000071.3:c.969G>A	https://pubmed.ncbi.nlm.nih.gov/21517828/		PAVS592	[]	[]	['Elevated plasma homocysteine level', 'High plasma methionine']	['CBS']	['c.969G>A']	GENO:0000137	unknown zygosity	[]	[]	HANCESTRO:0852	Middle Eastern population	GAZ:00005279	Saudi Arabia	[]	[]	['OMIM:250850']	['Methionine adenosyltransferase I/III deficiency']	['NM_000071.3(CBS):c.969G>A']	['875']	GENO:0000137
PAVS593	Lens subluxation|Sixth nerve palsy|Intellectual disability,	CBS:NM_000071.3:c.969G>A	https://pubmed.ncbi.nlm.nih.gov/21517828/		PAVS593	[]	[]	['Lens subluxation', 'Sixth nerve palsy', 'Intellectual disability,']	['CBS']	['c.969G>A']	GENO:0000137	unknown zygosity	[]	[]	HANCESTRO:0852	Middle Eastern population	GAZ:00005279	Saudi Arabia	['HP:0001132', 'HP:0001249', 'HP:0006897']	['Lens subluxation', 'Intellectual disability', 'Abducens palsy']	[]	[]	['NM_000071.3(CBS):c.969G>A']	['875']	GENO:0000137
PAVS594	Elevated plasma homocysteine level| High plasma methionine	CBS:NM_000071.3:c.969G>A	https://pubmed.ncbi.nlm.nih.gov/21517828/		PAVS594	[]	[]	['Elevated plasma homocysteine level', 'High plasma methionine']	['CBS']	['c.969G>A']	GENO:0000137	unknown zygosity	[]	[]	HANCESTRO:0852	Middle Eastern population	GAZ:00005279	Saudi Arabia	[]	[]	['OMIM:250850']	['Methionine adenosyltransferase I/III deficiency']	['NM_000071.3(CBS):c.969G>A']	['875']	GENO:0000137
PAVS595	Lens subluxation|Scoliosisa|Osteoporosis	CBS:NM_000071.3:c.969G>A	https://pubmed.ncbi.nlm.nih.gov/21517828/		PAVS595	[]	[]	['Lens subluxation', 'Scoliosisa', 'Osteoporosis']	['CBS']	['c.969G>A']	GENO:0000137	unknown zygosity	[]	[]	HANCESTRO:0852	Middle Eastern population	GAZ:00005279	Saudi Arabia	['HP:0000939', 'HP:0001132', 'HP:0002650']	['Osteoporosis', 'Lens subluxation', 'Scoliosis']	[]	[]	['NM_000071.3(CBS):c.969G>A']	['875']	GENO:0000137
PAVS596	Lens subluxation|Scoliosisa|Bronchial asthma	CBS:NM_000071.3:c.969G>A	https://pubmed.ncbi.nlm.nih.gov/21517828/		PAVS596	[]	[]	['Lens subluxation', 'Scoliosisa', 'Bronchial asthma']	['CBS']	['c.969G>A']	GENO:0000137	unknown zygosity	[]	[]	HANCESTRO:0852	Middle Eastern population	GAZ:00005279	Saudi Arabia	['HP:0001132', 'HP:0002099', 'HP:0002650']	['Lens subluxation', 'Asthma', 'Scoliosis']	[]	[]	['NM_000071.3(CBS):c.969G>A']	['875']	GENO:0000137
PAVS597	Lens subluxation|Scoliosis|joint contractures|Seizures|dystonia| Spastic paraplegia|Intellectual disability,|Reduced nerve conduction velocity|White matter demyelination	CBS:NM_000071.3:c.1006C>T	https://pubmed.ncbi.nlm.nih.gov/21517828/		PAVS597	[]	[]	['Lens subluxation', 'Scoliosis', 'joint contractures', 'Seizures', 'dystonia', 'Spastic paraplegia', 'Intellectual disability,', 'Reduced nerve conduction velocity', 'White matter demyelination']	['CBS']	['c.1006C>T']	GENO:0000137	unknown zygosity	[]	[]	HANCESTRO:0852	Middle Eastern population	GAZ:00005279	Saudi Arabia	['HP:0000762', 'HP:0001132', 'HP:0001249', 'HP:0001250', 'HP:0001258', 'HP:0001332', 'HP:0002650', 'HP:0007305', 'HP:0034392']	['Decreased nerve conduction velocity', 'Lens subluxation', 'Intellectual disability', 'Seizure', 'Spastic paraplegia', 'Dystonia', 'Scoliosis', 'CNS demyelination', 'Joint contracture']	[]	[]	['NM_000071.3(CBS):c.1006C>T']	['875']	GENO:0000137
PAVS598	Lens subluxation|Scoliosisa|Osteoporosis|Osteoarthritis|Joint deformity|Restrictive lung disease|Neck Dystonia|Intellectual disability,	CBS:NM_000071.3:c.1006C>T	https://pubmed.ncbi.nlm.nih.gov/21517828/		PAVS598	[]	[]	['Lens subluxation', 'Scoliosisa', 'Osteoporosis', 'Osteoarthritis', 'Joint deformity', 'Restrictive lung disease', 'Neck Dystonia', 'Intellectual disability,']	['CBS']	['c.1006C>T']	GENO:0000137	unknown zygosity	[]	[]	HANCESTRO:0852	Middle Eastern population	GAZ:00005279	Saudi Arabia	['HP:0000939', 'HP:0001132', 'HP:0001249', 'HP:0001332', 'HP:0002091', 'HP:0002650', 'HP:0002758']	['Osteoporosis', 'Lens subluxation', 'Intellectual disability', 'Dystonia', 'Restrictive ventilatory defect', 'Scoliosis', 'Osteoarthritis']	['OMIM:603546']	['Spondyloepimetaphyseal dysplasia with joint laxity, type 2']	['NM_000071.3(CBS):c.1006C>T']	['875']	GENO:0000137
PAVS599	Lens subluxation|Scoliosisa|Osteoporosis|Genu valgum|Inguinal hernia|Intellectual disability,	CBS:NM_000071.3:c.1006C>T	https://pubmed.ncbi.nlm.nih.gov/21517828/		PAVS599	[]	[]	['Lens subluxation', 'Scoliosisa', 'Osteoporosis', 'Genu valgum', 'Inguinal hernia', 'Intellectual disability,']	['CBS']	['c.1006C>T']	GENO:0000137	unknown zygosity	[]	[]	HANCESTRO:0852	Middle Eastern population	GAZ:00005279	Saudi Arabia	['HP:0000023', 'HP:0000939', 'HP:0001132', 'HP:0001249', 'HP:0002650', 'HP:0002857']	['Inguinal hernia', 'Osteoporosis', 'Lens subluxation', 'Intellectual disability', 'Scoliosis', 'Genu valgum']	[]	[]	['NM_000071.3(CBS):c.1006C>T']	['875']	GENO:0000137
PAVS600	Lens subluxation|Scoliosisa|Osteoporosis|Genu valgum|Attention deficit hyperactivity disorder|Aggressive behavior|Intellectual disability,|White matter demyelination	CBS:NM_000071.3:c.1006C>T	https://pubmed.ncbi.nlm.nih.gov/21517828/		PAVS600	[]	[]	['Lens subluxation', 'Scoliosisa', 'Osteoporosis', 'Genu valgum', 'Attention deficit hyperactivity disorder', 'Aggressive behavior', 'Intellectual disability,', 'White matter demyelination']	['CBS']	['c.1006C>T']	GENO:0000137	unknown zygosity	[]	[]	HANCESTRO:0852	Middle Eastern population	GAZ:00005279	Saudi Arabia	['HP:0000718', 'HP:0000939', 'HP:0001132', 'HP:0001249', 'HP:0002650', 'HP:0002857', 'HP:0007018', 'HP:0007305']	['Aggressive behavior', 'Osteoporosis', 'Lens subluxation', 'Intellectual disability', 'Scoliosis', 'Genu valgum', 'Attention deficit hyperactivity disorder', 'CNS demyelination']	[]	[]	['NM_000071.3(CBS):c.1006C>T']	['875']	GENO:0000137
PAVS601	Scoliosisa|Osteoporosis|sclerodactyly|Tremor|Insulin-dependent diabetes mellitus|Intellectual disability,	CBS:NM_000071.3:c.969G>A	https://pubmed.ncbi.nlm.nih.gov/21517828/		PAVS601	[]	[]	['Scoliosisa', 'Osteoporosis', 'sclerodactyly', 'Tremor', 'Insulin-dependent diabetes mellitus', 'Intellectual disability,']	['CBS']	['c.969G>A']	GENO:0000137	unknown zygosity	[]	[]	HANCESTRO:0852	Middle Eastern population	GAZ:00005279	Saudi Arabia	['HP:0000939', 'HP:0001249', 'HP:0001337', 'HP:0002650', 'HP:0011838', 'HP:0100651']	['Osteoporosis', 'Intellectual disability', 'Tremor', 'Scoliosis', 'Sclerodactyly', 'Type I diabetes mellitus']	[]	[]	['NM_000071.3(CBS):c.969G>A']	['875']	GENO:0000137
PAVS602	Legg-Calve-Perthes disease	CBS:NM_000071.3:c.969G>A	https://pubmed.ncbi.nlm.nih.gov/21517828/		PAVS602	[]	[]	['Legg-Calve-Perthes disease']	['CBS']	['c.969G>A']	GENO:0000137	unknown zygosity	[]	[]	HANCESTRO:0852	Middle Eastern population	GAZ:00005279	Saudi Arabia	[]	[]	['OMIM:150600']	['Legg-Calve-Perthes disease']	['NM_000071.3(CBS):c.969G>A']	['875']	GENO:0000137
PAVS603	Scoliosisa|Recurrent aspiration|Hemiplegia|Seizures| Attention deficit hyperactivity disorder|Intellectual disability,|Superior sagittal sinus|Thrombosis|	CBS:NM_000071.3:c.969G>A	https://pubmed.ncbi.nlm.nih.gov/21517828/		PAVS603	[]	[]	['Scoliosisa', 'Recurrent aspiration', 'Hemiplegia', 'Seizures', 'Attention deficit hyperactivity disorder', 'Intellectual disability,', 'Superior sagittal sinus', 'Thrombosis']	['CBS']	['c.969G>A']	GENO:0000137	unknown zygosity	[]	[]	HANCESTRO:0852	Middle Eastern population	GAZ:00005279	Saudi Arabia	['HP:0001249', 'HP:0001250', 'HP:0001977', 'HP:0002301', 'HP:0002650', 'HP:0002835', 'HP:0007018']	['Intellectual disability', 'Seizure', 'Abnormal thrombosis', 'Hemiplegia', 'Scoliosis', 'Aspiration', 'Attention deficit hyperactivity disorder']	[]	[]	['NM_000071.3(CBS):c.969G>A']	['875']	GENO:0000137
PAVS604	Elevated plasma homocysteine leve(HP:0010919)|Hypermethioninemia( HP:0003235)	CBS:NM_000071.3:c.969G>A	https://pubmed.ncbi.nlm.nih.gov/21517828/		PAVS604	['HP:0003235', 'HP:0010919']	['Hypermethioninemia', 'Abnormal circulating homocysteine concentration']	[]	['CBS']	['c.969G>A']	GENO:0000137	unknown zygosity	[]	[]	HANCESTRO:0852	Middle Eastern population	GAZ:00005279	Saudi Arabia	['HP:0003235', 'HP:0010919']	['Hypermethioninemia', 'Abnormal circulating homocysteine concentration']	[]	[]	['NM_000071.3(CBS):c.969G>A']	['875']	GENO:0000137
PAVS605	Lens subluxation|Scoliosisa|Osteoporosis|Peripheral neuropathy|Attention deficit hyperactivity disorder|Lower limb varicose veins|Intellectual disability,|Reduced nerve conduction velocity Cerebral vessels tortuosity	CBS:NM_000071.3:c.457G>A	https://pubmed.ncbi.nlm.nih.gov/21517828/		PAVS605	[]	[]	['Lens subluxation', 'Scoliosisa', 'Osteoporosis', 'Peripheral neuropathy', 'Attention deficit hyperactivity disorder', 'Lower limb varicose veins', 'Intellectual disability,', 'Reduced nerve conduction velocity Cerebral vessels tortuosity']	['CBS']	['c.457G>A']	GENO:0000137	unknown zygosity	[]	[]	HANCESTRO:0852	Middle Eastern population	GAZ:00005279	Saudi Arabia	['HP:0000762', 'HP:0000939', 'HP:0001132', 'HP:0001249', 'HP:0002619', 'HP:0002650', 'HP:0007018', 'HP:0009830']	['Decreased nerve conduction velocity', 'Osteoporosis', 'Lens subluxation', 'Intellectual disability', 'Varicose veins', 'Scoliosis', 'Attention deficit hyperactivity disorder', 'Peripheral neuropathy']	[]	[]	['NM_000071.3(CBS):c.457G>A']	['875']	GENO:0000137
PAVS606	Lens subluxation|Attention deficit hyperactivity disorder|Precocious puberty|Intellectual disability,	CBS:NM_000071.3:c.457G>A	https://pubmed.ncbi.nlm.nih.gov/21517828/		PAVS606	[]	[]	['Lens subluxation', 'Attention deficit hyperactivity disorder', 'Precocious puberty', 'Intellectual disability,']	['CBS']	['c.457G>A']	GENO:0000137	unknown zygosity	[]	[]	HANCESTRO:0852	Middle Eastern population	GAZ:00005279	Saudi Arabia	['HP:0000826', 'HP:0001132', 'HP:0001249', 'HP:0007018']	['Precocious puberty', 'Lens subluxation', 'Intellectual disability', 'Attention deficit hyperactivity disorder']	[]	[]	['NM_000071.3(CBS):c.457G>A']	['875']	GENO:0000137
PAVS607	Lens subluxation|Attention deficit hyperactivity disorder|Intellectual disability,|Aggressive behaviorn	CBS:NM_000071.3:c.969G>A	https://pubmed.ncbi.nlm.nih.gov/21517828/		PAVS607	[]	[]	['Lens subluxation', 'Attention deficit hyperactivity disorder', 'Intellectual disability,', 'Aggressive behaviorn']	['CBS']	['c.969G>A']	GENO:0000137	unknown zygosity	[]	[]	HANCESTRO:0852	Middle Eastern population	GAZ:00005279	Saudi Arabia	['HP:0000718', 'HP:0001132', 'HP:0001249', 'HP:0007018']	['Aggressive behavior', 'Lens subluxation', 'Intellectual disability', 'Attention deficit hyperactivity disorder']	[]	[]	['NM_000071.3(CBS):c.969G>A']	['875']	GENO:0000137
PAVS608	DIARRHEA 1| SECRETORY CHLORIDE| CONGENITAL; DIAR1(OMIM:214700)	SLC26A3:NM_000111.3:c.559G>T	https://pubmed.ncbi.nlm.nih.gov/9718329/		PAVS608	[]	[]	['DIARRHEA 1', 'SECRETORY CHLORIDE', 'CONGENITAL; DIAR1(OMIM:214700)']	['SLC26A3']	['c.559G>T']	GENO:0000137	unknown zygosity	['OMIM:214700']	['Diarrhea 1, secretory chloride, congenital']	HANCESTRO:0852	Middle Eastern population	GAZ:00005279	Saudi Arabia	['HP:0002014']	['Diarrhea']	['OMIM:214700']	['Diarrhea 1, secretory chloride, congenital']	['NM_000111.3(SLC26A3):c.559G>T']	['1811']	GENO:0000137
PAVS609	DIARRHEA 1| SECRETORY CHLORIDE| CONGENITAL; DIAR1(OMIM:214700)	SLC26A3:NM_000111.3:c.559G>T	https://pubmed.ncbi.nlm.nih.gov/9718329/		PAVS609	[]	[]	['DIARRHEA 1', 'SECRETORY CHLORIDE', 'CONGENITAL; DIAR1(OMIM:214700)']	['SLC26A3']	['c.559G>T']	GENO:0000137	unknown zygosity	['OMIM:214700']	['Diarrhea 1, secretory chloride, congenital']	HANCESTRO:0852	Middle Eastern population	GAZ:00005279	Saudi Arabia	['HP:0002014']	['Diarrhea']	['OMIM:214700']	['Diarrhea 1, secretory chloride, congenital']	['NM_000111.3(SLC26A3):c.559G>T']	['1811']	GENO:0000137
PAVS610	DIARRHEA 1| SECRETORY CHLORIDE| CONGENITAL; DIAR1(OMIM:214700)	SLC26A3:NM_000111.3:c.559G>T	https://pubmed.ncbi.nlm.nih.gov/9718329/		PAVS610	[]	[]	['DIARRHEA 1', 'SECRETORY CHLORIDE', 'CONGENITAL; DIAR1(OMIM:214700)']	['SLC26A3']	['c.559G>T']	GENO:0000137	unknown zygosity	['OMIM:214700']	['Diarrhea 1, secretory chloride, congenital']	HANCESTRO:0852	Middle Eastern population	GAZ:00005279	Saudi Arabia	['HP:0002014']	['Diarrhea']	['OMIM:214700']	['Diarrhea 1, secretory chloride, congenital']	['NM_000111.3(SLC26A3):c.559G>T']	['1811']	GENO:0000137
PAVS611	DIARRHEA 1| SECRETORY CHLORIDE| CONGENITAL; DIAR1(OMIM:214700)	SLC26A3:NM_000111.3:c.559G>T	https://pubmed.ncbi.nlm.nih.gov/9718329/		PAVS611	[]	[]	['DIARRHEA 1', 'SECRETORY CHLORIDE', 'CONGENITAL; DIAR1(OMIM:214700)']	['SLC26A3']	['c.559G>T']	GENO:0000137	unknown zygosity	['OMIM:214700']	['Diarrhea 1, secretory chloride, congenital']	HANCESTRO:0852	Middle Eastern population	GAZ:00005279	Saudi Arabia	['HP:0002014']	['Diarrhea']	['OMIM:214700']	['Diarrhea 1, secretory chloride, congenital']	['NM_000111.3(SLC26A3):c.559G>T']	['1811']	GENO:0000137
PAVS612	Acidosis|Hyperammonemia|Increased anion gap|Hypoglycemia |Hyperuricemia|Elevated transaminase activity|Elevated lactate level 	HMGCL:NM_000191.3:c.122G>A	https://pubmed.ncbi.nlm.nih.gov/17173698/		PAVS612	[]	[]	['Acidosis', 'Hyperammonemia', 'Increased anion gap', 'Hypoglycemia', 'Hyperuricemia', 'Elevated transaminase activity', 'Elevated lactate level']	['HMGCL']	['c.122G>A']	GENO:0000137	unknown zygosity	[]	[]	HANCESTRO:0852	Middle Eastern population	GAZ:00005279	Saudi Arabia	['HP:0001941', 'HP:0001943', 'HP:0001987', 'HP:0002149']	['Acidosis', 'Hypoglycemia', 'Hyperammonemia', 'Hyperuricemia']	[]	[]	['NM_000191.3(HMGCL):c.122G>A']	['3155']	GENO:0000137
PAVS613	Acidosis|Hyperammonemia|Increased anion gap|Hypoglycemia |Hyperuricemia|Elevated transaminase activity|Elevated lactate level 	HMGCL:NM_000191.3:c.IVS6+1G>A	https://pubmed.ncbi.nlm.nih.gov/17173698/		PAVS613	[]	[]	['Acidosis', 'Hyperammonemia', 'Increased anion gap', 'Hypoglycemia', 'Hyperuricemia', 'Elevated transaminase activity', 'Elevated lactate level']	['HMGCL']	['c.IVS6+1G>A']	GENO:0000137	unknown zygosity	[]	[]	HANCESTRO:0852	Middle Eastern population	GAZ:00005279	Saudi Arabia	['HP:0001941', 'HP:0001943', 'HP:0001987', 'HP:0002149']	['Acidosis', 'Hypoglycemia', 'Hyperammonemia', 'Hyperuricemia']	[]	[]	['NM_000191.3(HMGCL):c.IVS6+1G>A']	['3155']	GENO:0000137
PAVS614	Acidosis|Hyperammonemia|Increased anion gap|Hypoglycemia |Hyperuricemia|Elevated transaminase activity|Elevated lactate level 	HMGCL:NM_000191.3:c.914_915del	https://pubmed.ncbi.nlm.nih.gov/17173698/		PAVS614	[]	[]	['Acidosis', 'Hyperammonemia', 'Increased anion gap', 'Hypoglycemia', 'Hyperuricemia', 'Elevated transaminase activity', 'Elevated lactate level']	['HMGCL']	['c.914_915del']	GENO:0000137	unknown zygosity	[]	[]	HANCESTRO:0852	Middle Eastern population	GAZ:00005279	Saudi Arabia	['HP:0001941', 'HP:0001943', 'HP:0001987', 'HP:0002149']	['Acidosis', 'Hypoglycemia', 'Hyperammonemia', 'Hyperuricemia']	['OMIM:618412']	['Global developmental delay, progressive ataxia, and elevated glutamine']	['NM_000191.3(HMGCL):c.914_915del']	['3155']	GENO:0000137
PAVS615	3-HYDROXY-3-METHYLGLUTARYL-CoA LYASE; HMGCL(OMIM:613898)	HMGCL:NM_000191.3:c.122G>A	https://pubmed.ncbi.nlm.nih.gov/9463337/		PAVS615	[]	[]	['3-HYDROXY-3-METHYLGLUTARYL-CoA LYASE; HMGCL(OMIM:613898)']	['HMGCL']	['c.122G>A']	GENO:0000137	unknown zygosity	['OMIM:613898']	['Unknown Disease']	HANCESTRO:0852	Middle Eastern population	GAZ:00005279	Saudi Arabia	[]	[]	['OMIM:613898']	['Unknown']	['NM_000191.3(HMGCL):c.122G>A']	['3155']	GENO:0000137
PAVS616	Lethargy|Hyperpnoea|Tachypnoea|Seizures|Cardiopulmonary arrest	HMGCL:NM_000191.3:c.122G>A	https://pubmed.ncbi.nlm.nih.gov/1886403/		PAVS616	[]	[]	['Lethargy', 'Hyperpnoea', 'Tachypnoea', 'Seizures', 'Cardiopulmonary arrest']	['HMGCL']	['c.122G>A']	GENO:0000137	unknown zygosity	[]	[]	HANCESTRO:0852	Middle Eastern population	GAZ:00005279	Saudi Arabia	['HP:0001250', 'HP:0001254', 'HP:0001695', 'HP:0002789', 'HP:0005941']	['Seizure', 'Lethargy', 'Cardiac arrest', 'Tachypnea', 'Intermittent hyperpnea at rest']	[]	[]	['NM_000191.3(HMGCL):c.122G>A']	['3155']	GENO:0000137
PAVS617	3-HYDROXY-3-METHYLGLUTARYL-CoA LYASE; HMGCL(OMIM:613898)	HMGCL:NM_000191.3:c.122G>A	https://pubmed.ncbi.nlm.nih.gov/9463337/		PAVS617	[]	[]	['3-HYDROXY-3-METHYLGLUTARYL-CoA LYASE; HMGCL(OMIM:613898)']	['HMGCL']	['c.122G>A']	GENO:0000137	unknown zygosity	['OMIM:613898']	['Unknown Disease']	HANCESTRO:0852	Middle Eastern population	GAZ:00005279	Saudi Arabia	[]	[]	['OMIM:613898']	['Unknown']	['NM_000191.3(HMGCL):c.122G>A']	['3155']	GENO:0000137
PAVS618	Hyperammonemia|Hypoglycemia|Metabolic acidosis	HMGCL:NM_000191.3:c.914_915del	https://pubmed.ncbi.nlm.nih.gov/1886403/		PAVS618	[]	[]	['Hyperammonemia', 'Hypoglycemia', 'Metabolic acidosis']	['HMGCL']	['c.914_915del']	GENO:0000137	unknown zygosity	[]	[]	HANCESTRO:0852	Middle Eastern population	GAZ:00005279	Saudi Arabia	['HP:0001942', 'HP:0001943', 'HP:0001987']	['Metabolic acidosis', 'Hypoglycemia', 'Hyperammonemia']	[]	[]	['NM_000191.3(HMGCL):c.914_915del']	['3155']	GENO:0000137
PAVS619	Coma|Severe metabolic acidosis|Elevated 3-hydroxy-3-methylglutaric|Elevated 3-methylglutaconic|Elevated 3-methylglutaric|High blood 3-hydroxy-isovaleric acids| Low total carnitine| Low free carnitine	HMGCL:NM_000191.3:c.914_915del	https://pubmed.ncbi.nlm.nih.gov/2443756/		PAVS619	[]	[]	['Coma', 'Severe metabolic acidosis', 'Elevated 3-hydroxy-3-methylglutaric', 'Elevated 3-methylglutaconic', 'Elevated 3-methylglutaric', 'High blood 3-hydroxy-isovaleric acids', 'Low total carnitine', 'Low free carnitine']	['HMGCL']	['c.914_915del']	GENO:0000137	unknown zygosity	[]	[]	HANCESTRO:0852	Middle Eastern population	GAZ:00005279	Saudi Arabia	['HP:0001259', 'HP:0001942']	['Coma', 'Metabolic acidosis']	['OMIM:212140', 'ORPHA:33']	['Carnitine deficiency, systemic primary', 'Isovaleric acidemia']	['NM_000191.3(HMGCL):c.914_915del']	['3155']	GENO:0000137
PAVS620	Hypoglycemic seizures|Metabolic acidosis|Hepatomegaly|Elevated 3-hydroxyisovaleric levels|Elevated 3-methylglutaric levels|Elevated 3-methylglutaconic|Elevated 3-hydroxy-3-methylglutaric acid.	HMGCL:NM_000191.3:c.122G>A	https://academicjournals.org/journal/IJGMB/article-abstract/99935A359585		PAVS620	[]	[]	['Hypoglycemic seizures', 'Metabolic acidosis', 'Hepatomegaly', 'Elevated 3-hydroxyisovaleric levels', 'Elevated 3-methylglutaric levels', 'Elevated 3-methylglutaconic', 'Elevated 3-hydroxy-3-methylglutaric acid.']	['HMGCL']	['c.122G>A']	GENO:0000137	unknown zygosity	[]	[]	HANCESTRO:0852	Middle Eastern population	GAZ:00005279	Saudi Arabia	['HP:0001942', 'HP:0002173', 'HP:0002240']	['Metabolic acidosis', 'Hypoglycemic seizures', 'Hepatomegaly']	['ORPHA:20']	['3-hydroxy-3-methylglutaric aciduria']	['NM_000191.3(HMGCL):c.122G>A']	['3155']	GENO:0000137
PAVS621	Hypoglycemic seizures|Metabolic acidosis|Hepatomegaly|Elevated 3-hydroxyisovaleric levels|Elevated 3-methylglutaric levels|Elevated 3-methylglutaconic|Elevated 3-hydroxy-3-methylglutaric acid.	HMGCL:NM_000191.3:c.122G>A	https://academicjournals.org/journal/IJGMB/article-abstract/99935A359586		PAVS621	[]	[]	['Hypoglycemic seizures', 'Metabolic acidosis', 'Hepatomegaly', 'Elevated 3-hydroxyisovaleric levels', 'Elevated 3-methylglutaric levels', 'Elevated 3-methylglutaconic', 'Elevated 3-hydroxy-3-methylglutaric acid.']	['HMGCL']	['c.122G>A']	GENO:0000137	unknown zygosity	[]	[]	HANCESTRO:0852	Middle Eastern population	GAZ:00005279	Saudi Arabia	['HP:0001942', 'HP:0002173', 'HP:0002240']	['Metabolic acidosis', 'Hypoglycemic seizures', 'Hepatomegaly']	['ORPHA:20']	['3-hydroxy-3-methylglutaric aciduria']	['NM_000191.3(HMGCL):c.122G>A']	['3155']	GENO:0000137
PAVS622	Dysmorphic features|Microcephaly|Hypotonia|Developmental disability,|Seizures|Delayed myelination|Failure to thrive|Hepatomegaly|Mild tricuspid regurgitation|Cutis marmorata|Lipodystrophy|Inverted nipples|Skeletal dysplasia	ALG9:NM_001077691:c.1075G>A	https://pubmed.ncbi.nlm.nih.gov/28742265/		PAVS622	[]	[]	['Dysmorphic features', 'Microcephaly', 'Hypotonia', 'Developmental disability,', 'Seizures', 'Delayed myelination', 'Failure to thrive', 'Hepatomegaly', 'Mild tricuspid regurgitation', 'Cutis marmorata', 'Lipodystrophy', 'Inverted nipples', 'Skeletal dysplasia']	['ALG9']	['c.1075G>A']	GENO:0000137	unknown zygosity	[]	[]	HANCESTRO:0852	Middle Eastern population	GAZ:00005279	Saudi Arabia	['HP:0000252', 'HP:0000965', 'HP:0001250', 'HP:0001252', 'HP:0001263', 'HP:0001508', 'HP:0002240', 'HP:0002652', 'HP:0003186', 'HP:0005180', 'HP:0009125', 'HP:0012448']	['Microcephaly', 'Cutis marmorata', 'Seizure', 'Hypotonia', 'Global developmental delay', 'Failure to thrive', 'Hepatomegaly', 'Skeletal dysplasia', 'Inverted nipples', 'Tricuspid regurgitation', 'Lipodystrophy', 'Delayed myelination']	[]	[]	['NM_001077691(ALG9):c.1075G>A']	['79796']	GENO:0000137
PAVS623	Dysmorphic features|Microcephaly|Hypotonia|Strabismus|Cerebellar hypoplasia|Developmental disability,|Seizures|Delayed myelination|Failure to thrive|Hepatomegaly|Inverted nipples|Pectus excavatum|Skeletal dysplasia	ALG9:NM_001077691:c.1075G>A	https://pubmed.ncbi.nlm.nih.gov/28742265/		PAVS623	[]	[]	['Dysmorphic features', 'Microcephaly', 'Hypotonia', 'Strabismus', 'Cerebellar hypoplasia', 'Developmental disability,', 'Seizures', 'Delayed myelination', 'Failure to thrive', 'Hepatomegaly', 'Inverted nipples', 'Pectus excavatum', 'Skeletal dysplasia']	['ALG9']	['c.1075G>A']	GENO:0000137	unknown zygosity	[]	[]	HANCESTRO:0852	Middle Eastern population	GAZ:00005279	Saudi Arabia	['HP:0000252', 'HP:0000486', 'HP:0000767', 'HP:0001250', 'HP:0001252', 'HP:0001263', 'HP:0001321', 'HP:0001508', 'HP:0002240', 'HP:0002652', 'HP:0003186', 'HP:0012448']	['Microcephaly', 'Strabismus', 'Pectus excavatum', 'Seizure', 'Hypotonia', 'Global developmental delay', 'Cerebellar hypoplasia', 'Failure to thrive', 'Hepatomegaly', 'Skeletal dysplasia', 'Inverted nipples', 'Delayed myelination']	[]	[]	['NM_001077691(ALG9):c.1075G>A']	['79796']	GENO:0000137
PAVS624	Dysmorphic features|Microcephaly|Hypotonia|Cerebellar hypoplasia|Developmental disability,|Seizures|Delayed myelination|Failure to thrive|Hepatomegaly|Mild pericardial effusion|ASD|Right ventricle dilatation||Inverted nipples|Skeletal dysplasia	ALG9:NM_001077691:c.1075G>A	https://pubmed.ncbi.nlm.nih.gov/28742265/		PAVS624	[]	[]	['Dysmorphic features', 'Microcephaly', 'Hypotonia', 'Cerebellar hypoplasia', 'Developmental disability,', 'Seizures', 'Delayed myelination', 'Failure to thrive', 'Hepatomegaly', 'Mild pericardial effusion', 'ASD', 'Right ventricle dilatation', 'Inverted nipples', 'Skeletal dysplasia']	['ALG9']	['c.1075G>A']	GENO:0000137	unknown zygosity	[]	[]	HANCESTRO:0852	Middle Eastern population	GAZ:00005279	Saudi Arabia	['HP:0000252', 'HP:0000729', 'HP:0001250', 'HP:0001252', 'HP:0001263', 'HP:0001321', 'HP:0001508', 'HP:0001698', 'HP:0002240', 'HP:0002652', 'HP:0003186', 'HP:0005133', 'HP:0012448']	['Microcephaly', 'Autistic behavior', 'Seizure', 'Hypotonia', 'Global developmental delay', 'Cerebellar hypoplasia', 'Failure to thrive', 'Pericardial effusion', 'Hepatomegaly', 'Skeletal dysplasia', 'Inverted nipples', 'Right ventricular dilatation', 'Delayed myelination']	[]	[]	['NM_001077691(ALG9):c.1075G>A']	['79796']	GENO:0000137
PAVS625	Dysmorphic features|Microcephaly|Hypotonia|Cerebellar hypoplasia|Developmental disability,|Seizures|Delayed myelination|Failure to thrive|Hepatomegaly|Mild pericardial effusion|ASD|Right ventricle dilatation|Inverted nipples||Skeletal dysplasia	ALG9:NM_001077691:c.1075G>A	https://pubmed.ncbi.nlm.nih.gov/28742265/		PAVS625	[]	[]	['Dysmorphic features', 'Microcephaly', 'Hypotonia', 'Cerebellar hypoplasia', 'Developmental disability,', 'Seizures', 'Delayed myelination', 'Failure to thrive', 'Hepatomegaly', 'Mild pericardial effusion', 'ASD', 'Right ventricle dilatation', 'Inverted nipples', 'Skeletal dysplasia']	['ALG9']	['c.1075G>A']	GENO:0000137	unknown zygosity	[]	[]	HANCESTRO:0852	Middle Eastern population	GAZ:00005279	Saudi Arabia	['HP:0000252', 'HP:0000729', 'HP:0001250', 'HP:0001252', 'HP:0001263', 'HP:0001321', 'HP:0001508', 'HP:0001698', 'HP:0002240', 'HP:0002652', 'HP:0003186', 'HP:0005133', 'HP:0012448']	['Microcephaly', 'Autistic behavior', 'Seizure', 'Hypotonia', 'Global developmental delay', 'Cerebellar hypoplasia', 'Failure to thrive', 'Pericardial effusion', 'Hepatomegaly', 'Skeletal dysplasia', 'Inverted nipples', 'Right ventricular dilatation', 'Delayed myelination']	[]	[]	['NM_001077691(ALG9):c.1075G>A']	['79796']	GENO:0000137
PAVS626	Microcephaly|Developmental disability,|Seizures|Failure to thrive	ALG9:NM_001077691:c.1075G>A	https://pubmed.ncbi.nlm.nih.gov/28742265/		PAVS626	[]	[]	['Microcephaly', 'Developmental disability,', 'Seizures', 'Failure to thrive']	['ALG9']	['c.1075G>A']	GENO:0000137	unknown zygosity	[]	[]	HANCESTRO:0852	Middle Eastern population	GAZ:00005279	Saudi Arabia	['HP:0000252', 'HP:0001250', 'HP:0001263', 'HP:0001508']	['Microcephaly', 'Seizure', 'Global developmental delay', 'Failure to thrive']	[]	[]	['NM_001077691(ALG9):c.1075G>A']	['79796']	GENO:0000137
PAVS627	Dysmorphic features|Microcephaly|Developmental disability,|Failure to thrive|Hepatomegaly|Tricuspid regurgitation|Lipodystrophy|Excessive sweating|Pectus carinatum|Skeletal dysplasia|	ALG9:NM_001077691:c.1075G>A	https://pubmed.ncbi.nlm.nih.gov/28742265/		PAVS627	[]	[]	['Dysmorphic features', 'Microcephaly', 'Developmental disability,', 'Failure to thrive', 'Hepatomegaly', 'Tricuspid regurgitation', 'Lipodystrophy', 'Excessive sweating', 'Pectus carinatum', 'Skeletal dysplasia']	['ALG9']	['c.1075G>A']	GENO:0000137	unknown zygosity	[]	[]	HANCESTRO:0852	Middle Eastern population	GAZ:00005279	Saudi Arabia	['HP:0000252', 'HP:0000768', 'HP:0000975', 'HP:0001263', 'HP:0001508', 'HP:0002240', 'HP:0002652', 'HP:0005180', 'HP:0009125']	['Microcephaly', 'Pectus carinatum', 'Hyperhidrosis', 'Global developmental delay', 'Failure to thrive', 'Hepatomegaly', 'Skeletal dysplasia', 'Tricuspid regurgitation', 'Lipodystrophy']	[]	[]	['NM_001077691(ALG9):c.1075G>A']	['79796']	GENO:0000137
PAVS628	Dysmorphic features|Microcephaly|Developmental disability,|Seizures|Delayed myelination|Failure to thrive	ALG9:NM_001077691:c.1075G>A	https://pubmed.ncbi.nlm.nih.gov/28742265/		PAVS628	[]	[]	['Dysmorphic features', 'Microcephaly', 'Developmental disability,', 'Seizures', 'Delayed myelination', 'Failure to thrive']	['ALG9']	['c.1075G>A']	GENO:0000137	unknown zygosity	[]	[]	HANCESTRO:0852	Middle Eastern population	GAZ:00005279	Saudi Arabia	['HP:0000252', 'HP:0001250', 'HP:0001263', 'HP:0001508', 'HP:0012448']	['Microcephaly', 'Seizure', 'Global developmental delay', 'Failure to thrive', 'Delayed myelination']	[]	[]	['NM_001077691(ALG9):c.1075G>A']	['79796']	GENO:0000137
PAVS629	Dysmorphic features|Hypotonia|Strabismus|Developmental disability,|Seizures|Delayed myelination|Failure to thrive|Hepatomegaly|Mild tricuspid regurgitation|Cutis marmorata|Lipodystrophy|Inverted nipples|Skeletal dysplasia	ALG9:NM_001077691:c.1075G>A	https://pubmed.ncbi.nlm.nih.gov/28742265/		PAVS629	[]	[]	['Dysmorphic features', 'Hypotonia', 'Strabismus', 'Developmental disability,', 'Seizures', 'Delayed myelination', 'Failure to thrive', 'Hepatomegaly', 'Mild tricuspid regurgitation', 'Cutis marmorata', 'Lipodystrophy', 'Inverted nipples', 'Skeletal dysplasia']	['ALG9']	['c.1075G>A']	GENO:0000137	unknown zygosity	[]	[]	HANCESTRO:0852	Middle Eastern population	GAZ:00005279	Saudi Arabia	['HP:0000486', 'HP:0000965', 'HP:0001250', 'HP:0001252', 'HP:0001263', 'HP:0001508', 'HP:0002240', 'HP:0002652', 'HP:0003186', 'HP:0005180', 'HP:0009125', 'HP:0012448']	['Strabismus', 'Cutis marmorata', 'Seizure', 'Hypotonia', 'Global developmental delay', 'Failure to thrive', 'Hepatomegaly', 'Skeletal dysplasia', 'Inverted nipples', 'Tricuspid regurgitation', 'Lipodystrophy', 'Delayed myelination']	[]	[]	['NM_001077691(ALG9):c.1075G>A']	['79796']	GENO:0000137
PAVS630	"Prematurity|Dysmorphic features|Microcephaly|Hypotonia|Cerebellar hypoplasia|Developmental disability,|Cerebral wide sulci|Failure to thrive|Hepatomegaly|Large PDA|Pulmonary hypertension|Skeletal dysplasia|""Nephrocalcinosis| renal dysplasia""|Neonatal death"	ALG3:NM_005787.6:c.512G>A	https://pubmed.ncbi.nlm.nih.gov/28742265/		PAVS630	[]	[]	"['Prematurity', 'Dysmorphic features', 'Microcephaly', 'Hypotonia', 'Cerebellar hypoplasia', 'Developmental disability,', 'Cerebral wide sulci', 'Failure to thrive', 'Hepatomegaly', 'Large PDA', 'Pulmonary hypertension', 'Skeletal dysplasia', '""Nephrocalcinosis', 'renal dysplasia""', 'Neonatal death']"	['ALG3']	['c.512G>A']	GENO:0000137	unknown zygosity	[]	[]	HANCESTRO:0852	Middle Eastern population	GAZ:00005279	Saudi Arabia	['HP:0000110', 'HP:0000121', 'HP:0000252', 'HP:0000822', 'HP:0001252', 'HP:0001263', 'HP:0001321', 'HP:0001508', 'HP:0001643', 'HP:0002240', 'HP:0002652', 'HP:0003811']	['Renal dysplasia', 'Nephrocalcinosis', 'Microcephaly', 'Hypertension', 'Hypotonia', 'Global developmental delay', 'Cerebellar hypoplasia', 'Failure to thrive', 'Patent ductus arteriosus', 'Hepatomegaly', 'Skeletal dysplasia', 'Neonatal death']	['OMIM:620066']	['Neurodevelopmental disorder with microcephaly, cerebral atrophy, and visual impairment']	['NM_005787.6(ALG3):c.512G>A']	['10195']	GENO:0000137
PAVS631	"Prematurity|Dysmorphic features|Microcephaly|Hypotonia|Cerebellar hypoplasia|Developmental disability,|Cerebral wide sulci|Failure to thrive|Hepatomegaly|Large PDA|Pulmonary hypertension|Skeletal dysplasia|""Nephrocalcinosis| renal dysplasia""|Neonatal deat"	ALG3:NM_005787.6:c.512G>A	https://pubmed.ncbi.nlm.nih.gov/28742265/		PAVS631	[]	[]	"['Prematurity', 'Dysmorphic features', 'Microcephaly', 'Hypotonia', 'Cerebellar hypoplasia', 'Developmental disability,', 'Cerebral wide sulci', 'Failure to thrive', 'Hepatomegaly', 'Large PDA', 'Pulmonary hypertension', 'Skeletal dysplasia', '""Nephrocalcinosis', 'renal dysplasia""', 'Neonatal deat']"	['ALG3']	['c.512G>A']	GENO:0000137	unknown zygosity	[]	[]	HANCESTRO:0852	Middle Eastern population	GAZ:00005279	Saudi Arabia	['HP:0000110', 'HP:0000121', 'HP:0000252', 'HP:0000822', 'HP:0001252', 'HP:0001263', 'HP:0001321', 'HP:0001508', 'HP:0001643', 'HP:0002240', 'HP:0002652', 'HP:0003811']	['Renal dysplasia', 'Nephrocalcinosis', 'Microcephaly', 'Hypertension', 'Hypotonia', 'Global developmental delay', 'Cerebellar hypoplasia', 'Failure to thrive', 'Patent ductus arteriosus', 'Hepatomegaly', 'Skeletal dysplasia', 'Neonatal death']	['OMIM:620066']	['Neurodevelopmental disorder with microcephaly, cerebral atrophy, and visual impairment']	['NM_005787.6(ALG3):c.512G>A']	['10195']	GENO:0000137
PAVS632	Dysmorphic features|Hypotonia|Developmental disability,|Failure to thrive||Skeletal dysplasia|Ureteropelvic junction dysfunction|Neonatal death	ALG3:NM_005787.6:c.512G>A	https://pubmed.ncbi.nlm.nih.gov/28742265/		PAVS632	[]	[]	['Dysmorphic features', 'Hypotonia', 'Developmental disability,', 'Failure to thrive', 'Skeletal dysplasia', 'Ureteropelvic junction dysfunction', 'Neonatal death']	['ALG3']	['c.512G>A']	GENO:0000137	unknown zygosity	[]	[]	HANCESTRO:0852	Middle Eastern population	GAZ:00005279	Saudi Arabia	['HP:0000074', 'HP:0001252', 'HP:0001263', 'HP:0001508', 'HP:0002652', 'HP:0003811']	['Ureteropelvic junction obstruction', 'Hypotonia', 'Global developmental delay', 'Failure to thrive', 'Skeletal dysplasia', 'Neonatal death']	[]	[]	['NM_005787.6(ALG3):c.512G>A']	['10195']	GENO:0000137
PAVS633	Prematurity|Dysmorphic features|Microcephaly|Hypotonia|Cerebellar hypoplasia|Developmental disability,|Failure to thrive|Hepatomegaly|TR| Ventricular septal defect| MS| PDA|Congenital diaphragmatic hernia|Pulmonary hypoplasia|Small genitalia|Skeletal dysplasia|Neonatal death	ALG3:NM_005787.6:c.512G>A	https://pubmed.ncbi.nlm.nih.gov/28742265/		PAVS633	[]	[]	['Prematurity', 'Dysmorphic features', 'Microcephaly', 'Hypotonia', 'Cerebellar hypoplasia', 'Developmental disability,', 'Failure to thrive', 'Hepatomegaly', 'TR', 'Ventricular septal defect', 'MS', 'PDA', 'Congenital diaphragmatic hernia', 'Pulmonary hypoplasia', 'Small genitalia', 'Skeletal dysplasia', 'Neonatal death']	['ALG3']	['c.512G>A']	GENO:0000137	unknown zygosity	[]	[]	HANCESTRO:0852	Middle Eastern population	GAZ:00005279	Saudi Arabia	['HP:0000252', 'HP:0000776', 'HP:0001252', 'HP:0001263', 'HP:0001321', 'HP:0001508', 'HP:0001629', 'HP:0001643', 'HP:0002089', 'HP:0002240', 'HP:0002652', 'HP:0003241', 'HP:0003811']	['Microcephaly', 'Congenital diaphragmatic hernia', 'Hypotonia', 'Global developmental delay', 'Cerebellar hypoplasia', 'Failure to thrive', 'Ventricular septal defect', 'Patent ductus arteriosus', 'Pulmonary hypoplasia', 'Hepatomegaly', 'Skeletal dysplasia', 'External genital hypoplasia', 'Neonatal death']	[]	[]	['NM_005787.6(ALG3):c.512G>A']	['10195']	GENO:0000137
PAVS634	Prematurity|Dysmorphic features|Microcephaly|Hypotonia|Developmental disability,|Failure to thrive|Hepatomegaly|AVentricular septal defect|truncus arteriosus type II|Ambiguous genitalia|Skeletal dysplasia|Neonatal death	ALG3:NM_005787.6:c.512G>A	https://pubmed.ncbi.nlm.nih.gov/28742265/		PAVS634	[]	[]	['Prematurity', 'Dysmorphic features', 'Microcephaly', 'Hypotonia', 'Developmental disability,', 'Failure to thrive', 'Hepatomegaly', 'AVentricular septal defect', 'truncus arteriosus type II', 'Ambiguous genitalia', 'Skeletal dysplasia', 'Neonatal death']	['ALG3']	['c.512G>A']	GENO:0000137	unknown zygosity	[]	[]	HANCESTRO:0852	Middle Eastern population	GAZ:00005279	Saudi Arabia	['HP:0000062', 'HP:0000252', 'HP:0001252', 'HP:0001263', 'HP:0001508', 'HP:0001629', 'HP:0002240', 'HP:0002652', 'HP:0003811', 'HP:0011608']	['Ambiguous genitalia', 'Microcephaly', 'Hypotonia', 'Global developmental delay', 'Failure to thrive', 'Ventricular septal defect', 'Hepatomegaly', 'Skeletal dysplasia', 'Neonatal death', 'Type II truncus arteriosus']	[]	[]	['NM_005787.6(ALG3):c.512G>A']	['10195']	GENO:0000137
PAVS635	Prematurity|Dysmorphic features|Microcephaly|Hypotonia||Failure to thrive|Hepatomegaly|PFO|PDA|poor biventricular function|Ambiguous genitalia|Skeletal dysplasia|Neonatal death	ALG3:NM_005787.6:c.512G>A	https://pubmed.ncbi.nlm.nih.gov/28742265/		PAVS635	[]	[]	['Prematurity', 'Dysmorphic features', 'Microcephaly', 'Hypotonia', 'Failure to thrive', 'Hepatomegaly', 'PFO', 'PDA', 'poor biventricular function', 'Ambiguous genitalia', 'Skeletal dysplasia', 'Neonatal death']	['ALG3']	['c.512G>A']	GENO:0000137	unknown zygosity	[]	[]	HANCESTRO:0852	Middle Eastern population	GAZ:00005279	Saudi Arabia	['HP:0000062', 'HP:0000252', 'HP:0001252', 'HP:0001508', 'HP:0001643', 'HP:0001655', 'HP:0002240', 'HP:0002652', 'HP:0003811']	['Ambiguous genitalia', 'Microcephaly', 'Hypotonia', 'Failure to thrive', 'Patent ductus arteriosus', 'Patent foramen ovale', 'Hepatomegaly', 'Skeletal dysplasia', 'Neonatal death']	[]	[]	['NM_005787.6(ALG3):c.512G>A']	['10195']	GENO:0000137
PAVS636	Dysmorphic features|Hypotonia|Developmental disability,|Lissencephaly|Failure to thrive|Hepatomegaly||Skeletal dysplasia|Neonatal death	ALG3:NM_005787.6:c.512G>A	https://pubmed.ncbi.nlm.nih.gov/28742265/		PAVS636	[]	[]	['Dysmorphic features', 'Hypotonia', 'Developmental disability,', 'Lissencephaly', 'Failure to thrive', 'Hepatomegaly', 'Skeletal dysplasia', 'Neonatal death']	['ALG3']	['c.512G>A']	GENO:0000137	unknown zygosity	[]	[]	HANCESTRO:0852	Middle Eastern population	GAZ:00005279	Saudi Arabia	['HP:0001252', 'HP:0001263', 'HP:0001339', 'HP:0001508', 'HP:0002240', 'HP:0002652', 'HP:0003811']	['Hypotonia', 'Global developmental delay', 'Lissencephaly', 'Failure to thrive', 'Hepatomegaly', 'Skeletal dysplasia', 'Neonatal death']	[]	[]	['NM_005787.6(ALG3):c.512G>A']	['10195']	GENO:0000137
PAVS637	"Prematurity|Dysmorphic features|Microcephaly|Hypotonia|Strabismus|Cerebellar hypoplasia|Developmental disability,|−|−|Agenesis of corpus callosum|Failure to thrive|−|""Dysplastic aortic valve| Aortic regurgitation| large PDA""|−|Lipodystrophy|−|Inverted nipples|−|−|Skeletal dysplasia"	COG6:NM_020751.3:c.1378G>T	https://pubmed.ncbi.nlm.nih.gov/28742265/		PAVS637	[]	[]	"['Prematurity', 'Dysmorphic features', 'Microcephaly', 'Hypotonia', 'Strabismus', 'Cerebellar hypoplasia', 'Developmental disability,', '−', '−', 'Agenesis of corpus callosum', 'Failure to thrive', '−', '""Dysplastic aortic valve', 'Aortic regurgitation', 'large PDA""', '−', 'Lipodystrophy', '−', 'Inverted nipples', '−', '−', 'Skeletal dysplasia']"	['COG6']	['c.1378G>T']	GENO:0000137	unknown zygosity	[]	[]	HANCESTRO:0852	Middle Eastern population	GAZ:00005279	Saudi Arabia	['HP:0000252', 'HP:0000486', 'HP:0001252', 'HP:0001263', 'HP:0001274', 'HP:0001321', 'HP:0001508', 'HP:0001643', 'HP:0001659', 'HP:0002652', 'HP:0003186', 'HP:0005176', 'HP:0009125']	['Microcephaly', 'Strabismus', 'Hypotonia', 'Global developmental delay', 'Agenesis of corpus callosum', 'Cerebellar hypoplasia', 'Failure to thrive', 'Patent ductus arteriosus', 'Aortic regurgitation', 'Skeletal dysplasia', 'Inverted nipples', 'Dysplastic aortic valve', 'Lipodystrophy']	[]	[]	['NM_020751.3(COG6):c.1378G>T']	['57511']	GENO:0000137
PAVS638	Dysmorphic features|Microcephaly|Hypotonia|−|Cerebellar hypoplasia|Developmental disability,|−|Seizures|Hypo− myelination|Failure to thrive|−|−|−|−|Hypohydrosis	COG6:NM_020751.3:c.1167-24A>G	https://pubmed.ncbi.nlm.nih.gov/28742265/		PAVS638	[]	[]	['Dysmorphic features', 'Microcephaly', 'Hypotonia', '−', 'Cerebellar hypoplasia', 'Developmental disability,', '−', 'Seizures', 'Hypo− myelination', 'Failure to thrive', '−', '−', '−', '−', 'Hypohydrosis']	['COG6']	['c.1167-24A>G']	GENO:0000137	unknown zygosity	[]	[]	HANCESTRO:0852	Middle Eastern population	GAZ:00005279	Saudi Arabia	['HP:0000252', 'HP:0000966', 'HP:0001250', 'HP:0001252', 'HP:0001263', 'HP:0001321', 'HP:0001508', 'HP:0002188']	['Microcephaly', 'Hypohidrosis', 'Seizure', 'Hypotonia', 'Global developmental delay', 'Cerebellar hypoplasia', 'Failure to thrive', 'Delayed CNS myelination']	[]	[]	['NM_020751.3(COG6):c.1167-24A>G']	['57511']	GENO:0000137
PAVS639	"Hydrops fetalis|Prematurity|Dysmorphic features|−|Hypotonia|−|−|Developmental disability,|−|−|""PVL| reduced WM| thin splenium of corpus callosum""|Failure to thrive|−|""Small Ventricular septal defect| closed PFO""|−|−|Hypohydrosis"	COG6:NM_020751.3:c.1167-24A>G	https://pubmed.ncbi.nlm.nih.gov/28742265/		PAVS639	[]	[]	"['Hydrops fetalis', 'Prematurity', 'Dysmorphic features', '−', 'Hypotonia', '−', '−', 'Developmental disability,', '−', '−', '""PVL', 'reduced WM', 'thin splenium of corpus callosum""', 'Failure to thrive', '−', '""Small Ventricular septal defect', 'closed PFO""', '−', '−', 'Hypohydrosis']"	['COG6']	['c.1167-24A>G']	GENO:0000137	unknown zygosity	[]	[]	HANCESTRO:0852	Middle Eastern population	GAZ:00005279	Saudi Arabia	['HP:0000966', 'HP:0001252', 'HP:0001263', 'HP:0001508', 'HP:0001629', 'HP:0001655', 'HP:0001789', 'HP:0006970']	['Hypohidrosis', 'Hypotonia', 'Global developmental delay', 'Failure to thrive', 'Ventricular septal defect', 'Patent foramen ovale', 'Hydrops fetalis', 'Periventricular leukomalacia']	['ORPHA:363549']	['Acute encephalopathy with biphasic seizures and late reduced diffusion']	['NM_020751.3(COG6):c.1167-24A>G']	['57511']	GENO:0000137
PAVS640	Dysmorphic features|Microcephaly|−|−|−|Developmental disability,|−|−|−|Failure to thrive|−|−|−|−|Hypohydrosis|−|−|−|Skeletal dysplasia	COG6:NM_020751.3:c.1167-24A>G	https://pubmed.ncbi.nlm.nih.gov/28742265/		PAVS640	[]	[]	['Dysmorphic features', 'Microcephaly', '−', '−', '−', 'Developmental disability,', '−', '−', '−', 'Failure to thrive', '−', '−', '−', '−', 'Hypohydrosis', '−', '−', '−', 'Skeletal dysplasia']	['COG6']	['c.1167-24A>G']	GENO:0000137	unknown zygosity	[]	[]	HANCESTRO:0852	Middle Eastern population	GAZ:00005279	Saudi Arabia	['HP:0000252', 'HP:0000966', 'HP:0001263', 'HP:0001508', 'HP:0002652']	['Microcephaly', 'Hypohidrosis', 'Global developmental delay', 'Failure to thrive', 'Skeletal dysplasia']	[]	[]	['NM_020751.3(COG6):c.1167-24A>G']	['57511']	GENO:0000137
PAVS641	"Prematurity|Dysmorphic features|Microcephaly|Hypotonia|−|−|Developmental disability,|−|−|""Delayed myelination| thin corpus callosum""|Failure to thrive|Increased AFP|Decreased IGF-1"	COG6:NM_020751.3:c.1167-24A>G	https://pubmed.ncbi.nlm.nih.gov/28742265/		PAVS641	[]	[]	"['Prematurity', 'Dysmorphic features', 'Microcephaly', 'Hypotonia', '−', '−', 'Developmental disability,', '−', '−', '""Delayed myelination', 'thin corpus callosum""', 'Failure to thrive', 'Increased AFP', 'Decreased IGF-1']"	['COG6']	['c.1167-24A>G']	GENO:0000137	unknown zygosity	[]	[]	HANCESTRO:0852	Middle Eastern population	GAZ:00005279	Saudi Arabia	['HP:0000252', 'HP:0001252', 'HP:0001263', 'HP:0001508', 'HP:0012448', 'HP:0033725']	['Microcephaly', 'Hypotonia', 'Global developmental delay', 'Failure to thrive', 'Delayed myelination', 'Thin corpus callosum']	[]	[]	['NM_020751.3(COG6):c.1167-24A>G']	['57511']	GENO:0000137
PAVS642	Dysmorphic features|Microcephaly|Hypotonia|−|−|Developmental disability,|Autism|−|−|Thin corpus callosum|Failure to thrive|−|−|−|Lipodystrophy	COG6:NM_020751.3:c.1075-9T>G	https://pubmed.ncbi.nlm.nih.gov/28742265/		PAVS642	[]	[]	['Dysmorphic features', 'Microcephaly', 'Hypotonia', '−', '−', 'Developmental disability,', 'Autism', '−', '−', 'Thin corpus callosum', 'Failure to thrive', '−', '−', '−', 'Lipodystrophy']	['COG6']	['c.1075-9T>G']	GENO:0000137	unknown zygosity	[]	[]	HANCESTRO:0852	Middle Eastern population	GAZ:00005279	Saudi Arabia	['HP:0000252', 'HP:0000717', 'HP:0001252', 'HP:0001263', 'HP:0001508', 'HP:0009125', 'HP:0033725']	['Microcephaly', 'Autism', 'Hypotonia', 'Global developmental delay', 'Failure to thrive', 'Lipodystrophy', 'Thin corpus callosum']	[]	[]	['NM_020751.3(COG6):c.1075-9T>G']	['57511']	GENO:0000137
PAVS643	"Dysmorphic features|Microcephaly|Hypotonia|Strabismus|Bilateral ptosis|−|Developmental disability,|−|−|""Brain atrophy| PVL| bright T2 along corticospinal tract""|Failure to thrive|−|−|−|Hypohydrosis"	COG6:NM_020751.3:c.1167-24A>G	https://pubmed.ncbi.nlm.nih.gov/28742265/		PAVS643	[]	[]	"['Dysmorphic features', 'Microcephaly', 'Hypotonia', 'Strabismus', 'Bilateral ptosis', '−', 'Developmental disability,', '−', '−', '""Brain atrophy', 'PVL', 'bright T2 along corticospinal tract""', 'Failure to thrive', '−', '−', '−', 'Hypohydrosis']"	['COG6']	['c.1167-24A>G']	GENO:0000137	unknown zygosity	[]	[]	HANCESTRO:0852	Middle Eastern population	GAZ:00005279	Saudi Arabia	['HP:0000252', 'HP:0000486', 'HP:0000966', 'HP:0001252', 'HP:0001263', 'HP:0001488', 'HP:0001508', 'HP:0006970', 'HP:0007372', 'HP:0012444']	['Microcephaly', 'Strabismus', 'Hypohidrosis', 'Hypotonia', 'Global developmental delay', 'Bilateral ptosis', 'Failure to thrive', 'Periventricular leukomalacia', 'Atrophy/Degeneration involving the corticospinal tracts', 'Brain atrophy']	[]	[]	['NM_020751.3(COG6):c.1167-24A>G']	['57511']	GENO:0000137
PAVS644	Dysmorphic features|Microcephaly|Developmental disability,|Seizures|Brain atrophy|Failure to thrive|Scalp psoriasis	MGAT2:NM_002408.3:c.711G>C	https://pubmed.ncbi.nlm.nih.gov/28742265/		PAVS644	[]	[]	['Dysmorphic features', 'Microcephaly', 'Developmental disability,', 'Seizures', 'Brain atrophy', 'Failure to thrive', 'Scalp psoriasis']	['MGAT2']	['c.711G>C']	GENO:0000137	unknown zygosity	[]	[]	HANCESTRO:0852	Middle Eastern population	GAZ:00005279	Saudi Arabia	['HP:0000252', 'HP:0001250', 'HP:0001263', 'HP:0001508', 'HP:0003765', 'HP:0012444']	['Microcephaly', 'Seizure', 'Global developmental delay', 'Failure to thrive', 'Psoriasiform dermatitis', 'Brain atrophy']	[]	[]	['NM_002408.3(MGAT2):c.711G>C']	['80168']	GENO:0000137
PAVS645	Dysmorphic features|Microcephaly|Developmental disability,|Failure to thrive|PDA| mild left ventricle dilatation|Pectus excavatum	MGAT2:NM_002408.3:c.711G<C	https://pubmed.ncbi.nlm.nih.gov/28742265/		PAVS645	[]	[]	['Dysmorphic features', 'Microcephaly', 'Developmental disability,', 'Failure to thrive', 'PDA', 'mild left ventricle dilatation', 'Pectus excavatum']	['MGAT2']	['c.711G<C']	GENO:0000137	unknown zygosity	[]	[]	HANCESTRO:0852	Middle Eastern population	GAZ:00005279	Saudi Arabia	['HP:0000252', 'HP:0000767', 'HP:0001263', 'HP:0001508', 'HP:0001643', 'HP:0012825']	['Microcephaly', 'Pectus excavatum', 'Global developmental delay', 'Failure to thrive', 'Patent ductus arteriosus', 'Mild']	[]	[]	['NM_002408.3(MGAT2):c.711G<C']	['80168']	GENO:0000137
PAVS646	Hydrops fetalis|Dysmorphic features|Microcephaly|Developmental disability,|Bilateral symmetrical T2 hyperintensity involving central tegmental tracts|Failure to thrive|Hirsutism	MGAT2:NM_002408.3:c.711G<C	https://pubmed.ncbi.nlm.nih.gov/28742265/		PAVS646	[]	[]	['Hydrops fetalis', 'Dysmorphic features', 'Microcephaly', 'Developmental disability,', 'Bilateral symmetrical T2 hyperintensity involving central tegmental tracts', 'Failure to thrive', 'Hirsutism']	['MGAT2']	['c.711G<C']	GENO:0000137	unknown zygosity	[]	[]	HANCESTRO:0852	Middle Eastern population	GAZ:00005279	Saudi Arabia	['HP:0000252', 'HP:0001007', 'HP:0001263', 'HP:0001508', 'HP:0001789']	['Microcephaly', 'Hirsutism', 'Global developmental delay', 'Failure to thrive', 'Hydrops fetalis']	['OMIM:614688']	['Pontine tegmental cap dysplasia']	['NM_002408.3(MGAT2):c.711G<C']	['80168']	GENO:0000137
PAVS647	Recurrent; metabolic acidosis| hyperammonemia| ketonuria|Pancytopenia and increased serum lipase	PCCA:NM_000282.4:c.111_130del20	https://pubmed.ncbi.nlm.nih.gov/30705822/		PAVS647	[]	[]	['Recurrent; metabolic acidosis', 'hyperammonemia', 'ketonuria', 'Pancytopenia and increased serum lipase']	['PCCA']	['c.111_130del20']	GENO:0000137	unknown zygosity	[]	[]	HANCESTRO:0852	Middle Eastern population	GAZ:00005279	Saudi Arabia	['HP:0001876', 'HP:0001987', 'HP:0002919', 'HP:0031796']	['Pancytopenia', 'Hyperammonemia', 'Ketonuria', 'Recurrent']	[]	[]	['NM_000282.4(PCCA):c.111_130del20']	['5095']	GENO:0000137
PAVS648	Recurrent; metabolic acidosis| hyperammonemia| ketonuria|Pancytopenia and increased serum lipase	PCCA:NM_000282.4:c.266C>G	https://pubmed.ncbi.nlm.nih.gov/30705822/		PAVS648	[]	[]	['Recurrent; metabolic acidosis', 'hyperammonemia', 'ketonuria', 'Pancytopenia and increased serum lipase']	['PCCA']	['c.266C>G']	GENO:0000137	unknown zygosity	[]	[]	HANCESTRO:0852	Middle Eastern population	GAZ:00005279	Saudi Arabia	['HP:0001876', 'HP:0001987', 'HP:0002919', 'HP:0031796']	['Pancytopenia', 'Hyperammonemia', 'Ketonuria', 'Recurrent']	[]	[]	['NM_000282.4(PCCA):c.266C>G']	['5095']	GENO:0000137
PAVS649	Metabolic acidosis	PCCA:NM_000282.4:c.955C>T	https://pubmed.ncbi.nlm.nih.gov/30705822/		PAVS649	[]	[]	['Metabolic acidosis']	['PCCA']	['c.955C>T']	GENO:0000137	unknown zygosity	[]	[]	HANCESTRO:0852	Middle Eastern population	GAZ:00005279	Saudi Arabia	['HP:0001942']	['Metabolic acidosis']	[]	[]	['NM_000282.4(PCCA):c.955C>T']	['5095']	GENO:0000137
PAVS650	Recurrent metabolic acidosis| hyperammonemia| ketonuria|Pancytopenia|Increased serum lipase|ID |Hypotonia| Encephalopathy| pancreatitis     	PCCA:NM_000282.4:c.1375_1391dup|PCCA:NM_000282.4:c.1391ins	https://pubmed.ncbi.nlm.nih.gov/30705822/		PAVS650	[]	[]	['Recurrent metabolic acidosis', 'hyperammonemia', 'ketonuria', 'Pancytopenia', 'Increased serum lipase', 'ID', 'Hypotonia', 'Encephalopathy', 'pancreatitis']	['PCCA']	['c.1375_1391dup|PCCA']	GENO:0000137	unknown zygosity	[]	[]	HANCESTRO:0852	Middle Eastern population	GAZ:00005279	Saudi Arabia	['HP:0001252', 'HP:0001298', 'HP:0001733', 'HP:0001876', 'HP:0001942', 'HP:0001987', 'HP:0002919']	['Hypotonia', 'Encephalopathy', 'Pancreatitis', 'Pancytopenia', 'Metabolic acidosis', 'Hyperammonemia', 'Ketonuria']	[]	[]	['NM_000282.4(PCCA):c.1375_1391dup|PCCA']	['5095']	GENO:0000137
PAVS651	Recurrent metabolic acidosis| hyperammonemia| ketonuria|Pancytopenia	PCCA:NM_000282.4:c.2120T>G	https://pubmed.ncbi.nlm.nih.gov/30705822/		PAVS651	[]	[]	['Recurrent metabolic acidosis', 'hyperammonemia', 'ketonuria', 'Pancytopenia']	['PCCA']	['c.2120T>G']	GENO:0000137	unknown zygosity	[]	[]	HANCESTRO:0852	Middle Eastern population	GAZ:00005279	Saudi Arabia	['HP:0001876', 'HP:0001942', 'HP:0001987', 'HP:0002919']	['Pancytopenia', 'Metabolic acidosis', 'Hyperammonemia', 'Ketonuria']	[]	[]	['NM_000282.4(PCCA):c.2120T>G']	['5095']	GENO:0000137
PAVS652	Recurrentmetabolic acidosis| hyperammonemia| ketonuria|Pancytopenia	PCCB:NM_000532.5:c.90_108delins14	https://pubmed.ncbi.nlm.nih.gov/30705822/		PAVS652	[]	[]	['Recurrentmetabolic acidosis', 'hyperammonemia', 'ketonuria', 'Pancytopenia']	['PCCB']	['c.90_108delins14']	GENO:0000137	unknown zygosity	[]	[]	HANCESTRO:0852	Middle Eastern population	GAZ:00005279	Saudi Arabia	['HP:0001876', 'HP:0001942', 'HP:0001987', 'HP:0002919']	['Pancytopenia', 'Metabolic acidosis', 'Hyperammonemia', 'Ketonuria']	[]	[]	['NM_000532.5(PCCB):c.90_108delins14']	['5096']	GENO:0000137
PAVS653	Recurrent metabolic acidosis| hyperammonemia| ketonuria|Pancytopenia	PCCB:NM_000532.5:c.518_543del26	https://pubmed.ncbi.nlm.nih.gov/30705822/		PAVS653	[]	[]	['Recurrent metabolic acidosis', 'hyperammonemia', 'ketonuria', 'Pancytopenia']	['PCCB']	['c.518_543del26']	GENO:0000137	unknown zygosity	[]	[]	HANCESTRO:0852	Middle Eastern population	GAZ:00005279	Saudi Arabia	['HP:0001876', 'HP:0001942', 'HP:0001987', 'HP:0002919']	['Pancytopenia', 'Metabolic acidosis', 'Hyperammonemia', 'Ketonuria']	[]	[]	['NM_000532.5(PCCB):c.518_543del26']	['5096']	GENO:0000137
PAVS654	Recurrent metabolic acidosis| hyperammonemia| hypoglycemia ketonuria|Pancytopenia increased serum lipase	PCCB:NM_000532.5:c.629T>C	https://pubmed.ncbi.nlm.nih.gov/30705822/		PAVS654	[]	[]	['Recurrent metabolic acidosis', 'hyperammonemia', 'hypoglycemia ketonuria', 'Pancytopenia increased serum lipase']	['PCCB']	['c.629T>C']	GENO:0000137	unknown zygosity	[]	[]	HANCESTRO:0852	Middle Eastern population	GAZ:00005279	Saudi Arabia	['HP:0001942', 'HP:0001943', 'HP:0001987']	['Metabolic acidosis', 'Hypoglycemia', 'Hyperammonemia']	[]	[]	['NM_000532.5(PCCB):c.629T>C']	['5096']	GENO:0000137
PAVS655	Recurrent metabolic acidosis| hyperammonemia| ketonuria|Pancytopenia increased serum lipase	PCCB:NM_000532.5:c.866G>C|PCCB:NM_000532.5:c.990dupT	https://pubmed.ncbi.nlm.nih.gov/30705822/		PAVS655	[]	[]	['Recurrent metabolic acidosis', 'hyperammonemia', 'ketonuria', 'Pancytopenia increased serum lipase']	['PCCB']	['c.866G>C|PCCB']	GENO:0000137	unknown zygosity	[]	[]	HANCESTRO:0852	Middle Eastern population	GAZ:00005279	Saudi Arabia	['HP:0001942', 'HP:0001987', 'HP:0002919']	['Metabolic acidosis', 'Hyperammonemia', 'Ketonuria']	[]	[]	['NM_000532.5(PCCB):c.866G>C|PCCB']	['5096']	GENO:0000137
PAVS656	Recurrent metabolic acidosis| hyperammonemia| hypoglycemia ketonuria|Pancytopenia increased serum lipase	PCCB:NM_000532.5:c.1088C>T	https://pubmed.ncbi.nlm.nih.gov/30705822/		PAVS656	[]	[]	['Recurrent metabolic acidosis', 'hyperammonemia', 'hypoglycemia ketonuria', 'Pancytopenia increased serum lipase']	['PCCB']	['c.1088C>T']	GENO:0000137	unknown zygosity	[]	[]	HANCESTRO:0852	Middle Eastern population	GAZ:00005279	Saudi Arabia	['HP:0001942', 'HP:0001943', 'HP:0001987']	['Metabolic acidosis', 'Hypoglycemia', 'Hyperammonemia']	[]	[]	['NM_000532.5(PCCB):c.1088C>T']	['5096']	GENO:0000137
PAVS657	Recurrent metabolic acidosis| hyperammonemia| ketonuria|Pancytopenia	PCCB:NM_000532.5:c.1163T>A	https://pubmed.ncbi.nlm.nih.gov/30705822/		PAVS657	[]	[]	['Recurrent metabolic acidosis', 'hyperammonemia', 'ketonuria', 'Pancytopenia']	['PCCB']	['c.1163T>A']	GENO:0000137	unknown zygosity	[]	[]	HANCESTRO:0852	Middle Eastern population	GAZ:00005279	Saudi Arabia	['HP:0001876', 'HP:0001942', 'HP:0001987', 'HP:0002919']	['Pancytopenia', 'Metabolic acidosis', 'Hyperammonemia', 'Ketonuria']	[]	[]	['NM_000532.5(PCCB):c.1163T>A']	['5096']	GENO:0000137
PAVS658	PROPIONIC ACIDEMIA(OMIM:606054)	PCCA:NM_000282.4:c.111_130del20	https://pubmed.ncbi.nlm.nih.gov/30705822/		PAVS658	[]	[]	['PROPIONIC ACIDEMIA(OMIM:606054)']	['PCCA']	['c.111_130del20']	GENO:0000137	unknown zygosity	['OMIM:606054']	['Propionic acidemia']	HANCESTRO:0852	Middle Eastern population	GAZ:00005279	Saudi Arabia	[]	[]	['OMIM:606054']	['Propionic acidemia']	['NM_000282.4(PCCA):c.111_130del20']	['5095']	GENO:0000137
PAVS659	PROPIONIC ACIDEMIA(OMIM:606054)	PCCA:NM_000282.4:c.266C>G	https://pubmed.ncbi.nlm.nih.gov/30705822/		PAVS659	[]	[]	['PROPIONIC ACIDEMIA(OMIM:606054)']	['PCCA']	['c.266C>G']	GENO:0000137	unknown zygosity	['OMIM:606054']	['Propionic acidemia']	HANCESTRO:0852	Middle Eastern population	GAZ:00005279	Saudi Arabia	[]	[]	['OMIM:606054']	['Propionic acidemia']	['NM_000282.4(PCCA):c.266C>G']	['5095']	GENO:0000137
PAVS660	PROPIONIC ACIDEMIA(OMIM:606054)	PCCA:NM_000282.4:c.955C>T	https://pubmed.ncbi.nlm.nih.gov/30705822/		PAVS660	[]	[]	['PROPIONIC ACIDEMIA(OMIM:606054)']	['PCCA']	['c.955C>T']	GENO:0000137	unknown zygosity	['OMIM:606054']	['Propionic acidemia']	HANCESTRO:0852	Middle Eastern population	GAZ:00005279	Saudi Arabia	[]	[]	['OMIM:606054']	['Propionic acidemia']	['NM_000282.4(PCCA):c.955C>T']	['5095']	GENO:0000137
PAVS661	PROPIONIC ACIDEMIA(OMIM:606054)	PCCA:NM_000282.4:c.1375_1391dup|PCCA:NM_000282.4:c.1391ins	https://pubmed.ncbi.nlm.nih.gov/30705822/		PAVS661	[]	[]	['PROPIONIC ACIDEMIA(OMIM:606054)']	['PCCA']	['c.1375_1391dup|PCCA']	GENO:0000137	unknown zygosity	['OMIM:606054']	['Propionic acidemia']	HANCESTRO:0852	Middle Eastern population	GAZ:00005279	Saudi Arabia	[]	[]	['OMIM:606054']	['Propionic acidemia']	['NM_000282.4(PCCA):c.1375_1391dup|PCCA']	['5095']	GENO:0000137
PAVS662	PROPIONIC ACIDEMIA(OMIM:606054)	PCCA:NM_000282.4:c.2120T>G	https://pubmed.ncbi.nlm.nih.gov/30705822/		PAVS662	[]	[]	['PROPIONIC ACIDEMIA(OMIM:606054)']	['PCCA']	['c.2120T>G']	GENO:0000137	unknown zygosity	['OMIM:606054']	['Propionic acidemia']	HANCESTRO:0852	Middle Eastern population	GAZ:00005279	Saudi Arabia	[]	[]	['OMIM:606054']	['Propionic acidemia']	['NM_000282.4(PCCA):c.2120T>G']	['5095']	GENO:0000137
PAVS663	PROPIONIC ACIDEMIA(OMIM:606054)	PCCB:NM_000532.5:c.90_108delins14	https://pubmed.ncbi.nlm.nih.gov/30705822/		PAVS663	[]	[]	['PROPIONIC ACIDEMIA(OMIM:606054)']	['PCCB']	['c.90_108delins14']	GENO:0000137	unknown zygosity	['OMIM:606054']	['Propionic acidemia']	HANCESTRO:0852	Middle Eastern population	GAZ:00005279	Saudi Arabia	[]	[]	['OMIM:606054']	['Propionic acidemia']	['NM_000532.5(PCCB):c.90_108delins14']	['5096']	GENO:0000137
PAVS664	PROPIONIC ACIDEMIA(OMIM:606054)	PCCB:NM_000532.5:c.518_543del26	https://pubmed.ncbi.nlm.nih.gov/30705822/		PAVS664	[]	[]	['PROPIONIC ACIDEMIA(OMIM:606054)']	['PCCB']	['c.518_543del26']	GENO:0000137	unknown zygosity	['OMIM:606054']	['Propionic acidemia']	HANCESTRO:0852	Middle Eastern population	GAZ:00005279	Saudi Arabia	[]	[]	['OMIM:606054']	['Propionic acidemia']	['NM_000532.5(PCCB):c.518_543del26']	['5096']	GENO:0000137
PAVS665	PROPIONIC ACIDEMIA(OMIM:606054)	PCCB:NM_000532.5:c.629T>C	https://pubmed.ncbi.nlm.nih.gov/30705822/		PAVS665	[]	[]	['PROPIONIC ACIDEMIA(OMIM:606054)']	['PCCB']	['c.629T>C']	GENO:0000137	unknown zygosity	['OMIM:606054']	['Propionic acidemia']	HANCESTRO:0852	Middle Eastern population	GAZ:00005279	Saudi Arabia	[]	[]	['OMIM:606054']	['Propionic acidemia']	['NM_000532.5(PCCB):c.629T>C']	['5096']	GENO:0000137
PAVS666	PROPIONIC ACIDEMIA(OMIM:606054)	PCCB:NM_000532.5:c.866G>C|PCCB:NM_000532.5:c.990dupT	https://pubmed.ncbi.nlm.nih.gov/30705822/		PAVS666	[]	[]	['PROPIONIC ACIDEMIA(OMIM:606054)']	['PCCB']	['c.866G>C|PCCB']	GENO:0000137	unknown zygosity	['OMIM:606054']	['Propionic acidemia']	HANCESTRO:0852	Middle Eastern population	GAZ:00005279	Saudi Arabia	[]	[]	['OMIM:606054']	['Propionic acidemia']	['NM_000532.5(PCCB):c.866G>C|PCCB']	['5096']	GENO:0000137
PAVS667	PROPIONIC ACIDEMIA(OMIM:606054)	PCCB:NM_000532.5:c.1088C>T	https://pubmed.ncbi.nlm.nih.gov/30705822/		PAVS667	[]	[]	['PROPIONIC ACIDEMIA(OMIM:606054)']	['PCCB']	['c.1088C>T']	GENO:0000137	unknown zygosity	['OMIM:606054']	['Propionic acidemia']	HANCESTRO:0852	Middle Eastern population	GAZ:00005279	Saudi Arabia	[]	[]	['OMIM:606054']	['Propionic acidemia']	['NM_000532.5(PCCB):c.1088C>T']	['5096']	GENO:0000137
PAVS668	PROPIONIC ACIDEMIA(OMIM:606054)	PCCB:NM_000532.5:c.1163T>A	https://pubmed.ncbi.nlm.nih.gov/30705822/		PAVS668	[]	[]	['PROPIONIC ACIDEMIA(OMIM:606054)']	['PCCB']	['c.1163T>A']	GENO:0000137	unknown zygosity	['OMIM:606054']	['Propionic acidemia']	HANCESTRO:0852	Middle Eastern population	GAZ:00005279	Saudi Arabia	[]	[]	['OMIM:606054']	['Propionic acidemia']	['NM_000532.5(PCCB):c.1163T>A']	['5096']	GENO:0000137
PAVS669	PROPIONIC ACIDEMIA(OMIM:606054)	PCCA:NM_000282.4:c.425G>A	https://pubmed.ncbi.nlm.nih.gov/30705822/		PAVS669	[]	[]	['PROPIONIC ACIDEMIA(OMIM:606054)']	['PCCA']	['c.425G>A']	GENO:0000137	unknown zygosity	['OMIM:606054']	['Propionic acidemia']	HANCESTRO:0852	Middle Eastern population	GAZ:00005279	Saudi Arabia	[]	[]	['OMIM:606054']	['Propionic acidemia']	['NM_000282.4(PCCA):c.425G>A']	['5095']	GENO:0000137
PAVS670	PROPIONIC ACIDEMIA(OMIM:606054)	PCCA:NM_000282.4:c.1288C>T	https://pubmed.ncbi.nlm.nih.gov/30705822/		PAVS670	[]	[]	['PROPIONIC ACIDEMIA(OMIM:606054)']	['PCCA']	['c.1288C>T']	GENO:0000137	unknown zygosity	['OMIM:606054']	['Propionic acidemia']	HANCESTRO:0852	Middle Eastern population	GAZ:00005279	Saudi Arabia	[]	[]	['OMIM:606054']	['Propionic acidemia']	['NM_000282.4(PCCA):c.1288C>T']	['5095']	GENO:0000137
PAVS671	PROPIONIC ACIDEMIA(OMIM:606054)	PCCB:NM_000532.5:c.337C>T	https://pubmed.ncbi.nlm.nih.gov/30705822/		PAVS671	[]	[]	['PROPIONIC ACIDEMIA(OMIM:606054)']	['PCCB']	['c.337C>T']	GENO:0000137	unknown zygosity	['OMIM:606054']	['Propionic acidemia']	HANCESTRO:0852	Middle Eastern population	GAZ:00005279	Saudi Arabia	[]	[]	['OMIM:606054']	['Propionic acidemia']	['NM_000532.5(PCCB):c.337C>T']	['5096']	GENO:0000137
PAVS672	PROPIONIC ACIDEMIA(OMIM:606054)	PCCB:NM_000532.5:c.990dupT	https://pubmed.ncbi.nlm.nih.gov/30705822/		PAVS672	[]	[]	['PROPIONIC ACIDEMIA(OMIM:606054)']	['PCCB']	['c.990dupT']	GENO:0000137	unknown zygosity	['OMIM:606054']	['Propionic acidemia']	HANCESTRO:0852	Middle Eastern population	GAZ:00005279	Saudi Arabia	[]	[]	['OMIM:606054']	['Propionic acidemia']	['NM_000532.5(PCCB):c.990dupT']	['5096']	GENO:0000137
PAVS673	PROPIONIC ACIDEMIA(OMIM:606054)	PCCB:NM_000532.5:c.1210G>A 	https://pubmed.ncbi.nlm.nih.gov/30705822/		PAVS673	[]	[]	['PROPIONIC ACIDEMIA(OMIM:606054)']	['PCCB']	['c.1210G>A']	GENO:0000137	unknown zygosity	['OMIM:606054']	['Propionic acidemia']	HANCESTRO:0852	Middle Eastern population	GAZ:00005279	Saudi Arabia	[]	[]	['OMIM:606054']	['Propionic acidemia']	['NM_000532.5(PCCB):c.1210G>A']	['5096']	GENO:0000137
PAVS674	Learning difficulties|Hyperammoniemia|Visual hallucinations|Ketonuria|high glycine|Agitation|fear|intermittent crying	PCCA:NM_000282.4:c.425G>A	https://pubmed.ncbi.nlm.nih.gov/22156789/		PAVS674	[]	[]	['Learning difficulties', 'Hyperammoniemia', 'Visual hallucinations', 'Ketonuria', 'high glycine', 'Agitation', 'fear', 'intermittent crying']	['PCCA']	['c.425G>A']	GENO:0000137	unknown zygosity	[]	[]	HANCESTRO:0852	Middle Eastern population	GAZ:00005279	Saudi Arabia	['HP:0000713', 'HP:0001987', 'HP:0002367', 'HP:0002919', 'HP:0031796', 'HP:0100852', 'HP:0500230']	['Agitation', 'Hyperammonemia', 'Visual hallucination', 'Ketonuria', 'Recurrent', 'Abnormal fear-induced behavior', 'Increased CSF glycine concentration']	['OMIM:300491']	['Epilepsy, X-linked, with variable learning disabilities and behavior disorders']	['NM_000282.4(PCCA):c.425G>A']	['5095']	GENO:0000137
PAVS675	Cognitive impairment|Metabolic acidosis|Hyperammonemia|Visual hallucination|Agitation|Ketonuria|Hypotonia|	PCCA:NM_000282.4:c.425G>A	https://pubmed.ncbi.nlm.nih.gov/22156789/		PAVS675	[]	[]	['Cognitive impairment', 'Metabolic acidosis', 'Hyperammonemia', 'Visual hallucination', 'Agitation', 'Ketonuria', 'Hypotonia']	['PCCA']	['c.425G>A']	GENO:0000137	unknown zygosity	[]	[]	HANCESTRO:0852	Middle Eastern population	GAZ:00005279	Saudi Arabia	['HP:0000713', 'HP:0001252', 'HP:0001942', 'HP:0001987', 'HP:0002367', 'HP:0002919', 'HP:0100543']	['Agitation', 'Hypotonia', 'Metabolic acidosis', 'Hyperammonemia', 'Visual hallucination', 'Ketonuria', 'Cognitive impairment']	[]	[]	['NM_000282.4(PCCA):c.425G>A']	['5095']	GENO:0000137
PAVS676	Subacute encephalopathy| ataxia| dysarthria| dystonia|Seizure	SLC19A3:NM_025243.4:c.1264A>G	https://pubmed.ncbi.nlm.nih.gov/23742248/		PAVS676	[]	[]	['Subacute encephalopathy', 'ataxia', 'dysarthria', 'dystonia', 'Seizure']	['SLC19A3']	['c.1264A>G']	GENO:0000137	unknown zygosity	[]	[]	HANCESTRO:0852	Middle Eastern population	GAZ:00005279	Saudi Arabia	['HP:0001250', 'HP:0001251', 'HP:0001260', 'HP:0001332', 'HP:0011011']	['Seizure', 'Ataxia', 'Dysarthria', 'Dystonia', 'Subacute']	[]	[]	['NM_025243.4(SLC19A3):c.1264A>G']	['80704']	GENO:0000137
PAVS677	Subacute encephalopathy| Loose mile stones|	SLC19A3:NM_025243.4:c.1264A>G	https://pubmed.ncbi.nlm.nih.gov/23742248/		PAVS677	[]	[]	['Subacute encephalopathy', 'Loose mile stones']	['SLC19A3']	['c.1264A>G']	GENO:0000137	unknown zygosity	[]	[]	HANCESTRO:0852	Middle Eastern population	GAZ:00005279	Saudi Arabia	['HP:0011011']	['Subacute']	[]	[]	['NM_025243.4(SLC19A3):c.1264A>G']	['80704']	GENO:0000137
PAVS678	Subacute encephalopathy| loose milestones| dystonia	SLC19A3:NM_025243.4:c.1264A>G	https://pubmed.ncbi.nlm.nih.gov/23742248/		PAVS678	[]	[]	['Subacute encephalopathy', 'loose milestones', 'dystonia']	['SLC19A3']	['c.1264A>G']	GENO:0000137	unknown zygosity	[]	[]	HANCESTRO:0852	Middle Eastern population	GAZ:00005279	Saudi Arabia	['HP:0001263', 'HP:0001298', 'HP:0001332']	['Global developmental delay', 'Encephalopathy', 'Dystonia']	[]	[]	['NM_025243.4(SLC19A3):c.1264A>G']	['80704']	GENO:0000137
PAVS679	Subacute encephalopathy| ataxia| dystonia| dysarthria|Seizure|motor deficit| speech deficit	SLC19A3:NM_025243.4:c.1264A>G	https://pubmed.ncbi.nlm.nih.gov/23742248/		PAVS679	[]	[]	['Subacute encephalopathy', 'ataxia', 'dystonia', 'dysarthria', 'Seizure', 'motor deficit', 'speech deficit']	['SLC19A3']	['c.1264A>G']	GENO:0000137	unknown zygosity	[]	[]	HANCESTRO:0852	Middle Eastern population	GAZ:00005279	Saudi Arabia	['HP:0000750', 'HP:0001250', 'HP:0001251', 'HP:0001260', 'HP:0001298', 'HP:0001332', 'HP:0004302']	['Delayed speech and language development', 'Seizure', 'Ataxia', 'Dysarthria', 'Encephalopathy', 'Dystonia', 'Functional motor deficit']	[]	[]	['NM_025243.4(SLC19A3):c.1264A>G']	['80704']	GENO:0000137
PAVS680	Subacute encephalopathy| ataxia| dysarthria | dystonia|Seizure	SLC19A3:NM_025243.4:c.1264A>G	https://pubmed.ncbi.nlm.nih.gov/23742248/		PAVS680	[]	[]	['Subacute encephalopathy', 'ataxia', 'dysarthria', 'dystonia', 'Seizure']	['SLC19A3']	['c.1264A>G']	GENO:0000137	unknown zygosity	[]	[]	HANCESTRO:0852	Middle Eastern population	GAZ:00005279	Saudi Arabia	['HP:0001250', 'HP:0001251', 'HP:0001260', 'HP:0001298', 'HP:0001332']	['Seizure', 'Ataxia', 'Dysarthria', 'Encephalopathy', 'Dystonia']	[]	[]	['NM_025243.4(SLC19A3):c.1264A>G']	['80704']	GENO:0000137
PAVS681	Subacute encephalopathy| ataxia| dysarthria| dystoniaSeizure	SLC19A3:NM_025243.4:c.1264A>G	https://pubmed.ncbi.nlm.nih.gov/23742248/		PAVS681	[]	[]	['Subacute encephalopathy', 'ataxia', 'dysarthria', 'dystoniaSeizure']	['SLC19A3']	['c.1264A>G']	GENO:0000137	unknown zygosity	[]	[]	HANCESTRO:0852	Middle Eastern population	GAZ:00005279	Saudi Arabia	['HP:0001251', 'HP:0001260', 'HP:0001332', 'HP:0011011']	['Ataxia', 'Dysarthria', 'Dystonia', 'Subacute']	[]	[]	['NM_025243.4(SLC19A3):c.1264A>G']	['80704']	GENO:0000137
PAVS682	Subacute encephalopathy| ataxia| dysarthria| dystonia|Seizure|motor deficit| speech deficit	SLC19A3:NM_025243.4:c.1264A>G	https://pubmed.ncbi.nlm.nih.gov/23742248/		PAVS682	[]	[]	['Subacute encephalopathy', 'ataxia', 'dysarthria', 'dystonia', 'Seizure', 'motor deficit', 'speech deficit']	['SLC19A3']	['c.1264A>G']	GENO:0000137	unknown zygosity	[]	[]	HANCESTRO:0852	Middle Eastern population	GAZ:00005279	Saudi Arabia	['HP:0000750', 'HP:0001250', 'HP:0001251', 'HP:0001260', 'HP:0001332', 'HP:0004302', 'HP:0011011']	['Delayed speech and language development', 'Seizure', 'Ataxia', 'Dysarthria', 'Dystonia', 'Functional motor deficit', 'Subacute']	[]	[]	['NM_025243.4(SLC19A3):c.1264A>G']	['80704']	GENO:0000137
PAVS683	Global developmental delay since birth then Subacute encephalopathy| ataxia| dysarthria| dystonia|Seizure	SLC19A3:NM_025243.4:c.1264A>G	https://pubmed.ncbi.nlm.nih.gov/23742248/		PAVS683	[]	[]	['Global developmental delay since birth then Subacute encephalopathy', 'ataxia', 'dysarthria', 'dystonia', 'Seizure']	['SLC19A3']	['c.1264A>G']	GENO:0000137	unknown zygosity	[]	[]	HANCESTRO:0852	Middle Eastern population	GAZ:00005279	Saudi Arabia	['HP:0001250', 'HP:0001251', 'HP:0001260', 'HP:0001263', 'HP:0001332']	['Seizure', 'Ataxia', 'Dysarthria', 'Global developmental delay', 'Dystonia']	[]	[]	['NM_025243.4(SLC19A3):c.1264A>G']	['80704']	GENO:0000137
PAVS684	Subacute encephalopathy| Loose mile stones|Seizure	SLC19A3:NM_025243.4:c.1264A>G	https://pubmed.ncbi.nlm.nih.gov/23742248/		PAVS684	[]	[]	['Subacute encephalopathy', 'Loose mile stones', 'Seizure']	['SLC19A3']	['c.1264A>G']	GENO:0000137	unknown zygosity	[]	[]	HANCESTRO:0852	Middle Eastern population	GAZ:00005279	Saudi Arabia	['HP:0001250', 'HP:0011011']	['Seizure', 'Subacute']	[]	[]	['NM_025243.4(SLC19A3):c.1264A>G']	['80704']	GENO:0000137
PAVS685	Subacute encephalopathy| loose milestones| dystonia|Spastic quadriplegic	SLC19A3:NM_025243.4:c.1264A>G	https://pubmed.ncbi.nlm.nih.gov/23742248/		PAVS685	[]	[]	['Subacute encephalopathy', 'loose milestones', 'dystonia', 'Spastic quadriplegic']	['SLC19A3']	['c.1264A>G']	GENO:0000137	unknown zygosity	[]	[]	HANCESTRO:0852	Middle Eastern population	GAZ:00005279	Saudi Arabia	['HP:0001263', 'HP:0001332', 'HP:0002510', 'HP:0011011']	['Global developmental delay', 'Dystonia', 'Spastic tetraplegia', 'Subacute']	[]	[]	['NM_025243.4(SLC19A3):c.1264A>G']	['80704']	GENO:0000137
PAVS686	Subacute encephalopathy| ataxia| dysarthria| loose milestones|Seizure	SLC19A3:NM_025243.4:c.1264A>G	https://pubmed.ncbi.nlm.nih.gov/23742248/		PAVS686	[]	[]	['Subacute encephalopathy', 'ataxia', 'dysarthria', 'loose milestones', 'Seizure']	['SLC19A3']	['c.1264A>G']	GENO:0000137	unknown zygosity	[]	[]	HANCESTRO:0852	Middle Eastern population	GAZ:00005279	Saudi Arabia	['HP:0001250', 'HP:0001251', 'HP:0001260', 'HP:0001263', 'HP:0011011']	['Seizure', 'Ataxia', 'Dysarthria', 'Global developmental delay', 'Subacute']	[]	[]	['NM_025243.4(SLC19A3):c.1264A>G']	['80704']	GENO:0000137
PAVS687	Subacute encephalopathy| ataxia | loose mile stones	SLC19A3:NM_025243.4:c.1264A>G	https://pubmed.ncbi.nlm.nih.gov/23742248/		PAVS687	[]	[]	['Subacute encephalopathy', 'ataxia', 'loose mile stones']	['SLC19A3']	['c.1264A>G']	GENO:0000137	unknown zygosity	[]	[]	HANCESTRO:0852	Middle Eastern population	GAZ:00005279	Saudi Arabia	['HP:0001251', 'HP:0011011']	['Ataxia', 'Subacute']	[]	[]	['NM_025243.4(SLC19A3):c.1264A>G']	['80704']	GENO:0000137
PAVS688	Subacute encephalopathy| ataxia| dysarthria| loose mile stones	SLC19A3:NM_025243.4:c.1264A>G	https://pubmed.ncbi.nlm.nih.gov/23742248/		PAVS688	[]	[]	['Subacute encephalopathy', 'ataxia', 'dysarthria', 'loose mile stones']	['SLC19A3']	['c.1264A>G']	GENO:0000137	unknown zygosity	[]	[]	HANCESTRO:0852	Middle Eastern population	GAZ:00005279	Saudi Arabia	['HP:0001251', 'HP:0001260', 'HP:0011011']	['Ataxia', 'Dysarthria', 'Subacute']	[]	[]	['NM_025243.4(SLC19A3):c.1264A>G']	['80704']	GENO:0000137
PAVS689	Subacute encephalopathy| ataxia| dysarthria| dystonia|Seizure|motor deficit| speech deficit	SLC19A3:NM_025243.4:c.1264A>G	https://pubmed.ncbi.nlm.nih.gov/23742248/		PAVS689	[]	[]	['Subacute encephalopathy', 'ataxia', 'dysarthria', 'dystonia', 'Seizure', 'motor deficit', 'speech deficit']	['SLC19A3']	['c.1264A>G']	GENO:0000137	unknown zygosity	[]	[]	HANCESTRO:0852	Middle Eastern population	GAZ:00005279	Saudi Arabia	['HP:0000750', 'HP:0001250', 'HP:0001251', 'HP:0001260', 'HP:0001332', 'HP:0004302', 'HP:0011011']	['Delayed speech and language development', 'Seizure', 'Ataxia', 'Dysarthria', 'Dystonia', 'Functional motor deficit', 'Subacute']	[]	[]	['NM_025243.4(SLC19A3):c.1264A>G']	['80704']	GENO:0000137
PAVS690	Subacute encephalopathy| ataxia| dysarthria| dystonia|Seizure	SLC19A3:NM_025243.4:c.1264A>G	https://pubmed.ncbi.nlm.nih.gov/23742248/		PAVS690	[]	[]	['Subacute encephalopathy', 'ataxia', 'dysarthria', 'dystonia', 'Seizure']	['SLC19A3']	['c.1264A>G']	GENO:0000137	unknown zygosity	[]	[]	HANCESTRO:0852	Middle Eastern population	GAZ:00005279	Saudi Arabia	['HP:0001250', 'HP:0001251', 'HP:0001260', 'HP:0001332', 'HP:0011011']	['Seizure', 'Ataxia', 'Dysarthria', 'Dystonia', 'Subacute']	[]	[]	['NM_025243.4(SLC19A3):c.1264A>G']	['80704']	GENO:0000137
PAVS691	Subacute encephalopathy| ataxia dysarthria| dystonia|Seizure| speech deficit|Seizure	SLC19A3:NM_025243.4:c.1264A>G	https://pubmed.ncbi.nlm.nih.gov/23742248/		PAVS691	[]	[]	['Subacute encephalopathy', 'ataxia dysarthria', 'dystonia', 'Seizure', 'speech deficit', 'Seizure']	['SLC19A3']	['c.1264A>G']	GENO:0000137	unknown zygosity	[]	[]	HANCESTRO:0852	Middle Eastern population	GAZ:00005279	Saudi Arabia	['HP:0000750', 'HP:0001250', 'HP:0001251', 'HP:0001332', 'HP:0011011']	['Delayed speech and language development', 'Seizure', 'Ataxia', 'Dystonia', 'Subacute']	[]	[]	['NM_025243.4(SLC19A3):c.1264A>G']	['80704']	GENO:0000137
PAVS692	Subacute encephalopathy| ataxia|Seizure	SLC19A3:NM_025243.4:c.1264A>G	https://pubmed.ncbi.nlm.nih.gov/23742248/		PAVS692	[]	[]	['Subacute encephalopathy', 'ataxia', 'Seizure']	['SLC19A3']	['c.1264A>G']	GENO:0000137	unknown zygosity	[]	[]	HANCESTRO:0852	Middle Eastern population	GAZ:00005279	Saudi Arabia	['HP:0001250', 'HP:0001251', 'HP:0011011']	['Seizure', 'Ataxia', 'Subacute']	[]	[]	['NM_025243.4(SLC19A3):c.1264A>G']	['80704']	GENO:0000137
PAVS693	Subacute encephalopathy| ataxia|Seizure	SLC19A3:NM_025243.4:c.1264A>G	https://pubmed.ncbi.nlm.nih.gov/23742248/		PAVS693	[]	[]	['Subacute encephalopathy', 'ataxia', 'Seizure']	['SLC19A3']	['c.1264A>G']	GENO:0000137	unknown zygosity	[]	[]	HANCESTRO:0852	Middle Eastern population	GAZ:00005279	Saudi Arabia	['HP:0001250', 'HP:0001251', 'HP:0001298']	['Seizure', 'Ataxia', 'Encephalopathy']	[]	[]	['NM_025243.4(SLC19A3):c.1264A>G']	['80704']	GENO:0000137
PAVS694	Neurodevelopmental regression|Optic atrophy|Global developmental delay|Diffuse white matter disease|Spasticity	ISCA2:NM_194279.4:c.229G>A	https://pubmed.ncbi.nlm.nih.gov/25539947/		PAVS694	[]	[]	['Neurodevelopmental regression', 'Optic atrophy', 'Global developmental delay', 'Diffuse white matter disease', 'Spasticity']	['ISCA2']	['c.229G>A']	GENO:0000137	unknown zygosity	[]	[]	HANCESTRO:0852	Middle Eastern population	GAZ:00005279	Saudi Arabia	['HP:0000648', 'HP:0001257', 'HP:0001263', 'HP:0002376']	['Optic atrophy', 'Spasticity', 'Global developmental delay', 'Developmental regression']	['OMIM:621152']	['Neurodevelopmental disorder with white matter abnormalities and gait disturbance']	['NM_194279.4(ISCA2):c.229G>A']	['122961']	GENO:0000137
PAVS695	Neurodevelopmental regression|Optic atrophy|Global developmental delay|Diffuse white matter disease|Spasticity	ISCA2:NM_194279.4:c.229G>A	https://pubmed.ncbi.nlm.nih.gov/25539947/		PAVS695	[]	[]	['Neurodevelopmental regression', 'Optic atrophy', 'Global developmental delay', 'Diffuse white matter disease', 'Spasticity']	['ISCA2']	['c.229G>A']	GENO:0000137	unknown zygosity	[]	[]	HANCESTRO:0852	Middle Eastern population	GAZ:00005279	Saudi Arabia	['HP:0000648', 'HP:0001257', 'HP:0001263', 'HP:0002376']	['Optic atrophy', 'Spasticity', 'Global developmental delay', 'Developmental regression']	['OMIM:621152']	['Neurodevelopmental disorder with white matter abnormalities and gait disturbance']	['NM_194279.4(ISCA2):c.229G>A']	['122961']	GENO:0000137
PAVS696	Neurodevelopmental regression|Optic atrophy|Global developmental delay|Diffuse white matter disease|Spasticity	ISCA2:NM_194279.4:c.229G>A	https://pubmed.ncbi.nlm.nih.gov/25539947/		PAVS696	[]	[]	['Neurodevelopmental regression', 'Optic atrophy', 'Global developmental delay', 'Diffuse white matter disease', 'Spasticity']	['ISCA2']	['c.229G>A']	GENO:0000137	unknown zygosity	[]	[]	HANCESTRO:0852	Middle Eastern population	GAZ:00005279	Saudi Arabia	['HP:0000648', 'HP:0001257', 'HP:0001263', 'HP:0002376']	['Optic atrophy', 'Spasticity', 'Global developmental delay', 'Developmental regression']	['OMIM:621152']	['Neurodevelopmental disorder with white matter abnormalities and gait disturbance']	['NM_194279.4(ISCA2):c.229G>A']	['122961']	GENO:0000137
PAVS697	Neurodevelopmental regression|Optic atrophy|Global developmental delay|Diffuse white matter disease|Spasticity	ISCA2:NM_194279.4:c.229G>A	https://pubmed.ncbi.nlm.nih.gov/25539947/		PAVS697	[]	[]	['Neurodevelopmental regression', 'Optic atrophy', 'Global developmental delay', 'Diffuse white matter disease', 'Spasticity']	['ISCA2']	['c.229G>A']	GENO:0000137	unknown zygosity	[]	[]	HANCESTRO:0852	Middle Eastern population	GAZ:00005279	Saudi Arabia	['HP:0000648', 'HP:0001257', 'HP:0001263', 'HP:0002376']	['Optic atrophy', 'Spasticity', 'Global developmental delay', 'Developmental regression']	['OMIM:621152']	['Neurodevelopmental disorder with white matter abnormalities and gait disturbance']	['NM_194279.4(ISCA2):c.229G>A']	['122961']	GENO:0000137
PAVS698	Neurodevelopmental regression|Optic atrophy|Global developmental delay|Diffuse white matter disease|Spasticity	ISCA2:NM_194279.4:c.229G>A	https://pubmed.ncbi.nlm.nih.gov/25539947/		PAVS698	[]	[]	['Neurodevelopmental regression', 'Optic atrophy', 'Global developmental delay', 'Diffuse white matter disease', 'Spasticity']	['ISCA2']	['c.229G>A']	GENO:0000137	unknown zygosity	[]	[]	HANCESTRO:0852	Middle Eastern population	GAZ:00005279	Saudi Arabia	['HP:0000648', 'HP:0001257', 'HP:0001263', 'HP:0002376']	['Optic atrophy', 'Spasticity', 'Global developmental delay', 'Developmental regression']	['OMIM:621152']	['Neurodevelopmental disorder with white matter abnormalities and gait disturbance']	['NM_194279.4(ISCA2):c.229G>A']	['122961']	GENO:0000137
PAVS699	Neurodevelopmental regression|Optic atrophy|Global developmental delay|Diffuse white matter disease|Spasticity	ISCA2:NM_194279.4:c.229G>A	https://pubmed.ncbi.nlm.nih.gov/25539947/		PAVS699	[]	[]	['Neurodevelopmental regression', 'Optic atrophy', 'Global developmental delay', 'Diffuse white matter disease', 'Spasticity']	['ISCA2']	['c.229G>A']	GENO:0000137	unknown zygosity	[]	[]	HANCESTRO:0852	Middle Eastern population	GAZ:00005279	Saudi Arabia	['HP:0000648', 'HP:0001257', 'HP:0001263', 'HP:0002376']	['Optic atrophy', 'Spasticity', 'Global developmental delay', 'Developmental regression']	['OMIM:621152']	['Neurodevelopmental disorder with white matter abnormalities and gait disturbance']	['NM_194279.4(ISCA2):c.229G>A']	['122961']	GENO:0000137
PAVS700	Neurodevelopmental regression|Global developmental delay|Diffuse white matter disease	ISCA2:NM_194279.4:c.229G>A	https://pubmed.ncbi.nlm.nih.gov/25558065/		PAVS700	[]	[]	['Neurodevelopmental regression', 'Global developmental delay', 'Diffuse white matter disease']	['ISCA2']	['c.229G>A']	GENO:0000137	unknown zygosity	[]	[]	HANCESTRO:0852	Middle Eastern population	GAZ:00005279	Saudi Arabia	['HP:0001263', 'HP:0002376']	['Global developmental delay', 'Developmental regression']	['OMIM:621152']	['Neurodevelopmental disorder with white matter abnormalities and gait disturbance']	['NM_194279.4(ISCA2):c.229G>A']	['122961']	GENO:0000137
PAVS701	Neurodevelopmental regression|Optic atrophy|Global developmental delay|Diffuse white matter disease|Spasticity|Axial hypotonia|Nystagmus	ISCA2:NM_194279.4:c.229G>A	https://pubmed.ncbi.nlm.nih.gov/28064324/		PAVS701	[]	[]	['Neurodevelopmental regression', 'Optic atrophy', 'Global developmental delay', 'Diffuse white matter disease', 'Spasticity', 'Axial hypotonia', 'Nystagmus']	['ISCA2']	['c.229G>A']	GENO:0000137	unknown zygosity	[]	[]	HANCESTRO:0852	Middle Eastern population	GAZ:00005279	Saudi Arabia	['HP:0000639', 'HP:0000648', 'HP:0001257', 'HP:0001263', 'HP:0002376', 'HP:0008936']	['Nystagmus', 'Optic atrophy', 'Spasticity', 'Global developmental delay', 'Developmental regression', 'Axial hypotonia']	['OMIM:621152']	['Neurodevelopmental disorder with white matter abnormalities and gait disturbance']	['NM_194279.4(ISCA2):c.229G>A']	['122961']	GENO:0000137
PAVS702	Neurodevelopmental regression|Optic atrophy|Global developmental delay|Diffuse white matter disease|Spasticity|Axial hypotonia|Nystagmus	ISCA2:NM_194279.4:c.229G>A	https://pubmed.ncbi.nlm.nih.gov/28064324/		PAVS702	[]	[]	['Neurodevelopmental regression', 'Optic atrophy', 'Global developmental delay', 'Diffuse white matter disease', 'Spasticity', 'Axial hypotonia', 'Nystagmus']	['ISCA2']	['c.229G>A']	GENO:0000137	unknown zygosity	[]	[]	HANCESTRO:0852	Middle Eastern population	GAZ:00005279	Saudi Arabia	['HP:0000639', 'HP:0000648', 'HP:0001257', 'HP:0001263', 'HP:0002376', 'HP:0008936']	['Nystagmus', 'Optic atrophy', 'Spasticity', 'Global developmental delay', 'Developmental regression', 'Axial hypotonia']	['OMIM:621152']	['Neurodevelopmental disorder with white matter abnormalities and gait disturbance']	['NM_194279.4(ISCA2):c.229G>A']	['122961']	GENO:0000137
PAVS703	Neurodevelopmental regression|Optic atrophy|Global developmental delay|Diffuse white matter disease|Spasticity|Axial hypotonia|Nystagmus	ISCA2:NM_194279.4:c.229G>A	https://pubmed.ncbi.nlm.nih.gov/28064324/		PAVS703	[]	[]	['Neurodevelopmental regression', 'Optic atrophy', 'Global developmental delay', 'Diffuse white matter disease', 'Spasticity', 'Axial hypotonia', 'Nystagmus']	['ISCA2']	['c.229G>A']	GENO:0000137	unknown zygosity	[]	[]	HANCESTRO:0852	Middle Eastern population	GAZ:00005279	Saudi Arabia	['HP:0000639', 'HP:0000648', 'HP:0001257', 'HP:0001263', 'HP:0002376', 'HP:0008936']	['Nystagmus', 'Optic atrophy', 'Spasticity', 'Global developmental delay', 'Developmental regression', 'Axial hypotonia']	['OMIM:621152']	['Neurodevelopmental disorder with white matter abnormalities and gait disturbance']	['NM_194279.4(ISCA2):c.229G>A']	['122961']	GENO:0000137
PAVS704	Neurodevelopmental regression|Optic atrophy|Global developmental delay|Diffuse white matter disease|Spasticity|Axial hypotonia|Nystagmus	ISCA2:NM_194279.4:c.229G>A	https://pubmed.ncbi.nlm.nih.gov/28064324/		PAVS704	[]	[]	['Neurodevelopmental regression', 'Optic atrophy', 'Global developmental delay', 'Diffuse white matter disease', 'Spasticity', 'Axial hypotonia', 'Nystagmus']	['ISCA2']	['c.229G>A']	GENO:0000137	unknown zygosity	[]	[]	HANCESTRO:0852	Middle Eastern population	GAZ:00005279	Saudi Arabia	['HP:0000639', 'HP:0000648', 'HP:0001257', 'HP:0001263', 'HP:0002376', 'HP:0008936']	['Nystagmus', 'Optic atrophy', 'Spasticity', 'Global developmental delay', 'Developmental regression', 'Axial hypotonia']	['OMIM:621152']	['Neurodevelopmental disorder with white matter abnormalities and gait disturbance']	['NM_194279.4(ISCA2):c.229G>A']	['122961']	GENO:0000137
PAVS705	Neurodevelopmental regression|Optic atrophy|Global developmental delay|Diffuse white matter disease|Spasticity|Axial hypotonia|Nystagmus	ISCA2:NM_194279.4:c.229G>A	https://pubmed.ncbi.nlm.nih.gov/28064324/		PAVS705	[]	[]	['Neurodevelopmental regression', 'Optic atrophy', 'Global developmental delay', 'Diffuse white matter disease', 'Spasticity', 'Axial hypotonia', 'Nystagmus']	['ISCA2']	['c.229G>A']	GENO:0000137	unknown zygosity	[]	[]	HANCESTRO:0852	Middle Eastern population	GAZ:00005279	Saudi Arabia	['HP:0000639', 'HP:0000648', 'HP:0001257', 'HP:0001263', 'HP:0002376', 'HP:0008936']	['Nystagmus', 'Optic atrophy', 'Spasticity', 'Global developmental delay', 'Developmental regression', 'Axial hypotonia']	['OMIM:621152']	['Neurodevelopmental disorder with white matter abnormalities and gait disturbance']	['NM_194279.4(ISCA2):c.229G>A']	['122961']	GENO:0000137
PAVS706	Neurodevelopmental regression|Optic atrophy|Global developmental delay|Diffuse white matter disease|Spasticity|Axial hypotonia|Nystagmus|Seizure	ISCA2:NM_194279.4:c.229G>A	https://pubmed.ncbi.nlm.nih.gov/28064324/		PAVS706	[]	[]	['Neurodevelopmental regression', 'Optic atrophy', 'Global developmental delay', 'Diffuse white matter disease', 'Spasticity', 'Axial hypotonia', 'Nystagmus', 'Seizure']	['ISCA2']	['c.229G>A']	GENO:0000137	unknown zygosity	[]	[]	HANCESTRO:0852	Middle Eastern population	GAZ:00005279	Saudi Arabia	['HP:0000639', 'HP:0000648', 'HP:0001250', 'HP:0001257', 'HP:0001263', 'HP:0002376', 'HP:0008936']	['Nystagmus', 'Optic atrophy', 'Seizure', 'Spasticity', 'Global developmental delay', 'Developmental regression', 'Axial hypotonia']	['OMIM:621152']	['Neurodevelopmental disorder with white matter abnormalities and gait disturbance']	['NM_194279.4(ISCA2):c.229G>A']	['122961']	GENO:0000137
PAVS707	Neurodevelopmental regression|Optic atrophy|Global developmental delay|Diffuse white matter disease|Spasticity|Axial hypotonia|Nystagmus|Seizure	ISCA2:NM_194279.4:c.229G>A	https://pubmed.ncbi.nlm.nih.gov/28064324/		PAVS707	[]	[]	['Neurodevelopmental regression', 'Optic atrophy', 'Global developmental delay', 'Diffuse white matter disease', 'Spasticity', 'Axial hypotonia', 'Nystagmus', 'Seizure']	['ISCA2']	['c.229G>A']	GENO:0000137	unknown zygosity	[]	[]	HANCESTRO:0852	Middle Eastern population	GAZ:00005279	Saudi Arabia	['HP:0000639', 'HP:0000648', 'HP:0001250', 'HP:0001257', 'HP:0001263', 'HP:0002376', 'HP:0008936']	['Nystagmus', 'Optic atrophy', 'Seizure', 'Spasticity', 'Global developmental delay', 'Developmental regression', 'Axial hypotonia']	['OMIM:621152']	['Neurodevelopmental disorder with white matter abnormalities and gait disturbance']	['NM_194279.4(ISCA2):c.229G>A']	['122961']	GENO:0000137
PAVS708	Neurodevelopmental regression|Optic atrophy|Global developmental delay|Diffuse white matter disease|Spasticity|Axial hypotonia|Nystagmus|Seizure	ISCA2:NM_194279.4:c.229G>A	https://pubmed.ncbi.nlm.nih.gov/28064324/		PAVS708	[]	[]	['Neurodevelopmental regression', 'Optic atrophy', 'Global developmental delay', 'Diffuse white matter disease', 'Spasticity', 'Axial hypotonia', 'Nystagmus', 'Seizure']	['ISCA2']	['c.229G>A']	GENO:0000137	unknown zygosity	[]	[]	HANCESTRO:0852	Middle Eastern population	GAZ:00005279	Saudi Arabia	['HP:0000639', 'HP:0000648', 'HP:0001250', 'HP:0001257', 'HP:0001263', 'HP:0002376', 'HP:0008936']	['Nystagmus', 'Optic atrophy', 'Seizure', 'Spasticity', 'Global developmental delay', 'Developmental regression', 'Axial hypotonia']	['OMIM:621152']	['Neurodevelopmental disorder with white matter abnormalities and gait disturbance']	['NM_194279.4(ISCA2):c.229G>A']	['122961']	GENO:0000137
PAVS709	Neurodevelopmental regression|Optic atrophy|Global developmental delay|Diffuse white matter disease|Spasticity|Axial hypotonia|Nystagmus|Seizure	ISCA2:NM_194279.4:c.229G>A	https://pubmed.ncbi.nlm.nih.gov/28064324/		PAVS709	[]	[]	['Neurodevelopmental regression', 'Optic atrophy', 'Global developmental delay', 'Diffuse white matter disease', 'Spasticity', 'Axial hypotonia', 'Nystagmus', 'Seizure']	['ISCA2']	['c.229G>A']	GENO:0000137	unknown zygosity	[]	[]	HANCESTRO:0852	Middle Eastern population	GAZ:00005279	Saudi Arabia	['HP:0000639', 'HP:0000648', 'HP:0001250', 'HP:0001257', 'HP:0001263', 'HP:0002376', 'HP:0008936']	['Nystagmus', 'Optic atrophy', 'Seizure', 'Spasticity', 'Global developmental delay', 'Developmental regression', 'Axial hypotonia']	['OMIM:621152']	['Neurodevelopmental disorder with white matter abnormalities and gait disturbance']	['NM_194279.4(ISCA2):c.229G>A']	['122961']	GENO:0000137
PAVS710	Neurodevelopmental regression|Optic atrophy|Global developmental delay|Diffuse white matter disease|Spasticity|Axial hypotonia|Nystagmus	ISCA2:NM_194279.4:c.229G>A	https://pubmed.ncbi.nlm.nih.gov/28064324/		PAVS710	[]	[]	['Neurodevelopmental regression', 'Optic atrophy', 'Global developmental delay', 'Diffuse white matter disease', 'Spasticity', 'Axial hypotonia', 'Nystagmus']	['ISCA2']	['c.229G>A']	GENO:0000137	unknown zygosity	[]	[]	HANCESTRO:0852	Middle Eastern population	GAZ:00005279	Saudi Arabia	['HP:0000639', 'HP:0000648', 'HP:0001257', 'HP:0001263', 'HP:0002376', 'HP:0008936']	['Nystagmus', 'Optic atrophy', 'Spasticity', 'Global developmental delay', 'Developmental regression', 'Axial hypotonia']	['OMIM:621152']	['Neurodevelopmental disorder with white matter abnormalities and gait disturbance']	['NM_194279.4(ISCA2):c.229G>A']	['122961']	GENO:0000137
PAVS711	Neurodevelopmental regression|Optic atrophy|Global developmental delay|Diffuse white matter disease|Spasticity|Axial hypotonia|Nystagmus	ISCA2:NM_194279.4:c.229G>A	https://pubmed.ncbi.nlm.nih.gov/29297947/		PAVS711	[]	[]	['Neurodevelopmental regression', 'Optic atrophy', 'Global developmental delay', 'Diffuse white matter disease', 'Spasticity', 'Axial hypotonia', 'Nystagmus']	['ISCA2']	['c.229G>A']	GENO:0000137	unknown zygosity	[]	[]	HANCESTRO:0852	Middle Eastern population	GAZ:00005279	Saudi Arabia	['HP:0000639', 'HP:0000648', 'HP:0001257', 'HP:0001263', 'HP:0002376', 'HP:0008936']	['Nystagmus', 'Optic atrophy', 'Spasticity', 'Global developmental delay', 'Developmental regression', 'Axial hypotonia']	['OMIM:621152']	['Neurodevelopmental disorder with white matter abnormalities and gait disturbance']	['NM_194279.4(ISCA2):c.229G>A']	['122961']	GENO:0000137
PAVS712	Neurodevelopmental regression|Optic atrophy|Global developmental delay|Diffuse white matter disease|Spasticity|Axial hypotonia|Nystagmus	ISCA2:NM_194279.4:c.229G>A	https://pubmed.ncbi.nlm.nih.gov/29297947/		PAVS712	[]	[]	['Neurodevelopmental regression', 'Optic atrophy', 'Global developmental delay', 'Diffuse white matter disease', 'Spasticity', 'Axial hypotonia', 'Nystagmus']	['ISCA2']	['c.229G>A']	GENO:0000137	unknown zygosity	[]	[]	HANCESTRO:0852	Middle Eastern population	GAZ:00005279	Saudi Arabia	['HP:0000639', 'HP:0000648', 'HP:0001257', 'HP:0001263', 'HP:0002376', 'HP:0008936']	['Nystagmus', 'Optic atrophy', 'Spasticity', 'Global developmental delay', 'Developmental regression', 'Axial hypotonia']	['OMIM:621152']	['Neurodevelopmental disorder with white matter abnormalities and gait disturbance']	['NM_194279.4(ISCA2):c.229G>A']	['122961']	GENO:0000137
PAVS713	Hyperammonemia |Metabolic acidosis|Recurrent pancreatitis|Autism|Poor language skills|Behavioral abnormality|Global intellectual disability,|Elevated propionylcarnitine level|No social interaction( HP:0008763)	PCCA:NM_000282.4:c.1288C>T	https://pubmed.ncbi.nlm.nih.gov/23430497/		PAVS713	['HP:0008763']	['No social interaction']	['Hyperammonemia', 'Metabolic acidosis', 'Recurrent pancreatitis', 'Autism', 'Poor language skills', 'Behavioral abnormality', 'Global intellectual disability,', 'Elevated propionylcarnitine level']	['PCCA']	['c.1288C>T']	GENO:0000137	unknown zygosity	[]	[]	HANCESTRO:0852	Middle Eastern population	GAZ:00005279	Saudi Arabia	['HP:0000708', 'HP:0000717', 'HP:0000750', 'HP:0001249', 'HP:0001942', 'HP:0001987', 'HP:0008763', 'HP:0031544', 'HP:0100027']	['Atypical behavior', 'Autism', 'Delayed speech and language development', 'Intellectual disability', 'Metabolic acidosis', 'Hyperammonemia', 'No social interaction', 'Elevated circulating palmitoleylcarnitine concentration', 'Recurrent pancreatitis']	[]	[]	['NM_000282.4(PCCA):c.1288C>T']	['5095']	GENO:0000137
PAVS714	Developmental delay|Speech delay|	GRCh36:NC_000013.9:g.99764629_99837596delins99764629_99764647	https://pubmed.ncbi.nlm.nih.gov/18790721/		PAVS714	[]	[]	['Developmental delay', 'Speech delay']	[]	['GRCh36:NC_000013.9:g.99764629_99837596delins99764629_99764647']	GENO:0000137	unknown zygosity	[]	[]	HANCESTRO:0852	Middle Eastern population	GAZ:00005279	Saudi Arabia	['HP:0000750', 'HP:0001263']	['Delayed speech and language development', 'Global developmental delay']	[]	[]	['NM_000059.4(BRCA2):c.(99764629_99837596)_(99764629_99764647)delins']	['Unknown']	GENO:0000137
PAVS715	Lethargy|tachypnea|Metabolic acidosis|Global developmental delay|Hypoglycemia|Hyperammonemia|	GRCh36:NC_000013.9:g.99764629_99837596delins99764629_99764647	https://pubmed.ncbi.nlm.nih.gov/18790721/		PAVS715	[]	[]	['Lethargy', 'tachypnea', 'Metabolic acidosis', 'Global developmental delay', 'Hypoglycemia', 'Hyperammonemia']	[]	['GRCh36:NC_000013.9:g.99764629_99837596delins99764629_99764647']	GENO:0000137	unknown zygosity	[]	[]	HANCESTRO:0852	Middle Eastern population	GAZ:00005279	Saudi Arabia	['HP:0001254', 'HP:0001263', 'HP:0001942', 'HP:0001943', 'HP:0001987', 'HP:0002789']	['Lethargy', 'Global developmental delay', 'Metabolic acidosis', 'Hypoglycemia', 'Hyperammonemia', 'Tachypnea']	[]	[]	['NM_000518.5(BRCA2):c.8815_8852delins8815_8833']	['Unknown']	GENO:0000137
PAVS716	Failure to thrive|Recurrent lower respiratory tract infections|Chronic diarrhea|hepatomegaly |Leukocytosis|Lymphocytosis|Chronic cough, Pleural effusion|Hilar lymphadenopathy|Bronchiectasis	AGR2:NM_006408.4:c.349C>T 	https://pubmed.ncbi.nlm.nih.gov/34952832/		PAVS716	[]	[]	['Failure to thrive', 'Recurrent lower respiratory tract infections', 'Chronic diarrhea', 'hepatomegaly', 'Leukocytosis', 'Lymphocytosis', 'Chronic cough, Pleural effusion', 'Hilar lymphadenopathy', 'Bronchiectasis']	['AGR2']	['c.349C>T']	GENO:0000137	unknown zygosity	[]	[]	HANCESTRO:0852	Middle Eastern population	GAZ:00005279	Saudi Arabia	['HP:0001508', 'HP:0001974', 'HP:0002028', 'HP:0002110', 'HP:0002202', 'HP:0002240', 'HP:0002783', 'HP:0034388', 'HP:0100827']	['Failure to thrive', 'Increased total leukocyte count', 'Chronic diarrhea', 'Bronchiectasis', 'Pleural effusion', 'Hepatomegaly', 'Recurrent lower respiratory tract infections', 'Hilar lymph node enlargement', 'Increased total lymphocyte count']	[]	[]	['NM_006408.4(AGR2):c.349C>T']	['10551']	GENO:0000137
PAVS717	failure to thrive|Recurrent lower respiratory tract infections|Chronic diarrhea|Chronic cough|Hilar lymphadenopathy	AGR2:NM_006408.4:c.349C>T	https://pubmed.ncbi.nlm.nih.gov/34952832/		PAVS717	[]	[]	['failure to thrive', 'Recurrent lower respiratory tract infections', 'Chronic diarrhea', 'Chronic cough', 'Hilar lymphadenopathy']	['AGR2']	['c.349C>T']	GENO:0000137	unknown zygosity	[]	[]	HANCESTRO:0852	Middle Eastern population	GAZ:00005279	Saudi Arabia	['HP:0001508', 'HP:0002028', 'HP:0002783', 'HP:0034315', 'HP:0034388']	['Failure to thrive', 'Chronic diarrhea', 'Recurrent lower respiratory tract infections', 'Chronic cough', 'Hilar lymph node enlargement']	[]	[]	['NM_006408.4(AGR2):c.349C>T']	['10551']	GENO:0000137
PAVS718	failure to thrive|Recurrent lower respiratory tract infections|Persistent vomiting|Hepatomegaly|Persistent cholestasis|Bronchiectasis|Persistent segmental collapse|Chronic productive cough	AGR2:NM_006408.4:c.330+1delintron 5 	https://pubmed.ncbi.nlm.nih.gov/34952832/		PAVS718	[]	[]	['failure to thrive', 'Recurrent lower respiratory tract infections', 'Persistent vomiting', 'Hepatomegaly', 'Persistent cholestasis', 'Bronchiectasis', 'Persistent segmental collapse', 'Chronic productive cough']	['AGR2']	['c.330+1delintron 5']	GENO:0000137	unknown zygosity	[]	[]	HANCESTRO:0852	Middle Eastern population	GAZ:00005279	Saudi Arabia	['HP:0001396', 'HP:0001508', 'HP:0002013', 'HP:0002110', 'HP:0002240', 'HP:0002783', 'HP:0011010']	['Cholestasis', 'Failure to thrive', 'Vomiting', 'Bronchiectasis', 'Hepatomegaly', 'Recurrent lower respiratory tract infections', 'Chronic']	[]	[]	['NM_006408.4(AGR2):c.330+1delintron 5']	['10551']	GENO:0000137
PAVS719	ketotic hypoglycemia, lactic acidosis|elevated liver transamineases	DLD:NM_000108:3:c.685G>T	https://pubmed.ncbi.nlm.nih.gov/34745891/		PAVS719	[]	[]	['ketotic hypoglycemia, lactic acidosis', 'elevated liver transamineases']	['DLD']	['c.685G>T']	GENO:0000137	unknown zygosity	[]	[]	HANCESTRO:0852	Middle Eastern population	GAZ:00005279	Saudi Arabia	['HP:0002910', 'HP:0003128']	['Elevated circulating hepatic transaminase concentration', 'Lactic acidosis']	[]	[]	['NM_000108.3(DLD):c.685G>T']	['197257']	GENO:0000137
PAVS720	Episodic cyclic vomiting with mild persistent elevated AST / ALT. She had two episodes of Reye-like syndrome. She has normal psychomotor function with no neurological symptoms|hypertrophic cardiomyopathy	DLD:NM_000108:3:c.685G>T	https://pubmed.ncbi.nlm.nih.gov/34745891/		PAVS720	[]	[]	['Episodic cyclic vomiting with mild persistent elevated AST / ALT. She had two episodes of Reye-like syndrome. She has normal psychomotor function with no neurological symptoms', 'hypertrophic cardiomyopathy']	['DLD']	['c.685G>T']	GENO:0000137	unknown zygosity	[]	[]	HANCESTRO:0852	Middle Eastern population	GAZ:00005279	Saudi Arabia	['HP:0001639']	['Hypertrophic cardiomyopathy']	['OMIM:615552']	['Episodic pain syndrome, familial, 3']	['NM_000108.5(DLD):c.685G>T']	['197257']	GENO:0000137
PAVS721	Recurrent acute hepatic failure, encephalopathy, with mild persistent elevated AST / ALT, associated with metabolic acidosis He has normal psychomotor function with no neurological symptoms	DLD:NM_000108:3:c.685G>T	https://pubmed.ncbi.nlm.nih.gov/34745891/		PAVS721	[]	[]	['Recurrent acute hepatic failure, encephalopathy, with mild persistent elevated AST / ALT, associated with metabolic acidosis He has normal psychomotor function with no neurological symptoms']	['DLD']	['c.685G>T']	GENO:0000137	unknown zygosity	[]	[]	HANCESTRO:0852	Middle Eastern population	GAZ:00005279	Saudi Arabia	[]	[]	[]	[]	['NM_000108.5(DLD):c.685G>T']	['197257']	GENO:0000137
PAVS722	Psychomotor dysfunction|Developmental delay|Intellectual disability,|Seizures|Elevated AST / ALT|Microcephaly|Elevated levels of branched chain amino acids 	DLD:NM_000108:3:c.685G>T	https://pubmed.ncbi.nlm.nih.gov/34745891/		PAVS722	[]	[]	['Psychomotor dysfunction', 'Developmental delay', 'Intellectual disability,', 'Seizures', 'Elevated AST / ALT', 'Microcephaly', 'Elevated levels of branched chain amino acids']	['DLD']	['c.685G>T']	GENO:0000137	unknown zygosity	[]	[]	HANCESTRO:0852	Middle Eastern population	GAZ:00005279	Saudi Arabia	['HP:0000252', 'HP:0001249', 'HP:0001250', 'HP:0001263']	['Microcephaly', 'Intellectual disability', 'Seizure', 'Global developmental delay']	['OMIM:620515']	['Neurodevelopmental disorder with motor regression, progressive spastic paraplegia, and oromotor dysfunction']	['NM_000108.5(DLD):c.685G>T']	['197257']	GENO:0000137
PAVS723	Psychomotor dysfunction|Developmental delay|Intellectual disability,|Seizures|Microcephaly	DLD:NM_000108:3:c.685G>T	https://pubmed.ncbi.nlm.nih.gov/34745891/		PAVS723	[]	[]	['Psychomotor dysfunction', 'Developmental delay', 'Intellectual disability,', 'Seizures', 'Microcephaly']	['DLD']	['c.685G>T']	GENO:0000137	unknown zygosity	[]	[]	HANCESTRO:0852	Middle Eastern population	GAZ:00005279	Saudi Arabia	['HP:0000252', 'HP:0001249', 'HP:0001250', 'HP:0001263']	['Microcephaly', 'Intellectual disability', 'Seizure', 'Global developmental delay']	['OMIM:616728']	['Cleft palate, psychomotor retardation, and distinctive facial features']	['NM_000108.5(DLD):c.685G>T']	['197257']	GENO:0000137
PAVS724	Psychomotor dysfunction|Developmental delay|Intellectual disability,|Seizures|Hypotonia	DLD:NM_000108:3:c.1436A>T 	https://pubmed.ncbi.nlm.nih.gov/34745891/		PAVS724	[]	[]	['Psychomotor dysfunction', 'Developmental delay', 'Intellectual disability,', 'Seizures', 'Hypotonia']	['DLD']	['c.1436A>T']	GENO:0000137	unknown zygosity	[]	[]	HANCESTRO:0852	Middle Eastern population	GAZ:00005279	Saudi Arabia	['HP:0001249', 'HP:0001250', 'HP:0001252', 'HP:0001263']	['Intellectual disability', 'Seizure', 'Hypotonia', 'Global developmental delay']	['OMIM:616728']	['Cleft palate, psychomotor retardation, and distinctive facial features']	['NM_000108.5(DLD):c.1436A>T']	['197257']	GENO:0000137
PAVS725	Psychomotor dysfunction|Developmental delay|Intellectual disability,|Focal seizures|Hypotonia|Dystonia|Optic atrophy|Hypertrophic cardiomyopathy|Elevated levels of branched chain amino acids 	DLD:NM_000108:3:c.1436A>T 	https://pubmed.ncbi.nlm.nih.gov/34745891/		PAVS725	[]	[]	['Psychomotor dysfunction', 'Developmental delay', 'Intellectual disability,', 'Focal seizures', 'Hypotonia', 'Dystonia', 'Optic atrophy', 'Hypertrophic cardiomyopathy', 'Elevated levels of branched chain amino acids']	['DLD']	['c.1436A>T']	GENO:0000137	unknown zygosity	[]	[]	HANCESTRO:0852	Middle Eastern population	GAZ:00005279	Saudi Arabia	['HP:0000648', 'HP:0001249', 'HP:0001252', 'HP:0001263', 'HP:0001332', 'HP:0001639', 'HP:0007359']	['Optic atrophy', 'Intellectual disability', 'Hypotonia', 'Global developmental delay', 'Dystonia', 'Hypertrophic cardiomyopathy', 'Focal-onset seizure']	['OMIM:620515']	['Neurodevelopmental disorder with motor regression, progressive spastic paraplegia, and oromotor dysfunction']	['NM_000108.5(DLD):c.1436A>T']	['197257']	GENO:0000137
PAVS726	psychomotor dysfunction (mild hypotonia and Developmental delay), Recurrent acute hepatic failure (Reye-like syndrome) and metabolic acidosis|Elevated levels of branched chain amino acids 	DLD:NM_000108:3:c.623C>T 	https://pubmed.ncbi.nlm.nih.gov/34745891/		PAVS726	[]	[]	['psychomotor dysfunction (mild hypotonia and Developmental delay), Recurrent acute hepatic failure (Reye-like syndrome) and metabolic acidosis', 'Elevated levels of branched chain amino acids']	['DLD']	['c.623C>T']	GENO:0000137	unknown zygosity	[]	[]	HANCESTRO:0852	Middle Eastern population	GAZ:00005279	Saudi Arabia	['HP:0006554']	['Acute hepatic failure']	[]	[]	['NM_000108.4(DLD):c.623C>T']	['197257']	GENO:0000137
PAVS727	Intellectual disability,|Language impairment|social impairment|cataracts|poor mobility|spasticity|Delayed motor skills|T cell lymphopenia	COPB1:NM_001144061.2:c.1651T>G	https://pubmed.ncbi.nlm.nih.gov/33632302/		PAVS727	[]	[]	['Intellectual disability,', 'Language impairment', 'social impairment', 'cataracts', 'poor mobility', 'spasticity', 'Delayed motor skills', 'T cell lymphopenia']	['COPB1']	['c.1651T>G']	GENO:0000137	unknown zygosity	[]	[]	HANCESTRO:0852	Middle Eastern population	GAZ:00005279	Saudi Arabia	['HP:0000518', 'HP:0001249', 'HP:0001257', 'HP:0001376', 'HP:0002194', 'HP:0002463', 'HP:0005403']	['Cataract', 'Intellectual disability', 'Spasticity', 'Limitation of joint mobility', 'Delayed gross motor development', 'Language impairment', 'Decreased total T cell count']	[]	[]	['NM_001144061.2(COPB1):c.1651T>G']	['1315']	GENO:0000137
PAVS728	Intellectual disability,|Language impairment|social impairment|Microcephaly|Dystonia|cataracts|poor mobility|spasticity|Delayed motor skills|T cell lymphopenia	COPB1:NM_001144061.2:c.1651T>G	https://pubmed.ncbi.nlm.nih.gov/33632302/		PAVS728	[]	[]	['Intellectual disability,', 'Language impairment', 'social impairment', 'Microcephaly', 'Dystonia', 'cataracts', 'poor mobility', 'spasticity', 'Delayed motor skills', 'T cell lymphopenia']	['COPB1']	['c.1651T>G']	GENO:0000137	unknown zygosity	[]	[]	HANCESTRO:0852	Middle Eastern population	GAZ:00005279	Saudi Arabia	['HP:0000252', 'HP:0000518', 'HP:0001249', 'HP:0001257', 'HP:0001332', 'HP:0001376', 'HP:0002194', 'HP:0002463', 'HP:0005403']	['Microcephaly', 'Cataract', 'Intellectual disability', 'Spasticity', 'Dystonia', 'Limitation of joint mobility', 'Delayed gross motor development', 'Language impairment', 'Decreased total T cell count']	[]	[]	['NM_001144061.2(COPB1):c.1651T>G']	['1315']	GENO:0000137
PAVS729	Intellectual disability,|Language impairment|social impairment|Microcephaly|cataracts|poor mobility|spasticity|Delayed motor skills|T cell lymphopenia	COPB1:NM_001144061.2:c.1651T>G	https://pubmed.ncbi.nlm.nih.gov/33632302/		PAVS729	[]	[]	['Intellectual disability,', 'Language impairment', 'social impairment', 'Microcephaly', 'cataracts', 'poor mobility', 'spasticity', 'Delayed motor skills', 'T cell lymphopenia']	['COPB1']	['c.1651T>G']	GENO:0000137	unknown zygosity	[]	[]	HANCESTRO:0852	Middle Eastern population	GAZ:00005279	Saudi Arabia	['HP:0000252', 'HP:0000518', 'HP:0001249', 'HP:0001257', 'HP:0001376', 'HP:0002194', 'HP:0002463', 'HP:0005403']	['Microcephaly', 'Cataract', 'Intellectual disability', 'Spasticity', 'Limitation of joint mobility', 'Delayed gross motor development', 'Language impairment', 'Decreased total T cell count']	[]	[]	['NM_001144061.2(COPB1):c.1651T>G']	['1315']	GENO:0000137
PAVS730	Intellectual disability,|Language impairment|social impairment|cataracts|poor mobility|spasticity|Delayed motor skills|T cell lymphopenia	COPB1:NM_001144061.2:c.1651T>G	https://pubmed.ncbi.nlm.nih.gov/33632302/		PAVS730	[]	[]	['Intellectual disability,', 'Language impairment', 'social impairment', 'cataracts', 'poor mobility', 'spasticity', 'Delayed motor skills', 'T cell lymphopenia']	['COPB1']	['c.1651T>G']	GENO:0000137	unknown zygosity	[]	[]	HANCESTRO:0852	Middle Eastern population	GAZ:00005279	Saudi Arabia	['HP:0000518', 'HP:0001249', 'HP:0001257', 'HP:0001376', 'HP:0002194', 'HP:0002463', 'HP:0005403']	['Cataract', 'Intellectual disability', 'Spasticity', 'Limitation of joint mobility', 'Delayed gross motor development', 'Language impairment', 'Decreased total T cell count']	[]	[]	['NM_001144061.2(COPB1):c.1651T>G']	['1315']	GENO:0000137
PAVS731	Short stature|Microcephaly|Triangular face|Small chin|Anterior pointed ears|Thin long fingers|low BMI|learning difficulties|Poor growth|Osteopenia|Osteoprosis	PAPPA2:NM_020318.2:c.2656G>T	https://pubmed.ncbi.nlm.nih.gov/34272725/		PAVS731	[]	[]	['Short stature', 'Microcephaly', 'Triangular face', 'Small chin', 'Anterior pointed ears', 'Thin long fingers', 'low BMI', 'learning difficulties', 'Poor growth', 'Osteopenia', 'Osteoprosis']	['PAPPA2']	['c.2656G>T']	GENO:0000137	unknown zygosity	[]	[]	HANCESTRO:0852	Middle Eastern population	GAZ:00005279	Saudi Arabia	['HP:0000252', 'HP:0000325', 'HP:0000331', 'HP:0000938', 'HP:0000939', 'HP:0001510', 'HP:0004322', 'HP:0100807', 'HP:0100810']	['Microcephaly', 'Triangular face', 'Short chin', 'Osteopenia', 'Osteoporosis', 'Growth delay', 'Short stature', 'Long fingers', 'Pointed helix']	['OMIM:300491']	['Epilepsy, X-linked, with variable learning disabilities and behavior disorders']	['NM_020318.2(PAPPA2):c.2656G>T']	['60676']	GENO:0000137
PAVS732	Short stature|Microcephaly|Triangular face|Small chin|Anterior pointed ears|Thin long fingers|low BMI|learning dificulties|Osteopenia|Osteoprosis	PAPPA2:NM_020318.2:c.2656G>T	https://pubmed.ncbi.nlm.nih.gov/34272725/		PAVS732	[]	[]	['Short stature', 'Microcephaly', 'Triangular face', 'Small chin', 'Anterior pointed ears', 'Thin long fingers', 'low BMI', 'learning dificulties', 'Osteopenia', 'Osteoprosis']	['PAPPA2']	['c.2656G>T']	GENO:0000137	unknown zygosity	[]	[]	HANCESTRO:0852	Middle Eastern population	GAZ:00005279	Saudi Arabia	['HP:0000252', 'HP:0000325', 'HP:0000331', 'HP:0000938', 'HP:0000939', 'HP:0004322', 'HP:0100807', 'HP:0100810']	['Microcephaly', 'Triangular face', 'Short chin', 'Osteopenia', 'Osteoporosis', 'Short stature', 'Long fingers', 'Pointed helix']	['OMIM:300491']	['Epilepsy, X-linked, with variable learning disabilities and behavior disorders']	['NM_020318.2(PAPPA2):c.2656G>T']	['60676']	GENO:0000137
PAVS733	Irregular heart rhythm|Premature ventricular contractions|Bidirectional ventricular tachycardia|	KCNJ2:NM_000891.3:c.412G > A	https://pubmed.ncbi.nlm.nih.gov/31890843/		PAVS733	[]	[]	['Irregular heart rhythm', 'Premature ventricular contractions', 'Bidirectional ventricular tachycardia']	['KCNJ2']	['c.412G > A']	GENO:0000137	unknown zygosity	[]	[]	HANCESTRO:0852	Middle Eastern population	GAZ:00005279	Saudi Arabia	['HP:0006682', 'HP:0034040']	['Premature ventricular contraction', 'Bidirectional ventricular tachycardia']	[]	[]	['NM_000891.3(KCNJ2):c.412G > A']	['3759']	GENO:0000137
PAVS734	Syncopal attacks|Periodic paralysis|Short stature|Micrognathia|widely spaced eyes|Irregular heartbeats|Premature ventricular contractions|Bidirectional ventricular tachycardia	KCNJ2:NM_000891.3:c.921G>A	https://pubmed.ncbi.nlm.nih.gov/31890843/		PAVS734	[]	[]	['Syncopal attacks', 'Periodic paralysis', 'Short stature', 'Micrognathia', 'widely spaced eyes', 'Irregular heartbeats', 'Premature ventricular contractions', 'Bidirectional ventricular tachycardia']	['KCNJ2']	['c.921G>A']	GENO:0000137	unknown zygosity	[]	[]	HANCESTRO:0852	Middle Eastern population	GAZ:00005279	Saudi Arabia	['HP:0000316', 'HP:0000347', 'HP:0003768', 'HP:0004322', 'HP:0006682', 'HP:0011675', 'HP:0034040']	['Hypertelorism', 'Micrognathia', 'Periodic paralysis', 'Short stature', 'Premature ventricular contraction', 'Arrhythmia', 'Bidirectional ventricular tachycardia']	[]	[]	['NM_000891.3(KCNJ2):c.921G>A']	['3759']	GENO:0000137
PAVS735	Irregular heartbeats|Micrognathia|Refractive error|High-pitched voice|Premature ventricular contractions|Bidirectional ventricular tachycardia	KCNJ2:NM_000891.3:c.366T>A	https://pubmed.ncbi.nlm.nih.gov/31890843/		PAVS735	[]	[]	['Irregular heartbeats', 'Micrognathia', 'Refractive error', 'High-pitched voice', 'Premature ventricular contractions', 'Bidirectional ventricular tachycardia']	['KCNJ2']	['c.366T>A']	GENO:0000137	unknown zygosity	[]	[]	HANCESTRO:0852	Middle Eastern population	GAZ:00005279	Saudi Arabia	['HP:0000347', 'HP:0001620', 'HP:0006682', 'HP:0011675', 'HP:0034040']	['Micrognathia', 'Abnormally high-pitched voice', 'Premature ventricular contraction', 'Arrhythmia', 'Bidirectional ventricular tachycardia']	[]	[]	['NM_000891.3(KCNJ2):c.366T>A']	['3759']	GENO:0000137
PAVS736	Irregular heartbeats|Syncopal attacks|Periodic paralysis|Premature ventricular contractions|Bidirectional ventricular tachycardia	KCNJ2:NM_000891.3:c.919 A/G	https://pubmed.ncbi.nlm.nih.gov/31890843/		PAVS736	[]	[]	['Irregular heartbeats', 'Syncopal attacks', 'Periodic paralysis', 'Premature ventricular contractions', 'Bidirectional ventricular tachycardia']	['KCNJ2']	['c.919 A/G']	GENO:0000137	unknown zygosity	[]	[]	HANCESTRO:0852	Middle Eastern population	GAZ:00005279	Saudi Arabia	['HP:0003768', 'HP:0006682', 'HP:0011675', 'HP:0034040']	['Periodic paralysis', 'Premature ventricular contraction', 'Arrhythmia', 'Bidirectional ventricular tachycardia']	[]	[]	['NM_000891.3(KCNJ2):c.919 A/G']	['3759']	GENO:0000137
PAVS737	Postaxial polydactyly	DACH1:NM_080759.6:c.563G>A	https://pubmed.ncbi.nlm.nih.gov/34022343/		PAVS737	[]	[]	['Postaxial polydactyly']	['DACH1']	['c.563G>A']	GENO:0000137	unknown zygosity	[]	[]	HANCESTRO:0852	Middle Eastern population	GAZ:00005279	Saudi Arabia	['HP:0100259']	['Postaxial polydactyly']	[]	[]	['NM_080759.6(DACH1):c.563G>A']	['1602']	GENO:0000137
PAVS738	Postaxial polydactyly	DACH1:NM_080759.6:c.563G>A	https://pubmed.ncbi.nlm.nih.gov/34022343/		PAVS738	[]	[]	['Postaxial polydactyly']	['DACH1']	['c.563G>A']	GENO:0000137	unknown zygosity	[]	[]	HANCESTRO:0852	Middle Eastern population	GAZ:00005279	Saudi Arabia	['HP:0100259']	['Postaxial polydactyly']	[]	[]	['NM_080759.6(DACH1):c.563G>A']	['1602']	GENO:0000137
PAVS739	Wide skull sutures| Low-set ears|Low hairline|Deep-seated eyes|Bilateral cloudy corneas|frontal bossing|Hypertelorism|Bilateral strabismus| corneal opacity|Depressed nasal bridge|Upturned nose|Micrognathia|Brachycephaly|High arched palate|Posterior-central gyrus arteriovenous malformations||Cardiomegaly|Pulmonary vessels congestion|Tachycardia |T wave alteration|Small hands|Small feet|Broaden thumb|Developmental delay|Failure to thrive|Mongolian spots|Thrombocytopenia|Gastrointestinal bleeding|Multiple organ failure |Intractable respiratory acidosis|Metabolic acidosis|Intracerebral haematoma|Hydronephrosis|Cystic encephalomalacia|Left ventricular hypertrophy|Borderline QT interval|Atiral dilatation|Atrioventricular valve regurgitation|Restricted cardiomyopathy|Cirrhotic liver |Hypoechoic hepatic focal lesions|Bilateral retinal haemorrhages|Microangiopathic haemolytic anaemia|Basophilic stippling|Increased reticulocyte count|Increased megakaryocytes	DCBLD2:NM_080927.3:c.80 G > A	https://pubmed.ncbi.nlm.nih.gov/34145321/		PAVS739	[]	[]	['Wide skull sutures', 'Low-set ears', 'Low hairline', 'Deep-seated eyes', 'Bilateral cloudy corneas', 'frontal bossing', 'Hypertelorism', 'Bilateral strabismus', 'corneal opacity', 'Depressed nasal bridge', 'Upturned nose', 'Micrognathia', 'Brachycephaly', 'High arched palate', 'Posterior-central gyrus arteriovenous malformations', 'Cardiomegaly', 'Pulmonary vessels congestion', 'Tachycardia', 'T wave alteration', 'Small hands', 'Small feet', 'Broaden thumb', 'Developmental delay', 'Failure to thrive', 'Mongolian spots', 'Thrombocytopenia', 'Gastrointestinal bleeding', 'Multiple organ failure', 'Intractable respiratory acidosis', 'Metabolic acidosis', 'Intracerebral haematoma', 'Hydronephrosis', 'Cystic encephalomalacia', 'Left ventricular hypertrophy', 'Borderline QT interval', 'Atiral dilatation', 'Atrioventricular valve regurgitation', 'Restricted cardiomyopathy', 'Cirrhotic liver', 'Hypoechoic hepatic focal lesions', 'Bilateral retinal haemorrhages', 'Microangiopathic haemolytic anaemia', 'Basophilic stippling', 'Increased reticulocyte count', 'Increased megakaryocytes']	['DCBLD2']	['c.80 G\u2009>\u2009A']	GENO:0000137	unknown zygosity	[]	[]	HANCESTRO:0852	Middle Eastern population	GAZ:00005279	Saudi Arabia	['HP:0000126', 'HP:0000218', 'HP:0000235', 'HP:0000248', 'HP:0000294', 'HP:0000316', 'HP:0000347', 'HP:0000369', 'HP:0000463', 'HP:0000486', 'HP:0000490', 'HP:0000573', 'HP:0001263', 'HP:0001342', 'HP:0001394', 'HP:0001508', 'HP:0001640', 'HP:0001649', 'HP:0001712', 'HP:0001723', 'HP:0001773', 'HP:0001873', 'HP:0001923', 'HP:0001937', 'HP:0001942', 'HP:0002007', 'HP:0002239', 'HP:0005280', 'HP:0005513', 'HP:0005972', 'HP:0007957', 'HP:0011304', 'HP:0012827', 'HP:0012832', 'HP:0030650', 'HP:0034376', 'HP:0040197', 'HP:0100026', 'HP:0200055']	['Hydronephrosis', 'High palate', 'Abnormal cranial suture/fontanelle morphology', 'Brachycephaly', 'Low anterior hairline', 'Hypertelorism', 'Micrognathia', 'Low-set ears', 'Anteverted nares', 'Strabismus', 'Deeply set eye', 'Retinal hemorrhage', 'Global developmental delay', 'Cerebral hemorrhage', 'Cirrhosis', 'Failure to thrive', 'Cardiomegaly', 'Tachycardia', 'Left ventricular hypertrophy', 'Restrictive cardiomyopathy', 'Short foot', 'Thrombocytopenia', 'Reticulocytosis', 'Microangiopathic hemolytic anemia', 'Metabolic acidosis', 'Frontal bossing', 'Gastrointestinal hemorrhage', 'Depressed nasal bridge', 'Increased megakaryocyte count', 'Respiratory acidosis', 'Corneal opacity', 'Broad thumb', 'Borderline', 'Bilateral', 'Focal', 'Atrioventricular valve regurgitation', 'Encephalomalacia', 'Arteriovenous malformation', 'Small hand']	['ORPHA:1677']	['Familial idiopathic dilatation of the right atrium']	['NM_080927.3(DCBLD2):c.80 G\u2009>\u2009A']	['131566']	GENO:0000137
PAVS740	Short stature|Thyroid nodule|Hypothyroidism|Sensorineural hearing loss|Intellectual deficits|Ataxic gait|Neurodegeneration|Small atrophic pancrease|language delay|Sensorimotor neuropathy|Juvenile-onset DMDM|small body|Triangular fac|Deep-set eyes|Frequent falls|Unsteady gait|Upper limb dysmetria	DNAJC3:NM_006260.5:c.1177C>T	https://pubmed.ncbi.nlm.nih.gov/34630333/		PAVS740	[]	[]	['Short stature', 'Thyroid nodule', 'Hypothyroidism', 'Sensorineural hearing loss', 'Intellectual deficits', 'Ataxic gait', 'Neurodegeneration', 'Small atrophic pancrease', 'language delay', 'Sensorimotor neuropathy', 'Juvenile-onset DMDM', 'small body', 'Triangular fac', 'Deep-set eyes', 'Frequent falls', 'Unsteady gait', 'Upper limb dysmetria']	['DNAJC3']	['c.1177C>T']	GENO:0000137	unknown zygosity	[]	[]	HANCESTRO:0852	Middle Eastern population	GAZ:00005279	Saudi Arabia	['HP:0000002', 'HP:0000325', 'HP:0000407', 'HP:0000490', 'HP:0000750', 'HP:0000821', 'HP:0001249', 'HP:0002066', 'HP:0002180', 'HP:0002317', 'HP:0002359', 'HP:0004322', 'HP:0007141', 'HP:0020036', 'HP:0025388']	['Abnormality of body height', 'Triangular face', 'Sensorineural hearing impairment', 'Deeply set eye', 'Delayed speech and language development', 'Hypothyroidism', 'Intellectual disability', 'Gait ataxia', 'Neurodegeneration', 'Unsteady gait', 'Frequent falls', 'Short stature', 'Sensorimotor neuropathy', 'Upper limb dysmetria', 'Thyroid nodule']	['OMIM:239000']	['Paget disease of bone 5, juvenile-onset']	['NM_006260.5(DNAJC3):c.1177C>T']	['5611']	GENO:0000137
PAVS741	Short stature|Hypothyrodism|Hypoacusis|cognitive deficit|Ataxia|Juvenile-onset DM|Hyperactive|intellectual disability, |Bilateral sensorinneural hearing loss|Small-atrophic pancreas|Ataxia|Upper limb dysmetria|Dysdiadochokinesia|Intention tremor	DNAJC3:NM_006260.5:c.1177C>T	https://pubmed.ncbi.nlm.nih.gov/34630333/		PAVS741	[]	[]	['Short stature', 'Hypothyrodism', 'Hypoacusis', 'cognitive deficit', 'Ataxia', 'Juvenile-onset DM', 'Hyperactive', 'intellectual disability,', 'Bilateral sensorinneural hearing loss', 'Small-atrophic pancreas', 'Ataxia', 'Upper limb dysmetria', 'Dysdiadochokinesia', 'Intention tremor']	['DNAJC3']	['c.1177C>T']	GENO:0000137	unknown zygosity	[]	[]	HANCESTRO:0852	Middle Eastern population	GAZ:00005279	Saudi Arabia	['HP:0000365', 'HP:0000752', 'HP:0000821', 'HP:0001249', 'HP:0001251', 'HP:0002075', 'HP:0002080', 'HP:0003621', 'HP:0004322', 'HP:0008619', 'HP:0020036', 'HP:0100543']	['Hearing impairment', 'Hyperactivity', 'Hypothyroidism', 'Intellectual disability', 'Ataxia', 'Dysdiadochokinesis', 'Intention tremor', 'Juvenile onset', 'Short stature', 'Bilateral sensorineural hearing impairment', 'Upper limb dysmetria', 'Cognitive impairment']	[]	[]	['NM_006260.5(DNAJC3):c.1177C>T']	['5611']	GENO:0000137
PAVS742	Delayed motor skills|Delayed speech|Intellectual deficit|Protruding ears|Joints hypermobility |Hind foot deformity        	NEMF:NM_004713.6:c.574+1G>T	https://pubmed.ncbi.nlm.nih.gov/33048237/		PAVS742	[]	[]	['Delayed motor skills', 'Delayed speech', 'Intellectual deficit', 'Protruding ears', 'Joints hypermobility', 'Hind foot deformity']	['NEMF']	['c.574+1G>T']	GENO:0000137	unknown zygosity	[]	[]	HANCESTRO:0852	Middle Eastern population	GAZ:00005279	Saudi Arabia	['HP:0000411', 'HP:0000750', 'HP:0001249', 'HP:0001382', 'HP:0001760', 'HP:0002194']	['Protruding ear', 'Delayed speech and language development', 'Intellectual disability', 'Joint hypermobility', 'Abnormal foot morphology', 'Delayed gross motor development']	[]	[]	['NM_004713.6(NEMF):c.574+1G>T']	['9147']	GENO:0000137
PAVS743	Delayed motor skills|Delayed speech|Intellectual deficit|Spondylolisthesis|Failure to thrive|Talipes equinovarus|Unsteady gait   	NEMF:NM_004713.6:c.1234_1235insC	https://pubmed.ncbi.nlm.nih.gov/33048237/		PAVS743	[]	[]	['Delayed motor skills', 'Delayed speech', 'Intellectual deficit', 'Spondylolisthesis', 'Failure to thrive', 'Talipes equinovarus', 'Unsteady gait']	['NEMF']	['c.1234_1235insC']	GENO:0000137	unknown zygosity	[]	[]	HANCESTRO:0852	Middle Eastern population	GAZ:00005279	Saudi Arabia	['HP:0000750', 'HP:0001249', 'HP:0001508', 'HP:0001762', 'HP:0002194', 'HP:0002317', 'HP:0003302']	['Delayed speech and language development', 'Intellectual disability', 'Failure to thrive', 'Talipes equinovarus', 'Delayed gross motor development', 'Unsteady gait', 'Spondylolisthesis']	[]	[]	['NM_004713.6(NEMF):c.1234_1235insC']	['9147']	GENO:0000137
PAVS744	Delayed motor skills|Delayed speech|Sever cogniive delay|Intellectual deficit|Strabismus|Dysarthria|Limping gait|Ankles spasticity|Attention deficit hyperactive disorder	NEMF:NM_004713.6: c.1234_1235insCsC	https://pubmed.ncbi.nlm.nih.gov/33048237/		PAVS744	[]	[]	['Delayed motor skills', 'Delayed speech', 'Sever cogniive delay', 'Intellectual deficit', 'Strabismus', 'Dysarthria', 'Limping gait', 'Ankles spasticity', 'Attention deficit hyperactive disorder']	['NEMF']	['c.1234_1235insCsC']	GENO:0000137	unknown zygosity	[]	[]	HANCESTRO:0852	Middle Eastern population	GAZ:00005279	Saudi Arabia	['HP:0000486', 'HP:0000750', 'HP:0001249', 'HP:0001260', 'HP:0001263', 'HP:0001288', 'HP:0002061', 'HP:0002194', 'HP:0007018']	['Strabismus', 'Delayed speech and language development', 'Intellectual disability', 'Dysarthria', 'Global developmental delay', 'Gait disturbance', 'Lower limb spasticity', 'Delayed gross motor development', 'Attention deficit hyperactivity disorder']	[]	[]	['NM_004713.6(NEMF):c.1234_1235insC']	['9147']	GENO:0000137
PAVS745	Poor wound healing|heterozygoustopia of the brain|Pancytopenia|Recurrent infections|Elevated inflammatory markers|Chronic anemia|Skin rash|Macrothrombocytes	CDC42:NM_001791.4:c.101C>A	https://pubmed.ncbi.nlm.nih.gov/33672558/		PAVS745	[]	[]	['Poor wound healing', 'heterozygoustopia of the brain', 'Pancytopenia', 'Recurrent infections', 'Elevated inflammatory markers', 'Chronic anemia', 'Skin rash', 'Macrothrombocytes']	['CDC42']	['c.101C>A']	GENO:0000137	unknown zygosity	[]	[]	HANCESTRO:0852	Middle Eastern population	GAZ:00005279	Saudi Arabia	['HP:0000988', 'HP:0001058', 'HP:0001876', 'HP:0001903', 'HP:0002719', 'HP:0040185']	['Skin rash', 'Poor wound healing', 'Pancytopenia', 'Anemia', 'Recurrent infections', 'Macrothrombocytopenia']	['OMIM:619383']	['Neurodevelopmental disorder with hypotonia, facial dysmorphism, and brain abnormalities']	['NM_001791.4(CDC42):c.101C>A']	['998']	GENO:0000137
PAVS746	Partial webbing | Syndactyly|Post-axial polydactyly type A	GLI1:NM_005269.3:c.1010C>T	https://pubmed.ncbi.nlm.nih.gov/34721536/		PAVS746	[]	[]	['Partial webbing', 'Syndactyly', 'Post-axial polydactyly type A']	['GLI1']	['c.1010C>T']	GENO:0000137	unknown zygosity	[]	[]	HANCESTRO:0852	Middle Eastern population	GAZ:00005279	Saudi Arabia	['HP:0001159', 'HP:0005696']	['Syndactyly', 'Postaxial polydactyly type A']	[]	[]	['NM_005269.3(GLI1):c.1010C>T']	['2735']	GENO:0000137
PAVS747	Partial webbing | Syndactyly|Post-axial polydactyly type A	GLI1:NM_005269.3:c.1010C>T	https://pubmed.ncbi.nlm.nih.gov/34721536/		PAVS747	[]	[]	['Partial webbing', 'Syndactyly', 'Post-axial polydactyly type A']	['GLI1']	['c.1010C>T']	GENO:0000137	unknown zygosity	[]	[]	HANCESTRO:0852	Middle Eastern population	GAZ:00005279	Saudi Arabia	['HP:0001159', 'HP:0005696']	['Syndactyly', 'Postaxial polydactyly type A']	[]	[]	['NM_005269.3(GLI1):c.1010C>T']	['2735']	GENO:0000137
PAVS748	Partial webbing | Syndactyly|Post-axial polydactyly type A	GLI1:NM_005269.3:c.1010C>T	https://pubmed.ncbi.nlm.nih.gov/34721536/		PAVS748	[]	[]	['Partial webbing', 'Syndactyly', 'Post-axial polydactyly type A']	['GLI1']	['c.1010C>T']	GENO:0000137	unknown zygosity	[]	[]	HANCESTRO:0852	Middle Eastern population	GAZ:00005279	Saudi Arabia	['HP:0001159', 'HP:0005696']	['Syndactyly', 'Postaxial polydactyly type A']	[]	[]	['NM_005269.3(GLI1):c.1010C>T']	['2735']	GENO:0000137
PAVS749	Global developmental delay|Speech delay|Intellectual disability,|Severe thoracic and lumber scoliosis|Astigmatism|Large atrial septal defect	VWA8:NM_015058.2:c.947A>G	https://pubmed.ncbi.nlm.nih.gov/34660594/		PAVS749	[]	[]	['Global developmental delay', 'Speech delay', 'Intellectual disability,', 'Severe thoracic and lumber scoliosis', 'Astigmatism', 'Large atrial septal defect']	['VWA8']	['c.947A>G']	GENO:0000137	unknown zygosity	[]	[]	HANCESTRO:0852	Middle Eastern population	GAZ:00005279	Saudi Arabia	['HP:0000483', 'HP:0000750', 'HP:0001249', 'HP:0001263', 'HP:0001631', 'HP:0002650']	['Astigmatism', 'Delayed speech and language development', 'Intellectual disability', 'Global developmental delay', 'Atrial septal defect', 'Scoliosis']	[]	[]	['NM_015058.2(VWA8):c.947A>G']	['23078']	GENO:0000137
PAVS750	Global developmental delay|Speech delay|Intellectual disability,|Bilateral coxa magna and valga deformities with partial acetabular uncovering of femoral heads|Extropia|Myopic astigmatism|Amblyopia	VWA8:NM_015058.2:c.947A>G	https://pubmed.ncbi.nlm.nih.gov/34660594/		PAVS750	[]	[]	['Global developmental delay', 'Speech delay', 'Intellectual disability,', 'Bilateral coxa magna and valga deformities with partial acetabular uncovering of femoral heads', 'Extropia', 'Myopic astigmatism', 'Amblyopia']	['VWA8']	['c.947A>G']	GENO:0000137	unknown zygosity	[]	[]	HANCESTRO:0852	Middle Eastern population	GAZ:00005279	Saudi Arabia	['HP:0000577', 'HP:0000646', 'HP:0000750', 'HP:0001249', 'HP:0001263', 'HP:0500041']	['Exotropia', 'Amblyopia', 'Delayed speech and language development', 'Intellectual disability', 'Global developmental delay', 'Myopic astigmatism']	[]	[]	['NM_015058.2(VWA8):c.947A>G']	['23078']	GENO:0000137
PAVS751	Global developmental delay|Speech delay|Intellectual disability,|Severe thoracic and lumber scoliosis||Extropia|Myopic astigmatism|Amblyopia	VWA8:NM_015058.2:c.947A>G	https://pubmed.ncbi.nlm.nih.gov/34660594/		PAVS751	[]	[]	['Global developmental delay', 'Speech delay', 'Intellectual disability,', 'Severe thoracic and lumber scoliosis', 'Extropia', 'Myopic astigmatism', 'Amblyopia']	['VWA8']	['c.947A>G']	GENO:0000137	unknown zygosity	[]	[]	HANCESTRO:0852	Middle Eastern population	GAZ:00005279	Saudi Arabia	['HP:0000577', 'HP:0000646', 'HP:0000750', 'HP:0001249', 'HP:0001263', 'HP:0002650', 'HP:0500041']	['Exotropia', 'Amblyopia', 'Delayed speech and language development', 'Intellectual disability', 'Global developmental delay', 'Scoliosis', 'Myopic astigmatism']	[]	[]	['NM_015058.2(VWA8):c.947A>G']	['23078']	GENO:0000137
PAVS752	Global developmental delay|Speech delay|Intellectual disability,|Severe thoracic scoliosis|lumber scoliosis|Bilateral club foot deformity|Astigmatism	VWA8:NM_015058.2:c.947A>G	https://pubmed.ncbi.nlm.nih.gov/34660594/		PAVS752	[]	[]	['Global developmental delay', 'Speech delay', 'Intellectual disability,', 'Severe thoracic scoliosis', 'lumber scoliosis', 'Bilateral club foot deformity', 'Astigmatism']	['VWA8']	['c.947A>G']	GENO:0000137	unknown zygosity	[]	[]	HANCESTRO:0852	Middle Eastern population	GAZ:00005279	Saudi Arabia	['HP:0000483', 'HP:0000750', 'HP:0001249', 'HP:0001263', 'HP:0002943', 'HP:0004626', 'HP:0012832']	['Astigmatism', 'Delayed speech and language development', 'Intellectual disability', 'Global developmental delay', 'Thoracic scoliosis', 'Lumbar scoliosis', 'Bilateral']	[]	[]	['NM_015058.2(VWA8):c.947A>G']	['23078']	GENO:0000137
PAVS753	Yunis-Varon syndrome(OMIM:216340)|Membranous skull bones|Wide confluent fontanels and sutures|High forehead|Alopecia|Sparse hairs|Absent eyelashes/eyebrows| Malformed ears|Anteverted nostrils|Proptosis|Micrognathia|Hypertelorism |Narrow thoracic cage|Breathing difficulties|Rudimentary nipples|Short limbs with absent terminal phalanges|Hypoplastic thumbs|Absent left big toe|Bilateral nail hypoplasia|Empty scrotum|Bilateral undescended testis |Hypospadia|Hypoplastic nails|Hypoplastic halluces|Hypoplastic thumbs|Loose skin in neck region|Poor sleep|Mild-intellectual disability|Global developmental delay|Microcephaly|Dysplastic ears|Protruding eyes|hypoplastic calvarium|Bilateral hypoplastic thin clavicles|Small thorax|Dilatation of all cranium ventricles|Mild hydrocephalus|Biventricular hypertrophy 	FIG4:NM_014845.6:c.968A>G;p.Gln323Arg	https://pubmed.ncbi.nlm.nih.gov/34899148/		PAVS753	[]	[]	['Yunis-Varon syndrome(OMIM:216340)', 'Membranous skull bones', 'Wide confluent fontanels and sutures', 'High forehead', 'Alopecia', 'Sparse hairs', 'Absent eyelashes/eyebrows', 'Malformed ears', 'Anteverted nostrils', 'Proptosis', 'Micrognathia', 'Hypertelorism', 'Narrow thoracic cage', 'Breathing difficulties', 'Rudimentary nipples', 'Short limbs with absent terminal phalanges', 'Hypoplastic thumbs', 'Absent left big toe', 'Bilateral nail hypoplasia', 'Empty scrotum', 'Bilateral undescended testis', 'Hypospadia', 'Hypoplastic nails', 'Hypoplastic halluces', 'Hypoplastic thumbs', 'Loose skin in neck region', 'Poor sleep', 'Mild-intellectual disability', 'Global developmental delay', 'Microcephaly', 'Dysplastic ears', 'Protruding eyes', 'hypoplastic calvarium', 'Bilateral hypoplastic thin clavicles', 'Small thorax', 'Dilatation of all cranium ventricles', 'Mild hydrocephalus', 'Biventricular hypertrophy']	['FIG4']	['c.968A>G;p.Gln323Arg']	GENO:0000137	unknown zygosity	['OMIM:216340']	['Yunis-Varon syndrome']	HANCESTRO:0852	Middle Eastern population	GAZ:00005279	Saudi Arabia	['HP:0000028', 'HP:0000045', 'HP:0000047', 'HP:0000238', 'HP:0000239', 'HP:0000252', 'HP:0000316', 'HP:0000347', 'HP:0000348', 'HP:0000377', 'HP:0000463', 'HP:0000520', 'HP:0000561', 'HP:0000774', 'HP:0000973', 'HP:0001256', 'HP:0001263', 'HP:0001596', 'HP:0001792', 'HP:0002098', 'HP:0002683', 'HP:0005257', 'HP:0006645', 'HP:0006709', 'HP:0008070', 'HP:0009778', 'HP:0009826', 'HP:0010109', 'HP:0012386', 'HP:0200128', 'HP:4000064']	['Cryptorchidism', 'Abnormal scrotum morphology', 'Hypospadias', 'Hydrocephalus', 'Large fontanelles', 'Microcephaly', 'Hypertelorism', 'Micrognathia', 'High forehead', 'Abnormal pinna morphology', 'Anteverted nares', 'Proptosis', 'Absent eyelashes', 'Narrow chest', 'Cutis laxa', 'Mild intellectual disability', 'Global developmental delay', 'Alopecia', 'Small nail', 'Respiratory distress', 'Abnormal calvaria morphology', 'Thoracic hypoplasia', 'Thin clavicles', 'Aplasia/Hypoplasia of the nipples', 'Sparse hair', 'Short thumb', 'Limb undergrowth', 'Short hallux', 'Absent hallux', 'Biventricular hypertrophy', 'Poor sleep']	['OMIM:155980', 'OMIM:216340', 'OMIM:307000']	['Membranous cranial ossification, delayed', 'Yunis-Varon syndrome', 'Hydrocephalus due to congenital stenosis of aqueduct of sylvius']	['NM_014845.6(FIG4):c.968A>G', 'NM_007294.3(VHL):c.967C>G']	['9896']	GENO:0000137
PAVS754	Cholestasis|Cystic dilatation of intrahepatic biliary ducts|Diabetes insipidus|Dysmorphic facial features|Optic atrophy|Pituitary hypoplasia|Hydrocephalus|Aqueductal stenosis|Hyperextensible knee joints|Bilateral knee dislocation|Polydactyly|Syndactyly	TTC26:NM_024926.3:c.4-1G>C	https://pubmed.ncbi.nlm.nih.gov/34177428/		PAVS754	[]	[]	['Cholestasis', 'Cystic dilatation of intrahepatic biliary ducts', 'Diabetes insipidus', 'Dysmorphic facial features', 'Optic atrophy', 'Pituitary hypoplasia', 'Hydrocephalus', 'Aqueductal stenosis', 'Hyperextensible knee joints', 'Bilateral knee dislocation', 'Polydactyly', 'Syndactyly']	['TTC26']	['c.4-1G>C']	GENO:0000137	unknown zygosity	[]	[]	HANCESTRO:0852	Middle Eastern population	GAZ:00005279	Saudi Arabia	['HP:0000238', 'HP:0000648', 'HP:0000873', 'HP:0001159', 'HP:0001382', 'HP:0001396', 'HP:0001999', 'HP:0002410', 'HP:0004976', 'HP:0010442', 'HP:0010627', 'HP:0033149']	['Hydrocephalus', 'Optic atrophy', 'Diabetes insipidus', 'Syndactyly', 'Joint hypermobility', 'Cholestasis', 'Abnormal facial shape', 'Aqueductal stenosis', 'Knee dislocation', 'Polydactyly', 'Anterior pituitary hypoplasia', 'Intrahepatic bile duct dilatation']	[]	[]	['NM_024926.3(TTC26):c.4-1G>C']	['79989']	GENO:0000137
PAVS755	Dysmorphic features|Liver impairment|Renal failure|Polydactyly|Syndactyly|Atrioventricular septal defect|Large ostium primum|Atrial septal defect|Elongated left ventricule|Narrowed left ventricular	TTC26:NM_024926.3:c.4-1G>C	https://pubmed.ncbi.nlm.nih.gov/31595528/		PAVS755	[]	[]	['Dysmorphic features', 'Liver impairment', 'Renal failure', 'Polydactyly', 'Syndactyly', 'Atrioventricular septal defect', 'Large ostium primum', 'Atrial septal defect', 'Elongated left ventricule', 'Narrowed left ventricular']	['TTC26']	['c.4-1G>C']	GENO:0000137	unknown zygosity	[]	[]	HANCESTRO:0852	Middle Eastern population	GAZ:00005279	Saudi Arabia	['HP:0000083', 'HP:0001159', 'HP:0001631', 'HP:0001711', 'HP:0006695', 'HP:0010442']	['Renal insufficiency', 'Syndactyly', 'Atrial septal defect', 'Abnormal left ventricle morphology', 'Atrioventricular canal defect', 'Polydactyly']	['ORPHA:99106']	['Atrial septal defect, ostium primum type']	['NM_024926.3(TTC26):c.4-1G>C']	['79989']	GENO:0000137
PAVS756	"global developmental delay|Situs inversus|Dysmorphic features|Liver impairment|Caroli disease|Renal failure|Polydactyly|Syndactyly|Osteopenia|Common dilated atrium|Dextrocardia|Hypomyelination
Mild frontotemporal atrophy|Subcortical patchy hyperintensities|Chronic asthma|Recurrent chest infections|Pulmonary hypertension"	TTC26:NM_024926.3:c.4-1G>C	https://pubmed.ncbi.nlm.nih.gov/31595528/		PAVS756	[]	[]	['global developmental delay', 'Situs inversus', 'Dysmorphic features', 'Liver impairment', 'Caroli disease', 'Renal failure', 'Polydactyly', 'Syndactyly', 'Osteopenia', 'Common dilated atrium', 'Dextrocardia', 'Hypomyelination\nMild frontotemporal atrophy', 'Subcortical patchy hyperintensities', 'Chronic asthma', 'Recurrent chest infections', 'Pulmonary hypertension']	['TTC26']	['c.4-1G>C']	GENO:0000137	unknown zygosity	[]	[]	HANCESTRO:0852	Middle Eastern population	GAZ:00005279	Saudi Arabia	['HP:0000083', 'HP:0000822', 'HP:0000938', 'HP:0001159', 'HP:0001263', 'HP:0001651', 'HP:0001696', 'HP:0002099', 'HP:0002783', 'HP:0005120', 'HP:0010442']	['Renal insufficiency', 'Hypertension', 'Osteopenia', 'Syndactyly', 'Global developmental delay', 'Dextrocardia', 'Situs inversus totalis', 'Asthma', 'Recurrent lower respiratory tract infections', 'Abnormal cardiac atrium morphology', 'Polydactyly']	['OMIM:617193', 'OMIM:620448', 'ORPHA:53035']	['Encephalopathy, progressive, early-onset, with brain atrophy and thin corpus callosum', 'Megalencephalic leukoencephalopathy with subcortical cysts 4, remitting', 'Caroli disease']	['NM_024926.3(TTC26):c.4-1G>C']	['79989']	GENO:0000137
PAVS757	global developmental delay|Liver impairment|Polydactyly|Osteopenia|Mildly dilated left ventricle|Increased kidney parenchymal echogenicity|	TTC26:NM_024926.3:c.695A>G	https://pubmed.ncbi.nlm.nih.gov/31595528/		PAVS757	[]	[]	['global developmental delay', 'Liver impairment', 'Polydactyly', 'Osteopenia', 'Mildly dilated left ventricle', 'Increased kidney parenchymal echogenicity']	['TTC26']	['c.695A>G']	GENO:0000137	unknown zygosity	[]	[]	HANCESTRO:0852	Middle Eastern population	GAZ:00005279	Saudi Arabia	['HP:0000077', 'HP:0000938', 'HP:0001263', 'HP:0010442']	['Abnormality of the kidney', 'Osteopenia', 'Global developmental delay', 'Polydactyly']	[]	[]	['NM_024926.3(TTC26):c.695A>G']	['79989']	GENO:0000137
PAVS758	"global developmental delay|Dysmorphic features|Liver impairment|Renal failure|Ostium secundum|Atrial septal defect|Right atrial enlargement|Right ventricular enlargement|Bilateral echogenic kidneys
Left renal grade I hydronephrosis"	TTC26:NM_024926.3:c.695A>G	https://pubmed.ncbi.nlm.nih.gov/31595528/		PAVS758	[]	[]	['global developmental delay', 'Dysmorphic features', 'Liver impairment', 'Renal failure', 'Ostium secundum', 'Atrial septal defect', 'Right atrial enlargement', 'Right ventricular enlargement', 'Bilateral echogenic kidneys\nLeft renal grade I hydronephrosis']	['TTC26']	['c.695A>G']	GENO:0000137	unknown zygosity	[]	[]	HANCESTRO:0852	Middle Eastern population	GAZ:00005279	Saudi Arabia	['HP:0000083', 'HP:0001263', 'HP:0001631', 'HP:0001684', 'HP:0004719', 'HP:0030718']	['Renal insufficiency', 'Global developmental delay', 'Atrial septal defect', 'Secundum atrial septal defect', 'Hyperechogenic kidneys', 'Right atrial enlargement']	['OMIM:604400']	['Arrhythmogenic right ventricular dysplasia, familial, 5']	['NM_024926.3(TTC26):c.695A>G']	['79989']	GENO:0000137
PAVS759	global developmental delay|Dysmorphic feature|Polydactylyl|Liver impairment|Renal failure|Medullary nephrocalcinosis	TTC26:NM_024926.3:c.695A>G	https://pubmed.ncbi.nlm.nih.gov/31595528/		PAVS759	[]	[]	['global developmental delay', 'Dysmorphic feature', 'Polydactylyl', 'Liver impairment', 'Renal failure', 'Medullary nephrocalcinosis']	['TTC26']	['c.695A>G']	GENO:0000137	unknown zygosity	[]	[]	HANCESTRO:0852	Middle Eastern population	GAZ:00005279	Saudi Arabia	['HP:0000083', 'HP:0001263', 'HP:0010442', 'HP:0012408']	['Renal insufficiency', 'Global developmental delay', 'Polydactyly', 'Medullary nephrocalcinosis']	[]	[]	['NM_024926.3(TTC26):c.695A>G']	['79989']	GENO:0000137
PAVS760	global developmental delay|Dysmorphic feature|Liver imapirment	TTC26:NM_024926.3:c.1238C>T	https://pubmed.ncbi.nlm.nih.gov/31595528/		PAVS760	[]	[]	['global developmental delay', 'Dysmorphic feature', 'Liver imapirment']	['TTC26']	['c.1238C>T']	GENO:0000137	unknown zygosity	[]	[]	HANCESTRO:0852	Middle Eastern population	GAZ:00005279	Saudi Arabia	['HP:0001263', 'HP:0001392']	['Global developmental delay', 'Abnormality of the liver']	[]	[]	['NM_024926.3(TTC26):c.1238C>T']	['79989']	GENO:0000137
PAVS761	global developmental delay|Liver impairment|Caroli disease|Polydactyly|dilated left ventricle	TTC26:NM_024926.3:c.695A>G	https://pubmed.ncbi.nlm.nih.gov/31595528/		PAVS761	[]	[]	['global developmental delay', 'Liver impairment', 'Caroli disease', 'Polydactyly', 'dilated left ventricle']	['TTC26']	['c.695A>G']	GENO:0000137	unknown zygosity	[]	[]	HANCESTRO:0852	Middle Eastern population	GAZ:00005279	Saudi Arabia	['HP:0001263', 'HP:0010442', 'HP:4000141']	['Global developmental delay', 'Polydactyly', 'Left ventricular dilatation']	['ORPHA:53035']	['Caroli disease']	['NM_024926.3(TTC26):c.695A>G']	['79989']	GENO:0000137
PAVS762	Neuroregression|global developmental delay|Seizures	ARSA:NM_001085425.3:c.809T>C	https://pubmed.ncbi.nlm.nih.gov/34055681/		PAVS762	[]	[]	['Neuroregression', 'global developmental delay', 'Seizures']	['ARSA']	['c.809T>C']	GENO:0000137	unknown zygosity	[]	[]	HANCESTRO:0852	Middle Eastern population	GAZ:00005279	Saudi Arabia	['HP:0001250', 'HP:0001263', 'HP:0002376']	['Seizure', 'Global developmental delay', 'Developmental regression']	[]	[]	['NM_001085425.3(ARSA):c.809T>C']	['410']	GENO:0000137
PAVS763	global developmental delay|Seizure|Neuroregression	EIF2B4:c.1132C>T	https://pubmed.ncbi.nlm.nih.gov/34055681/		PAVS763	[]	[]	['global developmental delay', 'Seizure', 'Neuroregression']	['EIF2B4']	['c.1132C>T']	GENO:0000137	unknown zygosity	[]	[]	HANCESTRO:0852	Middle Eastern population	GAZ:00005279	Saudi Arabia	['HP:0001250', 'HP:0001263', 'HP:0002376']	['Seizure', 'Global developmental delay', 'Developmental regression']	[]	[]	['NM_001014270.2(EIF2B4):c.1132C>T']	['8890']	GENO:0000137
PAVS764	global developmental delay|Seizure|Neuroregression	EIF2B4:c.1132C>T	https://pubmed.ncbi.nlm.nih.gov/34055681/		PAVS764	[]	[]	['global developmental delay', 'Seizure', 'Neuroregression']	['EIF2B4']	['c.1132C>T']	GENO:0000137	unknown zygosity	[]	[]	HANCESTRO:0852	Middle Eastern population	GAZ:00005279	Saudi Arabia	['HP:0001250', 'HP:0001263', 'HP:0002376']	['Seizure', 'Global developmental delay', 'Developmental regression']	[]	[]	['NM_001420.5(EIF2B4):c.1132C>T']	['8890']	GENO:0000137
PAVS765	global developmental delay|Seizure|Neuroregression	EIF2B4:c.1132C>T	https://pubmed.ncbi.nlm.nih.gov/34055681/		PAVS765	[]	[]	['global developmental delay', 'Seizure', 'Neuroregression']	['EIF2B4']	['c.1132C>T']	GENO:0000137	unknown zygosity	[]	[]	HANCESTRO:0852	Middle Eastern population	GAZ:00005279	Saudi Arabia	['HP:0001250', 'HP:0001263', 'HP:0002376']	['Seizure', 'Global developmental delay', 'Developmental regression']	[]	[]	['NM_001014080.2(EIF2B4):c.1132C>T']	['8890']	GENO:0000137
PAVS766	global developmental delay|Seizure|Neuroregression	EIF2B4:c.1132C>T	https://pubmed.ncbi.nlm.nih.gov/34055681/		PAVS766	[]	[]	['global developmental delay', 'Seizure', 'Neuroregression']	['EIF2B4']	['c.1132C>T']	GENO:0000137	unknown zygosity	[]	[]	HANCESTRO:0852	Middle Eastern population	GAZ:00005279	Saudi Arabia	['HP:0001250', 'HP:0001263', 'HP:0002376']	['Seizure', 'Global developmental delay', 'Developmental regression']	[]	[]	['NM_006675.4(EIF2B4):c.1132C>T']	['8890']	GENO:0000137
PAVS767	global developmental delay|Seizure	EIF2B4:c.1132C>T	https://pubmed.ncbi.nlm.nih.gov/34055681/		PAVS767	[]	[]	['global developmental delay', 'Seizure']	['EIF2B4']	['c.1132C>T']	GENO:0000137	unknown zygosity	[]	[]	HANCESTRO:0852	Middle Eastern population	GAZ:00005279	Saudi Arabia	['HP:0001250', 'HP:0001263']	['Seizure', 'Global developmental delay']	[]	[]	['NM_001420.6(EIF2B4):c.1132C>T']	['8890']	GENO:0000137
PAVS768	global developmental delay	EIF2B4:c.1132C>T	https://pubmed.ncbi.nlm.nih.gov/34055681/		PAVS768	[]	[]	['global developmental delay']	['EIF2B4']	['c.1132C>T']	GENO:0000137	unknown zygosity	[]	[]	HANCESTRO:0852	Middle Eastern population	GAZ:00005279	Saudi Arabia	['HP:0001263']	['Global developmental delay']	[]	[]	['NM_001014967.2(EIF2B4):c.1132C>T']	['8890']	GENO:0000137
PAVS769	global developmental delay	EIF2B4:c.1132C>T	https://pubmed.ncbi.nlm.nih.gov/34055681/		PAVS769	[]	[]	['global developmental delay']	['EIF2B4']	['c.1132C>T']	GENO:0000137	unknown zygosity	[]	[]	HANCESTRO:0852	Middle Eastern population	GAZ:00005279	Saudi Arabia	['HP:0001263']	['Global developmental delay']	[]	[]	['NM_001430.5(EIF2B4):c.1132C>T']	['8890']	GENO:0000137
PAVS770	global developmental delay|Neuroregression	EIF2B2:c.591C>G	https://pubmed.ncbi.nlm.nih.gov/34055681/		PAVS770	[]	[]	['global developmental delay', 'Neuroregression']	['EIF2B2']	['c.591C>G']	GENO:0000137	unknown zygosity	[]	[]	HANCESTRO:0852	Middle Eastern population	GAZ:00005279	Saudi Arabia	['HP:0001263', 'HP:0002376']	['Global developmental delay', 'Developmental regression']	[]	[]	['NM_001287698.1(EIF2B2):c.591C>G']	['8892']	GENO:0000137
PAVS771	global developmental delay|Neuroregression	EIF2B2:c.591C>G	https://pubmed.ncbi.nlm.nih.gov/34055681/		PAVS771	[]	[]	['global developmental delay', 'Neuroregression']	['EIF2B2']	['c.591C>G']	GENO:0000137	unknown zygosity	[]	[]	HANCESTRO:0852	Middle Eastern population	GAZ:00005279	Saudi Arabia	['HP:0001263', 'HP:0002376']	['Global developmental delay', 'Developmental regression']	[]	[]	['NM_001368552.1(EIF2B2):c.591C>G']	['8892']	GENO:0000137
PAVS772	Focal seizure|global developmental delay	PEX13:c.1A>G	https://pubmed.ncbi.nlm.nih.gov/34055681/		PAVS772	[]	[]	['Focal seizure', 'global developmental delay']	['PEX13']	['c.1A>G']	GENO:0000137	unknown zygosity	[]	[]	HANCESTRO:0852	Middle Eastern population	GAZ:00005279	Saudi Arabia	['HP:0001263', 'HP:0007359']	['Global developmental delay', 'Focal-onset seizure']	[]	[]	['PEX13:c.1A>G']	['5194']	GENO:0000137
PAVS773	Neuroregression|global developmental delay	PEX16:c.113-1G>C	https://pubmed.ncbi.nlm.nih.gov/34055681/		PAVS773	[]	[]	['Neuroregression', 'global developmental delay']	['PEX16']	['c.113-1G>C']	GENO:0000137	unknown zygosity	[]	[]	HANCESTRO:0852	Middle Eastern population	GAZ:00005279	Saudi Arabia	['HP:0001263', 'HP:0002376']	['Global developmental delay', 'Developmental regression']	[]	[]	['PEX16:c.113-1G>C']	['9409']	GENO:0000137
PAVS774	Focal seizure|global developmental delay	PEX6:c.1931G>A	https://pubmed.ncbi.nlm.nih.gov/34055681/		PAVS774	[]	[]	['Focal seizure', 'global developmental delay']	['PEX6']	['c.1931G>A']	GENO:0000137	unknown zygosity	[]	[]	HANCESTRO:0852	Middle Eastern population	GAZ:00005279	Saudi Arabia	['HP:0001263', 'HP:0007359']	['Global developmental delay', 'Focal-onset seizure']	[]	[]	['NM_000287.3(PEX6):c.1931G>A']	['5190']	GENO:0000137
PAVS775	global developmental delay	RNASEH2A:c.202T>G	https://pubmed.ncbi.nlm.nih.gov/34055681/		PAVS775	[]	[]	['global developmental delay']	['RNASEH2A']	['c.202T>G']	GENO:0000137	unknown zygosity	[]	[]	HANCESTRO:0852	Middle Eastern population	GAZ:00005279	Saudi Arabia	['HP:0001263']	['Global developmental delay']	[]	[]	['NM_020977.3(RNASEH2A):c.202T>G']	['10535']	GENO:0000137
PAVS776	global developmental delay|Generalized tonic-clonic seizure	RNASEH2C:c.202C>G	https://pubmed.ncbi.nlm.nih.gov/34055681/		PAVS776	[]	[]	['global developmental delay', 'Generalized tonic-clonic seizure']	['RNASEH2C']	['c.202C>G']	GENO:0000137	unknown zygosity	[]	[]	HANCESTRO:0852	Middle Eastern population	GAZ:00005279	Saudi Arabia	['HP:0001263', 'HP:0002069']	['Global developmental delay', 'Bilateral tonic-clonic seizure']	[]	[]	['RNASEH2C(NM_024578.3):c.202C>G']	['84153']	GENO:0000137
PAVS777	Neuroregression|global developmental delay	IFIH1:c.1850T>C	https://pubmed.ncbi.nlm.nih.gov/34055681/		PAVS777	[]	[]	['Neuroregression', 'global developmental delay']	['IFIH1']	['c.1850T>C']	GENO:0000137	unknown zygosity	[]	[]	HANCESTRO:0852	Middle Eastern population	GAZ:00005279	Saudi Arabia	['HP:0001263', 'HP:0002376']	['Global developmental delay', 'Developmental regression']	[]	[]	['NM_022168.1(IFIH1):c.1850T>C']	['64135']	GENO:0000137
PAVS778	Neuroregression|global developmental delay	GALC:c.1886C>G	https://pubmed.ncbi.nlm.nih.gov/34055681/		PAVS778	[]	[]	['Neuroregression', 'global developmental delay']	['GALC']	['c.1886C>G']	GENO:0000137	unknown zygosity	[]	[]	HANCESTRO:0852	Middle Eastern population	GAZ:00005279	Saudi Arabia	['HP:0001263', 'HP:0002376']	['Global developmental delay', 'Developmental regression']	[]	[]	['NM_000153.5(GALC):c.1886C>G']	['2581']	GENO:0000137
PAVS779	global developmental delay	GJC2:c.107delT	https://pubmed.ncbi.nlm.nih.gov/34055681/		PAVS779	[]	[]	['global developmental delay']	['GJC2']	['c.107delT']	GENO:0000137	unknown zygosity	[]	[]	HANCESTRO:0852	Middle Eastern population	GAZ:00005279	Saudi Arabia	['HP:0001263']	['Global developmental delay']	[]	[]	['NM_020425.3(GJC2):c.107delT']	['57165']	GENO:0000137
PAVS780	Generalized tonic-clonic seizure	MLC1:c.686_687delCinsAG	https://pubmed.ncbi.nlm.nih.gov/34055681/		PAVS780	[]	[]	['Generalized tonic-clonic seizure']	['MLC1']	['c.686_687delCinsAG']	GENO:0000137	unknown zygosity	[]	[]	HANCESTRO:0852	Middle Eastern population	GAZ:00005279	Saudi Arabia	['HP:0002069']	['Bilateral tonic-clonic seizure']	[]	[]	['NM_001127201.2(KIAA0650):c.686_687delinsAG']	['23209']	GENO:0000137
PAVS781	global developmental delay|Focal seizure	HEPACAM:c.416T>C|HEPACAM:c.949-2A>G	https://pubmed.ncbi.nlm.nih.gov/34055681/		PAVS781	[]	[]	['global developmental delay', 'Focal seizure']	['HEPACAM']	['c.949-2A>G']	GENO:0000137	unknown zygosity	[]	[]	HANCESTRO:0852	Middle Eastern population	GAZ:00005279	Saudi Arabia	['HP:0001263', 'HP:0007359']	['Global developmental delay', 'Focal-onset seizure']	[]	[]	['c.416T>C|HEPACAM(HEPACAM):c.949-2A>G']	['220296']	GENO:0000137
PAVS782	Canvan Disease	ASPA:c.312_313delCA	https://pubmed.ncbi.nlm.nih.gov/34055681/		PAVS782	[]	[]	['Canvan Disease']	['ASPA']	['c.312_313delCA']	GENO:0000137	unknown zygosity	[]	[]	HANCESTRO:0852	Middle Eastern population	GAZ:00005279	Saudi Arabia	[]	[]	['ORPHA:141']	['Canavan disease']	['ASPA:NM_000049.4:c.312_313delCA']	['443']	GENO:0000137
PAVS783	global developmental delay|Neuroregression|Focal seizure	ABCD1:c.542A>G	https://pubmed.ncbi.nlm.nih.gov/34055681/		PAVS783	[]	[]	['global developmental delay', 'Neuroregression', 'Focal seizure']	['ABCD1']	['c.542A>G']	GENO:0000137	unknown zygosity	[]	[]	HANCESTRO:0852	Middle Eastern population	GAZ:00005279	Saudi Arabia	['HP:0001263', 'HP:0002376', 'HP:0007359']	['Global developmental delay', 'Developmental regression', 'Focal-onset seizure']	[]	[]	['NM_000033.2(ABCD1):c.542A>G']	['215']	GENO:0000137
PAVS784	global developmental delay|Myoclonic seizure	SLC17A5:c.406A>G|SLC17A5:c.116G>A	https://pubmed.ncbi.nlm.nih.gov/34055681/		PAVS784	[]	[]	['global developmental delay', 'Myoclonic seizure']	['SLC17A5']	['c.116G>A']	GENO:0000137	unknown zygosity	[]	[]	HANCESTRO:0852	Middle Eastern population	GAZ:00005279	Saudi Arabia	['HP:0001263', 'HP:0032794']	['Global developmental delay', 'Myoclonic seizure']	[]	[]	['c.406A>G|SLC17A5(SLC17A5):c.116G>A']	['26503']	GENO:0000137
PAVS785	global developmental delay	GJA1:c.125A>G	https://pubmed.ncbi.nlm.nih.gov/34055681/		PAVS785	[]	[]	['global developmental delay']	['GJA1']	['c.125A>G']	GENO:0000137	unknown zygosity	[]	[]	HANCESTRO:0852	Middle Eastern population	GAZ:00005279	Saudi Arabia	['HP:0001263']	['Global developmental delay']	[]	[]	['NM_000166.5(GJA1):c.125A>G']	['2697']	GENO:0000137
PAVS786	Disconjugate eye movement|Nystagmus|Strabismus|Central hypotonia|Peripheral hypotonia|low frontal hair line|Synophrys|Wide palpebral fissures|Long eye lashes| Prominent nasal root|Pointed chin|Independent walking|Face dysmorphism	P4HTM:NM_177938.2:c.888-3C>A	https://pubmed.ncbi.nlm.nih.gov/32965080/		PAVS786	[]	[]	['Disconjugate eye movement', 'Nystagmus', 'Strabismus', 'Central hypotonia', 'Peripheral hypotonia', 'low frontal hair line', 'Synophrys', 'Wide palpebral fissures', 'Long eye lashes', 'Prominent nasal root', 'Pointed chin', 'Independent walking', 'Face dysmorphism']	['P4HTM']	['c.888-3C>A']	GENO:0000137	unknown zygosity	[]	[]	HANCESTRO:0852	Middle Eastern population	GAZ:00005279	Saudi Arabia	['HP:0000294', 'HP:0000307', 'HP:0000426', 'HP:0000486', 'HP:0000527', 'HP:0000549', 'HP:0000637', 'HP:0000639', 'HP:0000664', 'HP:0001252', 'HP:0001999']	['Low anterior hairline', 'Pointed chin', 'Prominent nasal bridge', 'Strabismus', 'Long eyelashes', 'Abnormal conjugate eye movement', 'Long palpebral fissure', 'Nystagmus', 'Synophrys', 'Hypotonia', 'Abnormal facial shape']	[]	[]	['NM_177938.2(P4HTM):c.888-3C>A']	['54681']	GENO:0000137
PAVS787	Hypotonia|global developmental delay|Poor spech|MRI abnormalities|Independent walking|Poor visison|Abnormal eye movemnet|Respiratory hypoventilation|bradypnea|Pneumonia|Face dysmorphism	P4HTM:NM_177938.2:c.819dupG	https://pubmed.ncbi.nlm.nih.gov/32965080/		PAVS787	[]	[]	['Hypotonia', 'global developmental delay', 'Poor spech', 'MRI abnormalities', 'Independent walking', 'Poor visison', 'Abnormal eye movemnet', 'Respiratory hypoventilation', 'bradypnea', 'Pneumonia', 'Face dysmorphism']	['P4HTM']	['c.819dupG']	GENO:0000137	unknown zygosity	[]	[]	HANCESTRO:0852	Middle Eastern population	GAZ:00005279	Saudi Arabia	['HP:0000496', 'HP:0000505', 'HP:0001252', 'HP:0001263', 'HP:0001999', 'HP:0002090', 'HP:0002465', 'HP:0002791', 'HP:0046507']	['Abnormality of eye movement', 'Visual impairment', 'Hypotonia', 'Global developmental delay', 'Abnormal facial shape', 'Pneumonia', 'Poor speech', 'Hypoventilation', 'Bradypnea']	[]	[]	['NM_177938.2(P4HTM):c.819dupG']	['54681']	GENO:0000137
PAVS788	Hypotonia|global developmental delay|Poor spech|MRI abnormalities|Independent walking|Poor visison|Abnormal eye movemnet|Respiratory hypoventilation|bradypnea|Face dysmorphism	P4HTM:NM_177938.2:c.819dupG	https://pubmed.ncbi.nlm.nih.gov/32965080/		PAVS788	[]	[]	['Hypotonia', 'global developmental delay', 'Poor spech', 'MRI abnormalities', 'Independent walking', 'Poor visison', 'Abnormal eye movemnet', 'Respiratory hypoventilation', 'bradypnea', 'Face dysmorphism']	['P4HTM']	['c.819dupG']	GENO:0000137	unknown zygosity	[]	[]	HANCESTRO:0852	Middle Eastern population	GAZ:00005279	Saudi Arabia	['HP:0000496', 'HP:0000505', 'HP:0001252', 'HP:0001263', 'HP:0001999', 'HP:0002465', 'HP:0002791', 'HP:0046507']	['Abnormality of eye movement', 'Visual impairment', 'Hypotonia', 'Global developmental delay', 'Abnormal facial shape', 'Poor speech', 'Hypoventilation', 'Bradypnea']	[]	[]	['NM_177938.2(P4HTM):c.819dupG']	['54681']	GENO:0000137
PAVS789	Tachypnoea|cephalhematoma|indirect hyperbilirubinemia|focal seizure|Global developmental delay|dysmorphic features| low set ears|long eyelashes|long philtrum|high arch palate|Depressed nasal bridge|Micrognathia|Gingival hypertrophy|Low hairline|kyphosis|scoliosis|Fibrochondrogenesis|tickler syndrome|Platyspondyly|horizontal nystagmus|fisting|spasticity|decreased deep tendon reflexes, plantar down going|axial hypotonia|brain atrophy|	WWOX:NM_016373.4:c.409+1G>T 	https://pubmed.ncbi.nlm.nih.gov/30746283/		PAVS789	[]	[]	['Tachypnoea', 'cephalhematoma', 'indirect hyperbilirubinemia', 'focal seizure', 'Global developmental delay', 'dysmorphic features', 'low set ears', 'long eyelashes', 'long philtrum', 'high arch palate', 'Depressed nasal bridge', 'Micrognathia', 'Gingival hypertrophy', 'Low hairline', 'kyphosis', 'scoliosis', 'Fibrochondrogenesis', 'tickler syndrome', 'Platyspondyly', 'horizontal nystagmus', 'fisting', 'spasticity', 'decreased deep tendon reflexes, plantar down going', 'axial hypotonia', 'brain atrophy']	['WWOX']	['c.409+1G>T']	GENO:0000137	unknown zygosity	[]	[]	HANCESTRO:0852	Middle Eastern population	GAZ:00005279	Saudi Arabia	['HP:0000169', 'HP:0000218', 'HP:0000294', 'HP:0000343', 'HP:0000347', 'HP:0000369', 'HP:0000527', 'HP:0000666', 'HP:0000926', 'HP:0001188', 'HP:0001257', 'HP:0001263', 'HP:0001315', 'HP:0002650', 'HP:0002789', 'HP:0002808', 'HP:0002904', 'HP:0005280', 'HP:0007359', 'HP:0008936', 'HP:0012444', 'HP:0012541']	['Gingival fibromatosis', 'High palate', 'Low anterior hairline', 'Long philtrum', 'Micrognathia', 'Low-set ears', 'Long eyelashes', 'Horizontal nystagmus', 'Platyspondyly', 'Hand clenching', 'Spasticity', 'Global developmental delay', 'Reduced tendon reflexes', 'Scoliosis', 'Tachypnea', 'Kyphosis', 'Hyperbilirubinemia', 'Depressed nasal bridge', 'Focal-onset seizure', 'Axial hypotonia', 'Brain atrophy', 'Cephalohematoma']	['ORPHA:2021', 'ORPHA:828']	['Fibrochondrogenesis', 'Stickler syndrome']	['NM_016373.4(WWOX):c.409+1G>T']	['51741']	GENO:0000137
PAVS790	Respiratory distress|Congenital pneumonia|Non-bilious vomiting|Projectile vomiting|Decreased activity|Feeble cry|Infantile spasms|Axial hypotonia| spastichypertonia|Peripheral hypertonia|No clonus|Abscence of neurocutaneous stigmata|brain atrophy|corpus callosum thinning	WWOX:NM_016373.4:c.160G>T	https://pubmed.ncbi.nlm.nih.gov/30746283/		PAVS790	[]	[]	['Respiratory distress', 'Congenital pneumonia', 'Non-bilious vomiting', 'Projectile vomiting', 'Decreased activity', 'Feeble cry', 'Infantile spasms', 'Axial hypotonia', 'spastichypertonia', 'Peripheral hypertonia', 'No clonus', 'Abscence of neurocutaneous stigmata', 'brain atrophy', 'corpus callosum thinning']	['WWOX']	['c.160G>T']	GENO:0000137	unknown zygosity	[]	[]	HANCESTRO:0852	Middle Eastern population	GAZ:00005279	Saudi Arabia	['HP:0001257', 'HP:0001276', 'HP:0002013', 'HP:0002090', 'HP:0002098', 'HP:0002169', 'HP:0002587', 'HP:0008936', 'HP:0012444', 'HP:0012469', 'HP:0033725']	['Spasticity', 'Hypertonia', 'Vomiting', 'Pneumonia', 'Respiratory distress', 'Clonus', 'Projectile vomiting', 'Axial hypotonia', 'Brain atrophy', 'Infantile spasms', 'Thin corpus callosum']	[]	[]	['NM_016373.4(WWOX):c.160G>T']	['51741']	GENO:0000137
PAVS791	Hypoactivity|tonic flexion of the upper limbs|Tonic flexion of lower limbs|Ventricular dilatation|Thinning of corpus callosum|Recurrent vomiting|Swallowing incoordination|Hypertelorism|Large ears|High arched palate|Brain tissue volume loss|Hypsarrhythmia	WWOX:NM_016373.4:c.160G>T	https://pubmed.ncbi.nlm.nih.gov/30746283/		PAVS791	[]	[]	['Hypoactivity', 'tonic flexion of the upper limbs', 'Tonic flexion of lower limbs', 'Ventricular dilatation', 'Thinning of corpus callosum', 'Recurrent vomiting', 'Swallowing incoordination', 'Hypertelorism', 'Large ears', 'High arched palate', 'Brain tissue volume loss', 'Hypsarrhythmia']	['WWOX']	['c.160G>T']	GENO:0000137	unknown zygosity	[]	[]	HANCESTRO:0852	Middle Eastern population	GAZ:00005279	Saudi Arabia	['HP:0000218', 'HP:0000316', 'HP:0000400', 'HP:0002015', 'HP:0002119', 'HP:0002521', 'HP:0002572', 'HP:0033725']	['High palate', 'Hypertelorism', 'Macrotia', 'Dysphagia', 'Ventriculomegaly', 'Hypsarrhythmia', 'Episodic vomiting', 'Thin corpus callosum']	['OMIM:619383']	['Neurodevelopmental disorder with hypotonia, facial dysmorphism, and brain abnormalities']	['NM_016373.4(WWOX):c.160G>T']	['51741']	GENO:0000137
PAVS792	Progressive microcephaly|Spasticity|Profound developmental delay|Failure to thrive||Multifocal seizure|Infantile spasms|Lennox-Gastaut syndrome|nfantile epileptic encephalopathy|Periventricular white matter atrophy|Wallerian degeneration|Corpus callosum atrophy	WWOX:NM_016373.4:c.606-1G>A	https://pubmed.ncbi.nlm.nih.gov/26345274/		PAVS792	[]	[]	['Progressive microcephaly', 'Spasticity', 'Profound developmental delay', 'Failure to thrive', 'Multifocal seizure', 'Infantile spasms', 'Lennox-Gastaut syndrome', 'nfantile epileptic encephalopathy', 'Periventricular white matter atrophy', 'Wallerian degeneration', 'Corpus callosum atrophy']	['WWOX']	['c.606-1G>A']	GENO:0000137	unknown zygosity	[]	[]	HANCESTRO:0852	Middle Eastern population	GAZ:00005279	Saudi Arabia	['HP:0000253', 'HP:0001257', 'HP:0001508', 'HP:0007371', 'HP:0012469', 'HP:0012736', 'HP:0031165', 'HP:0200134']	['Progressive microcephaly', 'Spasticity', 'Failure to thrive', 'Corpus callosum atrophy', 'Infantile spasms', 'Profound global developmental delay', 'Multifocal seizures', 'Epileptic encephalopathy']	['OMIM:617807', 'ORPHA:2382']	['Neurodevelopmental disorder with ataxic gait, absent speech, and decreased cortical white matter', 'Lennox-Gastaut syndrome']	['NM_016373.4(WWOX):c.606-1G>A']	['51741']	GENO:0000137
PAVS793	Progressive microcephaly|Spasticity|Profound developmental delay|Failure to thrive||Multifocal seizure|Infantile spasms|Lennox-Gastaut syndrome|Infantile epileptic encephalopathy|Corpus callosum atrophy|Brainstem degeneration|	WWOX:NM_016373.4:c.606-1G>A	https://pubmed.ncbi.nlm.nih.gov/26345274/		PAVS793	[]	[]	['Progressive microcephaly', 'Spasticity', 'Profound developmental delay', 'Failure to thrive', 'Multifocal seizure', 'Infantile spasms', 'Lennox-Gastaut syndrome', 'Infantile epileptic encephalopathy', 'Corpus callosum atrophy', 'Brainstem degeneration']	['WWOX']	['c.606-1G>A']	GENO:0000137	unknown zygosity	[]	[]	HANCESTRO:0852	Middle Eastern population	GAZ:00005279	Saudi Arabia	['HP:0000253', 'HP:0001257', 'HP:0001508', 'HP:0007105', 'HP:0007371', 'HP:0012469', 'HP:0012736', 'HP:0031165']	['Progressive microcephaly', 'Spasticity', 'Failure to thrive', 'Infantile encephalopathy', 'Corpus callosum atrophy', 'Infantile spasms', 'Profound global developmental delay', 'Multifocal seizures']	['OMIM:601536', 'ORPHA:2382']	['Athabaskan brainstem dysgenesis syndrome', 'Lennox-Gastaut syndrome']	['NM_016373.4(WWOX):c.606-1G>A']	['51741']	GENO:0000137
PAVS794	Progressive microcephaly|Spasticity|Profound developmental delay|Failure to thrive||Multifocal seizure|Infantile spasms|Lennox-Gastaut syndrome|Infantile epileptic encephalopathy|Corpus callosum atrophy|Brainstem degeneration|	WWOX:NM_016373.4:c.606-1G>A	https://pubmed.ncbi.nlm.nih.gov/26345274/		PAVS794	[]	[]	['Progressive microcephaly', 'Spasticity', 'Profound developmental delay', 'Failure to thrive', 'Multifocal seizure', 'Infantile spasms', 'Lennox-Gastaut syndrome', 'Infantile epileptic encephalopathy', 'Corpus callosum atrophy', 'Brainstem degeneration']	['WWOX']	['c.606-1G>A']	GENO:0000137	unknown zygosity	[]	[]	HANCESTRO:0852	Middle Eastern population	GAZ:00005279	Saudi Arabia	['HP:0000253', 'HP:0001257', 'HP:0001508', 'HP:0007105', 'HP:0007371', 'HP:0012469', 'HP:0012736', 'HP:0031165']	['Progressive microcephaly', 'Spasticity', 'Failure to thrive', 'Infantile encephalopathy', 'Corpus callosum atrophy', 'Infantile spasms', 'Profound global developmental delay', 'Multifocal seizures']	['OMIM:601536', 'ORPHA:2382']	['Athabaskan brainstem dysgenesis syndrome', 'Lennox-Gastaut syndrome']	['NM_016373.4(WWOX):c.606-1G>A']	['51741']	GENO:0000137
PAVS795	Progressive microcephaly|Spasticity|Profound developmental delay|Failure to thrive|Focal seizure with secondary generalization|Infantile epileptic encephalopathy	WWOX:NM_016373.4:c.606-1G>A	https://pubmed.ncbi.nlm.nih.gov/26345274/		PAVS795	[]	[]	['Progressive microcephaly', 'Spasticity', 'Profound developmental delay', 'Failure to thrive', 'Focal seizure with secondary generalization', 'Infantile epileptic encephalopathy']	['WWOX']	['c.606-1G>A']	GENO:0000137	unknown zygosity	[]	[]	HANCESTRO:0852	Middle Eastern population	GAZ:00005279	Saudi Arabia	['HP:0000253', 'HP:0001257', 'HP:0001508', 'HP:0007105', 'HP:0007334', 'HP:0012736']	['Progressive microcephaly', 'Spasticity', 'Failure to thrive', 'Infantile encephalopathy', 'Bilateral tonic-clonic seizure with focal onset', 'Profound global developmental delay']	[]	[]	['NM_016373.4(WWOX):c.606-1G>A']	['51741']	GENO:0000137
PAVS796	Progressive microcephaly|Spasticity|Profound developmental delay|Failure to thrive|Focal seizure with secondary generalization|Infantile epileptic encephalopathy	WWOX:NM_016373.4:c.606-1G>A	https://pubmed.ncbi.nlm.nih.gov/26345274/		PAVS796	[]	[]	['Progressive microcephaly', 'Spasticity', 'Profound developmental delay', 'Failure to thrive', 'Focal seizure with secondary generalization', 'Infantile epileptic encephalopathy']	['WWOX']	['c.606-1G>A']	GENO:0000137	unknown zygosity	[]	[]	HANCESTRO:0852	Middle Eastern population	GAZ:00005279	Saudi Arabia	['HP:0000253', 'HP:0001257', 'HP:0001508', 'HP:0007105', 'HP:0007334', 'HP:0012736']	['Progressive microcephaly', 'Spasticity', 'Failure to thrive', 'Infantile encephalopathy', 'Bilateral tonic-clonic seizure with focal onset', 'Profound global developmental delay']	[]	[]	['NM_016373.4(WWOX):c.606-1G>A']	['51741']	GENO:0000137
PAVS797	Epilepsy|Mental retardation|Cerebellar ataxia|Generalized tonic-clonic epilepsy	WWOX:NM_016373.4:c.139C>A	https://pubmed.ncbi.nlm.nih.gov/24369382/		PAVS797	[]	[]	['Epilepsy', 'Mental retardation', 'Cerebellar ataxia', 'Generalized tonic-clonic epilepsy']	['WWOX']	['c.139C>A']	GENO:0000137	unknown zygosity	[]	[]	HANCESTRO:0852	Middle Eastern population	GAZ:00005279	Saudi Arabia	['HP:0001249', 'HP:0001250', 'HP:0001251']	['Intellectual disability', 'Seizure', 'Ataxia']	[]	[]	['NM_016373.4(WWOX):c.139C>A']	['51741']	GENO:0000137
PAVS798	Epilepsy|Mental retardation|Cerebellar ataxia|Generalized tonic-clonic epilepsy	WWOX:NM_016373.4:c.139C>A	https://pubmed.ncbi.nlm.nih.gov/24369382/		PAVS798	[]	[]	['Epilepsy', 'Mental retardation', 'Cerebellar ataxia', 'Generalized tonic-clonic epilepsy']	['WWOX']	['c.139C>A']	GENO:0000137	unknown zygosity	[]	[]	HANCESTRO:0852	Middle Eastern population	GAZ:00005279	Saudi Arabia	['HP:0001249', 'HP:0001250', 'HP:0001251']	['Intellectual disability', 'Seizure', 'Ataxia']	[]	[]	['NM_016373.4(WWOX):c.139C>A']	['51741']	GENO:0000137
PAVS799	Epilepsy|Mental retardation|Cerebellar ataxia|Generalized tonic-clonic epilepsy	WWOX:NM_016373.4:c.139C>A	https://pubmed.ncbi.nlm.nih.gov/24369382/		PAVS799	[]	[]	['Epilepsy', 'Mental retardation', 'Cerebellar ataxia', 'Generalized tonic-clonic epilepsy']	['WWOX']	['c.139C>A']	GENO:0000137	unknown zygosity	[]	[]	HANCESTRO:0852	Middle Eastern population	GAZ:00005279	Saudi Arabia	['HP:0001249', 'HP:0001250', 'HP:0001251']	['Intellectual disability', 'Seizure', 'Ataxia']	[]	[]	['NM_016373.4(WWOX):c.139C>A']	['51741']	GENO:0000137
PAVS800	Epilepsy|Mental retardation|Cerebellar ataxia|Generalized tonic-clonic epilepsy	WWOX:NM_016373.4:c.139C>A	https://pubmed.ncbi.nlm.nih.gov/24369382/		PAVS800	[]	[]	['Epilepsy', 'Mental retardation', 'Cerebellar ataxia', 'Generalized tonic-clonic epilepsy']	['WWOX']	['c.139C>A']	GENO:0000137	unknown zygosity	[]	[]	HANCESTRO:0852	Middle Eastern population	GAZ:00005279	Saudi Arabia	['HP:0001249', 'HP:0001250', 'HP:0001251']	['Intellectual disability', 'Seizure', 'Ataxia']	[]	[]	['NM_016373.4(WWOX):c.139C>A']	['51741']	GENO:0000137
PAVS801	Hypoxia|Chronic wet cough|Recurrent otitis media|Bronchiectasis|Para-cardiac patchy infiltration|Mediastinal lymph nodes enlargemen	NEK10:NM_001394966.1:c.3402T>A	https://pubmed.ncbi.nlm.nih.gov/32414360/		PAVS801	[]	[]	['Hypoxia', 'Chronic wet cough', 'Recurrent otitis media', 'Bronchiectasis', 'Para-cardiac patchy infiltration', 'Mediastinal lymph nodes enlargemen']	['NEK10']	['c.3402T>A']	GENO:0000137	unknown zygosity	[]	[]	HANCESTRO:0852	Middle Eastern population	GAZ:00005279	Saudi Arabia	['HP:0000403', 'HP:0002110', 'HP:0002113', 'HP:0002716', 'HP:0012418', 'HP:0034315']	['Recurrent otitis media', 'Bronchiectasis', 'Pulmonary infiltrates', 'Lymphadenopathy', 'Hypoxemia', 'Chronic cough']	[]	[]	['NM_001394966.1(NEK10):c.3402T>A']	['152110']	GENO:0000137
PAVS802	Hypoxia|Chronic wet cough|Recurrent otitis media|Bronchiectasis|Para-cardiac patchy infiltration|Mediastinal lymph nodes enlargemen	NEK10:NM_001394966.1:c.3402T>A	https://pubmed.ncbi.nlm.nih.gov/32414360/		PAVS802	[]	[]	['Hypoxia', 'Chronic wet cough', 'Recurrent otitis media', 'Bronchiectasis', 'Para-cardiac patchy infiltration', 'Mediastinal lymph nodes enlargemen']	['NEK10']	['c.3402T>A']	GENO:0000137	unknown zygosity	[]	[]	HANCESTRO:0852	Middle Eastern population	GAZ:00005279	Saudi Arabia	['HP:0000403', 'HP:0002110', 'HP:0002113', 'HP:0002716', 'HP:0012418', 'HP:0034315']	['Recurrent otitis media', 'Bronchiectasis', 'Pulmonary infiltrates', 'Lymphadenopathy', 'Hypoxemia', 'Chronic cough']	[]	[]	['NM_001394966.1(NEK10):c.3402T>A']	['152110']	GENO:0000137
PAVS803	Renal stones|Pelvic fullness|Abnormal urine amino acid level HP:0025745|Recurrent urinary tract infections HP:0000010	SLC3A1:NM_000341.4:c.592del	https://pubmed.ncbi.nlm.nih.gov/33262960/		PAVS803	['HP:0000010', 'HP:0025745']	['Recurrent urinary tract infections', 'Abnormal urine amino acid level']	['Renal stones', 'Pelvic fullness']	['SLC3A1']	['c.592del']	GENO:0000137	unknown zygosity	[]	[]	HANCESTRO:0852	Middle Eastern population	GAZ:00005279	Saudi Arabia	['HP:0000010', 'HP:0000787', 'HP:0002644', 'HP:0025745']	['Recurrent urinary tract infections', 'Nephrolithiasis', 'Abnormal pelvic girdle bone morphology', 'Abnormal urine amino acid level']	[]	[]	['NM_000341.4(SLC3A1):c.592del']	['6519']	GENO:0000137
PAVS804	Renal stones|Abnormal urine amino acid level HP:0025745|Cystinuria HP:0003131|Recurrent urinary tract infections HP:0000010	SLC7A9:NM_014270.5:c.997_1012del	https://pubmed.ncbi.nlm.nih.gov/33262960/		PAVS804	['HP:0000010', 'HP:0003131', 'HP:0025745']	['Recurrent urinary tract infections', 'Cystinuria', 'Abnormal urine amino acid level']	['Renal stones']	['SLC7A9']	['c.997_1012del']	GENO:0000137	unknown zygosity	[]	[]	HANCESTRO:0852	Middle Eastern population	GAZ:00005279	Saudi Arabia	['HP:0000010', 'HP:0000787', 'HP:0003131', 'HP:0025745']	['Recurrent urinary tract infections', 'Nephrolithiasis', 'Cystinuria', 'Abnormal urine amino acid level']	[]	[]	['NM_014270.5(SLC7A9):c.997_1012del']	['11136']	GENO:0000137
PAVS805	Renal stones|Abnormal urine amino acid level HP:0025745|Cystinuria HP:0003132|Recurrent urinary tract infections HP:0000010	SLC3A1:NM_000341.4:c.1400T>A	https://pubmed.ncbi.nlm.nih.gov/33262960/		PAVS805	['HP:0000010', 'HP:0003132', 'HP:0025745']	['Recurrent urinary tract infections', 'Unknown Phenotype', 'Abnormal urine amino acid level']	['Renal stones']	['SLC3A1']	['c.1400T>A']	GENO:0000137	unknown zygosity	[]	[]	HANCESTRO:0852	Middle Eastern population	GAZ:00005279	Saudi Arabia	['HP:0000010', 'HP:0000787', 'HP:0003132', 'HP:0025745']	['Recurrent urinary tract infections', 'Nephrolithiasis', 'Unknown', 'Abnormal urine amino acid level']	[]	[]	['NM_000341.4(SLC3A1):c.1400T>A']	['6519']	GENO:0000137
PAVS806	Renal stones|Abnormal urine amino acid level HP:0025745|Cystinuria HP:0003133	SLC7A9:NM_014270.5:c.376G>A|SLC7A9:NM_014270.5:c.1166C>T	https://pubmed.ncbi.nlm.nih.gov/33262960/		PAVS806	['HP:0003133', 'HP:0025745']	['Abnormal spinocerebellar tract morphology', 'Abnormal urine amino acid level']	['Renal stones']	['SLC7A9']	['c.376G>A|SLC7A9']	GENO:0000137	unknown zygosity	[]	[]	HANCESTRO:0852	Middle Eastern population	GAZ:00005279	Saudi Arabia	['HP:0000787', 'HP:0003133', 'HP:0025745']	['Nephrolithiasis', 'Abnormal spinocerebellar tract morphology', 'Abnormal urine amino acid level']	[]	[]	['NM_014270.5(SLC7A9):c.376G>A|SLC7A9']	['11136']	GENO:0000137
PAVS807	Renal stones|Abnormal urine amino acid level HP:0025745|Cystinuria HP:0003134	SLC7A9:NM_014270.5:c.313G>A	https://pubmed.ncbi.nlm.nih.gov/33262960/		PAVS807	['HP:0003134', 'HP:0025745']	['Abnormality of peripheral nerve conduction', 'Abnormal urine amino acid level']	['Renal stones']	['SLC7A9']	['c.313G>A']	GENO:0000137	unknown zygosity	[]	[]	HANCESTRO:0852	Middle Eastern population	GAZ:00005279	Saudi Arabia	['HP:0000787', 'HP:0003134', 'HP:0025745']	['Nephrolithiasis', 'Abnormality of peripheral nerve conduction', 'Abnormal urine amino acid level']	[]	[]	['NM_014270.5(SLC7A9):c.313G>A']	['11136']	GENO:0000137
PAVS808	Renal stones|Abnormal urine amino acid level HP:0025745|Cystinuria HP:0003135|Recurrent urinary tract infections HP:0000010	SLC3A1:NM_000341.4:Duplication (4 copies) encompassing exon 5 to exon 9	https://pubmed.ncbi.nlm.nih.gov/33262960/		PAVS808	['HP:0000010', 'HP:0003135', 'HP:0025745']	['Recurrent urinary tract infections', 'Unknown Phenotype', 'Abnormal urine amino acid level']	['Renal stones']	[]	['SLC3A1:NM_000341.4:Duplication (4 copies) encompassing exon 5 to exon 9']	GENO:0000137	unknown zygosity	[]	[]	HANCESTRO:0852	Middle Eastern population	GAZ:00005279	Saudi Arabia	['HP:0000010', 'HP:0000787', 'HP:0003135', 'HP:0025745']	['Recurrent urinary tract infections', 'Nephrolithiasis', 'Unknown', 'Abnormal urine amino acid level']	[]	[]	['NM_000341.4(SLC3A1):c.(496+1_918+1)_(496+1_918+1)dup']	['6519']	GENO:0000137
PAVS809	Renal stones|Abnormal urine amino acid level HP:0025745|Cystinuria HP:0003135|Recurrent urinary tract infections HP:0000011|Proteinuria HP:0000093	SLC7A9:NM_014270.5:C368 >T	https://pubmed.ncbi.nlm.nih.gov/33262960/		PAVS809	['HP:0000011', 'HP:0000093', 'HP:0003135', 'HP:0025745']	['Neurogenic bladder', 'Proteinuria', 'Unknown Phenotype', 'Abnormal urine amino acid level']	['Renal stones']	[]	['SLC7A9:NM_014270.5:C368 >T']	GENO:0000137	unknown zygosity	[]	[]	HANCESTRO:0852	Middle Eastern population	GAZ:00005279	Saudi Arabia	['HP:0000011', 'HP:0000093', 'HP:0000787', 'HP:0003135', 'HP:0025745']	['Neurogenic bladder', 'Proteinuria', 'Nephrolithiasis', 'Unknown', 'Abnormal urine amino acid level']	[]	[]	['NM_014270.5(SLC7A9):c.368C>T']	['11136']	GENO:0000137
PAVS810	Renal stones|Abnormal urine amino acid level HP:0025745|Cystinuria HP:0003135|Recurrent urinary tract infections HP:0000012	SLC3A1:NM_000341.4:c.1617+1097T > A	https://pubmed.ncbi.nlm.nih.gov/33262960/		PAVS810	['HP:0000012', 'HP:0003135', 'HP:0025745']	['Urinary urgency', 'Unknown Phenotype', 'Abnormal urine amino acid level']	['Renal stones']	['SLC3A1']	['c.1617+1097T > A']	GENO:0000137	unknown zygosity	[]	[]	HANCESTRO:0852	Middle Eastern population	GAZ:00005279	Saudi Arabia	['HP:0000012', 'HP:0000787', 'HP:0003135', 'HP:0025745']	['Urinary urgency', 'Nephrolithiasis', 'Unknown', 'Abnormal urine amino acid level']	[]	[]	['NM_000341.4(SLC3A1):c.1617+1097T > A']	['6519']	GENO:0000137
PAVS811	Renal stones|hydronephrosis|Abnormal urine amino acid level HP:0025745|Cystinuria HP:0003131|Recurrent urinary tract infections HP:0000010	SLC3A1:NM_000341.4:c.1400T>A	https://pubmed.ncbi.nlm.nih.gov/33262960/		PAVS811	['HP:0000010', 'HP:0003131', 'HP:0025745']	['Recurrent urinary tract infections', 'Cystinuria', 'Abnormal urine amino acid level']	['Renal stones', 'hydronephrosis']	['SLC3A1']	['c.1400T>A']	GENO:0000137	unknown zygosity	[]	[]	HANCESTRO:0852	Middle Eastern population	GAZ:00005279	Saudi Arabia	['HP:0000010', 'HP:0000126', 'HP:0000787', 'HP:0003131', 'HP:0025745']	['Recurrent urinary tract infections', 'Hydronephrosis', 'Nephrolithiasis', 'Cystinuria', 'Abnormal urine amino acid level']	[]	[]	['NM_000341.4(SLC3A1):c.1400T>A']	['6519']	GENO:0000137
PAVS812	Renal stones|Abnormal urine amino acid level HP:0025746|Cystinuria HP:0003131	SLC3A1:NM_000341.4:c.1400T>A	https://pubmed.ncbi.nlm.nih.gov/33262960/		PAVS812	['HP:0003131', 'HP:0025746']	['Cystinuria', 'Diminished urine glutamine level']	['Renal stones']	['SLC3A1']	['c.1400T>A']	GENO:0000137	unknown zygosity	[]	[]	HANCESTRO:0852	Middle Eastern population	GAZ:00005279	Saudi Arabia	['HP:0000787', 'HP:0003131', 'HP:0025746']	['Nephrolithiasis', 'Cystinuria', 'Diminished urine glutamine level']	[]	[]	['NM_000341.4(SLC3A1):c.1400T>A']	['6519']	GENO:0000137
PAVS813	Renal stones|Abnormal urine amino acid level HP:0025746|Cystinuria HP:0003132|Proteinuria HP:0000093|Recurrent urinary tract infections HP:0000010	SLC7A9:NM_014270.5:c.460_471del	https://pubmed.ncbi.nlm.nih.gov/33262960/		PAVS813	['HP:0000010', 'HP:0000093', 'HP:0003132', 'HP:0025746']	['Recurrent urinary tract infections', 'Proteinuria', 'Unknown Phenotype', 'Diminished urine glutamine level']	['Renal stones']	['SLC7A9']	['c.460_471del']	GENO:0000137	unknown zygosity	[]	[]	HANCESTRO:0852	Middle Eastern population	GAZ:00005279	Saudi Arabia	['HP:0000010', 'HP:0000093', 'HP:0000787', 'HP:0003132', 'HP:0025746']	['Recurrent urinary tract infections', 'Proteinuria', 'Nephrolithiasis', 'Unknown', 'Diminished urine glutamine level']	[]	[]	['NM_014270.5(SLC7A9):c.460_471del']	['11136']	GENO:0000137
PAVS814	Renal stones|Abnormal urine amino acid level HP:0025746|Cystinuria HP:0003133	SLC7A9:NM_014270.5:c.1060G>A	https://pubmed.ncbi.nlm.nih.gov/33262960/		PAVS814	['HP:0003133', 'HP:0025746']	['Abnormal spinocerebellar tract morphology', 'Diminished urine glutamine level']	['Renal stones']	['SLC7A9']	['c.1060G>A']	GENO:0000137	unknown zygosity	[]	[]	HANCESTRO:0852	Middle Eastern population	GAZ:00005279	Saudi Arabia	['HP:0000787', 'HP:0003133', 'HP:0025746']	['Nephrolithiasis', 'Abnormal spinocerebellar tract morphology', 'Diminished urine glutamine level']	[]	[]	['NM_014270.5(SLC7A9):c.1060G>A']	['11136']	GENO:0000137
PAVS815	Renal stones|Abnormal urine amino acid level HP:0025746|Cystinuria HP:0003134	SLC3A1:NM_000341.4:c.1229A>T	https://pubmed.ncbi.nlm.nih.gov/33262960/		PAVS815	['HP:0003134', 'HP:0025746']	['Abnormality of peripheral nerve conduction', 'Diminished urine glutamine level']	['Renal stones']	['SLC3A1']	['c.1229A>T']	GENO:0000137	unknown zygosity	[]	[]	HANCESTRO:0852	Middle Eastern population	GAZ:00005279	Saudi Arabia	['HP:0000787', 'HP:0003134', 'HP:0025746']	['Nephrolithiasis', 'Abnormality of peripheral nerve conduction', 'Diminished urine glutamine level']	[]	[]	['NM_000341.4(SLC3A1):c.1229A>T']	['6519']	GENO:0000137
PAVS816	Renal stones|Abnormal urine amino acid level HP:0025746|Cystinuria HP:0003135	SLC3A1:NM_000341.4:c.1400T>A	https://pubmed.ncbi.nlm.nih.gov/33262960/		PAVS816	['HP:0003135', 'HP:0025746']	['Unknown Phenotype', 'Diminished urine glutamine level']	['Renal stones']	['SLC3A1']	['c.1400T>A']	GENO:0000137	unknown zygosity	[]	[]	HANCESTRO:0852	Middle Eastern population	GAZ:00005279	Saudi Arabia	['HP:0000787', 'HP:0003135', 'HP:0025746']	['Nephrolithiasis', 'Unknown', 'Diminished urine glutamine level']	[]	[]	['NM_000341.4(SLC3A1):c.1400T>A']	['6519']	GENO:0000137
PAVS817	Renal stones|Abnormal urine amino acid level HP:0025746|Cystinuria HP:0003136	SLC3A1:NM_000341.4:c.1229A>T	https://pubmed.ncbi.nlm.nih.gov/33262960/		PAVS817	['HP:0003136', 'HP:0025746']	['Unknown Phenotype', 'Diminished urine glutamine level']	['Renal stones']	['SLC3A1']	['c.1229A>T']	GENO:0000137	unknown zygosity	[]	[]	HANCESTRO:0852	Middle Eastern population	GAZ:00005279	Saudi Arabia	['HP:0000787', 'HP:0003136', 'HP:0025746']	['Nephrolithiasis', 'Unknown', 'Diminished urine glutamine level']	[]	[]	['NM_000341.4(SLC3A1):c.1229A>T']	['6519']	GENO:0000137
PAVS818	Renal stones|Abnormal urine amino acid level HP:0025746|Cystinuria HP:0003137|Recurrent urinary tract infections HP:0000010		https://pubmed.ncbi.nlm.nih.gov/33262960/		PAVS818	['HP:0000010', 'HP:0003137', 'HP:0025746']	['Recurrent urinary tract infections', 'Prolinuria', 'Diminished urine glutamine level']	['Renal stones']	[]	[]	GENO:0000137	unknown zygosity	[]	[]	HANCESTRO:0852	Middle Eastern population	GAZ:00005279	Saudi Arabia	['HP:0000010', 'HP:0000787', 'HP:0003137', 'HP:0025746']	['Recurrent urinary tract infections', 'Nephrolithiasis', 'Prolinuria', 'Diminished urine glutamine level']	[]	[]	['c.(=)']	[]	GENO:0000137
PAVS819	Renal stones|Abnormal urine amino acid level HP:0025746|Cystinuria HP:0003136	SLC3A1:NM_000341.4:c.1711T>A	https://pubmed.ncbi.nlm.nih.gov/33262960/		PAVS819	['HP:0003136', 'HP:0025746']	['Unknown Phenotype', 'Diminished urine glutamine level']	['Renal stones']	['SLC3A1']	['c.1711T>A']	GENO:0000137	unknown zygosity	[]	[]	HANCESTRO:0852	Middle Eastern population	GAZ:00005279	Saudi Arabia	['HP:0000787', 'HP:0003136', 'HP:0025746']	['Nephrolithiasis', 'Unknown', 'Diminished urine glutamine level']	[]	[]	['NM_000341.4(SLC3A1):c.1711T>A']	['6519']	GENO:0000137
PAVS820	Renal stones|Abnormal urine amino acid level HP:0025746|Cystinuria HP:0003137		https://pubmed.ncbi.nlm.nih.gov/33262960/		PAVS820	['HP:0003137', 'HP:0025746']	['Prolinuria', 'Diminished urine glutamine level']	['Renal stones']	[]	[]	GENO:0000137	unknown zygosity	[]	[]	HANCESTRO:0852	Middle Eastern population	GAZ:00005279	Saudi Arabia	['HP:0000787', 'HP:0003137', 'HP:0025746']	['Nephrolithiasis', 'Prolinuria', 'Diminished urine glutamine level']	[]	[]	['c.(=)']	[]	GENO:0000137
PAVS821	Renal stones|Abnormal urine amino acid level HP:0025746|Cystinuria HP:0003136|Recurrent urinary tract infections HP:0000010|Renal failure|Hypertension HP:0000822	SLC7A9:NM_014270.5:c.1166C>T	https://pubmed.ncbi.nlm.nih.gov/33262960/		PAVS821	['HP:0000010', 'HP:0000822', 'HP:0003136', 'HP:0025746']	['Recurrent urinary tract infections', 'Hypertension', 'Unknown Phenotype', 'Diminished urine glutamine level']	['Renal stones', 'Renal failure']	['SLC7A9']	['c.1166C>T']	GENO:0000137	unknown zygosity	[]	[]	HANCESTRO:0852	Middle Eastern population	GAZ:00005279	Saudi Arabia	['HP:0000010', 'HP:0000083', 'HP:0000787', 'HP:0000822', 'HP:0003136', 'HP:0025746']	['Recurrent urinary tract infections', 'Renal insufficiency', 'Nephrolithiasis', 'Hypertension', 'Unknown', 'Diminished urine glutamine level']	[]	[]	['NM_014270.5(SLC7A9):c.1166C>T']	['11136']	GENO:0000137
PAVS822	Renal stones|Abnormal urine amino acid level HP:0025746|Cystinuria HP:0003137|Hypertension HP:0000822	SLC3A1:NM_000341.4:c.1400T>A	https://pubmed.ncbi.nlm.nih.gov/33262960/		PAVS822	['HP:0000822', 'HP:0003137', 'HP:0025746']	['Hypertension', 'Prolinuria', 'Diminished urine glutamine level']	['Renal stones']	['SLC3A1']	['c.1400T>A']	GENO:0000137	unknown zygosity	[]	[]	HANCESTRO:0852	Middle Eastern population	GAZ:00005279	Saudi Arabia	['HP:0000787', 'HP:0000822', 'HP:0003137', 'HP:0025746']	['Nephrolithiasis', 'Hypertension', 'Prolinuria', 'Diminished urine glutamine level']	[]	[]	['NM_000341.4(SLC3A1):c.1400T>A']	['6519']	GENO:0000137
PAVS823	Renal stones|Abnormal urine amino acid level HP:0025746|Cystinuria HP:0003138|Hypertension HP:0000822|Proteinuria HP:0000093	SLC3A1:NM_000341.4:c.1400T>A	https://pubmed.ncbi.nlm.nih.gov/33262960/		PAVS823	['HP:0000093', 'HP:0000822', 'HP:0003138', 'HP:0025746']	['Proteinuria', 'Hypertension', 'Increased blood urea nitrogen', 'Diminished urine glutamine level']	['Renal stones']	['SLC3A1']	['c.1400T>A']	GENO:0000137	unknown zygosity	[]	[]	HANCESTRO:0852	Middle Eastern population	GAZ:00005279	Saudi Arabia	['HP:0000093', 'HP:0000787', 'HP:0000822', 'HP:0003138', 'HP:0025746']	['Proteinuria', 'Nephrolithiasis', 'Hypertension', 'Increased blood urea nitrogen', 'Diminished urine glutamine level']	[]	[]	['NM_000341.4(SLC3A1):c.1400T>A']	['6519']	GENO:0000137
PAVS824	Renal stones|Abnormal urine amino acid level HP:0025746|Cystinuria HP:0003139	SLC3A1:NM_000341.4:c.1400T>A	https://pubmed.ncbi.nlm.nih.gov/33262960/		PAVS824	['HP:0003139', 'HP:0025746']	['Panhypogammaglobulinemia', 'Diminished urine glutamine level']	['Renal stones']	['SLC3A1']	['c.1400T>A']	GENO:0000137	unknown zygosity	[]	[]	HANCESTRO:0852	Middle Eastern population	GAZ:00005279	Saudi Arabia	['HP:0000787', 'HP:0003139', 'HP:0025746']	['Nephrolithiasis', 'Panhypogammaglobulinemia', 'Diminished urine glutamine level']	[]	[]	['NM_000341.4(SLC3A1):c.1400T>A']	['6519']	GENO:0000137
PAVS825	Renal stones|Abnormal urine amino acid level HP:0025746|Cystinuria HP:0003140	SLC3A1:NM_000341.4:c.1711T>A	https://pubmed.ncbi.nlm.nih.gov/33262960/		PAVS825	['HP:0003140', 'HP:0025746']	['T-wave inversion in the right precordial leads', 'Diminished urine glutamine level']	['Renal stones']	['SLC3A1']	['c.1711T>A']	GENO:0000137	unknown zygosity	[]	[]	HANCESTRO:0852	Middle Eastern population	GAZ:00005279	Saudi Arabia	['HP:0000787', 'HP:0003140', 'HP:0025746']	['Nephrolithiasis', 'T-wave inversion in the right precordial leads', 'Diminished urine glutamine level']	[]	[]	['NM_000341.4(SLC3A1):c.1711T>A']	['6519']	GENO:0000137
PAVS826	Scrotal swelling|Dextrocurve convexity scoliosis| Abnormality of the spine|Fused spine|Recurrent infection	DLL1:NM_005618.4:c.1534G > A	https://pubmed.ncbi.nlm.nih.gov/31275352/		PAVS826	[]	[]	['Scrotal swelling', 'Dextrocurve convexity scoliosis', 'Abnormality of the spine', 'Fused spine', 'Recurrent infection']	['DLL1']	['c.1534G > A']	GENO:0000137	unknown zygosity	[]	[]	HANCESTRO:0852	Middle Eastern population	GAZ:00005279	Saudi Arabia	['HP:0000925', 'HP:0002650', 'HP:0002719']	['Abnormality of the vertebral column', 'Scoliosis', 'Recurrent infections']	[]	[]	['NM_005618.4(DLL1):c.1534G > A']	['28514']	GENO:0000137
PAVS827	Thoracolumbar spine scoliosis| Kyphotic deformity|Bifid odontoid process|Midribs fusion	DLL1:NM_005618.4:c.1534G > A	https://pubmed.ncbi.nlm.nih.gov/31275352/		PAVS827	[]	[]	['Thoracolumbar spine scoliosis', 'Kyphotic deformity', 'Bifid odontoid process', 'Midribs fusion']	['DLL1']	['c.1534G > A']	GENO:0000137	unknown zygosity	[]	[]	HANCESTRO:0852	Middle Eastern population	GAZ:00005279	Saudi Arabia	['HP:0002944']	['Thoracolumbar scoliosis']	['OMIM:613628']	['Odontoid hypoplasia']	['NM_005618.4(DLL1):c.1534G > A']	['28514']	GENO:0000137
PAVS828	Spasticity|Unsteadiness|Hand shaking|Limb weakness|Bodyweakness| Easy fatigue|Ataxia|Truncal ataxia|Limbs ataxia|Sensory ataxia|Hand tremors|Congenital nystagmus|Intention tremor|Dysmetria|Dysarthria|Dysdiadokokinesia|Hypotonia|Knee hyperreflexia|Lost ankle reflexes|Negative Babiniski|Scissoring walking pattern|Tandem walk inability	NKX6-2:NM_177400.3:c.545C>T	https://pubmed.ncbi.nlm.nih.gov/32246862/		PAVS828	[]	[]	['Spasticity', 'Unsteadiness', 'Hand shaking', 'Limb weakness', 'Bodyweakness', 'Easy fatigue', 'Ataxia', 'Truncal ataxia', 'Limbs ataxia', 'Sensory ataxia', 'Hand tremors', 'Congenital nystagmus', 'Intention tremor', 'Dysmetria', 'Dysarthria', 'Dysdiadokokinesia', 'Hypotonia', 'Knee hyperreflexia', 'Lost ankle reflexes', 'Negative Babiniski', 'Scissoring walking pattern', 'Tandem walk inability']	['NKX6-2']	['c.545C>T']	GENO:0000137	unknown zygosity	[]	[]	HANCESTRO:0852	Middle Eastern population	GAZ:00005279	Saudi Arabia	['HP:0001251', 'HP:0001252', 'HP:0001257', 'HP:0001260', 'HP:0001288', 'HP:0001310', 'HP:0001315', 'HP:0002066', 'HP:0002070', 'HP:0002075', 'HP:0002078', 'HP:0002080', 'HP:0002378', 'HP:0002395', 'HP:0003690', 'HP:0006934', 'HP:0010871', 'HP:0012378', 'HP:0025406']	['Ataxia', 'Hypotonia', 'Spasticity', 'Dysarthria', 'Gait disturbance', 'Dysmetria', 'Reduced tendon reflexes', 'Gait ataxia', 'Limb ataxia', 'Dysdiadochokinesis', 'Truncal ataxia', 'Intention tremor', 'Hand tremor', 'Lower limb hyperreflexia', 'Limb muscle weakness', 'Congenital nystagmus', 'Sensory ataxia', 'Fatigue', 'Asthenia']	['OMIM:613443']	['Neurodevelopmental disorder with hypotonia, stereotypic hand movements, and impaired language']	['NM_177400.3(NKX6-2):c.545C>T']	['84504']	GENO:0000137
PAVS829	Spasticity|Unsteadiness|Hand shaking|Limb weakness|Bodyweakness| Easy fatigue|Ataxia|Truncal ataxia|Limbs ataxia|Sensory ataxia|Hand tremor|Intention tremor|Dysmetria|Dysarthria|Dysdiadokokinesia	NKX6-2:NM_177400.3:c.545C>T	https://pubmed.ncbi.nlm.nih.gov/32246862/		PAVS829	[]	[]	['Spasticity', 'Unsteadiness', 'Hand shaking', 'Limb weakness', 'Bodyweakness', 'Easy fatigue', 'Ataxia', 'Truncal ataxia', 'Limbs ataxia', 'Sensory ataxia', 'Hand tremor', 'Intention tremor', 'Dysmetria', 'Dysarthria', 'Dysdiadokokinesia']	['NKX6-2']	['c.545C>T']	GENO:0000137	unknown zygosity	[]	[]	HANCESTRO:0852	Middle Eastern population	GAZ:00005279	Saudi Arabia	['HP:0001251', 'HP:0001257', 'HP:0001260', 'HP:0001310', 'HP:0002070', 'HP:0002075', 'HP:0002078', 'HP:0002080', 'HP:0002378', 'HP:0003690', 'HP:0010871', 'HP:0012378', 'HP:0025406']	['Ataxia', 'Spasticity', 'Dysarthria', 'Dysmetria', 'Limb ataxia', 'Dysdiadochokinesis', 'Truncal ataxia', 'Intention tremor', 'Hand tremor', 'Limb muscle weakness', 'Sensory ataxia', 'Fatigue', 'Asthenia']	['OMIM:613443']	['Neurodevelopmental disorder with hypotonia, stereotypic hand movements, and impaired language']	['NM_177400.3(NKX6-2):c.545C>T']	['84504']	GENO:0000137
PAVS830	Spasticity|Unsteadiness|Hand shaking|Limb weakness|Bodyweakness| Easy fatigue|Ataxia|Truncal ataxia|Limbs ataxia|Sensory ataxia|Intention tremor|Dysmetria|Dysarthria|Dysdiadokokinesia|Transverse head noDevelopmental delaying|mild titubation|Hypotonia|Knee hyperreflexia|Lost ankle reflexes|Negative Babiniski|Scissoring walking pattern|Tandem walk inability	NKX6-2:NM_177400.3:c.545C>T	https://pubmed.ncbi.nlm.nih.gov/32246862/		PAVS830	[]	[]	['Spasticity', 'Unsteadiness', 'Hand shaking', 'Limb weakness', 'Bodyweakness', 'Easy fatigue', 'Ataxia', 'Truncal ataxia', 'Limbs ataxia', 'Sensory ataxia', 'Intention tremor', 'Dysmetria', 'Dysarthria', 'Dysdiadokokinesia', 'Transverse head noDevelopmental delaying', 'mild titubation', 'Hypotonia', 'Knee hyperreflexia', 'Lost ankle reflexes', 'Negative Babiniski', 'Scissoring walking pattern', 'Tandem walk inability']	['NKX6-2']	['c.545C>T']	GENO:0000137	unknown zygosity	[]	[]	HANCESTRO:0852	Middle Eastern population	GAZ:00005279	Saudi Arabia	['HP:0001251', 'HP:0001252', 'HP:0001257', 'HP:0001260', 'HP:0001263', 'HP:0001288', 'HP:0001310', 'HP:0001315', 'HP:0001347', 'HP:0002066', 'HP:0002070', 'HP:0002075', 'HP:0002078', 'HP:0002080', 'HP:0003690', 'HP:0010871', 'HP:0012378', 'HP:0012825', 'HP:0025406']	['Ataxia', 'Hypotonia', 'Spasticity', 'Dysarthria', 'Global developmental delay', 'Gait disturbance', 'Dysmetria', 'Reduced tendon reflexes', 'Hyperreflexia', 'Gait ataxia', 'Limb ataxia', 'Dysdiadochokinesis', 'Truncal ataxia', 'Intention tremor', 'Limb muscle weakness', 'Sensory ataxia', 'Fatigue', 'Mild', 'Asthenia']	['OMIM:613443']	['Neurodevelopmental disorder with hypotonia, stereotypic hand movements, and impaired language']	['NM_177400.3(NKX6-2):c.545C>T']	['84504']	GENO:0000137
PAVS831	Spasticity|Unsteadiness|Hand shaking|Limb weakness|Bodyweakness| Easy fatigue|Ataxia|Truncal ataxia|Limbs ataxia|Sensory ataxia|Hand tremor|Congenital nystagmus|Intention tremor|Dysmetria|Dysarthria|Dysdiadokokinesia|Hypomyelination|Transverse head noDevelopmental delaying|mild titubation|Hypotonia|Knee hyperreflexia|Lost ankle reflexes|Negative Babiniski|Scissoring walking pattern|Tandem walk inability	NKX6-2:NM_177400.3:c.545C>T	https://pubmed.ncbi.nlm.nih.gov/32246862/		PAVS831	[]	[]	['Spasticity', 'Unsteadiness', 'Hand shaking', 'Limb weakness', 'Bodyweakness', 'Easy fatigue', 'Ataxia', 'Truncal ataxia', 'Limbs ataxia', 'Sensory ataxia', 'Hand tremor', 'Congenital nystagmus', 'Intention tremor', 'Dysmetria', 'Dysarthria', 'Dysdiadokokinesia', 'Hypomyelination', 'Transverse head noDevelopmental delaying', 'mild titubation', 'Hypotonia', 'Knee hyperreflexia', 'Lost ankle reflexes', 'Negative Babiniski', 'Scissoring walking pattern', 'Tandem walk inability']	['NKX6-2']	['c.545C>T']	GENO:0000137	unknown zygosity	[]	[]	HANCESTRO:0852	Middle Eastern population	GAZ:00005279	Saudi Arabia	['HP:0001251', 'HP:0001252', 'HP:0001257', 'HP:0001260', 'HP:0001263', 'HP:0001288', 'HP:0001310', 'HP:0001315', 'HP:0001347', 'HP:0002066', 'HP:0002070', 'HP:0002075', 'HP:0002078', 'HP:0002080', 'HP:0002378', 'HP:0003429', 'HP:0003690', 'HP:0006934', 'HP:0010871', 'HP:0012378', 'HP:0012825', 'HP:0025406']	['Ataxia', 'Hypotonia', 'Spasticity', 'Dysarthria', 'Global developmental delay', 'Gait disturbance', 'Dysmetria', 'Reduced tendon reflexes', 'Hyperreflexia', 'Gait ataxia', 'Limb ataxia', 'Dysdiadochokinesis', 'Truncal ataxia', 'Intention tremor', 'Hand tremor', 'CNS hypomyelination', 'Limb muscle weakness', 'Congenital nystagmus', 'Sensory ataxia', 'Fatigue', 'Mild', 'Asthenia']	['OMIM:613443']	['Neurodevelopmental disorder with hypotonia, stereotypic hand movements, and impaired language']	['NM_177400.3(NKX6-2):c.545C>T']	['84504']	GENO:0000137
PAVS832	Horseshoe kidney|Gross motor delay|Developmental delay|Axial hypotonia|Hyporeflexia|Unsteady gait|Expressive aphasia|Aggressivness|Self‐mutilation|Arched eyebrows|Bulbous nose|Flat philtrum|Thin lips|Intellectual disability,	RAP1GDS1:NM_001100427.2:c.1444‐1G>A	https://pubmed.ncbi.nlm.nih.gov/32431071/		PAVS832	[]	[]	['Horseshoe kidney', 'Gross motor delay', 'Developmental delay', 'Axial hypotonia', 'Hyporeflexia', 'Unsteady gait', 'Expressive aphasia', 'Aggressivness', 'Self‐mutilation', 'Arched eyebrows', 'Bulbous nose', 'Flat philtrum', 'Thin lips', 'Intellectual disability,']	['RAP1GDS1']	['c.1444‐1G>A']	GENO:0000137	unknown zygosity	[]	[]	HANCESTRO:0852	Middle Eastern population	GAZ:00005279	Saudi Arabia	['HP:0000085', 'HP:0000233', 'HP:0000319', 'HP:0000414', 'HP:0000718', 'HP:0000742', 'HP:0001249', 'HP:0001263', 'HP:0001265', 'HP:0002194', 'HP:0002317', 'HP:0002427', 'HP:0002553', 'HP:0008936']	['Horseshoe kidney', 'Thin vermilion border', 'Smooth philtrum', 'Bulbous nose', 'Aggressive behavior', 'Self-mutilation', 'Intellectual disability', 'Global developmental delay', 'Hyporeflexia', 'Delayed gross motor development', 'Unsteady gait', 'Expressive aphasia', 'Highly arched eyebrow', 'Axial hypotonia']	[]	[]	['NM_001100427.2(RAP1GDS1):c.1444‐1G>A']	['5910']	GENO:0000137
PAVS833	Horseshoe kidney|Gross motor delay|Developmental delay|Axial hypotonia|Hyporeflexia|Unsteady gait|Expressive aphasia|Aggressivness|Self‐mutilation|Arched eyebrows|Bulbous nose|Flat philtrum|Thin lips|ntellectual disability,	RAP1GDS1:NM_001100427.2:c.1444‐1G>A	https://pubmed.ncbi.nlm.nih.gov/32431071/		PAVS833	[]	[]	['Horseshoe kidney', 'Gross motor delay', 'Developmental delay', 'Axial hypotonia', 'Hyporeflexia', 'Unsteady gait', 'Expressive aphasia', 'Aggressivness', 'Self‐mutilation', 'Arched eyebrows', 'Bulbous nose', 'Flat philtrum', 'Thin lips', 'ntellectual disability,']	['RAP1GDS1']	['c.1444‐1G>A']	GENO:0000137	unknown zygosity	[]	[]	HANCESTRO:0852	Middle Eastern population	GAZ:00005279	Saudi Arabia	['HP:0000085', 'HP:0000233', 'HP:0000319', 'HP:0000414', 'HP:0000718', 'HP:0000742', 'HP:0001249', 'HP:0001263', 'HP:0001265', 'HP:0002194', 'HP:0002317', 'HP:0002427', 'HP:0002553', 'HP:0008936']	['Horseshoe kidney', 'Thin vermilion border', 'Smooth philtrum', 'Bulbous nose', 'Aggressive behavior', 'Self-mutilation', 'Intellectual disability', 'Global developmental delay', 'Hyporeflexia', 'Delayed gross motor development', 'Unsteady gait', 'Expressive aphasia', 'Highly arched eyebrow', 'Axial hypotonia']	[]	[]	['NM_001100427.2(RAP1GDS1):c.1444‐1G>A']	['5910']	GENO:0000137
PAVS834	Club feet|Gross motor delay|Generalized tonic‐clonic seizure|Intellectual disabiliy|Triangular face| Bulbous nose|Retrognathia|Low‐set ears|Short philtrum|Speech delay|Axial hypotonia|ntellectual disability,	RAP1GDS1:NM_001100427.2:c.1444‐1G>A	https://pubmed.ncbi.nlm.nih.gov/32431071/		PAVS834	[]	[]	['Club feet', 'Gross motor delay', 'Generalized tonic‐clonic seizure', 'Intellectual disabiliy', 'Triangular face', 'Bulbous nose', 'Retrognathia', 'Low‐set ears', 'Short philtrum', 'Speech delay', 'Axial hypotonia', 'ntellectual disability,']	['RAP1GDS1']	['c.1444‐1G>A']	GENO:0000137	unknown zygosity	[]	[]	HANCESTRO:0852	Middle Eastern population	GAZ:00005279	Saudi Arabia	['HP:0000278', 'HP:0000322', 'HP:0000325', 'HP:0000369', 'HP:0000414', 'HP:0000750', 'HP:0001249', 'HP:0001762', 'HP:0002194', 'HP:0008936', 'HP:0025190']	['Retrognathia', 'Short philtrum', 'Triangular face', 'Low-set ears', 'Bulbous nose', 'Delayed speech and language development', 'Intellectual disability', 'Talipes equinovarus', 'Delayed gross motor development', 'Axial hypotonia', 'Bilateral tonic-clonic seizure with generalized onset']	[]	[]	['NM_001100427.2(RAP1GDS1):c.1444‐1G>A']	['5910']	GENO:0000137
PAVS835	Club feet |Floppy|Triangular face|Bulbous nose|Everted ears|Short philtrum|Flat philtrum|Retrognathia|Dorsal clonus|Axial hypotonia|Intellectual disability,	RAP1GDS1:NM_001100427.2:c.1444‐1G>A	https://pubmed.ncbi.nlm.nih.gov/32431071/		PAVS835	[]	[]	['Club feet', 'Floppy', 'Triangular face', 'Bulbous nose', 'Everted ears', 'Short philtrum', 'Flat philtrum', 'Retrognathia', 'Dorsal clonus', 'Axial hypotonia', 'Intellectual disability,']	['RAP1GDS1']	['c.1444‐1G>A']	GENO:0000137	unknown zygosity	[]	[]	HANCESTRO:0852	Middle Eastern population	GAZ:00005279	Saudi Arabia	['HP:0000278', 'HP:0000319', 'HP:0000322', 'HP:0000325', 'HP:0000414', 'HP:0001249', 'HP:0001762', 'HP:0002169', 'HP:0008936', 'HP:0008947']	['Retrognathia', 'Smooth philtrum', 'Short philtrum', 'Triangular face', 'Bulbous nose', 'Intellectual disability', 'Talipes equinovarus', 'Clonus', 'Axial hypotonia', 'Floppy infant']	[]	[]	['NM_001100427.2(RAP1GDS1):c.1444‐1G>A']	['5910']	GENO:0000137
PAVS836	Postnatal microcephaly|Nonverbal|Non-ambulatory|Hypotonia|Cerebral atrophy|Delayed myelination|Thin corpus callosum|eneralized myoclonic-tonic-clonic	KCNT1:NM_020822.3:c.1885A>G	https://pubmed.ncbi.nlm.nih.gov/32167590/		PAVS836	[]	[]	['Postnatal microcephaly', 'Nonverbal', 'Non-ambulatory', 'Hypotonia', 'Cerebral atrophy', 'Delayed myelination', 'Thin corpus callosum', 'eneralized myoclonic-tonic-clonic']	['KCNT1']	['c.1885A>G']	GENO:0000137	unknown zygosity	[]	[]	HANCESTRO:0852	Middle Eastern population	GAZ:00005279	Saudi Arabia	['HP:0001252', 'HP:0001344', 'HP:0002059', 'HP:0002540', 'HP:0005484', 'HP:0012448', 'HP:0032795', 'HP:0033725']	['Hypotonia', 'Absent speech', 'Cerebral atrophy', 'Inability to walk', 'Secondary microcephaly', 'Delayed myelination', 'Generalized myoclonic-tonic-clonic seizure', 'Thin corpus callosum']	[]	[]	['NM_020822.3(KCNT1):c.1885A>G']	['57582']	GENO:0000137
PAVS837	Prominent forehead|Hypertelorism|Hypotonia|Nonverbal|Non-ambulatory|Spasticity|Cerebral atrophy|Delayed myelination|Thin corpus callosum|Generalized tonic-clonic	KCNT1:NM_020822.3:c.1421G>A	https://pubmed.ncbi.nlm.nih.gov/32167590/		PAVS837	[]	[]	['Prominent forehead', 'Hypertelorism', 'Hypotonia', 'Nonverbal', 'Non-ambulatory', 'Spasticity', 'Cerebral atrophy', 'Delayed myelination', 'Thin corpus callosum', 'Generalized tonic-clonic']	['KCNT1']	['c.1421G>A']	GENO:0000137	unknown zygosity	[]	[]	HANCESTRO:0852	Middle Eastern population	GAZ:00005279	Saudi Arabia	['HP:0000316', 'HP:0001252', 'HP:0001257', 'HP:0001344', 'HP:0002059', 'HP:0002069', 'HP:0002540', 'HP:0011220', 'HP:0012448', 'HP:0033725']	['Hypertelorism', 'Hypotonia', 'Spasticity', 'Absent speech', 'Cerebral atrophy', 'Bilateral tonic-clonic seizure', 'Inability to walk', 'Prominent forehead', 'Delayed myelination', 'Thin corpus callosum']	[]	[]	['NM_020822.3(KCNT1):c.1421G>A']	['57582']	GENO:0000137
PAVS838	Postnatal microcephaly|Nonverbal|Non-ambulatory|Hypotonia|Cortical visual impairment|Hearing impairment|Verticalized splenium of the CC|Cardiac arrhythmia|Patent foramen ovale|Ventricular septal defect|Focal impaired awareness non-motor seizure|Focal impaired awareness behavior arrest seizure	KCNT1:NM_020822.3:c.862G>A	https://pubmed.ncbi.nlm.nih.gov/32167590/		PAVS838	[]	[]	['Postnatal microcephaly', 'Nonverbal', 'Non-ambulatory', 'Hypotonia', 'Cortical visual impairment', 'Hearing impairment', 'Verticalized splenium of the CC', 'Cardiac arrhythmia', 'Patent foramen ovale', 'Ventricular septal defect', 'Focal impaired awareness non-motor seizure', 'Focal impaired awareness behavior arrest seizure']	['KCNT1']	['c.862G>A']	GENO:0000137	unknown zygosity	[]	[]	HANCESTRO:0852	Middle Eastern population	GAZ:00005279	Saudi Arabia	['HP:0000365', 'HP:0001252', 'HP:0001344', 'HP:0001629', 'HP:0001655', 'HP:0002540', 'HP:0005484', 'HP:0011675', 'HP:0032716', 'HP:0032790', 'HP:0100704']	['Hearing impairment', 'Hypotonia', 'Absent speech', 'Ventricular septal defect', 'Patent foramen ovale', 'Inability to walk', 'Secondary microcephaly', 'Arrhythmia', 'Focal impaired awareness non-motor seizure', 'Focal impaired awareness behavior arrest seizure', 'Cerebral visual impairment']	[]	[]	['NM_020822.3(KCNT1):c.862G>A']	['57582']	GENO:0000137
PAVS839	Postnatal microcephaly|Nonverbal|Non-ambulatory|Hypotonia|Spasticity|Cerebral atrophy|Delayed myelination|Thin corpus callosum|Constipation|Focal impaired awareness motor seizure	KCNT1:NM_020822.3:c.2800G>A	https://pubmed.ncbi.nlm.nih.gov/32167590/		PAVS839	[]	[]	['Postnatal microcephaly', 'Nonverbal', 'Non-ambulatory', 'Hypotonia', 'Spasticity', 'Cerebral atrophy', 'Delayed myelination', 'Thin corpus callosum', 'Constipation', 'Focal impaired awareness motor seizure']	['KCNT1']	['c.2800G>A']	GENO:0000137	unknown zygosity	[]	[]	HANCESTRO:0852	Middle Eastern population	GAZ:00005279	Saudi Arabia	['HP:0001252', 'HP:0001257', 'HP:0001344', 'HP:0002019', 'HP:0002059', 'HP:0002540', 'HP:0005484', 'HP:0012448', 'HP:0032712', 'HP:0033725']	['Hypotonia', 'Spasticity', 'Absent speech', 'Constipation', 'Cerebral atrophy', 'Inability to walk', 'Secondary microcephaly', 'Delayed myelination', 'Focal impaired awareness motor seizure', 'Thin corpus callosum']	[]	[]	['NM_020822.3(KCNT1):c.2800G>A']	['57582']	GENO:0000137
PAVS840	Muscle weakness|Poor head control|Developmental delay|Global joint hyperlaxity|Axial hypotonia|Bifrontal narrowing|Bulbous nose|Smooth philtrum|High arched plate	UGDH:NM_003359.3:c.950G>A	https://pubmed.ncbi.nlm.nih.gov/32175296/		PAVS840	[]	[]	['Muscle weakness', 'Poor head control', 'Developmental delay', 'Global joint hyperlaxity', 'Axial hypotonia', 'Bifrontal narrowing', 'Bulbous nose', 'Smooth philtrum', 'High arched plate']	['UGDH']	['c.950G>A']	GENO:0000137	unknown zygosity	[]	[]	HANCESTRO:0852	Middle Eastern population	GAZ:00005279	Saudi Arabia	['HP:0000218', 'HP:0000319', 'HP:0000414', 'HP:0001263', 'HP:0001324', 'HP:0001382', 'HP:0002421', 'HP:0008936']	['High palate', 'Smooth philtrum', 'Bulbous nose', 'Global developmental delay', 'Muscle weakness', 'Joint hypermobility', 'Poor head control', 'Axial hypotonia']	[]	[]	['NM_003359.3(UGDH):c.950G>A']	['7358']	GENO:0000137
PAVS841	Generalized tonic clonic seizure|Developmental Delay|Hypotonia	KCNQ2:NM_172107.2:c.1464C > G	https://pubmed.ncbi.nlm.nih.gov/31054490/		PAVS841	[]	[]	['Generalized tonic clonic seizure', 'Developmental Delay', 'Hypotonia']	['KCNQ2']	['c.1464C > G']	GENO:0000137	unknown zygosity	[]	[]	HANCESTRO:0852	Middle Eastern population	GAZ:00005279	Saudi Arabia	['HP:0001250', 'HP:0001252', 'HP:0001263']	['Seizure', 'Hypotonia', 'Global developmental delay']	[]	[]	['NM_172107.2(KCNQ2):c.1464C > G']	['3785']	GENO:0000137
PAVS842	Generalized tonic-clonic|Myclonic seizure|Developmental Delay|Microcephaly|Slowing of background|high amplitude delta activity|bifrontal epileptiform discharges|Intractable seizure	PCDH19:NM_001105243.1:c.3263_3264delAA	https://pubmed.ncbi.nlm.nih.gov/31054490/		PAVS842	[]	[]	['Generalized tonic-clonic', 'Myclonic seizure', 'Developmental Delay', 'Microcephaly', 'Slowing of background', 'high amplitude delta activity', 'bifrontal epileptiform discharges', 'Intractable seizure']	['PCDH19']	['c.3263_3264delAA']	GENO:0000137	unknown zygosity	[]	[]	HANCESTRO:0852	Middle Eastern population	GAZ:00005279	Saudi Arabia	['HP:0000252', 'HP:0001250', 'HP:0001263', 'HP:0002069', 'HP:0032794', 'HP:0033716']	['Microcephaly', 'Seizure', 'Global developmental delay', 'Bilateral tonic-clonic seizure', 'Myoclonic seizure', 'EEG with frontal epileptiform discharges']	[]	[]	['NM_001105243.1(PCDH19):c.3263_3264delAA']	['57526']	GENO:0000137
PAVS843	Developmental Delay|Acquired microcephaly|Hypotonia	GNAO1:NM_020988.2:c.683 T > C	https://pubmed.ncbi.nlm.nih.gov/31054490/		PAVS843	[]	[]	['Developmental Delay', 'Acquired microcephaly', 'Hypotonia']	['GNAO1']	['c.683 T > C']	GENO:0000137	unknown zygosity	[]	[]	HANCESTRO:0852	Middle Eastern population	GAZ:00005279	Saudi Arabia	['HP:0001252', 'HP:0001263', 'HP:0005484']	['Hypotonia', 'Global developmental delay', 'Secondary microcephaly']	[]	[]	['NM_020988.2(GNAO1):c.683 T > C']	['2775']	GENO:0000137
PAVS844	Generalized tonic-clonic|Eye myoclonus|Developmental Delay|HypotoniaCcentrotemporal epileptiform discharge|Unsteady gait|Toe walking|Muscle waekness	KCNB1 NM_004975:c.1222C > T	https://pubmed.ncbi.nlm.nih.gov/31054490/		PAVS844	[]	[]	['Generalized tonic-clonic', 'Eye myoclonus', 'Developmental Delay', 'HypotoniaCcentrotemporal epileptiform discharge', 'Unsteady gait', 'Toe walking', 'Muscle waekness']	['KCNB1 NM_004975']	['c.1222C']	GENO:0000137	unknown zygosity	[]	[]	HANCESTRO:0852	Middle Eastern population	GAZ:00005279	Saudi Arabia	['HP:0001252', 'HP:0001263', 'HP:0001324', 'HP:0002069', 'HP:0002317', 'HP:0025097', 'HP:0030051']	['Hypotonia', 'Global developmental delay', 'Muscle weakness', 'Bilateral tonic-clonic seizure', 'Unsteady gait', 'Eyelid myoclonus', 'Tip-toe gait']	[]	[]	['NM_004975.4(KCNB1):c.1222C>T']	['Unknown']	GENO:0000137
PAVS845	Generalized tonic-clonic|Developmental delay|Hypotonia|Microcephaly|Poor eye contact|Generalized widening of cerebral sulci|Prominent brain ventricles|Prominant basal cistern|Diffuse slowing burst suppression pattern during sleep|Multifocal epileptiform discharges|Intractable seizures	SLC25A22 NM_001191060.1:c.754C > T	https://pubmed.ncbi.nlm.nih.gov/31054490/		PAVS845	[]	[]	['Generalized tonic-clonic', 'Developmental delay', 'Hypotonia', 'Microcephaly', 'Poor eye contact', 'Generalized widening of cerebral sulci', 'Prominent brain ventricles', 'Prominant basal cistern', 'Diffuse slowing burst suppression pattern during sleep', 'Multifocal epileptiform discharges', 'Intractable seizures']	['SLC25A22 NM_001191060.1']	['c.754C']	GENO:0000137	unknown zygosity	[]	[]	HANCESTRO:0852	Middle Eastern population	GAZ:00005279	Saudi Arabia	['HP:0000238', 'HP:0000252', 'HP:0000817', 'HP:0001250', 'HP:0001252', 'HP:0001263', 'HP:0002069', 'HP:0010841', 'HP:0020034']	['Hydrocephalus', 'Microcephaly', 'Reduced eye contact', 'Seizure', 'Hypotonia', 'Global developmental delay', 'Bilateral tonic-clonic seizure', 'Multifocal epileptiform discharges', 'Diffuse']	['OMIM:620066']	['Neurodevelopmental disorder with microcephaly, cerebral atrophy, and visual impairment']	['NM_001191060.1:c.754C>T']	['Unknown']	GENO:0000137
PAVS846	"Generalized tonic-clonic|Eye blinking|Facial twitching|Developmental delay|Hypotonia|Microcephaly|Poor eye contact|Delayed myelination|Diffuse slowing|Multifocal spike|Wave discharges|Intractable seizures|GERD|Oropharyngeal dysphagia|Esophagitis pseudoachalasia|Mild ventricular dilatation|Mild mitral regurgitation


"	KCNT1:NM_020822.2:c.1130 G > C	https://pubmed.ncbi.nlm.nih.gov/31054490/		PAVS846	[]	[]	['Generalized tonic-clonic', 'Eye blinking', 'Facial twitching', 'Developmental delay', 'Hypotonia', 'Microcephaly', 'Poor eye contact', 'Delayed myelination', 'Diffuse slowing', 'Multifocal spike', 'Wave discharges', 'Intractable seizures', 'GERD', 'Oropharyngeal dysphagia', 'Esophagitis pseudoachalasia', 'Mild ventricular dilatation', 'Mild mitral regurgitation']	['KCNT1']	['c.1130 G > C']	GENO:0000137	unknown zygosity	[]	[]	HANCESTRO:0852	Middle Eastern population	GAZ:00005279	Saudi Arabia	['HP:0000252', 'HP:0000817', 'HP:0001250', 'HP:0001252', 'HP:0001263', 'HP:0001653', 'HP:0002020', 'HP:0002069', 'HP:0002119', 'HP:0002571', 'HP:0010546', 'HP:0012448', 'HP:0020034', 'HP:0030651', 'HP:0200136']	['Microcephaly', 'Reduced eye contact', 'Seizure', 'Hypotonia', 'Global developmental delay', 'Mitral regurgitation', 'Gastroesophageal reflux', 'Bilateral tonic-clonic seizure', 'Ventriculomegaly', 'Achalasia', 'Muscle fibrillation', 'Delayed myelination', 'Diffuse', 'Multifocal', 'Oral-pharyngeal dysphagia']	[]	[]	['NM_020822.2(KCNT1):c.1130 G > C']	['57582']	GENO:0000137
PAVS847	"Tonic seizure|Head deviation|Staring gaze|Developmental delay|Microcephaly|Optokinetic nystagmus|Encephalopathy|Intractable seizures


"	CDKL5:NM_003159.2:c.119C > A	https://pubmed.ncbi.nlm.nih.gov/31054490/		PAVS847	[]	[]	['Tonic seizure', 'Head deviation', 'Staring gaze', 'Developmental delay', 'Microcephaly', 'Optokinetic nystagmus', 'Encephalopathy', 'Intractable seizures']	['CDKL5']	['c.119C > A']	GENO:0000137	unknown zygosity	[]	[]	HANCESTRO:0852	Middle Eastern population	GAZ:00005279	Saudi Arabia	['HP:0000152', 'HP:0000252', 'HP:0001250', 'HP:0001263', 'HP:0001298', 'HP:0008026', 'HP:0025401', 'HP:0032792']	['Abnormality of head or neck', 'Microcephaly', 'Seizure', 'Global developmental delay', 'Encephalopathy', 'Horizontal opticokinetic nystagmus', 'Staring gaze', 'Tonic seizure']	[]	[]	['NM_003159.2(CDKL5):c.119C > A']	['6792']	GENO:0000137
PAVS848	Epileptic encephalopathy HP:0200134|Hepatomegaly|Brain atrophy	WWOX:NM_016373.3:c.409 + 1G > T	https://pubmed.ncbi.nlm.nih.gov/31054490/		PAVS848	['HP:0200134']	['Epileptic encephalopathy']	['Hepatomegaly', 'Brain atrophy']	['WWOX']	['c.409 + 1G > T']	GENO:0000137	unknown zygosity	[]	[]	HANCESTRO:0852	Middle Eastern population	GAZ:00005279	Saudi Arabia	['HP:0002240', 'HP:0012444', 'HP:0200134']	['Hepatomegaly', 'Brain atrophy', 'Epileptic encephalopathy']	[]	[]	['NM_016373.3(WWOX):c.409 + 1G > T']	['51741']	GENO:0000137
PAVS849	"Developmental delay|Hypotonia|Microcephaly







"	SLC13A5:NM_177550.4:c.1227dupC	https://pubmed.ncbi.nlm.nih.gov/31054490/		PAVS849	[]	[]	['Developmental delay', 'Hypotonia', 'Microcephaly']	['SLC13A5']	['c.1227dupC']	GENO:0000137	unknown zygosity	[]	[]	HANCESTRO:0852	Middle Eastern population	GAZ:00005279	Saudi Arabia	['HP:0000252', 'HP:0001252', 'HP:0001263']	['Microcephaly', 'Hypotonia', 'Global developmental delay']	[]	[]	['NM_177550.4(SLC13A5):c.1227dupC']	['284111']	GENO:0000137
PAVS850	"Generalized tonic-clonic|Generalized spike-wave


"	SCN1A:NM_001165963.1:c.1244 T > C	https://pubmed.ncbi.nlm.nih.gov/31054490/		PAVS850	[]	[]	['Generalized tonic-clonic', 'Generalized spike-wave']	['SCN1A']	['c.1244 T > C']	GENO:0000137	unknown zygosity	[]	[]	HANCESTRO:0852	Middle Eastern population	GAZ:00005279	Saudi Arabia	['HP:0001326', 'HP:0002069']	['EEG with irregular generalized spike and wave complexes', 'Bilateral tonic-clonic seizure']	[]	[]	['NM_001165963.1(SCN1A):c.1244 T > C']	['6323']	GENO:0000137
PAVS851	Generalized tonic-clonic|Developmental delay|Hypotonia| |Focal sharp wave activity	SCN2A:NM_021007.2:c.4390 A > G	https://pubmed.ncbi.nlm.nih.gov/31054490/		PAVS851	[]	[]	['Generalized tonic-clonic', 'Developmental delay', 'Hypotonia', 'Focal sharp wave activity']	['SCN2A']	['c.4390 A > G']	GENO:0000137	unknown zygosity	[]	[]	HANCESTRO:0852	Middle Eastern population	GAZ:00005279	Saudi Arabia	['HP:0001252', 'HP:0001263', 'HP:0002069', 'HP:0025281']	['Hypotonia', 'Global developmental delay', 'Bilateral tonic-clonic seizure', 'Sharp']	[]	[]	['NM_021007.2(SCN2A):c.4390 A > G']	['6326']	GENO:0000137
PAVS852	Generalized tonic-clonic	CDKL5:NM_003159.2:c.291C > T	https://pubmed.ncbi.nlm.nih.gov/31054490/		PAVS852	[]	[]	['Generalized tonic-clonic']	['CDKL5']	['c.291C > T']	GENO:0000137	unknown zygosity	[]	[]	HANCESTRO:0852	Middle Eastern population	GAZ:00005279	Saudi Arabia	['HP:0002069']	['Bilateral tonic-clonic seizure']	[]	[]	['NM_003159.2(CDKL5):c.291C > T']	['6792']	GENO:0000137
PAVS853	Focal seizure| Generalized tonic-clonic|Global developmental delay|Brain atrophy|Delayed myelination|Epileptic Encephalopathy	KCNQ2:NM_172107.2:c.1744 A > T	https://pubmed.ncbi.nlm.nih.gov/31054490/		PAVS853	[]	[]	['Focal\u2009seizure', 'Generalized tonic-clonic', 'Global developmental delay', 'Brain atrophy', 'Delayed myelination', 'Epileptic Encephalopathy']	['KCNQ2']	['c.1744 A > T']	GENO:0000137	unknown zygosity	[]	[]	HANCESTRO:0852	Middle Eastern population	GAZ:00005279	Saudi Arabia	['HP:0001263', 'HP:0002069', 'HP:0007359', 'HP:0012444', 'HP:0012448', 'HP:0200134']	['Global developmental delay', 'Bilateral tonic-clonic seizure', 'Focal-onset seizure', 'Brain atrophy', 'Delayed myelination', 'Epileptic encephalopathy']	[]	[]	['NM_172107.2(KCNQ2):c.1744 A > T']	['3785']	GENO:0000137
PAVS854	Focal seizure| Generalized tonic-clonic|Developmental regression|Brain atrophy|spike and sharp waves	PLCB1:NM_015192.3:c.550C > T	https://pubmed.ncbi.nlm.nih.gov/31054490/		PAVS854	[]	[]	['Focal\u2009seizure', 'Generalized tonic-clonic', 'Developmental regression', 'Brain atrophy', 'spike and sharp waves']	['PLCB1']	['c.550C > T']	GENO:0000137	unknown zygosity	[]	[]	HANCESTRO:0852	Middle Eastern population	GAZ:00005279	Saudi Arabia	['HP:0002069', 'HP:0002376', 'HP:0007359', 'HP:0012444', 'HP:0025281']	['Bilateral tonic-clonic seizure', 'Developmental regression', 'Focal-onset seizure', 'Brain atrophy', 'Sharp']	[]	[]	['NM_015192.3(PLCB1):c.550C > T']	['23236']	GENO:0000137
PAVS855	Focal seizure| Generalized tonic-clonic|Developmental regression|Brain atrophy|Lennox-Gastaut syndrome	PLCB1:NM_015192.3:c.550C > T	https://pubmed.ncbi.nlm.nih.gov/31054490/		PAVS855	[]	[]	['Focal\u2009seizure', 'Generalized tonic-clonic', 'Developmental regression', 'Brain atrophy', 'Lennox-Gastaut syndrome']	['PLCB1']	['c.550C > T']	GENO:0000137	unknown zygosity	[]	[]	HANCESTRO:0852	Middle Eastern population	GAZ:00005279	Saudi Arabia	['HP:0002069', 'HP:0002376', 'HP:0007359', 'HP:0012444']	['Bilateral tonic-clonic seizure', 'Developmental regression', 'Focal-onset seizure', 'Brain atrophy']	['ORPHA:2382']	['Lennox-Gastaut syndrome']	['NM_015192.3(PLCB1):c.550C > T']	['23236']	GENO:0000137
PAVS856	Generalized tonic-clonic|Global developmental delay|Lennox-Gastaut syndrome	SCN8A:NM_014191.3:c.82C > T	https://pubmed.ncbi.nlm.nih.gov/31054490/		PAVS856	[]	[]	['Generalized tonic-clonic', 'Global developmental delay', 'Lennox-Gastaut syndrome']	['SCN8A']	['c.82C > T']	GENO:0000137	unknown zygosity	[]	[]	HANCESTRO:0852	Middle Eastern population	GAZ:00005279	Saudi Arabia	['HP:0001263', 'HP:0002069']	['Global developmental delay', 'Bilateral tonic-clonic seizure']	['ORPHA:2382']	['Lennox-Gastaut syndrome']	['NM_014191.3(SCN8A):c.82C > T']	['6334']	GENO:0000137
PAVS857	Focal seizure| Generalized tonic-clonic|Generalized tonic-clonic|Global developmental delay|Brain atrophy|Lennox-Gastaut syndrome	SCN8A:NM_014191.3:c.82C > T	https://pubmed.ncbi.nlm.nih.gov/31054490/		PAVS857	[]	[]	['Focal\u2009seizure', 'Generalized tonic-clonic', 'Generalized tonic-clonic', 'Global developmental delay', 'Brain atrophy', 'Lennox-Gastaut syndrome']	['SCN8A']	['c.82C > T']	GENO:0000137	unknown zygosity	[]	[]	HANCESTRO:0852	Middle Eastern population	GAZ:00005279	Saudi Arabia	['HP:0001263', 'HP:0002069', 'HP:0007359', 'HP:0012444']	['Global developmental delay', 'Bilateral tonic-clonic seizure', 'Focal-onset seizure', 'Brain atrophy']	['ORPHA:2382']	['Lennox-Gastaut syndrome']	['NM_014191.3(SCN8A):c.82C > T']	['6334']	GENO:0000137
PAVS858	"Generalized tonic clonic|Global developmental delay|Intellectual deficit|Multifocal


"	SLC13A5:NM_177550.4:c.785 T > C	https://pubmed.ncbi.nlm.nih.gov/31054490/		PAVS858	[]	[]	['Generalized tonic clonic', 'Global developmental delay', 'Intellectual deficit', 'Multifocal']	['SLC13A5']	['c.785 T > C']	GENO:0000137	unknown zygosity	[]	[]	HANCESTRO:0852	Middle Eastern population	GAZ:00005279	Saudi Arabia	['HP:0001249', 'HP:0001263', 'HP:0002069', 'HP:0030651']	['Intellectual disability', 'Global developmental delay', 'Bilateral tonic-clonic seizure', 'Multifocal']	[]	[]	['NM_177550.4(SLC13A5):c.785 T > C']	['284111']	GENO:0000137
PAVS859	"Generalized tonic clonic|Global developmental delay|Intellectual deficit|Multifocal


"	SLC13A5:NM_177550.4:c.1227dupC	https://pubmed.ncbi.nlm.nih.gov/31054490/		PAVS859	[]	[]	['Generalized tonic clonic', 'Global developmental delay', 'Intellectual deficit', 'Multifocal']	['SLC13A5']	['c.1227dupC']	GENO:0000137	unknown zygosity	[]	[]	HANCESTRO:0852	Middle Eastern population	GAZ:00005279	Saudi Arabia	['HP:0001249', 'HP:0001263', 'HP:0002069', 'HP:0030651']	['Intellectual disability', 'Global developmental delay', 'Bilateral tonic-clonic seizure', 'Multifocal']	[]	[]	['NM_177550.4(SLC13A5):c.1227dupC']	['284111']	GENO:0000137
PAVS860	"Generalized tonic clonic|Global developmental delay|Intellectual deficit|Multifocal


"	SLC13A5:NM_177550.4:c.1227_1228insC	https://pubmed.ncbi.nlm.nih.gov/31054490/		PAVS860	[]	[]	['Generalized tonic clonic', 'Global developmental delay', 'Intellectual deficit', 'Multifocal']	['SLC13A5']	['c.1227_1228insC']	GENO:0000137	unknown zygosity	[]	[]	HANCESTRO:0852	Middle Eastern population	GAZ:00005279	Saudi Arabia	['HP:0001249', 'HP:0001263', 'HP:0002069', 'HP:0030651']	['Intellectual disability', 'Global developmental delay', 'Bilateral tonic-clonic seizure', 'Multifocal']	[]	[]	['NM_177550.4(SLC13A5):c.1227_1228insC']	['284111']	GENO:0000137
PAVS861	"Generalized tonic clonic|Global developmental delay|Intellectual deficit|Multifocal


"	SLC13A5:NM_177550.4:c.1227_1228insC	https://pubmed.ncbi.nlm.nih.gov/31054490/		PAVS861	[]	[]	['Generalized tonic clonic', 'Global developmental delay', 'Intellectual deficit', 'Multifocal']	['SLC13A5']	['c.1227_1228insC']	GENO:0000137	unknown zygosity	[]	[]	HANCESTRO:0852	Middle Eastern population	GAZ:00005279	Saudi Arabia	['HP:0001249', 'HP:0001263', 'HP:0002069', 'HP:0030651']	['Intellectual disability', 'Global developmental delay', 'Bilateral tonic-clonic seizure', 'Multifocal']	[]	[]	['NM_177550.4(SLC13A5):c.1227_1228insC']	['284111']	GENO:0000137
PAVS862	"Generalized tonic clonic|Global developmental delay|Intellectual deficit|Multifocal


"	SLC13A5:NM_177550.4:c.1227_1228insC	https://pubmed.ncbi.nlm.nih.gov/31054490/		PAVS862	[]	[]	['Generalized tonic clonic', 'Global developmental delay', 'Intellectual deficit', 'Multifocal']	['SLC13A5']	['c.1227_1228insC']	GENO:0000137	unknown zygosity	[]	[]	HANCESTRO:0852	Middle Eastern population	GAZ:00005279	Saudi Arabia	['HP:0001249', 'HP:0001263', 'HP:0002069', 'HP:0030651']	['Intellectual disability', 'Global developmental delay', 'Bilateral tonic-clonic seizure', 'Multifocal']	[]	[]	['NM_177550.4(SLC13A5):c.1227_1228insC']	['284111']	GENO:0000137
PAVS863	"Generalized tonic clonic|Global developmental delay|Intellectual deficit|Multifocal


"	SLC13A5:NM_177550.4:c.785 T > C	https://pubmed.ncbi.nlm.nih.gov/31054490/		PAVS863	[]	[]	['Generalized tonic clonic', 'Global developmental delay', 'Intellectual deficit', 'Multifocal']	['SLC13A5']	['c.785 T > C']	GENO:0000137	unknown zygosity	[]	[]	HANCESTRO:0852	Middle Eastern population	GAZ:00005279	Saudi Arabia	['HP:0001249', 'HP:0001263', 'HP:0002069', 'HP:0030651']	['Intellectual disability', 'Global developmental delay', 'Bilateral tonic-clonic seizure', 'Multifocal']	[]	[]	['NM_177550.4(SLC13A5):c.785 T > C']	['284111']	GENO:0000137
PAVS864	"Generalized tonic clonic|Global developmental delay|Diffuse white matter|Epileptic Encephalopathy





"	SCN2A:NM_001040143.1:c.638 T > C	https://pubmed.ncbi.nlm.nih.gov/31054490/		PAVS864	[]	[]	['Generalized tonic clonic', 'Global developmental delay', 'Diffuse white matter', 'Epileptic Encephalopathy']	['SCN2A']	['c.638 T > C']	GENO:0000137	unknown zygosity	[]	[]	HANCESTRO:0852	Middle Eastern population	GAZ:00005279	Saudi Arabia	['HP:0001263', 'HP:0002069', 'HP:0007204', 'HP:0200134']	['Global developmental delay', 'Bilateral tonic-clonic seizure', 'Diffuse white matter abnormalities', 'Epileptic encephalopathy']	[]	[]	['NM_001040143.1(SCN2A):c.638 T > C']	['6326']	GENO:0000137
PAVS865	"Generalized tonic clonic|Global developmental delay|Slow spike on EEG | Slow waves|



"	SCN8A:NM_014191.3:c.82C > T	https://pubmed.ncbi.nlm.nih.gov/31054490/		PAVS865	[]	[]	['Generalized tonic clonic', 'Global developmental delay', 'Slow spike on EEG', 'Slow waves']	['SCN8A']	['c.82C > T']	GENO:0000137	unknown zygosity	[]	[]	HANCESTRO:0852	Middle Eastern population	GAZ:00005279	Saudi Arabia	['HP:0001263', 'HP:0002069', 'HP:0011195']	['Global developmental delay', 'Bilateral tonic-clonic seizure', 'EEG with focal sharp slow waves']	['OMIM:130400']	['ELECTROENCEPHALOGRAPHIC PECULIARITY: OCCIPITAL SLOW BETA WAVES']	['NM_014191.3(SCN8A):c.82C > T']	['6334']	GENO:0000137
PAVS866	"Generalized tonic clonic|Global developmental delay|Intellectual deficit


"	ARHGEF9:NM_015185.2:c.1476 T > G	https://pubmed.ncbi.nlm.nih.gov/31054490/		PAVS866	[]	[]	['Generalized tonic clonic', 'Global developmental delay', 'Intellectual deficit']	['ARHGEF9']	['c.1476 T > G']	GENO:0000137	unknown zygosity	[]	[]	HANCESTRO:0852	Middle Eastern population	GAZ:00005279	Saudi Arabia	['HP:0001249', 'HP:0001263', 'HP:0002069']	['Intellectual disability', 'Global developmental delay', 'Bilateral tonic-clonic seizure']	[]	[]	['NM_015185.2(ARHGEF9):c.1476 T > G']	['23229']	GENO:0000137
PAVS867	"Generalized tonic clonic|Global developmental delay|Neurodegenerative disease|Lennox-Gastaut syndrome





"	SLC25A22:NM_001191060.1:c.55 G > A	https://pubmed.ncbi.nlm.nih.gov/31054490/		PAVS867	[]	[]	['Generalized tonic clonic', 'Global developmental delay', 'Neurodegenerative disease', 'Lennox-Gastaut syndrome']	['SLC25A22']	['c.55 G > A']	GENO:0000137	unknown zygosity	[]	[]	HANCESTRO:0852	Middle Eastern population	GAZ:00005279	Saudi Arabia	['HP:0001263', 'HP:0002069', 'HP:0002180']	['Global developmental delay', 'Bilateral tonic-clonic seizure', 'Neurodegeneration']	['ORPHA:2382']	['Lennox-Gastaut syndrome']	['NM_001191060.1(SLC25A22):c.55 G > A']	['79751']	GENO:0000137
PAVS868	"Generalized tonic clonic|Focal seizure|Febril seizure|developmental regression|Thick cerebral cortex|Lennox-Gastaut syndrome





"	SCN1A:NM_001165963.1:c.1498C > T	https://pubmed.ncbi.nlm.nih.gov/31054490/		PAVS868	[]	[]	['Generalized tonic clonic', 'Focal seizure', 'Febril seizure', 'developmental regression', 'Thick cerebral cortex', 'Lennox-Gastaut syndrome']	['SCN1A']	['c.1498C > T']	GENO:0000137	unknown zygosity	[]	[]	HANCESTRO:0852	Middle Eastern population	GAZ:00005279	Saudi Arabia	['HP:0002069', 'HP:0002373', 'HP:0002376', 'HP:0006891', 'HP:0007359']	['Bilateral tonic-clonic seizure', 'Febrile seizure (within the age range of 3 months to 6 years)', 'Developmental regression', 'Thick cerebral cortex', 'Focal-onset seizure']	['ORPHA:2382']	['Lennox-Gastaut syndrome']	['NM_001165963.1(SCN1A):c.1498C > T']	['6323']	GENO:0000137
PAVS869	Generalized tonic clonic|Focal seizure|Global developmental delay|Epileptic Encephalopathy	SLC25A12:NM_003705.4:c.1385C > T	https://pubmed.ncbi.nlm.nih.gov/31054490/		PAVS869	[]	[]	['Generalized tonic clonic', 'Focal seizure', 'Global developmental delay', 'Epileptic Encephalopathy']	['SLC25A12']	['c.1385C > T']	GENO:0000137	unknown zygosity	[]	[]	HANCESTRO:0852	Middle Eastern population	GAZ:00005279	Saudi Arabia	['HP:0001263', 'HP:0002069', 'HP:0007359', 'HP:0200134']	['Global developmental delay', 'Bilateral tonic-clonic seizure', 'Focal-onset seizure', 'Epileptic encephalopathy']	[]	[]	['NM_003705.4(SLC25A12):c.1385C > T']	['8604']	GENO:0000137
PAVS870	Generalized spike|Slow wave 	SCN1A:NM_001202435.1:c.671 T > G	https://pubmed.ncbi.nlm.nih.gov/31054490/		PAVS870	[]	[]	['Generalized spike', 'Slow wave']	['SCN1A']	['c.671 T > G']	GENO:0000137	unknown zygosity	[]	[]	HANCESTRO:0852	Middle Eastern population	GAZ:00005279	Saudi Arabia	['HP:0011195', 'HP:0012000']	['EEG with focal sharp slow waves', 'EEG with generalized spikes']	[]	[]	['NM_001202435.1(SCN1A):c.671 T > G']	['6323']	GENO:0000137
PAVS871	Generalized tonic-cloni|myoclonic|Intellectual disability,|Attention deficit hyperactivity disorder|Vermis hypoplasia|Generalized poly spikes|Generalized wave|	KCNA2 NM_004974.3:c.1265_1266del	https://pubmed.ncbi.nlm.nih.gov/31054490/		PAVS871	[]	[]	['Generalized tonic-cloni', 'myoclonic', 'Intellectual disability,', 'Attention deficit hyperactivity disorder', 'Vermis hypoplasia', 'Generalized poly spikes', 'Generalized wave']	['KCNA2 NM_004974.3']	['c.1265_1266del']	GENO:0000137	unknown zygosity	[]	[]	HANCESTRO:0852	Middle Eastern population	GAZ:00005279	Saudi Arabia	['HP:0001249', 'HP:0001320', 'HP:0001326', 'HP:0001336', 'HP:0002069', 'HP:0007018']	['Intellectual disability', 'Cerebellar vermis hypoplasia', 'EEG with irregular generalized spike and wave complexes', 'Myoclonus', 'Bilateral tonic-clonic seizure', 'Attention deficit hyperactivity disorder']	[]	[]	['NM_004974.3:c.1265_1266del']	['Unknown']	GENO:0000137
PAVS872	Focal seizure|Generalized tonic-cloni|Developmental delay|Microcephaly|Epileptic Encephalopathy	SLC13A5:NM_177550.4:c.785 T > C	https://pubmed.ncbi.nlm.nih.gov/31054490/		PAVS872	[]	[]	['Focal seizure', 'Generalized tonic-cloni', 'Developmental delay', 'Microcephaly', 'Epileptic Encephalopathy']	['SLC13A5']	['c.785 T > C']	GENO:0000137	unknown zygosity	[]	[]	HANCESTRO:0852	Middle Eastern population	GAZ:00005279	Saudi Arabia	['HP:0000252', 'HP:0001263', 'HP:0002069', 'HP:0007359', 'HP:0200134']	['Microcephaly', 'Global developmental delay', 'Bilateral tonic-clonic seizure', 'Focal-onset seizure', 'Epileptic encephalopathy']	[]	[]	['NM_177550.4(SLC13A5):c.785 T > C']	['284111']	GENO:0000137
PAVS873	Focal seizure|Generalized tonic-cloni|Multifocal discharge	SLC13A5:NM_177550.3:c.1654 T > A	https://pubmed.ncbi.nlm.nih.gov/31054490/		PAVS873	[]	[]	['Focal seizure', 'Generalized tonic-cloni', 'Multifocal discharge']	['SLC13A5']	['c.1654 T > A']	GENO:0000137	unknown zygosity	[]	[]	HANCESTRO:0852	Middle Eastern population	GAZ:00005279	Saudi Arabia	['HP:0002069', 'HP:0007359', 'HP:0030651']	['Bilateral tonic-clonic seizure', 'Focal-onset seizure', 'Multifocal']	[]	[]	['NM_177550.3(SLC13A5):c.1654 T > A']	['284111']	GENO:0000137
PAVS874	Burst suppression|Generalized tonic-clonic|Intellectual deficit|Microcephaly	ARX:NM_139058.2:c.1019 T > C	https://pubmed.ncbi.nlm.nih.gov/31054490/		PAVS874	[]	[]	['Burst suppression', 'Generalized tonic-clonic', 'Intellectual deficit', 'Microcephaly']	['ARX']	['c.1019 T > C']	GENO:0000137	unknown zygosity	[]	[]	HANCESTRO:0852	Middle Eastern population	GAZ:00005279	Saudi Arabia	['HP:0000252', 'HP:0001249', 'HP:0002069', 'HP:0010851']	['Microcephaly', 'Intellectual disability', 'Bilateral tonic-clonic seizure', 'EEG with burst suppression']	[]	[]	['NM_139058.2(ARX):c.1019 T > C']	['170302']	GENO:0000137
PAVS875	progressive neurodegeneration	GM2A:NM_000405.4:c.164C > T:p.P55L	https://pubmed.ncbi.nlm.nih.gov/25558065/		PAVS875	[]	[]	['progressive neurodegeneration']	['GM2A']	['c.164C > T']	GENO:0000137	unknown zygosity	[]	[]	HANCESTRO:0852	Middle Eastern population	GAZ:00005279	Saudi Arabia	['HP:0002344']	['Progressive neurologic deterioration']	[]	[]	['NM_000405.4(GM2A):c.164C > T']	['2760']	GENO:0000137
PAVS876	Speech delay|Motor delay|Tremor|Microcephaly|Strabismus	SPG20:NM_001142294:c.1450_1451insA:p.T484fs	https://pubmed.ncbi.nlm.nih.gov/25558065/		PAVS876	[]	[]	['Speech delay', 'Motor delay', 'Tremor', 'Microcephaly', 'Strabismus']	['SPG20']	['c.1450_1451insA']	GENO:0000137	unknown zygosity	[]	[]	HANCESTRO:0852	Middle Eastern population	GAZ:00005279	Saudi Arabia	['HP:0000252', 'HP:0000486', 'HP:0000750', 'HP:0001270', 'HP:0001337']	['Microcephaly', 'Strabismus', 'Delayed speech and language development', 'Motor delay', 'Tremor']	[]	[]	['NM_001142294(SPG20):c.1450_1451insA']	['23111']	GENO:0000137
PAVS877	Choreoathetosis	CYP27A1:NM_000784:c.1342C > T:p.R448C	https://pubmed.ncbi.nlm.nih.gov/25558065/		PAVS877	[]	[]	['Choreoathetosis']	['CYP27A1']	['c.1342C > T']	GENO:0000137	unknown zygosity	[]	[]	HANCESTRO:0852	Middle Eastern population	GAZ:00005279	Saudi Arabia	['HP:0001266']	['Choreoathetosis']	[]	[]	['NM_000784(CYP27A1):c.1342C > T']	['1593']	GENO:0000137
PAVS878	Microcephaly|Static encephalopathy	NPC2:NM_006432:c.88G > A: p.V30M	https://pubmed.ncbi.nlm.nih.gov/25558065/		PAVS878	[]	[]	['Microcephaly', 'Static encephalopathy']	['NPC2']	['c.88G > A']	GENO:0000137	unknown zygosity	[]	[]	HANCESTRO:0852	Middle Eastern population	GAZ:00005279	Saudi Arabia	['HP:0000252', 'HP:0001298']	['Microcephaly', 'Encephalopathy']	[]	[]	['NM_006432(NPC2):c.88G > A']	['10577']	GENO:0000137
PAVS879	Global developmental delay|Epilepsy|Hydrocephalus	ARFGEF2:NM_006420:c.656_657insC:p.P219fs	https://pubmed.ncbi.nlm.nih.gov/25558065/		PAVS879	[]	[]	['Global developmental delay', 'Epilepsy', 'Hydrocephalus']	['ARFGEF2']	['c.656_657insC']	GENO:0000137	unknown zygosity	[]	[]	HANCESTRO:0852	Middle Eastern population	GAZ:00005279	Saudi Arabia	['HP:0000238', 'HP:0001250', 'HP:0001263']	['Hydrocephalus', 'Seizure', 'Global developmental delay']	[]	[]	['NM_006420(ARFGEF2):c.656_657insC']	['10564']	GENO:0000137
PAVS880	Primary microcephaly|Global developmental delay	PNKP:NM_007254:c.1250_1251insAACGGGTCGCCATCGAC	https://pubmed.ncbi.nlm.nih.gov/25558065/		PAVS880	[]	[]	['Primary microcephaly', 'Global developmental delay']	['PNKP']	['c.1250_1251insAACGGGTCGCCATCGAC']	GENO:0000137	unknown zygosity	[]	[]	HANCESTRO:0852	Middle Eastern population	GAZ:00005279	Saudi Arabia	['HP:0001263', 'HP:0011451']	['Global developmental delay', 'Primary microcephaly']	[]	[]	['NM_007254(PNKP):c.1250_1251insAACGGGTCGCCATCGAC']	['11284']	GENO:0000137
PAVS881	Ptosis|Sacral agenesis	RYR1:NM_000540:c.6617C > T:p.T2206M	https://pubmed.ncbi.nlm.nih.gov/25558065/		PAVS881	[]	[]	['Ptosis', 'Sacral agenesis']	['RYR1']	['c.6617C > T']	GENO:0000137	unknown zygosity	[]	[]	HANCESTRO:0852	Middle Eastern population	GAZ:00005279	Saudi Arabia	['HP:0000508', 'HP:0010305']	['Ptosis', 'Absence of the sacrum']	[]	[]	['NM_000540(RYR1):c.6617C > T']	['6261']	GENO:0000137
PAVS882	Fetal akinesia|Brain ischemia and neonatal death	FBN2:NM_001999:c.1064G > A:p.G355D	https://pubmed.ncbi.nlm.nih.gov/25558065/		PAVS882	[]	[]	['Fetal akinesia', 'Brain ischemia and neonatal death']	['FBN2']	['c.1064G > A']	GENO:0000137	unknown zygosity	[]	[]	HANCESTRO:0852	Middle Eastern population	GAZ:00005279	Saudi Arabia	['HP:0001989', 'HP:0002637']	['Fetal akinesia sequence', 'Cerebral ischemia']	[]	[]	['NM_001999(FBN2):c.1064G > A']	['2201']	GENO:0000137
PAVS883	Isolated cerebellar atrophy	DDHD2 23 (large scale deletion)	https://pubmed.ncbi.nlm.nih.gov/25558065/		PAVS883	[]	[]	['Isolated cerebellar atrophy']	[]	['DDHD2 23 (large scale deletion)']	GENO:0000137	unknown zygosity	[]	[]	HANCESTRO:0852	Middle Eastern population	GAZ:00005279	Saudi Arabia	['HP:0001272']	['Cerebellar atrophy']	[]	[]	['DDHD2:c.23del']	[]	GENO:0000137
PAVS884	Severe brain malformation (hydranencephaly and severe cerebellar hypoplasia)	WDR81:NM_001163809:c.845G > A:p.G282E	https://pubmed.ncbi.nlm.nih.gov/25558065/		PAVS884	[]	[]	['Severe brain malformation (hydranencephaly and severe cerebellar hypoplasia)']	['WDR81']	['c.845G > A']	GENO:0000137	unknown zygosity	[]	[]	HANCESTRO:0852	Middle Eastern population	GAZ:00005279	Saudi Arabia	[]	[]	['OMIM:619383']	['Neurodevelopmental disorder with hypotonia, facial dysmorphism, and brain abnormalities']	['NM_001163809(WDR81):c.845G > A']	['124997']	GENO:0000137
PAVS885	Intellectual disability,|Noonan-like facies|Pulmonary stenosis	ZNF526:NM_133444:c.479A > C:p.K160T	https://pubmed.ncbi.nlm.nih.gov/25558065/		PAVS885	[]	[]	['Intellectual disability,', 'Noonan-like facies', 'Pulmonary stenosis']	['ZNF526']	['c.479A > C']	GENO:0000137	unknown zygosity	[]	[]	HANCESTRO:0852	Middle Eastern population	GAZ:00005279	Saudi Arabia	['HP:0001249', 'HP:0001642']	['Intellectual disability', 'Pulmonic stenosis']	[]	[]	['NM_133444(ZNF526):c.479A > C']	['116115']	GENO:0000137
PAVS886	Isolated cerebellar hypoplasia	ADCK3:NM_020247:c.1744dup	https://pubmed.ncbi.nlm.nih.gov/25558065/		PAVS886	[]	[]	['Isolated cerebellar hypoplasia']	['ADCK3']	['c.1744dup']	GENO:0000137	unknown zygosity	[]	[]	HANCESTRO:0852	Middle Eastern population	GAZ:00005279	Saudi Arabia	['HP:0001321']	['Cerebellar hypoplasia']	[]	[]	['NM_020247(ADCK3):c.1744dup']	['56997']	GENO:0000137
PAVS887	Microcephaly|Speech delay|Spasticity|Hypomyelination|Hypoplastic corpus callosum|Brain atrophy.	AP4M1:NM_004722:c.C952T:p.R31	https://pubmed.ncbi.nlm.nih.gov/25558065/		PAVS887	[]	[]	['Microcephaly', 'Speech delay', 'Spasticity', 'Hypomyelination', 'Hypoplastic corpus callosum', 'Brain atrophy.']	['AP4M1']	['c.C952T']	GENO:0000137	unknown zygosity	[]	[]	HANCESTRO:0852	Middle Eastern population	GAZ:00005279	Saudi Arabia	['HP:0000252', 'HP:0000750', 'HP:0001257', 'HP:0002079', 'HP:0003429', 'HP:0012444']	['Microcephaly', 'Delayed speech and language development', 'Spasticity', 'Hypoplasia of the corpus callosum', 'CNS hypomyelination', 'Brain atrophy']	[]	[]	['NM_004722(AP4M1):c.C952T']	['9179']	GENO:0000137
PAVS888	Primary microcephaly|Neonatal death	CCDC99:NM_017785:c.1724_1747 del:p.S575_T582 del	https://pubmed.ncbi.nlm.nih.gov/25558065/		PAVS888	[]	[]	['Primary microcephaly', 'Neonatal death']	['CCDC99']	['c.1724_1747 del']	GENO:0000137	unknown zygosity	[]	[]	HANCESTRO:0852	Middle Eastern population	GAZ:00005279	Saudi Arabia	['HP:0003811', 'HP:0011451']	['Neonatal death', 'Primary microcephaly']	[]	[]	['NM_017785(CCDC99):c.1724_1747 del']	['54908']	GENO:0000137
PAVS889	Microlissencephaly|Global developmental delay	TUBA3E:NM_207312:c.643C > T:p.R215C	https://pubmed.ncbi.nlm.nih.gov/25558065/		PAVS889	[]	[]	['Microlissencephaly', 'Global developmental delay']	['TUBA3E']	['c.643C > T']	GENO:0000137	unknown zygosity	[]	[]	HANCESTRO:0852	Middle Eastern population	GAZ:00005279	Saudi Arabia	['HP:0001263', 'HP:0045028']	['Global developmental delay', 'Microlissencephaly']	[]	[]	['NM_207312(TUBA3E):c.643C > T']	['112714']	GENO:0000137
PAVS890	Primary microcephaly|Global developmental delay	INO80:NM_017553:c.1501T > C:p.S501P, INO80:NM_017553:c.3737G > A:p.R1246Q	https://pubmed.ncbi.nlm.nih.gov/25558065/		PAVS890	[]	[]	['Primary microcephaly', 'Global developmental delay']	['INO80']	['c.1501T > C']	GENO:0000137	unknown zygosity	[]	[]	HANCESTRO:0852	Middle Eastern population	GAZ:00005279	Saudi Arabia	['HP:0001263', 'HP:0011451']	['Global developmental delay', 'Primary microcephaly']	[]	[]	['NM_017553(INO80):c.1501T > C']	['54617']	GENO:0000137
PAVS891	Hydrocephalus|Muscle weakness|Global developmental delay	NID1:NM_002508.2:c.3385+1G > A	https://pubmed.ncbi.nlm.nih.gov/25558065/		PAVS891	[]	[]	['Hydrocephalus', 'Muscle weakness', 'Global developmental delay']	['NID1']	['c.3385+1G > A']	GENO:0000137	unknown zygosity	[]	[]	HANCESTRO:0852	Middle Eastern population	GAZ:00005279	Saudi Arabia	['HP:0000238', 'HP:0001263', 'HP:0001324']	['Hydrocephalus', 'Global developmental delay', 'Muscle weakness']	[]	[]	['NM_002508.2(NID1):c.3385+1G > A']	['4811']	GENO:0000137
PAVS892	Primary microcephaly|Global developmental delay	TSEN15:NM_001127394:c.226T > G:p.W76G	https://pubmed.ncbi.nlm.nih.gov/25558065/		PAVS892	[]	[]	['Primary microcephaly', 'Global developmental delay']	['TSEN15']	['c.226T > G']	GENO:0000137	unknown zygosity	[]	[]	HANCESTRO:0852	Middle Eastern population	GAZ:00005279	Saudi Arabia	['HP:0001263', 'HP:0011451']	['Global developmental delay', 'Primary microcephaly']	[]	[]	['NM_001127394(TSEN15):c.226T > G']	['116461']	GENO:0000137
PAVS893	Global developmental delay|Epilepsy|Poor weight gain	DMBX1:NM_147192:c.367C > T:p.R123W	https://pubmed.ncbi.nlm.nih.gov/25558065/		PAVS893	[]	[]	['Global developmental delay', 'Epilepsy', 'Poor weight gain']	['DMBX1']	['c.367C > T']	GENO:0000137	unknown zygosity	[]	[]	HANCESTRO:0852	Middle Eastern population	GAZ:00005279	Saudi Arabia	['HP:0001250', 'HP:0001263', 'HP:0001508']	['Seizure', 'Global developmental delay', 'Failure to thrive']	[]	[]	['NM_147192(DMBX1):c.367C > T']	['127343']	GENO:0000137
PAVS894	Myopathy	CLHC1:NM_001135598:c.779G > A:p.R260Q	https://pubmed.ncbi.nlm.nih.gov/25558065/		PAVS894	[]	[]	['Myopathy']	['CLHC1']	['c.779G > A']	GENO:0000137	unknown zygosity	[]	[]	HANCESTRO:0852	Middle Eastern population	GAZ:00005279	Saudi Arabia	['HP:0003198']	['Myopathy']	[]	[]	['NM_001135598(CLHC1):c.779G > A']	['130162']	GENO:0000137
PAVS895	Global developmental delay	C12orf4:NM_020374:exon6:c.637_638insAAAC:p.K213fs	https://pubmed.ncbi.nlm.nih.gov/25558065/		PAVS895	[]	[]	['Global developmental delay']	['C12orf4']	['c.637_638insAAAC']	GENO:0000137	unknown zygosity	[]	[]	HANCESTRO:0852	Middle Eastern population	GAZ:00005279	Saudi Arabia	['HP:0001263']	['Global developmental delay']	[]	[]	['NM_020374(C12orf4):c.637_638insAAAC']	['57102']	GENO:0000137
PAVS896	Autism spectrum disorder	WDR93:NM_020212:c.280T > C:p.Y94H	https://pubmed.ncbi.nlm.nih.gov/25558065/		PAVS896	[]	[]	['Autism spectrum disorder']	['WDR93']	['c.280T > C']	GENO:0000137	unknown zygosity	[]	[]	HANCESTRO:0852	Middle Eastern population	GAZ:00005279	Saudi Arabia	['HP:0000729']	['Autistic behavior']	[]	[]	['NM_020212(WDR93):c.280T > C']	['56964']	GENO:0000137
PAVS897	Global developmental delay|Brain atrophy	ST7:NM_021908:c.489T > G:p.Y163X	https://pubmed.ncbi.nlm.nih.gov/25558065/		PAVS897	[]	[]	['Global developmental delay', 'Brain atrophy']	['ST7']	['c.489T > G']	GENO:0000137	unknown zygosity	[]	[]	HANCESTRO:0852	Middle Eastern population	GAZ:00005279	Saudi Arabia	['HP:0001263', 'HP:0012444']	['Global developmental delay', 'Brain atrophy']	[]	[]	['NM_021908(ST7):c.489T > G']	['29967']	GENO:0000137
PAVS898	Holoprosencephaly	MATN4:NM_030590:c.515G > C:p.G172A	https://pubmed.ncbi.nlm.nih.gov/25558065/		PAVS898	[]	[]	['Holoprosencephaly']	['MATN4']	['c.515G > C']	GENO:0000137	unknown zygosity	[]	[]	HANCESTRO:0852	Middle Eastern population	GAZ:00005279	Saudi Arabia	['HP:0001360']	['Holoprosencephaly']	[]	[]	['NM_030590(MATN4):c.515G > C']	['8785']	GENO:0000137
PAVS899	Intellectual disability,|Epilepsy	SEC24D:NM_014822:c.697G > C:p.G233R	https://pubmed.ncbi.nlm.nih.gov/25558065/		PAVS899	[]	[]	['Intellectual disability,', 'Epilepsy']	['SEC24D']	['c.697G > C']	GENO:0000137	unknown zygosity	[]	[]	HANCESTRO:0852	Middle Eastern population	GAZ:00005279	Saudi Arabia	['HP:0001249', 'HP:0001250']	['Intellectual disability', 'Seizure']	[]	[]	['NM_014822(SEC24D):c.697G > C']	['9871']	GENO:0000137
PAVS900	Primary microcephaly|Global developmental delay	"	KCTD3:NM_016121:c.1036_1073del"	https://pubmed.ncbi.nlm.nih.gov/25558065/		PAVS900	[]	[]	['Primary microcephaly', 'Global developmental delay']	['KCTD3']	['c.1036_1073del']	GENO:0000137	unknown zygosity	[]	[]	HANCESTRO:0852	Middle Eastern population	GAZ:00005279	Saudi Arabia	['HP:0001263', 'HP:0011451']	['Global developmental delay', 'Primary microcephaly']	[]	[]	['NM_016121(KCTD3):c.1036_1073del']	['51133']	GENO:0000137
PAVS901	Brain atrophy|Global developmental delay	PTPN23:NM_015466:c.3995G > T:p.R1332L	https://pubmed.ncbi.nlm.nih.gov/25558065/		PAVS901	[]	[]	['Brain atrophy', 'Global developmental delay']	['PTPN23']	['c.3995G > T']	GENO:0000137	unknown zygosity	[]	[]	HANCESTRO:0852	Middle Eastern population	GAZ:00005279	Saudi Arabia	['HP:0001263', 'HP:0012444']	['Global developmental delay', 'Brain atrophy']	[]	[]	['NM_015466(PTPN23):c.3995G > T']	['25930']	GENO:0000137
PAVS902	Global developmental delay|Dysmorphism	TAF6:NM_005641.3:c.212T > C:p.I71T	https://pubmed.ncbi.nlm.nih.gov/25558065/		PAVS902	[]	[]	['Global developmental delay', 'Dysmorphism']	['TAF6']	['c.212T > C']	GENO:0000137	unknown zygosity	[]	[]	HANCESTRO:0852	Middle Eastern population	GAZ:00005279	Saudi Arabia	['HP:0001263']	['Global developmental delay']	[]	[]	['NM_005641.3(TAF6):c.212T > C']	['6878']	GENO:0000137
PAVS903	Global developmental delay|Epilepsy|Dysmorphism|Hypotonia|Ventricular septal defect	TBCK:NM_033115:c.1708+1G > A	https://pubmed.ncbi.nlm.nih.gov/25558065/		PAVS903	[]	[]	['Global developmental delay', 'Epilepsy', 'Dysmorphism', 'Hypotonia', 'Ventricular septal defect']	['TBCK']	['c.1708+1G > A']	GENO:0000137	unknown zygosity	[]	[]	HANCESTRO:0852	Middle Eastern population	GAZ:00005279	Saudi Arabia	['HP:0001250', 'HP:0001252', 'HP:0001263', 'HP:0001629']	['Seizure', 'Hypotonia', 'Global developmental delay', 'Ventricular septal defect']	[]	[]	['NM_033115(TBCK):c.1708+1G > A']	['93627']	GENO:0000137
PAVS904	Macrocephaly|ID|Dolichocephaly|Obesity	FAM177A1:NM_001079519:c.297_298insA:p.L99fs	https://pubmed.ncbi.nlm.nih.gov/25558065/		PAVS904	[]	[]	['Macrocephaly', 'ID', 'Dolichocephaly', 'Obesity']	['FAM177A1']	['c.297_298insA']	GENO:0000137	unknown zygosity	[]	[]	HANCESTRO:0852	Middle Eastern population	GAZ:00005279	Saudi Arabia	['HP:0000256', 'HP:0000268', 'HP:0001513']	['Macrocephaly', 'Dolichocephaly', 'Obesity']	[]	[]	['NM_001079519(FAM177A1):c.297_298insA']	['283635']	GENO:0000137
PAVS905	Dandy-Walker malformation|Hydrocephalus|Flexed deformity|Club feet|Micrognathia|Pleural effusion	KIAA1109:NM_015312.3:c.1557T > A:p.Y51	https://pubmed.ncbi.nlm.nih.gov/25558065/		PAVS905	[]	[]	['Dandy-Walker malformation', 'Hydrocephalus', 'Flexed deformity', 'Club feet', 'Micrognathia', 'Pleural effusion']	['KIAA1109']	['c.1557T > A']	GENO:0000137	unknown zygosity	[]	[]	HANCESTRO:0852	Middle Eastern population	GAZ:00005279	Saudi Arabia	['HP:0000238', 'HP:0000347', 'HP:0001305', 'HP:0001762', 'HP:0002202']	['Hydrocephalus', 'Micrognathia', 'Dandy-Walker malformation', 'Talipes equinovarus', 'Pleural effusion']	[]	[]	['NM_015312.3(KIAA1109):c.1557T > A']	['84162']	GENO:0000137
PAVS906	Neurodegeneration|Brain iron accumulation	MTSS1L:NM_138383:c.1790C > T:p.T597M	https://pubmed.ncbi.nlm.nih.gov/25558065/		PAVS906	[]	[]	['Neurodegeneration', 'Brain iron accumulation']	['MTSS1L']	['c.1790C > T']	GENO:0000137	unknown zygosity	[]	[]	HANCESTRO:0852	Middle Eastern population	GAZ:00005279	Saudi Arabia	['HP:0002180', 'HP:0012675']	['Neurodegeneration', 'Iron accumulation in brain']	[]	[]	['NM_138383(MTSS1L):c.1790C > T']	['92154']	GENO:0000137
PAVS907	Primary microcephaly	XIRP1:NM_194293:c.4495G > A:p.E1499K	https://pubmed.ncbi.nlm.nih.gov/25558065/		PAVS907	[]	[]	['Primary microcephaly']	['XIRP1']	['c.4495G > A']	GENO:0000137	unknown zygosity	[]	[]	HANCESTRO:0852	Middle Eastern population	GAZ:00005279	Saudi Arabia	['HP:0011451']	['Primary microcephaly']	[]	[]	['NM_194293(XIRP1):c.4495G > A']	['165904']	GENO:0000137
PAVS908	Severe psychomotor retardation|Seizure|Cerebellar hypoplasia	PCDHB4:NM_018938.2:c.915 del	https://pubmed.ncbi.nlm.nih.gov/25558065/		PAVS908	[]	[]	['Severe psychomotor retardation', 'Seizure', 'Cerebellar hypoplasia']	['PCDHB4']	['c.915 del']	GENO:0000137	unknown zygosity	[]	[]	HANCESTRO:0852	Middle Eastern population	GAZ:00005279	Saudi Arabia	['HP:0001250', 'HP:0001321', 'HP:0011344']	['Seizure', 'Cerebellar hypoplasia', 'Severe global developmental delay']	[]	[]	['NM_018938.2(PCDHB4):c.915 del']	['56131']	GENO:0000137
PAVS909	Global developmental delay|Attention deficit hyperactive disorder	CHAF1B:NM_005441:c.496A > G:p.I166V	https://pubmed.ncbi.nlm.nih.gov/25558065/		PAVS909	[]	[]	['Global developmental delay', 'Attention deficit hyperactive disorder']	['CHAF1B']	['c.496A > G']	GENO:0000137	unknown zygosity	[]	[]	HANCESTRO:0852	Middle Eastern population	GAZ:00005279	Saudi Arabia	['HP:0001263', 'HP:0007018']	['Global developmental delay', 'Attention deficit hyperactivity disorder']	[]	[]	['NM_005441(CHAF1B):c.496A > G']	['8208']	GENO:0000137
PAVS910	Neurodegenerative disease	ARV1:NM_022786:c.565G > A:p.G189R	https://pubmed.ncbi.nlm.nih.gov/25558065/		PAVS910	[]	[]	['Neurodegenerative disease']	['ARV1']	['c.565G > A']	GENO:0000137	unknown zygosity	[]	[]	HANCESTRO:0852	Middle Eastern population	GAZ:00005279	Saudi Arabia	['HP:0002180']	['Neurodegeneration']	[]	[]	['NM_022786(ARV1):c.565G > A']	['64801']	GENO:0000137
PAVS911	Neurodegeneration|White matter changes|High lactate peak in the brain|Mitochondrial encephalopathy	ISCA2:NM_194279:c.229G > A:p.G77S	https://pubmed.ncbi.nlm.nih.gov/25558065/		PAVS911	[]	[]	['Neurodegeneration', 'White matter changes', 'High lactate peak in the brain', 'Mitochondrial encephalopathy']	['ISCA2']	['c.229G > A']	GENO:0000137	unknown zygosity	[]	[]	HANCESTRO:0852	Middle Eastern population	GAZ:00005279	Saudi Arabia	['HP:0002180', 'HP:0006789']	['Neurodegeneration', 'Mitochondrial encephalopathy']	['OMIM:619383', 'OMIM:621152']	['Neurodevelopmental disorder with hypotonia, facial dysmorphism, and brain abnormalities', 'Neurodevelopmental disorder with white matter abnormalities and gait disturbance']	['NM_194279(ISCA2):c.229G > A']	['122961']	GENO:0000137
PAVS912	Global developmental delay|Hearing loss|Ataxia	PTRH2:NM_016077.3:c.254A > C:p.Q85P	https://pubmed.ncbi.nlm.nih.gov/25558065/		PAVS912	[]	[]	['Global developmental delay', 'Hearing loss', 'Ataxia']	['PTRH2']	['c.254A > C']	GENO:0000137	unknown zygosity	[]	[]	HANCESTRO:0852	Middle Eastern population	GAZ:00005279	Saudi Arabia	['HP:0000365', 'HP:0001251', 'HP:0001263']	['Hearing impairment', 'Ataxia', 'Global developmental delay']	[]	[]	['NM_016077.3(PTRH2):c.254A > C']	['51651']	GENO:0000137
PAVS913	Global developmental delay|Severe dystonia|Congenital cataract(10DG0703) global developmental delay and congenital cataract(13DG1542) global developmental delay, congenital cataract, tubulopathy, and severe osteopenia	GEMIN4:NM_015721:c.2452T > C:p.W818R	https://pubmed.ncbi.nlm.nih.gov/25558065/		PAVS913	[]	[]	['Global developmental delay', 'Severe dystonia', 'Congenital cataract(10DG0703) global developmental delay and congenital cataract(13DG1542) global developmental delay, congenital cataract, tubulopathy, and severe osteopenia']	['GEMIN4']	['c.2452T > C']	GENO:0000137	unknown zygosity	[]	[]	HANCESTRO:0852	Middle Eastern population	GAZ:00005279	Saudi Arabia	['HP:0001263', 'HP:0001332']	['Global developmental delay', 'Dystonia']	[]	[]	['NM_015721(GEMIN4):c.2452T > C']	['50628']	GENO:0000137
PAVS914	Intellectual disability,|Epilepsy	MYOCD:NM_001146312:c.1252A > G:p.I418V	https://pubmed.ncbi.nlm.nih.gov/25558065/		PAVS914	[]	[]	['Intellectual disability,', 'Epilepsy']	['MYOCD']	['c.1252A > G']	GENO:0000137	unknown zygosity	[]	[]	HANCESTRO:0852	Middle Eastern population	GAZ:00005279	Saudi Arabia	['HP:0001249', 'HP:0001250']	['Intellectual disability', 'Seizure']	[]	[]	['NM_001146312(MYOCD):c.1252A > G']	['93649']	GENO:0000137
PAVS915	Global developmental delay|Typical Joubert syndrome|MRI findings	PDPR:NM_017990:c.1360G > T:p.G454C	https://pubmed.ncbi.nlm.nih.gov/25558065/		PAVS915	[]	[]	['Global developmental delay', 'Typical Joubert syndrome', 'MRI findings']	['PDPR']	['c.1360G > T']	GENO:0000137	unknown zygosity	[]	[]	HANCESTRO:0852	Middle Eastern population	GAZ:00005279	Saudi Arabia	['HP:0001263']	['Global developmental delay']	['OMIM:213300']	['Joubert syndrome 1']	['NM_017990(PDPR):c.1360G > T']	['55066']	GENO:0000137
PAVS916	cerebellar vermis hypoplasia, Dandy-Walker malformation, hydrocephalus, developmental delay	DPH1:NM_001383.3:c.701T > C:p.L234P	https://pubmed.ncbi.nlm.nih.gov/25558065/		PAVS916	[]	[]	['cerebellar vermis hypoplasia, Dandy-Walker malformation, hydrocephalus, developmental delay']	['DPH1']	['c.701T > C']	GENO:0000137	unknown zygosity	[]	[]	HANCESTRO:0852	Middle Eastern population	GAZ:00005279	Saudi Arabia	['HP:0000238']	['Hydrocephalus']	[]	[]	['NM_001383.3(DPH1):c.701T > C']	['1801']	GENO:0000137
PAVS917	global developmental delay, light complexion, early onset focal segmental glomerulosclerosis	NUP107:NM_020401:c.303G > A:p.M101I	https://pubmed.ncbi.nlm.nih.gov/25558065/		PAVS917	[]	[]	['global developmental delay, light complexion, early onset focal segmental glomerulosclerosis']	['NUP107']	['c.303G > A']	GENO:0000137	unknown zygosity	[]	[]	HANCESTRO:0852	Middle Eastern population	GAZ:00005279	Saudi Arabia	['HP:0001263']	['Global developmental delay']	[]	[]	['NM_020401(NUP107):c.303G > A']	['57122']	GENO:0000137
PAVS918	Cerebellar atrophy|Hydrocephalus|Global developmental delay|Cognitive impairment|Speech delay|Motor delay	TMEM92:NM_001168215:c.95+3A > G	https://pubmed.ncbi.nlm.nih.gov/25558065/		PAVS918	[]	[]	['Cerebellar atrophy', 'Hydrocephalus', 'Global developmental delay', 'Cognitive impairment', 'Speech delay', 'Motor delay']	['TMEM92']	['c.95+3A > G']	GENO:0000137	unknown zygosity	[]	[]	HANCESTRO:0852	Middle Eastern population	GAZ:00005279	Saudi Arabia	['HP:0000238', 'HP:0000750', 'HP:0001263', 'HP:0001270', 'HP:0001272', 'HP:0100543']	['Hydrocephalus', 'Delayed speech and language development', 'Global developmental delay', 'Motor delay', 'Cerebellar atrophy', 'Cognitive impairment']	[]	[]	['NM_001168215(TMEM92):c.95+3A > G']	['162461']	GENO:0000137
PAVS919	Spastic paraplegia|Failure to thrive.	EPB41L4A:NM_022140:c.1298C > T:p.S433L	https://pubmed.ncbi.nlm.nih.gov/25558065/		PAVS919	[]	[]	['Spastic paraplegia', 'Failure to thrive.']	['EPB41L4A']	['c.1298C > T']	GENO:0000137	unknown zygosity	[]	[]	HANCESTRO:0852	Middle Eastern population	GAZ:00005279	Saudi Arabia	['HP:0001258', 'HP:0001508']	['Spastic paraplegia', 'Failure to thrive']	[]	[]	['NM_022140(EPB41L4A):c.1298C > T']	['64097']	GENO:0000137
PAVS920	Coarse facial features|Open mouth|Bilateral ptosis|Hypertelorism|Scoliosis|Pectus excavatum|Skin laxity|Hypotonia|GERD|Chronic lung disease|Undescended testicles.	FAM120AOS:NM_198841:c.743C > T:p.T248I	https://pubmed.ncbi.nlm.nih.gov/25558065/		PAVS920	[]	[]	['Coarse facial features', 'Open mouth', 'Bilateral ptosis', 'Hypertelorism', 'Scoliosis', 'Pectus excavatum', 'Skin laxity', 'Hypotonia', 'GERD', 'Chronic lung disease', 'Undescended testicles.']	['FAM120AOS']	['c.743C > T']	GENO:0000137	unknown zygosity	[]	[]	HANCESTRO:0852	Middle Eastern population	GAZ:00005279	Saudi Arabia	['HP:0000028', 'HP:0000194', 'HP:0000280', 'HP:0000316', 'HP:0000767', 'HP:0000973', 'HP:0001252', 'HP:0001488', 'HP:0002020', 'HP:0002650', 'HP:0006528']	['Cryptorchidism', 'Open mouth', 'Coarse facial features', 'Hypertelorism', 'Pectus excavatum', 'Cutis laxa', 'Hypotonia', 'Bilateral ptosis', 'Gastroesophageal reflux', 'Scoliosis', 'Chronic lung disease']	[]	[]	['NM_198841(FAM120AOS):c.743C > T']	['158293']	GENO:0000137
PAVS921	"Primordial dwarfism|Prematurity|Intrauterine growth retardation |Delayed motor development|Speech development delay|High-pitched voice|Recurrent chest infections
"	PCNT:NM_006031.5:c.196G>T	https://pubmed.ncbi.nlm.nih.gov/24389050/		PAVS921	[]	[]	['Primordial dwarfism', 'Prematurity', 'Intrauterine growth retardation', 'Delayed motor development', 'Speech development delay', 'High-pitched voice', 'Recurrent chest infections']	['PCNT']	['c.196G>T']	GENO:0000137	unknown zygosity	[]	[]	HANCESTRO:0852	Middle Eastern population	GAZ:00005279	Saudi Arabia	['HP:0000750', 'HP:0001270', 'HP:0001511', 'HP:0001620', 'HP:0002783']	['Delayed speech and language development', 'Motor delay', 'Intrauterine growth retardation', 'Abnormally high-pitched voice', 'Recurrent lower respiratory tract infections']	['OMIM:620005']	['Primordial dwarfism-immunodeficiency-lipodystrophy syndrome']	['NM_006031.5(PCNT):c.196G>T']	['5116']	GENO:0000137
PAVS922	Microphthalmia|Micrognathia|Microglossia|small teeth|Bilateral basal ganglia calcification|Cerebellar calcification|Primordial dwarfism	RBBP8:NM_203291.1:c.298C>T	https://pubmed.ncbi.nlm.nih.gov/24389050/		PAVS922	[]	[]	['Microphthalmia', 'Micrognathia', 'Microglossia', 'small teeth', 'Bilateral basal ganglia calcification', 'Cerebellar calcification', 'Primordial dwarfism']	['RBBP8']	['c.298C>T']	GENO:0000137	unknown zygosity	[]	[]	HANCESTRO:0852	Middle Eastern population	GAZ:00005279	Saudi Arabia	['HP:0000171', 'HP:0000347', 'HP:0000568', 'HP:0000691', 'HP:0002135', 'HP:0007352']	['Microglossia', 'Micrognathia', 'Microphthalmia', 'Microdontia', 'Basal ganglia calcification', 'Cerebellar calcifications']	['OMIM:210720']	['Microcephalic osteodysplastic primordial dwarfism, type II']	['NM_203291.1(RBBP8):c.298C>T']	['5932']	GENO:0000137
PAVS923	"Characteristic facies|Hypoplastic terminal phalanges|Osteopenia|Blind|Profound global developmental delay|Hypopigmented skin patches and talipes|Bifrontal subdural hygroma
"	CRIPT:NM_014171.4:c.133_134insGG	https://pubmed.ncbi.nlm.nih.gov/24389050/		PAVS923	[]	[]	['Characteristic facies', 'Hypoplastic terminal phalanges', 'Osteopenia', 'Blind', 'Profound global developmental delay', 'Hypopigmented skin patches and talipes', 'Bifrontal subdural hygroma']	['CRIPT']	['c.133_134insGG']	GENO:0000137	unknown zygosity	[]	[]	HANCESTRO:0852	Middle Eastern population	GAZ:00005279	Saudi Arabia	['HP:0000618', 'HP:0000938', 'HP:0001053', 'HP:0009882', 'HP:0012736', 'HP:6001070']	['Blindness', 'Osteopenia', 'Hypopigmented skin patches', 'Short distal phalanx of finger', 'Profound global developmental delay', 'Subdural hygroma']	[]	[]	['NM_014171.4(CRIPT):c.133_134insGG']	['9419']	GENO:0000137
PAVS924	"Characteristic facies| hypoplastic terminal phalanges|Osteopenia|Albinoid fundus|Markedly impaired retinal function|Recurrent infections|PDA|Persistent anemia |Anisopoikilocytosis.Increased white matter signal|Hypogenesis of corpus callosum
"	CRIPT:NM_014171.4: c.141delT	https://pubmed.ncbi.nlm.nih.gov/24389050/		PAVS924	[]	[]	['Characteristic facies', 'hypoplastic terminal phalanges', 'Osteopenia', 'Albinoid fundus', 'Markedly impaired retinal function', 'Recurrent infections', 'PDA', 'Persistent anemia', 'Anisopoikilocytosis.Increased white matter signal', 'Hypogenesis of corpus callosum']	['CRIPT']	['c.141delT']	GENO:0000137	unknown zygosity	[]	[]	HANCESTRO:0852	Middle Eastern population	GAZ:00005279	Saudi Arabia	['HP:0000505', 'HP:0000938', 'HP:0001643', 'HP:0001903', 'HP:0002719', 'HP:0004823', 'HP:0006989', 'HP:0007894', 'HP:0009882']	['Visual impairment', 'Osteopenia', 'Patent ductus arteriosus', 'Anemia', 'Recurrent infections', 'Anisopoikilocytosis', 'Dysplastic corpus callosum', 'Fundus hypopigmentation', 'Short distal phalanx of finger']	[]	[]	['NM_014171.4(CRIPT):c.141delT']	['9419']	GENO:0000137
PAVS925	"Characteristic Seckel facies|Severe kyphoscoliosis|Spinal cord compression|Paraplegia|Global developmental delay|Intellectual
disability,

"	DNA2:NM_001080449.2:c.3372+6delC	https://pubmed.ncbi.nlm.nih.gov/24389050/		PAVS925	[]	[]	['Characteristic Seckel facies', 'Severe kyphoscoliosis', 'Spinal cord compression', 'Paraplegia', 'Global developmental delay', 'Intellectual\ndisability,']	['DNA2']	['c.3372+6delC']	GENO:0000137	unknown zygosity	[]	[]	HANCESTRO:0852	Middle Eastern population	GAZ:00005279	Saudi Arabia	['HP:0000274', 'HP:0001263', 'HP:0002176', 'HP:0002751', 'HP:0010550']	['Small face', 'Global developmental delay', 'Spinal cord compression', 'Kyphoscoliosis', 'Paraplegia']	[]	[]	['NM_001080449.2(DNA2):c.3372+6delC']	['1763']	GENO:0000137
PAVS926	Characteristic Seckel facies|Global developmental delay|Intellectual disability,|Eectopic kidney	DNA2:NM_001080449.2:c.3372+6delC			PAVS926	[]	[]	['Characteristic Seckel facies', 'Global developmental delay', 'Intellectual disability,', 'Eectopic kidney']	['DNA2']	['c.3372+6delC']	GENO:0000137	unknown zygosity	[]	[]	HANCESTRO:0852	Middle Eastern population	GAZ:00005279	Saudi Arabia	['HP:0000086', 'HP:0000274', 'HP:0001249', 'HP:0001263']	['Ectopic kidney', 'Small face', 'Intellectual disability', 'Global developmental delay']	[]	[]	['NM_001080449.2(DNA2):c.3372+6delC']	['1763']	GENO:0000137
PAVS927	Speech delay|Triangular bird-like face|Short philtrum	XRCC4:NM_003401.3:c.127T>C	https://pubmed.ncbi.nlm.nih.gov/24389050/		PAVS927	[]	[]	['Speech delay', 'Triangular bird-like face', 'Short philtrum']	['XRCC4']	['c.127T>C']	GENO:0000137	unknown zygosity	[]	[]	HANCESTRO:0852	Middle Eastern population	GAZ:00005279	Saudi Arabia	['HP:0000322', 'HP:0000750']	['Short philtrum', 'Delayed speech and language development']	[]	[]	['NM_003401.3(XRCC4):c.127T>C']	['7518']	GENO:0000137
PAVS928	Severe failure to thrive|Microcephaly|Global developmental delay|Bilateral hip dysplasia|Ectopic kidney|PDA|Retinoblastoma|Brain glioma	BRCA2:NM_000059.3:c.9152delC	https://pubmed.ncbi.nlm.nih.gov/24389050/		PAVS928	[]	[]	['Severe failure to thrive', 'Microcephaly', 'Global developmental delay', 'Bilateral hip dysplasia', 'Ectopic kidney', 'PDA', 'Retinoblastoma', 'Brain glioma']	['BRCA2']	['c.9152delC']	GENO:0000137	unknown zygosity	[]	[]	HANCESTRO:0852	Middle Eastern population	GAZ:00005279	Saudi Arabia	['HP:0000086', 'HP:0000252', 'HP:0001263', 'HP:0001385', 'HP:0001525', 'HP:0001643', 'HP:0009733', 'HP:0009919']	['Ectopic kidney', 'Microcephaly', 'Global developmental delay', 'Hip dysplasia', 'Severe failure to thrive', 'Patent ductus arteriosus', 'Glioma', 'Retinoblastoma']	[]	[]	['NM_000059.3(BRCA2):c.9152delC']	['675']	GENO:0000137
PAVS929	Primordial dwarfism	IGF1:NM_001111285.1.:c.292C>T	https://pubmed.ncbi.nlm.nih.gov/24389050/		PAVS929	[]	[]	['Primordial dwarfism']	['IGF1']	['c.292C>T']	GENO:0000137	unknown zygosity	[]	[]	HANCESTRO:0852	Middle Eastern population	GAZ:00005279	Saudi Arabia	[]	[]	['OMIM:620005']	['Primordial dwarfism-immunodeficiency-lipodystrophy syndrome']	['NM_001111285.1.(IGF1):c.292C>T']	['3479']	GENO:0000137
PAVS930	"Small and malaligned teeth|Skin laxity|Joint laxity

"	CUL7 NM_014780.4:c.2592T>G	https://pubmed.ncbi.nlm.nih.gov/24389050/		PAVS930	[]	[]	['Small and malaligned teeth', 'Skin laxity', 'Joint laxity']	['CUL7 NM_014780.4']	['c.2592T>G']	GENO:0000137	unknown zygosity	[]	[]	HANCESTRO:0852	Middle Eastern population	GAZ:00005279	Saudi Arabia	['HP:0000692', 'HP:0000973', 'HP:0001382']	['Tooth malposition', 'Cutis laxa', 'Joint hypermobility']	[]	[]	['NM_014780.4(CUL7):c.2592T>G']	['Unknown']	GENO:0000137
PAVS931	Neurodegenerative illness |deteriorating school performance|behavioral disturbance |crippling dystonia|death|relentless cerebral atrophy	GM2A:NM_000405.4:c.164C>T:p.P55L	https://pubmed.ncbi.nlm.nih.gov/25558065/		PAVS931	[]	[]	['Neurodegenerative illness', 'deteriorating school performance', 'behavioral disturbance', 'crippling dystonia', 'death', 'relentless cerebral atrophy']	['GM2A']	['c.164C>T']	GENO:0000137	unknown zygosity	[]	[]	HANCESTRO:0852	Middle Eastern population	GAZ:00005279	Saudi Arabia	['HP:0000708', 'HP:0001249', 'HP:0001332', 'HP:0001699', 'HP:0002059', 'HP:0002180']	['Atypical behavior', 'Intellectual disability', 'Dystonia', 'Sudden death', 'Cerebral atrophy', 'Neurodegeneration']	[]	[]	['NM_000405.4(GM2A):c.164C>T']	['2760']	GENO:0000137
PAVS932	Intellectual disability,, Attention deficit hyperactive disorder and hypotonia 	C12orf4:NM_020374:c.639_640insACAA	https://pubmed.ncbi.nlm.nih.gov/25558065/		PAVS932	[]	[]	['Intellectual disability,, Attention deficit hyperactive disorder and hypotonia']	['C12orf4']	['c.639_640insACAA']	GENO:0000137	unknown zygosity	[]	[]	HANCESTRO:0852	Middle Eastern population	GAZ:00005279	Saudi Arabia	['HP:0001249']	['Intellectual disability']	[]	[]	['NM_020374(C12orf4):c.639_640insACAA']	['57102']	GENO:0000137
PAVS933	Global developmental delay, microcephaly, failure to thrive, ataxia, dysarthria and strabismus	SPG20:NM_001142294.1:c.1450dup	https://pubmed.ncbi.nlm.nih.gov/25558065/		PAVS933	[]	[]	['Global developmental delay, microcephaly, failure to thrive, ataxia, dysarthria and strabismus']	['SPG20']	['c.1450dup']	GENO:0000137	unknown zygosity	[]	[]	HANCESTRO:0852	Middle Eastern population	GAZ:00005279	Saudi Arabia	[]	[]	['OMIM:618076']	['Neurodevelopmental disorder with spasticity and poor growth']	['NM_001142294.1(SPG20):c.1450dup']	['23111']	GENO:0000137
PAVS934	Regression of gross and fine motor development|severe dystonia| basal ganglia lesions	CYP27A1:NM_000784.3:c.1342C>T	https://pubmed.ncbi.nlm.nih.gov/25558065/		PAVS934	[]	[]	['Regression of gross and fine motor development', 'severe dystonia', 'basal ganglia lesions']	['CYP27A1']	['c.1342C>T']	GENO:0000137	unknown zygosity	[]	[]	HANCESTRO:0852	Middle Eastern population	GAZ:00005279	Saudi Arabia	['HP:0001332', 'HP:0002134']	['Dystonia', 'Abnormal basal ganglia morphology']	['OMIM:620502']	['Neurodevelopmental disorder with language delay and variable cognitive abnormalities']	['NM_000784.3(CYP27A1):c.1342C>T']	['1593']	GENO:0000137
PAVS935	Marked hypotonia | waddling gait	CLHC1:NM_001135598.1:c.779G>A	https://pubmed.ncbi.nlm.nih.gov/25558065/		PAVS935	[]	[]	['Marked hypotonia', 'waddling gait']	['CLHC1']	['c.779G>A']	GENO:0000137	unknown zygosity	[]	[]	HANCESTRO:0852	Middle Eastern population	GAZ:00005279	Saudi Arabia	['HP:0001252', 'HP:0002515']	['Hypotonia', 'Waddling gait']	[]	[]	['NM_001135598.1(CLHC1):c.779G>A']	['130162']	GENO:0000137
PAVS936	Global developmental delay, microcephaly, epilepsy, and brain atrophy	NPC2:NM_006432.3:c.88G>A	https://pubmed.ncbi.nlm.nih.gov/25558065/		PAVS936	[]	[]	['Global developmental delay, microcephaly, epilepsy, and brain atrophy']	['NPC2']	['c.88G>A']	GENO:0000137	unknown zygosity	[]	[]	HANCESTRO:0852	Middle Eastern population	GAZ:00005279	Saudi Arabia	['HP:0000252']	['Microcephaly']	[]	[]	['NM_006432.3(NPC2):c.88G>A']	['10577']	GENO:0000137
PAVS937	Charcot-Marie-Tooth with microcephaly, ophthalmoplegia and syndactyly	SBF1:NM_002972.2:c.1327G>A	https://pubmed.ncbi.nlm.nih.gov/25558065/		PAVS937	[]	[]	['Charcot-Marie-Tooth with microcephaly, ophthalmoplegia and syndactyly']	['SBF1']	['c.1327G>A']	GENO:0000137	unknown zygosity	[]	[]	HANCESTRO:0852	Middle Eastern population	GAZ:00005279	Saudi Arabia	[]	[]	['OMIM:600361']	['Hereditary motor and sensory neuropathy V']	['NM_002972.2(SBF1):c.1327G>A']	['6305']	GENO:0000137
PAVS938	Global developmental delay, epilepsy and hydrocephalus |aqueduct stenosis	ARFGEF2:NM_006420:c.656dup	https://pubmed.ncbi.nlm.nih.gov/25558065/		PAVS938	[]	[]	['Global developmental delay, epilepsy and hydrocephalus', 'aqueduct stenosis']	['ARFGEF2']	['c.656dup']	GENO:0000137	unknown zygosity	[]	[]	HANCESTRO:0852	Middle Eastern population	GAZ:00005279	Saudi Arabia	['HP:0000238', 'HP:0002410']	['Hydrocephalus', 'Aqueductal stenosis']	[]	[]	['NM_006420(ARFGEF2):c.656dup']	['10564']	GENO:0000137
PAVS939	Global developnetnal delay, epilepsy, hypotonia, hearing loss, hyperopia, and strabismus	DMBX1:NM_147192.2:c.367C>T	https://pubmed.ncbi.nlm.nih.gov/25558065/		PAVS939	[]	[]	['Global developnetnal delay, epilepsy, hypotonia, hearing loss, hyperopia, and strabismus']	['DMBX1']	['c.367C>T']	GENO:0000137	unknown zygosity	[]	[]	HANCESTRO:0852	Middle Eastern population	GAZ:00005279	Saudi Arabia	[]	[]	['OMIM:619340']	['Developmental and epileptic encephalopathy 96']	['NM_147192.2(DMBX1):c.367C>T']	['127343']	GENO:0000137
PAVS940	Autistic spectrum disorder| Autistic behavior HP:0000729	WDR93:NM_020212.1:c.280T>C	https://pubmed.ncbi.nlm.nih.gov/25558065/		PAVS940	['HP:0000729']	['Autistic behavior']	['Autistic spectrum disorder']	['WDR93']	['c.280T>C']	GENO:0000137	unknown zygosity	[]	[]	HANCESTRO:0852	Middle Eastern population	GAZ:00005279	Saudi Arabia	['HP:0000729']	['Autistic behavior']	[]	[]	['NM_020212.1(WDR93):c.280T>C']	['56964']	GENO:0000137
PAVS941	Intellectual disability, Noonan-like facies and pulmonary stenosis	ZNF526:NM_133444.1:c.479A>C	https://pubmed.ncbi.nlm.nih.gov/25558065/		PAVS941	[]	[]	['Intellectual disability, Noonan-like facies and pulmonary stenosis']	['ZNF526']	['c.479A>C']	GENO:0000137	unknown zygosity	[]	[]	HANCESTRO:0852	Middle Eastern population	GAZ:00005279	Saudi Arabia	['HP:0001249']	['Intellectual disability']	[]	[]	['NM_133444.1(ZNF526):c.479A>C']	['116115']	GENO:0000137
PAVS942	Neonatal death |severe brain malformation |hydranencephaly |severe cerebellar hypoplasia	WDR81:NM_001163809.1:c.845G>A	https://pubmed.ncbi.nlm.nih.gov/25558065/		PAVS942	[]	[]	['Neonatal death', 'severe brain malformation', 'hydranencephaly', 'severe cerebellar hypoplasia']	['WDR81']	['c.845G>A']	GENO:0000137	unknown zygosity	[]	[]	HANCESTRO:0852	Middle Eastern population	GAZ:00005279	Saudi Arabia	['HP:0001321', 'HP:0002324', 'HP:0003811']	['Cerebellar hypoplasia', 'Hydranencephaly', 'Neonatal death']	['OMIM:619383']	['Neurodevelopmental disorder with hypotonia, facial dysmorphism, and brain abnormalities']	['NM_001163809.1(WDR81):c.845G>A']	['124997']	GENO:0000137
PAVS943	Global developmental delay, intractable seizures and brain atrophy	ST7:NM_021908.2:c.489T>G	https://pubmed.ncbi.nlm.nih.gov/25558065/		PAVS943	[]	[]	['Global developmental delay, intractable seizures and brain atrophy']	['ST7']	['c.489T>G']	GENO:0000137	unknown zygosity	[]	[]	HANCESTRO:0852	Middle Eastern population	GAZ:00005279	Saudi Arabia	['HP:0001263']	['Global developmental delay']	[]	[]	['NM_021908.2(ST7):c.489T>G']	['29967']	GENO:0000137
PAVS944	Spastic paraplegia, failure to thrive.	EPB41L4A:NM_022140.3:c.1298C>T	https://pubmed.ncbi.nlm.nih.gov/25558065/		PAVS944	[]	[]	['Spastic paraplegia, failure to thrive.']	['EPB41L4A']	['c.1298C>T']	GENO:0000137	unknown zygosity	[]	[]	HANCESTRO:0852	Middle Eastern population	GAZ:00005279	Saudi Arabia	['HP:0001258']	['Spastic paraplegia']	[]	[]	['NM_022140.3(EPB41L4A):c.1298C>T']	['64097']	GENO:0000137
PAVS945	Global developmental delay, holoprosencephaly, microcephaly, lumbosacral myelomeningocele, epilepsy, proptosis, and diabetes insipidus	MATN4:NM_030590.3:c.515G>C:p.G172A	https://pubmed.ncbi.nlm.nih.gov/25558065/		PAVS945	[]	[]	['Global developmental delay, holoprosencephaly, microcephaly, lumbosacral myelomeningocele, epilepsy, proptosis, and diabetes insipidus']	['MATN4']	['c.515G>C']	GENO:0000137	unknown zygosity	[]	[]	HANCESTRO:0852	Middle Eastern population	GAZ:00005279	Saudi Arabia	['HP:0001263']	['Global developmental delay']	[]	[]	['NM_030590.3(MATN4):c.515G>C']	['8785']	GENO:0000137
PAVS946	Intellectual disability|Epilepsy	SEC24D:NM_014822.2:c.697G>C:p.G233R	https://pubmed.ncbi.nlm.nih.gov/25558065/		PAVS946	[]	[]	['Intellectual disability', 'Epilepsy']	['SEC24D']	['c.697G>C']	GENO:0000137	unknown zygosity	[]	[]	HANCESTRO:0852	Middle Eastern population	GAZ:00005279	Saudi Arabia	['HP:0001249', 'HP:0001250']	['Intellectual disability', 'Seizure']	[]	[]	['NM_014822.2(SEC24D):c.697G>C']	['9871']	GENO:0000137
PAVS947	Global developmental delay, primary microcephaly, lissencephaly, epilepsy	TUBA3E:NM_207312.2:c.643C>T:p.R215C	https://pubmed.ncbi.nlm.nih.gov/25558065/		PAVS947	[]	[]	['Global developmental delay, primary microcephaly, lissencephaly, epilepsy']	['TUBA3E']	['c.643C>T']	GENO:0000137	unknown zygosity	[]	[]	HANCESTRO:0852	Middle Eastern population	GAZ:00005279	Saudi Arabia	[]	[]	['OMIM:619340']	['Developmental and epileptic encephalopathy 96']	['NM_207312.2(TUBA3E):c.643C>T']	['112714']	GENO:0000137
PAVS948	Intellectual disability|Microcephaly and epilepsy	PCDHB4:NM_018938.2:c.915del:p.K305Nfs*12	https://pubmed.ncbi.nlm.nih.gov/25558065/		PAVS948	[]	[]	['Intellectual disability', 'Microcephaly and epilepsy']	['PCDHB4']	['c.915del']	GENO:0000137	unknown zygosity	[]	[]	HANCESTRO:0852	Middle Eastern population	GAZ:00005279	Saudi Arabia	['HP:0001249']	['Intellectual disability']	['OMIM:619340']	['Developmental and epileptic encephalopathy 96']	['NM_018938.2(PCDHB4):c.915del']	['56131']	GENO:0000137
PAVS949	Global developmental delay, light complexion, early onset focal segmental glomerulosclerosis	NUP107:NM_020401:c.303G>A:p.M101I (splice site mutation)	https://pubmed.ncbi.nlm.nih.gov/25558065/		PAVS949	[]	[]	['Global developmental delay, light complexion, early onset focal segmental glomerulosclerosis']	['NUP107']	['c.303G>A']	GENO:0000137	unknown zygosity	[]	[]	HANCESTRO:0852	Middle Eastern population	GAZ:00005279	Saudi Arabia	['HP:0001263']	['Global developmental delay']	[]	[]	['NM_020401(NUP107):c.303G>A']	['57122']	GENO:0000137
PAVS950	Global developmental delay, severe dystonia and microcephaly, congenital cataract	GEMIN4:NM_015721:c.2452T>C:p.W818R	https://pubmed.ncbi.nlm.nih.gov/25558065/		PAVS950	[]	[]	['Global developmental delay, severe dystonia and microcephaly, congenital cataract']	['GEMIN4']	['c.2452T>C']	GENO:0000137	unknown zygosity	[]	[]	HANCESTRO:0852	Middle Eastern population	GAZ:00005279	Saudi Arabia	['HP:0000252']	['Microcephaly']	[]	[]	['NM_015721(GEMIN4):c.2452T>C']	['50628']	GENO:0000137
PAVS951	Global developmental delay, epilepsy and primary microcephaly	TSEN15:NM_001127394.3:c.226T>G:p.W76G	https://pubmed.ncbi.nlm.nih.gov/25558065/		PAVS951	[]	[]	['Global developmental delay, epilepsy and primary microcephaly']	['TSEN15']	['c.226T>G']	GENO:0000137	unknown zygosity	[]	[]	HANCESTRO:0852	Middle Eastern population	GAZ:00005279	Saudi Arabia	['HP:0000252']	['Microcephaly']	[]	[]	['NM_001127394.3(TSEN15):c.226T>G']	['116461']	GENO:0000137
PAVS952	Global developmental delay, typical Joubert syndrome MRI findings	PDPR:NM_017990:c.1360G>T:p.G454C	https://pubmed.ncbi.nlm.nih.gov/25558065/		PAVS952	[]	[]	['Global developmental delay, typical Joubert syndrome MRI findings']	['PDPR']	['c.1360G>T']	GENO:0000137	unknown zygosity	[]	[]	HANCESTRO:0852	Middle Eastern population	GAZ:00005279	Saudi Arabia	[]	[]	['OMIM:609621']	['Short QT syndrome 2']	['NM_017990(PDPR):c.1360G>T']	['55066']	GENO:0000137
PAVS953	Hereditary spastic paraplegia	DDHD2:NM_015214.2:c.1249_1891del	https://pubmed.ncbi.nlm.nih.gov/25558065/		PAVS953	[]	[]	['Hereditary spastic paraplegia']	['DDHD2']	['c.1249_1891del']	GENO:0000137	unknown zygosity	[]	[]	HANCESTRO:0852	Middle Eastern population	GAZ:00005279	Saudi Arabia	['HP:0001258']	['Spastic paraplegia']	[]	[]	['NM_015214.2(DDHD2):c.1249_1891del']	['23259']	GENO:0000137
PAVS954	Global developmental delay, primary microcephaly and cerebellar atrophy	PNKP:NM_007254.3:c.1250_1251insAACGGGTCGCCATCGAC	https://pubmed.ncbi.nlm.nih.gov/25558065/		PAVS954	[]	[]	['Global developmental delay, primary microcephaly and cerebellar atrophy']	['PNKP']	['c.1250_1251insAACGGGTCGCCATCGAC']	GENO:0000137	unknown zygosity	[]	[]	HANCESTRO:0852	Middle Eastern population	GAZ:00005279	Saudi Arabia	['HP:0001263']	['Global developmental delay']	[]	[]	['NM_007254.3(PNKP):c.1250_1251insAACGGGTCGCCATCGAC']	['11284']	GENO:0000137
PAVS955	Hydrocephalus, focal epilepsy and hemiparesis	NID1:NM_002508.2:c.3385+1G>A	https://pubmed.ncbi.nlm.nih.gov/25558065/		PAVS955	[]	[]	['Hydrocephalus, focal epilepsy and hemiparesis']	['NID1']	['c.3385+1G>A']	GENO:0000137	unknown zygosity	[]	[]	HANCESTRO:0852	Middle Eastern population	GAZ:00005279	Saudi Arabia	['HP:0000238']	['Hydrocephalus']	[]	[]	['NM_002508.2(NID1):c.3385+1G>A']	['4811']	GENO:0000137
PAVS956	Intellectual disability,, epilepsy and primary microcephaly	INO80:NM_017553:c.1501T > C|INO80:NM_017553:c.3737G >	https://pubmed.ncbi.nlm.nih.gov/25558065/		PAVS956	[]	[]	['Intellectual disability,, epilepsy and primary microcephaly']	['INO80']	['c.1501T > C|INO80']	GENO:0000137	unknown zygosity	[]	[]	HANCESTRO:0852	Middle Eastern population	GAZ:00005279	Saudi Arabia	['HP:0000252']	['Microcephaly']	[]	[]	['NM_017553(INO80):c.1501T > C|INO80']	['54617']	GENO:0000137
PAVS957	Neonatal death due to severe primary microcephaly (virtually no brain)	SPDL1:NM_017785.4:c.1724_1747del	https://pubmed.ncbi.nlm.nih.gov/25558065/		PAVS957	[]	[]	['Neonatal death due to severe primary microcephaly (virtually no brain)']	['SPDL1']	['c.1724_1747del']	GENO:0000137	unknown zygosity	[]	[]	HANCESTRO:0852	Middle Eastern population	GAZ:00005279	Saudi Arabia	['HP:0000252']	['Microcephaly']	[]	[]	['NM_017785.4(SPDL1):c.1724_1747del']	['54908']	GENO:0000137
PAVS958	Global developmental delay, epilepsy and brain atrophy	PTPN23:NM_015466.2:c.3995G>T	https://pubmed.ncbi.nlm.nih.gov/25558065/		PAVS958	[]	[]	['Global developmental delay, epilepsy and brain atrophy']	['PTPN23']	['c.3995G>T']	GENO:0000137	unknown zygosity	[]	[]	HANCESTRO:0852	Middle Eastern population	GAZ:00005279	Saudi Arabia	['HP:0001250']	['Seizure']	[]	[]	['NM_015466.2(PTPN23):c.3995G>T']	['25930']	GENO:0000137
PAVS959	Ptosis, sacral agenesis and history of neonatal hypotonia	RYR1:NM_000540.2:c.6617C>T	https://pubmed.ncbi.nlm.nih.gov/25558065/		PAVS959	[]	[]	['Ptosis, sacral agenesis and history of neonatal hypotonia']	['RYR1']	['c.6617C>T']	GENO:0000137	unknown zygosity	[]	[]	HANCESTRO:0852	Middle Eastern population	GAZ:00005279	Saudi Arabia	['HP:0001252']	['Hypotonia']	[]	[]	['NM_000540.2(RYR1):c.6617C>T']	['6261']	GENO:0000137
PAVS960	Neonatal death due to fetal akinesia with cerebral ischemia	FBN2:NM_001999.3:c.1064G>A	https://pubmed.ncbi.nlm.nih.gov/25558065/		PAVS960	[]	[]	['Neonatal death due to fetal akinesia with cerebral ischemia']	['FBN2']	['c.1064G>A']	GENO:0000137	unknown zygosity	[]	[]	HANCESTRO:0852	Middle Eastern population	GAZ:00005279	Saudi Arabia	['HP:0001989']	['Fetal akinesia sequence']	[]	[]	['NM_001999.3(FBN2):c.1064G>A']	['2201']	GENO:0000137
PAVS961	Global developmental delay and dysmorphic facies	TAF6:NM_001190415.1:c.323T>C	https://pubmed.ncbi.nlm.nih.gov/25558065/		PAVS961	[]	[]	['Global developmental delay and dysmorphic facies']	['TAF6']	['c.323T>C']	GENO:0000137	unknown zygosity	[]	[]	HANCESTRO:0852	Middle Eastern population	GAZ:00005279	Saudi Arabia	['HP:0001263']	['Global developmental delay']	[]	[]	['NM_001190415.1(TAF6):c.323T>C']	['6878']	GENO:0000137
PAVS962	Global developmental delay, hearin loss and ataxia	PTRH2:NM_016077.3:c.254A>C	https://pubmed.ncbi.nlm.nih.gov/25558065/		PAVS962	[]	[]	['Global developmental delay, hearin loss and ataxia']	['PTRH2']	['c.254A>C']	GENO:0000137	unknown zygosity	[]	[]	HANCESTRO:0852	Middle Eastern population	GAZ:00005279	Saudi Arabia	['HP:0001263']	['Global developmental delay']	[]	[]	['NM_016077.3(PTRH2):c.254A>C']	['51651']	GENO:0000137
PAVS963	Ataxia, nystagmus, slurred speech, dysmetria, dysdiadochokinesia, slightly reduced reflexes, and cerebellar atrophy	ADCK3:NM_020247:c.1744dup	https://pubmed.ncbi.nlm.nih.gov/25558065/		PAVS963	[]	[]	['Ataxia, nystagmus, slurred speech, dysmetria, dysdiadochokinesia, slightly reduced reflexes, and cerebellar atrophy']	['ADCK3']	['c.1744dup']	GENO:0000137	unknown zygosity	[]	[]	HANCESTRO:0852	Middle Eastern population	GAZ:00005279	Saudi Arabia	['HP:0001272']	['Cerebellar atrophy']	[]	[]	['NM_020247(ADCK3):c.1744dup']	['56997']	GENO:0000137
PAVS964	Global developmental delay, epilepsy, dysmorphism, hypotonia, delayed reflexes, and Ventricular septal defect.	TBCK:NM_033115:c.1708+1G>A	https://pubmed.ncbi.nlm.nih.gov/25558065/		PAVS964	[]	[]	['Global developmental delay, epilepsy, dysmorphism, hypotonia, delayed reflexes, and Ventricular septal defect.']	['TBCK']	['c.1708+1G>A']	GENO:0000137	unknown zygosity	[]	[]	HANCESTRO:0852	Middle Eastern population	GAZ:00005279	Saudi Arabia	[]	[]	['OMIM:619340']	['Developmental and epileptic encephalopathy 96']	['NM_033115(TBCK):c.1708+1G>A']	['93627']	GENO:0000137
PAVS965	Neurodegenrative disease with blindness	ARV1:NM_022786.1:c.565G>A	https://pubmed.ncbi.nlm.nih.gov/25558065/		PAVS965	[]	[]	['Neurodegenrative disease with blindness']	['ARV1']	['c.565G>A']	GENO:0000137	unknown zygosity	[]	[]	HANCESTRO:0852	Middle Eastern population	GAZ:00005279	Saudi Arabia	['HP:0000618']	['Blindness']	[]	[]	['NM_022786.1(ARV1):c.565G>A']	['64801']	GENO:0000137
PAVS966	Coarse facial features (open mouth, bilateral ptosis, and hypertelorism), scoliosis, pectus excavatum, skin laxity, hypotonia, GERD, hyperactive airways/chronic lung disease, and bilateral undescended testicles.	FAM120AOS:NM_198841.2:c.743C>T	https://pubmed.ncbi.nlm.nih.gov/25558065/		PAVS966	[]	[]	['Coarse facial features (open mouth, bilateral ptosis, and hypertelorism), scoliosis, pectus excavatum, skin laxity, hypotonia, GERD, hyperactive airways/chronic lung disease, and bilateral undescended testicles.']	['FAM120AOS']	['c.743C>T']	GENO:0000137	unknown zygosity	[]	[]	HANCESTRO:0852	Middle Eastern population	GAZ:00005279	Saudi Arabia	['HP:0000280']	['Coarse facial features']	[]	[]	['NM_198841.2(FAM120AOS):c.743C>T']	['158293']	GENO:0000137
PAVS967	Classical primary microcephaly	XIRP1:NM_194293.2:c.4495G>A	https://pubmed.ncbi.nlm.nih.gov/25558065/		PAVS967	[]	[]	['Classical primary microcephaly']	['XIRP1']	['c.4495G>A']	GENO:0000137	unknown zygosity	[]	[]	HANCESTRO:0852	Middle Eastern population	GAZ:00005279	Saudi Arabia	['HP:0011451']	['Primary microcephaly']	[]	[]	['NM_194293.2(XIRP1):c.4495G>A']	['165904']	GENO:0000137
PAVS968	Severe psychomotor retardation, seizure, and cerebellar hypoplasia.	KCTD3:NM_016121.3:c.1036_1073del	https://pubmed.ncbi.nlm.nih.gov/25558065/		PAVS968	[]	[]	['Severe psychomotor retardation, seizure, and cerebellar hypoplasia.']	['KCTD3']	['c.1036_1073del']	GENO:0000137	unknown zygosity	[]	[]	HANCESTRO:0852	Middle Eastern population	GAZ:00005279	Saudi Arabia	['HP:0011344']	['Severe global developmental delay']	[]	[]	['NM_016121.3(KCTD3):c.1036_1073del']	['51133']	GENO:0000137
PAVS969	Macrocephaly,  intellectual disability, dolichocephaly and mild obesity	FAM177A1:NM_001079519.1:c.297dup	https://pubmed.ncbi.nlm.nih.gov/25558065/		PAVS969	[]	[]	['Macrocephaly,  intellectual disability, dolichocephaly and mild obesity']	['FAM177A1']	['c.297dup']	GENO:0000137	unknown zygosity	[]	[]	HANCESTRO:0852	Middle Eastern population	GAZ:00005279	Saudi Arabia	['HP:0000256']	['Macrocephaly']	[]	[]	['NM_001079519.1(FAM177A1):c.297dup']	['283635']	GENO:0000137
PAVS970	Dandy-Walker malformation, hydrocephalus, flexed deformity, club feet, micrognathia, and pleural effusion.	KIAA1109:NM_015312.3:c.1557T>A	https://pubmed.ncbi.nlm.nih.gov/25558065/		PAVS970	[]	[]	['Dandy-Walker malformation, hydrocephalus, flexed deformity, club feet, micrognathia, and pleural effusion.']	['KIAA1109']	['c.1557T>A']	GENO:0000137	unknown zygosity	[]	[]	HANCESTRO:0852	Middle Eastern population	GAZ:00005279	Saudi Arabia	['HP:0001305']	['Dandy-Walker malformation']	[]	[]	['NM_015312.3(KIAA1109):c.1557T>A']	['84162']	GENO:0000137
PAVS971	Global developmental delay (with intellectual disability,), and Attention deficit hyperactive disorder.	CHAF1B:NM_005441.2:c.496A>G	https://pubmed.ncbi.nlm.nih.gov/25558065/		PAVS971	[]	[]	['Global developmental delay (with intellectual disability,), and Attention deficit hyperactive disorder.']	['CHAF1B']	['c.496A>G']	GENO:0000137	unknown zygosity	[]	[]	HANCESTRO:0852	Middle Eastern population	GAZ:00005279	Saudi Arabia	['HP:0001263']	['Global developmental delay']	[]	[]	['NM_005441.2(CHAF1B):c.496A>G']	['8208']	GENO:0000137
PAVS972	Microcephaly (<-2SD), global developmental delay with intellectual disability,, hypotonia, and MRI showed iron deposition in globus pallidus bilaterally.	MTSS1L:NM_138383.2:c.1790C>T	https://pubmed.ncbi.nlm.nih.gov/25558065/		PAVS972	[]	[]	['Microcephaly (<-2SD), global developmental delay with intellectual disability,, hypotonia, and MRI showed iron deposition in globus pallidus bilaterally.']	['MTSS1L']	['c.1790C>T']	GENO:0000137	unknown zygosity	[]	[]	HANCESTRO:0852	Middle Eastern population	GAZ:00005279	Saudi Arabia	['HP:0001249']	['Intellectual disability']	[]	[]	['NM_138383.2(MTSS1L):c.1790C>T']	['92154']	GENO:0000137
PAVS973	Neurodegeration, global developmental delay, failure to thrive, spastic quadriplegia, truncal hypotonia, optic atrophy, high CSF lactic ac intellectual disability, infantile death, MRI: leukoencephalopathy.	ISCA2:NM_194279.3:c.229G>A	https://pubmed.ncbi.nlm.nih.gov/25558065/		PAVS973	[]	[]	['Neurodegeration, global developmental delay, failure to thrive, spastic quadriplegia, truncal hypotonia, optic atrophy, high CSF lactic ac intellectual disability, infantile death, MRI: leukoencephalopathy.']	['ISCA2']	['c.229G>A']	GENO:0000137	unknown zygosity	[]	[]	HANCESTRO:0852	Middle Eastern population	GAZ:00005279	Saudi Arabia	[]	[]	['OMIM:619383']	['Neurodevelopmental disorder with hypotonia, facial dysmorphism, and brain abnormalities']	['NM_194279.3(ISCA2):c.229G>A']	['122961']	GENO:0000137
PAVS974	Intellectual disability,, seizure, brain MRI: bilateral multiple small hyper intense regions in white matter in centrum ovale and early changes of demyelination.	MYOCD:NM_001146312.2:c.1252A>G	https://pubmed.ncbi.nlm.nih.gov/25558065/		PAVS974	[]	[]	['Intellectual disability,, seizure, brain MRI: bilateral multiple small hyper intense regions in white matter in centrum ovale and early changes of demyelination.']	['MYOCD']	['c.1252A>G']	GENO:0000137	unknown zygosity	[]	[]	HANCESTRO:0852	Middle Eastern population	GAZ:00005279	Saudi Arabia	['HP:0001249']	['Intellectual disability']	[]	[]	['NM_001146312.2(MYOCD):c.1252A>G']	['93649']	GENO:0000137
PAVS975	Congenital cataract, tubulopathy, and severe osteopenia.	GEMIN4:NM_015721:c.2452T>C	https://pubmed.ncbi.nlm.nih.gov/25558065/		PAVS975	[]	[]	['Congenital cataract, tubulopathy, and severe osteopenia.']	['GEMIN4']	['c.2452T>C']	GENO:0000137	unknown zygosity	[]	[]	HANCESTRO:0852	Middle Eastern population	GAZ:00005279	Saudi Arabia	['HP:0000518']	['Cataract']	[]	[]	['NM_015721(GEMIN4):c.2452T>C']	['50628']	GENO:0000137
PAVS976	Severe psychomotor retardation, microcephaly, seizure, brain hypomyelination and callosal thinning, left orbital heamangioma, congenital cataract, central hypotonia and appendicular hypertonia, nephrocalcinosis, blaDevelopmental delayer calculi, porto-caval shunt, and epiphyseal dysplasia.	GEMIN4:NM_015721:c.2452T>C	https://pubmed.ncbi.nlm.nih.gov/25558065/		PAVS976	[]	[]	['Severe psychomotor retardation, microcephaly, seizure, brain hypomyelination and callosal thinning, left orbital heamangioma, congenital cataract, central hypotonia and appendicular hypertonia, nephrocalcinosis, blaDevelopmental delayer calculi, porto-caval shunt, and epiphyseal dysplasia.']	['GEMIN4']	['c.2452T>C']	GENO:0000137	unknown zygosity	[]	[]	HANCESTRO:0852	Middle Eastern population	GAZ:00005279	Saudi Arabia	[]	[]	['OMIM:619340']	['Developmental and epileptic encephalopathy 96']	['NM_015721(GEMIN4):c.2452T>C']	['50628']	GENO:0000137
PAVS977	Microcephaly and developmental delay in the form of speech delay. Brain MRI: hypomyelination, hypoplastic corpus callosum, and brain atrophy.	AP4M1:NM_004722.2:c.952C>T	https://pubmed.ncbi.nlm.nih.gov/25558065/		PAVS977	[]	[]	['Microcephaly and developmental delay in the form of speech delay. Brain MRI: hypomyelination, hypoplastic corpus callosum, and brain atrophy.']	['AP4M1']	['c.952C>T']	GENO:0000137	unknown zygosity	[]	[]	HANCESTRO:0852	Middle Eastern population	GAZ:00005279	Saudi Arabia	['HP:0001263']	['Global developmental delay']	[]	[]	['NM_004722.2(AP4M1):c.952C>T']	['9179']	GENO:0000137
PAVS978	Cerebellar vermis hypoplasia, Dandy-Walker Malformation, hydrocephalus, developmental delay. On examination: he has prominent occiput, prominent forehead, micrognathia, low-set ears, hypertelorism, down-slanting palpebral fissures, depressed nasal bridge, high arched palate, bifid uvula, and hypotonia. He has Ventricular septal defect but no prominent chest wall or genitourinary abnormalities.	DPH1:NM_001383.3:c.701T>C	https://pubmed.ncbi.nlm.nih.gov/25558065/		PAVS978	[]	[]	['Cerebellar vermis hypoplasia, Dandy-Walker Malformation, hydrocephalus, developmental delay. On examination: he has prominent occiput, prominent forehead, micrognathia, low-set ears, hypertelorism, down-slanting palpebral fissures, depressed nasal bridge, high arched palate, bifid uvula, and hypotonia. He has Ventricular septal defect but no prominent chest wall or genitourinary abnormalities.']	['DPH1']	['c.701T>C']	GENO:0000137	unknown zygosity	[]	[]	HANCESTRO:0852	Middle Eastern population	GAZ:00005279	Saudi Arabia	[]	[]	[]	[]	['NM_001383.3(DPH1):c.701T>C']	['1801']	GENO:0000137
PAVS979	"Microphthalmia|Low-set ears|Cleft palate|Hypertelorism|Short neck|Occipital encephalocele|Hydrocephalus|Dandy-Walker malformation|Cerebral hypoplasia

 




"	TMEM237:NM_001044385.2:c.869+1G>A	https://pubmed.ncbi.nlm.nih.gov/23169490/		PAVS979	[]	[]	['Microphthalmia', 'Low-set ears', 'Cleft palate', 'Hypertelorism', 'Short neck', 'Occipital encephalocele', 'Hydrocephalus', 'Dandy-Walker malformation', 'Cerebral hypoplasia']	['TMEM237']	['c.869+1G>A']	GENO:0000137	unknown zygosity	[]	[]	HANCESTRO:0852	Middle Eastern population	GAZ:00005279	Saudi Arabia	['HP:0000175', 'HP:0000238', 'HP:0000316', 'HP:0000369', 'HP:0000470', 'HP:0000568', 'HP:0001305', 'HP:0002085', 'HP:0006872']	['Cleft palate', 'Hydrocephalus', 'Hypertelorism', 'Low-set ears', 'Short neck', 'Microphthalmia', 'Dandy-Walker malformation', 'Occipital encephalocele', 'Cerebral hypoplasia']	[]	[]	['NM_001044385.2(TMEM237):c.869+1G>A']	['65062']	GENO:0000137
PAVS980	Early death|Potter-like facies|Sloping forehead|Hypertelorism|Low-set ears|Occipital encephalocele|Polycystic kidneys	EVC2:NM_147127.4:c.3870_3893dup	https://pubmed.ncbi.nlm.nih.gov/23169490/		PAVS980	[]	[]	['Early death', 'Potter-like facies', 'Sloping forehead', 'Hypertelorism', 'Low-set ears', 'Occipital encephalocele', 'Polycystic kidneys']	['EVC2']	['c.3870_3893dup']	GENO:0000137	unknown zygosity	[]	[]	HANCESTRO:0852	Middle Eastern population	GAZ:00005279	Saudi Arabia	['HP:0000113', 'HP:0000316', 'HP:0000340', 'HP:0000369', 'HP:0002085']	['Polycystic kidney dysplasia', 'Hypertelorism', 'Sloping forehead', 'Low-set ears', 'Occipital encephalocele']	['OMIM:612938']	['Growth retardation, developmental delay, coarse facies, and earlydeath']	['NM_147127.4(EVC2):c.3870_3893dup']	['132884']	GENO:0000137
PAVS981	"Early death|Microcephaly|Variable prenatal growth deficiency|Sloping forehead|Occipital encephalocele|Anencephaly|Arnold-Chiari malformation|Patent ductus arteriosus|Pulmonary hypoplasia|Polycystic kidneys|Oligohydramnios

 






 


"	TMEM67:NM_153704.5:c.2306del T	https://pubmed.ncbi.nlm.nih.gov/23169490/		PAVS981	[]	[]	['Early death', 'Microcephaly', 'Variable prenatal growth deficiency', 'Sloping forehead', 'Occipital encephalocele', 'Anencephaly', 'Arnold-Chiari malformation', 'Patent ductus arteriosus', 'Pulmonary hypoplasia', 'Polycystic kidneys', 'Oligohydramnios']	['TMEM67']	['c.2306del T']	GENO:0000137	unknown zygosity	[]	[]	HANCESTRO:0852	Middle Eastern population	GAZ:00005279	Saudi Arabia	['HP:0000113', 'HP:0000252', 'HP:0000340', 'HP:0001511', 'HP:0001562', 'HP:0001643', 'HP:0002085', 'HP:0002089', 'HP:0002308', 'HP:0002323']	['Polycystic kidney dysplasia', 'Microcephaly', 'Sloping forehead', 'Intrauterine growth retardation', 'Oligohydramnios', 'Patent ductus arteriosus', 'Occipital encephalocele', 'Pulmonary hypoplasia', 'Chiari malformation', 'Anencephaly']	['OMIM:612938']	['Growth retardation, developmental delay, coarse facies, and earlydeath']	['NM_153704.5(TMEM67):c.2306del T']	['91147']	GENO:0000137
PAVS982	Early death|Microcephaly|Variable prenatal growth deficiency|Occipital encephalocele|Pulmonary hypoplasia|Polycystic kidneys|Oligohydramnios	MKS1:NM_017777.3:c.1126duplA	https://pubmed.ncbi.nlm.nih.gov/23169490/		PAVS982	[]	[]	['Early death', 'Microcephaly', 'Variable prenatal growth deficiency', 'Occipital encephalocele', 'Pulmonary hypoplasia', 'Polycystic kidneys', 'Oligohydramnios']	['MKS1']	['c.1126duplA']	GENO:0000137	unknown zygosity	[]	[]	HANCESTRO:0852	Middle Eastern population	GAZ:00005279	Saudi Arabia	['HP:0000113', 'HP:0000252', 'HP:0001511', 'HP:0001562', 'HP:0002085', 'HP:0002089']	['Polycystic kidney dysplasia', 'Microcephaly', 'Intrauterine growth retardation', 'Oligohydramnios', 'Occipital encephalocele', 'Pulmonary hypoplasia']	['OMIM:612938']	['Growth retardation, developmental delay, coarse facies, and earlydeath']	['NM_017777.3(MKS1):c.1126duplA']	['54903']	GENO:0000137
PAVS983	Early death|Microcephaly|Sloping forehead|Occipital encephalocele|Dandy-Walker malformation|Polycystic kidneys|Polydactyly|Talipes|Oligohydramnios	CC2D2A:NM_001378615.1:c.4531T>C	https://pubmed.ncbi.nlm.nih.gov/23169490/		PAVS983	[]	[]	['Early death', 'Microcephaly', 'Sloping forehead', 'Occipital encephalocele', 'Dandy-Walker malformation', 'Polycystic kidneys', 'Polydactyly', 'Talipes', 'Oligohydramnios']	['CC2D2A']	['c.4531T>C']	GENO:0000137	unknown zygosity	[]	[]	HANCESTRO:0852	Middle Eastern population	GAZ:00005279	Saudi Arabia	['HP:0000113', 'HP:0000252', 'HP:0000340', 'HP:0001305', 'HP:0001562', 'HP:0001883', 'HP:0002085', 'HP:0010442']	['Polycystic kidney dysplasia', 'Microcephaly', 'Sloping forehead', 'Dandy-Walker malformation', 'Oligohydramnios', 'Talipes', 'Occipital encephalocele', 'Polydactyly']	['OMIM:612938']	['Growth retardation, developmental delay, coarse facies, and earlydeath']	['NM_001378615.1(CC2D2A):c.4531T>C']	['57545']	GENO:0000137
PAVS984	Early death|Occipital encephalocele|Dandy-Walker malformation|Polycystic kidneys|Polydactyly|Talipes|Oligohydramnios	CEP290:NM_025114.3:c.1860_1863delAAGA	https://pubmed.ncbi.nlm.nih.gov/23169490/		PAVS984	[]	[]	['Early death', 'Occipital encephalocele', 'Dandy-Walker malformation', 'Polycystic kidneys', 'Polydactyly', 'Talipes', 'Oligohydramnios']	['CEP290']	['c.1860_1863delAAGA']	GENO:0000137	unknown zygosity	[]	[]	HANCESTRO:0852	Middle Eastern population	GAZ:00005279	Saudi Arabia	['HP:0000113', 'HP:0001305', 'HP:0001562', 'HP:0001883', 'HP:0002085', 'HP:0010442']	['Polycystic kidney dysplasia', 'Dandy-Walker malformation', 'Oligohydramnios', 'Talipes', 'Occipital encephalocele', 'Polydactyly']	['OMIM:612938']	['Growth retardation, developmental delay, coarse facies, and earlydeath']	['NM_025114.3(CEP290):c.1860_1863delAAGA']	['80184']	GENO:0000137
PAVS985	"Early death|Microcephaly|Variable prenatal growth deficiency|Sloping forehead|Occipital encephalocele|Polycystic kidneys|Ambiguous genitalia| Syndactyly|Polydactyly|Bowed long bones|Talipes|Oligohydramnios

"	CC2D2A:NM_001080522.2:c.4531T>C	https://pubmed.ncbi.nlm.nih.gov/23169490/		PAVS985	[]	[]	['Early death', 'Microcephaly', 'Variable prenatal growth deficiency', 'Sloping forehead', 'Occipital encephalocele', 'Polycystic kidneys', 'Ambiguous genitalia', 'Syndactyly', 'Polydactyly', 'Bowed long bones', 'Talipes', 'Oligohydramnios']	['CC2D2A']	['c.4531T>C']	GENO:0000137	unknown zygosity	[]	[]	HANCESTRO:0852	Middle Eastern population	GAZ:00005279	Saudi Arabia	['HP:0000062', 'HP:0000113', 'HP:0000252', 'HP:0000340', 'HP:0001159', 'HP:0001511', 'HP:0001562', 'HP:0001883', 'HP:0002085', 'HP:0006487', 'HP:0010442']	['Ambiguous genitalia', 'Polycystic kidney dysplasia', 'Microcephaly', 'Sloping forehead', 'Syndactyly', 'Intrauterine growth retardation', 'Oligohydramnios', 'Talipes', 'Occipital encephalocele', 'Bowing of the long bones', 'Polydactyly']	['OMIM:612938']	['Growth retardation, developmental delay, coarse facies, and earlydeath']	['NM_001080522.2(CC2D2A):c.4531T>C']	['57545']	GENO:0000137
PAVS986	Early death|Microcephaly|Sloping forehead|Occipital encephalocele|Hydrocephalus|Arnold-Chiari malformation|Polycystic kidneys| Polydactyly|Talipes|Oligohydramnios	C5orf42:NM_023073.3:c.7988_7989delGA	https://pubmed.ncbi.nlm.nih.gov/23169490/		PAVS986	[]	[]	['Early death', 'Microcephaly', 'Sloping forehead', 'Occipital encephalocele', 'Hydrocephalus', 'Arnold-Chiari malformation', 'Polycystic kidneys', 'Polydactyly', 'Talipes', 'Oligohydramnios']	['C5orf42']	['c.7988_7989delGA']	GENO:0000137	unknown zygosity	[]	[]	HANCESTRO:0852	Middle Eastern population	GAZ:00005279	Saudi Arabia	['HP:0000113', 'HP:0000238', 'HP:0000252', 'HP:0000340', 'HP:0001562', 'HP:0001883', 'HP:0002085', 'HP:0002308', 'HP:0010442']	['Polycystic kidney dysplasia', 'Hydrocephalus', 'Microcephaly', 'Sloping forehead', 'Oligohydramnios', 'Talipes', 'Occipital encephalocele', 'Chiari malformation', 'Polydactyly']	['OMIM:612938']	['Growth retardation, developmental delay, coarse facies, and earlydeath']	['NM_023073.3(C5orf42):c.7988_7989delGA']	['65250']	GENO:0000137
PAVS987	Early death|Cleft palate|Occipital encephalocele|Hydrocephalus|Patent ductus arteriosus	EXOC4:NM_021807.3:c. 1733A>G	https://pubmed.ncbi.nlm.nih.gov/23169490/		PAVS987	[]	[]	['Early death', 'Cleft palate', 'Occipital encephalocele', 'Hydrocephalus', 'Patent ductus arteriosus']	['EXOC4']	['c. 1733A>G']	GENO:0000137	unknown zygosity	[]	[]	HANCESTRO:0852	Middle Eastern population	GAZ:00005279	Saudi Arabia	['HP:0000175', 'HP:0000238', 'HP:0001643', 'HP:0002085']	['Cleft palate', 'Hydrocephalus', 'Patent ductus arteriosus', 'Occipital encephalocele']	['OMIM:612938']	['Growth retardation, developmental delay, coarse facies, and earlydeath']	['NM_021807.3(EXOC4):c. 1733A>G']	['60412']	GENO:0000137
PAVS988	Early death|Microcephaly|Sloping forehead|Occipital encephalocele|Polycystic kidneys|Polydactyly|Talipes|Oligohydramnios	MKS1:NM_017777.3:c.1126dupA	https://pubmed.ncbi.nlm.nih.gov/23169490/		PAVS988	[]	[]	['Early death', 'Microcephaly', 'Sloping forehead', 'Occipital encephalocele', 'Polycystic kidneys', 'Polydactyly', 'Talipes', 'Oligohydramnios']	['MKS1']	['c.1126dupA']	GENO:0000137	unknown zygosity	[]	[]	HANCESTRO:0852	Middle Eastern population	GAZ:00005279	Saudi Arabia	['HP:0000113', 'HP:0000252', 'HP:0000340', 'HP:0001562', 'HP:0001883', 'HP:0002085', 'HP:0010442']	['Polycystic kidney dysplasia', 'Microcephaly', 'Sloping forehead', 'Oligohydramnios', 'Talipes', 'Occipital encephalocele', 'Polydactyly']	['OMIM:612938']	['Growth retardation, developmental delay, coarse facies, and earlydeath']	['NM_017777.3(MKS1):c.1126dupA']	['54903']	GENO:0000137
PAVS989	Intrauterine growth retardation|Imperforate anus|Jaundice|Direct hyperbilirubinemia|Elevated liver transiminases| giant cell hepatoctyes|intracellular and canicular cholestasis	UBR1:NM_174916.2:c.1440-1G>A	https://pubmed.ncbi.nlm.nih.gov/18553553/		PAVS989	[]	[]	['Intrauterine growth retardation', 'Imperforate anus', 'Jaundice', 'Direct hyperbilirubinemia', 'Elevated liver transiminases', 'giant cell hepatoctyes', 'intracellular and canicular cholestasis']	['UBR1']	['c.1440-1G>A']	GENO:0000137	unknown zygosity	[]	[]	HANCESTRO:0852	Middle Eastern population	GAZ:00005279	Saudi Arabia	['HP:0000952', 'HP:0001396', 'HP:0001511', 'HP:0002023', 'HP:0002908', 'HP:0002910', 'HP:0200084']	['Jaundice', 'Cholestasis', 'Intrauterine growth retardation', 'Anal atresia', 'Conjugated hyperbilirubinemia', 'Elevated circulating hepatic transaminase concentration', 'Giant cell hepatitis']	[]	[]	['NM_174916.2(UBR1):c.1440-1G>A']	['197131']	GENO:0000137
PAVS990	Profound bilateral congenital deafness|Prominent tip of the nose|Dysplastic ears|Bilateral type 1 microtia|Microdontia|Widely spaced teeth|Low set ears|Anterverted ears|Small teeth|Misaligned teeth|widly spaced teeth|Absent brainstem auditory responses (HP:0004463)|Persistently hyperintense cerebral white matter|Delayed mylination	FGF3:NM_005247.4:c.196G>T	https://pubmed.ncbi.nlm.nih.gov/18701883/		PAVS990	['HP:0004463']	['Absent brainstem auditory responses']	['Profound bilateral congenital deafness', 'Prominent tip of the nose', 'Dysplastic ears', 'Bilateral type 1 microtia', 'Microdontia', 'Widely spaced teeth', 'Low set ears', 'Anterverted ears', 'Small teeth', 'Misaligned teeth', 'widly spaced teeth', 'Persistently hyperintense cerebral white matter', 'Delayed mylination']	['FGF3']	['c.196G>T']	GENO:0000137	unknown zygosity	[]	[]	HANCESTRO:0852	Middle Eastern population	GAZ:00005279	Saudi Arabia	['HP:0000365', 'HP:0000369', 'HP:0000377', 'HP:0000687', 'HP:0000691', 'HP:0000692', 'HP:0002188', 'HP:0004463', 'HP:0005274', 'HP:0008551', 'HP:0040080']	['Hearing impairment', 'Low-set ears', 'Abnormal pinna morphology', 'Widely spaced teeth', 'Microdontia', 'Tooth malposition', 'Delayed CNS myelination', 'Absent brainstem auditory responses', 'Prominent nasal tip', 'Microtia', 'Anteverted ears']	['OMIM:621152']	['Neurodevelopmental disorder with white matter abnormalities and gait disturbance']	['NM_005247.4(FGF3):c.196G>T']	['2248']	GENO:0000137
PAVS991	"Bilateral congenital deafness,|Microtia, and microdontia|Prominent nasal tip|Widely spaced teeth|Small teeth|Low set ears|Anteverted ears|lobulation of ear helix|

"	FGF3:NM_005247.4:c.196G>T	https://pubmed.ncbi.nlm.nih.gov/18701883/		PAVS991	[]	[]	['Bilateral congenital deafness,', 'Microtia, and microdontia', 'Prominent nasal tip', 'Widely spaced teeth', 'Small teeth', 'Low set ears', 'Anteverted ears', 'lobulation of ear helix']	['FGF3']	['c.196G>T']	GENO:0000137	unknown zygosity	[]	[]	HANCESTRO:0852	Middle Eastern population	GAZ:00005279	Saudi Arabia	['HP:0000365', 'HP:0000369', 'HP:0000687', 'HP:0000691', 'HP:0005274', 'HP:0008551', 'HP:0040080']	['Hearing impairment', 'Low-set ears', 'Widely spaced teeth', 'Microdontia', 'Prominent nasal tip', 'Microtia', 'Anteverted ears']	[]	[]	['NM_005247.4(FGF3):c.196G>T']	['2248']	GENO:0000137
PAVS992	"Bilateral congenital deafness,|Microtia, and microdontia|Prominent nasal tip|Widely spaced teeth|Small teeth|Low set ears|Anteverted ears|lobulation of ear helix|

"	FGF3:NM_005247.4:c.196G>T	https://pubmed.ncbi.nlm.nih.gov/18701883/		PAVS992	[]	[]	['Bilateral congenital deafness,', 'Microtia, and microdontia', 'Prominent nasal tip', 'Widely spaced teeth', 'Small teeth', 'Low set ears', 'Anteverted ears', 'lobulation of ear helix']	['FGF3']	['c.196G>T']	GENO:0000137	unknown zygosity	[]	[]	HANCESTRO:0852	Middle Eastern population	GAZ:00005279	Saudi Arabia	['HP:0000365', 'HP:0000369', 'HP:0000687', 'HP:0000691', 'HP:0005274', 'HP:0008551', 'HP:0040080']	['Hearing impairment', 'Low-set ears', 'Widely spaced teeth', 'Microdontia', 'Prominent nasal tip', 'Microtia', 'Anteverted ears']	[]	[]	['NM_005247.4(FGF3):c.196G>T']	['2248']	GENO:0000137
PAVS993	Hypogonadism, Alopecia, Diabetes mellitus, Mental retardation, Extrapyramidal syndrome	C2orf37:NM_025000.4:c.436delC	https://pubmed.ncbi.nlm.nih.gov/19026396/		PAVS993	[]	[]	['Hypogonadism, Alopecia, Diabetes mellitus, Mental retardation, Extrapyramidal syndrome']	['C2orf37']	['c.436delC']	GENO:0000137	unknown zygosity	[]	[]	HANCESTRO:0852	Middle Eastern population	GAZ:00005279	Saudi Arabia	[]	[]	[]	[]	['NM_025000.4(C2orf37):c.436delC']	['80067']	GENO:0000137
PAVS994	Insulin resistance|Acanthosis nigricans|Elevated serum triglycerides|Decreased HDL| Fatty liver|Muscle cramps|Nuchal and axillary acanthosis nigricans, DM2, non-proliferative diabetic retinopathy, persisting fatty liver, hypercholesterolaemia, and hypertriglyceridaemia |Elevated serum creatinine kinase	POC1A:NM_015426.5:c.241C>T	https://pubmed.ncbi.nlm.nih.gov/35234134/		PAVS994	[]	[]	['Insulin resistance', 'Acanthosis nigricans', 'Elevated serum triglycerides', 'Decreased HDL', 'Fatty liver', 'Muscle cramps', 'Nuchal and axillary acanthosis nigricans, DM2, non-proliferative diabetic retinopathy, persisting fatty liver, hypercholesterolaemia, and hypertriglyceridaemia', 'Elevated serum creatinine kinase']	['POC1A']	['c.241C>T']	GENO:0000137	unknown zygosity	[]	[]	HANCESTRO:0852	Middle Eastern population	GAZ:00005279	Saudi Arabia	['HP:0000855', 'HP:0000956', 'HP:0001397', 'HP:0003233', 'HP:0003236', 'HP:0003394']	['Insulin resistance', 'Acanthosis nigricans', 'Hepatic steatosis', 'Decreased HDL cholesterol concentration', 'Elevated circulating creatine kinase concentration', 'Muscle spasm']	[]	[]	['NM_015426.5(POC1A):c.241C>T']	['25886']	GENO:0000137
PAVS995	Profound growth delay|Macrocephaly|Facial dysmorphism| Elongated triangular face, a high forehead, hypertelorism, a depressed nasal bridge, a broad upturned nose, a long philtrum, and posteriorly rotated low-set ears |Rhizomelia	POC1A:NM_015426.5:c.241C>T	https://pubmed.ncbi.nlm.nih.gov/22840364/		PAVS995	[]	[]	['Profound growth delay', 'Macrocephaly', 'Facial dysmorphism', 'Elongated triangular face, a high forehead, hypertelorism, a depressed nasal bridge, a broad upturned nose, a long philtrum, and posteriorly rotated low-set ears', 'Rhizomelia']	['POC1A']	['c.241C>T']	GENO:0000137	unknown zygosity	[]	[]	HANCESTRO:0852	Middle Eastern population	GAZ:00005279	Saudi Arabia	['HP:0000256', 'HP:0001510', 'HP:0001999', 'HP:0005280', 'HP:0008905']	['Macrocephaly', 'Growth delay', 'Abnormal facial shape', 'Depressed nasal bridge', 'Rhizomelia']	[]	[]	['NM_015426.5(POC1A):c.241C>T']	['25886']	GENO:0000137
PAVS996	Growth retardation|Low birth weight|facial dysmorphism|Elongated triangular face, a high forehead, hypertelorism|Depressed nasal bridge|Broad upturned nose|Long philtrum|Posteriorly rotated low-set ears |Relative macrocephaly|Rhizomelia	POC1A:NM_015426.5:c.241C>T	https://pubmed.ncbi.nlm.nih.gov/22840364/		PAVS996	[]	[]	['Growth retardation', 'Low birth weight', 'facial dysmorphism', 'Elongated triangular face, a high forehead, hypertelorism', 'Depressed nasal bridge', 'Broad upturned nose', 'Long philtrum', 'Posteriorly rotated low-set ears', 'Relative macrocephaly', 'Rhizomelia']	['POC1A']	['c.241C>T']	GENO:0000137	unknown zygosity	[]	[]	HANCESTRO:0852	Middle Eastern population	GAZ:00005279	Saudi Arabia	['HP:0000316', 'HP:0000343', 'HP:0000358', 'HP:0000455', 'HP:0001510', 'HP:0001518', 'HP:0001999', 'HP:0004482', 'HP:0005280', 'HP:0008905']	['Hypertelorism', 'Long philtrum', 'Posteriorly rotated ears', 'Broad nasal tip', 'Growth delay', 'Small for gestational age', 'Abnormal facial shape', 'Relative macrocephaly', 'Depressed nasal bridge', 'Rhizomelia']	[]	[]	['NM_015426.5(POC1A):c.241C>T']	['25886']	GENO:0000137
PAVS997	low wight |Short stature|Relative macrocephaly|Facila dysmorphism||Elongated triangular face, a high forehead, hypertelorism, a depressed nasal bridge, a broad upturned nose, a long philtrum, and posteriorly rotated low-set ears	POC1A:NM_015426.5:c.241C>T	https://pubmed.ncbi.nlm.nih.gov/22840364/		PAVS997	[]	[]	['low wight', 'Short stature', 'Relative macrocephaly', 'Facila dysmorphism', 'Elongated triangular face, a high forehead, hypertelorism, a depressed nasal bridge, a broad upturned nose, a long philtrum, and posteriorly rotated low-set ears']	['POC1A']	['c.241C>T']	GENO:0000137	unknown zygosity	[]	[]	HANCESTRO:0852	Middle Eastern population	GAZ:00005279	Saudi Arabia	['HP:0001999', 'HP:0004322', 'HP:0004325', 'HP:0004482', 'HP:0005280']	['Abnormal facial shape', 'Short stature', 'Decreased body weight', 'Relative macrocephaly', 'Depressed nasal bridge']	[]	[]	['NM_015426.5(POC1A):c.241C>T']	['25886']	GENO:0000137
PAVS998	Profound global developmental delay and PD|frequent vomiting |Developmental delay|Failure to thrive|High forehead|Deep-set eyes|Prominent columella|Dolichocephaly|Stubby fingers|Hypotonia|Rhizomelia	POC1A:NM_015426.5:c.241C>T	https://pubmed.ncbi.nlm.nih.gov/22840364/		PAVS998	[]	[]	['Profound global developmental delay and PD', 'frequent vomiting', 'Developmental delay', 'Failure to thrive', 'High forehead', 'Deep-set eyes', 'Prominent columella', 'Dolichocephaly', 'Stubby fingers', 'Hypotonia', 'Rhizomelia']	['POC1A']	['c.241C>T']	GENO:0000137	unknown zygosity	[]	[]	HANCESTRO:0852	Middle Eastern population	GAZ:00005279	Saudi Arabia	['HP:0000268', 'HP:0000348', 'HP:0000490', 'HP:0001252', 'HP:0001263', 'HP:0001508', 'HP:0002572', 'HP:0008905', 'HP:0009381', 'HP:0009765', 'HP:0012736']	['Dolichocephaly', 'High forehead', 'Deeply set eye', 'Hypotonia', 'Global developmental delay', 'Failure to thrive', 'Episodic vomiting', 'Rhizomelia', 'Short finger', 'Low hanging columella', 'Profound global developmental delay']	[]	[]	['NM_015426.5(POC1A):c.241C>T']	['25886']	GENO:0000137
PAVS999	Low birth weight|Failure to thrive|Global developmental delay|diffuse osteopenia, strikingly hypoplastic epiphyses|Elongated triangular face, a high forehead, hypertelorism, a depressed nasal bridge|Broad nose|Upturned nose|Long philtrum|Rotated low-set ears|Osteopenia|Hypoplastic epiphysis|Short broad carpals|	POC1A:NM_015426.5:c.241C>T	https://pubmed.ncbi.nlm.nih.gov/22840364/		PAVS999	[]	[]	['Low birth weight', 'Failure to thrive', 'Global developmental delay', 'diffuse osteopenia, strikingly hypoplastic epiphyses', 'Elongated triangular face, a high forehead, hypertelorism, a depressed nasal bridge', 'Broad nose', 'Upturned nose', 'Long philtrum', 'Rotated low-set ears', 'Osteopenia', 'Hypoplastic epiphysis', 'Short broad carpals']	['POC1A']	['c.241C>T']	GENO:0000137	unknown zygosity	[]	[]	HANCESTRO:0852	Middle Eastern population	GAZ:00005279	Saudi Arabia	['HP:0000316', 'HP:0000343', 'HP:0000369', 'HP:0000445', 'HP:0000463', 'HP:0000938', 'HP:0001263', 'HP:0001508', 'HP:0001518', 'HP:0003090']	['Hypertelorism', 'Long philtrum', 'Low-set ears', 'Wide nose', 'Anteverted nares', 'Osteopenia', 'Global developmental delay', 'Failure to thrive', 'Small for gestational age', 'Hypoplasia of the capital femoral epiphysis']	[]	[]	['NM_015426.5(POC1A):c.241C>T']	['25886']	GENO:0000137
PAVS1000	poor vision|focal seizures |secondary generalized tonic–clonic convulsion|impaired cognitive function|Poor verbal communication|Exaggerated deep tendon reflexes|atrophic changes in MRI |	MFSD8:NM_001371596.2:c.1398C>T	https://pubmed.ncbi.nlm.nih.gov/19277732/		PAVS1000	[]	[]	['poor vision', 'focal seizures', 'secondary generalized tonic–clonic convulsion', 'impaired cognitive function', 'Poor verbal communication', 'Exaggerated deep tendon reflexes', 'atrophic changes in MRI']	['MFSD8']	['c.1398C>T']	GENO:0000137	unknown zygosity	[]	[]	HANCESTRO:0852	Middle Eastern population	GAZ:00005279	Saudi Arabia	['HP:0000505', 'HP:0001347', 'HP:0002069', 'HP:0007359']	['Visual impairment', 'Hyperreflexia', 'Bilateral tonic-clonic seizure', 'Focal-onset seizure']	['OMIM:620502', 'OMIM:621182']	['Neurodevelopmental disorder with language delay and variable cognitive abnormalities', 'Neurodevelopmental disorder with poor or absent speech, dysmorphic facies, and behavioral abnormalities']	['NM_001371596.2(MFSD8):c.1398C>T']	['256471']	GENO:0000137
PAVS1001	poor vision|blindness| Seizures| impaired cognition| vegetative state |mild slowing of the background|sharp waves in EEG	MFSD8:NM_001371596.2:c.1398C>T	https://pubmed.ncbi.nlm.nih.gov/19277732/		PAVS1001	[]	[]	['poor vision', 'blindness', 'Seizures', 'impaired cognition', 'vegetative state', 'mild slowing of the background', 'sharp waves in EEG']	['MFSD8']	['c.1398C>T']	GENO:0000137	unknown zygosity	[]	[]	HANCESTRO:0852	Middle Eastern population	GAZ:00005279	Saudi Arabia	['HP:0000505', 'HP:0000618', 'HP:0001250', 'HP:0011196', 'HP:0012825', 'HP:0031358']	['Visual impairment', 'Blindness', 'Seizure', 'EEG with focal sharp waves', 'Mild', 'Vegetative state']	[]	[]	['NM_001371596.2(MFSD8):c.1398C>T']	['256471']	GENO:0000137
PAVS1002	Poor vision|blindness|Intractable seizures| impaired cognition| Diffuse slowing| multifocal sharp waves	MFSD8:NM_001371596.2:c.1398C>T	https://pubmed.ncbi.nlm.nih.gov/19277732/		PAVS1002	[]	[]	['Poor vision', 'blindness', 'Intractable seizures', 'impaired cognition', 'Diffuse slowing', 'multifocal sharp waves']	['MFSD8']	['c.1398C>T']	GENO:0000137	unknown zygosity	[]	[]	HANCESTRO:0852	Middle Eastern population	GAZ:00005279	Saudi Arabia	['HP:0000505', 'HP:0000618', 'HP:0001250', 'HP:0020034', 'HP:0030651']	['Visual impairment', 'Blindness', 'Seizure', 'Diffuse', 'Multifocal']	[]	[]	['NM_001371596.2(MFSD8):c.1398C>T']	['256471']	GENO:0000137
PAVS1003	Inability to walk|Intellectual disability,|Axial hypotonia|Spastic diplegia|Optic atrophy|Squint|Dysarthria	ATG7:NM_001349232.2:c.1535T>C	https://pubmed.ncbi.nlm.nih.gov/34161705/		PAVS1003	[]	[]	['Inability to walk', 'Intellectual disability,', 'Axial hypotonia', 'Spastic diplegia', 'Optic atrophy', 'Squint', 'Dysarthria']	['ATG7']	['c.1535T>C']	GENO:0000137	unknown zygosity	[]	[]	HANCESTRO:0852	Middle Eastern population	GAZ:00005279	Saudi Arabia	['HP:0000486', 'HP:0000648', 'HP:0001249', 'HP:0001260', 'HP:0001264', 'HP:0002540', 'HP:0008936']	['Strabismus', 'Optic atrophy', 'Intellectual disability', 'Dysarthria', 'Spastic diplegia', 'Inability to walk', 'Axial hypotonia']	[]	[]	['NM_001349232.2(ATG7):c.1535T>C']	['10533']	GENO:0000137
PAVS1004	Delayed walking|Intellectual disability,|Axial hypotonia|Spastic diplegia|Ataxia|Tremor|Optic atrophy|Squint|Dysarthria|Long face|Diffuse brain volume loss	ATG7:NM_001349232.2:c.1535T>C	https://pubmed.ncbi.nlm.nih.gov/34161705/		PAVS1004	[]	[]	['Delayed walking', 'Intellectual disability,', 'Axial hypotonia', 'Spastic diplegia', 'Ataxia', 'Tremor', 'Optic atrophy', 'Squint', 'Dysarthria', 'Long face', 'Diffuse brain volume loss']	['ATG7']	['c.1535T>C']	GENO:0000137	unknown zygosity	[]	[]	HANCESTRO:0852	Middle Eastern population	GAZ:00005279	Saudi Arabia	['HP:0000276', 'HP:0000486', 'HP:0000648', 'HP:0001249', 'HP:0001251', 'HP:0001260', 'HP:0001264', 'HP:0001337', 'HP:0008936', 'HP:0031936']	['Long face', 'Strabismus', 'Optic atrophy', 'Intellectual disability', 'Ataxia', 'Dysarthria', 'Spastic diplegia', 'Tremor', 'Axial hypotonia', 'Delayed ability to walk']	[]	[]	['NM_001349232.2(ATG7):c.1535T>C']	['10533']	GENO:0000137
PAVS1005	Delayed walking|Intellectual disability,|Ataxia|Tremor|Optic atrophy|Squint|Delayed speech| Cerebeller hypoplasia|Posterior atrophy of corpus collosum	ATG7:NM_001349232.2:c.1535T>C	https://pubmed.ncbi.nlm.nih.gov/34161705/		PAVS1005	[]	[]	['Delayed walking', 'Intellectual disability,', 'Ataxia', 'Tremor', 'Optic atrophy', 'Squint', 'Delayed speech', 'Cerebeller hypoplasia', 'Posterior atrophy of corpus collosum']	['ATG7']	['c.1535T>C']	GENO:0000137	unknown zygosity	[]	[]	HANCESTRO:0852	Middle Eastern population	GAZ:00005279	Saudi Arabia	['HP:0000486', 'HP:0000648', 'HP:0000750', 'HP:0001249', 'HP:0001251', 'HP:0001321', 'HP:0001337', 'HP:0031936', 'HP:0034007']	['Strabismus', 'Optic atrophy', 'Delayed speech and language development', 'Intellectual disability', 'Ataxia', 'Cerebellar hypoplasia', 'Tremor', 'Delayed ability to walk', 'Posterior atrophy of corpus callosum']	[]	[]	['NM_001349232.2(ATG7):c.1535T>C']	['10533']	GENO:0000137
PAVS1006	Delayed walking|Intellectual disability,|Ataxia|Tremor|Squint|Delayed speech	ATG7:NM_001349232.2:c.1535T>C	https://pubmed.ncbi.nlm.nih.gov/34161705/		PAVS1006	[]	[]	['Delayed walking', 'Intellectual disability,', 'Ataxia', 'Tremor', 'Squint', 'Delayed speech']	['ATG7']	['c.1535T>C']	GENO:0000137	unknown zygosity	[]	[]	HANCESTRO:0852	Middle Eastern population	GAZ:00005279	Saudi Arabia	['HP:0000486', 'HP:0000750', 'HP:0001249', 'HP:0001251', 'HP:0001337', 'HP:0031936']	['Strabismus', 'Delayed speech and language development', 'Intellectual disability', 'Ataxia', 'Tremor', 'Delayed ability to walk']	[]	[]	['NM_001349232.2(ATG7):c.1535T>C']	['10533']	GENO:0000137
PAVS1007	Lissencephaly	MCPH1:NM_024596.3: c.1_114del, NC_000008.10:g.6264189_6266891del	https://pubmed.ncbi.nlm.nih.gov/27431290/		PAVS1007	[]	[]	['Lissencephaly']	['MCPH1']	['c.1_114del,']	GENO:0000137	unknown zygosity	[]	[]	HANCESTRO:0852	Middle Eastern population	GAZ:00005279	Saudi Arabia	['HP:0001339']	['Lissencephaly']	[]	[]	['NM_024596.3(MCPH1):c.1_114del']	['79648']	GENO:0000137
PAVS1008	Lissencephaly, colpocephaly	WDR62:NM_001083961.1:c.3012_3034dup,p.(Pro1012Glnfs*64),NC_000019.9:g.36592606_36592628dup	https://pubmed.ncbi.nlm.nih.gov/27431290/		PAVS1008	[]	[]	['Lissencephaly, colpocephaly']	['WDR62']	['c.3012_3034dup,p.(Pro1012Glnfs*64),NC_000019.9']	GENO:0000137	unknown zygosity	[]	[]	HANCESTRO:0852	Middle Eastern population	GAZ:00005279	Saudi Arabia	['HP:0001339']	['Lissencephaly']	[]	[]	['NM_001083961.1(WDR62):c.3012_3034dup,p.(Pro1012Glnfs*64),NC_000019.9']	['284403']	GENO:0000137
PAVS1009	Pachygyria	WDR62:NM_001083961.1:c.193G>A,p.(Val65Met),NC_000019.9:g.36549697G>A	https://pubmed.ncbi.nlm.nih.gov/26112015/		PAVS1009	[]	[]	['Pachygyria']	['WDR62']	['c.193G>A,p.(Val65Met),NC_000019.9']	GENO:0000137	unknown zygosity	[]	[]	HANCESTRO:0852	Middle Eastern population	GAZ:00005279	Saudi Arabia	['HP:0001302']	['Pachygyria']	[]	[]	['NM_001083961.1(WDR62):c.193G>A,p.(Val65Met),NC_000019.9']	['284403']	GENO:0000137
PAVS1010	Dysplasia and dysgenesis of the corpus callosum	NM_001011649.2:c.140delT, p.(Val47Glyfs*14) ,NC_000009.11:g.123330654delA, NM_001011649.2: c.384_2106del, p.(Lys129Phefs*22) , / NC_000009.11:123228873-123303533del	https://pubmed.ncbi.nlm.nih.gov/30214071/	https://pubmed.ncbi.nlm.nih.gov/30214071/	PAVS1010	[]	[]	['Dysplasia and dysgenesis of the corpus callosum']	[]	['NM_001011649.2:c.140delT, p.(Val47Glyfs*14) ,NC_000009.11:g.123330654delA, NM_001011649.2: c.384_2106del, p.(Lys129Phefs*22) , / NC_000009.11:123228873-123303533del']	GENO:0000137	unknown zygosity	[]	[]	HANCESTRO:0852	Middle Eastern population	GAZ:00005279	Saudi Arabia	['HP:0001274']	['Agenesis of corpus callosum']	[]	[]	['NM_001011649.2:c.140delT, p.(Val47Glyfs*14) ,NC_000009.11:g.123330654delA, NM_001011649.2: c.384_2106del, p.(Lys129Phefs*22) , / NC_000009.11:123228873-123303533del']	['Unknown']	GENO:0000137
PAVS1011	Agenesis of corpus callosum	CDK5RAP2:NM_001011649.2:c.4005-15A>G, NC_000009.11:g.123182253T>C;CNTRL:NM_007018.4:c.586C>T,p.(Arg196*),NC_000009.11:g.123858806C>T	https://pubmed.ncbi.nlm.nih.gov/30214071/	https://pubmed.ncbi.nlm.nih.gov/30214071/	PAVS1011	[]	[]	['Agenesis of corpus callosum']	['CDK5RAP2']	['c.4005-15A>G, NC_000009.11']	GENO:0000137	unknown zygosity	[]	[]	HANCESTRO:0852	Middle Eastern population	GAZ:00005279	Saudi Arabia	['HP:0001274']	['Agenesis of corpus callosum']	[]	[]	['NM_001011649.2(CDK5RAP2):c.4005-15A>G, NC_000009.11', 'NM_007018.4(CNTRL):c.586C>T,p.(Arg196*),NC_000009.11']	['11064', '55755']	GENO:0000137
PAVS1012	Hydranencephaly	ASPM:NM_ 001206846.1:c.1138C>T,p. (Gln380*),NC_000001.10:g.197112244G>A	https://pubmed.ncbi.nlm.nih.gov/30214071/	https://pubmed.ncbi.nlm.nih.gov/30214071/	PAVS1012	[]	[]	['Hydranencephaly']	['ASPM']	['c.1138C>T,p. (Gln380*),NC_000001.10']	GENO:0000137	unknown zygosity	[]	[]	HANCESTRO:0852	Middle Eastern population	GAZ:00005279	Saudi Arabia	['HP:0002324']	['Hydranencephaly']	[]	[]	['NM_ 001206846.1(ASPM):c.1138C>T,p. (Gln380*),NC_000001.10']	['259266']	GENO:0000137
PAVS1013	Partial agenesis of the corpus callosum, hypoplastic cerebellum, colpocephaly	ASPM:NM_018136.4 :c.3506_3507del,p.Val1169Glyfs*15,NC_000001.10:g.197091609_197091610del	https://pubmed.ncbi.nlm.nih.gov/30214071/	https://pubmed.ncbi.nlm.nih.gov/30214071/	PAVS1013	[]	[]	['Partial agenesis of the corpus callosum, hypoplastic cerebellum, colpocephaly']	['ASPM']	['c.3506_3507del,p.Val1169Glyfs*15,NC_000001.10']	GENO:0000137	unknown zygosity	[]	[]	HANCESTRO:0852	Middle Eastern population	GAZ:00005279	Saudi Arabia	['HP:0001338']	['Partial agenesis of the corpus callosum']	[]	[]	['NM_018136.4 (ASPM):c.3506_3507del,p.Val1169Glyfs*15,NC_000001.10']	['259266']	GENO:0000137
PAVS1014	Microgyria, prominent ventricular system, bilaterally malformed hippocampi, fused thalami and subarachnoid cyst	ASPM:NM_018136.4:c.3742-1G>C,NC_000001.10:g.197091174C>G	https://pubmed.ncbi.nlm.nih.gov/26112015/		PAVS1014	[]	[]	['Microgyria, prominent ventricular system, bilaterally malformed hippocampi, fused thalami and subarachnoid cyst']	['ASPM']	['c.3742-1G>C,NC_000001.10']	GENO:0000137	unknown zygosity	[]	[]	HANCESTRO:0852	Middle Eastern population	GAZ:00005279	Saudi Arabia	['HP:0100702']	['Arachnoid cyst']	[]	[]	['NM_018136.4(ASPM):c.3742-1G>C,NC_000001.10']	['259266']	GENO:0000137
PAVS1015	Polymicrogyria	ASPM:NM_018136.4:c.5064delT,p.(Val1689Leufs*3),NC_000001.10:g.197073317delA	https://pubmed.ncbi.nlm.nih.gov/26112015/		PAVS1015	[]	[]	['Polymicrogyria']	['ASPM']	['c.5064delT,p.(Val1689Leufs*3),NC_000001.10']	GENO:0000137	unknown zygosity	[]	[]	HANCESTRO:0852	Middle Eastern population	GAZ:00005279	Saudi Arabia	['HP:0002126']	['Polymicrogyria']	[]	[]	['NM_018136.4(ASPM):c.5064delT,p.(Val1689Leufs*3),NC_000001.10']	['259266']	GENO:0000137
PAVS1016	Lissencephaly	ASPM:NM_018136.4:c.1138C>T,p.(Gln380*),NC_000001.10:g.197112244G>A	https://pubmed.ncbi.nlm.nih.gov/26112015/		PAVS1016	[]	[]	['Lissencephaly']	['ASPM']	['c.1138C>T,p.(Gln380*),NC_000001.10']	GENO:0000137	unknown zygosity	[]	[]	HANCESTRO:0852	Middle Eastern population	GAZ:00005279	Saudi Arabia	['HP:0001339']	['Lissencephaly']	[]	[]	['NM_018136.4(ASPM):c.1138C>T,p.(Gln380*),NC_000001.10']	['259266']	GENO:0000137
PAVS1017	Lissencephaly	ASPM:NM_018136.4:c.1952_1955del,p.(Asn653Lysfs*14),NC_000001.10:g.197108968_197108971del	https://pubmed.ncbi.nlm.nih.gov/30214071/		PAVS1017	[]	[]	['Lissencephaly']	['ASPM']	['c.1952_1955del,p.(Asn653Lysfs*14),NC_000001.10']	GENO:0000137	unknown zygosity	[]	[]	HANCESTRO:0852	Middle Eastern population	GAZ:00005279	Saudi Arabia	['HP:0001339']	['Lissencephaly']	[]	[]	['NM_018136.4(ASPM):c.1952_1955del,p.(Asn653Lysfs*14),NC_000001.10']	['259266']	GENO:0000137
PAVS1018	congenital microcephaly	ASPM:NM_018136.4:c.1138C>T,p.(Gln380*),NC_000001.10:g.197112244G>A	https://pubmed.ncbi.nlm.nih.gov/30214071/		PAVS1018	[]	[]	['congenital microcephaly']	['ASPM']	['c.1138C>T,p.(Gln380*),NC_000001.10']	GENO:0000137	unknown zygosity	[]	[]	HANCESTRO:0852	Middle Eastern population	GAZ:00005279	Saudi Arabia	['HP:0011451']	['Primary microcephaly']	[]	[]	['NM_018136.4(ASPM):c.1138C>T,p.(Gln380*),NC_000001.10']	['259266']	GENO:0000137
PAVS1019	Pachygyria	ASPM:NM_018136.4:c.1138C>T,p.(Gln380*),NC_000001.10:g.197112244G>A	https://pubmed.ncbi.nlm.nih.gov/26112015/		PAVS1019	[]	[]	['Pachygyria']	['ASPM']	['c.1138C>T,p.(Gln380*),NC_000001.10']	GENO:0000137	unknown zygosity	[]	[]	HANCESTRO:0852	Middle Eastern population	GAZ:00005279	Saudi Arabia	['HP:0001302']	['Pachygyria']	[]	[]	['NM_018136.4(ASPM):c.1138C>T,p.(Gln380*),NC_000001.10']	['259266']	GENO:0000137
PAVS1020	Lissencephaly, abnormality in the space in the meninges beneath the arachnoid membrane and above the pia matter that contains the cerebrospinal flu intellectual disability, agenesis of corpus callosum, posterior colpocephaly	ASPM:NM_018136.4:c.1952_1955del,p.(Asn653Lysfs*14),NC_000001.10:g.197108968_197108971del	https://pubmed.ncbi.nlm.nih.gov/30214071/	https://pubmed.ncbi.nlm.nih.gov/30214071/	PAVS1020	[]	[]	['Lissencephaly, abnormality in the space in the meninges beneath the arachnoid membrane and above the pia matter that contains the cerebrospinal flu intellectual disability, agenesis of corpus callosum, posterior colpocephaly']	['ASPM']	['c.1952_1955del,p.(Asn653Lysfs*14),NC_000001.10']	GENO:0000137	unknown zygosity	[]	[]	HANCESTRO:0852	Middle Eastern population	GAZ:00005279	Saudi Arabia	[]	[]	['OMIM:619340']	['Developmental and epileptic encephalopathy 96']	['NM_018136.4(ASPM):c.1952_1955del,p.(Asn653Lysfs*14),NC_000001.10']	['259266']	GENO:0000137
PAVS1021	Agenesis of the corpus callosum, pachygyri	ASPM:NM_018136.4:c.1138C>T,p.(Gln380*),NC_000001.10:g.197112244G>A	https://pubmed.ncbi.nlm.nih.gov/26112015/		PAVS1021	[]	[]	['Agenesis of the corpus callosum, pachygyri']	['ASPM']	['c.1138C>T,p.(Gln380*),NC_000001.10']	GENO:0000137	unknown zygosity	[]	[]	HANCESTRO:0852	Middle Eastern population	GAZ:00005279	Saudi Arabia	[]	[]	[]	[]	['NM_018136.4(ASPM):c.1138C>T,p.(Gln380*),NC_000001.10']	['259266']	GENO:0000137
PAVS1022	Partial agenesis of the corpus callosum, absent septum pellucidum, pachygyria.	STIL:NM_001048166.1:c.3552_3553del,p.(Cys1184*),NC_000001.10:g.47717122_47717123del	https://pubmed.ncbi.nlm.nih.gov/30214071/		PAVS1022	[]	[]	['Partial agenesis of the corpus callosum, absent septum pellucidum, pachygyria.']	['STIL']	['c.3552_3553del,p.(Cys1184*),NC_000001.10']	GENO:0000137	unknown zygosity	[]	[]	HANCESTRO:0852	Middle Eastern population	GAZ:00005279	Saudi Arabia	['HP:0001338']	['Partial agenesis of the corpus callosum']	[]	[]	['NM_001048166.1(STIL):c.3552_3553del,p.(Cys1184*),NC_000001.10']	['6491']	GENO:0000137
PAVS1023	Aplasia/hypoplasia of the cerebellum, hydrocephaly, decreased thalamic volume	MFSD2A:NM_001136493.1:c.515C>T,p.(Thr172Met),NC_000001.10:g.40431005C>T	https://pubmed.ncbi.nlm.nih.gov/30214071/		PAVS1023	[]	[]	['Aplasia/hypoplasia of the cerebellum, hydrocephaly, decreased thalamic volume']	['MFSD2A']	['c.515C>T,p.(Thr172Met),NC_000001.10']	GENO:0000137	unknown zygosity	[]	[]	HANCESTRO:0852	Middle Eastern population	GAZ:00005279	Saudi Arabia	['HP:0000238']	['Hydrocephalus']	[]	[]	['NM_001136493.1(MFSD2A):c.515C>T,p.(Thr172Met),NC_000001.10']	['84879']	GENO:0000137
PAVS1024	congenital microcephaly	CIT:NM_001206999.1:c.1111+1G>A,p.(Gly353_371delinsAla),NC_000012.11:g.120260623C>T	https://pubmed.ncbi.nlm.nih.gov/27503289/		PAVS1024	[]	[]	['congenital microcephaly']	['CIT']	['c.1111+1G>A,p.(Gly353_371delinsAla),NC_000012.11']	GENO:0000137	unknown zygosity	[]	[]	HANCESTRO:0852	Middle Eastern population	GAZ:00005279	Saudi Arabia	['HP:0011451']	['Primary microcephaly']	[]	[]	['NM_001206999.1(CIT):c.1111+1G>A,p.(Gly353_371delinsAla),NC_000012.11']	['79947']	GENO:0000137
PAVS1025	Lissencephaly	CIT:NM_001206999.1:c.753+3A>T,p.(Asp221*),NC_000012.11:g.120270572T>A	https://pubmed.ncbi.nlm.nih.gov/27503289/		PAVS1025	[]	[]	['Lissencephaly']	['CIT']	['c.753+3A>T,p.(Asp221*),NC_000012.11']	GENO:0000137	unknown zygosity	[]	[]	HANCESTRO:0852	Middle Eastern population	GAZ:00005279	Saudi Arabia	['HP:0001339']	['Lissencephaly']	[]	[]	['NM_001206999.1(CIT):c.753+3A>T,p.(Asp221*),NC_000012.11']	['79947']	GENO:0000137
PAVS1026	Agenesis of corpus callosum	CEP135:NM_025009.4:c.2722C>T,p.(Arg908*),NC_000004.11:g.56878071C>T	https://pubmed.ncbi.nlm.nih.gov/30214071/	https://pubmed.ncbi.nlm.nih.gov/30214071/	PAVS1026	[]	[]	['Agenesis of corpus callosum']	['CEP135']	['c.2722C>T,p.(Arg908*),NC_000004.11']	GENO:0000137	unknown zygosity	[]	[]	HANCESTRO:0852	Middle Eastern population	GAZ:00005279	Saudi Arabia	['HP:0001274']	['Agenesis of corpus callosum']	[]	[]	['NM_025009.4(CEP135):c.2722C>T,p.(Arg908*),NC_000004.11']	['9662']	GENO:0000137
PAVS1027	Polymicrogyria , severe callosal hypogenesis with interhemispheric cyst at left aspect of the falx compressing the left cerebral hemisphere continuous with the third ventricle, mild dilation of the lateral ventricles	CEP152:NM_001194998.1 :c.95A>C,p.(Gln32Pro),NC_000015.9:g.49090241T>G,	https://pubmed.ncbi.nlm.nih.gov/30214071/	https://pubmed.ncbi.nlm.nih.gov/30214071/	PAVS1027	[]	[]	['Polymicrogyria , severe callosal hypogenesis with interhemispheric cyst at left aspect of the falx compressing the left cerebral hemisphere continuous with the third ventricle, mild dilation of the lateral ventricles']	['CEP152']	['c.95A>C,p.(Gln32Pro),NC_000015.9']	GENO:0000137	unknown zygosity	[]	[]	HANCESTRO:0852	Middle Eastern population	GAZ:00005279	Saudi Arabia	[]	[]	['OMIM:618076']	['Neurodevelopmental disorder with spasticity and poor growth']	['NM_001194998.1 (CEP152):c.95A>C,p.(Gln32Pro),NC_000015.9']	['22995']	GENO:0000137
PAVS1028	congenital microcephaly	CENPJ:NM_018451.4:c.125_126delAA,p.(Lys42Argfs*15),NC_000013.10:g.25487038_25487039delTT	https://pubmed.ncbi.nlm.nih.gov/30214071/	https://pubmed.ncbi.nlm.nih.gov/30214071/	PAVS1028	[]	[]	['congenital microcephaly']	['CENPJ']	['c.125_126delAA,p.(Lys42Argfs*15),NC_000013.10']	GENO:0000137	unknown zygosity	[]	[]	HANCESTRO:0852	Middle Eastern population	GAZ:00005279	Saudi Arabia	['HP:0011451']	['Primary microcephaly']	[]	[]	['NM_018451.4(CENPJ):c.125_126delAA,p.(Lys42Argfs*15),NC_000013.10']	['55835']	GENO:0000137
PAVS1029	congenital microcephaly	CENPJ:NM_018451.4:c.133C>T,p.(Arg45*),NC_000013.10:g.25487031G>A	https://pubmed.ncbi.nlm.nih.gov/27431290/		PAVS1029	[]	[]	['congenital microcephaly']	['CENPJ']	['c.133C>T,p.(Arg45*),NC_000013.10']	GENO:0000137	unknown zygosity	[]	[]	HANCESTRO:0852	Middle Eastern population	GAZ:00005279	Saudi Arabia	['HP:0011451']	['Primary microcephaly']	[]	[]	['NM_018451.4(CENPJ):c.133C>T,p.(Arg45*),NC_000013.10']	['55835']	GENO:0000137
PAVS1030	Lissencephaly, agenesis of the corpus callosum, hypoplasia of the cerebellum	CENPJ:NM_018451.4:c.43_44del,p.(Asn15Leufs*42),NC_000013.10:g.25487120_25487121del	https://pubmed.ncbi.nlm.nih.gov/30214071/	https://pubmed.ncbi.nlm.nih.gov/30214071/	PAVS1030	[]	[]	['Lissencephaly, agenesis of the corpus callosum, hypoplasia of the cerebellum']	['CENPJ']	['c.43_44del,p.(Asn15Leufs*42),NC_000013.10']	GENO:0000137	unknown zygosity	[]	[]	HANCESTRO:0852	Middle Eastern population	GAZ:00005279	Saudi Arabia	['HP:0001274']	['Agenesis of corpus callosum']	[]	[]	['NM_018451.4(CENPJ):c.43_44del,p.(Asn15Leufs*42),NC_000013.10']	['55835']	GENO:0000137
PAVS1031	congenital microcephaly	CENPJ:NM_018451.4:c.3302-1G>C ,NC_000013.10:g.25459809C>G	https://pubmed.ncbi.nlm.nih.gov/20522431/		PAVS1031	[]	[]	['congenital microcephaly']	['CENPJ']	['c.3302-1G>C ,NC_000013.10']	GENO:0000137	unknown zygosity	[]	[]	HANCESTRO:0852	Middle Eastern population	GAZ:00005279	Saudi Arabia	['HP:0011451']	['Primary microcephaly']	[]	[]	['NM_018451.4(CENPJ):c.3302-1G>C ,NC_000013.10']	['55835']	GENO:0000137
PAVS1032	Lissencephaly	RNU4ATAC : NC_000002.11:g.122288510G>A: NR_023343.1:n.55G>A, NC_000002.11:g.122288571A>T : NR_023343.1:n.116A>T	https://pubmed.ncbi.nlm.nih.gov/30214071/		PAVS1032	[]	[]	['Lissencephaly']	[]	['RNU4ATAC : NC_000002.11:g.122288510G>A: NR_023343.1:n.55G>A, NC_000002.11:g.122288571A>T : NR_023343.1:n.116A>T']	GENO:0000137	unknown zygosity	[]	[]	HANCESTRO:0852	Middle Eastern population	GAZ:00005279	Saudi Arabia	['HP:0001339']	['Lissencephaly']	[]	[]	['NR_023343.1:n.55G>A, NR_023343.1:n.116A>T']	['Unknown']	GENO:0000137
PAVS1033	congenital microcephaly	PCNT:NM_006031.5:c.2374C>T,p.(Arg792*),NC_000021.8:g.47783614C>T	https://pubmed.ncbi.nlm.nih.gov/30214071/		PAVS1033	[]	[]	['congenital microcephaly']	['PCNT']	['c.2374C>T,p.(Arg792*),NC_000021.8']	GENO:0000137	unknown zygosity	[]	[]	HANCESTRO:0852	Middle Eastern population	GAZ:00005279	Saudi Arabia	['HP:0011451']	['Primary microcephaly']	[]	[]	['NM_006031.5(PCNT):c.2374C>T,p.(Arg792*),NC_000021.8']	['5116']	GENO:0000137
PAVS1034	congenital microcephaly	PCNT:NM_006031.5:c.1519C>T,p.(Arg507*),NC_000021.8:g.47773080C>T;NM_006031.5:c.8014G>T, p.(Glu2672*),NC_000021.8:g.47850521G>T	https://pubmed.ncbi.nlm.nih.gov/30214071/		PAVS1034	[]	[]	['congenital microcephaly']	['PCNT']	['c.1519C>T,p.(Arg507*),NC_000021.8']	GENO:0000137	unknown zygosity	[]	[]	HANCESTRO:0852	Middle Eastern population	GAZ:00005279	Saudi Arabia	['HP:0011451']	['Primary microcephaly']	[]	[]	['NM_006031.5(PCNT):c.1519C>T,p.(Arg507*),NC_000021.8', 'NM_006031.5:c.8014G>T, p.(Glu2672*),NC_000021.8:g.47850521G>T']	['5116', 'Unknown']	GENO:0000137
PAVS1035	congenital microcephaly	PCNT:NM_006031.5:c.5767C>T,p.(Arg1923*),NC_000021.8:g.47831754C>T	https://pubmed.ncbi.nlm.nih.gov/30214071/		PAVS1035	[]	[]	['congenital microcephaly']	['PCNT']	['c.5767C>T,p.(Arg1923*),NC_000021.8']	GENO:0000137	unknown zygosity	[]	[]	HANCESTRO:0852	Middle Eastern population	GAZ:00005279	Saudi Arabia	['HP:0011451']	['Primary microcephaly']	[]	[]	['NM_006031.5(PCNT):c.5767C>T,p.(Arg1923*),NC_000021.8']	['5116']	GENO:0000137
PAVS1036	congenital microcephaly	PCNT:NM_ 006031.5, :c.5767C>T ,p.(Arg1923*) ,NC_000021.8:g.47831754C>T	https://pubmed.ncbi.nlm.nih.gov/30214071/		PAVS1036	[]	[]	['congenital microcephaly']	['PCNT']	['c.5767C>T ,p.(Arg1923*) ,NC_000021.8']	GENO:0000137	unknown zygosity	[]	[]	HANCESTRO:0852	Middle Eastern population	GAZ:00005279	Saudi Arabia	['HP:0011451']	['Primary microcephaly']	[]	[]	['NM_ 006031.5, (PCNT):c.5767C>T ,p.(Arg1923*) ,NC_000021.8']	['5116']	GENO:0000137
PAVS1037	congenital microcephaly	PCNT:NM_006031.5:c.2812C>T,p.(Gln938*),NC_000021.8:g.47786701C>T	https://pubmed.ncbi.nlm.nih.gov/30214071/		PAVS1037	[]	[]	['congenital microcephaly']	['PCNT']	['c.2812C>T,p.(Gln938*),NC_000021.8']	GENO:0000137	unknown zygosity	[]	[]	HANCESTRO:0852	Middle Eastern population	GAZ:00005279	Saudi Arabia	['HP:0011451']	['Primary microcephaly']	[]	[]	['NM_006031.5(PCNT):c.2812C>T,p.(Gln938*),NC_000021.8']	['5116']	GENO:0000137
PAVS1038	congenital microcephaly	PCNT:NM_006031.5:c.4655C>A,p.(Ser1552*),NC_000021.8:g.47819574C>A	https://pubmed.ncbi.nlm.nih.gov/30214071/		PAVS1038	[]	[]	['congenital microcephaly']	['PCNT']	['c.4655C>A,p.(Ser1552*),NC_000021.8']	GENO:0000137	unknown zygosity	[]	[]	HANCESTRO:0852	Middle Eastern population	GAZ:00005279	Saudi Arabia	['HP:0011451']	['Primary microcephaly']	[]	[]	['NM_006031.5(PCNT):c.4655C>A,p.(Ser1552*),NC_000021.8']	['5116']	GENO:0000137
PAVS1039	congenital microcephaly	AARS:NM_001605.2:c.2873T>C,p.(Phe958Ser),NC_000016.9:g.70286658A>G	https://pubmed.ncbi.nlm.nih.gov/30214071/		PAVS1039	[]	[]	['congenital microcephaly']	['AARS']	['c.2873T>C,p.(Phe958Ser),NC_000016.9']	GENO:0000137	unknown zygosity	[]	[]	HANCESTRO:0852	Middle Eastern population	GAZ:00005279	Saudi Arabia	['HP:0011451']	['Primary microcephaly']	[]	[]	['NM_001605.2(AARS):c.2873T>C,p.(Phe958Ser),NC_000016.9']	['16']	GENO:0000137
PAVS1040	Hypomyelination, foreshortened corpus callosum on its long axis with thinning at the level of the posterior body and splenium, the gyri patterns especially in the frontal and temporal lobes are disordered with possibly underlying malformation of cortical development	BRCA2:NM_000059.3:c.7007G>A,p.(Arg2336His),NC_000013.10:g.32921033G>A	https://pubmed.ncbi.nlm.nih.gov/30214071/		PAVS1040	[]	[]	['Hypomyelination, foreshortened corpus callosum on its long axis with thinning at the level of the posterior body and splenium, the gyri patterns especially in the frontal and temporal lobes are disordered with possibly underlying malformation of cortical development']	['BRCA2']	['c.7007G>A,p.(Arg2336His),NC_000013.10']	GENO:0000137	unknown zygosity	[]	[]	HANCESTRO:0852	Middle Eastern population	GAZ:00005279	Saudi Arabia	[]	[]	['OMIM:621191']	['Leukodystrophy and cerebellar atrophy']	['NM_000059.3(BRCA2):c.7007G>A,p.(Arg2336His),NC_000013.10']	['675']	GENO:0000137
PAVS1041	congenital microcephaly	PLK4 :NM_ 014264.4:c.1299-1303delTAAAG,p.(Phe433Leufs*6) ,NC_000004.11:g.128806521delTAAAG	https://pubmed.ncbi.nlm.nih.gov/25320347/		PAVS1041	[]	[]	['congenital microcephaly']	['PLK4 ']	['c.1299-1303delTAAAG,p.(Phe433Leufs*6) ,NC_000004.11']	GENO:0000137	unknown zygosity	[]	[]	HANCESTRO:0852	Middle Eastern population	GAZ:00005279	Saudi Arabia	['HP:0011451']	['Primary microcephaly']	[]	[]	['NM_ 014264.4(PLK4 ):c.1299-1303delTAAAG,p.(Phe433Leufs*6) ,NC_000004.11']	['Unknown']	GENO:0000137
PAVS1042	hypoplasic corpus collosum, Cerebellar vermis hypoplasia	DDX11 :NM_152438.1:c.2633dupG,p.(Ser878Argfs*83),NC_000012.11:g.31256612dupG	https://pubmed.ncbi.nlm.nih.gov/30214071/		PAVS1042	[]	[]	['hypoplasic corpus collosum, Cerebellar vermis hypoplasia']	['DDX11 ']	['c.2633dupG,p.(Ser878Argfs*83),NC_000012.11']	GENO:0000137	unknown zygosity	[]	[]	HANCESTRO:0852	Middle Eastern population	GAZ:00005279	Saudi Arabia	['HP:0001320']	['Cerebellar vermis hypoplasia']	[]	[]	['NM_152438.1(DDX11 ):c.2633dupG,p.(Ser878Argfs*83),NC_000012.11']	['Unknown']	GENO:0000137
PAVS1043	Brain atrophy	DDX11:NM_004399.2:c.2426T>G,p.(Val809Gly),NC_000012.11:g.31256550T>G	https://pubmed.ncbi.nlm.nih.gov/30214071/		PAVS1043	[]	[]	['Brain atrophy']	['DDX11']	['c.2426T>G,p.(Val809Gly),NC_000012.11']	GENO:0000137	unknown zygosity	[]	[]	HANCESTRO:0852	Middle Eastern population	GAZ:00005279	Saudi Arabia	['HP:0012444']	['Brain atrophy']	[]	[]	['NM_004399.2(DDX11):c.2426T>G,p.(Val809Gly),NC_000012.11']	['1663']	GENO:0000137
PAVS1044	congenital microcephaly	RTTN:NM_173630.3:c.5746-20A>G,p.(1917_1942del),NC_000018.9:g.67696057T>C	https://pubmed.ncbi.nlm.nih.gov/30214071/		PAVS1044	[]	[]	['congenital microcephaly']	['RTTN']	['c.5746-20A>G,p.(1917_1942del),NC_000018.9']	GENO:0000137	unknown zygosity	[]	[]	HANCESTRO:0852	Middle Eastern population	GAZ:00005279	Saudi Arabia	['HP:0011451']	['Primary microcephaly']	[]	[]	['NM_173630.3(RTTN):c.5746-20A>G,p.(1917_1942del),NC_000018.9']	['25914']	GENO:0000137
PAVS1045	Lissencephaly, hypoplasia of the corpus callosum	RTTN:NM_173630.3:c.3190A>C,p.(Lys1064Gln),NC_000018.9:g.67794931T>G	https://pubmed.ncbi.nlm.nih.gov/26608784/		PAVS1045	[]	[]	['Lissencephaly, hypoplasia of the corpus callosum']	['RTTN']	['c.3190A>C,p.(Lys1064Gln),NC_000018.9']	GENO:0000137	unknown zygosity	[]	[]	HANCESTRO:0852	Middle Eastern population	GAZ:00005279	Saudi Arabia	['HP:0002079']	['Hypoplasia of the corpus callosum']	[]	[]	['NM_173630.3(RTTN):c.3190A>C,p.(Lys1064Gln),NC_000018.9']	['25914']	GENO:0000137
PAVS1046	Delayed myelination in the frontal and temporal lobes	RTTN:NM_173630.3:c.764G>A,p. (Cys255Tyr) ,NC_000018.9:g.67863814C>T	https://pubmed.ncbi.nlm.nih.gov/30214071/		PAVS1046	[]	[]	['Delayed myelination in the frontal and temporal lobes']	['RTTN']	['c.764G>A,p. (Cys255Tyr) ,NC_000018.9']	GENO:0000137	unknown zygosity	[]	[]	HANCESTRO:0852	Middle Eastern population	GAZ:00005279	Saudi Arabia	['HP:0012448']	['Delayed myelination']	[]	[]	['NM_173630.3(RTTN):c.764G>A,p. (Cys255Tyr) ,NC_000018.9']	['25914']	GENO:0000137
PAVS1047	Lissencephaly, lateral ventricular asymmetry	ASNS:NM_133436.3: c.1193A>G ,p.(Tyr398Cys) ,NC_000007.13:g.97483937T>C	https://pubmed.ncbi.nlm.nih.gov/30214071/		PAVS1047	[]	[]	['Lissencephaly, lateral ventricular asymmetry']	['ASNS']	['c.1193A>G']	GENO:0000137	unknown zygosity	[]	[]	HANCESTRO:0852	Middle Eastern population	GAZ:00005279	Saudi Arabia	['HP:0001339']	['Lissencephaly']	[]	[]	['NM_133436.3(ASNS):c.1193A>G']	['440']	GENO:0000137
PAVS1048	Severe cerebral and cerebellar atrophy with remarkable loss of the hemispheric white matter	ASNS:NM_133436.3:c. 224A>T ,p.(Asn75Ile),NC_000007.13:g.97498245T>A	https://pubmed.ncbi.nlm.nih.gov/30214071/		PAVS1048	[]	[]	['Severe cerebral and cerebellar atrophy with remarkable loss of the hemispheric white matter']	['ASNS']	['c. 224A>T ,p.(Asn75Ile),NC_000007.13']	GENO:0000137	unknown zygosity	[]	[]	HANCESTRO:0852	Middle Eastern population	GAZ:00005279	Saudi Arabia	['HP:0001272']	['Cerebellar atrophy']	[]	[]	['NM_133436.3(ASNS):c. 224A>T ,p.(Asn75Ile),NC_000007.13']	['440']	GENO:0000137
PAVS1049	Brain atrophy, atrophy of the frontal cortex, lissencephaly	ASNS:NM_001178076.1:c. 962G>A,p.(Arg321His) ,NC_000007.13:g.97483919C>T	PMID: 27711071		PAVS1049	[]	[]	['Brain atrophy, atrophy of the frontal cortex, lissencephaly']	['ASNS']	['c. 962G>A,p.(Arg321His) ,NC_000007.13']	GENO:0000137	unknown zygosity	[]	[]	HANCESTRO:0852	Middle Eastern population	GAZ:00005279	Saudi Arabia	['HP:0001339']	['Lissencephaly']	[]	[]	['NM_001178076.1(ASNS):c. 962G>A,p.(Arg321His) ,NC_000007.13']	['440']	GENO:0000137
PAVS1050	congenital microcephaly	ASNS:NM_133436.3: c.1193A>G ,p.(Tyr398Cys) ,NC_000007.13:g.97483937T>C	https://pubmed.ncbi.nlm.nih.gov/30214071/		PAVS1050	[]	[]	['congenital microcephaly']	['ASNS']	['c.1193A>G']	GENO:0000137	unknown zygosity	[]	[]	HANCESTRO:0852	Middle Eastern population	GAZ:00005279	Saudi Arabia	['HP:0011451']	['Primary microcephaly']	[]	[]	['NM_133436.3(ASNS):c.1193A>G']	['440']	GENO:0000137
PAVS1051	Cerebral atrophy, lissencephaly	ASNS:NM_001673.4:c.1219C>T,p.(Arg407*) homozygous,NC_000007.13:g.97483911G>A	PMID: 27422383		PAVS1051	[]	[]	['Cerebral atrophy, lissencephaly']	['ASNS']	['c.1219C>T,p.(Arg407*) homozygous,NC_000007.13']	GENO:0000136	homozygous	[]	[]	HANCESTRO:0852	Middle Eastern population	GAZ:00005279	Saudi Arabia	['HP:0001339']	['Lissencephaly']	[]	[]	['NM_001673.4(ASNS):c.1219C>T,p.(Arg407*)ozygous,NC_000007.13']	['440']	GENO:0000136
PAVS1052	Dysgenesis of corpus callosum, brain atrophy	ASNS:NM_133436.3:c.1137+1G>A,NC_000007.13:g.97484664C>T	https://pubmed.ncbi.nlm.nih.gov/30214071/		PAVS1052	[]	[]	['Dysgenesis of corpus callosum, brain atrophy']	['ASNS']	['c.1137+1G>A,NC_000007.13']	GENO:0000137	unknown zygosity	[]	[]	HANCESTRO:0852	Middle Eastern population	GAZ:00005279	Saudi Arabia	['HP:0006989']	['Dysplastic corpus callosum']	[]	[]	['NM_133436.3(ASNS):c.1137+1G>A,NC_000007.13']	['440']	GENO:0000137
PAVS1053	Lissencephaly, hypoplastic cerebellum, hypoplastic brain stem	ASNS:NM_133436.2:c.1354T>A,p.(Phe452Ile),NC_000007.13:g.97482494A>T	https://pubmed.ncbi.nlm.nih.gov/30214071/		PAVS1053	[]	[]	['Lissencephaly, hypoplastic cerebellum, hypoplastic brain stem']	['ASNS']	['c.1354T>A,p.(Phe452Ile),NC_000007.13']	GENO:0000137	unknown zygosity	[]	[]	HANCESTRO:0852	Middle Eastern population	GAZ:00005279	Saudi Arabia	['HP:0001339']	['Lissencephaly']	[]	[]	['NM_133436.2(ASNS):c.1354T>A,p.(Phe452Ile),NC_000007.13']	['440']	GENO:0000137
PAVS1054	Prominent ventricles with prominent subconvexity CSF spaces mainly related to the frontal lobe with global prominent cortical sulci, with mild brain atrophy	ASNS:NM_133436.2:c.28A>C,p.(Ser10Arg),NC_000007.13:g.97498441T>G	https://pubmed.ncbi.nlm.nih.gov/30214071/		PAVS1054	[]	[]	['Prominent ventricles with prominent subconvexity CSF spaces mainly related to the frontal lobe with global prominent cortical sulci, with mild brain atrophy']	['ASNS']	['c.28A>C,p.(Ser10Arg),NC_000007.13']	GENO:0000137	unknown zygosity	[]	[]	HANCESTRO:0852	Middle Eastern population	GAZ:00005279	Saudi Arabia	[]	[]	['OMIM:621191']	['Leukodystrophy and cerebellar atrophy']	['NM_133436.2(ASNS):c.28A>C,p.(Ser10Arg),NC_000007.13']	['440']	GENO:0000137
PAVS1055	Lissencephaly, agenesis of the corpus callosum, colpocephaly	NDE1:NM_017668.2 :c.775del ,p.(Asp259Thrfs*99),NC_000016.9:g.15788093del	PMID: 21529751		PAVS1055	[]	[]	['Lissencephaly, agenesis of the corpus callosum, colpocephaly']	['NDE1']	['c.775del ,p.(Asp259Thrfs*99),NC_000016.9']	GENO:0000137	unknown zygosity	[]	[]	HANCESTRO:0852	Middle Eastern population	GAZ:00005279	Saudi Arabia	[]	[]	['OMIM:620113']	['Neurodevelopmental disorder with growth retardation, dysmorphic facies, and corpus callosum abnormalities']	['NM_017668.2 (NDE1):c.775del ,p.(Asp259Thrfs*99),NC_000016.9']	['54820']	GENO:0000137
PAVS1056	Agenesis of the corpus callosum, colpocephaly, small sized frontal horns, deficient cingulated gyrus, Kinking of the cervicomedullary junction and sparse white matter in the parieto-occipital regions	NDE1:NM_017668.2:c.658C>T,p.(Arg220*),NC_000016.9:g.15785135C>T	https://pubmed.ncbi.nlm.nih.gov/30214071/		PAVS1056	[]	[]	['Agenesis of the corpus callosum, colpocephaly, small sized frontal horns, deficient cingulated gyrus, Kinking of the cervicomedullary junction and sparse white matter in the parieto-occipital regions']	['NDE1']	['c.658C>T,p.(Arg220*),NC_000016.9']	GENO:0000137	unknown zygosity	[]	[]	HANCESTRO:0852	Middle Eastern population	GAZ:00005279	Saudi Arabia	['HP:0001274']	['Agenesis of corpus callosum']	[]	[]	['NM_017668.2(NDE1):c.658C>T,p.(Arg220*),NC_000016.9']	['54820']	GENO:0000137
PAVS1057	Partial agenesis of corpus callosum, diffuse supratentorial brain abnormality	NDE1:NM_017668.2:c.658C>T,p.(Arg220*),NC_000016.9:g.15785135C>T	https://pubmed.ncbi.nlm.nih.gov/30214071/		PAVS1057	[]	[]	['Partial agenesis of corpus callosum, diffuse supratentorial brain abnormality']	['NDE1']	['c.658C>T,p.(Arg220*),NC_000016.9']	GENO:0000137	unknown zygosity	[]	[]	HANCESTRO:0852	Middle Eastern population	GAZ:00005279	Saudi Arabia	['HP:0001338']	['Partial agenesis of the corpus callosum']	[]	[]	['NM_017668.2(NDE1):c.658C>T,p.(Arg220*),NC_000016.9']	['54820']	GENO:0000137
PAVS1058	Corpus Callosum dysgenesis, colpocephaly and pachgyrrai with prominant CSF spaces	NDE1:NM_017668.2:c.658C>T,p.(Arg220*),NC_000016.9:g.15785135C>T	https://pubmed.ncbi.nlm.nih.gov/30214071/		PAVS1058	[]	[]	['Corpus Callosum dysgenesis, colpocephaly and pachgyrrai with prominant CSF spaces']	['NDE1']	['c.658C>T,p.(Arg220*),NC_000016.9']	GENO:0000137	unknown zygosity	[]	[]	HANCESTRO:0852	Middle Eastern population	GAZ:00005279	Saudi Arabia	['HP:0030048']	['Colpocephaly']	[]	[]	['NM_017668.2(NDE1):c.658C>T,p.(Arg220*),NC_000016.9']	['54820']	GENO:0000137
PAVS1059	Pachygyri, abnormal cortical gyration, absence of corpus callosum	NDE1:NM_017668.2:c.658C>T,p.(Arg220*),NC_000016.9:g.15785135C>T	https://pubmed.ncbi.nlm.nih.gov/30214071/		PAVS1059	[]	[]	['Pachygyri, abnormal cortical gyration, absence of corpus callosum']	['NDE1']	['c.658C>T,p.(Arg220*),NC_000016.9']	GENO:0000137	unknown zygosity	[]	[]	HANCESTRO:0852	Middle Eastern population	GAZ:00005279	Saudi Arabia	['HP:0001274']	['Agenesis of corpus callosum']	[]	[]	['NM_017668.2(NDE1):c.658C>T,p.(Arg220*),NC_000016.9']	['54820']	GENO:0000137
PAVS1060	Pachygyria and partially agenetic corpus callosum	NDE1:NM_017668.2:c.658C>T,p.(Arg220*),NC_000016.9:g.15785135C>T	https://pubmed.ncbi.nlm.nih.gov/30214071/		PAVS1060	[]	[]	['Pachygyria and partially agenetic corpus callosum']	['NDE1']	['c.658C>T,p.(Arg220*),NC_000016.9']	GENO:0000137	unknown zygosity	[]	[]	HANCESTRO:0852	Middle Eastern population	GAZ:00005279	Saudi Arabia	['HP:0001302']	['Pachygyria']	[]	[]	['NM_017668.2(NDE1):c.658C>T,p.(Arg220*),NC_000016.9']	['54820']	GENO:0000137
PAVS1061	Absent/hypoplastic corpus callosum, pontine hypoplasia	PQBP1:NM_001032381.1:c.209_210delCA,p.(Thr70Argfs*10),NC_000023.10:g.48759236_48759237del	https://pubmed.ncbi.nlm.nih.gov/30214071/		PAVS1061	[]	[]	['Absent/hypoplastic corpus callosum, pontine hypoplasia']	['PQBP1']	['c.209_210delCA,p.(Thr70Argfs*10),NC_000023.10']	GENO:0000137	unknown zygosity	[]	[]	HANCESTRO:0852	Middle Eastern population	GAZ:00005279	Saudi Arabia	['HP:0002079']	['Hypoplasia of the corpus callosum']	[]	[]	['NM_001032381.1(PQBP1):c.209_210delCA,p.(Thr70Argfs*10),NC_000023.10']	['10084']	GENO:0000137
PAVS1062	Cerebellar hypoplasia, hypoplasia of the pons	TSEN15:NM_001127394.2:c.226T>G,p.(Trp76Gly),NC_000001.10:g.184023870T>G	PMID: 25558065		PAVS1062	[]	[]	['Cerebellar hypoplasia, hypoplasia of the pons']	['TSEN15']	['c.226T>G,p.(Trp76Gly),NC_000001.10']	GENO:0000137	unknown zygosity	[]	[]	HANCESTRO:0852	Middle Eastern population	GAZ:00005279	Saudi Arabia	['HP:0001321']	['Cerebellar hypoplasia']	[]	[]	['NM_001127394.2(TSEN15):c.226T>G,p.(Trp76Gly),NC_000001.10']	['116461']	GENO:0000137
PAVS1063	congenital microcephaly	DONSON:NM_ 017613.3 :c.786-22A>G ,NC_000021.8:g.34955994T>C	PMID: 28191891		PAVS1063	[]	[]	['congenital microcephaly']	['DONSON']	['c.786-22A>G ,NC_000021.8']	GENO:0000137	unknown zygosity	[]	[]	HANCESTRO:0852	Middle Eastern population	GAZ:00005279	Saudi Arabia	['HP:0011451']	['Primary microcephaly']	[]	[]	['NM_ 017613.3 (DONSON):c.786-22A>G ,NC_000021.8']	['29980']	GENO:0000137
PAVS1064	Diffuse subcortical hypodensity	DONSON:NM_ 017613.3 :c.786-22A>G ,NC_000021.8:g.34955994T>C	PMID: 28191891		PAVS1064	[]	[]	['Diffuse subcortical hypodensity']	['DONSON']	['c.786-22A>G ,NC_000021.8']	GENO:0000137	unknown zygosity	[]	[]	HANCESTRO:0852	Middle Eastern population	GAZ:00005279	Saudi Arabia	['HP:0002545']	['Patchy demyelination of subcortical white matter']	[]	[]	['NM_ 017613.3 (DONSON):c.786-22A>G ,NC_000021.8']	['29980']	GENO:0000137
PAVS1065	congenital microcephaly	DONSON:NM_ 017613.3 :c.786-22A>G ,NC_000021.8:g.34955994T>C	PMID: 28191891		PAVS1065	[]	[]	['congenital microcephaly']	['DONSON']	['c.786-22A>G ,NC_000021.8']	GENO:0000137	unknown zygosity	[]	[]	HANCESTRO:0852	Middle Eastern population	GAZ:00005279	Saudi Arabia	['HP:0011451']	['Primary microcephaly']	[]	[]	['NM_ 017613.3 (DONSON):c.786-22A>G ,NC_000021.8']	['29980']	GENO:0000137
PAVS1066	congenital microcephaly	DONSON:NM_ 017613.3:c.786-22A>G,NC_000021.8:g.34955994T>C	PMID: 28191891		PAVS1066	[]	[]	['congenital microcephaly']	['DONSON']	['c.786-22A>G,NC_000021.8']	GENO:0000137	unknown zygosity	[]	[]	HANCESTRO:0852	Middle Eastern population	GAZ:00005279	Saudi Arabia	['HP:0011451']	['Primary microcephaly']	[]	[]	['NM_ 017613.3(DONSON):c.786-22A>G,NC_000021.8']	['29980']	GENO:0000137
PAVS1067	congenital microcephaly	DONSON:NM_ 017613.3 :c.786-22A>G,NC_000021.8:g.34955994T>C	PMID: 28191891		PAVS1067	[]	[]	['congenital microcephaly']	['DONSON']	['c.786-22A>G,NC_000021.8']	GENO:0000137	unknown zygosity	[]	[]	HANCESTRO:0852	Middle Eastern population	GAZ:00005279	Saudi Arabia	['HP:0011451']	['Primary microcephaly']	[]	[]	['NM_ 017613.3 (DONSON):c.786-22A>G,NC_000021.8']	['29980']	GENO:0000137
PAVS1068	congenital microcephaly	PHGDH: N NM_006623.3: c.418G>A: p. (Gly140Arg ), C_000001.10:g.120269633G>A:	PMID: 24836451		PAVS1068	[]	[]	['congenital microcephaly']	['PHGDH']	['c.418G>A']	GENO:0000137	unknown zygosity	[]	[]	HANCESTRO:0852	Middle Eastern population	GAZ:00005279	Saudi Arabia	['HP:0011451']	['Primary microcephaly']	[]	[]	['NM_006623.3(PHGDH):c.418G>A']	['26227']	GENO:0000137
PAVS1069	congenital microcephaly	PHGDH: N NM_006623.3: c.418G>A: p. (Gly140Arg ), C_000001.10:g.120269633G>A:	PMID: 24836451		PAVS1069	[]	[]	['congenital microcephaly']	['PHGDH']	['c.418G>A']	GENO:0000137	unknown zygosity	[]	[]	HANCESTRO:0852	Middle Eastern population	GAZ:00005279	Saudi Arabia	['HP:0011451']	['Primary microcephaly']	[]	[]	['NM_006623.3(PHGDH):c.418G>A']	['26227']	GENO:0000137
PAVS1070	congenital microcephaly	PHGDH: N NM_006623.3: c.418G>A: p. (Gly140Arg ), C_000001.10:g.120269633G>A:	PMID: 26960553		PAVS1070	[]	[]	['congenital microcephaly']	['PHGDH']	['c.418G>A']	GENO:0000137	unknown zygosity	[]	[]	HANCESTRO:0852	Middle Eastern population	GAZ:00005279	Saudi Arabia	['HP:0011451']	['Primary microcephaly']	[]	[]	['NM_006623.3(PHGDH):c.418G>A']	['26227']	GENO:0000137
PAVS1071	Atrophic and small brain with significant ventriculomegaly	PHGDH: NM_006623.3:c.488G>A, p. (Arg163Gln), NC_000001.10:g.120269703G>A	PMID: 24836451		PAVS1071	[]	[]	['Atrophic and small brain with significant ventriculomegaly']	['PHGDH']	['c.488G>A, p. (Arg163Gln), NC_000001.10']	GENO:0000137	unknown zygosity	[]	[]	HANCESTRO:0852	Middle Eastern population	GAZ:00005279	Saudi Arabia	['HP:0002119']	['Ventriculomegaly']	[]	[]	[' NM_006623.3(PHGDH):c.488G>A, p. (Arg163Gln), NC_000001.10']	['26227']	GENO:0000137
PAVS1072	congenital microcephaly	PSAT1: NM_058179.3: c.296C>T ; p. (Ala99Val ), NC_000009.11:g.80919755C>T	PMID: 26960553		PAVS1072	[]	[]	['congenital microcephaly']	['PSAT1']	['c.296C>T']	GENO:0000137	unknown zygosity	[]	[]	HANCESTRO:0852	Middle Eastern population	GAZ:00005279	Saudi Arabia	['HP:0011451']	['Primary microcephaly']	[]	[]	['NM_058179.3(PSAT1):c.296C>T', 'NM_000518.5(ABO):c.296G>A']	['29968', 'Unknown']	GENO:0000137
PAVS1073	Lissenencephaly, hypoplasia of the cerebellum, agenesis of corpus callosum	TUBA1A:NM_006009.3:c.596A>G,p.(Asp199Gly),NC_000012.11:g.49579553T>C	https://pubmed.ncbi.nlm.nih.gov/30214071/		PAVS1073	[]	[]	['Lissenencephaly, hypoplasia of the cerebellum, agenesis of corpus callosum']	['TUBA1A']	['c.596A>G,p.(Asp199Gly),NC_000012.11']	GENO:0000137	unknown zygosity	[]	[]	HANCESTRO:0852	Middle Eastern population	GAZ:00005279	Saudi Arabia	['HP:0001274']	['Agenesis of corpus callosum']	[]	[]	['NM_006009.3(TUBA1A):c.596A>G,p.(Asp199Gly),NC_000012.11']	['7846']	GENO:0000137
PAVS1074	Lissencephaly	OCLN:NM_002538.3:c.514dup,p.(Tyr172Leufs*104),NC_000005.9:g.68805431dup	https://pubmed.ncbi.nlm.nih.gov/30214071/		PAVS1074	[]	[]	['Lissencephaly']	['OCLN']	['c.514dup,p.(Tyr172Leufs*104),NC_000005.9']	GENO:0000137	unknown zygosity	[]	[]	HANCESTRO:0852	Middle Eastern population	GAZ:00005279	Saudi Arabia	['HP:0001339']	['Lissencephaly']	[]	[]	['NM_002538.3(OCLN):c.514dup,p.(Tyr172Leufs*104),NC_000005.9']	['100506658']	GENO:0000137
PAVS1075	Significant cerebellar atrophy	PNKP:NM_007254.3:c.1253_1269dup,p.(Thr424Glyfs*49),NC_000019.9:g.50365058_50365074dup	PMID: 27431290		PAVS1075	[]	[]	['Significant cerebellar atrophy']	['PNKP']	['c.1253_1269dup,p.(Thr424Glyfs*49),NC_000019.9']	GENO:0000137	unknown zygosity	[]	[]	HANCESTRO:0852	Middle Eastern population	GAZ:00005279	Saudi Arabia	['HP:0001272']	['Cerebellar atrophy']	[]	[]	['NM_007254.3(PNKP):c.1253_1269dup,p.(Thr424Glyfs*49),NC_000019.9']	['11284']	GENO:0000137
PAVS1076	Lissencephaly, shallow sulci, colpocephaly	KATNB1:NM_005886.2:c.97G>T,p.(Gly33Trp),NC_000016.9:g.57775655G>T	PMID: 25521379		PAVS1076	[]	[]	['Lissencephaly, shallow sulci, colpocephaly']	['KATNB1']	['c.97G>T,p.(Gly33Trp),NC_000016.9']	GENO:0000137	unknown zygosity	[]	[]	HANCESTRO:0852	Middle Eastern population	GAZ:00005279	Saudi Arabia	['HP:0001339']	['Lissencephaly']	[]	[]	['NM_005886.2(KATNB1):c.97G>T,p.(Gly33Trp),NC_000016.9']	['10300']	GENO:0000137
PAVS1077	Foreshortening of the corpus callosum at the level of the splenium with intact integrit , abnormal parenchymal signal intensity in the parietal periventricular regions, bilaterally	EP300:NM_001429.3:c.1092C>A,p.(Cys364*),NC_000022.10:g.41523676C>A	PMID: 26112015		PAVS1077	[]	[]	['Foreshortening of the corpus callosum at the level of the splenium with intact integrit , abnormal parenchymal signal intensity in the parietal periventricular regions, bilaterally']	['EP300']	['c.1092C>A,p.(Cys364*),NC_000022.10']	GENO:0000137	unknown zygosity	[]	[]	HANCESTRO:0852	Middle Eastern population	GAZ:00005279	Saudi Arabia	[]	[]	['OMIM:618076']	['Neurodevelopmental disorder with spasticity and poor growth']	['NM_001429.3(EP300):c.1092C>A,p.(Cys364*),NC_000022.10']	['2033']	GENO:0000137
PAVS1078	Occipital meningocele, agenesis of the corpus collosum, hypoplastic cerebellum, vermis hypoplasia	SLC25A19:NM_001126122.1:c.505G>A,p.(Glu169Lys),NC_000017.10:g.73274371C>T	PMID: 27431290		PAVS1078	[]	[]	['Occipital meningocele, agenesis of the corpus collosum, hypoplastic cerebellum, vermis hypoplasia']	['SLC25A19']	['c.505G>A,p.(Glu169Lys),NC_000017.10']	GENO:0000137	unknown zygosity	[]	[]	HANCESTRO:0852	Middle Eastern population	GAZ:00005279	Saudi Arabia	['HP:0002436']	['Occipital meningocele']	[]	[]	['NM_001126122.1(SLC25A19):c.505G>A,p.(Glu169Lys),NC_000017.10']	['60386']	GENO:0000137
PAVS1079	Pachygyria, Dandy Walker malformation	VRK1:NM_003384.2:c.236C>T,p.(Pro79Leu),NC_000014.8:g.97312451C>T	PMID: 27431290		PAVS1079	[]	[]	['Pachygyria, Dandy Walker malformation']	['VRK1']	['c.236C>T,p.(Pro79Leu),NC_000014.8']	GENO:0000137	unknown zygosity	[]	[]	HANCESTRO:0852	Middle Eastern population	GAZ:00005279	Saudi Arabia	['HP:0001302']	['Pachygyria']	[]	[]	['NM_003384.2(VRK1):c.236C>T,p.(Pro79Leu),NC_000014.8']	['7443']	GENO:0000137
PAVS1080	congenital microcephaly	BLM:NM_000057.2 :c.3379C>T,p.(Gln1127*) ,NC_000015.9:g.91346771C>T	https://pubmed.ncbi.nlm.nih.gov/30214071/		PAVS1080	[]	[]	['congenital microcephaly']	['BLM']	['c.3379C>T,p.(Gln1127*) ,NC_000015.9']	GENO:0000137	unknown zygosity	[]	[]	HANCESTRO:0852	Middle Eastern population	GAZ:00005279	Saudi Arabia	['HP:0011451']	['Primary microcephaly']	[]	[]	['NM_000057.2 (BLM):c.3379C>T,p.(Gln1127*) ,NC_000015.9']	['641']	GENO:0000137
PAVS1081	congenital microcephaly	ERCC4:NM_005236.2:c.909T>G,p.(Cys303Trp),NC_000016.9:g.14024683T>G	https://pubmed.ncbi.nlm.nih.gov/30214071/		PAVS1081	[]	[]	['congenital microcephaly']	['ERCC4']	['c.909T>G,p.(Cys303Trp),NC_000016.9']	GENO:0000137	unknown zygosity	[]	[]	HANCESTRO:0852	Middle Eastern population	GAZ:00005279	Saudi Arabia	['HP:0011451']	['Primary microcephaly']	[]	[]	['NM_005236.2(ERCC4):c.909T>G,p.(Cys303Trp),NC_000016.9']	['2072']	GENO:0000137
PAVS1082	congenital microcephaly	FOXG1:NM_005249.4:c.689G>T,p.(Arg230Leu),NC_000014.8:g.29237174G>T	https://pubmed.ncbi.nlm.nih.gov/30214071/		PAVS1082	[]	[]	['congenital microcephaly']	['FOXG1']	['c.689G>T,p.(Arg230Leu),NC_000014.8']	GENO:0000137	unknown zygosity	[]	[]	HANCESTRO:0852	Middle Eastern population	GAZ:00005279	Saudi Arabia	['HP:0011451']	['Primary microcephaly']	[]	[]	['NM_005249.4(FOXG1):c.689G>T,p.(Arg230Leu),NC_000014.8']	['2290']	GENO:0000137
PAVS1083	congenital microcephaly	NSUN2:NM_001193455.1:c.1373delA,p.(Asn458Ilefs*18),NC_000005.9:g.6607343delT	https://pubmed.ncbi.nlm.nih.gov/30214071/		PAVS1083	[]	[]	['congenital microcephaly']	['NSUN2']	['c.1373delA,p.(Asn458Ilefs*18),NC_000005.9']	GENO:0000137	unknown zygosity	[]	[]	HANCESTRO:0852	Middle Eastern population	GAZ:00005279	Saudi Arabia	['HP:0011451']	['Primary microcephaly']	[]	[]	['NM_001193455.1(NSUN2):c.1373delA,p.(Asn458Ilefs*18),NC_000005.9']	['54888']	GENO:0000137
PAVS1084	congenital microcephaly	SBF1:NM_002972.2:c.2570-1G>T, p. (Ile 858Alafs*33 ), NC_000022.10:g.50900299C>A	https://pubmed.ncbi.nlm.nih.gov/30214071/		PAVS1084	[]	[]	['congenital microcephaly']	['SBF1']	['c.2570-1G>T, p. (Ile 858Alafs*33 ), NC_000022.10']	GENO:0000137	unknown zygosity	[]	[]	HANCESTRO:0852	Middle Eastern population	GAZ:00005279	Saudi Arabia	['HP:0011451']	['Primary microcephaly']	[]	[]	['NM_002972.2(SBF1):c.2570-1G>T, p. (Ile 858Alafs*33 ), NC_000022.10']	['6305']	GENO:0000137
PAVS1085	Diffuse brain atrophy, diffuse thinning of the corpus callosum with preserved integitiy	RARS:NM_002887.3:c.104T>G,p.(Leu35*),NC_000005.9:g.167915665T>G	https://pubmed.ncbi.nlm.nih.gov/30214071/		PAVS1085	[]	[]	['Diffuse brain atrophy, diffuse thinning of the corpus callosum with preserved integitiy']	['RARS']	['c.104T>G,p.(Leu35*),NC_000005.9']	GENO:0000137	unknown zygosity	[]	[]	HANCESTRO:0852	Middle Eastern population	GAZ:00005279	Saudi Arabia	['HP:0002283']	['Global brain atrophy']	[]	[]	['NM_002887.3(RARS):c.104T>G,p.(Leu35*),NC_000005.9']	['5917']	GENO:0000137
PAVS1086	Severe cerebral and cerebellar atrophy with remarkable loss of the hemispheric white matter and thinning of the corpus callosum	ALDH6A1:NM_005589.3:c.1402C>T,p.(Gln468*),NC_000014.8:g.74531886G>A	https://pubmed.ncbi.nlm.nih.gov/30214071/		PAVS1086	[]	[]	['Severe cerebral and cerebellar atrophy with remarkable loss of the hemispheric white matter and thinning of the corpus callosum']	['ALDH6A1']	['c.1402C>T,p.(Gln468*),NC_000014.8']	GENO:0000137	unknown zygosity	[]	[]	HANCESTRO:0852	Middle Eastern population	GAZ:00005279	Saudi Arabia	['HP:0001272']	['Cerebellar atrophy']	[]	[]	['NM_005589.3(ALDH6A1):c.1402C>T,p.(Gln468*),NC_000014.8']	['4329']	GENO:0000137
PAVS1087	Intellectual disabilities| primary microcephaly|Colobomatous microphthalmia|SaDevelopmental delayle nose|Large ears|Scaphocephaly|Increased deep tendon reflexes|Elevated 3-hydroxybutyric acid.	INO80:NM_017553.1:c.1501T>C,p.(Ser501Pro),NC_000015.9:g.41364151A>G	PMID: 25558065 , PMID: 27431290		PAVS1087	[]	[]	['Intellectual disabilities', 'primary microcephaly', 'Colobomatous microphthalmia', 'SaDevelopmental delayle nose', 'Large ears', 'Scaphocephaly', 'Increased deep tendon reflexes', 'Elevated 3-hydroxybutyric acid.']	['INO80']	['c.1501T>C,p.(Ser501Pro),NC_000015.9']	GENO:0000137	unknown zygosity	[]	[]	HANCESTRO:0852	Middle Eastern population	GAZ:00005279	Saudi Arabia	['HP:0000400', 'HP:0000568', 'HP:0001249', 'HP:0001347', 'HP:0011451', 'HP:0030799']	['Macrotia', 'Microphthalmia', 'Intellectual disability', 'Hyperreflexia', 'Primary microcephaly', 'Scaphocephaly']	[]	[]	['NM_017553.1(INO80):c.1501T>C,p.(Ser501Pro),NC_000015.9']	['54617']	GENO:0000137
PAVS1088	"Microcephalic primordial dwarfism|Sloping forehead|large nose|large ears|High
arched palate|Calcaneovalgus deformity



"	YARS:NM_003680.3:c.789C>A,p.(Phe263Leu),NC_000001.10:g.33252572G>T	https://pubmed.ncbi.nlm.nih.gov/30214071/		PAVS1088	[]	[]	['Microcephalic primordial dwarfism', 'Sloping forehead', 'large nose', 'large ears', 'High\narched palate', 'Calcaneovalgus deformity']	['YARS']	['c.789C>A,p.(Phe263Leu),NC_000001.10']	GENO:0000137	unknown zygosity	[]	[]	HANCESTRO:0852	Middle Eastern population	GAZ:00005279	Saudi Arabia	['HP:0000218', 'HP:0000252', 'HP:0000340', 'HP:0000400', 'HP:0000448', 'HP:0001848']	['High palate', 'Microcephaly', 'Sloping forehead', 'Macrotia', 'Prominent nose', 'Calcaneovalgus deformity']	[]	[]	['NM_003680.3(YARS):c.789C>A,p.(Phe263Leu),NC_000001.10']	['8565']	GENO:0000137
PAVS1089	"Dysplasia of corpus callosum|Dysplasia of cerebellar vermis and cerebellar tonsils|Cerebellar asymmetry|Lissencephaly| Delayed myelination|Unilateral cryptorchidism|Seborrheic eczema|Microcephaly|Retrognathia|Prominent nose|sparse scalp hair|Small anterior fontanel|Prominent eyes|Short neck|Micropenis|Unilateral transverse palmar crease|Metopic ridge|High palate|Short limbs



"	FRMD4A:NM_018027.4:c.3077_3078insCATTCT,p.(Ile1025_Leu1026dup),NC_000010.10:g.13693947_13693948insAGAATG	https://pubmed.ncbi.nlm.nih.gov/30214071/		PAVS1089	[]	[]	['Dysplasia of corpus callosum', 'Dysplasia of cerebellar vermis and cerebellar tonsils', 'Cerebellar asymmetry', 'Lissencephaly', 'Delayed myelination', 'Unilateral cryptorchidism', 'Seborrheic eczema', 'Microcephaly', 'Retrognathia', 'Prominent nose', 'sparse scalp hair', 'Small anterior fontanel', 'Prominent eyes', 'Short neck', 'Micropenis', 'Unilateral transverse palmar crease', 'Metopic ridge', 'High palate', 'Short limbs']	['FRMD4A']	['c.3077_3078insCATTCT,p.(Ile1025_Leu1026dup),NC_000010.10']	GENO:0000137	unknown zygosity	[]	[]	HANCESTRO:0852	Middle Eastern population	GAZ:00005279	Saudi Arabia	['HP:0000054', 'HP:0000218', 'HP:0000237', 'HP:0000252', 'HP:0000278', 'HP:0000448', 'HP:0000470', 'HP:0000520', 'HP:0000954', 'HP:0001051', 'HP:0001321', 'HP:0001339', 'HP:0002209', 'HP:0005487', 'HP:0006989', 'HP:0009826', 'HP:0012448', 'HP:0012741']	['Micropenis', 'High palate', 'Small anterior fontanelle', 'Microcephaly', 'Retrognathia', 'Prominent nose', 'Short neck', 'Proptosis', 'Single transverse palmar crease', 'Seborrheic dermatitis', 'Cerebellar hypoplasia', 'Lissencephaly', 'Sparse scalp hair', 'Prominent metopic ridge', 'Dysplastic corpus callosum', 'Limb undergrowth', 'Delayed myelination', 'Unilateral cryptorchidism']	['OMIM:619383']	['Neurodevelopmental disorder with hypotonia, facial dysmorphism, and brain abnormalities']	['NM_018027.4(FRMD4A):c.3077_3078insCATTCT,p.(Ile1025_Leu1026dup),NC_000010.10']	['55691']	GENO:0000137
PAVS1090	Bradycardia|Desaturation|Severe respiratory failure|vomiting|Gastroesophageal reflux disease|Laryngomalacia, atrial septal defect (ASD)| Inguinal hernia and G6PD|Global developmental delay|Intractable seizures|Transient neutropenia|Autoimmune thrombocytopenia|Diffuse cerebral and cerebellar atrophy|Progressive widening|Prominence of the ventricular system and |Diffuse volume loss of the brain parenchyma|Prominence of the cerebellar folia|Diffuse thinning of the corpus callosum	THG1L:NM_017872.3:c.881T>C,p.(Leu294Pro),NC_000005.9:g.157166474T>C	https://pubmed.ncbi.nlm.nih.gov/30214071/		PAVS1090	[]	[]	['Bradycardia', 'Desaturation', 'Severe respiratory failure', 'vomiting', 'Gastroesophageal reflux disease', 'Laryngomalacia, atrial septal defect (ASD)', 'Inguinal hernia and G6PD', 'Global developmental delay', 'Intractable seizures', 'Transient neutropenia', 'Autoimmune thrombocytopenia', 'Diffuse cerebral and cerebellar atrophy', 'Progressive widening', 'Prominence of the ventricular system and', 'Diffuse volume loss of the brain parenchyma', 'Prominence of the cerebellar folia', 'Diffuse thinning of the corpus callosum']	['THG1L']	['c.881T>C,p.(Leu294Pro),NC_000005.9']	GENO:0000137	unknown zygosity	[]	[]	HANCESTRO:0852	Middle Eastern population	GAZ:00005279	Saudi Arabia	['HP:0000023', 'HP:0001250', 'HP:0001263', 'HP:0001272', 'HP:0001601', 'HP:0001662', 'HP:0001973', 'HP:0002013', 'HP:0002020', 'HP:0002878', 'HP:0003676', 'HP:0030874', 'HP:0033725', 'HP:0410255']	['Inguinal hernia', 'Seizure', 'Global developmental delay', 'Cerebellar atrophy', 'Laryngomalacia', 'Bradycardia', 'Autoimmune thrombocytopenia', 'Vomiting', 'Gastroesophageal reflux', 'Respiratory failure', 'Progressive', 'Oxygen desaturation on exertion', 'Thin corpus callosum', 'Transiently decreased total neutrophil count']	['OMIM:619383', 'OMIM:621436']	['Neurodevelopmental disorder with hypotonia, facial dysmorphism, and brain abnormalities', 'Microcephaly, progressive, with simplified gyral pattern and cerebellar hypoplasia']	['NM_017872.3(THG1L):c.881T>C,p.(Leu294Pro),NC_000005.9']	['54974']	GENO:0000137
PAVS1091	Normal architecture but small size of the brain	PHC1: NM_004426.2:c.2974C>T,p.(Leu992Phe),NC_000012.11:g.9092014C>T	PMID: 23418308		PAVS1091	[]	[]	['Normal architecture but small size of the brain']	['PHC1']	['c.2974C>T,p.(Leu992Phe),NC_000012.11']	GENO:0000137	unknown zygosity	[]	[]	HANCESTRO:0852	Middle Eastern population	GAZ:00005279	Saudi Arabia	[]	[]	['OMIM:619383']	['Neurodevelopmental disorder with hypotonia, facial dysmorphism, and brain abnormalities']	[' NM_004426.2(PHC1):c.2974C>T,p.(Leu992Phe),NC_000012.11']	['1911']	GENO:0000137
PAVS1092	congenital microcephaly	DNA2:NM_001080449.2:c.3114+6delC,NC_000010.10:g.70176460delG	PMID: 24389050		PAVS1092	[]	[]	['congenital microcephaly']	['DNA2']	['c.3114+6delC,NC_000010.10']	GENO:0000137	unknown zygosity	[]	[]	HANCESTRO:0852	Middle Eastern population	GAZ:00005279	Saudi Arabia	['HP:0011451']	['Primary microcephaly']	[]	[]	['NM_001080449.2(DNA2):c.3114+6delC,NC_000010.10']	['1763']	GENO:0000137
PAVS1093	Agenesis of corpus callosum	CTU2:: NM_001012762.1 c.873G>A p. (=), NC_000016.9:g.88779855G>A	PMID: 26633546		PAVS1093	[]	[]	['Agenesis of corpus callosum']	['CTU2']	['c.873G>A']	GENO:0000137	unknown zygosity	[]	[]	HANCESTRO:0852	Middle Eastern population	GAZ:00005279	Saudi Arabia	['HP:0001274']	['Agenesis of corpus callosum']	[]	[]	['NM_001012762.1(CTU2):c.873G>A']	['348180']	GENO:0000137
PAVS1094	Lissencephaly, diffuse white matter hyperintensity, hypoplasia of corpus callosum, prominent subarachnoid spaces and ventricular system, small-sized posterior fossa	CTU2:NM_001012762.1 c.873G>A p. (=), NC_000016.9:g.88779855G>A	PMID: 26633546		PAVS1094	[]	[]	['Lissencephaly, diffuse white matter hyperintensity, hypoplasia of corpus callosum, prominent subarachnoid spaces and ventricular system, small-sized posterior fossa']	['CTU2']	['c.873G>A']	GENO:0000137	unknown zygosity	[]	[]	HANCESTRO:0852	Middle Eastern population	GAZ:00005279	Saudi Arabia	['HP:0002079']	['Hypoplasia of the corpus callosum']	[]	[]	['NM_001012762.1(CTU2):c.873G>A']	['348180']	GENO:0000137
PAVS1095	congenital microcephaly	CTU2: NM_001012762.1 c.873G>A p. (=), NC_000016.9:g.88779855G>A	PMID: 26633546		PAVS1095	[]	[]	['congenital microcephaly']	['CTU2']	['c.873G>A']	GENO:0000137	unknown zygosity	[]	[]	HANCESTRO:0852	Middle Eastern population	GAZ:00005279	Saudi Arabia	['HP:0011451']	['Primary microcephaly']	[]	[]	['NM_001012762.1(CTU2):c.873G>A']	['348180']	GENO:0000137
PAVS1096	Pachygyria and dysgenesis of corpus callosum	CTU2:NM_001012762.1 c.873G>A p. (=), NC_000016.9:g.88779855G>A	PMID: 27480277		PAVS1096	[]	[]	['Pachygyria and dysgenesis of corpus callosum']	['CTU2']	['c.873G>A']	GENO:0000137	unknown zygosity	[]	[]	HANCESTRO:0852	Middle Eastern population	GAZ:00005279	Saudi Arabia	['HP:0001302']	['Pachygyria']	[]	[]	['NM_001012762.1(CTU2):c.873G>A']	['348180']	GENO:0000137
PAVS1097	Intractable seizures|Inferior vermis hypoplasia, Dandy-walker anomaly, lissencephaly, cerebellar hypoplasia/atrophy, agenesis of the midbrain, enlarged sylvian fissure, decreased thalamic volume, T2 hypointense 	BPTF:NM_004459.6:c.5797A>G,p.(Thr1933Ala),NC_000017.10:g.65914945A>G	https://pubmed.ncbi.nlm.nih.gov/30214071/		PAVS1097	[]	[]	['Intractable seizures', 'Inferior vermis hypoplasia, Dandy-walker anomaly, lissencephaly, cerebellar hypoplasia/atrophy, agenesis of the midbrain, enlarged sylvian fissure, decreased thalamic volume, T2 hypointense']	['BPTF']	['c.5797A>G,p.(Thr1933Ala),NC_000017.10']	GENO:0000137	unknown zygosity	[]	[]	HANCESTRO:0852	Middle Eastern population	GAZ:00005279	Saudi Arabia	['HP:0001250', 'HP:0007068']	['Seizure', 'Inferior cerebellar vermis hypoplasia']	[]	[]	['NM_004459.6(BPTF):c.5797A>G,p.(Thr1933Ala),NC_000017.10']	['2186']	GENO:0000137
PAVS1098	Congenital microcephaly|Failure to thrive|microcytic anemia|Elevated erythrocyte sedimentation rate|Occult blood in the stool|Lymphocytic colitis|Developmental delay|speech delay|Bulbous nose|Thin lips|Micrognathia.	MAP1B:NM_005909.3:c.803G>A,p.(Gly268Glu),NC_000005.9:g.71489985G>A	https://pubmed.ncbi.nlm.nih.gov/30214071/		PAVS1098	[]	[]	['Congenital microcephaly', 'Failure to thrive', 'microcytic anemia', 'Elevated erythrocyte sedimentation rate', 'Occult blood in the stool', 'Lymphocytic colitis', 'Developmental delay', 'speech delay', 'Bulbous nose', 'Thin lips', 'Micrognathia.']	['MAP1B']	['c.803G>A,p.(Gly268Glu),NC_000005.9']	GENO:0000137	unknown zygosity	[]	[]	HANCESTRO:0852	Middle Eastern population	GAZ:00005279	Saudi Arabia	['HP:0000233', 'HP:0000347', 'HP:0000414', 'HP:0000750', 'HP:0001263', 'HP:0001508', 'HP:0001935', 'HP:0002583', 'HP:0003565', 'HP:0011451']	['Thin vermilion border', 'Micrognathia', 'Bulbous nose', 'Delayed speech and language development', 'Global developmental delay', 'Failure to thrive', 'Microcytic anemia', 'Colitis', 'Elevated erythrocyte sedimentation rate', 'Primary microcephaly']	[]	[]	['NM_005909.3(MAP1B):c.803G>A,p.(Gly268Glu),NC_000005.9']	['4131']	GENO:0000137
PAVS1099	Microcephalic primordial dwarfism|Low set ears|Contractures of lower limbs|Submucosal cleft palate|Ambiguous genitalia|Hypopigmentation of the skin and optic disk coloboma|Patent ductus arteriosus|Epilepsy|Pulmonary hemorrhage.  Hypoplasia of the cerebellum|CFS collection in the retro-cerebellar region|pachygyria|Bilateral demyelinated supratentorial white matter, small cerebellum with widened vallecula and large retro-cerebellar CSF fluid collection| Dandy Walker syndrome	CCNH :NM_001239.3:c.428T>A,p.(Ile143Lys),NC_000005.9:g.86703890A>T	https://pubmed.ncbi.nlm.nih.gov/30214071/		PAVS1099	[]	[]	['Microcephalic primordial dwarfism', 'Low set ears', 'Contractures of lower limbs', 'Submucosal cleft palate', 'Ambiguous genitalia', 'Hypopigmentation of the skin and optic disk coloboma', 'Patent ductus arteriosus', 'Epilepsy', 'Pulmonary hemorrhage.  Hypoplasia of the cerebellum', 'CFS collection in the retro-cerebellar region', 'pachygyria', 'Bilateral demyelinated supratentorial white matter, small cerebellum with widened vallecula and large retro-cerebellar CSF fluid collection', 'Dandy Walker syndrome']	['CCNH ']	['c.428T>A,p.(Ile143Lys),NC_000005.9']	GENO:0000137	unknown zygosity	[]	[]	HANCESTRO:0852	Middle Eastern population	GAZ:00005279	Saudi Arabia	['HP:0000062', 'HP:0000252', 'HP:0000369', 'HP:0000589', 'HP:0001250', 'HP:0001302', 'HP:0001643', 'HP:0005750', 'HP:0040223', 'HP:5201016']	['Ambiguous genitalia', 'Microcephaly', 'Low-set ears', 'Coloboma', 'Seizure', 'Pachygyria', 'Patent ductus arteriosus', 'Lower-limb joint contracture', 'Pulmonary hemorrhage', 'Submucous cleft palate']	['OMIM:220200', 'OMIM:621191']	['Dandy-Walker syndrome', 'Leukodystrophy and cerebellar atrophy']	['NM_001239.3(CCNH ):c.428T>A,p.(Ile143Lys),NC_000005.9']	['Unknown']	GENO:0000137
PAVS1100	Microcephaly|congenital heart disease|Renal abnormality|Intractable seizures|Atrial septal defect|Patent ductus arteriosus|Single kidney|Demyelintion, periventricular leukomalacia, metopic synostosis	PPFIBP1:NM_001198915.1:c.960_961del,p.(Glu320Aspfs*3),NC_000012.11:g.27826748_27826749del	https://pubmed.ncbi.nlm.nih.gov/30214071/		PAVS1100	[]	[]	['Microcephaly', 'congenital heart disease', 'Renal abnormality', 'Intractable seizures', 'Atrial septal defect', 'Patent ductus arteriosus', 'Single kidney', 'Demyelintion, periventricular leukomalacia, metopic synostosis']	['PPFIBP1']	['c.960_961del,p.(Glu320Aspfs*3),NC_000012.11']	GENO:0000137	unknown zygosity	[]	[]	HANCESTRO:0852	Middle Eastern population	GAZ:00005279	Saudi Arabia	['HP:0000122', 'HP:0000252', 'HP:0001250', 'HP:0001631', 'HP:0001643', 'HP:0006970']	['Unilateral renal agenesis', 'Microcephaly', 'Seizure', 'Atrial septal defect', 'Patent ductus arteriosus', 'Periventricular leukomalacia']	['OMIM:615542']	['Testicular anomalies with or without congenital heart disease']	['NM_001198915.1(PPFIBP1):c.960_961del,p.(Glu320Aspfs*3),NC_000012.11']	['8496']	GENO:0000137
PAVS1101	Global developmental delay, Neonatal hypotonia, Feeding difficulties, Abnormality of the cerebral white matter	ADGRG1:NM_001145771.1:c.1000C>T	https://pubmed.ncbi.nlm.nih.gov/28940097/		PAVS1101	[]	[]	['Global developmental delay, Neonatal hypotonia, Feeding difficulties, Abnormality of the cerebral white matter']	['ADGRG1']	['c.1000C>T']	GENO:0000137	unknown zygosity	[]	[]	HANCESTRO:0852	Middle Eastern population	GAZ:00005279	Saudi Arabia	['HP:0001263']	['Global developmental delay']	[]	[]	['NM_001145771.1(ADGRG1):c.1000C>T']	['9289']	GENO:0000137
PAVS1102	Global developmental delay, Neonatal hypotonia, Seizures, Hyporeflexia, Feeding difficulties, CNS hypomyelination, Dilatation of the renal pelvis	ADK:NM_006721.3:c.813dup	https://pubmed.ncbi.nlm.nih.gov/28940097/		PAVS1102	[]	[]	['Global developmental delay, Neonatal hypotonia, Seizures, Hyporeflexia, Feeding difficulties, CNS hypomyelination, Dilatation of the renal pelvis']	['ADK']	['c.813dup']	GENO:0000137	unknown zygosity	[]	[]	HANCESTRO:0852	Middle Eastern population	GAZ:00005279	Saudi Arabia	['HP:0001263']	['Global developmental delay']	[]	[]	['NM_006721.3(ADK):c.813dup']	['203']	GENO:0000137
PAVS1103	Failure to thrive, Speech delay and language development, Microcephaly, Short stature, Anteriorly placed anus, Abnormal facial shape, Intrauterine growth retardation	ANKHD1:NM_017747.2:c.7365dup	https://pubmed.ncbi.nlm.nih.gov/28940097/		PAVS1103	[]	[]	['Failure to thrive, Speech delay and language development, Microcephaly, Short stature, Anteriorly placed anus, Abnormal facial shape, Intrauterine growth retardation']	['ANKHD1']	['c.7365dup']	GENO:0000137	unknown zygosity	[]	[]	HANCESTRO:0852	Middle Eastern population	GAZ:00005279	Saudi Arabia	[]	[]	['OMIM:618076']	['Neurodevelopmental disorder with spasticity and poor growth']	['NM_017747.2(ANKHD1):c.7365dup']	['54882']	GENO:0000137
PAVS1104	Intellectual disability,, Seizures, Aggressive behavior, Agenesis of corpus callosum, Colpocephaly, Spina bifida, Short stature, Obesity, Hypertelorism, Depressed nasal bridge, Ectopic kidney, Hydronephrosis, Bicornuate uterus	ARID1B:NM_017519.2:c.5911G>T	https://pubmed.ncbi.nlm.nih.gov/28940097/		PAVS1104	[]	[]	['Intellectual disability,, Seizures, Aggressive behavior, Agenesis of corpus callosum, Colpocephaly, Spina bifida, Short stature, Obesity, Hypertelorism, Depressed nasal bridge, Ectopic kidney, Hydronephrosis, Bicornuate uterus']	['ARID1B']	['c.5911G>T']	GENO:0000137	unknown zygosity	[]	[]	HANCESTRO:0852	Middle Eastern population	GAZ:00005279	Saudi Arabia	[]	[]	['OMIM:618089']	['Intellectual developmental disorder with dysmorphic facies and behavioral abnormalities']	['NM_017519.2(ARID1B):c.5911G>T']	['57492']	GENO:0000137
PAVS1105	Abnormal facial shape, hypospadias, chordee, Global developmental delay, Depressed nasal bridge, Frontal bossing, Abnormality of the frontal hairline, Microtia, Anteverted nares, Café au lait spot	ASTN2:NM_014010.4:c.892G>C	https://pubmed.ncbi.nlm.nih.gov/28940097/		PAVS1105	[]	[]	['Abnormal facial shape, hypospadias, chordee, Global developmental delay, Depressed nasal bridge, Frontal bossing, Abnormality of the frontal hairline, Microtia, Anteverted nares, Café au lait spot']	['ASTN2']	['c.892G>C']	GENO:0000137	unknown zygosity	[]	[]	HANCESTRO:0852	Middle Eastern population	GAZ:00005279	Saudi Arabia	['HP:0000599']	['Abnormality of the frontal hairline']	[]	[]	['NM_014010.4(ASTN2):c.892G>C']	['23245']	GENO:0000137
PAVS1106	Intellectual disability,, Attention deficit hyperactivity disorder, Recurrent respiratory infections, Downslanted palpebral fissures, Prominent nose, Hyperplasia of the maxilla, Abnormality of the fingernails	ATP13A1:NM_020410.2:c.1045G>A	https://pubmed.ncbi.nlm.nih.gov/28940097/		PAVS1106	[]	[]	['Intellectual disability,, Attention deficit hyperactivity disorder, Recurrent respiratory infections, Downslanted palpebral fissures, Prominent nose, Hyperplasia of the maxilla, Abnormality of the fingernails']	['ATP13A1']	['c.1045G>A']	GENO:0000137	unknown zygosity	[]	[]	HANCESTRO:0852	Middle Eastern population	GAZ:00005279	Saudi Arabia	['HP:0000494']	['Downslanted palpebral fissures']	[]	[]	['NM_020410.2(ATP13A1):c.1045G>A']	['57130']	GENO:0000137
PAVS1107	Global developmental delay, Hypotonia, Hyporeflexia	ATP8A2:NM_016529.4:c.2600A>C	https://pubmed.ncbi.nlm.nih.gov/28940097/		PAVS1107	[]	[]	['Global developmental delay, Hypotonia, Hyporeflexia']	['ATP8A2']	['c.2600A>C']	GENO:0000137	unknown zygosity	[]	[]	HANCESTRO:0852	Middle Eastern population	GAZ:00005279	Saudi Arabia	['HP:0001252']	['Hypotonia']	[]	[]	['NM_016529.4(ATP8A2):c.2600A>C']	['51761']	GENO:0000137
PAVS1108	Global developmental delay, Hypotonia, Hyporeflexia, Choreoathetosis, Generalized muscle weakness	ATP8A2:NM_016529.4:c.322-1G>T	https://pubmed.ncbi.nlm.nih.gov/28940097/		PAVS1108	[]	[]	['Global developmental delay, Hypotonia, Hyporeflexia, Choreoathetosis, Generalized muscle weakness']	['ATP8A2']	['c.322-1G>T']	GENO:0000137	unknown zygosity	[]	[]	HANCESTRO:0852	Middle Eastern population	GAZ:00005279	Saudi Arabia	['HP:0001263']	['Global developmental delay']	[]	[]	['NM_016529.4(ATP8A2):c.322-1G>T']	['51761']	GENO:0000137
PAVS1109	Intellectual disability,, Hip dysplasia, Prominent forehead, Retrognathia, Abnormal facial shape, Strabismus	CDH15:NM_004933.2:c.2151+1G>A	https://pubmed.ncbi.nlm.nih.gov/28940097/		PAVS1109	[]	[]	['Intellectual disability,, Hip dysplasia, Prominent forehead, Retrognathia, Abnormal facial shape, Strabismus']	['CDH15']	['c.2151+1G>A']	GENO:0000137	unknown zygosity	[]	[]	HANCESTRO:0852	Middle Eastern population	GAZ:00005279	Saudi Arabia	['HP:0001249']	['Intellectual disability']	[]	[]	['NM_004933.2(CDH15):c.2151+1G>A']	['1013']	GENO:0000137
PAVS1110	Global developmental delay, Cleft palate, Recurrent aspiration pneumonia, Hypertelorism, Triphalangeal thumb, Prominent fingertip pads	CREBBP:NM_001079846.1:c.4378C>T	https://pubmed.ncbi.nlm.nih.gov/28940097/		PAVS1110	[]	[]	['Global developmental delay, Cleft palate, Recurrent aspiration pneumonia, Hypertelorism, Triphalangeal thumb, Prominent fingertip pads']	['CREBBP']	['c.4378C>T']	GENO:0000137	unknown zygosity	[]	[]	HANCESTRO:0852	Middle Eastern population	GAZ:00005279	Saudi Arabia	[]	[]	['OMIM:618089']	['Intellectual developmental disorder with dysmorphic facies and behavioral abnormalities']	['NM_001079846.1(CREBBP):c.4378C>T']	['1387']	GENO:0000137
PAVS1111	Global developmental delay, Hirsutism, Abnormality of the Pinna, Overlapping toes, Abnormality of the columella, Brain atrophy	CREBBP:NM_004380.2:c.881dup	https://pubmed.ncbi.nlm.nih.gov/28940097/		PAVS1111	[]	[]	['Global developmental delay, Hirsutism, Abnormality of the Pinna, Overlapping toes, Abnormality of the columella, Brain atrophy']	['CREBBP']	['c.881dup']	GENO:0000137	unknown zygosity	[]	[]	HANCESTRO:0852	Middle Eastern population	GAZ:00005279	Saudi Arabia	['HP:0001263']	['Global developmental delay']	[]	[]	['NM_004380.2(CREBBP):c.881dup']	['1387']	GENO:0000137
PAVS1112	Global developmental delay, Neonatal hypotonia, Feeding Difficulties, Hypocortisolemia, Seizures, Hypertonia, Hyperreflexia, Hypothyroidism	DDHD2:NM_015214.2:c.1891+2dup	https://pubmed.ncbi.nlm.nih.gov/28940097/		PAVS1112	[]	[]	['Global developmental delay, Neonatal hypotonia, Feeding Difficulties, Hypocortisolemia, Seizures, Hypertonia, Hyperreflexia, Hypothyroidism']	['DDHD2']	['c.1891+2dup']	GENO:0000137	unknown zygosity	[]	[]	HANCESTRO:0852	Middle Eastern population	GAZ:00005279	Saudi Arabia	[]	[]	['OMIM:619383']	['Neurodevelopmental disorder with hypotonia, facial dysmorphism, and brain abnormalities']	['NM_015214.2(DDHD2):c.1891+2dup']	['23259']	GENO:0000137
PAVS1113	Global developmental delay, Micrognathia, 4-5 finger syndactyly, Rocker bottom foot, Bowing of the legs, Prominent occiput, Short sternum	DHCR7:NM_001163817.1:c.778C>T	https://pubmed.ncbi.nlm.nih.gov/28940097/		PAVS1113	[]	[]	['Global developmental delay, Micrognathia, 4-5 finger syndactyly, Rocker bottom foot, Bowing of the legs, Prominent occiput, Short sternum']	['DHCR7']	['c.778C>T']	GENO:0000137	unknown zygosity	[]	[]	HANCESTRO:0852	Middle Eastern population	GAZ:00005279	Saudi Arabia	[]	[]	['OMIM:618089']	['Intellectual developmental disorder with dysmorphic facies and behavioral abnormalities']	['NM_001163817.1(DHCR7):c.778C>T']	['1717']	GENO:0000137
PAVS1114	Delayed fine motor development, Expressive language delay, Clinodactyly	DNAH14:NM_001373.1c.9808C>T	https://pubmed.ncbi.nlm.nih.gov/28940097/		PAVS1114	[]	[]	['Delayed fine motor development, Expressive language delay, Clinodactyly']	['DNAH14']	['c.9808C>T']	GENO:0000137	unknown zygosity	[]	[]	HANCESTRO:0852	Middle Eastern population	GAZ:00005279	Saudi Arabia	['HP:0010862']	['Delayed fine motor development']	[]	[]	['NM_001373.1(DNAH14):c.9808C>T']	['127602']	GENO:0000137
PAVS1115	Intellectual disability,, severe, Autism, Motor delay, Absent speech, Abnormal facial shape	EHMT1:NM_024757.4:c.2968C>T	https://pubmed.ncbi.nlm.nih.gov/28940097/		PAVS1115	[]	[]	['Intellectual disability,, severe, Autism, Motor delay, Absent speech, Abnormal facial shape']	['EHMT1']	['c.2968C>T']	GENO:0000137	unknown zygosity	[]	[]	HANCESTRO:0852	Middle Eastern population	GAZ:00005279	Saudi Arabia	['HP:0010864']	['Severe intellectual disability']	[]	[]	['NM_024757.4(EHMT1):c.2968C>T']	['79813']	GENO:0000137
PAVS1116	Global developmental delay, Microcephaly, Severe photosensitivity, Congenital cataract	ERCC8:NM_000082.3:c.427del	https://pubmed.ncbi.nlm.nih.gov/28940097/		PAVS1116	[]	[]	['Global developmental delay, Microcephaly, Severe photosensitivity, Congenital cataract']	['ERCC8']	['c.427del']	GENO:0000137	unknown zygosity	[]	[]	HANCESTRO:0852	Middle Eastern population	GAZ:00005279	Saudi Arabia	[]	[]	['OMIM:619340']	['Developmental and epileptic encephalopathy 96']	['NM_000082.3(ERCC8):c.427del']	['1161']	GENO:0000137
PAVS1117	Ectopia lentis, Myopia, High, narrow palate, Arachnodactyly, Abnormality of the mitral valve, Mitral regurgitation, Tall stature, weight	FBN1:NM_000138.4:c.2626_2634del	https://pubmed.ncbi.nlm.nih.gov/28940097/		PAVS1117	[]	[]	['Ectopia lentis, Myopia, High, narrow palate, Arachnodactyly, Abnormality of the mitral valve, Mitral regurgitation, Tall stature, weight']	['FBN1']	['c.2626_2634del']	GENO:0000137	unknown zygosity	[]	[]	HANCESTRO:0852	Middle Eastern population	GAZ:00005279	Saudi Arabia	['HP:0001633']	['Abnormal mitral valve morphology']	[]	[]	['NM_000138.4(FBN1):c.2626_2634del']	['2200']	GENO:0000137
PAVS1118	Intellectual disability,, Microcephaly, Sloping forehead, Prominent nose, Pachygyria, Hypoplasia of the corpus callosum, Lobar holoprosencephaly, Arnold-Chiari type I malformation	FMN2:NM_020066.4:c.3335delC	https://pubmed.ncbi.nlm.nih.gov/28940097/		PAVS1118	[]	[]	['Intellectual disability,, Microcephaly, Sloping forehead, Prominent nose, Pachygyria, Hypoplasia of the corpus callosum, Lobar holoprosencephaly, Arnold-Chiari type I malformation']	['FMN2']	['c.3335delC']	GENO:0000137	unknown zygosity	[]	[]	HANCESTRO:0852	Middle Eastern population	GAZ:00005279	Saudi Arabia	['HP:0001249']	['Intellectual disability']	[]	[]	['NM_020066.4(FMN2):c.3335delC']	['56776']	GENO:0000137
PAVS1119	Abnormal CNS myelination, Peripheral axonal neuropathy, Abnormality of the foot, Scoliosis, Drooling, Ulnar claw, Microcephaly, Areflexia, Intellectual disability,	FMO4:NM_002022.1:c.83C>A	https://pubmed.ncbi.nlm.nih.gov/28940097/		PAVS1119	[]	[]	['Abnormal CNS myelination, Peripheral axonal neuropathy, Abnormality of the foot, Scoliosis, Drooling, Ulnar claw, Microcephaly, Areflexia, Intellectual disability,']	['FMO4']	['c.83C>A']	GENO:0000137	unknown zygosity	[]	[]	HANCESTRO:0852	Middle Eastern population	GAZ:00005279	Saudi Arabia	['HP:0001249']	['Intellectual disability']	[]	[]	['NM_002022.1(FMO4):c.83C>A']	['2329']	GENO:0000137
PAVS1120	Developmental regression, Seizures, Ulnar deviation of the hand, Hyperreflexia, Strabismus, Leukodystrophy	GJC2:NM_020435.3:c.755A>G	https://pubmed.ncbi.nlm.nih.gov/28940097/		PAVS1120	[]	[]	['Developmental regression, Seizures, Ulnar deviation of the hand, Hyperreflexia, Strabismus, Leukodystrophy']	['GJC2']	['c.755A>G']	GENO:0000137	unknown zygosity	[]	[]	HANCESTRO:0852	Middle Eastern population	GAZ:00005279	Saudi Arabia	[]	[]	['OMIM:619340']	['Developmental and epileptic encephalopathy 96']	['NM_020435.3(GJC2):c.755A>G']	['57165']	GENO:0000137
PAVS1121	Profound global developmental delay, Strabismus, Blindness, Seizures, Dysphagia, Developmental regression, Recurrent respiratory infections, Microcephaly, Hypotonia, Hypsarrhythmia, Abnormal thalamic size	GLRX5:NM_016417.2:c.197A>C	https://pubmed.ncbi.nlm.nih.gov/28940097/		PAVS1121	[]	[]	['Profound global developmental delay, Strabismus, Blindness, Seizures, Dysphagia, Developmental regression, Recurrent respiratory infections, Microcephaly, Hypotonia, Hypsarrhythmia, Abnormal thalamic size']	['GLRX5']	['c.197A>C']	GENO:0000137	unknown zygosity	[]	[]	HANCESTRO:0852	Middle Eastern population	GAZ:00005279	Saudi Arabia	[]	[]	['OMIM:619340']	['Developmental and epileptic encephalopathy 96']	['NM_016417.2(GLRX5):c.197A>C']	['51218']	GENO:0000137
PAVS1122	Failure to thrive, Microcephaly, Facial asymmetry, Narrow forehead, Epicanthus, Upslanted palpebral fissure, Bulbous nose, Full cheeks	GTF3C3:NM_012086.4:c.1382+3A>G	https://pubmed.ncbi.nlm.nih.gov/28940097/		PAVS1122	[]	[]	['Failure to thrive, Microcephaly, Facial asymmetry, Narrow forehead, Epicanthus, Upslanted palpebral fissure, Bulbous nose, Full cheeks']	['GTF3C3']	['c.1382+3A>G']	GENO:0000137	unknown zygosity	[]	[]	HANCESTRO:0852	Middle Eastern population	GAZ:00005279	Saudi Arabia	[]	[]	['OMIM:619383']	['Neurodevelopmental disorder with hypotonia, facial dysmorphism, and brain abnormalities']	['NM_012086.4(GTF3C3):c.1382+3A>G']	['9330']	GENO:0000137
PAVS1123	Global developmental delay, Autism, Epicanthus, Downslanted palpebral fissures, Microtia, Short neck, Abnormal facial shape	IRX5:NM_005853.5:c.805dup:(p.(Arg269Profs*187)	https://pubmed.ncbi.nlm.nih.gov/28940097/		PAVS1123	[]	[]	['Global developmental delay, Autism, Epicanthus, Downslanted palpebral fissures, Microtia, Short neck, Abnormal facial shape']	['IRX5']	['c.805dup']	GENO:0000137	unknown zygosity	[]	[]	HANCESTRO:0852	Middle Eastern population	GAZ:00005279	Saudi Arabia	['HP:0001263']	['Global developmental delay']	[]	[]	['NM_005853.5(IRX5):c.805dup']	['10265']	GENO:0000137
PAVS1124	Aplasia/Hypoplasia of the retina, Occipital encephalocele	LAMA1:NM_005559.3:c.7437dup	https://pubmed.ncbi.nlm.nih.gov/28940097/		PAVS1124	[]	[]	['Aplasia/Hypoplasia of the retina, Occipital encephalocele']	['LAMA1']	['c.7437dup']	GENO:0000137	unknown zygosity	[]	[]	HANCESTRO:0852	Middle Eastern population	GAZ:00005279	Saudi Arabia	['HP:0002085']	['Occipital encephalocele']	[]	[]	['NM_005559.3(LAMA1):c.7437dup']	['284217']	GENO:0000137
PAVS1125	Global developmental delay, Neonatal hypotonia, Nephrotic syndrome, Plagiocephaly, Open bite, Scoliosis, Cafe-au-lait spot, Areflexia	LAMA2:NM_000426.3:c.2096G>T	https://pubmed.ncbi.nlm.nih.gov/28940097/		PAVS1125	[]	[]	['Global developmental delay, Neonatal hypotonia, Nephrotic syndrome, Plagiocephaly, Open bite, Scoliosis, Cafe-au-lait spot, Areflexia']	['LAMA2']	['c.2096G>T']	GENO:0000137	unknown zygosity	[]	[]	HANCESTRO:0852	Middle Eastern population	GAZ:00005279	Saudi Arabia	['HP:0000100']	['Nephrotic syndrome']	[]	[]	['NM_000426.3(LAMA2):c.2096G>T']	['3908']	GENO:0000137
PAVS1126	Microphthalmia, Microcornea, Nephrotic syndrome, Pulmonary hypoplasia, Renal dysplasia, Depressed nasal bridge, Facial asymmetry, Abnormal facial shape, Bilateral talipes equinovarus	LAMB2:NM_002292.3:c.4276dupG	https://pubmed.ncbi.nlm.nih.gov/28940097/		PAVS1126	[]	[]	['Microphthalmia, Microcornea, Nephrotic syndrome, Pulmonary hypoplasia, Renal dysplasia, Depressed nasal bridge, Facial asymmetry, Abnormal facial shape, Bilateral talipes equinovarus']	['LAMB2']	['c.4276dupG']	GENO:0000137	unknown zygosity	[]	[]	HANCESTRO:0852	Middle Eastern population	GAZ:00005279	Saudi Arabia	['HP:0001776']	['Bilateral talipes equinovarus']	[]	[]	['NM_002292.3(LAMB2):c.4276dupG']	['84823']	GENO:0000137
PAVS1127	Expressive language delay, Autism, Poor eye contact	MADD:NM_001135943.1:c.593G>A	https://pubmed.ncbi.nlm.nih.gov/28940097/		PAVS1127	[]	[]	['Expressive language delay, Autism, Poor eye contact']	['MADD']	['c.593G>A']	GENO:0000137	unknown zygosity	[]	[]	HANCESTRO:0852	Middle Eastern population	GAZ:00005279	Saudi Arabia	['HP:0002474']	['Expressive language delay']	[]	[]	['NM_001135943.1(MADD):c.593G>A']	['8567']	GENO:0000137
PAVS1128	Global developmental delay, Failure to thrive, Poor eye contact	MADD:NM_001135943.1:c.2930T>G	https://pubmed.ncbi.nlm.nih.gov/28940097/		PAVS1128	[]	[]	['Global developmental delay, Failure to thrive, Poor eye contact']	['MADD']	['c.2930T>G']	GENO:0000137	unknown zygosity	[]	[]	HANCESTRO:0852	Middle Eastern population	GAZ:00005279	Saudi Arabia	['HP:0000817']	['Reduced eye contact']	[]	[]	['NM_001135943.1(MADD):c.2930T>G']	['8567']	GENO:0000137
PAVS1129	Intellectual disability,, Oligodactyly, Aplasia cutis congenita, Posteriorly rotated ears, Prominent nose, Micrognathia	METTL5:NM_014168.2:c.224+1G>A	https://pubmed.ncbi.nlm.nih.gov/28940097/		PAVS1129	[]	[]	['Intellectual disability,, Oligodactyly, Aplasia cutis congenita, Posteriorly rotated ears, Prominent nose, Micrognathia']	['METTL5']	['c.224+1G>A']	GENO:0000137	unknown zygosity	[]	[]	HANCESTRO:0852	Middle Eastern population	GAZ:00005279	Saudi Arabia	['HP:0000358']	['Posteriorly rotated ears']	[]	[]	['NM_014168.2(METTL5):c.224+1G>A']	['29081']	GENO:0000137
PAVS1130	Intellectual disability,, Short stature, Abnormal facial shape, Abnormal heart morphology, Abnormality of the genitourinary system	MFSD11:NM_001242532.1:c.143G>C	https://pubmed.ncbi.nlm.nih.gov/28940097/		PAVS1130	[]	[]	['Intellectual disability,, Short stature, Abnormal facial shape, Abnormal heart morphology, Abnormality of the genitourinary system']	['MFSD11']	['c.143G>C']	GENO:0000137	unknown zygosity	[]	[]	HANCESTRO:0852	Middle Eastern population	GAZ:00005279	Saudi Arabia	['HP:0000119']	['Abnormality of the genitourinary system']	[]	[]	['NM_001242532.1(MFSD11):c.143G>C']	['79157']	GENO:0000137
PAVS1131	Developmental regression, Seizures, Hypertonia, Hyporeflexia, Abnormal facial shape	MFSD8:NM_152778.2:c.1354_1369del	https://pubmed.ncbi.nlm.nih.gov/28940097/		PAVS1131	[]	[]	['Developmental regression, Seizures, Hypertonia, Hyporeflexia, Abnormal facial shape']	['MFSD8']	['c.1354_1369del']	GENO:0000137	unknown zygosity	[]	[]	HANCESTRO:0852	Middle Eastern population	GAZ:00005279	Saudi Arabia	[]	[]	['OMIM:619340']	['Developmental and epileptic encephalopathy 96']	['NM_152778.2(MFSD8):c.1354_1369del']	['256471']	GENO:0000137
PAVS1132	Intellectual disability,, Seizures, Attention deficit hyperactivity disorder	MICU1:NM_001195518.1:c.547C>T	https://pubmed.ncbi.nlm.nih.gov/28940097/		PAVS1132	[]	[]	['Intellectual disability,, Seizures, Attention deficit hyperactivity disorder']	['MICU1']	['c.547C>T']	GENO:0000137	unknown zygosity	[]	[]	HANCESTRO:0852	Middle Eastern population	GAZ:00005279	Saudi Arabia	['HP:0001249']	['Intellectual disability']	[]	[]	['NM_001195518.1(MICU1):c.547C>T']	['10367']	GENO:0000137
PAVS1133	Seizures, Developmental regression, Dystonia, Ataxia	NAXE:NM_144772.2:c.262G>T	https://pubmed.ncbi.nlm.nih.gov/28940097/		PAVS1133	[]	[]	['Seizures, Developmental regression, Dystonia, Ataxia']	['NAXE']	['c.262G>T']	GENO:0000137	unknown zygosity	[]	[]	HANCESTRO:0852	Middle Eastern population	GAZ:00005279	Saudi Arabia	['HP:0001250']	['Seizure']	[]	[]	['NM_144772.2(NAXE):c.262G>T']	['128240']	GENO:0000137
PAVS1134	Intellectual disability,, Tip-toe gait, Speech delay and language development, Attention deficit hyperactivity disorder, Hypertelorism, Macrocephaly, Tall stature	NCKAP1:NM_205842.2:c.3298G>T	https://pubmed.ncbi.nlm.nih.gov/28940097/		PAVS1134	[]	[]	['Intellectual disability,, Tip-toe gait, Speech delay and language development, Attention deficit hyperactivity disorder, Hypertelorism, Macrocephaly, Tall stature']	['NCKAP1']	['c.3298G>T']	GENO:0000137	unknown zygosity	[]	[]	HANCESTRO:0852	Middle Eastern population	GAZ:00005279	Saudi Arabia	['HP:0001249']	['Intellectual disability']	[]	[]	['NM_205842.2(NCKAP1):c.3298G>T']	['10787']	GENO:0000137
PAVS1135	Global developmental delay, Congenital laryngeal stridor, Hypertonia, Neonatal respiratory distress, Abnormal facial shape, Small anterior fontanelle, Recurrent respiratory infections, Hypertelorism, Hypotonia, Wide nasal bridge, Micrognathia, Glossoptosis, Hyperextensibility of the finger joints, 11 pairs of ribs	NFASC:NM_001160331.1:c.1109G>C	https://pubmed.ncbi.nlm.nih.gov/28940097/		PAVS1135	[]	[]	['Global developmental delay, Congenital laryngeal stridor, Hypertonia, Neonatal respiratory distress, Abnormal facial shape, Small anterior fontanelle, Recurrent respiratory infections, Hypertelorism, Hypotonia, Wide nasal bridge, Micrognathia, Glossoptosis, Hyperextensibility of the finger joints, 11 pairs of ribs']	['NFASC']	['c.1109G>C']	GENO:0000137	unknown zygosity	[]	[]	HANCESTRO:0852	Middle Eastern population	GAZ:00005279	Saudi Arabia	[]	[]	['OMIM:619383']	['Neurodevelopmental disorder with hypotonia, facial dysmorphism, and brain abnormalities']	['NM_001160331.1(NFASC):c.1109G>C']	['23114']	GENO:0000137
PAVS1136	Intellectual disability,, Strabismus, CNS hypomyelination, Scoliosis	NKX6-2:NM_177400.2:c.196delC	https://pubmed.ncbi.nlm.nih.gov/28940097/		PAVS1136	[]	[]	['Intellectual disability,, Strabismus, CNS hypomyelination, Scoliosis']	['NKX6-2']	['c.196delC']	GENO:0000137	unknown zygosity	[]	[]	HANCESTRO:0852	Middle Eastern population	GAZ:00005279	Saudi Arabia	['HP:0000486']	['Strabismus']	[]	[]	['NM_177400.2(NKX6-2):c.196delC']	['84504']	GENO:0000137
PAVS1137	Congenital cataract, Nephrocalcinosis, Global developmental delay, Sparse hair, Fair hair, Microphthalmia, Hypotonia, Hyperreflexia	OCRL:NM_000276.3:c.2479C>T	https://pubmed.ncbi.nlm.nih.gov/28940097/		PAVS1137	[]	[]	['Congenital cataract, Nephrocalcinosis, Global developmental delay, Sparse hair, Fair hair, Microphthalmia, Hypotonia, Hyperreflexia']	['OCRL']	['c.2479C>T']	GENO:0000137	unknown zygosity	[]	[]	HANCESTRO:0852	Middle Eastern population	GAZ:00005279	Saudi Arabia	['HP:0000519']	['Developmental cataract']	[]	[]	['NM_000276.3(OCRL):c.2479C>T']	['4952']	GENO:0000137
PAVS1138	Intellectual disability,, Abnormal facial shape, Bicuspid aortic valve, Cleft upper lip, Inguinal hernia, Recurrent otitis media, Microcephaly, Brachycephaly, Anteverted ears, Bulbous nose, Long philtrum, Thin upper lip vermilion, Downturned corners of mouth, Synophrys, Pes planus, Arachnoid cyst	PCDHGA10:NM_018913.2:c.823G>A	https://pubmed.ncbi.nlm.nih.gov/28940097/		PAVS1138	[]	[]	['Intellectual disability,, Abnormal facial shape, Bicuspid aortic valve, Cleft upper lip, Inguinal hernia, Recurrent otitis media, Microcephaly, Brachycephaly, Anteverted ears, Bulbous nose, Long philtrum, Thin upper lip vermilion, Downturned corners of mouth, Synophrys, Pes planus, Arachnoid cyst']	['PCDHGA10']	['c.823G>A']	GENO:0000137	unknown zygosity	[]	[]	HANCESTRO:0852	Middle Eastern population	GAZ:00005279	Saudi Arabia	[]	[]	['OMIM:618089']	['Intellectual developmental disorder with dysmorphic facies and behavioral abnormalities']	['NM_018913.2(PCDHGA10):c.823G>A']	['56106']	GENO:0000137
PAVS1139	Global developmental delay, Congenital microcephaly, Infantile spasms, Anteverted ears, Thin upper lip vermilion, Hyperreflexia	PCDHGA10:NM_032090.1:c.2477dupA	https://pubmed.ncbi.nlm.nih.gov/28940097/		PAVS1139	[]	[]	['Global developmental delay, Congenital microcephaly, Infantile spasms, Anteverted ears, Thin upper lip vermilion, Hyperreflexia']	['PCDHGA10']	['c.2477dupA']	GENO:0000137	unknown zygosity	[]	[]	HANCESTRO:0852	Middle Eastern population	GAZ:00005279	Saudi Arabia	[]	[]	['OMIM:619340']	['Developmental and epileptic encephalopathy 96']	['NM_032090.1(PCDHGA10):c.2477dupA']	['56106']	GENO:0000137
PAVS1140	Attention deficit hyperactivity disorder, Microcephaly, Autism, Sloping forehead, Brittle hair, Esotropia, Failure to thrive	PCNT:NM_006031.5:c.1879G>C	https://pubmed.ncbi.nlm.nih.gov/28940097/		PAVS1140	[]	[]	['Attention deficit hyperactivity disorder, Microcephaly, Autism, Sloping forehead, Brittle hair, Esotropia, Failure to thrive']	['PCNT']	['c.1879G>C']	GENO:0000137	unknown zygosity	[]	[]	HANCESTRO:0852	Middle Eastern population	GAZ:00005279	Saudi Arabia	['HP:0007018']	['Attention deficit hyperactivity disorder']	[]	[]	['NM_006031.5(PCNT):c.1879G>C']	['5116']	GENO:0000137
PAVS1141	Intellectual disability,, Neonatal hypotonia, Camptodactyly, Vesicoureteral reflux, Recurrent urinary tract infections, Abnormality of the ureter, Joint laxity	PHIP:NM_017934.5:c.577C>T	https://pubmed.ncbi.nlm.nih.gov/28940097/		PAVS1141	[]	[]	['Intellectual disability,, Neonatal hypotonia, Camptodactyly, Vesicoureteral reflux, Recurrent urinary tract infections, Abnormality of the ureter, Joint laxity']	['PHIP']	['c.577C>T']	GENO:0000137	unknown zygosity	[]	[]	HANCESTRO:0852	Middle Eastern population	GAZ:00005279	Saudi Arabia	['HP:0000010']	['Recurrent urinary tract infections']	[]	[]	['NM_017934.5(PHIP):c.577C>T']	['55023']	GENO:0000137
PAVS1142	Severe global developmental delay, Neonatal respiratory distress, Dilatation of lateral ventricles, Hypotonia, Generalized muscle weakness, Recurrent respiratory infections, Abnormal facial shape, Wide nasal bridge, Upslanted palpebral fissures, Coarse facial features, Generalized hirsutism, Low-set, posteriorly rotated ears, Thick lower lip vermilion, High, narrow palate, Hepatomegaly, Myopia, Rotatory Nystagmus, Areflexia, Abnormal CNS myelination, Cavum septum pellucidum, Enlarged cisterna magna	PPP1R21:NM_001135629.2:c.2089C>T	https://pubmed.ncbi.nlm.nih.gov/28940097/		PAVS1142	[]	[]	['Severe global developmental delay, Neonatal respiratory distress, Dilatation of lateral ventricles, Hypotonia, Generalized muscle weakness, Recurrent respiratory infections, Abnormal facial shape, Wide nasal bridge, Upslanted palpebral fissures, Coarse facial features, Generalized hirsutism, Low-set, posteriorly rotated ears, Thick lower lip vermilion, High, narrow palate, Hepatomegaly, Myopia, Rotatory Nystagmus, Areflexia, Abnormal CNS myelination, Cavum septum pellucidum, Enlarged cisterna magna']	['PPP1R21']	['c.2089C>T']	GENO:0000137	unknown zygosity	[]	[]	HANCESTRO:0852	Middle Eastern population	GAZ:00005279	Saudi Arabia	[]	[]	['OMIM:619383']	['Neurodevelopmental disorder with hypotonia, facial dysmorphism, and brain abnormalities']	['NM_001135629.2(PPP1R21):c.2089C>T']	['129285']	GENO:0000137
PAVS1143	Global developmental delay, Intrauterine growth retardation , Hypospadias, Cryptorchidism, Central sleep apnea, Epicanthus inversus, Underdeveloped nasal alae, Hypotelorism, Scoliosis	PPP2R1A:NM_014225.4:c.190G>A	https://pubmed.ncbi.nlm.nih.gov/28940097/		PAVS1143	[]	[]	['Global developmental delay, Intrauterine growth retardation , Hypospadias, Cryptorchidism, Central sleep apnea, Epicanthus inversus, Underdeveloped nasal alae, Hypotelorism, Scoliosis']	['PPP2R1A']	['c.190G>A']	GENO:0000137	unknown zygosity	[]	[]	HANCESTRO:0852	Middle Eastern population	GAZ:00005279	Saudi Arabia	['HP:0000430']	['Underdeveloped nasal alae']	[]	[]	['NM_014225.4(PPP2R1A):c.190G>A']	['5518']	GENO:0000137
PAVS1144	Global developmental delay, Seizures, Macrocephaly, Prominent forehead, Generalized hypotonia, Downslanted palpebral fissures, Epicanthus, Anteverted nares, Cafe-au-lait spot	PPP2R5D:NM_180977.2:c.274G>A	https://pubmed.ncbi.nlm.nih.gov/28940097/		PAVS1144	[]	[]	['Global developmental delay, Seizures, Macrocephaly, Prominent forehead, Generalized hypotonia, Downslanted palpebral fissures, Epicanthus, Anteverted nares, Cafe-au-lait spot']	['PPP2R5D']	['c.274G>A']	GENO:0000137	unknown zygosity	[]	[]	HANCESTRO:0852	Middle Eastern population	GAZ:00005279	Saudi Arabia	['HP:0000494']	['Downslanted palpebral fissures']	[]	[]	['NM_180977.2(PPP2R5D):c.274G>A']	['5528']	GENO:0000137
PAVS1145	Intellectual disability,, Hypotonia, Microcephaly, Brachydactyly	PRMT7:NM_019023.2:c.190C>T	https://pubmed.ncbi.nlm.nih.gov/28940097/		PAVS1145	[]	[]	['Intellectual disability,, Hypotonia, Microcephaly, Brachydactyly']	['PRMT7']	['c.190C>T']	GENO:0000137	unknown zygosity	[]	[]	HANCESTRO:0852	Middle Eastern population	GAZ:00005279	Saudi Arabia	['HP:0000252']	['Microcephaly']	[]	[]	['NM_019023.2(PRMT7):c.190C>T']	['54496']	GENO:0000137
PAVS1146	Profound global developmental delay, Lissencephaly, Cerebellar hypoplasia, Congenital glaucoma, Neonatal hypotonia, Hypertelorism, Bulbous nose, Spasticity	RELN:NM_005045.3:c.3711+2T>C	https://pubmed.ncbi.nlm.nih.gov/28940097/		PAVS1146	[]	[]	['Profound global developmental delay, Lissencephaly, Cerebellar hypoplasia, Congenital glaucoma, Neonatal hypotonia, Hypertelorism, Bulbous nose, Spasticity']	['RELN']	['c.3711+2T>C']	GENO:0000137	unknown zygosity	[]	[]	HANCESTRO:0852	Middle Eastern population	GAZ:00005279	Saudi Arabia	['HP:0012736']	['Profound global developmental delay']	[]	[]	['NM_005045.3(RELN):c.3711+2T>C']	['5649']	GENO:0000137
PAVS1147	Hypotonia, Hyporeflexia, Central hypotonia, Neonatal respiratory distress	RFT1:NM_052859.3:c.1154A>G	https://pubmed.ncbi.nlm.nih.gov/28940097/		PAVS1147	[]	[]	['Hypotonia, Hyporeflexia, Central hypotonia, Neonatal respiratory distress']	['RFT1']	['c.1154A>G']	GENO:0000137	unknown zygosity	[]	[]	HANCESTRO:0852	Middle Eastern population	GAZ:00005279	Saudi Arabia	['HP:0001252']	['Hypotonia']	[]	[]	['NM_052859.3(RFT1):c.1154A>G']	['91869']	GENO:0000137
PAVS1148	Seizures, Developmental regression, Hyporeflexia	SCN1A:NM_001165963.1:c.437C>A	https://pubmed.ncbi.nlm.nih.gov/28940097/		PAVS1148	[]	[]	['Seizures, Developmental regression, Hyporeflexia']	['SCN1A']	['c.437C>A']	GENO:0000137	unknown zygosity	[]	[]	HANCESTRO:0852	Middle Eastern population	GAZ:00005279	Saudi Arabia	['HP:0001250']	['Seizure']	[]	[]	['NM_001165963.1(SCN1A):c.437C>A']	['6323']	GENO:0000137
PAVS1149	Intellectual disability,, Postaxial hand polydactyly, Microcephaly, Osteopenia, Short palpebral fissure, Aortic dilatation	SETD5:NM_001080517.1:c.892_907del	https://pubmed.ncbi.nlm.nih.gov/28940097/		PAVS1149	[]	[]	['Intellectual disability,, Postaxial hand polydactyly, Microcephaly, Osteopenia, Short palpebral fissure, Aortic dilatation']	['SETD5']	['c.892_907del']	GENO:0000137	unknown zygosity	[]	[]	HANCESTRO:0852	Middle Eastern population	GAZ:00005279	Saudi Arabia	['HP:0001162']	['Postaxial hand polydactyly']	[]	[]	['NM_001080517.1(SETD5):c.892_907del']	['55209']	GENO:0000137
PAVS1150	Nystagmus, Intellectual disability,, Attention deficit hyperactivity disorder, Thick corpus callosum, Cerebellar atrophy	SETD5:NM_001080517.1:c.2476+1G>A	https://pubmed.ncbi.nlm.nih.gov/28940097/		PAVS1150	[]	[]	['Nystagmus, Intellectual disability,, Attention deficit hyperactivity disorder, Thick corpus callosum, Cerebellar atrophy']	['SETD5']	['c.2476+1G>A']	GENO:0000137	unknown zygosity	[]	[]	HANCESTRO:0852	Middle Eastern population	GAZ:00005279	Saudi Arabia	['HP:0001249']	['Intellectual disability']	[]	[]	['NM_001080517.1(SETD5):c.2476+1G>A']	['55209']	GENO:0000137
PAVS1151	Global developmental delay, Failure to thrive, Central hypotonia, Microcephaly, Neonatal respiratory distress, Recurrent aspiration pneumonia, Osteopenia	SLC12A2:NM_001046.2:c.2617-2A>G	https://pubmed.ncbi.nlm.nih.gov/28940097/		PAVS1151	[]	[]	['Global developmental delay, Failure to thrive, Central hypotonia, Microcephaly, Neonatal respiratory distress, Recurrent aspiration pneumonia, Osteopenia']	['SLC12A2']	['c.2617-2A>G']	GENO:0000137	unknown zygosity	[]	[]	HANCESTRO:0852	Middle Eastern population	GAZ:00005279	Saudi Arabia	['HP:0001263']	['Global developmental delay']	[]	[]	['NM_001046.2(SLC12A2):c.2617-2A>G']	['6558']	GENO:0000137
PAVS1152	Global developmental delay, Failure to thrive, Recurrent respiratory infections, Hydrocephalus, Cutis laxa, Joint hyperextensibility, Hepatomegaly, Hypotonia, Generalized muscle weakness, Strabismus, Oculomotor apraxia, Ventriculomegaly	SLK:NM_014720.2:c.1414G>T	https://pubmed.ncbi.nlm.nih.gov/28940097/		PAVS1152	[]	[]	['Global developmental delay, Failure to thrive, Recurrent respiratory infections, Hydrocephalus, Cutis laxa, Joint hyperextensibility, Hepatomegaly, Hypotonia, Generalized muscle weakness, Strabismus, Oculomotor apraxia, Ventriculomegaly']	['SLK']	['c.1414G>T']	GENO:0000137	unknown zygosity	[]	[]	HANCESTRO:0852	Middle Eastern population	GAZ:00005279	Saudi Arabia	['HP:0002205']	['Recurrent respiratory infections']	[]	[]	['NM_014720.2(SLK):c.1414G>T']	['9748']	GENO:0000137
PAVS1153	Intellectual disability,, Expressive language delay	SPG20:NM_001142294.1:c.988A>G	https://pubmed.ncbi.nlm.nih.gov/28940097/		PAVS1153	[]	[]	['Intellectual disability,, Expressive language delay']	['SPG20']	['c.988A>G']	GENO:0000137	unknown zygosity	[]	[]	HANCESTRO:0852	Middle Eastern population	GAZ:00005279	Saudi Arabia	['HP:0001249']	['Intellectual disability']	[]	[]	['NM_001142294.1(SPG20):c.988A>G']	['23111']	GENO:0000137
PAVS1154	Failure to thrive, Intellectual disability,, Dysarthria, Abnormality of the teeth, Hyperreflexia, Metatarsus aDevelopmental delayuctus, Gait Ataxia	SPG20:NM_001142294.1:c.988A>G	https://pubmed.ncbi.nlm.nih.gov/28940097/		PAVS1154	[]	[]	['Failure to thrive, Intellectual disability,, Dysarthria, Abnormality of the teeth, Hyperreflexia, Metatarsus aDevelopmental delayuctus, Gait Ataxia']	['SPG20']	['c.988A>G']	GENO:0000137	unknown zygosity	[]	[]	HANCESTRO:0852	Middle Eastern population	GAZ:00005279	Saudi Arabia	['HP:0000164']	['Abnormality of the dentition']	[]	[]	['NM_001142294.1(SPG20):c.988A>G']	['23111']	GENO:0000137
PAVS1155	Recurrent respiratory infections, Hip dysplasia, Intellectual disability,, Bulbous nose, Thin upper lip vermilion, Drooling, Few cafe-au-lait spots, Microcephaly, Failure to thrive	SPG20:NM_001142294.1:c.988A>G	https://pubmed.ncbi.nlm.nih.gov/28940097/		PAVS1155	[]	[]	['Recurrent respiratory infections, Hip dysplasia, Intellectual disability,, Bulbous nose, Thin upper lip vermilion, Drooling, Few cafe-au-lait spots, Microcephaly, Failure to thrive']	['SPG20']	['c.988A>G']	GENO:0000137	unknown zygosity	[]	[]	HANCESTRO:0852	Middle Eastern population	GAZ:00005279	Saudi Arabia	['HP:0000219']	['Thin upper lip vermilion']	[]	[]	['NM_001142294.1(SPG20):c.988A>G']	['23111']	GENO:0000137
PAVS1156	Seizures, Gastroesophageal reflux disease, Dysphasia, Microcephaly, Spasticity, Hypoplasia of the corpus callosum	SPG20:NM_001142294.1:c.988A>G	https://pubmed.ncbi.nlm.nih.gov/28940097/		PAVS1156	[]	[]	['Seizures, Gastroesophageal reflux disease, Dysphasia, Microcephaly, Spasticity, Hypoplasia of the corpus callosum']	['SPG20']	['c.988A>G']	GENO:0000137	unknown zygosity	[]	[]	HANCESTRO:0852	Middle Eastern population	GAZ:00005279	Saudi Arabia	['HP:0002020']	['Gastroesophageal reflux']	[]	[]	['NM_001142294.1(SPG20):c.988A>G']	['23111']	GENO:0000137
PAVS1157	Global developmental delay, Hypotonia, Dysphasia, Recurrent respiratory infections, Blue sclerae, Hyporeflexia, Failure to thrive	SPTBN4:NM_020971.2:c.3394del	https://pubmed.ncbi.nlm.nih.gov/28940097/		PAVS1157	[]	[]	['Global developmental delay, Hypotonia, Dysphasia, Recurrent respiratory infections, Blue sclerae, Hyporeflexia, Failure to thrive']	['SPTBN4']	['c.3394del']	GENO:0000137	unknown zygosity	[]	[]	HANCESTRO:0852	Middle Eastern population	GAZ:00005279	Saudi Arabia	[]	[]	['OMIM:619340']	['Developmental and epileptic encephalopathy 96']	['NM_020971.2(SPTBN4):c.3394del']	['57731']	GENO:0000137
PAVS1158	Intellectual disability,, Attention deficit hyperactivity disorder, Failure to thrive, Microcephaly, Abnormal facial shape, Partial agenesis of corpus callosum, Holoprosencephaly, Pachygyria, Absent septum pellucidum, Delayed motor and language development, Ataxia, Dystonia, Spasticity, Short stature	STIL:NM_001048166.1:c.3552_3553del	https://pubmed.ncbi.nlm.nih.gov/28940097/		PAVS1158	[]	[]	['Intellectual disability,, Attention deficit hyperactivity disorder, Failure to thrive, Microcephaly, Abnormal facial shape, Partial agenesis of corpus callosum, Holoprosencephaly, Pachygyria, Absent septum pellucidum, Delayed motor and language development, Ataxia, Dystonia, Spasticity, Short stature']	['STIL']	['c.3552_3553del']	GENO:0000137	unknown zygosity	[]	[]	HANCESTRO:0852	Middle Eastern population	GAZ:00005279	Saudi Arabia	['HP:0007018']	['Attention deficit hyperactivity disorder']	[]	[]	['NM_001048166.1(STIL):c.3552_3553del']	['6491']	GENO:0000137
PAVS1159	Global developmental delay, Seizures, Microcephaly, hypertonia, Hypocalcemic seizures, Hypomagnesemia, strabismus, Pes planus, Hypocalcemia, Brachycephaly	STK32C:NM_173575.2:c.451G>C	https://pubmed.ncbi.nlm.nih.gov/28940097/		PAVS1159	[]	[]	['Global developmental delay, Seizures, Microcephaly, hypertonia, Hypocalcemic seizures, Hypomagnesemia, strabismus, Pes planus, Hypocalcemia, Brachycephaly']	['STK32C']	['c.451G>C']	GENO:0000137	unknown zygosity	[]	[]	HANCESTRO:0852	Middle Eastern population	GAZ:00005279	Saudi Arabia	[]	[]	['OMIM:619340']	['Developmental and epileptic encephalopathy 96']	['NM_173575.2(STK32C):c.451G>C']	['282974']	GENO:0000137
PAVS1160	Global developmental delay, Seizures, Neonatal hypotonia, Gastroesophageal reflux disease, Opisthotonus, Alacrima, Self-mutilation, Microcephaly, Hypotelorism, Tapered finger, Hypoplasia of the corpus callosum, Cerebellar vermis atrophy	TECPR2:NM_001172631.1:c.571C>T	https://pubmed.ncbi.nlm.nih.gov/28940097/		PAVS1160	[]	[]	['Global developmental delay, Seizures, Neonatal hypotonia, Gastroesophageal reflux disease, Opisthotonus, Alacrima, Self-mutilation, Microcephaly, Hypotelorism, Tapered finger, Hypoplasia of the corpus callosum, Cerebellar vermis atrophy']	['TECPR2']	['c.571C>T']	GENO:0000137	unknown zygosity	[]	[]	HANCESTRO:0852	Middle Eastern population	GAZ:00005279	Saudi Arabia	[]	[]	['OMIM:619383']	['Neurodevelopmental disorder with hypotonia, facial dysmorphism, and brain abnormalities']	['NM_001172631.1(TECPR2):c.571C>T']	['9895']	GENO:0000137
PAVS1161	Global developmental delay, Neonatal respiratory distress, Seizures, Microcephaly, Spasticity, Central hypotonia, Failure to thrive, Brain atrophy	TRAK1:NM_001042646.2:c.287-2A>G	https://pubmed.ncbi.nlm.nih.gov/28940097/		PAVS1161	[]	[]	['Global developmental delay, Neonatal respiratory distress, Seizures, Microcephaly, Spasticity, Central hypotonia, Failure to thrive, Brain atrophy']	['TRAK1']	['c.287-2A>G']	GENO:0000137	unknown zygosity	[]	[]	HANCESTRO:0852	Middle Eastern population	GAZ:00005279	Saudi Arabia	[]	[]	['OMIM:619383']	['Neurodevelopmental disorder with hypotonia, facial dysmorphism, and brain abnormalities']	['NM_001042646.2(TRAK1):c.287-2A>G']	['22906']	GENO:0000137
PAVS1162	Meconium stained amniotic flu intellectual disability, Neonatal respiratory distress, Seizures, Abnormal facial shape, Delayed CNS myelination, Brain atrophy	TRAK1:NM_001042646.2:c.1759dup	https://pubmed.ncbi.nlm.nih.gov/28940097/		PAVS1162	[]	[]	['Meconium stained amniotic flu intellectual disability, Neonatal respiratory distress, Seizures, Abnormal facial shape, Delayed CNS myelination, Brain atrophy']	['TRAK1']	['c.1759dup']	GENO:0000137	unknown zygosity	[]	[]	HANCESTRO:0852	Middle Eastern population	GAZ:00005279	Saudi Arabia	[]	[]	['OMIM:619383']	['Neurodevelopmental disorder with hypotonia, facial dysmorphism, and brain abnormalities']	['NM_001042646.2(TRAK1):c.1759dup']	['22906']	GENO:0000137
PAVS1163	Intellectual disability,, Broad-based gait, Microcephaly, Periventricular leukomalacia, Bilateral coxa valga, Skeletal dysplasia	TRAPPC9:NM_031466.4:c.2785C>T	https://pubmed.ncbi.nlm.nih.gov/28940097/		PAVS1163	[]	[]	['Intellectual disability,, Broad-based gait, Microcephaly, Periventricular leukomalacia, Bilateral coxa valga, Skeletal dysplasia']	['TRAPPC9']	['c.2785C>T']	GENO:0000137	unknown zygosity	[]	[]	HANCESTRO:0852	Middle Eastern population	GAZ:00005279	Saudi Arabia	[]	[]	[]	[]	['NM_031466.4(TRAPPC9):c.2785C>T']	['83696']	GENO:0000137
PAVS1164	Intellectual disability,, Microcephaly, seizures, Hearing impairment	UBE3A:NM_000462.3:c.504delG	https://pubmed.ncbi.nlm.nih.gov/28940097/		PAVS1164	[]	[]	['Intellectual disability,, Microcephaly, seizures, Hearing impairment']	['UBE3A']	['c.504delG']	GENO:0000137	unknown zygosity	[]	[]	HANCESTRO:0852	Middle Eastern population	GAZ:00005279	Saudi Arabia	['HP:0000252']	['Microcephaly']	[]	[]	['NM_000462.3(UBE3A):c.504delG']	['7337']	GENO:0000137
PAVS1165	Autism, Speech delay and language development	VWA3B:NM_001164416.1:c.124C>T	https://pubmed.ncbi.nlm.nih.gov/28940097/		PAVS1165	[]	[]	['Autism, Speech delay and language development']	['VWA3B']	['c.124C>T']	GENO:0000137	unknown zygosity	[]	[]	HANCESTRO:0852	Middle Eastern population	GAZ:00005279	Saudi Arabia	['HP:0000717']	['Autism']	[]	[]	['NM_001164416.1(VWA3B):c.124C>T']	['200403']	GENO:0000137
PAVS1166	Global developmental delay, Developmental regression, Microcephaly, Dandy-Walker malformation, Spasticity, Failure to thrive	WDR81:NM_001163809.1:c.5335C>T:(p.Arg1779*)	https://pubmed.ncbi.nlm.nih.gov/28940097/		PAVS1166	[]	[]	['Global developmental delay, Developmental regression, Microcephaly, Dandy-Walker malformation, Spasticity, Failure to thrive']	['WDR81']	['c.5335C>T']	GENO:0000137	unknown zygosity	[]	[]	HANCESTRO:0852	Middle Eastern population	GAZ:00005279	Saudi Arabia	['HP:0001263']	['Global developmental delay']	[]	[]	['NM_001163809.1(WDR81):c.5335C>T']	['124997']	GENO:0000137
PAVS1167	Global developmental delay, Gait ataxia, Abnormal facial shape, Macrotia, High, narrow palate, Hypertonia, Hyperreflexia	ZDHHC9:NM_016032.3:c.487+5_487+19del	https://pubmed.ncbi.nlm.nih.gov/28940097/		PAVS1167	[]	[]	['Global developmental delay, Gait ataxia, Abnormal facial shape, Macrotia, High, narrow palate, Hypertonia, Hyperreflexia']	['ZDHHC9']	['c.487+5_487+19del']	GENO:0000137	unknown zygosity	[]	[]	HANCESTRO:0852	Middle Eastern population	GAZ:00005279	Saudi Arabia	[]	[]	['OMIM:621152']	['Neurodevelopmental disorder with white matter abnormalities and gait disturbance']	['NM_016032.3(ZDHHC9):c.487+5_487+19del']	['51114']	GENO:0000137
PAVS1168	Global developmental delay, Hypotonia, Abnormal facial shape, Hypotonia, Hip dysplasia, Failure to thrive, Intrauterine growth retardation, Enlarged cisterna magna, Polycythemia, Coarse facial features, Hypertrichosis, Thick eyebrow, Upslanted palpebral fissure, High forehead, Strabismus, Prominent nose, Thin vermilion border, Prominent nasal tip, High, narrow palate, Arachnodactyly, Pectus excavatum, Generalized amyotrophy, Overlapping toe, Osteopenia, 11 pairs of ribs	ZFAT:NM_020863.3:c.1199G>A	https://pubmed.ncbi.nlm.nih.gov/28940097/		PAVS1168	[]	[]	['Global developmental delay, Hypotonia, Abnormal facial shape, Hypotonia, Hip dysplasia, Failure to thrive, Intrauterine growth retardation, Enlarged cisterna magna, Polycythemia, Coarse facial features, Hypertrichosis, Thick eyebrow, Upslanted palpebral fissure, High forehead, Strabismus, Prominent nose, Thin vermilion border, Prominent nasal tip, High, narrow palate, Arachnodactyly, Pectus excavatum, Generalized amyotrophy, Overlapping toe, Osteopenia, 11 pairs of ribs']	['ZFAT']	['c.1199G>A']	GENO:0000137	unknown zygosity	[]	[]	HANCESTRO:0852	Middle Eastern population	GAZ:00005279	Saudi Arabia	[]	[]	['OMIM:619383']	['Neurodevelopmental disorder with hypotonia, facial dysmorphism, and brain abnormalities']	['NM_020863.3(ZFAT):c.1199G>A']	['57623']	GENO:0000137
PAVS1169	intellectual disability, microcephaly, dysmorphism	Chr1q21.2 duplication(148,625,214 -149,748,048)	https://pubmed.ncbi.nlm.nih.gov/25503496/		PAVS1169	[]	[]	['intellectual disability, microcephaly, dysmorphism']	[]	['Chr1q21.2 duplication(148,625,214 -149,748,048)']	GENO:0000137	unknown zygosity	[]	[]	HANCESTRO:0852	Middle Eastern population	GAZ:00005279	Saudi Arabia	['HP:0000252']	['Microcephaly']	[]	[]	['NM_000518.5(MUTYH):c.(?_148625214)_(149748048_?)dup']	[]	GENO:0000137
PAVS1170	intellectual disability, joint laxity, micrognathia and food allergy	Chr9q34.13q34.3 duplication(135,792,597-139,609,502)	https://pubmed.ncbi.nlm.nih.gov/25503496/		PAVS1170	[]	[]	['intellectual disability, joint laxity, micrognathia and food allergy']	[]	['Chr9q34.13q34.3 duplication(135,792,597-139,609,502)']	GENO:0000137	unknown zygosity	[]	[]	HANCESTRO:0852	Middle Eastern population	GAZ:00005279	Saudi Arabia	['HP:0000347']	['Micrognathia']	[]	[]	['NG_009221.2:g.135792597_139609502dup']	[]	GENO:0000137
PAVS1171	global developmental delay, hypotonia and seizures	Chr2p21 deletion(45,024,262 -45,295,429)	https://pubmed.ncbi.nlm.nih.gov/25503496/		PAVS1171	[]	[]	['global developmental delay, hypotonia and seizures']	[]	['Chr2p21 deletion(45,024,262 -45,295,429)']	GENO:0000137	unknown zygosity	[]	[]	HANCESTRO:0852	Middle Eastern population	GAZ:00005279	Saudi Arabia	['HP:0001250']	['Seizure']	[]	[]	['NM_004006.3(ABCD1):c.(45024262_45295429del)']	[]	GENO:0000137
PAVS1172	intellectual disability with dysmorphism	Chr17q21.31 deletion(43,703,252-44,208,312)	https://pubmed.ncbi.nlm.nih.gov/25503496/		PAVS1172	[]	[]	['intellectual disability with dysmorphism']	[]	['Chr17q21.31 deletion(43,703,252-44,208,312)']	GENO:0000137	unknown zygosity	[]	[]	HANCESTRO:0852	Middle Eastern population	GAZ:00005279	Saudi Arabia	['HP:0001249']	['Intellectual disability']	[]	[]	['NM_007294.4(MAPT):c.(43703252_44208312)del']	[]	GENO:0000137
PAVS1173	global developmental delay, Failure to thrive, hypotonia	Chr8q24.3 duplication(144,869,301-145,833,715)	https://pubmed.ncbi.nlm.nih.gov/25503496/		PAVS1173	[]	[]	['global developmental delay, Failure to thrive, hypotonia']	[]	['Chr8q24.3 duplication(144,869,301-145,833,715)']	GENO:0000137	unknown zygosity	[]	[]	HANCESTRO:0852	Middle Eastern population	GAZ:00005279	Saudi Arabia	['HP:0001252']	['Hypotonia']	[]	[]	['LRG_1334t1(MYC):c.144869301_145833715dup']	[]	GENO:0000137
PAVS1174	Intellectual disability, childhood apraxia of speech, Intellectual disability	Chr16p11.2 deletion(29,694,991 – 30,190,676)	https://pubmed.ncbi.nlm.nih.gov/25503496/		PAVS1174	[]	[]	['Intellectual disability, childhood apraxia of speech, Intellectual disability']	[]	['Chr16p11.2 deletion(29,694,991 – 30,190,676)']	GENO:0000137	unknown zygosity	[]	[]	HANCESTRO:0852	Middle Eastern population	GAZ:00005279	Saudi Arabia	['HP:0001249']	['Intellectual disability']	[]	[]	['LRG_1184:g.29694991_30190676del']	[]	GENO:0000137
PAVS1175	global developmental delay, cardiac problems and mosaic hyperpigmentation	Chr22q13.33 deletion(49,974,766 -51,176,283)	https://pubmed.ncbi.nlm.nih.gov/25503496/		PAVS1175	[]	[]	['global developmental delay, cardiac problems and mosaic hyperpigmentation']	[]	['Chr22q13.33 deletion(49,974,766 -51,176,283)']	GENO:0000137	unknown zygosity	[]	[]	HANCESTRO:0852	Middle Eastern population	GAZ:00005279	Saudi Arabia	['HP:0001263']	['Global developmental delay']	[]	[]	['NM_005101.4(SHANK3):c.(?_49974766)_(51176283_?)del']	[]	GENO:0000137
PAVS1176	global developmental delay, autism spectrum disorder and partial syndactyly	Chr10q21.3 deletion(68,220,106 – 68,449,231)	https://pubmed.ncbi.nlm.nih.gov/25503496/		PAVS1176	[]	[]	['global developmental delay, autism spectrum disorder and partial syndactyly']	[]	['Chr10q21.3 deletion(68,220,106 – 68,449,231)']	GENO:0000137	unknown zygosity	[]	[]	HANCESTRO:0852	Middle Eastern population	GAZ:00005279	Saudi Arabia	['HP:0000729']	['Autistic behavior']	[]	[]	['NG_011652.1:g.68220106_68449231del']	[]	GENO:0000137
PAVS1177	Intellectual disability, hypothyrodism, osteomalacia, short stature, and dysmorphism	Chr2q35 deletion(220,032,133 -220,440,941)	https://pubmed.ncbi.nlm.nih.gov/25503496/		PAVS1177	[]	[]	['Intellectual disability, hypothyrodism, osteomalacia, short stature, and dysmorphism']	[]	['Chr2q35 deletion(220,032,133 -220,440,941)']	GENO:0000137	unknown zygosity	[]	[]	HANCESTRO:0852	Middle Eastern population	GAZ:00005279	Saudi Arabia	[]	[]	['OMIM:614857']	['Methylmalonic aciduria and homocystinuria, Cblj type']	['NM_004006.3(MYH9):c.(?_?)del']	[]	GENO:0000137
PAVS1178	global developmental delay, secondary microcephaly and seizures	Chr15q11.2q13.1 deletion(23,636,820-28,527,171)	https://pubmed.ncbi.nlm.nih.gov/25503496/		PAVS1178	[]	[]	['global developmental delay, secondary microcephaly and seizures']	[]	['Chr15q11.2q13.1 deletion(23,636,820-28,527,171)']	GENO:0000137	unknown zygosity	[]	[]	HANCESTRO:0852	Middle Eastern population	GAZ:00005279	Saudi Arabia	['HP:0001263']	['Global developmental delay']	[]	[]	['NM_001033431.2(UBE3A):c.(?_23636820)_(28527171_?)del']	[]	GENO:0000137
PAVS1179	Developmental delay and Agenesis corpus collosum	Chr8p23.1p23.3 deletion (158,048-6,999,114)	https://pubmed.ncbi.nlm.nih.gov/25503496/		PAVS1179	[]	[]	['Developmental delay and Agenesis corpus collosum']	[]	['Chr8p23.1p23.3 deletion (158,048-6,999,114)']	GENO:0000137	unknown zygosity	[]	[]	HANCESTRO:0852	Middle Eastern population	GAZ:00005279	Saudi Arabia	['HP:0001263']	['Global developmental delay']	[]	[]	['NG_007448.1:g.(158048_6999114)del']	[]	GENO:0000137
PAVS1180	global developmental delay, microcephaly, Failure to thrive, left ectopic kidney, Mitral regurgitation, Mitral valve prolapse	Chr14q32.32q32.33 deletion(103,645,506–106,261,806)	https://pubmed.ncbi.nlm.nih.gov/25503496/		PAVS1180	[]	[]	['global developmental delay, microcephaly, Failure to thrive, left ectopic kidney, Mitral regurgitation, Mitral valve prolapse']	[]	['Chr14q32.32q32.33 deletion(103,645,506–106,261,806)']	GENO:0000137	unknown zygosity	[]	[]	HANCESTRO:0852	Middle Eastern population	GAZ:00005279	Saudi Arabia	['HP:0001263']	['Global developmental delay']	[]	[]	['NG_005905.1:g.103645506_106261806del']	[]	GENO:0000137
PAVS1181	Intellectual disability and dysmorphsim	Chr22q11.21 deletion(18,644,790 -21,465,662)	https://pubmed.ncbi.nlm.nih.gov/25503496/		PAVS1181	[]	[]	['Intellectual disability and dysmorphsim']	[]	['Chr22q11.21 deletion(18,644,790 -21,465,662)']	GENO:0000137	unknown zygosity	[]	[]	HANCESTRO:0852	Middle Eastern population	GAZ:00005279	Saudi Arabia	['HP:0001249']	['Intellectual disability']	[]	[]	['NM_001767.3(TBX1):c.(1489_1611+2872)del']	[]	GENO:0000137
PAVS1182	global developmental delay and dysmorphism	chr6q14q21 deletion (64885283-99369048)	https://pubmed.ncbi.nlm.nih.gov/25503496/		PAVS1182	[]	[]	['global developmental delay and dysmorphism']	[]	['chr6q14q21 deletion (64885283-99369048)']	GENO:0000137	unknown zygosity	[]	[]	HANCESTRO:0852	Middle Eastern population	GAZ:00005279	Saudi Arabia	['HP:0001263']	['Global developmental delay']	[]	[]	['NG_017009.1:g.64885283_99369048del']	[]	GENO:0000137
PAVS1183	Intellectual disability, dysmorphism and multiple congenital anomalies	Chr22q11.23q13.2 duplication (25,130,31–41,082,043)	https://pubmed.ncbi.nlm.nih.gov/25503496/		PAVS1183	[]	[]	['Intellectual disability, dysmorphism and multiple congenital anomalies']	[]	['Chr22q11.23q13.2 duplication (25,130,31–41,082,043)']	GENO:0000137	unknown zygosity	[]	[]	HANCESTRO:0852	Middle Eastern population	GAZ:00005279	Saudi Arabia	['HP:0001249']	['Intellectual disability']	[]	[]	['NG_011850.1:g.(25130031_41082043)dup']	[]	GENO:0000137
PAVS1184	Intellectual disability, morbid obesity(HP:0001513)	Chr16p11.2 deletion(29,628,661- 30,177,916)	https://pubmed.ncbi.nlm.nih.gov/25503496/		PAVS1184	['HP:0001513']	['Obesity']	[]	[]	['Chr16p11.2 deletion(29,628,661- 30,177,916)']	GENO:0000137	unknown zygosity	[]	[]	HANCESTRO:0852	Middle Eastern population	GAZ:00005279	Saudi Arabia	['HP:0001513']	['Obesity']	[]	[]	['NG_005925.1:g.29628661_30177916del']	[]	GENO:0000137
PAVS1185	Developmental delay , microcephlay, short stature, dysmorphic features (velocardiofacial syndrome)	Chr15q11.2 – 15q13.3 triplication(22,770,421-32,439,281)	https://pubmed.ncbi.nlm.nih.gov/25503496/		PAVS1185	[]	[]	['Developmental delay , microcephlay, short stature, dysmorphic features (velocardiofacial syndrome)']	[]	['Chr15q11.2 – 15q13.3 triplication(22,770,421-32,439,281)']	GENO:0000137	unknown zygosity	[]	[]	HANCESTRO:0852	Middle Eastern population	GAZ:00005279	Saudi Arabia	['HP:0001263']	['Global developmental delay']	[]	[]	['NC_000015.10(UBE3A):c.22770421_32439281dup']	[]	GENO:0000137
PAVS1186	Intellectual disability, dysmorphism, supravalvular aortic stenosis, no stranger anxiety	chr7q11.23 deletion (72718277-74141493)	https://pubmed.ncbi.nlm.nih.gov/25503496/		PAVS1186	[]	[]	['Intellectual disability, dysmorphism, supravalvular aortic stenosis, no stranger anxiety']	[]	['chr7q11.23 deletion (72718277-74141493)']	GENO:0000137	unknown zygosity	[]	[]	HANCESTRO:0852	Middle Eastern population	GAZ:00005279	Saudi Arabia	['HP:0001249']	['Intellectual disability']	[]	[]	['NM_001378825.1(ELN):c.(72718277_74141493)del']	[]	GENO:0000137
PAVS1187	Developmental delay  and multiple congenital anomalies	chr18q21.1q21.2 deletion (47279692-48756541)	https://pubmed.ncbi.nlm.nih.gov/25503496/		PAVS1187	[]	[]	['Developmental delay  and multiple congenital anomalies']	[]	['chr18q21.1q21.2 deletion (47279692-48756541)']	GENO:0000137	unknown zygosity	[]	[]	HANCESTRO:0852	Middle Eastern population	GAZ:00005279	Saudi Arabia	['HP:0001263']	['Global developmental delay']	[]	[]	['NM_001005484.2(CUX1):c.(47279692_48756541)del']	[]	GENO:0000137
PAVS1188	global developmental delay, dysmorphism and abnormal circadian rhythm	Chr17p11.2 deletion(16,772,264 – 20,304,967)	https://pubmed.ncbi.nlm.nih.gov/25503496/		PAVS1188	[]	[]	['global developmental delay, dysmorphism and abnormal circadian rhythm']	[]	['Chr17p11.2 deletion(16,772,264 – 20,304,967)']	GENO:0000137	unknown zygosity	[]	[]	HANCESTRO:0852	Middle Eastern population	GAZ:00005279	Saudi Arabia	['HP:0001263']	['Global developmental delay']	[]	[]	['NM_000520.3(PMS1):c.(16772264_20304967)del']	[]	GENO:0000137
PAVS1189	Intellectual disability and dysmorphism	chr22q11.21 deletion (18916842-21798907)/ 16p11.2 duplication (32033397-33784810)	https://pubmed.ncbi.nlm.nih.gov/25503496/		PAVS1189	[]	[]	['Intellectual disability and dysmorphism']	[]	['chr22q11.21 deletion (18916842-21798907)/ 16p11.2 duplication (32033397-33784810)']	GENO:0000137	unknown zygosity	[]	[]	HANCESTRO:0852	Middle Eastern population	GAZ:00005279	Saudi Arabia	['HP:0001249']	['Intellectual disability']	[]	[]	['LRG_199t1(SMCR8):c.\\[18916842_21798907del; 32033397_33784810dup]']	[]	GENO:0000137
PAVS1190	Intellectual disability	Chr15q13.2-15q13.3 duplication (30370017-32444043)	https://pubmed.ncbi.nlm.nih.gov/25503496/		PAVS1190	[]	[]	['Intellectual disability']	[]	['Chr15q13.2-15q13.3 duplication (30370017-32444043)']	GENO:0000137	unknown zygosity	[]	[]	HANCESTRO:0852	Middle Eastern population	GAZ:00005279	Saudi Arabia	['HP:0001249']	['Intellectual disability']	[]	[]	['NG_007128.2:g.30370017_32444043dup']	[]	GENO:0000137
PAVS1191	global developmental delay, absent radial rays, microcephaly	chr7p21.1p22.1 deletion (5798163-17727264)/chr7q31.31q31.32 (118692690-121628842) deletion	https://pubmed.ncbi.nlm.nih.gov/25503496/		PAVS1191	[]	[]	['global developmental delay, absent radial rays, microcephaly']	[]	['chr7p21.1p22.1 deletion (5798163-17727264)/chr7q31.31q31.32 (118692690-121628842) deletion']	GENO:0000137	unknown zygosity	[]	[]	HANCESTRO:0852	Middle Eastern population	GAZ:00005279	Saudi Arabia	['HP:0001263']	['Global developmental delay']	[]	[]	['NG_012920.1:g.(5798163_17727264)_(118692690_121628842)del']	[]	GENO:0000137
PAVS1192	global developmental delay, dysmorphism, diaphragmatic hernia.	chr4q32.1q34.3 duplication (159241112-182016894)/chr4q34.3q35.2 deletion (182021889-190957473)/chr15q26.1q26.3 duplication (93454301-102270758)	https://pubmed.ncbi.nlm.nih.gov/25503496/		PAVS1192	[]	[]	['global developmental delay, dysmorphism, diaphragmatic hernia.']	[]	['chr4q32.1q34.3 duplication (159241112-182016894)/chr4q34.3q35.2 deletion (182021889-190957473)/chr15q26.1q26.3 duplication (93454301-102270758)']	GENO:0000137	unknown zygosity	[]	[]	HANCESTRO:0852	Middle Eastern population	GAZ:00005279	Saudi Arabia	['HP:0000776']	['Congenital diaphragmatic hernia']	[]	[]	['Not possible to convert the provided description to valid HGVS nomenclature. The input describes chromosomal structural variants (duplications and deletions) involving multiple chromosomes and genomic ranges. HGVS nomenclature is primarily designed for variations within a single gene or transcript. It does not directly represent complex chromosomal rearrangements spanning multiple genomic regions and chromosomes. Therefore, a precise HGVS string is not applicable.']	[]	GENO:0000137
PAVS1193	Intellectual disability, dysmorphism, supra-valvular aortic stenosis, inguinal hernia, no stranger anxiety	chr7q11.23 deletion (72718277-74141493)	https://pubmed.ncbi.nlm.nih.gov/25503496/		PAVS1193	[]	[]	['Intellectual disability, dysmorphism, supra-valvular aortic stenosis, inguinal hernia, no stranger anxiety']	[]	['chr7q11.23 deletion (72718277-74141493)']	GENO:0000137	unknown zygosity	[]	[]	HANCESTRO:0852	Middle Eastern population	GAZ:00005279	Saudi Arabia	['HP:0000023']	['Inguinal hernia']	[]	[]	['NM_001042753.2(ELN):c.(72718277_74141493)del']	[]	GENO:0000137
PAVS1194	Intellectual disability	47,XXX (full trisomy X)	https://pubmed.ncbi.nlm.nih.gov/25503496/		PAVS1194	[]	[]	['Intellectual disability']	[]	['47,XXX (full trisomy X)']	GENO:0000137	unknown zygosity	[]	[]	HANCESTRO:0852	Middle Eastern population	GAZ:00005279	Saudi Arabia	['HP:0001249']	['Intellectual disability']	[]	[]	['This variant describes a chromosomal abnormality, not a single nucleotide change. Therefore, it cannot be directly represented with HGVS nomenclature which is designed for describing variants at the DNA, RNA, or protein level of a specific gene. Information about the specific gene and the location in the gene is needed in a valid HGVS format and thus is impossible with the input provided.\n\nTherefore, I cannot provide a valid HGVS string.']	[]	GENO:0000137
PAVS1195	Developmental delay and dysmorphism	chr16q22.2q23.1 deletion of (72130555-75038957)	https://pubmed.ncbi.nlm.nih.gov/25503496/		PAVS1195	[]	[]	['Developmental delay and dysmorphism']	[]	['chr16q22.2q23.1 deletion of (72130555-75038957)']	GENO:0000137	unknown zygosity	[]	[]	HANCESTRO:0852	Middle Eastern population	GAZ:00005279	Saudi Arabia	['HP:0001263']	['Global developmental delay']	[]	[]	['NM_003052.4(VARS2):c.(72130555_75038957)del']	[]	GENO:0000137
PAVS1196	global developmental delay, dysmorphism and overly friendly behavior	chr17q21.31q21.31 deletion (44212416-43710395)	https://pubmed.ncbi.nlm.nih.gov/25503496/		PAVS1196	[]	[]	['global developmental delay, dysmorphism and overly friendly behavior']	[]	['chr17q21.31q21.31 deletion (44212416-43710395)']	GENO:0000137	unknown zygosity	[]	[]	HANCESTRO:0852	Middle Eastern population	GAZ:00005279	Saudi Arabia	['HP:0001263']	['Global developmental delay']	[]	[]	['NM_000518.5(BRCA1):c.(44212416_43710395)del']	[]	GENO:0000137
PAVS1197	Developmental delay  and dysmorphism	chr3p13 deletion (70986209-71412654)	https://pubmed.ncbi.nlm.nih.gov/25503496/		PAVS1197	[]	[]	['Developmental delay  and dysmorphism']	[]	['chr3p13 deletion (70986209-71412654)']	GENO:0000137	unknown zygosity	[]	[]	HANCESTRO:0852	Middle Eastern population	GAZ:00005279	Saudi Arabia	['HP:0001263']	['Global developmental delay']	[]	[]	['NM_004333.4(FHIT):c.(70986209_71412654)del']	[]	GENO:0000137
PAVS1198	global developmental delay, right microphthalmia and left anophthalmia, secondary microcephaly, and micropenis	Chr3q26.33 deletion(180,678,656-181,472,237)	https://pubmed.ncbi.nlm.nih.gov/25503496/		PAVS1198	[]	[]	['global developmental delay, right microphthalmia and left anophthalmia, secondary microcephaly, and micropenis']	[]	['Chr3q26.33 deletion(180,678,656-181,472,237)']	GENO:0000137	unknown zygosity	[]	[]	HANCESTRO:0852	Middle Eastern population	GAZ:00005279	Saudi Arabia	['HP:0000568']	['Microphthalmia']	[]	[]	['NM_001378629.1(SMAD4):c.(?_180678656)_(181472237_?)del']	[]	GENO:0000137
PAVS1199	 intellectual disability, dysmorphism, pleasant disposition and attention-deficit, growth retardation, left ectopic kidney, and bilateral inguinal hernia	Chr7q11.23 deletion(72,290,998– 72,903,3530)	https://pubmed.ncbi.nlm.nih.gov/25503496/		PAVS1199	[]	[]	['intellectual disability, dysmorphism, pleasant disposition and attention-deficit, growth retardation, left ectopic kidney, and bilateral inguinal hernia']	[]	['Chr7q11.23 deletion(72,290,998– 72,903,3530)']	GENO:0000137	unknown zygosity	[]	[]	HANCESTRO:0852	Middle Eastern population	GAZ:00005279	Saudi Arabia	['HP:0001249']	['Intellectual disability']	[]	[]	['NG_016223.1:g.72290998_72903353del']	[]	GENO:0000137
PAVS1200	 intellectual disability, autism, Attention deficit hyperactive disorder, macrocephaly, penile macules	Chr10q23.31 deletion (89,686,508 – 90,701,032)	https://pubmed.ncbi.nlm.nih.gov/25503496/		PAVS1200	[]	[]	['intellectual disability, autism, Attention deficit hyperactive disorder, macrocephaly, penile macules']	[]	['Chr10q23.31 deletion (89,686,508 – 90,701,032)']	GENO:0000137	unknown zygosity	[]	[]	HANCESTRO:0852	Middle Eastern population	GAZ:00005279	Saudi Arabia	['HP:0001249']	['Intellectual disability']	[]	[]	['NM_001386124.1(PTEN):c.(89686508_90701032)del']	[]	GENO:0000137
PAVS1201	global developmental delay, seizures, microlissencephaly, dysmorphism	Chr17p13.3 deletion (2,177,669 – 2,829,615)	https://pubmed.ncbi.nlm.nih.gov/25503496/		PAVS1201	[]	[]	['global developmental delay, seizures, microlissencephaly, dysmorphism']	[]	['Chr17p13.3 deletion (2,177,669 – 2,829,615)']	GENO:0000137	unknown zygosity	[]	[]	HANCESTRO:0852	Middle Eastern population	GAZ:00005279	Saudi Arabia	[]	[]	['ORPHA:1083']	['Microlissencephaly']	['NM_000518.5(TP53):c.(2177669_2829615)del']	[]	GENO:0000137
PAVS1202	global developmental delay, holoprosencephaly, microcephaly, dysmorphism, CL/P, spasticity, central diabetes insipidus, seizures	Chr18p11.32p11.31 deletion(136,226-4,377,782)	https://pubmed.ncbi.nlm.nih.gov/25503496/		PAVS1202	[]	[]	['global developmental delay, holoprosencephaly, microcephaly, dysmorphism, CL/P, spasticity, central diabetes insipidus, seizures']	[]	['Chr18p11.32p11.31 deletion(136,226-4,377,782)']	GENO:0000137	unknown zygosity	[]	[]	HANCESTRO:0852	Middle Eastern population	GAZ:00005279	Saudi Arabia	['HP:0001263']	['Global developmental delay']	[]	[]	['NM_001384349.1(SMAD4):c.(?_136226)_(4377782_?)del']	[]	GENO:0000137
PAVS1203	Intellectual disability and dysmorphism	Chr22q11.21 deletion (18,916,842-20,717,655)	https://pubmed.ncbi.nlm.nih.gov/25503496/		PAVS1203	[]	[]	['Intellectual disability and dysmorphism']	[]	['Chr22q11.21 deletion (18,916,842-20,717,655)']	GENO:0000137	unknown zygosity	[]	[]	HANCESTRO:0852	Middle Eastern population	GAZ:00005279	Saudi Arabia	['HP:0001249']	['Intellectual disability']	[]	[]	['LRG_194t1(TBX1):c.1_2144del']	[]	GENO:0000137
PAVS1204	global developmental delay and dysmorphism	Chr22q11.1q11.21 deletion (17,370,127-19,084,594)	https://pubmed.ncbi.nlm.nih.gov/25503496/		PAVS1204	[]	[]	['global developmental delay and dysmorphism']	[]	['Chr22q11.1q11.21 deletion (17,370,127-19,084,594)']	GENO:0000137	unknown zygosity	[]	[]	HANCESTRO:0852	Middle Eastern population	GAZ:00005279	Saudi Arabia	['HP:0001263']	['Global developmental delay']	[]	[]	['NG_002830.1:g.(17370127_19084594)del']	[]	GENO:0000137
PAVS1205	intellectual disability, dysmorphism, short stature, Mitral regurgitation, Mitral valve prolapse, vitiligo, large rough nevus on the back	Chr1p36.22p36.23 deletion (8,425,521-10,780,684)	https://pubmed.ncbi.nlm.nih.gov/25503496/		PAVS1205	[]	[]	['intellectual disability, dysmorphism, short stature, Mitral regurgitation, Mitral valve prolapse, vitiligo, large rough nevus on the back']	[]	['Chr1p36.22p36.23 deletion (8,425,521-10,780,684)']	GENO:0000137	unknown zygosity	[]	[]	HANCESTRO:0852	Middle Eastern population	GAZ:00005279	Saudi Arabia	['HP:0001249']	['Intellectual disability']	[]	[]	['NG_007448.1:g.(8425521_10780684)del']	[]	GENO:0000137
PAVS1206	global developmental delay, hypotonia, macrocephaly, dysmorphism, right paraspinal lipoma, cutis aplasia on scalp, and ASD	Chr1q21.2 duplication (148,625,214-149,664,067)	https://pubmed.ncbi.nlm.nih.gov/25503496/		PAVS1206	[]	[]	['global developmental delay, hypotonia, macrocephaly, dysmorphism, right paraspinal lipoma, cutis aplasia on scalp, and ASD']	[]	['Chr1q21.2 duplication (148,625,214-149,664,067)']	GENO:0000137	unknown zygosity	[]	[]	HANCESTRO:0852	Middle Eastern population	GAZ:00005279	Saudi Arabia	['HP:0001263']	['Global developmental delay']	[]	[]	['NM_005101.3(DISP1):c.(148625214_149664067)dup']	[]	GENO:0000137
PAVS1207	global developmental delay, dysmorphism, short stature, nystagmus, syndactyly, joint laxity	Chr5q11.2q13.2 deletion(52,033,284-68,817,550)/Chr9p13.1 q13 duplication (38,916,514-66,035,257)	https://pubmed.ncbi.nlm.nih.gov/25503496/		PAVS1207	[]	[]	['global developmental delay, dysmorphism, short stature, nystagmus, syndactyly, joint laxity']	[]	['Chr5q11.2q13.2 deletion(52,033,284-68,817,550)/Chr9p13.1 q13 duplication (38,916,514-66,035,257)']	GENO:0000137	unknown zygosity	[]	[]	HANCESTRO:0852	Middle Eastern population	GAZ:00005279	Saudi Arabia	['HP:0001263']	['Global developmental delay']	[]	[]	['NC_000005.10:g.(52033284_68817550)del;NC_000009.12:g.(38916514_66035257)dup']	[]	GENO:0000137
PAVS1208	global developmental delay, dysmorphism, short stature, strabismus with limited eye movements	Chr15q11.1q11.2 duplication (20,175,623-22,504,198)	https://pubmed.ncbi.nlm.nih.gov/25503496/		PAVS1208	[]	[]	['global developmental delay, dysmorphism, short stature, strabismus with limited eye movements']	[]	['Chr15q11.1q11.2 duplication (20,175,623-22,504,198)']	GENO:0000137	unknown zygosity	[]	[]	HANCESTRO:0852	Middle Eastern population	GAZ:00005279	Saudi Arabia	['HP:0001263']	['Global developmental delay']	[]	[]	['No change to HGVS nomenclature is possible, as duplications of regions cannot be expressed in HGVS format.']	[]	GENO:0000137
PAVS1209	 intellectual disability, dysmorphism, microcephaly, bilateral cataract, nystagmus, hypotonia	chr2p14 deletion (69644214-70160666)	https://pubmed.ncbi.nlm.nih.gov/25503496/		PAVS1209	[]	[]	['intellectual disability, dysmorphism, microcephaly, bilateral cataract, nystagmus, hypotonia']	[]	['chr2p14 deletion (69644214-70160666)']	GENO:0000137	unknown zygosity	[]	[]	HANCESTRO:0852	Middle Eastern population	GAZ:00005279	Saudi Arabia	[]	[]	['OMIM:611091']	['Intellectual developmental disorder, autosomal recessive 5']	['NC_000002.12(BMP2):c.(69644214_70160666)del']	[]	GENO:0000137
PAVS1210	 intellectual disability, microcephaly	chr17q11.2 deletion (28997893-30412788)	https://pubmed.ncbi.nlm.nih.gov/25503496/		PAVS1210	[]	[]	['intellectual disability, microcephaly']	[]	['chr17q11.2 deletion (28997893-30412788)']	GENO:0000137	unknown zygosity	[]	[]	HANCESTRO:0852	Middle Eastern population	GAZ:00005279	Saudi Arabia	['HP:0000252']	['Microcephaly']	[]	[]	['NM_000520.4(NF1):c.(28997893_30412788)del']	[]	GENO:0000137
PAVS1211	 intellectual disability, Attention deficit hyperactive disorder, short stature, dysmorphism, strabismus	chr1q31.1q32.2 deletion (193628056-202778670)	https://pubmed.ncbi.nlm.nih.gov/25503496/		PAVS1211	[]	[]	['intellectual disability, Attention deficit hyperactive disorder, short stature, dysmorphism, strabismus']	[]	['chr1q31.1q32.2 deletion (193628056-202778670)']	GENO:0000137	unknown zygosity	[]	[]	HANCESTRO:0852	Middle Eastern population	GAZ:00005279	Saudi Arabia	['HP:0001249']	['Intellectual disability']	[]	[]	['NM_001378483.1(FAM186A):c.(?_193628056)_(202778670_?)del']	[]	GENO:0000137
PAVS1212	 intellectual disability, short stature, microcephaly, dysmorphism, skeletal dysplasia	chr1q24.2q25.2 deletion (169668315-176922791)/chr21q21.1q21.1 deletion (19950080-18541508)	https://pubmed.ncbi.nlm.nih.gov/25503496/		PAVS1212	[]	[]	['intellectual disability, short stature, microcephaly, dysmorphism, skeletal dysplasia']	[]	['chr1q24.2q25.2 deletion (169668315-176922791)/chr21q21.1q21.1 deletion (19950080-18541508)']	GENO:0000137	unknown zygosity	[]	[]	HANCESTRO:0852	Middle Eastern population	GAZ:00005279	Saudi Arabia	['HP:0000252']	['Microcephaly']	[]	[]	['NC_000001.11:g.(169668315_176922791)_(NC_000021.9:g.18541508_19950080)del']	[]	GENO:0000137
PAVS1213	Intellectual disability and morbid obesity	chr22q11 deletion(16920001-20725318)	https://pubmed.ncbi.nlm.nih.gov/25503496/		PAVS1213	[]	[]	['Intellectual disability and morbid obesity']	[]	['chr22q11 deletion(16920001-20725318)']	GENO:0000137	unknown zygosity	[]	[]	HANCESTRO:0852	Middle Eastern population	GAZ:00005279	Saudi Arabia	['HP:0001249']	['Intellectual disability']	[]	[]	['NM_001767.6(TBX1):c.(16920001_20725318)del']	[]	GENO:0000137
PAVS1214	 intellectual disability, obesity, dysmorphic features	Chr1p13.3p21.3 deletion (96,530,000 – 107,720,000).	https://pubmed.ncbi.nlm.nih.gov/25503496/		PAVS1214	[]	[]	['intellectual disability, obesity, dysmorphic features']	[]	['Chr1p13.3p21.3 deletion (96,530,000 – 107,720,000).']	GENO:0000137	unknown zygosity	[]	[]	HANCESTRO:0852	Middle Eastern population	GAZ:00005279	Saudi Arabia	[]	[]	['OMIM:617991']	['Developmental delay, intellectual disability, obesity, and dysmorphic features']	['NG_007444.1:g.96530000_107720000del']	[]	GENO:0000137
PAVS1215	global developmental delay, dysmorphic features	chr4p14.1p15.32 deletion (5,772,000-25,016,243)	https://pubmed.ncbi.nlm.nih.gov/25503496/		PAVS1215	[]	[]	['global developmental delay, dysmorphic features']	[]	['chr4p14.1p15.32 deletion (5,772,000-25,016,243)']	GENO:0000137	unknown zygosity	[]	[]	HANCESTRO:0852	Middle Eastern population	GAZ:00005279	Saudi Arabia	['HP:0001263']	['Global developmental delay']	[]	[]	['NG_017033.1:g.5772000_25016243del']	[]	GENO:0000137
PAVS1216	global developmental delay and choanal atresia	Trisomy 12p: a Chr12p13.33 – 12q12 duplication (1 – 38,453,221)	https://pubmed.ncbi.nlm.nih.gov/25503496/		PAVS1216	[]	[]	['global developmental delay and choanal atresia']	[]	['Trisomy 12p: a Chr12p13.33 – 12q12 duplication (1 – 38,453,221)']	GENO:0000137	unknown zygosity	[]	[]	HANCESTRO:0852	Middle Eastern population	GAZ:00005279	Saudi Arabia	['HP:0000453']	['Choanal atresia']	[]	[]	['NM_001365244.2(CDK4):c.1_38453221dup']	['Unknown']	GENO:0000137
PAVS1217	Dysmorphic Feature, Small for date, Developmental delay, failure to thrive, small finger has two phalanges, simian crease in left hand, Intellectual disability	13q21.1- q32.1(57009987_95317681)x1{13q21.1q32.1 deletion}	https://pubmed.ncbi.nlm.nih.gov/37189911/		PAVS1217	[]	[]	['Dysmorphic Feature, Small for date, Developmental delay, failure to thrive, small finger has two phalanges, simian crease in left hand, Intellectual disability']	[]	['13q21.1- q32.1(57009987_95317681)x1{13q21.1q32.1 deletion}']	GENO:0000137	unknown zygosity	[]	[]	HANCESTRO:0852	Middle Eastern population	GAZ:00005279	Saudi Arabia	['HP:0001249']	['Intellectual disability']	[]	[]	['NG_007507.1:g.(57009987_95317681)del']	[]	GENO:0000137
PAVS1218	Delayed Speech, Dysmorphic Features	11q24.2q25(123615752_134432324)x1{46,XY,del(11)(q24)}	https://pubmed.ncbi.nlm.nih.gov/37189911/		PAVS1218	[]	[]	['Delayed Speech, Dysmorphic Features']	[]	['11q24.2q25(123615752_134432324)x1{46,XY,del(11)(q24)}']	GENO:0000137	unknown zygosity	[]	[]	HANCESTRO:0852	Middle Eastern population	GAZ:00005279	Saudi Arabia	['HP:0000750']	['Delayed speech and language development']	[]	[]	['NC_000011.10(PHOX2B):g.(123615752_134432324)del']	[]	GENO:0000137
PAVS1219	Ventricular septal defect, Failure to thrive	16q21q23.1(65021970_74573408)x1{47,XX,+del(9)(q22)}	https://pubmed.ncbi.nlm.nih.gov/37189911/		PAVS1219	[]	[]	['Ventricular septal defect, Failure to thrive']	[]	['16q21q23.1(65021970_74573408)x1{47,XX,+del(9)(q22)}']	GENO:0000137	unknown zygosity	[]	[]	HANCESTRO:0852	Middle Eastern population	GAZ:00005279	Saudi Arabia	['HP:0001508']	['Failure to thrive']	[]	[]	['NG_003349.3:g.(65021970_74573408)del']	[]	GENO:0000137
PAVS1220	Hypotonia, Cleft Lip, Ventricular septal defect, ASD, Pulmonary Stenosis, Dysmorphic, Delayed Speech, Not Walking	9p24.3p13.1(194193_38745183)x3	https://pubmed.ncbi.nlm.nih.gov/37189911/		PAVS1220	[]	[]	['Hypotonia, Cleft Lip, Ventricular septal defect, ASD, Pulmonary Stenosis, Dysmorphic, Delayed Speech, Not Walking']	[]	['9p24.3p13.1(194193_38745183)x3']	GENO:0000137	unknown zygosity	[]	[]	HANCESTRO:0852	Middle Eastern population	GAZ:00005279	Saudi Arabia	['HP:0001629']	['Ventricular septal defect']	[]	[]	['NM_000334.2(SHH):c.194193_38745183dup']	[]	GENO:0000137
PAVS1221	Delayed Speech, Developmental delay	16p13.3 p11.2(28087_ 31446768)x3 {46,XX,dup(3)p36-p33}	https://pubmed.ncbi.nlm.nih.gov/37189911/		PAVS1221	[]	[]	['Delayed Speech, Developmental delay']	[]	['16p13.3 p11.2(28087_ 31446768)x3 {46,XX,dup(3)p36-p33}']	GENO:0000137	unknown zygosity	[]	[]	HANCESTRO:0852	Middle Eastern population	GAZ:00005279	Saudi Arabia	['HP:0000750']	['Delayed speech and language development']	[]	[]	['NG_007447.1:g.(28087_31446768)x3']	[]	GENO:0000137
PAVS1222	Delayed Speech, Dysmorphic feature, Developmental delay	"15q13.1q26.1(27196809_89833172)x1	"	https://pubmed.ncbi.nlm.nih.gov/37189911/		PAVS1222	[]	[]	['Delayed Speech, Dysmorphic feature, Developmental delay']	[]	['15q13.1q26.1(27196809_89833172)x1']	GENO:0000137	unknown zygosity	[]	[]	HANCESTRO:0852	Middle Eastern population	GAZ:00005279	Saudi Arabia	['HP:0000750']	['Delayed speech and language development']	[]	[]	['NM_001384002.1(NRXN1):c.2145-11239826_2145-11239825del']	[]	GENO:0000137
PAVS1223	Developmental delay, congenital heart disease	22q11.21(17269039_19794119)x1{46,XY,del(22)(q11.2q11.2)}	https://pubmed.ncbi.nlm.nih.gov/37189911/		PAVS1223	[]	[]	['Developmental delay, congenital heart disease']	[]	['22q11.21(17269039_19794119)x1{46,XY,del(22)(q11.2q11.2)}']	GENO:0000137	unknown zygosity	[]	[]	HANCESTRO:0852	Middle Eastern population	GAZ:00005279	Saudi Arabia	['HP:0001263']	['Global developmental delay']	[]	[]	['NG_011941.1(N25):g.(17269039_19794119)del']	[]	GENO:0000137
PAVS1224	Dysmorphic features, Delayed Speech,	18p11.32p11.21(114641_15062794)x4	https://pubmed.ncbi.nlm.nih.gov/37189911/		PAVS1224	[]	[]	['Dysmorphic features, Delayed Speech,']	[]	['18p11.32p11.21(114641_15062794)x4']	GENO:0000137	unknown zygosity	[]	[]	HANCESTRO:0852	Middle Eastern population	GAZ:00005279	Saudi Arabia	['HP:0000750']	['Delayed speech and language development']	[]	[]	['NM_001384670.1(MIR183):c.?[114641_15062794]x4']	[]	GENO:0000137
PAVS1225	Congenital Heart Disease	15q25.1q26.3(78427008_100298411)x3        	https://pubmed.ncbi.nlm.nih.gov/37189911/		PAVS1225	[]	[]	['Congenital Heart Disease']	[]	['15q25.1q26.3(78427008_100298411)x3']	GENO:0000137	unknown zygosity	[]	[]	HANCESTRO:0852	Middle Eastern population	GAZ:00005279	Saudi Arabia	[]	[]	['OMIM:615542']	['Testicular anomalies with or without congenital heart disease']	['NG_007033.3:g.(78427008_100298411)x3']	[]	GENO:0000137
PAVS1226	Dysmorphic feature, Low-set Ears, Closed Ventricular septal defect	18p11.32p11.21(121700_14112521)x4	https://pubmed.ncbi.nlm.nih.gov/37189911/		PAVS1226	[]	[]	['Dysmorphic feature, Low-set Ears, Closed Ventricular septal defect']	[]	['18p11.32p11.21(121700_14112521)x4']	GENO:0000137	unknown zygosity	[]	[]	HANCESTRO:0852	Middle Eastern population	GAZ:00005279	Saudi Arabia	['HP:0000369']	['Low-set ears']	[]	[]	['NM_001005873.2(SHOX):c.654-331_775+1083dup']	[]	GENO:0000137
PAVS1227	Intellectual disability,Attention deficit hyperactive disorder, Dysmorphic, Seizures, Small ears, Triangular face, Ventricular septal defect, Absent speech, Delayed Walking, Epilepsy	8q24.3(142081172_146142017)x1	https://pubmed.ncbi.nlm.nih.gov/37189911/		PAVS1227	[]	[]	['Intellectual disability,Attention deficit hyperactive disorder, Dysmorphic, Seizures, Small ears, Triangular face, Ventricular septal defect, Absent speech, Delayed Walking, Epilepsy']	[]	['8q24.3(142081172_146142017)x1']	GENO:0000137	unknown zygosity	[]	[]	HANCESTRO:0852	Middle Eastern population	GAZ:00005279	Saudi Arabia	['HP:0001249']	['Intellectual disability']	[]	[]	['NG_008133.1:g.142081172_146142017del']	[]	GENO:0000137
PAVS1228	Developmental delay, not walking, no speech, dysmorphic, hypotonia, epilepsy, microcephaly, preterm birth at 2 weeks, Ventricular septal defect at birth	16q21q23.1(65021970_74573408)x1			PAVS1228	[]	[]	['Developmental delay, not walking, no speech, dysmorphic, hypotonia, epilepsy, microcephaly, preterm birth at 2 weeks, Ventricular septal defect at birth']	[]	['16q21q23.1(65021970_74573408)x1']	GENO:0000137	unknown zygosity	[]	[]	HANCESTRO:0852	Middle Eastern population	GAZ:00005279	Saudi Arabia	['HP:0001263']	['Global developmental delay']	[]	[]	['NG_007507.1:g.65021970_74573408del']	[]	GENO:0000137
PAVS1229	Short Stature, Developmental delay	10q26.13q26.3(127272748_135284168)x3|18q23(72346539_76111023)x1			PAVS1229	[]	[]	['Short Stature, Developmental delay']	[]	['10q26.13q26.3(127272748_135284168)x3|18q23(72346539_76111023)x1']	GENO:0000137	unknown zygosity	[]	[]	HANCESTRO:0852	Middle Eastern population	GAZ:00005279	Saudi Arabia	['HP:0001263']	['Global developmental delay']	[]	[]	['NG_005905.3:g.(127272748_135284168)x3|(72346539_76111023)x1']	[]	GENO:0000137
PAVS1230	global developmental delay, remarkable shyness, with subtle dysmorphic features and obesity	Chr1p21.3 – 1p13.3 deletion (96,530,000 – 107,720,000)	https://pubmed.ncbi.nlm.nih.gov/25503496/		PAVS1230	[]	[]	['global developmental delay, remarkable shyness, with subtle dysmorphic features and obesity']	[]	['Chr1p21.3 – 1p13.3 deletion (96,530,000 – 107,720,000)']	GENO:0000137	unknown zygosity	[]	[]	HANCESTRO:0852	Middle Eastern population	GAZ:00005279	Saudi Arabia	['HP:0001263']	['Global developmental delay']	[]	[]	['NG_007446.1:g.(96530000_107720000)del']	[]	GENO:0000137
PAVS1231	"global developmental delay, dysmorphic features and microcephaly, epilepsy (with infantile spasms), hypotonia, eye/vision problems, with linear mosaic hyperpigmentation seen in a linear fashion in the lower extremities and the lower abdomen, nephrocalcinosis
"	Chr1p36.33 – 1p36.32 deletion (1 – 4,944,170)	https://pubmed.ncbi.nlm.nih.gov/25503496/		PAVS1231	[]	[]	['global developmental delay, dysmorphic features and microcephaly, epilepsy (with infantile spasms), hypotonia, eye/vision problems, with linear mosaic hyperpigmentation seen in a linear fashion in the lower extremities and the lower abdomen, nephrocalcinosis']	[]	['Chr1p36.33 – 1p36.32 deletion (1 – 4,944,170)']	GENO:0000137	unknown zygosity	[]	[]	HANCESTRO:0852	Middle Eastern population	GAZ:00005279	Saudi Arabia	[]	[]	['OMIM:619340']	['Developmental and epileptic encephalopathy 96']	['NG_007396.1:g.(?_1_4944170)del']	[]	GENO:0000137
PAVS1232	"global developmental delay, right microphthalmia and left anophthalmia, acquired microcephaly, and micropenis
"	Chr3q26.33 deletion(180,678,656 – 181,472,237)	https://pubmed.ncbi.nlm.nih.gov/25503496/		PAVS1232	[]	[]	['global developmental delay, right microphthalmia and left anophthalmia, acquired microcephaly, and micropenis']	[]	['Chr3q26.33 deletion(180,678,656 – 181,472,237)']	GENO:0000137	unknown zygosity	[]	[]	HANCESTRO:0852	Middle Eastern population	GAZ:00005279	Saudi Arabia	['HP:0000568']	['Microphthalmia']	[]	[]	['NM_001378642.1(PIK3CA):c.(180678656_181472237)del']	[]	GENO:0000137
PAVS1233	"Intellectual disability, dysmorphic features, maxillary hypoplasia, pleasant disposition and attention-deficit, clinodactyly, large dark brown macule on the back, growth retardation, left ectopic kidney, and bilateral inguinal hernia 
"	Chr7q11.23 deletion(72,290,998 –72,903,353)	https://pubmed.ncbi.nlm.nih.gov/25503496/		PAVS1233	[]	[]	['Intellectual disability, dysmorphic features, maxillary hypoplasia, pleasant disposition and attention-deficit, clinodactyly, large dark brown macule on the back, growth retardation, left ectopic kidney, and bilateral inguinal hernia']	[]	['Chr7q11.23 deletion(72,290,998 –72,903,353)']	GENO:0000137	unknown zygosity	[]	[]	HANCESTRO:0852	Middle Eastern population	GAZ:00005279	Saudi Arabia	['HP:0000079']	['Abnormality of the urinary system']	[]	[]	['NM_001378642.1(LRRK2):c.(72290998_72903353)del']	[]	GENO:0000137
PAVS1234	Developmental delay, Failure to thrive and hypotonia	Chr8q24.3 duplication(144,869,301–145,833,715)	https://pubmed.ncbi.nlm.nih.gov/25503496/		PAVS1234	[]	[]	['Developmental delay, Failure to thrive and hypotonia']	[]	['Chr8q24.3 duplication(144,869,301–145,833,715)']	GENO:0000137	unknown zygosity	[]	[]	HANCESTRO:0852	Middle Eastern population	GAZ:00005279	Saudi Arabia	['HP:0001252']	['Hypotonia']	[]	[]	['NM_001370356.1(MYC):c.1A>A']	[]	GENO:0000137
PAVS1235	"Developmental delay, Failure to thrive, distinct facial features, single transverse palmar crease, and clinodactyly of the 5th finger
"	Chr9p24.3 – 9q21.11 duplication(1– 69,053,560)	https://pubmed.ncbi.nlm.nih.gov/25503496/		PAVS1235	[]	[]	['Developmental delay, Failure to thrive, distinct facial features, single transverse palmar crease, and clinodactyly of the 5th finger']	[]	['Chr9p24.3 – 9q21.11 duplication(1– 69,053,560)']	GENO:0000137	unknown zygosity	[]	[]	HANCESTRO:0852	Middle Eastern population	GAZ:00005279	Saudi Arabia	[]	[]	['OMIM:618076']	['Neurodevelopmental disorder with spasticity and poor growth']	['NM_000041.3(ABL1):c.(1_69053560)dup']	[]	GENO:0000137
PAVS1236	Intellectual disability and speech delay with subtle dysmorphic features, bilateral shoulder and hip laxity	Chr9q34.13 – 9q34.3 duplication(135,792,597 –139,609,502)	https://pubmed.ncbi.nlm.nih.gov/25503496/		PAVS1236	[]	[]	['Intellectual disability and speech delay with subtle dysmorphic features, bilateral shoulder and hip laxity']	[]	['Chr9q34.13 – 9q34.3 duplication(135,792,597 –139,609,502)']	GENO:0000137	unknown zygosity	[]	[]	HANCESTRO:0852	Middle Eastern population	GAZ:00005279	Saudi Arabia	['HP:0001249']	['Intellectual disability']	[]	[]	['NG_008420.1:g.135792597_139609502dup']	[]	GENO:0000137
PAVS1237	ASD, speech delay with partial syndactyly between second and third toes, white hypopigmented area over right thigh anteriorly	Chr10q21.3 deletion(68,220,106–68,449,231)	https://pubmed.ncbi.nlm.nih.gov/25503496/		PAVS1237	[]	[]	['ASD, speech delay with partial syndactyly between second and third toes, white hypopigmented area over right thigh anteriorly']	[]	['Chr10q21.3 deletion(68,220,106–68,449,231)']	GENO:0000137	unknown zygosity	[]	[]	HANCESTRO:0852	Middle Eastern population	GAZ:00005279	Saudi Arabia	['HP:0006101']	['Finger syndactyly']	[]	[]	['NM_004448.3(FGFR2):c.1976_2205del']	[]	GENO:0000137
PAVS1238	"Autism, speech delay, Attention deficit hyperactive disorder, macrocephaly, penile hyperpigmentation (multiple macules), right abdominal mass, sever Intellectual defficit
 "	Chr10q23.31 deletion(89,686,508–90,701,032)	https://pubmed.ncbi.nlm.nih.gov/25503496/		PAVS1238	[]	[]	['Autism, speech delay, Attention deficit hyperactive disorder, macrocephaly, penile hyperpigmentation (multiple macules), right abdominal mass, sever Intellectual defficit']	[]	['Chr10q23.31 deletion(89,686,508–90,701,032)']	GENO:0000137	unknown zygosity	[]	[]	HANCESTRO:0852	Middle Eastern population	GAZ:00005279	Saudi Arabia	['HP:0000750']	['Delayed speech and language development']	[]	[]	['NM_00384.5(PTEN):c.(89686508_90701032)del']	[]	GENO:0000137
PAVS1239	"Dysmorphic features, feeding difficulties, bilateral hand postaxial polydactyly, club foot, coloboma, ASD*, PDA
 "	Chr12p13.33 – 12q12 duplication(1 – 38,453,221)	https://pubmed.ncbi.nlm.nih.gov/25503496/		PAVS1239	[]	[]	['Dysmorphic features, feeding difficulties, bilateral hand postaxial polydactyly, club foot, coloboma, ASD*, PDA']	[]	['Chr12p13.33 – 12q12 duplication(1 – 38,453,221)']	GENO:0000137	unknown zygosity	[]	[]	HANCESTRO:0852	Middle Eastern population	GAZ:00005279	Saudi Arabia	['HP:0011968']	['Feeding difficulties']	[]	[]	['NM_005101.3(MED12):c.(1_38453221)dup']	[]	GENO:0000137
PAVS1240	Intellectual defficit and speech delay, epilepsy, Attention deficit hyperactive disorder, microbrachycephaly, obesity, hypogonadism, exaggerated reflexes, in-toe gait	Chr13q12.3 deletion 30 (29,226,273 – 31,540,272)	https://pubmed.ncbi.nlm.nih.gov/25503496/		PAVS1240	[]	[]	['Intellectual defficit and speech delay, epilepsy, Attention deficit hyperactive disorder, microbrachycephaly, obesity, hypogonadism, exaggerated reflexes, in-toe gait']	[]	['Chr13q12.3 deletion 30 (29,226,273 – 31,540,272)']	GENO:0000137	unknown zygosity	[]	[]	HANCESTRO:0852	Middle Eastern population	GAZ:00005279	Saudi Arabia	[]	[]	['OMIM:618076']	['Neurodevelopmental disorder with spasticity and poor growth']	['NM_000333.4(RB1):c.(29226273_31540272)del']	[]	GENO:0000137
PAVS1241	"Intrauterine growth retardation , low birth weight, mild ID with Developmental delay, Failure to thrive, microcephaly, ectopic kidney, MR and MVP
"	Chr14q32.32 –14q32.33 deletion(103,645,506 – 106,261,806)	https://pubmed.ncbi.nlm.nih.gov/25503496/		PAVS1241	[]	[]	['Intrauterine growth retardation , low birth weight, mild ID with Developmental delay, Failure to thrive, microcephaly, ectopic kidney, MR and MVP']	[]	['Chr14q32.32 –14q32.33 deletion(103,645,506 – 106,261,806)']	GENO:0000137	unknown zygosity	[]	[]	HANCESTRO:0852	Middle Eastern population	GAZ:00005279	Saudi Arabia	['HP:0001263']	['Global developmental delay']	[]	[]	['NG_005905.1:g.(103645506_106261806)del']	[]	GENO:0000137
PAVS1242	"Developmental delay, epilepsy, obesity, and unstable gait
 "	Chr15q11.2 – 15q13.1 deletion(23,636,820–28,527,171)	https://pubmed.ncbi.nlm.nih.gov/25503496/		PAVS1242	[]	[]	['Developmental delay, epilepsy, obesity, and unstable gait']	[]	['Chr15q11.2 – 15q13.1 deletion(23,636,820–28,527,171)']	GENO:0000137	unknown zygosity	[]	[]	HANCESTRO:0852	Middle Eastern population	GAZ:00005279	Saudi Arabia	['HP:0001250']	['Seizure']	[]	[]	['NG_005977.3:g.23636820_28527171del']	[]	GENO:0000137
PAVS1243	"Developmental delay with dysmorphic features, microcephaly, short stature, Talipes equinovarus
 "	Chr15q11.2 – 15q13.3 triplication (22,770,421–32,439,281)	https://pubmed.ncbi.nlm.nih.gov/25503496/		PAVS1243	[]	[]	['Developmental delay with dysmorphic features, microcephaly, short stature, Talipes equinovarus']	[]	['Chr15q11.2 – 15q13.3 triplication (22,770,421–32,439,281)']	GENO:0000137	unknown zygosity	[]	[]	HANCESTRO:0852	Middle Eastern population	GAZ:00005279	Saudi Arabia	['HP:0000252']	['Microcephaly']	[]	[]	['NC_000015.10(UBE3A):c.(22770421_32439281)dup']	[]	GENO:0000137
PAVS1244	"Developmental delay, Failure to thrive, right radial ray defect with pedunculated thumb, wide-based gait
 "	Chr16p11.2 deletion (29,622,757–30,177,916)	https://pubmed.ncbi.nlm.nih.gov/25503496/		PAVS1244	[]	[]	['Developmental delay, Failure to thrive, right radial ray defect with pedunculated thumb, wide-based gait']	[]	['Chr16p11.2 deletion (29,622,757–30,177,916)']	GENO:0000137	unknown zygosity	[]	[]	HANCESTRO:0852	Middle Eastern population	GAZ:00005279	Saudi Arabia	['HP:0001263']	['Global developmental delay']	[]	[]	['LRG_1139t1(MED13L):c.(29622757_30177916)del']	[]	GENO:0000137
PAVS1245	"Speech and gross motor delay, oromotor dyspraxia, Failure to thrive, post axial polydactyly of left hand, poor dentition
 "	Chr16p11.2 deletion(29,694,991 –30,190,676)	https://pubmed.ncbi.nlm.nih.gov/25503496/		PAVS1245	[]	[]	['Speech and gross motor delay, oromotor dyspraxia, Failure to thrive, post axial polydactyly of left hand, poor dentition']	[]	['Chr16p11.2 deletion(29,694,991 –30,190,676)']	GENO:0000137	unknown zygosity	[]	[]	HANCESTRO:0852	Middle Eastern population	GAZ:00005279	Saudi Arabia	['HP:0001508']	['Failure to thrive']	[]	[]	['NC_000016.10(SH2B3):c.(29694991_30190676)del']	[]	GENO:0000137
PAVS1246	"Developmental delay with morbid obesity, acanthosis nigricans, and clinodactyly
"	Chr16p11.2 deletion(29,628,661 – 30,177,916)	https://pubmed.ncbi.nlm.nih.gov/25503496/		PAVS1246	[]	[]	['Developmental delay with morbid obesity, acanthosis nigricans, and clinodactyly']	[]	['Chr16p11.2 deletion(29,628,661 – 30,177,916)']	GENO:0000137	unknown zygosity	[]	[]	HANCESTRO:0852	Middle Eastern population	GAZ:00005279	Saudi Arabia	['HP:0000956']	['Acanthosis nigricans']	[]	[]	['NG_005925.1:g.(29628661_30177916)del']	[]	GENO:0000137
PAVS1247	"Developmental delay and epilepsy with classical dysmorphic features
"	Chr17p11.2 deletion(16,772,264 – 20,304,967)	https://pubmed.ncbi.nlm.nih.gov/25503496/		PAVS1247	[]	[]	['Developmental delay and epilepsy with classical dysmorphic features']	[]	['Chr17p11.2 deletion(16,772,264 – 20,304,967)']	GENO:0000137	unknown zygosity	[]	[]	HANCESTRO:0852	Middle Eastern population	GAZ:00005279	Saudi Arabia	['HP:0001263']	['Global developmental delay']	[]	[]	['LRG_199t1(SMAD4):c.\\[16772264\\_20304967del]']	[]	GENO:0000137
PAVS1248	"Speech delay, epilepsy, microlissencephaly, dysmorphic features, brachydactyly with abnormal palmar creases
 "	Chr17p13.3 deletion(LIS1 hemizygous deletion)(2,177,669 – 2,829,615)	https://pubmed.ncbi.nlm.nih.gov/25503496/		PAVS1248	[]	[]	['Speech delay, epilepsy, microlissencephaly, dysmorphic features, brachydactyly with abnormal palmar creases']	[]	['Chr17p13.3 deletion(LIS1 hemizygous deletion)(2,177,669 – 2,829,615)']	GENO:0000134	hemizygous	[]	[]	HANCESTRO:0852	Middle Eastern population	GAZ:00005279	Saudi Arabia	['HP:0045028']	['Microlissencephaly']	[]	[]	['LRG_697t1(PAFAH1B1):c.(2177669_2829615)del']	[]	GENO:0000134
PAVS1249	"Developmental delay, Failure to thrive, dysmorphic features, cleft palate, Ventricular septal defect, and mild camptodactyly
"	Chr17q21.31 deletion(43,703,252 –44,208,312)	https://pubmed.ncbi.nlm.nih.gov/25503496/		PAVS1249	[]	[]	['Developmental delay, Failure to thrive, dysmorphic features, cleft palate, Ventricular septal defect, and mild camptodactyly']	[]	['Chr17q21.31 deletion(43,703,252 –44,208,312)']	GENO:0000137	unknown zygosity	[]	[]	HANCESTRO:0852	Middle Eastern population	GAZ:00005279	Saudi Arabia	['HP:0001263']	['Global developmental delay']	[]	[]	['NM_004333.4(KANSL1):c.(?_43703252)_(44208312_?)del']	[]	GENO:0000137
PAVS1250	Holoprosencephaly, microcephaly, dysmorphic features, cleft lip and palate, spastic quadriplegia, central diabetes insipidus, and epilepsy	Chr18p11.32 – 18p11.31 deletion 17(136,226–4,377,782)	https://pubmed.ncbi.nlm.nih.gov/25503496/		PAVS1250	[]	[]	['Holoprosencephaly, microcephaly, dysmorphic features, cleft lip and palate, spastic quadriplegia, central diabetes insipidus, and epilepsy']	[]	['Chr18p11.32 – 18p11.31 deletion 17(136,226–4,377,782)']	GENO:0000137	unknown zygosity	[]	[]	HANCESTRO:0852	Middle Eastern population	GAZ:00005279	Saudi Arabia	['HP:0000863']	['Central diabetes insipidus']	[]	[]	['NM_001370459.1(PLEKHM1):c.(136226_4377782)del']	[]	GENO:0000137
PAVS1251	"Intrauterine growth retardation , Failure to thrive, microcephaly, Developmental delay, recurrent infections, small anterior fontanelle, strabismus, elevated palate, resolved laryngomalacia, ASD*, bilateral cryptorchidism, curved penis, and rocker bottom feet 
 "	Chr18q21.32 – 18q23 deletion(58,527,052 –78,014,123)|Chr18q21.2 – 18q21.32 duplication(53,654,029–58,526,971)	https://pubmed.ncbi.nlm.nih.gov/25503496/		PAVS1251	[]	[]	['Intrauterine growth retardation , Failure to thrive, microcephaly, Developmental delay, recurrent infections, small anterior fontanelle, strabismus, elevated palate, resolved laryngomalacia, ASD*, bilateral cryptorchidism, curved penis, and rocker bottom feet']	[]	['Chr18q21.32 – 18q23 deletion(58,527,052 –78,014,123)|Chr18q21.2 – 18q21.32 duplication(53,654,029–58,526,971)']	GENO:0000137	unknown zygosity	[]	[]	HANCESTRO:0852	Middle Eastern population	GAZ:00005279	Saudi Arabia	[]	[]	['OMIM:618076']	['Neurodevelopmental disorder with spasticity and poor growth']	['Not convertible to HGVS nomenclature.']	[]	GENO:0000137
PAVS1252	"Developmental delay with microcephaly, hyperactivity, long face, high arched palate, dental carries and vascular ring 
"	Chr22q11.21 deletion(18,644,790 –21,798,907)	https://pubmed.ncbi.nlm.nih.gov/25503496/		PAVS1252	[]	[]	['Developmental delay with microcephaly, hyperactivity, long face, high arched palate, dental carries and vascular ring']	[]	['Chr22q11.21 deletion(18,644,790 –21,798,907)']	GENO:0000137	unknown zygosity	[]	[]	HANCESTRO:0852	Middle Eastern population	GAZ:00005279	Saudi Arabia	['HP:0000218']	['High palate']	[]	[]	['NG_000946.3:g.18644790_21798907del']	[]	GENO:0000137
PAVS1253	"Intellectual deficit with dysmorphic features and bronchial asthma
"	Chr22q11.21 deletion(18,916,842 –20,717,655)	https://pubmed.ncbi.nlm.nih.gov/25503496/		PAVS1253	[]	[]	['Intellectual deficit with dysmorphic features and bronchial asthma']	[]	['Chr22q11.21 deletion(18,916,842 –20,717,655)']	GENO:0000137	unknown zygosity	[]	[]	HANCESTRO:0852	Middle Eastern population	GAZ:00005279	Saudi Arabia	['HP:0002099']	['Asthma']	[]	[]	['NM_001384500.1(TBX1):c.(?_18916842)_(20717655_?)del']	[]	GENO:0000137
PAVS1254	"global developmental delay with dysmorphic features, dental hypoplasia and mild right-sided facial asymmetry, hypotonia, joint hypermobility, short stature and bilateral TEV 
"	Chr22q11.1 – 22q11.21 deletion(17,370,127–19,084,594)	https://pubmed.ncbi.nlm.nih.gov/25503496/		PAVS1254	[]	[]	['global developmental delay with dysmorphic features, dental hypoplasia and mild right-sided facial asymmetry, hypotonia, joint hypermobility, short stature and bilateral TEV']	[]	['Chr22q11.1 – 22q11.21 deletion(17,370,127–19,084,594)']	GENO:0000137	unknown zygosity	[]	[]	HANCESTRO:0852	Middle Eastern population	GAZ:00005279	Saudi Arabia	['HP:0001263']	['Global developmental delay']	[]	[]	['LRG_199t1(DHGCR8):c.1_1714579del']	[]	GENO:0000137
PAVS1255	"Developmental delay with dysmorphic features, no cleft and no murmur, history of twitching on right side of face due to hypocalcaemia 
"	Chr22q11.21 deletion(18,644,790 – 21,465,662)	https://pubmed.ncbi.nlm.nih.gov/25503496/		PAVS1255	[]	[]	['Developmental delay with dysmorphic features, no cleft and no murmur, history of twitching on right side of face due to hypocalcaemia']	[]	['Chr22q11.21 deletion(18,644,790 – 21,465,662)']	GENO:0000137	unknown zygosity	[]	[]	HANCESTRO:0852	Middle Eastern population	GAZ:00005279	Saudi Arabia	['HP:0001263']	['Global developmental delay']	[]	[]	['NM_001767.3(TBX1):c.(?_18644790)_(21465662_?)del']	[]	GENO:0000137
PAVS1256	"global developmental delay with dysmorphic features, prematurity, Failure to thrive, multiple skeletal abnormalities
 "	Chr22q11.21 – 22q11.22 deletion(21,465,661–22,750,132)	https://pubmed.ncbi.nlm.nih.gov/25503496/		PAVS1256	[]	[]	['global developmental delay with dysmorphic features, prematurity, Failure to thrive, multiple skeletal abnormalities']	[]	['Chr22q11.21 – 22q11.22 deletion(21,465,661–22,750,132)']	GENO:0000137	unknown zygosity	[]	[]	HANCESTRO:0852	Middle Eastern population	GAZ:00005279	Saudi Arabia	['HP:0000924']	['Abnormality of the skeletal system']	[]	[]	['LRG_199t1(DGCR):c.(21465661_22750132)del']	[]	GENO:0000137
PAVS1257	"Developmental delay, microcephaly, dysmorphic features, coloboma, Failure to thrive, hypotonia, multiple congenital anomalies: (PDA, ASD*, TR, left dysplastic kidney), bilateral undescended testes, and hypospadias
"	Chr22q11.23 – 22q13.2 duplication(25,130,310–41,082,043)	https://pubmed.ncbi.nlm.nih.gov/25503496/		PAVS1257	[]	[]	['Developmental delay, microcephaly, dysmorphic features, coloboma, Failure to thrive, hypotonia, multiple congenital anomalies: (PDA, ASD*, TR, left dysplastic kidney), bilateral undescended testes, and hypospadias']	[]	['Chr22q11.23 – 22q13.2 duplication(25,130,310–41,082,043)']	GENO:0000137	unknown zygosity	[]	[]	HANCESTRO:0852	Middle Eastern population	GAZ:00005279	Saudi Arabia	[]	[]	['OMIM:619340']	['Developmental and epileptic encephalopathy 96']	['NG_011505.1:g.(25130310_41082043)dup']	[]	GENO:0000137
PAVS1258	"global developmental delay with subtle dysmorphic features, cleft palate, Failure to thrive, epilepsy, mosaic hypopigmentation, cardiac abnormalities, and bilateral 2-3 toe syndactyly 
 "	Chr22q13.33 deletion(49,974,766 –51,176,283)	https://pubmed.ncbi.nlm.nih.gov/25503496/		PAVS1258	[]	[]	['global developmental delay with subtle dysmorphic features, cleft palate, Failure to thrive, epilepsy, mosaic hypopigmentation, cardiac abnormalities, and bilateral 2-3 toe syndactyly']	[]	['Chr22q13.33 deletion(49,974,766 –51,176,283)']	GENO:0000137	unknown zygosity	[]	[]	HANCESTRO:0852	Middle Eastern population	GAZ:00005279	Saudi Arabia	['HP:0001263']	['Global developmental delay']	[]	[]	['NM_005101.4(SHANK3):c.6139-799_7589+504del']	[]	GENO:0000137
PAVS1259	Intellectual deficit with peculiar facial appearance of short palpebral fissures, wrinkled lower eyelids, prominent columella, and fissured corners of the mouth, short stature, low weight, grade II SM (MVP & MR), vitiligo of both hands, large rough nevus on the back, delayed bone age	Chr1p36.22–1p36.23 deletion(8,425,521–10,780,684)	https://pubmed.ncbi.nlm.nih.gov/25503496/		PAVS1259	[]	[]	['Intellectual deficit with peculiar facial appearance of short palpebral fissures, wrinkled lower eyelids, prominent columella, and fissured corners of the mouth, short stature, low weight, grade II SM (MVP & MR), vitiligo of both hands, large rough nevus on the back, delayed bone age']	[]	['Chr1p36.22–1p36.23 deletion(8,425,521–10,780,684)']	GENO:0000137	unknown zygosity	[]	[]	HANCESTRO:0852	Middle Eastern population	GAZ:00005279	Saudi Arabia	[]	[]	[]	[]	['LRG_199t1(DISC1):c.1-8425521_1-10780684del']	[]	GENO:0000137
PAVS1260	Intellectual deficit with peculiar facial appearance of short palpebral fissures, wrinkled lower eyelids, prominent columella, and fissured corners of the mouth, short stature, low weight, low insulin-like growth factor 1, delayed bone age	Chr1p36.22–1p36.23 deletion(8,415,927–10,784,118)	https://pubmed.ncbi.nlm.nih.gov/25503496/		PAVS1260	[]	[]	['Intellectual deficit with peculiar facial appearance of short palpebral fissures, wrinkled lower eyelids, prominent columella, and fissured corners of the mouth, short stature, low weight, low insulin-like growth factor 1, delayed bone age']	[]	['Chr1p36.22–1p36.23 deletion(8,415,927–10,784,118)']	GENO:0000137	unknown zygosity	[]	[]	HANCESTRO:0852	Middle Eastern population	GAZ:00005279	Saudi Arabia	[]	[]	[]	[]	['NG_007444.1:g.8415927_10784118del']	[]	GENO:0000137
PAVS1261	Global developmental delay, central hypotonia with macrocephaly and dysmorphic features, a right paraspinal lipoma, cutis aplasia on scalp, and ASD	Chr1q21.2 duplication(148,625,214–149,664,067)	https://pubmed.ncbi.nlm.nih.gov/25503496/		PAVS1261	[]	[]	['Global developmental delay, central hypotonia with macrocephaly and dysmorphic features, a right paraspinal lipoma, cutis aplasia on scalp, and ASD']	[]	['Chr1q21.2 duplication(148,625,214–149,664,067)']	GENO:0000137	unknown zygosity	[]	[]	HANCESTRO:0852	Middle Eastern population	GAZ:00005279	Saudi Arabia	['HP:0001263']	['Global developmental delay']	[]	[]	['NM_000023.3(MLH1):c.1A>1']	[]	GENO:0000137
PAVS1262	Global developmental delay, Attention deficit hyperactive disorder with dysmorphic features, microcephaly, short stature, clinodactyly, syndactyly, hypotonia, tiptoe gait	Chr1q21.2 duplication(148,625,214 –149,748,048)	https://pubmed.ncbi.nlm.nih.gov/25503496/		PAVS1262	[]	[]	['Global developmental delay, Attention deficit hyperactive disorder with dysmorphic features, microcephaly, short stature, clinodactyly, syndactyly, hypotonia, tiptoe gait']	[]	['Chr1q21.2 duplication(148,625,214 –149,748,048)']	GENO:0000137	unknown zygosity	[]	[]	HANCESTRO:0852	Middle Eastern population	GAZ:00005279	Saudi Arabia	['HP:0001263']	['Global developmental delay']	[]	[]	['NG_017000.1(GJA8):n.(148625214_149748048)dup']	[]	GENO:0000137
PAVS1263	Global developmental delay, epilepsy, generalized hypotonia	Chr2p21 deletion(45,024,262 –45,295,429)	https://pubmed.ncbi.nlm.nih.gov/25503496/		PAVS1263	[]	[]	['Global developmental delay, epilepsy, generalized hypotonia']	[]	['Chr2p21 deletion(45,024,262 –45,295,429)']	GENO:0000137	unknown zygosity	[]	[]	HANCESTRO:0852	Middle Eastern population	GAZ:00005279	Saudi Arabia	['HP:0001263']	['Global developmental delay']	[]	[]	['NM_001370320.1(FANCL):c.(45024262_45295429)del']	[]	GENO:0000137
PAVS1264	"Coloboma, bilateral microphthalmia and microcornea, right facial nerve palsy, dysphagia, conductive hearing loss, hemivertebra, scoliosis, and bifid spine
 (CHARGE-like)"	Chr2q11.2 deletion(97,731,119–98,025,634)	https://pubmed.ncbi.nlm.nih.gov/25503496/		PAVS1264	[]	[]	['Coloboma, bilateral microphthalmia and microcornea, right facial nerve palsy, dysphagia, conductive hearing loss, hemivertebra, scoliosis, and bifid spine\n (CHARGE-like)']	[]	['Chr2q11.2 deletion(97,731,119–98,025,634)']	GENO:0000137	unknown zygosity	[]	[]	HANCESTRO:0852	Middle Eastern population	GAZ:00005279	Saudi Arabia	['HP:0000405']	['Conductive hearing impairment']	[]	[]	['NM_001384693.1(LOC105378717):c.(?_97731118)_(98025635_?)del']	[]	GENO:0000137
PAVS1265	Intellectual disability, hypothyroidism, osteomalacia, short stature	Chr2q35 deletion(220,032,133 –220,440,941)	https://pubmed.ncbi.nlm.nih.gov/25503496/		PAVS1265	[]	[]	['Intellectual disability, hypothyroidism, osteomalacia, short stature']	[]	['Chr2q35 deletion(220,032,133 –220,440,941)']	GENO:0000137	unknown zygosity	[]	[]	HANCESTRO:0852	Middle Eastern population	GAZ:00005279	Saudi Arabia	['HP:0000821']	['Hypothyroidism']	[]	[]	['NM_004333.4(SHROOM4):c.(?_220032133)_(220440941_?)del']	[]	GENO:0000137
PAVS1266	Global developmental delay with dysmorphic features, frontonasal dysplasia, short stature, spontaneous nystagmus, syndactyly, joint laxity, faint systolic murmur in aortic area	Chr5q11.2 – q13.2 deletion(52,033,284 –68,817,550)|Chr9p13.1 – 9q13 duplication(38,916,514 –66,035,257)	https://pubmed.ncbi.nlm.nih.gov/25503496/		PAVS1266	[]	[]	['Global developmental delay with dysmorphic features, frontonasal dysplasia, short stature, spontaneous nystagmus, syndactyly, joint laxity, faint systolic murmur in aortic area']	[]	['Chr5q11.2 – q13.2 deletion(52,033,284 –68,817,550)|Chr9p13.1 – 9q13 duplication(38,916,514 –66,035,257)']	GENO:0000137	unknown zygosity	[]	[]	HANCESTRO:0852	Middle Eastern population	GAZ:00005279	Saudi Arabia	[]	[]	['OMIM:613451']	['Frontonasal dysplasia 2']	['Not applicable']	[]	GENO:0000137
PAVS1267	Developmental delay, microcephaly, agenesis of corpus callosum, asymmetric face, left exotropia, hypertonia, history of poor feeding	Chr8p23.1–8p23.3 deletion(158,048–6,999,114)	https://pubmed.ncbi.nlm.nih.gov/25503496/		PAVS1267	[]	[]	['Developmental delay, microcephaly, agenesis of corpus callosum, asymmetric face, left exotropia, hypertonia, history of poor feeding']	[]	['Chr8p23.1–8p23.3 deletion(158,048–6,999,114)']	GENO:0000137	unknown zygosity	[]	[]	HANCESTRO:0852	Middle Eastern population	GAZ:00005279	Saudi Arabia	['HP:0001263']	['Global developmental delay']	[]	[]	['NG_007448.1:g.(158048_6999114)del']	[]	GENO:0000137
PAVS1268	Global developmental delay with dysmorphic features, short stature, congenital strabismus with limited eye movements, prominent distal phalangeal bones of both hands	Chr15q11.1 – 15q11.2 duplication(20,175,623–22,504,198)	https://pubmed.ncbi.nlm.nih.gov/25503496/		PAVS1268	[]	[]	['Global developmental delay with dysmorphic features, short stature, congenital strabismus with limited eye movements, prominent distal phalangeal bones of both hands']	[]	['Chr15q11.1 – 15q11.2 duplication(20,175,623–22,504,198)']	GENO:0000137	unknown zygosity	[]	[]	HANCESTRO:0852	Middle Eastern population	GAZ:00005279	Saudi Arabia	['HP:0001263']	['Global developmental delay']	[]	[]	['NG_005984.1:g.20175623_22504198dup']	[]	GENO:0000137
PAVS1269	Intellectual deficit with dysmorphic features and microcephaly, bilateral cataract, nystagmus, hypotonia	Chr2p14 deletion(69,644,214–70,160,666)|Chr19p12 deletion(20,070,228–20,535,778)	https://pubmed.ncbi.nlm.nih.gov/25503496/		PAVS1269	[]	[]	['Intellectual deficit with dysmorphic features and microcephaly, bilateral cataract, nystagmus, hypotonia']	[]	['Chr2p14 deletion(69,644,214–70,160,666)|Chr19p12 deletion(20,070,228–20,535,778)']	GENO:0000137	unknown zygosity	[]	[]	HANCESTRO:0852	Middle Eastern population	GAZ:00005279	Saudi Arabia	[]	[]	['OMIM:619340']	['Developmental and epileptic encephalopathy 96']	['[unknown]']	[]	GENO:0000137
PAVS1270	Global developmental delay, dysmorphic features with microcephaly	Chr3q22.1 deletion(129,682,298 –129,991,510)|ChrXp22.33 duplication(819,924 –1,860,130)	https://pubmed.ncbi.nlm.nih.gov/25503496/		PAVS1270	[]	[]	['Global developmental delay, dysmorphic features with microcephaly']	[]	['Chr3q22.1 deletion(129,682,298 –129,991,510)|ChrXp22.33 duplication(819,924 –1,860,130)']	GENO:0000137	unknown zygosity	[]	[]	HANCESTRO:0852	Middle Eastern population	GAZ:00005279	Saudi Arabia	['HP:0000252']	['Microcephaly']	[]	[]	['LRG_199t1(SMC1A):c.\\[-1860130_819924dup;129682298_129991510del]']	[]	GENO:0000137
PAVS1271	Intellectual disability, craniosynostosis, right coloboma, postaxial polydactyly, syndactyly (between right miDevelopmental delayle and ring finger)	Chr9p12 duplication(40,764,741–41,970,142)	https://pubmed.ncbi.nlm.nih.gov/25503496/		PAVS1271	[]	[]	['Intellectual disability, craniosynostosis, right coloboma, postaxial polydactyly, syndactyly (between right miDevelopmental delayle and ring finger)']	[]	['Chr9p12 duplication(40,764,741–41,970,142)']	GENO:0000137	unknown zygosity	[]	[]	HANCESTRO:0852	Middle Eastern population	GAZ:00005279	Saudi Arabia	['HP:0001249']	['Intellectual disability']	[]	[]	['NC_000009.12:g.40764741_41970142dup']	[]	GENO:0000137
PAVS1272	Neuroregression|Global developmental delay|	ARSA:NM_001085425.3:c.809T>C	https://pubmed.ncbi.nlm.nih.gov/34055681/		PAVS1272	[]	[]	['Neuroregression', 'Global developmental delay']	['ARSA']	['c.809T>C']	GENO:0000137	unknown zygosity	[]	[]	HANCESTRO:0852	Middle Eastern population	GAZ:00005279	Saudi Arabia	['HP:0001263', 'HP:0002376']	['Global developmental delay', 'Developmental regression']	[]	[]	['NM_001085425.3(ARSA):c.809T>C']	['410']	GENO:0000137
PAVS1273	Neuroregression|Global developmental delay|Generalized tonic-clonic seizure|Delayed myleination	EIF2B4:NM_001318965.1:c.1132C>T	https://pubmed.ncbi.nlm.nih.gov/34055681/		PAVS1273	[]	[]	['Neuroregression', 'Global developmental delay', 'Generalized tonic-clonic seizure', 'Delayed myleination']	['EIF2B4']	['c.1132C>T']	GENO:0000137	unknown zygosity	[]	[]	HANCESTRO:0852	Middle Eastern population	GAZ:00005279	Saudi Arabia	['HP:0001263', 'HP:0002069', 'HP:0002376', 'HP:0012448']	['Global developmental delay', 'Bilateral tonic-clonic seizure', 'Developmental regression', 'Delayed myelination']	[]	[]	['NM_001318965.1(EIF2B4):c.1132C>T']	['8890']	GENO:0000137
PAVS1274	Neuroregression|Global developmental delay|Bilateral supratentorial confluent white matter	EIF2B2:NM_014239.4:c.591C>G	https://pubmed.ncbi.nlm.nih.gov/34055681/		PAVS1274	[]	[]	['Neuroregression', 'Global developmental delay', 'Bilateral supratentorial confluent white matter']	['EIF2B2']	['c.591C>G']	GENO:0000137	unknown zygosity	[]	[]	HANCESTRO:0852	Middle Eastern population	GAZ:00005279	Saudi Arabia	['HP:0001263', 'HP:0002376', 'HP:0012832']	['Global developmental delay', 'Developmental regression', 'Bilateral']	[]	[]	['NM_014239.4(EIF2B2):c.591C>G']	['8892']	GENO:0000137
PAVS1275	Global developmental delay|Focal seizure	PEX13:NM_002618.3:c.1A>G	https://pubmed.ncbi.nlm.nih.gov/34055681/		PAVS1275	[]	[]	['Global developmental delay', 'Focal seizure']	['PEX13']	['c.1A>G']	GENO:0000137	unknown zygosity	[]	[]	HANCESTRO:0852	Middle Eastern population	GAZ:00005279	Saudi Arabia	['HP:0001263', 'HP:0007359']	['Global developmental delay', 'Focal-onset seizure']	[]	[]	['NM_002618.3(PEX13):c.1A>G']	['5194']	GENO:0000137
PAVS1276	Neuroregression|Global developmental delay|	PEX16:NM_057174.2,:c.113-1G>C	https://pubmed.ncbi.nlm.nih.gov/34055681/		PAVS1276	[]	[]	['Neuroregression', 'Global developmental delay']	['PEX16']	['c.113-1G>C']	GENO:0000137	unknown zygosity	[]	[]	HANCESTRO:0852	Middle Eastern population	GAZ:00005279	Saudi Arabia	['HP:0001263', 'HP:0002376']	['Global developmental delay', 'Developmental regression']	[]	[]	['NM_057174.2,(PEX16):c.113-1G>C']	['9409']	GENO:0000137
PAVS1277	Global developmental delay|Focal seizure	PEX6:NM_000287.3:c.1931G>A	https://pubmed.ncbi.nlm.nih.gov/34055681/		PAVS1277	[]	[]	['Global developmental delay', 'Focal seizure']	['PEX6']	['c.1931G>A']	GENO:0000137	unknown zygosity	[]	[]	HANCESTRO:0852	Middle Eastern population	GAZ:00005279	Saudi Arabia	['HP:0001263', 'HP:0007359']	['Global developmental delay', 'Focal-onset seizure']	[]	[]	['NM_000287.3(PEX6):c.1931G>A']	['5190']	GENO:0000137
PAVS1278	Global developmental delay	RNASEH2A:NM_006397.3:c.202T>G	https://pubmed.ncbi.nlm.nih.gov/34055681/		PAVS1278	[]	[]	['Global developmental delay']	['RNASEH2A']	['c.202T>G']	GENO:0000137	unknown zygosity	[]	[]	HANCESTRO:0852	Middle Eastern population	GAZ:00005279	Saudi Arabia	['HP:0001263']	['Global developmental delay']	[]	[]	['NM_006397.3(RNASEH2A):c.202T>G']	['10535']	GENO:0000137
PAVS1279	Global developmental delay|Generalized tonic-clonic seizure	RNASEH2C:NM_032193.4:c.202C>G	https://pubmed.ncbi.nlm.nih.gov/34055681/		PAVS1279	[]	[]	['Global developmental delay', 'Generalized tonic-clonic seizure']	['RNASEH2C']	['c.202C>G']	GENO:0000137	unknown zygosity	[]	[]	HANCESTRO:0852	Middle Eastern population	GAZ:00005279	Saudi Arabia	['HP:0001263', 'HP:0002069']	['Global developmental delay', 'Bilateral tonic-clonic seizure']	[]	[]	['NM_032193.4(RNASEH2C):c.202C>G']	['84153']	GENO:0000137
PAVS1280	Neuroregression|Global developmental delay|	IFIH1:NM_022168.4:c.1850T>C	https://pubmed.ncbi.nlm.nih.gov/34055681/		PAVS1280	[]	[]	['Neuroregression', 'Global developmental delay']	['IFIH1']	['c.1850T>C']	GENO:0000137	unknown zygosity	[]	[]	HANCESTRO:0852	Middle Eastern population	GAZ:00005279	Saudi Arabia	['HP:0001263', 'HP:0002376']	['Global developmental delay', 'Developmental regression']	[]	[]	['NM_022168.4(IFIH1):c.1850T>C']	['64135']	GENO:0000137
PAVS1281	Neuroregression|Global developmental delay	GALC:NM_001201402.1:c.1886C>G	https://pubmed.ncbi.nlm.nih.gov/34055681/		PAVS1281	[]	[]	['Neuroregression', 'Global developmental delay']	['GALC']	['c.1886C>G']	GENO:0000137	unknown zygosity	[]	[]	HANCESTRO:0852	Middle Eastern population	GAZ:00005279	Saudi Arabia	['HP:0001263', 'HP:0002376']	['Global developmental delay', 'Developmental regression']	[]	[]	['NM_001201402.1(GALC):c.1886C>G']	['2581']	GENO:0000137
PAVS1282	Global developmental delay	GJC2:NM_020435.4:c.107delT	https://pubmed.ncbi.nlm.nih.gov/34055681/		PAVS1282	[]	[]	['Global developmental delay']	['GJC2']	['c.107delT']	GENO:0000137	unknown zygosity	[]	[]	HANCESTRO:0852	Middle Eastern population	GAZ:00005279	Saudi Arabia	['HP:0001263']	['Global developmental delay']	[]	[]	['NM_020435.4(GJC2):c.107delT']	['57165']	GENO:0000137
PAVS1283	Global developmental delay	MLC1:NM_139202.3:c.686_687delCAinsAG	https://pubmed.ncbi.nlm.nih.gov/34055681/		PAVS1283	[]	[]	['Global developmental delay']	['MLC1']	['c.686_687delCAinsAG']	GENO:0000137	unknown zygosity	[]	[]	HANCESTRO:0852	Middle Eastern population	GAZ:00005279	Saudi Arabia	['HP:0001263']	['Global developmental delay']	[]	[]	['NM_139202.3(MLC1):c.686_687delCAinsAG']	['23209']	GENO:0000137
PAVS1284	Global developmental delay|Focal seizure	HEPACAM:NM_152722.5:c.416T>C|HEPACAM:NM_152722.5:c.949-2A>G	https://pubmed.ncbi.nlm.nih.gov/34055681/		PAVS1284	[]	[]	['Global developmental delay', 'Focal seizure']	['HEPACAM']	['c.416T>C|HEPACAM']	GENO:0000137	unknown zygosity	[]	[]	HANCESTRO:0852	Middle Eastern population	GAZ:00005279	Saudi Arabia	['HP:0001263', 'HP:0007359']	['Global developmental delay', 'Focal-onset seizure']	[]	[]	['NM_152722.5(HEPACAM):c.416T>C|HEPACAM']	['220296']	GENO:0000137
PAVS1285	Neuroregression|Global developmental delay|Generalized tonic-clonic seizure	ASPA:NM_000049.4:c.312_313delCA	https://pubmed.ncbi.nlm.nih.gov/34055681/		PAVS1285	[]	[]	['Neuroregression', 'Global developmental delay', 'Generalized tonic-clonic seizure']	['ASPA']	['c.312_313delCA']	GENO:0000137	unknown zygosity	[]	[]	HANCESTRO:0852	Middle Eastern population	GAZ:00005279	Saudi Arabia	['HP:0001263', 'HP:0002069', 'HP:0002376']	['Global developmental delay', 'Bilateral tonic-clonic seizure', 'Developmental regression']	[]	[]	['NM_000049.4(ASPA):c.312_313delCA']	['443']	GENO:0000137
PAVS1286	Neuroregression|Global developmental delay|Focal seizure	ABCD1:NM_000033.4:c.542A>G	https://pubmed.ncbi.nlm.nih.gov/34055681/		PAVS1286	[]	[]	['Neuroregression', 'Global developmental delay', 'Focal seizure']	['ABCD1']	['c.542A>G']	GENO:0000137	unknown zygosity	[]	[]	HANCESTRO:0852	Middle Eastern population	GAZ:00005279	Saudi Arabia	['HP:0001263', 'HP:0002376', 'HP:0007359']	['Global developmental delay', 'Developmental regression', 'Focal-onset seizure']	[]	[]	['NM_000033.4(ABCD1):c.542A>G']	['215']	GENO:0000137
PAVS1287	Global developmental delay	SLC17A5:NM_012434.5:c.406A>G	https://pubmed.ncbi.nlm.nih.gov/34055681/		PAVS1287	[]	[]	['Global developmental delay']	['SLC17A5']	['c.406A>G']	GENO:0000137	unknown zygosity	[]	[]	HANCESTRO:0852	Middle Eastern population	GAZ:00005279	Saudi Arabia	['HP:0001263']	['Global developmental delay']	[]	[]	['NM_012434.5(SLC17A5):c.406A>G']	['26503']	GENO:0000137
PAVS1288	Global developmental delay|Myclonic seizure	SLC17A5:NM_012434.5:c.116G>A	https://pubmed.ncbi.nlm.nih.gov/34055681/		PAVS1288	[]	[]	['Global developmental delay', 'Myclonic seizure']	['SLC17A5']	['c.116G>A']	GENO:0000137	unknown zygosity	[]	[]	HANCESTRO:0852	Middle Eastern population	GAZ:00005279	Saudi Arabia	['HP:0001263', 'HP:0032794']	['Global developmental delay', 'Myoclonic seizure']	[]	[]	['NM_012434.5(SLC17A5):c.116G>A']	['26503']	GENO:0000137
PAVS1289	Global developmental delay	GJA1:NM_000165.4:c.125A>G	https://pubmed.ncbi.nlm.nih.gov/34055681/		PAVS1289	[]	[]	['Global developmental delay']	['GJA1']	['c.125A>G']	GENO:0000137	unknown zygosity	[]	[]	HANCESTRO:0852	Middle Eastern population	GAZ:00005279	Saudi Arabia	['HP:0001263']	['Global developmental delay']	[]	[]	['NM_000165.4(GJA1):c.125A>G']	['2697']	GENO:0000137
PAVS1290	Neuroregression|Global developmental delay|	ARSA:NM_001085425.3:c.1108-2A>G	https://pubmed.ncbi.nlm.nih.gov/34055681/		PAVS1290	[]	[]	['Neuroregression', 'Global developmental delay']	['ARSA']	['c.1108-2A>G']	GENO:0000137	unknown zygosity	[]	[]	HANCESTRO:0852	Middle Eastern population	GAZ:00005279	Saudi Arabia	['HP:0001263', 'HP:0002376']	['Global developmental delay', 'Developmental regression']	[]	[]	['NM_001085425.3(ARSA):c.1108-2A>G']	['410']	GENO:0000137
PAVS1291	Neuroregression|Global developmental delay|	ARSA:NM_001085425.3:c.883G>A	https://pubmed.ncbi.nlm.nih.gov/34055681/		PAVS1291	[]	[]	['Neuroregression', 'Global developmental delay']	['ARSA']	['c.883G>A']	GENO:0000137	unknown zygosity	[]	[]	HANCESTRO:0852	Middle Eastern population	GAZ:00005279	Saudi Arabia	['HP:0001263', 'HP:0002376']	['Global developmental delay', 'Developmental regression']	[]	[]	['NM_001085425.3(ARSA):c.883G>A']	['410']	GENO:0000137
PAVS1292	Neuroregression|Global developmental delay|Generalized tonic-clonic seizure	PSAP:NM_002778.4:c.722G>C	https://pubmed.ncbi.nlm.nih.gov/34055681/		PAVS1292	[]	[]	['Neuroregression', 'Global developmental delay', 'Generalized tonic-clonic seizure']	['PSAP']	['c.722G>C']	GENO:0000137	unknown zygosity	[]	[]	HANCESTRO:0852	Middle Eastern population	GAZ:00005279	Saudi Arabia	['HP:0001263', 'HP:0002069', 'HP:0002376']	['Global developmental delay', 'Bilateral tonic-clonic seizure', 'Developmental regression']	[]	[]	['NM_002778.4(PSAP):c.722G>C']	['729238']	GENO:0000137
PAVS1293	Neuroregression|Global developmental delay|Focal seizure	EIF2B3:NM_020365.5:c.32G>T	https://pubmed.ncbi.nlm.nih.gov/34055681/		PAVS1293	[]	[]	['Neuroregression', 'Global developmental delay', 'Focal seizure']	['EIF2B3']	['c.32G>T']	GENO:0000137	unknown zygosity	[]	[]	HANCESTRO:0852	Middle Eastern population	GAZ:00005279	Saudi Arabia	['HP:0001263', 'HP:0002376', 'HP:0007359']	['Global developmental delay', 'Developmental regression', 'Focal-onset seizure']	[]	[]	['NM_020365.5(EIF2B3):c.32G>T']	['8891']	GENO:0000137
PAVS1294	Global developmental delay|Focal seizure	PEX1:NM_000466.3:c.2176C>T	https://pubmed.ncbi.nlm.nih.gov/34055681/		PAVS1294	[]	[]	['Global developmental delay', 'Focal seizure']	['PEX1']	['c.2176C>T']	GENO:0000137	unknown zygosity	[]	[]	HANCESTRO:0852	Middle Eastern population	GAZ:00005279	Saudi Arabia	['HP:0001263', 'HP:0007359']	['Global developmental delay', 'Focal-onset seizure']	[]	[]	['NM_000466.3(PEX1):c.2176C>T']	['339324']	GENO:0000137
PAVS1295	Global developmental delay|Focal seizure	HSD17B4:NM_000414.2:c.2207T>A	https://pubmed.ncbi.nlm.nih.gov/34055681/		PAVS1295	[]	[]	['Global developmental delay', 'Focal seizure']	['HSD17B4']	['c.2207T>A']	GENO:0000137	unknown zygosity	[]	[]	HANCESTRO:0852	Middle Eastern population	GAZ:00005279	Saudi Arabia	['HP:0001263', 'HP:0007359']	['Global developmental delay', 'Focal-onset seizure']	[]	[]	['NM_000414.2(HSD17B4):c.2207T>A']	['3295']	GENO:0000137
PAVS1296	Global developmental delay|myoclonic seizure	RNASEH2B:NM_024570.4:c.356A>G	https://pubmed.ncbi.nlm.nih.gov/34055681/		PAVS1296	[]	[]	['Global developmental delay', 'myoclonic seizure']	['RNASEH2B']	['c.356A>G']	GENO:0000137	unknown zygosity	[]	[]	HANCESTRO:0852	Middle Eastern population	GAZ:00005279	Saudi Arabia	['HP:0001263', 'HP:0032794']	['Global developmental delay', 'Myoclonic seizure']	[]	[]	['NM_024570.4(RNASEH2B):c.356A>G']	['79621']	GENO:0000137
PAVS1297	Global developmental delay	RNASEH2A:NM_006397.3:c.557G>A	https://pubmed.ncbi.nlm.nih.gov/34055681/		PAVS1297	[]	[]	['Global developmental delay']	['RNASEH2A']	['c.557G>A']	GENO:0000137	unknown zygosity	[]	[]	HANCESTRO:0852	Middle Eastern population	GAZ:00005279	Saudi Arabia	['HP:0001263']	['Global developmental delay']	[]	[]	['NM_006397.3(RNASEH2A):c.557G>A']	['10535']	GENO:0000137
PAVS1298	Global developmental delay|Generalized tonic-clonic seizure	SAMHD1:NM_015474.4:c.428G>A	https://pubmed.ncbi.nlm.nih.gov/34055681/		PAVS1298	[]	[]	['Global developmental delay', 'Generalized tonic-clonic seizure']	['SAMHD1']	['c.428G>A']	GENO:0000137	unknown zygosity	[]	[]	HANCESTRO:0852	Middle Eastern population	GAZ:00005279	Saudi Arabia	['HP:0001263', 'HP:0002069']	['Global developmental delay', 'Bilateral tonic-clonic seizure']	[]	[]	['NM_015474.4(SAMHD1):c.428G>A']	['25939']	GENO:0000137
PAVS1299	Abnormal diffused white matter.	TREX1:NM_130384.3:c.223G>A	https://pubmed.ncbi.nlm.nih.gov/34055681/		PAVS1299	[]	[]	['Abnormal diffused white matter.']	['TREX1']	['c.223G>A']	GENO:0000137	unknown zygosity	[]	[]	HANCESTRO:0852	Middle Eastern population	GAZ:00005279	Saudi Arabia	[]	[]	['OMIM:621152']	['Neurodevelopmental disorder with white matter abnormalities and gait disturbance']	['NM_130384.3(TREX1):c.223G>A']	['11277']	GENO:0000137
PAVS1300	Neuroregression|Global developmental delay	GALC:NM_000153.4:c.916G>A	https://pubmed.ncbi.nlm.nih.gov/34055681/		PAVS1300	[]	[]	['Neuroregression', 'Global developmental delay']	['GALC']	['c.916G>A']	GENO:0000137	unknown zygosity	[]	[]	HANCESTRO:0852	Middle Eastern population	GAZ:00005279	Saudi Arabia	['HP:0001263', 'HP:0002376']	['Global developmental delay', 'Developmental regression']	[]	[]	['NM_000153.4(GALC):c.916G>A']	['2581']	GENO:0000137
PAVS1301	Neuroregression|Global developmental delay	GALC:NM_000153.4:c.396G>A	https://pubmed.ncbi.nlm.nih.gov/34055681/		PAVS1301	[]	[]	['Neuroregression', 'Global developmental delay']	['GALC']	['c.396G>A']	GENO:0000137	unknown zygosity	[]	[]	HANCESTRO:0852	Middle Eastern population	GAZ:00005279	Saudi Arabia	['HP:0001263', 'HP:0002376']	['Global developmental delay', 'Developmental regression']	[]	[]	['NM_000153.4(GALC):c.396G>A']	['2581']	GENO:0000137
PAVS1302	Neuroregression|Global developmental delay	GALC:NM_000153.4:c.1685T>C	https://pubmed.ncbi.nlm.nih.gov/34055681/		PAVS1302	[]	[]	['Neuroregression', 'Global developmental delay']	['GALC']	['c.1685T>C']	GENO:0000137	unknown zygosity	[]	[]	HANCESTRO:0852	Middle Eastern population	GAZ:00005279	Saudi Arabia	['HP:0001263', 'HP:0002376']	['Global developmental delay', 'Developmental regression']	[]	[]	['NM_000153.4(GALC):c.1685T>C']	['2581']	GENO:0000137
PAVS1303	Global developmental delay	GJC2:NM_020435.4:c.1134_1144del	https://pubmed.ncbi.nlm.nih.gov/34055681/		PAVS1303	[]	[]	['Global developmental delay']	['GJC2']	['c.1134_1144del']	GENO:0000137	unknown zygosity	[]	[]	HANCESTRO:0852	Middle Eastern population	GAZ:00005279	Saudi Arabia	['HP:0001263']	['Global developmental delay']	[]	[]	['NM_020435.4(GJC2):c.1134_1144del']	['57165']	GENO:0000137
PAVS1304	Global developmental delay	MLC1:NM_139202.3:c.177+1G>T	https://pubmed.ncbi.nlm.nih.gov/34055681/		PAVS1304	[]	[]	['Global developmental delay']	['MLC1']	['c.177+1G>T']	GENO:0000137	unknown zygosity	[]	[]	HANCESTRO:0852	Middle Eastern population	GAZ:00005279	Saudi Arabia	['HP:0001263']	['Global developmental delay']	[]	[]	['NM_139202.3(MLC1):c.177+1G>T']	['23209']	GENO:0000137
PAVS1305	Focal seizure	GFAP:NM_002055.5:c.230A>G	https://pubmed.ncbi.nlm.nih.gov/34055681/		PAVS1305	[]	[]	['Focal seizure']	['GFAP']	['c.230A>G']	GENO:0000137	unknown zygosity	[]	[]	HANCESTRO:0852	Middle Eastern population	GAZ:00005279	Saudi Arabia	['HP:0007359']	['Focal-onset seizure']	[]	[]	['NM_002055.5(GFAP):c.230A>G']	['2670']	GENO:0000137
PAVS1306	Generalized tonic-clonic seizure	GFAP:NM_002055.5:c.715C>T	https://pubmed.ncbi.nlm.nih.gov/34055681/		PAVS1306	[]	[]	['Generalized tonic-clonic seizure']	['GFAP']	['c.715C>T']	GENO:0000137	unknown zygosity	[]	[]	HANCESTRO:0852	Middle Eastern population	GAZ:00005279	Saudi Arabia	['HP:0002069']	['Bilateral tonic-clonic seizure']	[]	[]	['NM_002055.5(GFAP):c.715C>T']	['2670']	GENO:0000137
PAVS1307	Global developmental delay	PLP1:NM_000533.5:c.115G>A	https://pubmed.ncbi.nlm.nih.gov/34055681/		PAVS1307	[]	[]	['Global developmental delay']	['PLP1']	['c.115G>A']	GENO:0000137	unknown zygosity	[]	[]	HANCESTRO:0852	Middle Eastern population	GAZ:00005279	Saudi Arabia	['HP:0001263']	['Global developmental delay']	[]	[]	['NM_000533.5(PLP1):c.115G>A']	['5354']	GENO:0000137
PAVS1308	creatine phosphatase abnormalities, hypotonia, muscle weakness, exercise intolerance/easy fatigue, vacuolar myopathy	RYR1:NM_001042723:exon97:c.14194C>T:p.R4732W	https://pubmed.ncbi.nlm.nih.gov/28600779/		PAVS1308	[]	[]	['creatine phosphatase abnormalities, hypotonia, muscle weakness, exercise intolerance/easy fatigue, vacuolar myopathy']	['RYR1']	['c.14194C>T']	GENO:0000137	unknown zygosity	[]	[]	HANCESTRO:0852	Middle Eastern population	GAZ:00005279	Saudi Arabia	['HP:0001324']	['Muscle weakness']	[]	[]	['NM_001042723(RYR1):c.14194C>T']	['6261']	GENO:0000137
PAVS1309	Global developmental delay, microcephaly, fine motor delay, gross motor delay, speech delay, intellectual disability, learning disability, brain atrophy, hypotonia hypertonia, spasticity.	ADAT3:NM_138422:exon2:c.430G>A:p.V144M	https://pubmed.ncbi.nlm.nih.gov/28600779/		PAVS1309	[]	[]	['Global developmental delay, microcephaly, fine motor delay, gross motor delay, speech delay, intellectual disability, learning disability, brain atrophy, hypotonia hypertonia, spasticity.']	['ADAT3']	['c.430G>A']	GENO:0000137	unknown zygosity	[]	[]	HANCESTRO:0852	Middle Eastern population	GAZ:00005279	Saudi Arabia	['HP:0001263']	['Global developmental delay']	[]	[]	['NM_138422(ADAT3):c.430G>A']	['113179']	GENO:0000137
PAVS1310	fine motor delay, gross motor delay, significant hypotonia, muscle weakness, myopathic facies with motor developmental delay,	LAMA2:NM_000426:exon26:c.3924+2T>C, Hom	https://pubmed.ncbi.nlm.nih.gov/28600779/		PAVS1310	[]	[]	['fine motor delay, gross motor delay, significant hypotonia, muscle weakness, myopathic facies with motor developmental delay,']	['LAMA2']	['c.3924+2T>C, Hom']	GENO:0000136	homozygous	[]	[]	HANCESTRO:0852	Middle Eastern population	GAZ:00005279	Saudi Arabia	['HP:0001263']	['Global developmental delay']	[]	[]	['NM_000426(LAMA2):c.3924+2T>C']	['3908']	GENO:0000136
PAVS1311	GSD type 1, bleeding tendency, hypoglycemia	G6PC:NM_000151:exon2:c.247C>T:p.R83C;GAA:NM_000152:exon2:c.266G>A:p.R89H			PAVS1311	[]	[]	['GSD type 1, bleeding tendency, hypoglycemia']	['G6PC']	['c.247C>T']	GENO:0000137	unknown zygosity	[]	[]	HANCESTRO:0852	Middle Eastern population	GAZ:00005279	Saudi Arabia	['HP:0001892']	['Abnormal bleeding']	[]	[]	['NM_000151(G6PC):c.247C>T', 'NM_000152(GAA):c.266G>A']	['2548', '2538']	GENO:0000137
PAVS1312	Global developmental delay, MRI (brain atrophy, white matter changes).	RNASEH2A:NM_006397:exon6:c.557G>A:p.R186Q	https://pubmed.ncbi.nlm.nih.gov/28600779/		PAVS1312	[]	[]	['Global developmental delay, MRI (brain atrophy, white matter changes).']	['RNASEH2A']	['c.557G>A']	GENO:0000137	unknown zygosity	[]	[]	HANCESTRO:0852	Middle Eastern population	GAZ:00005279	Saudi Arabia	['HP:0001263']	['Global developmental delay']	[]	[]	['NM_006397(RNASEH2A):c.557G>A']	['10535']	GENO:0000137
PAVS1313	Failure to thrive, global developmental delay, hiatus hernia, lung hypoplasia, congenital diaphragmatic hernia, low intestinal motility disorder, partial intestinal obstruction	COG6: chr13:40273614, deep intronic	https://pubmed.ncbi.nlm.nih.gov/28600779/		PAVS1313	[]	[]	['Failure to thrive, global developmental delay, hiatus hernia, lung hypoplasia, congenital diaphragmatic hernia, low intestinal motility disorder, partial intestinal obstruction']	[]	['COG6: chr13:40273614, deep intronic']	GENO:0000137	unknown zygosity	[]	[]	HANCESTRO:0852	Middle Eastern population	GAZ:00005279	Saudi Arabia	['HP:0000776']	['Congenital diaphragmatic hernia']	[]	[]	['COG6(NM_015655.3):c.100-?C>T']	['57511']	GENO:0000137
PAVS1314	dysmorphism	PYCR1: NM_006907:exon4:c.540+1G>A	https://pubmed.ncbi.nlm.nih.gov/28600779/		PAVS1314	[]	[]	['dysmorphism']	['PYCR1']	['c.540+1G>A']	GENO:0000137	unknown zygosity	[]	[]	HANCESTRO:0852	Middle Eastern population	GAZ:00005279	Saudi Arabia	[]	[]	[]	[]	[' NM_006907(PYCR1):c.540+1G>A']	['5831']	GENO:0000137
PAVS1315	Atrial septal defect, growth retardation/short stature, abnormal nails hypoplasia, club foot, micrognathia, short hands, hypotonia,	KIF7:NM_198525:exon17:c.3365C>G:p.S1122W	https://pubmed.ncbi.nlm.nih.gov/28600779/		PAVS1315	[]	[]	['Atrial septal defect, growth retardation/short stature, abnormal nails hypoplasia, club foot, micrognathia, short hands, hypotonia,']	['KIF7']	['c.3365C>G']	GENO:0000137	unknown zygosity	[]	[]	HANCESTRO:0852	Middle Eastern population	GAZ:00005279	Saudi Arabia	['HP:0001631']	['Atrial septal defect']	[]	[]	['NM_198525(KIF7):c.3365C>G']	['374654']	GENO:0000137
PAVS1316	Renal agenesis and congenital malformations	FANCA:NM_000135:exon11:c.964C>T:p.H322Y (het)	https://pubmed.ncbi.nlm.nih.gov/28600779/		PAVS1316	[]	[]	['Renal agenesis and congenital malformations']	['FANCA']	['c.964C>T']	GENO:0000135	heterozygous	[]	[]	HANCESTRO:0852	Middle Eastern population	GAZ:00005279	Saudi Arabia	['HP:0000104']	['Renal agenesis']	[]	[]	['NM_000135(FANCA):c.964C>T']	['2175']	GENO:0000135
PAVS1317	speech delay, ketosis, history of recent episodes of hypoglycemia and acidosis with elevated liver enzymes	DLD:NM_001289750:exon7:c.388G>T:p.G130C	https://pubmed.ncbi.nlm.nih.gov/28600779/		PAVS1317	[]	[]	['speech delay, ketosis, history of recent episodes of hypoglycemia and acidosis with elevated liver enzymes']	['DLD']	['c.388G>T']	GENO:0000137	unknown zygosity	[]	[]	HANCESTRO:0852	Middle Eastern population	GAZ:00005279	Saudi Arabia	['HP:0002910']	['Elevated circulating hepatic transaminase concentration']	[]	[]	['NM_001289750(DLD):c.388G>T']	['197257']	GENO:0000137
PAVS1318	periventricular leukomalacia, leukodystrophy, hypertonia, spasticity	CYP2U1:NM_183075:exon2:c.947A>T:p.D316V	https://pubmed.ncbi.nlm.nih.gov/28600779/		PAVS1318	[]	[]	['periventricular leukomalacia, leukodystrophy, hypertonia, spasticity']	['CYP2U1']	['c.947A>T']	GENO:0000137	unknown zygosity	[]	[]	HANCESTRO:0852	Middle Eastern population	GAZ:00005279	Saudi Arabia	['HP:0001257']	['Spasticity']	[]	[]	['NM_183075(CYP2U1):c.947A>T']	['113612']	GENO:0000137
PAVS1319	Retinal dystrophy	RDH12:NM_152443:exon4:c.139G>A:p.A47T	https://pubmed.ncbi.nlm.nih.gov/28600779/		PAVS1319	[]	[]	['Retinal dystrophy']	['RDH12']	['c.139G>A']	GENO:0000137	unknown zygosity	[]	[]	HANCESTRO:0852	Middle Eastern population	GAZ:00005279	Saudi Arabia	['HP:0000556']	['Retinal dystrophy']	[]	[]	['NM_152443(RDH12):c.139G>A']	['145226']	GENO:0000137
PAVS1320	fine motor delay, gross motor delay, hypotonia, Developmental dysplasia of the hip, otherwise baby is alert and follow objects	COL1A1:NM_000088:exon31:c.2050G>A:p.E684K	https://pubmed.ncbi.nlm.nih.gov/28600779/		PAVS1320	[]	[]	['fine motor delay, gross motor delay, hypotonia, Developmental dysplasia of the hip, otherwise baby is alert and follow objects']	['COL1A1']	['c.2050G>A']	GENO:0000137	unknown zygosity	[]	[]	HANCESTRO:0852	Middle Eastern population	GAZ:00005279	Saudi Arabia	['HP:0001385']	['Hip dysplasia']	[]	[]	['NM_000088(COL1A1):c.2050G>A']	['1277']	GENO:0000137
PAVS1321	Merosin deficiency	LAMA2: NM_000426:exon26:c.3924+2T>C	https://pubmed.ncbi.nlm.nih.gov/28600779/		PAVS1321	[]	[]	['Merosin deficiency']	['LAMA2']	['c.3924+2T>C']	GENO:0000137	unknown zygosity	[]	[]	HANCESTRO:0852	Middle Eastern population	GAZ:00005279	Saudi Arabia	[]	[]	[]	[]	[' NM_000426(LAMA2):c.3924+2T>C']	['3908']	GENO:0000137
PAVS1322	ventricular septal defect, significant hypotonia, hip dysfunction, appropriate cognitive development	SLC2A10:NM_030777:exon2:c.243C>G:p.S81R	https://pubmed.ncbi.nlm.nih.gov/28600779/		PAVS1322	[]	[]	['ventricular septal defect, significant hypotonia, hip dysfunction, appropriate cognitive development']	['SLC2A10']	['c.243C>G']	GENO:0000137	unknown zygosity	[]	[]	HANCESTRO:0852	Middle Eastern population	GAZ:00005279	Saudi Arabia	['HP:0001629']	['Ventricular septal defect']	[]	[]	['NM_030777(SLC2A10):c.243C>G']	['81031']	GENO:0000137
PAVS1323	Growth retardation/short stature, fine motor delay, ataxia since birth cognitive, hypertonia, nystagmus	GJC2:NM_020435:exon2:c.755A>G:p.H252R	https://pubmed.ncbi.nlm.nih.gov/28600779/		PAVS1323	[]	[]	['Growth retardation/short stature, fine motor delay, ataxia since birth cognitive, hypertonia, nystagmus']	['GJC2']	['c.755A>G']	GENO:0000137	unknown zygosity	[]	[]	HANCESTRO:0852	Middle Eastern population	GAZ:00005279	Saudi Arabia	[]	[]	['OMIM:618076']	['Neurodevelopmental disorder with spasticity and poor growth']	['NM_020435(GJC2):c.755A>G']	['57165']	GENO:0000137
PAVS1324	sever speech delay, intellectual disability, 2 siblings are affected	C12orf57:NM_001301837:exon1:c.1A>G:p.?	https://pubmed.ncbi.nlm.nih.gov/28600779/		PAVS1324	[]	[]	['sever speech delay, intellectual disability, 2 siblings are affected']	['C12orf57']	['c.1A>G']	GENO:0000137	unknown zygosity	[]	[]	HANCESTRO:0852	Middle Eastern population	GAZ:00005279	Saudi Arabia	['HP:0000750']	['Delayed speech and language development']	[]	[]	['NM_001301837(C12orf57):c.1A>G']	['113246']	GENO:0000137
PAVS1325	Fine/gross motor delay, learning disability, subcortical white matter disease, hypotonia, seizures	ALDH7A1:NM_001202404:exon12:c.1168G>C:p.E390Q	https://pubmed.ncbi.nlm.nih.gov/28600779/		PAVS1325	[]	[]	['Fine/gross motor delay, learning disability, subcortical white matter disease, hypotonia, seizures']	['ALDH7A1']	['c.1168G>C']	GENO:0000137	unknown zygosity	[]	[]	HANCESTRO:0852	Middle Eastern population	GAZ:00005279	Saudi Arabia	['HP:0002194']	['Delayed gross motor development']	[]	[]	['NM_001202404(ALDH7A1):c.1168G>C']	['501']	GENO:0000137
PAVS1326	Failure to thrive, Autism spectrum disorder, Autistic features, hypotonia, seizures, spasticity, intellectual disability, speech delay,	MECP2:NM_001110792:exon3:c.509C>T:p.T170M (het)	https://pubmed.ncbi.nlm.nih.gov/28600779/		PAVS1326	[]	[]	['Failure to thrive, Autism spectrum disorder, Autistic features, hypotonia, seizures, spasticity, intellectual disability, speech delay,']	['MECP2']	['c.509C>T']	GENO:0000135	heterozygous	[]	[]	HANCESTRO:0852	Middle Eastern population	GAZ:00005279	Saudi Arabia	['HP:0000729']	['Autistic behavior']	[]	[]	['NM_001110792(MECP2):c.509C>T']	['4204']	GENO:0000135
PAVS1327	Neurodegenerative disorder, microcephaly (not congenital), fine motor delay, gross motor delay, developmental regression, ataxia, seizure (atomic since Feb 2016), dysarthria. eye exam negative. Brain MRI: bilateral central white matter FLAIR/T2 hyperintensity cerebellar atrophy is noted with prominent folia and associated vermis atrophy last MRI 30/8/2016 no change. new symptoms: dysphagia to liquids	MFSD8:NM_152778:exon9:c.863+1G>A	https://pubmed.ncbi.nlm.nih.gov/28600779/		PAVS1327	[]	[]	['Neurodegenerative disorder, microcephaly (not congenital), fine motor delay, gross motor delay, developmental regression, ataxia, seizure (atomic since Feb 2016), dysarthria. eye exam negative. Brain MRI: bilateral central white matter FLAIR/T2 hyperintensity cerebellar atrophy is noted with prominent folia and associated vermis atrophy last MRI 30/8/2016 no change. new symptoms: dysphagia to liquids']	['MFSD8']	['c.863+1G>A']	GENO:0000137	unknown zygosity	[]	[]	HANCESTRO:0852	Middle Eastern population	GAZ:00005279	Saudi Arabia	[]	[]	['OMIM:618076']	['Neurodevelopmental disorder with spasticity and poor growth']	['NM_152778(MFSD8):c.863+1G>A']	['256471']	GENO:0000137
PAVS1328	Seizures, Retinitis pigmentosa, obesity,	RLBP1:NM_000326:exon8:c.773T>G:p.L258W/SYT9:NM_175733:exon7:c.1471C>T:p.R491X	https://pubmed.ncbi.nlm.nih.gov/28600779/		PAVS1328	[]	[]	['Seizures, Retinitis pigmentosa, obesity,']	['RLBP1']	['c.773T>G']	GENO:0000137	unknown zygosity	[]	[]	HANCESTRO:0852	Middle Eastern population	GAZ:00005279	Saudi Arabia	['HP:0001250']	['Seizure']	[]	[]	['NM_000326(RLBP1):c.773T>G']	['6017']	GENO:0000137
PAVS1329	Failure to thrive, gastrointestinal reflux, recurrent vomiting, chronic diarrhea- heavy diarrhea once ate other then milk?, asthma, long ears,  glucose galactose malabsorption, neutropenia,	SLC5A1:NM_001256314:exon7:c.384C>G:p.C128W	https://pubmed.ncbi.nlm.nih.gov/28600779/		PAVS1329	[]	[]	['Failure to thrive, gastrointestinal reflux, recurrent vomiting, chronic diarrhea- heavy diarrhea once ate other then milk?, asthma, long ears,  glucose galactose malabsorption, neutropenia,']	['SLC5A1']	['c.384C>G']	GENO:0000137	unknown zygosity	[]	[]	HANCESTRO:0852	Middle Eastern population	GAZ:00005279	Saudi Arabia	[]	[]	['OMIM:606824']	['Glucose/galactose malabsorption']	['NM_001256314(SLC5A1):c.384C>G']	['6523']	GENO:0000137
PAVS1330	growth retardation/short stature, gastroschisis/omphalocele, pyloric stenosis, tracheoesophageal fistula, delayed gastric emptying, eosinophilic esophagitis, gastrointestinal reflux, recurrent vomiting, chronic diarrhea, constipation, chronic intestinal pseudo-obstruction, Hirschsprung disease, hepatic failure, elevated transaminases, prematurity, cancer , liver cirrhosis or Wilson or PFIC	ABCB4:NM_018849:exon13:c.1560+3A>G	https://pubmed.ncbi.nlm.nih.gov/28600779/		PAVS1330	[]	[]	['growth retardation/short stature, gastroschisis/omphalocele, pyloric stenosis, tracheoesophageal fistula, delayed gastric emptying, eosinophilic esophagitis, gastrointestinal reflux, recurrent vomiting, chronic diarrhea, constipation, chronic intestinal pseudo-obstruction, Hirschsprung disease, hepatic failure, elevated transaminases, prematurity, cancer , liver cirrhosis or Wilson or PFIC']	['ABCB4']	['c.1560+3A>G']	GENO:0000137	unknown zygosity	[]	[]	HANCESTRO:0852	Middle Eastern population	GAZ:00005279	Saudi Arabia	[]	[]	[]	[]	['NM_018849(ABCB4):c.1560+3A>G']	['5244']	GENO:0000137
PAVS1331	Failure to thrive, growth retardation, Fine/ gross motor delay, speech delay, developmental delay, spasticity, stiff fingers in LF hand and stiff elbows, midface hypoplasia, skeletal dysplasia, Asthma	FBN1:NM_000138:exon42:c.5087A>G:p.Y1696C	https://pubmed.ncbi.nlm.nih.gov/28600779/		PAVS1331	[]	[]	['Failure to thrive, growth retardation, Fine/ gross motor delay, speech delay, developmental delay, spasticity, stiff fingers in LF hand and stiff elbows, midface hypoplasia, skeletal dysplasia, Asthma']	['FBN1']	['c.5087A>G']	GENO:0000137	unknown zygosity	[]	[]	HANCESTRO:0852	Middle Eastern population	GAZ:00005279	Saudi Arabia	[]	[]	['OMIM:618076']	['Neurodevelopmental disorder with spasticity and poor growth']	['NM_000138(FBN1):c.5087A>G']	['2200']	GENO:0000137
PAVS1332	Microcephaly, Fine/ gross motor delay, speech delay, intellectual disability, Facial dysmorphism, dilated ventricles brain atrophy, hypertonia, spasticity, Prematurity, Intrautrine growth retardation	RNASEH2B:NM_001142279:exon5:c.356A>G:p.D119G	https://pubmed.ncbi.nlm.nih.gov/28600779/		PAVS1332	[]	[]	['Microcephaly, Fine/ gross motor delay, speech delay, intellectual disability, Facial dysmorphism, dilated ventricles brain atrophy, hypertonia, spasticity, Prematurity, Intrautrine growth retardation']	['RNASEH2B']	['c.356A>G']	GENO:0000137	unknown zygosity	[]	[]	HANCESTRO:0852	Middle Eastern population	GAZ:00005279	Saudi Arabia	[]	[]	['OMIM:618076']	['Neurodevelopmental disorder with spasticity and poor growth']	['NM_001142279(RNASEH2B):c.356A>G']	['79621']	GENO:0000137
PAVS1333	overgrowth, microcephaly, fine/gross motor delay, speech delay, hypotonia, muscle weakness,	PAH:NM_000277:exon11:c.1066-11G>A (hom)	https://pubmed.ncbi.nlm.nih.gov/28600779/		PAVS1333	[]	[]	['overgrowth, microcephaly, fine/gross motor delay, speech delay, hypotonia, muscle weakness,']	['PAH']	['c.1066-11G>A (hom)']	GENO:0000136	homozygous	[]	[]	HANCESTRO:0852	Middle Eastern population	GAZ:00005279	Saudi Arabia	['HP:0000252']	['Microcephaly']	[]	[]	['NM_000277(PAH):c.1066-11G>A']	['5053']	GENO:0000136
PAVS1334	Failure to thrive, itching, elevated transaminases, Progressive familial intrahepatic cholestasis	ABCB4:NM_000443:exon6:c.526C>T:p.R176W	https://pubmed.ncbi.nlm.nih.gov/28600779/		PAVS1334	[]	[]	['Failure to thrive, itching, elevated transaminases, Progressive familial intrahepatic cholestasis']	['ABCB4']	['c.526C>T']	GENO:0000137	unknown zygosity	[]	[]	HANCESTRO:0852	Middle Eastern population	GAZ:00005279	Saudi Arabia	[]	[]	['ORPHA:172']	['Progressive familial intrahepatic cholestasis']	['NM_000443(ABCB4):c.526C>T']	['5244']	GENO:0000137
PAVS1335	mild contractures, club feet, failure to thrive, growth retardation/short stature, microcephaly, fine/gross motor delay, hypotonia, mild spasticity, muscle weakness	COL6A2:NM_058175:exon15:c.1332+2T>C (HOM)	https://pubmed.ncbi.nlm.nih.gov/28600779/		PAVS1335	[]	[]	['mild contractures, club feet, failure to thrive, growth retardation/short stature, microcephaly, fine/gross motor delay, hypotonia, mild spasticity, muscle weakness']	['COL6A2']	['c.1332+2T>C (HOM)']	GENO:0000136	homozygous	[]	[]	HANCESTRO:0852	Middle Eastern population	GAZ:00005279	Saudi Arabia	[]	[]	['OMIM:618076']	['Neurodevelopmental disorder with spasticity and poor growth']	['NM_058175(COL6A2):c.1332+2T>C']	['1292']	GENO:0000136
PAVS1336	Elevated transaminases, pancytopenia,	GBA:NM_001171811:exon9:c.1187T>C:p.L396P	https://pubmed.ncbi.nlm.nih.gov/28600779/		PAVS1336	[]	[]	['Elevated transaminases, pancytopenia,']	['GBA']	['c.1187T>C']	GENO:0000137	unknown zygosity	[]	[]	HANCESTRO:0852	Middle Eastern population	GAZ:00005279	Saudi Arabia	['HP:0001876']	['Pancytopenia']	[]	[]	['NM_001171811(GBA):c.1187T>C']	['2629']	GENO:0000137
PAVS1337	Fine / Gross motor delay, Speech delay, hypertonia, polydactyly, Cornelia de Lange syndrome ?	MGAT2:NM_002408:exon1:c.711G>C:p.K237N	https://pubmed.ncbi.nlm.nih.gov/28600779/		PAVS1337	[]	[]	['Fine / Gross motor delay, Speech delay, hypertonia, polydactyly, Cornelia de Lange syndrome ?']	['MGAT2']	['c.711G>C']	GENO:0000137	unknown zygosity	[]	[]	HANCESTRO:0852	Middle Eastern population	GAZ:00005279	Saudi Arabia	[]	[]	['ORPHA:199']	['Cornelia de Lange syndrome']	['NM_002408(MGAT2):c.711G>C']	['80168']	GENO:0000137
PAVS1338	short long bones, Intrautrine growth retardation, Polyhydramnios, narrow chest,	CANT1:NM_138793:exon4:c.906_907insGCGCC:p.S303fs	https://pubmed.ncbi.nlm.nih.gov/28600779/		PAVS1338	[]	[]	['short long bones, Intrautrine growth retardation, Polyhydramnios, narrow chest,']	['CANT1']	['c.906_907insGCGCC']	GENO:0000137	unknown zygosity	[]	[]	HANCESTRO:0852	Middle Eastern population	GAZ:00005279	Saudi Arabia	['HP:0000774']	['Narrow chest']	[]	[]	['NM_138793(CANT1):c.906_907insGCGCC']	['124583']	GENO:0000137
PAVS1339	Congenital hypotonia, Seizure disorder	NDST1:NM_001543:exon3:c.985C>T:p.R329C	https://pubmed.ncbi.nlm.nih.gov/28600779/		PAVS1339	[]	[]	['Congenital hypotonia, Seizure disorder']	['NDST1']	['c.985C>T']	GENO:0000137	unknown zygosity	[]	[]	HANCESTRO:0852	Middle Eastern population	GAZ:00005279	Saudi Arabia	[]	[]	['OMIM:619383']	['Neurodevelopmental disorder with hypotonia, facial dysmorphism, and brain abnormalities']	['NM_001543(NDST1):c.985C>T']	['3340']	GENO:0000137
PAVS1340	Intractable epilepsy, autism, Global developmental delay	C12orf57:NM_001301837:exon1:c.1A>G:p.M1V,	https://pubmed.ncbi.nlm.nih.gov/28600779/		PAVS1340	[]	[]	['Intractable epilepsy, autism, Global developmental delay']	['C12orf57']	['c.1A>G']	GENO:0000137	unknown zygosity	[]	[]	HANCESTRO:0852	Middle Eastern population	GAZ:00005279	Saudi Arabia	['HP:0001250']	['Seizure']	[]	[]	['NM_001301837(C12orf57):c.1A>G']	['113246']	GENO:0000137
PAVS1341	Neuronal ceroid lipofuscinoses	MRE11A:NM_005590:exon7:c.630G>C:p.W210C	https://pubmed.ncbi.nlm.nih.gov/28600779/		PAVS1341	[]	[]	['Neuronal ceroid lipofuscinoses']	['MRE11A']	['c.630G>C']	GENO:0000137	unknown zygosity	[]	[]	HANCESTRO:0852	Middle Eastern population	GAZ:00005279	Saudi Arabia	['HP:0002074']	['Increased neuronal autofluorescent lipopigment']	[]	[]	['NM_005590(MRE11A):c.630G>C']	['4361']	GENO:0000137
PAVS1342	Roberts syndrome	ESCO2:NM_001017420:exon7:c.1132-7A>G	https://pubmed.ncbi.nlm.nih.gov/28600779/		PAVS1342	[]	[]	['Roberts syndrome']	['ESCO2']	['c.1132-7A>G']	GENO:0000137	unknown zygosity	[]	[]	HANCESTRO:0852	Middle Eastern population	GAZ:00005279	Saudi Arabia	[]	[]	['ORPHA:3103']	['Roberts syndrome']	['NM_001017420(ESCO2):c.1132-7A>G']	['157570']	GENO:0000137
PAVS1343	Spastic paraplegia	CYP2U1:uc011cfi.2:exon4:c.320A>T:p.D107V	https://pubmed.ncbi.nlm.nih.gov/28600779/		PAVS1343	[]	[]	['Spastic paraplegia']	['CYP2U1']	['c.320A>T']	GENO:0000137	unknown zygosity	[]	[]	HANCESTRO:0852	Middle Eastern population	GAZ:00005279	Saudi Arabia	['HP:0001258']	['Spastic paraplegia']	[]	[]	['uc011cfi.2(CYP2U1):c.320A>T']	['113612']	GENO:0000137
PAVS1344	seizures and Developmental delay	GABRD:NM_000815:exon8:c.875C>T:p.T292M	https://pubmed.ncbi.nlm.nih.gov/28600779/		PAVS1344	[]	[]	['seizures and Developmental delay']	['GABRD']	['c.875C>T']	GENO:0000137	unknown zygosity	[]	[]	HANCESTRO:0852	Middle Eastern population	GAZ:00005279	Saudi Arabia	['HP:0001250']	['Seizure']	[]	[]	['NM_000815(GABRD):c.875C>T']	['2563']	GENO:0000137
PAVS1345	Scoliosis, Muscle weakness, congenital, distal weakness , absent deep tendon reflexes, hammertoe, pes cavus?, CMT, 	PMP22:NM_153322:exon4:c.449G>T:p.G150V	https://pubmed.ncbi.nlm.nih.gov/28600779/		PAVS1345	[]	[]	['Scoliosis, Muscle weakness, congenital, distal weakness , absent deep tendon reflexes, hammertoe, pes cavus?, CMT,']	['PMP22']	['c.449G>T']	GENO:0000137	unknown zygosity	[]	[]	HANCESTRO:0852	Middle Eastern population	GAZ:00005279	Saudi Arabia	['HP:0001284']	['Areflexia']	[]	[]	['NM_153322(PMP22):c.449G>T']	['5827']	GENO:0000137
PAVS1346	central hypotonia, peripheral hypertonia, brisk reflexes and spasticity	CYP2U1:uc003hyp.3:exon2:c.947A>T:p.D316V,CYP2U	https://pubmed.ncbi.nlm.nih.gov/28600779/		PAVS1346	[]	[]	['central hypotonia, peripheral hypertonia, brisk reflexes and spasticity']	['CYP2U1']	['c.947A>T']	GENO:0000137	unknown zygosity	[]	[]	HANCESTRO:0852	Middle Eastern population	GAZ:00005279	Saudi Arabia	['HP:0001252']	['Hypotonia']	[]	[]	['uc003hyp.3(CYP2U1):c.947A>T']	['113612']	GENO:0000137
PAVS1347	Suspected hypoxic ischemic brain insult, Patent Ductus arterieosis, Pierre robin sequence	COX7A2L:NM_004718:exon2:c.130A>T:p.K44X	https://pubmed.ncbi.nlm.nih.gov/28600779/		PAVS1347	[]	[]	['Suspected hypoxic ischemic brain insult, Patent Ductus arterieosis, Pierre robin sequence']	['COX7A2L']	['c.130A>T']	GENO:0000137	unknown zygosity	[]	[]	HANCESTRO:0852	Middle Eastern population	GAZ:00005279	Saudi Arabia	['HP:0000201']	['Pierre-Robin sequence']	[]	[]	['NM_004718(COX7A2L):c.130A>T']	['9167']	GENO:0000137
PAVS1348	small eyes, unusual expressions, large mouth	HSPG2: NM_005529:exon82:c.11208-7G>A	https://pubmed.ncbi.nlm.nih.gov/28600779/		PAVS1348	[]	[]	['small eyes, unusual expressions, large mouth']	['HSPG2']	['c.11208-7G>A']	GENO:0000137	unknown zygosity	[]	[]	HANCESTRO:0852	Middle Eastern population	GAZ:00005279	Saudi Arabia	['HP:0000154']	['Wide mouth']	[]	[]	[' NM_005529(HSPG2):c.11208-7G>A']	['3339']	GENO:0000137
PAVS1349	fetal akinesia	NEB:NM_001271208:exon79:c.11806-1G>A	https://pubmed.ncbi.nlm.nih.gov/28600779/		PAVS1349	[]	[]	['fetal akinesia']	['NEB']	['c.11806-1G>A']	GENO:0000137	unknown zygosity	[]	[]	HANCESTRO:0852	Middle Eastern population	GAZ:00005279	Saudi Arabia	['HP:0001989']	['Fetal akinesia sequence']	[]	[]	['NM_001271208(NEB):c.11806-1G>A']	['4703']	GENO:0000137
PAVS1350	clubbing and clenching hand, empty stomach and severe polyhydramnios	BTBD9:NM_001172418:exon6:c.1015C>T:p.R339X	https://pubmed.ncbi.nlm.nih.gov/28600779/		PAVS1350	[]	[]	['clubbing and clenching hand, empty stomach and severe polyhydramnios']	['BTBD9']	['c.1015C>T']	GENO:0000137	unknown zygosity	[]	[]	HANCESTRO:0852	Middle Eastern population	GAZ:00005279	Saudi Arabia	['HP:0001561']	['Polyhydramnios']	[]	[]	['NM_001172418(BTBD9):c.1015C>T']	['114781']	GENO:0000137
PAVS1351	Abnormal  hair- blond, failure to thrive, growth retardation/short structure, speech delay, fine motor delay, brain atrophy, spasticity, Intrautrine growth retardation, low set ear micro	ADAT3:NM_138422:exon2:c.430G>A:p.V144M	https://pubmed.ncbi.nlm.nih.gov/28600779/		PAVS1351	[]	[]	['Abnormal  hair- blond, failure to thrive, growth retardation/short structure, speech delay, fine motor delay, brain atrophy, spasticity, Intrautrine growth retardation, low set ear micro']	['ADAT3']	['c.430G>A']	GENO:0000137	unknown zygosity	[]	[]	HANCESTRO:0852	Middle Eastern population	GAZ:00005279	Saudi Arabia	[]	[]	['OMIM:618076']	['Neurodevelopmental disorder with spasticity and poor growth']	['NM_138422(ADAT3):c.430G>A']	['113179']	GENO:0000137
PAVS1352	severe intellectual/ mental delay, autistic features, Hypotonia	C12orf57:NM_001301837:exon1:c.1A>G:p.M1V	https://pubmed.ncbi.nlm.nih.gov/28600779/		PAVS1352	[]	[]	['severe intellectual/ mental delay, autistic features, Hypotonia']	['C12orf57']	['c.1A>G']	GENO:0000137	unknown zygosity	[]	[]	HANCESTRO:0852	Middle Eastern population	GAZ:00005279	Saudi Arabia	['HP:0001252']	['Hypotonia']	[]	[]	['NM_001301837(C12orf57):c.1A>G']	['113246']	GENO:0000137
PAVS1353	Dysmorphic facies and Congenital heart defects 	PTPN11:NM_002834:exon13:c.1530G>T:p.Q510H	https://pubmed.ncbi.nlm.nih.gov/28600779/		PAVS1353	[]	[]	['Dysmorphic facies and Congenital heart defects']	['PTPN11']	['c.1530G>T']	GENO:0000137	unknown zygosity	[]	[]	HANCESTRO:0852	Middle Eastern population	GAZ:00005279	Saudi Arabia	['HP:0001627']	['Abnormal heart morphology']	[]	[]	['NM_002834(PTPN11):c.1530G>T']	['5781']	GENO:0000137
PAVS1354	Intellectual disability	ADAT3:NM_138422:exon2:c.430G>A:p.V144M	https://pubmed.ncbi.nlm.nih.gov/28600779/		PAVS1354	[]	[]	['Intellectual disability']	['ADAT3']	['c.430G>A']	GENO:0000137	unknown zygosity	[]	[]	HANCESTRO:0852	Middle Eastern population	GAZ:00005279	Saudi Arabia	['HP:0001249']	['Intellectual disability']	[]	[]	['NM_138422(ADAT3):c.430G>A']	['113179']	GENO:0000137
PAVS1355	short stature, spondyloepimetaphyseal dysplasia	RAB33B:NM_031296:exon1:c.136A>C:p.K46Q	https://pubmed.ncbi.nlm.nih.gov/28600779/		PAVS1355	[]	[]	['short stature, spondyloepimetaphyseal dysplasia']	['RAB33B']	['c.136A>C']	GENO:0000137	unknown zygosity	[]	[]	HANCESTRO:0852	Middle Eastern population	GAZ:00005279	Saudi Arabia	['HP:0002651']	['Spondyloepimetaphyseal dysplasia']	[]	[]	['NM_031296(RAB33B):c.136A>C']	['83452']	GENO:0000137
PAVS1356	Hypotonia	AHI1:NM_001134830:exon8:c.1328T>A:p.V443D	https://pubmed.ncbi.nlm.nih.gov/28600779/		PAVS1356	[]	[]	['Hypotonia']	['AHI1']	['c.1328T>A']	GENO:0000137	unknown zygosity	[]	[]	HANCESTRO:0852	Middle Eastern population	GAZ:00005279	Saudi Arabia	['HP:0001252']	['Hypotonia']	[]	[]	['NM_001134830(AHI1):c.1328T>A']	['54806']	GENO:0000137
PAVS1357	Developmental delay, lactic acidosis	FBXL4:NM_012160:exon8:c.1698A>G:p.I566M C19orf47:NM_001256440:exon7:c.602G>A:p.R201H	https://pubmed.ncbi.nlm.nih.gov/28600779/		PAVS1357	[]	[]	['Developmental delay, lactic acidosis']	['FBXL4']	['c.1698A>G']	GENO:0000137	unknown zygosity	[]	[]	HANCESTRO:0852	Middle Eastern population	GAZ:00005279	Saudi Arabia	['HP:0001263']	['Global developmental delay']	[]	[]	['NM_012160(FBXL4):c.1698A>G']	['26235']	GENO:0000137
PAVS1358	Severe lactic acidosis 	G6PD:NM_000402:exon6:c.653C>T:p.S218F,G6PD:NM_001042351:exon6:c.563C>T:p.S188F	https://pubmed.ncbi.nlm.nih.gov/28600779/		PAVS1358	[]	[]	['Severe lactic acidosis']	['G6PD']	['c.653C>T']	GENO:0000137	unknown zygosity	[]	[]	HANCESTRO:0852	Middle Eastern population	GAZ:00005279	Saudi Arabia	['HP:0004900']	['Severe lactic acidosis']	[]	[]	['NM_000402(G6PD):c.653C>T']	['2539']	GENO:0000137
PAVS1359	Failure to thrive, microcephaly, fine motor delay,  speech delay, agenesis of corpus callosum, lactic academia	FBXL4:NM_012160:exon8:c.1698A>G:p.I566M	https://pubmed.ncbi.nlm.nih.gov/28600779/		PAVS1359	[]	[]	['Failure to thrive, microcephaly, fine motor delay,  speech delay, agenesis of corpus callosum, lactic academia']	['FBXL4']	['c.1698A>G']	GENO:0000137	unknown zygosity	[]	[]	HANCESTRO:0852	Middle Eastern population	GAZ:00005279	Saudi Arabia	['HP:0001274']	['Agenesis of corpus callosum']	[]	[]	['NM_012160(FBXL4):c.1698A>G']	['26235']	GENO:0000137
PAVS1360	gross motor delay, speech delay, elevated alanine, immunodeficiency low IgG, hepatic failure, elevated transaminases, developmental delay	NBAS:NM_015909:exon40:c.4733_4734insCTA:p.Y1578delinsYY	https://pubmed.ncbi.nlm.nih.gov/28600779/		PAVS1360	[]	[]	['gross motor delay, speech delay, elevated alanine, immunodeficiency low IgG, hepatic failure, elevated transaminases, developmental delay']	['NBAS']	['c.4733_4734insCTA']	GENO:0000137	unknown zygosity	[]	[]	HANCESTRO:0852	Middle Eastern population	GAZ:00005279	Saudi Arabia	['HP:0001263']	['Global developmental delay']	[]	[]	['NM_015909(NBAS):c.4733_4734insCTA']	['51594']	GENO:0000137
PAVS1361	growth retardation/short stature,  fine motor delay, speech delay, developmental regression, cataracts, muscle weakness,	SIL1:NM_001037633:exon11:c.1030-9G>A	https://pubmed.ncbi.nlm.nih.gov/28600779/		PAVS1361	[]	[]	['growth retardation/short stature,  fine motor delay, speech delay, developmental regression, cataracts, muscle weakness,']	['SIL1']	['c.1030-9G>A']	GENO:0000137	unknown zygosity	[]	[]	HANCESTRO:0852	Middle Eastern population	GAZ:00005279	Saudi Arabia	[]	[]	['OMIM:618076']	['Neurodevelopmental disorder with spasticity and poor growth']	['NM_001037633(SIL1):c.1030-9G>A']	['64374']	GENO:0000137
PAVS1362	muscle weakness	RYR1:NM_001042723:exon97:c.14194C>T:p.R4732W	https://pubmed.ncbi.nlm.nih.gov/28600779/		PAVS1362	[]	[]	['muscle weakness']	['RYR1']	['c.14194C>T']	GENO:0000137	unknown zygosity	[]	[]	HANCESTRO:0852	Middle Eastern population	GAZ:00005279	Saudi Arabia	['HP:0001324']	['Muscle weakness']	[]	[]	['NM_001042723(RYR1):c.14194C>T']	['6261']	GENO:0000137
PAVS1363	fine motor delay, gross motor delay, speech delay, severe intellectual disability/MR, aggressive behavior	MECP2:NM_001110792:exon3:c.961C>T:p.R321W	https://pubmed.ncbi.nlm.nih.gov/28600779/		PAVS1363	[]	[]	['fine motor delay, gross motor delay, speech delay, severe intellectual disability/MR, aggressive behavior']	['MECP2']	['c.961C>T']	GENO:0000137	unknown zygosity	[]	[]	HANCESTRO:0852	Middle Eastern population	GAZ:00005279	Saudi Arabia	['HP:0000718']	['Aggressive behavior']	[]	[]	['NM_001110792(MECP2):c.961C>T']	['4204']	GENO:0000137
PAVS1364	sensory autonomic neuropathy, pain/temp sensory deficit	SCN9A:NM_002977:exon16:c.2687G>A:p.R896Q	https://pubmed.ncbi.nlm.nih.gov/28600779/		PAVS1364	[]	[]	['sensory autonomic neuropathy, pain/temp sensory deficit']	['SCN9A']	['c.2687G>A']	GENO:0000137	unknown zygosity	[]	[]	HANCESTRO:0852	Middle Eastern population	GAZ:00005279	Saudi Arabia	['HP:000763']	['Unknown']	[]	[]	['NM_002977(SCN9A):c.2687G>A']	['6335']	GENO:0000137
PAVS1365	hypotonia, muscle weakness	FKRP:NM_001039885:exon4:c.646C>G:p.R216G	https://pubmed.ncbi.nlm.nih.gov/28600779/		PAVS1365	[]	[]	['hypotonia, muscle weakness']	['FKRP']	['c.646C>G']	GENO:0000137	unknown zygosity	[]	[]	HANCESTRO:0852	Middle Eastern population	GAZ:00005279	Saudi Arabia	['HP:0001252']	['Hypotonia']	[]	[]	['NM_001039885(FKRP):c.646C>G']	['79147']	GENO:0000137
PAVS1366	Severe neonatal cholestasis with fluctuating  gamma-glutamyl transpeptidase	SMPD1:NM_000543:exon4:c.1267C>T:p.H423Y	https://pubmed.ncbi.nlm.nih.gov/28600779/		PAVS1366	[]	[]	['Severe neonatal cholestasis with fluctuating  gamma-glutamyl transpeptidase']	['SMPD1']	['c.1267C>T']	GENO:0000137	unknown zygosity	[]	[]	HANCESTRO:0852	Middle Eastern population	GAZ:00005279	Saudi Arabia	['HP:0001396']	['Cholestasis']	[]	[]	['NM_000543(SMPD1):c.1267C>T']	['6609']	GENO:0000137
PAVS1367	Chronic cholestasis, progressive liver failure, Failure to Thrive	ABCB4:NM_000443:exon5:c.296C>T:p.S99F	https://pubmed.ncbi.nlm.nih.gov/28600779/		PAVS1367	[]	[]	['Chronic cholestasis, progressive liver failure, Failure to Thrive']	['ABCB4']	['c.296C>T']	GENO:0000137	unknown zygosity	[]	[]	HANCESTRO:0852	Middle Eastern population	GAZ:00005279	Saudi Arabia	['HP:0001396']	['Cholestasis']	[]	[]	['NM_000443(ABCB4):c.296C>T']	['5244']	GENO:0000137
PAVS1368	neuroregression	CLN6:NM_017882:exon7:c.794_796del:p.265_266del	https://pubmed.ncbi.nlm.nih.gov/28600779/		PAVS1368	[]	[]	['neuroregression']	['CLN6']	['c.794_796del']	GENO:0000137	unknown zygosity	[]	[]	HANCESTRO:0852	Middle Eastern population	GAZ:00005279	Saudi Arabia	['HP:0002376']	['Developmental regression']	[]	[]	['NM_017882(CLN6):c.794_796del']	['54982']	GENO:0000137
PAVS1369	spasticity, spastic diplegia started to evolve in childhood	CYP2U1:NM_183075:exon2:c.947A>T:p.D316V	https://pubmed.ncbi.nlm.nih.gov/28600779/		PAVS1369	[]	[]	['spasticity, spastic diplegia started to evolve in childhood']	['CYP2U1']	['c.947A>T']	GENO:0000137	unknown zygosity	[]	[]	HANCESTRO:0852	Middle Eastern population	GAZ:00005279	Saudi Arabia	['HP:0001257']	['Spasticity']	[]	[]	['NM_183075(CYP2U1):c.947A>T']	['113612']	GENO:0000137
PAVS1370	direct hyperbilirubinemia, hyperthyroidism	ABCC2:NM_000392:exon18:c.2273G>T:p.G758V	https://pubmed.ncbi.nlm.nih.gov/28600779/		PAVS1370	[]	[]	['direct hyperbilirubinemia, hyperthyroidism']	['ABCC2']	['c.2273G>T']	GENO:0000137	unknown zygosity	[]	[]	HANCESTRO:0852	Middle Eastern population	GAZ:00005279	Saudi Arabia	['HP:0000836']	['Hyperthyroidism']	[]	[]	['NM_000392(ABCC2):c.2273G>T']	['1244']	GENO:0000137
PAVS1371	elevated transaminases, jaundice	ABCB4: NM_018849:exon14:c.1560+3A>G	https://pubmed.ncbi.nlm.nih.gov/28600779/		PAVS1371	[]	[]	['elevated transaminases, jaundice']	['ABCB4']	['c.1560+3A>G']	GENO:0000137	unknown zygosity	[]	[]	HANCESTRO:0852	Middle Eastern population	GAZ:00005279	Saudi Arabia	['HP:0000952']	['Jaundice']	[]	[]	[' NM_018849(ABCB4):c.1560+3A>G']	['5244']	GENO:0000137
PAVS1372	Fine/ gross motor delay, speech delay, severe hypotonia, muscle weakness, epilepsy, microcephaly, abnormal movement, visual impairment	GABRD:NM_000815:exon8:c.875C>T:p.T292M	https://pubmed.ncbi.nlm.nih.gov/28600779/		PAVS1372	[]	[]	['Fine/ gross motor delay, speech delay, severe hypotonia, muscle weakness, epilepsy, microcephaly, abnormal movement, visual impairment']	['GABRD']	['c.875C>T']	GENO:0000137	unknown zygosity	[]	[]	HANCESTRO:0852	Middle Eastern population	GAZ:00005279	Saudi Arabia	[]	[]	['OMIM:620066']	['Neurodevelopmental disorder with microcephaly, cerebral atrophy, and visual impairment']	['NM_000815(GABRD):c.875C>T']	['2563']	GENO:0000137
PAVS1373	Cholestatic jaundice (suspected PFIC)	ABCB4:NM_000443:exon23:c.2906G>A:p.R969H	https://pubmed.ncbi.nlm.nih.gov/28600779/		PAVS1373	[]	[]	['Cholestatic jaundice (suspected PFIC)']	['ABCB4']	['c.2906G>A']	GENO:0000137	unknown zygosity	[]	[]	HANCESTRO:0852	Middle Eastern population	GAZ:00005279	Saudi Arabia	['HP:0000952']	['Jaundice']	[]	[]	['NM_000443(ABCB4):c.2906G>A']	['5244']	GENO:0000137
PAVS1374	Very long-chain acyl-CoA dehydrogenase deficiency	ACADVL:NM_001033859:exon17:c.1633C>T:p.R545W	https://pubmed.ncbi.nlm.nih.gov/28600779/		PAVS1374	[]	[]	['Very long-chain acyl-CoA dehydrogenase deficiency']	['ACADVL']	['c.1633C>T']	GENO:0000137	unknown zygosity	[]	[]	HANCESTRO:0852	Middle Eastern population	GAZ:00005279	Saudi Arabia	[]	[]	['OMIM:201475']	['Very long-chain acyl-CoA dehydrogenase deficiency']	['NM_001033859(ACADVL):c.1633C>T']	['37']	GENO:0000137
PAVS1375	phenylketonuria, metabolic, hyperphenylalaninemia	PAH:NM_000277:exon8:c.898G>T:p.A300S  PAH:NM_000277:exon5:c.464G>A:p.R155H	https://pubmed.ncbi.nlm.nih.gov/28600779/		PAVS1375	[]	[]	['phenylketonuria, metabolic, hyperphenylalaninemia']	['PAH']	['c.898G>T']	GENO:0000137	unknown zygosity	[]	[]	HANCESTRO:0852	Middle Eastern population	GAZ:00005279	Saudi Arabia	[]	[]	['ORPHA:716']	['Phenylketonuria']	['NM_000277(PAH):c.898G>T']	['5053']	GENO:0000137
PAVS1376	Hydrops fetalis	GUSB:NM_001284290:exon7:c.991C>T:p.R331W	https://pubmed.ncbi.nlm.nih.gov/28600779/		PAVS1376	[]	[]	['Hydrops fetalis']	['GUSB']	['c.991C>T']	GENO:0000137	unknown zygosity	[]	[]	HANCESTRO:0852	Middle Eastern population	GAZ:00005279	Saudi Arabia	['HP:0001789']	['Hydrops fetalis']	[]	[]	['NM_001284290(GUSB):c.991C>T']	['2990']	GENO:0000137
PAVS1377	Developmental delay	BCKDHA:NM_000709:exon3:c.347A>G:p.D116G	https://pubmed.ncbi.nlm.nih.gov/28600779/		PAVS1377	[]	[]	['Developmental delay']	['BCKDHA']	['c.347A>G']	GENO:0000137	unknown zygosity	[]	[]	HANCESTRO:0852	Middle Eastern population	GAZ:00005279	Saudi Arabia	['HP:0001263']	['Global developmental delay']	[]	[]	['NM_000709(BCKDHA):c.347A>G']	['593']	GENO:0000137
PAVS1378	hyperammonemia with suspected argininosuccinic aciduria	ASL:NM_001024943:exon6:c.485A>G:p.Q162R	https://pubmed.ncbi.nlm.nih.gov/28600779/		PAVS1378	[]	[]	['hyperammonemia with suspected argininosuccinic aciduria']	['ASL']	['c.485A>G']	GENO:0000137	unknown zygosity	[]	[]	HANCESTRO:0852	Middle Eastern population	GAZ:00005279	Saudi Arabia	['HP:0001987']	['Hyperammonemia']	[]	[]	['NM_001024943(ASL):c.485A>G']	['435']	GENO:0000137
PAVS1379	Ventricular septal defect, failure to thrive, growth retardation/short stature, microcephaly, speech delay,	PTPN11:NM_002834:exon4:c.417G>C:p.E139D	https://pubmed.ncbi.nlm.nih.gov/28600779/		PAVS1379	[]	[]	['Ventricular septal defect, failure to thrive, growth retardation/short stature, microcephaly, speech delay,']	['PTPN11']	['c.417G>C']	GENO:0000137	unknown zygosity	[]	[]	HANCESTRO:0852	Middle Eastern population	GAZ:00005279	Saudi Arabia	['HP:0001508']	['Failure to thrive']	[]	[]	['NM_002834(PTPN11):c.417G>C']	['5781']	GENO:0000137
PAVS1380	hepatic failure	ABCB4:NM_018849:exon13:c.1560+3A>G	https://pubmed.ncbi.nlm.nih.gov/28600779/		PAVS1380	[]	[]	['hepatic failure']	['ABCB4']	['c.1560+3A>G']	GENO:0000137	unknown zygosity	[]	[]	HANCESTRO:0852	Middle Eastern population	GAZ:00005279	Saudi Arabia	['HP:0001399']	['Hepatic failure']	[]	[]	['NM_018849(ABCB4):c.1560+3A>G']	['5244']	GENO:0000137
PAVS1381	Schimke immuno-osseous dysplasia	SMARCAL1:NM_001127207:exon15:c.2290C>T:p.R764W	https://pubmed.ncbi.nlm.nih.gov/28600779/		PAVS1381	[]	[]	['Schimke immuno-osseous dysplasia']	['SMARCAL1']	['c.2290C>T']	GENO:0000137	unknown zygosity	[]	[]	HANCESTRO:0852	Middle Eastern population	GAZ:00005279	Saudi Arabia	[]	[]	['ORPHA:1830']	['Schimke immuno-osseous dysplasia']	['NM_001127207(SMARCAL1):c.2290C>T']	['50485']	GENO:0000137
PAVS1382	fine/gross motor delay, speech delay, intellectual disability|Mental retardation, hypertelorism of the eye, hypotonia, prematurity, lactic acidemia/high CSF lactate, 	FARS2:NM_006567:exon5:c.973G>A:p.D325N	https://pubmed.ncbi.nlm.nih.gov/28600779/		PAVS1382	[]	[]	['fine/gross motor delay, speech delay, intellectual disability', 'Mental retardation, hypertelorism of the eye, hypotonia, prematurity, lactic acidemia/high CSF lactate,']	['FARS2']	['c.973G>A']	GENO:0000137	unknown zygosity	[]	[]	HANCESTRO:0852	Middle Eastern population	GAZ:00005279	Saudi Arabia	['HP:0000316', 'HP:0000750']	['Hypertelorism', 'Delayed speech and language development']	[]	[]	['NM_006567(FARS2):c.973G>A']	['10667']	GENO:0000137
PAVS1383	elevated transaminases, itching, high liver enzymes and bile acids	ABCB4:NM_000443:exon6:c.526C>T:p.R176W	https://pubmed.ncbi.nlm.nih.gov/28600779/		PAVS1383	[]	[]	['elevated transaminases, itching, high liver enzymes and bile acids']	['ABCB4']	['c.526C>T']	GENO:0000137	unknown zygosity	[]	[]	HANCESTRO:0852	Middle Eastern population	GAZ:00005279	Saudi Arabia	['HP:0002910']	['Elevated circulating hepatic transaminase concentration']	[]	[]	['NM_000443(ABCB4):c.526C>T']	['5244']	GENO:0000137
PAVS1384	Hepatic failure, elevated transaminases, Cholestasis | high liver enzymes	ABCB11:NM_003742:exon8:c.677C>T:p.S226L	https://pubmed.ncbi.nlm.nih.gov/28600779/		PAVS1384	[]	[]	['Hepatic failure, elevated transaminases, Cholestasis', 'high liver enzymes']	['ABCB11']	['c.677C>T']	GENO:0000137	unknown zygosity	[]	[]	HANCESTRO:0852	Middle Eastern population	GAZ:00005279	Saudi Arabia	['HP:0001399', 'HP:0002910']	['Hepatic failure', 'Elevated circulating hepatic transaminase concentration']	[]	[]	['NM_003742(ABCB11):c.677C>T']	['8647']	GENO:0000137
PAVS1385	Severe eczema	TRAF3IP2:NM_001164283:exon4:c.200G>C:p.W67S	https://pubmed.ncbi.nlm.nih.gov/28600779/		PAVS1385	[]	[]	['Severe eczema']	['TRAF3IP2']	['c.200G>C']	GENO:0000137	unknown zygosity	[]	[]	HANCESTRO:0852	Middle Eastern population	GAZ:00005279	Saudi Arabia	['HP:0000964']	['Eczematoid dermatitis']	[]	[]	['NM_001164283(TRAF3IP2):c.200G>C']	['10758']	GENO:0000137
PAVS1386	central hypoventilation |Congenital central hypoventilation syndrome	PHOX2B:NM_003924:exon2:c.296G>T:p.R99L	https://pubmed.ncbi.nlm.nih.gov/28600779/		PAVS1386	[]	[]	['central hypoventilation', 'Congenital central hypoventilation syndrome']	['PHOX2B']	['c.296G>T']	GENO:0000137	unknown zygosity	[]	[]	HANCESTRO:0852	Middle Eastern population	GAZ:00005279	Saudi Arabia	['HP:0007110']	['Central hypoventilation']	['ORPHA:661']	['Congenital central hypoventilation syndrome']	['NM_003924(PHOX2B):c.296G>T']	['8929']	GENO:0000137
PAVS1387	methylmalonic acid	MUT:NM_000255:exon11:c.1820T>G:p.F607C	https://pubmed.ncbi.nlm.nih.gov/28600779/		PAVS1387	[]	[]	['methylmalonic acid']	['MUT']	['c.1820T>G']	GENO:0000137	unknown zygosity	[]	[]	HANCESTRO:0852	Middle Eastern population	GAZ:00005279	Saudi Arabia	['HP:0002912']	['Methylmalonic acidemia']	[]	[]	['NM_000255(MUT):c.1820T>G']	['4594']	GENO:0000137
PAVS1388	mild hepatomegaly|Glycogen storage disease type III 	PHKA2:NM_000292:exon9:c.884G>A:p.R295H	https://pubmed.ncbi.nlm.nih.gov/28600779/		PAVS1388	[]	[]	['mild hepatomegaly', 'Glycogen storage disease type III']	['PHKA2']	['c.884G>A']	GENO:0000137	unknown zygosity	[]	[]	HANCESTRO:0852	Middle Eastern population	GAZ:00005279	Saudi Arabia	['HP:0002240']	['Hepatomegaly']	['OMIM:232400']	['Glycogen storage disease III']	['NM_000292(PHKA2):c.884G>A']	['5256']	GENO:0000137
PAVS1389	high methylmalonic acid	MUT:NM_000255:exon11:c.1820T>G:p.F607C	https://pubmed.ncbi.nlm.nih.gov/28600779/		PAVS1389	[]	[]	['high methylmalonic acid']	['MUT']	['c.1820T>G']	GENO:0000137	unknown zygosity	[]	[]	HANCESTRO:0852	Middle Eastern population	GAZ:00005279	Saudi Arabia	[]	[]	['OMIM:614857']	['Methylmalonic aciduria and homocystinuria, Cblj type']	['NM_000255(MUT):c.1820T>G']	['4594']	GENO:0000137
PAVS1390	Fine motor delay, gross motor delay, speech delay, intellectual disability, end-stage renal disease, Hypotonia,	CEP290:NM_025114:exon41:c.5668G>T:p.G1890X	https://pubmed.ncbi.nlm.nih.gov/28600779/		PAVS1390	[]	[]	['Fine motor delay, gross motor delay, speech delay, intellectual disability, end-stage renal disease, Hypotonia,']	['CEP290']	['c.5668G>T']	GENO:0000137	unknown zygosity	[]	[]	HANCESTRO:0852	Middle Eastern population	GAZ:00005279	Saudi Arabia	['HP:0001249']	['Intellectual disability']	[]	[]	['NM_025114(CEP290):c.5668G>T']	['80184']	GENO:0000137
PAVS1391	Hemochromatosis	HAMP:NM_021175:exon3:c.232T>C:p.C78R	https://pubmed.ncbi.nlm.nih.gov/28600779/		PAVS1391	[]	[]	['Hemochromatosis']	['HAMP']	['c.232T>C']	GENO:0000137	unknown zygosity	[]	[]	HANCESTRO:0852	Middle Eastern population	GAZ:00005279	Saudi Arabia	[]	[]	['OMIM:235200']	['Hemochromatosis, type 1']	['NM_021175(HAMP):c.232T>C']	['57817']	GENO:0000137
PAVS1392	abnormal nails/onycholysis, ichthyosis, recurrent mucocutaneous candidiasis	IL17RA:NM_001289905:exon12:c.1472T>C:p.L491P	https://pubmed.ncbi.nlm.nih.gov/28600779/		PAVS1392	[]	[]	['abnormal nails/onycholysis, ichthyosis, recurrent mucocutaneous candidiasis']	['IL17RA']	['c.1472T>C']	GENO:0000137	unknown zygosity	[]	[]	HANCESTRO:0852	Middle Eastern population	GAZ:00005279	Saudi Arabia	['HP:0001806']	['Onycholysis']	[]	[]	['NM_001289905(IL17RA):c.1472T>C']	['23765']	GENO:0000137
PAVS1393	Suspected beta-keto-thiolase deficiency	ACAT1:NM_000019:exon5:c.410C>T:p.S137F	https://pubmed.ncbi.nlm.nih.gov/28600779/		PAVS1393	[]	[]	['Suspected beta-keto-thiolase deficiency']	['ACAT1']	['c.410C>T']	GENO:0000137	unknown zygosity	[]	[]	HANCESTRO:0852	Middle Eastern population	GAZ:00005279	Saudi Arabia	[]	[]	[]	[]	['NM_000019(ACAT1):c.410C>T']	['6646']	GENO:0000137
PAVS1394	inflammatory bowel disease	ITGB2:NM_000211:exon13:c.1756C>T:p.R586W	https://pubmed.ncbi.nlm.nih.gov/28600779/		PAVS1394	[]	[]	['inflammatory bowel disease']	['ITGB2']	['c.1756C>T']	GENO:0000137	unknown zygosity	[]	[]	HANCESTRO:0852	Middle Eastern population	GAZ:00005279	Saudi Arabia	['HP:0002037']	['Inflammation of the large intestine']	[]	[]	['NM_000211(ITGB2):c.1756C>T']	['3689']	GENO:0000137
PAVS1395	Epilepsy	GAMT:NM_000156:exon5:c.491G>T:p.G164V	https://pubmed.ncbi.nlm.nih.gov/28600779/		PAVS1395	[]	[]	['Epilepsy']	['GAMT']	['c.491G>T']	GENO:0000137	unknown zygosity	[]	[]	HANCESTRO:0852	Middle Eastern population	GAZ:00005279	Saudi Arabia	['HP:0001250']	['Seizure']	[]	[]	['NM_000156(GAMT):c.491G>T']	['2593']	GENO:0000137
PAVS1396	abetalipoproteinemia	MTTP:NM_001300785:exon13:c.1915G>C:p.G639R	https://pubmed.ncbi.nlm.nih.gov/28600779/		PAVS1396	[]	[]	['abetalipoproteinemia']	['MTTP']	['c.1915G>C']	GENO:0000137	unknown zygosity	[]	[]	HANCESTRO:0852	Middle Eastern population	GAZ:00005279	Saudi Arabia	['HP:0008181']	['Abetalipoproteinemia']	[]	[]	['NM_001300785(MTTP):c.1915G>C']	['4571']	GENO:0000137
PAVS1397	Suspected immunodeficiency	TNFRSF13B:NM_012452:exon4:c.515G>A:p.C172Y	https://pubmed.ncbi.nlm.nih.gov/28600779/		PAVS1397	[]	[]	['Suspected immunodeficiency']	['TNFRSF13B']	['c.515G>A']	GENO:0000137	unknown zygosity	[]	[]	HANCESTRO:0852	Middle Eastern population	GAZ:00005279	Saudi Arabia	['HP:0002721']	['Immunodeficiency']	[]	[]	['NM_012452(TNFRSF13B):c.515G>A']	['23495']	GENO:0000137
PAVS1398	abetalipoproteinemia	MTTP:NM_001300785:exon13:c.1915G>C:p.G639R	https://pubmed.ncbi.nlm.nih.gov/28600779/		PAVS1398	[]	[]	['abetalipoproteinemia']	['MTTP']	['c.1915G>C']	GENO:0000137	unknown zygosity	[]	[]	HANCESTRO:0852	Middle Eastern population	GAZ:00005279	Saudi Arabia	['HP:0008181']	['Abetalipoproteinemia']	[]	[]	['NM_001300785(MTTP):c.1915G>C']	['4571']	GENO:0000137
PAVS1399	Fine motor delay, gross motor delay, speech delay, intellectual disability, learning disability, facial dysmorphism (squint),  corpus callosum collapse, hydronephrosis	C12orf57:NM_001301837:exon1:c.1A>G:p.M1V	https://pubmed.ncbi.nlm.nih.gov/28600779/		PAVS1399	[]	[]	['Fine motor delay, gross motor delay, speech delay, intellectual disability, learning disability, facial dysmorphism (squint),  corpus callosum collapse, hydronephrosis']	['C12orf57']	['c.1A>G']	GENO:0000137	unknown zygosity	[]	[]	HANCESTRO:0852	Middle Eastern population	GAZ:00005279	Saudi Arabia	[]	[]	['OMIM:619383']	['Neurodevelopmental disorder with hypotonia, facial dysmorphism, and brain abnormalities']	['NM_001301837(C12orf57):c.1A>G']	['113246']	GENO:0000137
PAVS1400	Neuroregression	ISCA2:NM_194279:exon3:c.229G>A:p.G77S	https://pubmed.ncbi.nlm.nih.gov/28600779/		PAVS1400	[]	[]	['Neuroregression']	['ISCA2']	['c.229G>A']	GENO:0000137	unknown zygosity	[]	[]	HANCESTRO:0852	Middle Eastern population	GAZ:00005279	Saudi Arabia	['HP:0002376']	['Developmental regression']	[]	[]	['NM_194279(ISCA2):c.229G>A']	['122961']	GENO:0000137
PAVS1401	severe microcephaly, Fine/ gross motor delay, aggressive behavior, seizures, unilateral ocular hypoplasia CRT, cognitive blindness	SOS1:NM_005633:exon10:c.1490G>A:p.R497Q	https://pubmed.ncbi.nlm.nih.gov/28600779/		PAVS1401	[]	[]	['severe microcephaly, Fine/ gross motor delay, aggressive behavior, seizures, unilateral ocular hypoplasia CRT, cognitive blindness']	['SOS1']	['c.1490G>A']	GENO:0000137	unknown zygosity	[]	[]	HANCESTRO:0852	Middle Eastern population	GAZ:00005279	Saudi Arabia	['HP:0000718']	['Aggressive behavior']	[]	[]	['NM_005633(SOS1):c.1490G>A']	['6654']	GENO:0000137
PAVS1402	severe speech delay, intellectual disability, hypertelorism of eye, seizures, Facial dysmorphism |squint| high forehead, depressed nasal bridge). Girl is more sever than the boy.	ADAT3:NM_138422:exon2:c.430G>A:p.V144M	https://pubmed.ncbi.nlm.nih.gov/28600779/		PAVS1402	[]	[]	['severe speech delay, intellectual disability, hypertelorism of eye, seizures, Facial dysmorphism', 'squint', 'high forehead, depressed nasal bridge). Girl is more sever than the boy.']	['ADAT3']	['c.430G>A']	GENO:0000137	unknown zygosity	[]	[]	HANCESTRO:0852	Middle Eastern population	GAZ:00005279	Saudi Arabia	['HP:0000316', 'HP:0000348', 'HP:0000486']	['Hypertelorism', 'High forehead', 'Strabismus']	[]	[]	['NM_138422(ADAT3):c.430G>A']	['113179']	GENO:0000137
PAVS1403	fine/ gross motor delay, speech delay, intellectual disability, hypoketosis, metabolic acidosis, global developmental delay, lactate slightly elevated, MRI:mild calcification in basal ganglia	CA2:NM_000067:exon2:c.232+1G>A	https://pubmed.ncbi.nlm.nih.gov/28600779/		PAVS1403	[]	[]	['fine/ gross motor delay, speech delay, intellectual disability, hypoketosis, metabolic acidosis, global developmental delay, lactate slightly elevated, MRI:mild calcification in basal ganglia']	['CA2']	['c.232+1G>A']	GENO:0000137	unknown zygosity	[]	[]	HANCESTRO:0852	Middle Eastern population	GAZ:00005279	Saudi Arabia	['HP:0001263']	['Global developmental delay']	[]	[]	['NM_000067(CA2):c.232+1G>A']	['760']	GENO:0000137
PAVS1404	severe microcephaly, sever growth retardation |, contractures, microcephaly, hypertelorism of the eye, external ear malformation, high forehead, low set ears, thin upper lip, sparse hair, dwarfism	ESCO2: NM_001017420:exon7:c.1132-7A>G	https://pubmed.ncbi.nlm.nih.gov/28600779/		PAVS1404	[]	[]	['severe microcephaly, sever growth retardation', ', contractures, microcephaly, hypertelorism of the eye, external ear malformation, high forehead, low set ears, thin upper lip, sparse hair, dwarfism']	['ESCO2']	['c.1132-7A>G']	GENO:0000137	unknown zygosity	[]	[]	HANCESTRO:0852	Middle Eastern population	GAZ:00005279	Saudi Arabia	['HP:0000252', 'HP:0000356']	['Microcephaly', 'Abnormality of the outer ear']	[]	[]	[' NM_001017420(ESCO2):c.1132-7A>G']	['157570']	GENO:0000137
PAVS1405	cerebellar atrophy, cataracts, nystagmus,	SIL1: NM_001037633:exon11:c.1030-9G>A	https://pubmed.ncbi.nlm.nih.gov/28600779/		PAVS1405	[]	[]	['cerebellar atrophy, cataracts, nystagmus,']	['SIL1']	['c.1030-9G>A']	GENO:0000137	unknown zygosity	[]	[]	HANCESTRO:0852	Middle Eastern population	GAZ:00005279	Saudi Arabia	['HP:0000518']	['Cataract']	[]	[]	[' NM_001037633(SIL1):c.1030-9G>A']	['64374']	GENO:0000137
PAVS1406	Fine motor delay, gross motor delay, speech delay, Intellectual disability/ MR, Learning disability, developmental regression, hypotonia, tonic seizures, hypothyroidism,	KCNA2:NM_004974:exon3:c.1214C>T:p.P405L	https://pubmed.ncbi.nlm.nih.gov/28600779/		PAVS1406	[]	[]	['Fine motor delay, gross motor delay, speech delay, Intellectual disability/ MR, Learning disability, developmental regression, hypotonia, tonic seizures, hypothyroidism,']	['KCNA2']	['c.1214C>T']	GENO:0000137	unknown zygosity	[]	[]	HANCESTRO:0852	Middle Eastern population	GAZ:00005279	Saudi Arabia	['HP:0001249']	['Intellectual disability']	[]	[]	['NM_004974(KCNA2):c.1214C>T']	['3737']	GENO:0000137
PAVS1407	Microcephaly, speech delay, intellectual disability/MR,	KIF14:NM_001305792:exon23:c.2598G>A:p.? (splicing)	https://pubmed.ncbi.nlm.nih.gov/28600779/		PAVS1407	[]	[]	['Microcephaly, speech delay, intellectual disability/MR,']	['KIF14']	['c.2598G>A']	GENO:0000137	unknown zygosity	[]	[]	HANCESTRO:0852	Middle Eastern population	GAZ:00005279	Saudi Arabia	['HP:0000252']	['Microcephaly']	[]	[]	['NM_001305792(KIF14):c.2598G>A']	['9928']	GENO:0000137
PAVS1408	developmental delay, blindness,	C12orf57:NM_001301837:exon1:c.1A>G:p.M1V	https://pubmed.ncbi.nlm.nih.gov/28600779/		PAVS1408	[]	[]	['developmental delay, blindness,']	['C12orf57']	['c.1A>G']	GENO:0000137	unknown zygosity	[]	[]	HANCESTRO:0852	Middle Eastern population	GAZ:00005279	Saudi Arabia	['HP:0000618']	['Blindness']	[]	[]	['NM_001301837(C12orf57):c.1A>G']	['113246']	GENO:0000137
PAVS1409	Fine motor delay, microcephaly, gross motor delay, speech delay, developmental regression, hypotonia central, hypertonia peripheral?, leukodystrophy, blindness, constipation, nystagmus,	ISCA2:NM_194279:exon3:c.229G>A:p.G77S	https://pubmed.ncbi.nlm.nih.gov/28600779/		PAVS1409	[]	[]	['Fine motor delay, microcephaly, gross motor delay, speech delay, developmental regression, hypotonia central, hypertonia peripheral?, leukodystrophy, blindness, constipation, nystagmus,']	['ISCA2']	['c.229G>A']	GENO:0000137	unknown zygosity	[]	[]	HANCESTRO:0852	Middle Eastern population	GAZ:00005279	Saudi Arabia	['HP:0002376']	['Developmental regression']	[]	[]	['NM_194279(ISCA2):c.229G>A']	['122961']	GENO:0000137
PAVS1410	Fine motor delay, gross motor delay, speech delay, intellectual disability/MR, ataxia, cerebellar atrophy	ARMC9:NM_001291656:exon17:c.1559C>T:p.Pro522Leu	https://pubmed.ncbi.nlm.nih.gov/28600779/		PAVS1410	[]	[]	['Fine motor delay, gross motor delay, speech delay, intellectual disability/MR, ataxia, cerebellar atrophy']	['ARMC9']	['c.1559C>T']	GENO:0000137	unknown zygosity	[]	[]	HANCESTRO:0852	Middle Eastern population	GAZ:00005279	Saudi Arabia	['HP:0001249']	['Intellectual disability']	[]	[]	['NM_001291656(ARMC9):c.1559C>T']	['80210']	GENO:0000137
PAVS1411	Growth retardation, short stature,	GALNS:NM_000512:exon3:c.245C>T:p.S82L	id		PAVS1411	[]	[]	['Growth retardation, short stature,']	['GALNS']	['c.245C>T']	GENO:0000137	unknown zygosity	[]	[]	HANCESTRO:0852	Middle Eastern population	GAZ:00005279	Saudi Arabia	['HP:0001510']	['Growth delay']	[]	[]	['NM_000512(GALNS):c.245C>T']	['2588']	GENO:0000137
PAVS1412	muscle weakness,	TTN:NM_003319:exon154:c.58829C>T:p.P19610L	https://pubmed.ncbi.nlm.nih.gov/28600779/		PAVS1412	[]	[]	['muscle weakness,']	['TTN']	['c.58829C>T']	GENO:0000137	unknown zygosity	[]	[]	HANCESTRO:0852	Middle Eastern population	GAZ:00005279	Saudi Arabia	['HP:0001324']	['Muscle weakness']	[]	[]	['NM_003319(TTN):c.58829C>T']	['7276']	GENO:0000137
PAVS1413	Microcephaly, fine motor delay, gross motor delay, speech delay, intellectual disability/ MR, brain atrophy, neuroregression, seizure, white matter changes, optic atrophy	ISCA2:NM_194279:exon3:c.229G>A:p.G77S	https://pubmed.ncbi.nlm.nih.gov/28600779/		PAVS1413	[]	[]	['Microcephaly, fine motor delay, gross motor delay, speech delay, intellectual disability/ MR, brain atrophy, neuroregression, seizure, white matter changes, optic atrophy']	['ISCA2']	['c.229G>A']	GENO:0000137	unknown zygosity	[]	[]	HANCESTRO:0852	Middle Eastern population	GAZ:00005279	Saudi Arabia	['HP:0001249']	['Intellectual disability']	[]	[]	['NM_194279(ISCA2):c.229G>A']	['122961']	GENO:0000137
PAVS1414	Epilepsy, developmental delay, mother is pregnant	DNM1:uc022bnx.1:exon1:c.127G>A:p.G43S	https://pubmed.ncbi.nlm.nih.gov/28600779/		PAVS1414	[]	[]	['Epilepsy, developmental delay, mother is pregnant']	['DNM1']	['c.127G>A']	GENO:0000137	unknown zygosity	[]	[]	HANCESTRO:0852	Middle Eastern population	GAZ:00005279	Saudi Arabia	['HP:0001250']	['Seizure']	[]	[]	['uc022bnx.1(DNM1):c.127G>A']	['1759']	GENO:0000137
PAVS1415	Intellectual disability, ?precocious puberty	AKAP6:NM_004274:exon4:c.1874A>T:p.Y625F	https://pubmed.ncbi.nlm.nih.gov/28600779/		PAVS1415	[]	[]	['Intellectual disability, ?precocious puberty']	['AKAP6']	['c.1874A>T']	GENO:0000137	unknown zygosity	[]	[]	HANCESTRO:0852	Middle Eastern population	GAZ:00005279	Saudi Arabia	['HP:0001249']	['Intellectual disability']	[]	[]	['NM_004274(AKAP6):c.1874A>T']	['9472']	GENO:0000137
PAVS1416	Severe neonatal hypotonia	TPM2:NM_001301226:exon2:c.121G>A:p.E41K	https://pubmed.ncbi.nlm.nih.gov/28600779/		PAVS1416	[]	[]	['Severe neonatal hypotonia']	['TPM2']	['c.121G>A']	GENO:0000137	unknown zygosity	[]	[]	HANCESTRO:0852	Middle Eastern population	GAZ:00005279	Saudi Arabia	['HP:0001319']	['Neonatal hypotonia']	[]	[]	['NM_001301226(TPM2):c.121G>A']	['7169']	GENO:0000137
PAVS1417	Multiple congenital anomalis	PSAT1:NM_021154:exon4:c.233G>C:p.G78A	https://pubmed.ncbi.nlm.nih.gov/28600779/		PAVS1417	[]	[]	['Multiple congenital anomalis']	['PSAT1']	['c.233G>C']	GENO:0000137	unknown zygosity	[]	[]	HANCESTRO:0852	Middle Eastern population	GAZ:00005279	Saudi Arabia	[]	[]	[]	[]	['NM_021154(PSAT1):c.233G>C']	['29968']	GENO:0000137
PAVS1418	Charcot-Marie-Tooth	NEFL:NM_006158:exon1:c.293A>G:p.N98S	https://pubmed.ncbi.nlm.nih.gov/28600779/		PAVS1418	[]	[]	['Charcot-Marie-Tooth']	['NEFL']	['c.293A>G']	GENO:0000137	unknown zygosity	[]	[]	HANCESTRO:0852	Middle Eastern population	GAZ:00005279	Saudi Arabia	[]	[]	['OMIM:311070']	['Charcot-Marie-Tooth disease, X-linked recessive, 5']	['NM_006158(NEFL):c.293A>G']	['4747']	GENO:0000137
PAVS1419	failure to thrive, skeletal dysplasia, seizures, diabetes mellitus type I	EIF2AK3:NM_001313915:exon8:c.956C>G:p.S319X	https://pubmed.ncbi.nlm.nih.gov/28600779/		PAVS1419	[]	[]	['failure to thrive, skeletal dysplasia, seizures, diabetes mellitus type I']	['EIF2AK3']	['c.956C>G']	GENO:0000137	unknown zygosity	[]	[]	HANCESTRO:0852	Middle Eastern population	GAZ:00005279	Saudi Arabia	[]	[]	['OMIM:615220']	['Osteogenesis imperfecta, type XV']	['NM_001313915(EIF2AK3):c.956C>G']	['9451']	GENO:0000137
PAVS1420	Failure to thrive, microcephaly, fine motor delay, gross motor delay, speech delay, intellectual disability/MR, hypotonia, seizures - myoclonic, spasticity, prematurity, pneumonia, positive F/H of dandy walker malformation	AMPD2:NM_203404:exon12:c.1664G>A:p.R555H	https://pubmed.ncbi.nlm.nih.gov/28600779/		PAVS1420	[]	[]	['Failure to thrive, microcephaly, fine motor delay, gross motor delay, speech delay, intellectual disability/MR, hypotonia, seizures - myoclonic, spasticity, prematurity, pneumonia, positive F/H of dandy walker malformation']	['AMPD2']	['c.1664G>A']	GENO:0000137	unknown zygosity	[]	[]	HANCESTRO:0852	Middle Eastern population	GAZ:00005279	Saudi Arabia	[]	[]	['OMIM:619383']	['Neurodevelopmental disorder with hypotonia, facial dysmorphism, and brain abnormalities']	['NM_203404(AMPD2):c.1664G>A']	['271']	GENO:0000137
PAVS1421	Progressive muscle weakness and short stature	CHMP2B:NM_014043:exon2:c.85A>G:p.I29V	https://pubmed.ncbi.nlm.nih.gov/28600779/		PAVS1421	[]	[]	['Progressive muscle weakness and short stature']	['CHMP2B']	['c.85A>G']	GENO:0000137	unknown zygosity	[]	[]	HANCESTRO:0852	Middle Eastern population	GAZ:00005279	Saudi Arabia	['HP:0003323']	['Progressive muscle weakness']	[]	[]	['NM_014043(CHMP2B):c.85A>G']	['25978']	GENO:0000137
PAVS1422	Dysmorphic features, developmental delay, eye glasses and tube insertion?, siblings healthy, paternal cousin with DD and hearing loss, F/H of neonatal jaundice due to ABO incompatibility	SMARCA4:NM_001128845:exon18:c.2681C>T:p.T894M	https://pubmed.ncbi.nlm.nih.gov/28600779/		PAVS1422	[]	[]	['Dysmorphic features, developmental delay, eye glasses and tube insertion?, siblings healthy, paternal cousin with DD and hearing loss, F/H of neonatal jaundice due to ABO incompatibility']	['SMARCA4']	['c.2681C>T']	GENO:0000137	unknown zygosity	[]	[]	HANCESTRO:0852	Middle Eastern population	GAZ:00005279	Saudi Arabia	[]	[]	['OMIM:619354']	['Deafness, cataract, impaired intellectual development, and polyneuropathy']	['NM_001128845(SMARCA4):c.2681C>T']	['6597']	GENO:0000137
