ID	Sex	Age (years, months)	Gene(s)	Inheritance (if known)	Nucleotide Change	Protein Change	Clinical Snydrome	Ref 	HGVS Format	Unnamed: 10	Unnamed: 11	Unnamed: 12	Unnamed: 13	normalized_hpos	normalized_hpo_labels	normalized_variants_hgvs	normalized_genes_entrez	normalized_zygosity_geno	normalized_diseases	normalized_disease_labels	norm_sex
1.0	F	2y 11m	655Kb duplication at 16q24	unknown	16q24.1(86218116-86872832)x3dn		Pathogenic duplication	NM_002923.3	NM_002923.3:arr[hg19] 16q24.1(86218116-86872832)x3 dn	1	F	2y 11m	short gut rotation, malrotation, malabsorption, hyperparathyroidism, possible hypertension	['HP:0002566', 'HP:0002024', 'HP:0000843', 'HP:0000822']	['Intestinal malrotation', 'Malabsorption', 'Hyperparathyroidism', 'Hypertension']	['NM_002923.3:arr[hg19] 16q24.1(86218116-86872832)x3 dn']	['Unknown', 'Unknown', '2628', 'Unknown']	GENO:0000137	[]	[]	NCIT:C16576
2.0	M	2y 7m	ACO2	unknown	maternal: c.172C>T; paternal: c.590A>G	maternal: p.R58X; paternal: p.N197S	ACO2 related disorder	NM_001098.2	NM_001098.2:c.172C>T	2	M	2y 7m	seizures, GDD, FTT, acquired microcephaly, cerebral and cerebellar atrophy, blindness, severe hypotonia, epileptic envephalopathy, muscle atrophy	['HP:0001250', 'HP:0001263', 'HP:0001508', 'HP:0005484', 'HP:0002059', 'HP:0001272', 'HP:0000618', 'HP:0006829', 'HP:0200134', 'HP:0003202']	['Seizure', 'Global developmental delay', 'Failure to thrive', 'Secondary microcephaly', 'Cerebral atrophy', 'Cerebellar atrophy', 'Blindness', 'Severe muscular hypotonia', 'Epileptic encephalopathy', 'Skeletal muscle atrophy']	['NM_001098.2:c.172C>T']	['50']	GENO:0000137	['OMIM:618076']	['Neurodevelopmental disorder with spasticity and poor growth']	NCIT:C20197
3.0	F	15y 4m	ACVRL1 	het, paternal	c.598C>T	p.R200W	Hereditary Hemorrhagic Telangiectasia	NM_000020.2	NM_000020.2:c.598C>T	3	F	15y 4m	telangiectasias, epistaxis, clinical dx HHT	['HP:0001009', 'HP:0000421']	['Telangiectasia', 'Epistaxis']	['NM_000020.2:c.598C>T']	['94']	GENO:0000135	['ORPHA:774']	['Hereditary hemorrhagic telangiectasia']	NCIT:C16576
4.0	M	9y	ALS2 	homo	c.3415C>T	p.R1139*	IAHSP	NM_020919	NM_020919:c.3415C>T	4	M	9y	spastic diplegia, cerebral palsy. Precocious puberty, developmental delay, and advanced bone age	['HP:0001264', 'HP:0100021', 'HP:0000826', 'HP:0001263', 'HP:0005616']	['Spastic diplegia', 'Cerebral palsy', 'Precocious puberty', 'Global developmental delay', 'Accelerated skeletal maturation']	['NM_020919:c.3415C>T']	['57679']	GENO:0000136	[]	[]	NCIT:C20197
5.0	M	9y 11m	ARID1A 	het, de novo	c.1390C>T	p.Q464X	ARID1A het (Coffin-Siris)	NM_006015.4	NM_006015.4:c.1390C>T	5	M	9y 11m	dev delay, macular dystrophy, dysgenesis corpus callosum, dystrophic toenails	['HP:0001263', 'HP:0007754', 'HP:0006989', 'HP:0001810']	['Global developmental delay', 'Macular dystrophy', 'Dysplastic corpus callosum', 'Dystrophic toenail']	['NM_006015.4:c.1390C>T']	['8289']	GENO:0000135	['ORPHA:1465']	['Coffin-Siris syndrome']	NCIT:C20197
6.0	F	5y 7m	ARID1A 	de novo, mosaic	c.6666_6672delCTTTGAGins11	p.F2223HfsX6	Mosaic Coffin-siris syndrome	NM_006015.4	NM_006015.4:c.6666_6672delCTTTGAGins11	6	F	5y 7m	cyclic vomiting, GERD, brain anomalies, floating cyst in the right eye, tethered cord, and global developmental delays	['HP:0002013', 'HP:0002020', 'HP:0000238', 'HP:0002144', 'HP:0001263']	['Vomiting', 'Gastroesophageal reflux', 'Hydrocephalus', 'Tethered cord', 'Global developmental delay']	['NM_006015.4:c.6666_6672delCTTTGAGins11']	['8289']	GENO:0000137	['ORPHA:1465']	['Coffin-Siris syndrome']	NCIT:C16576
7.0	F	1y 11m	ARID1B 	het, de novo	c.5776C>T	p.R1926X	ARID1B nonsense - de novo, likely pathogenic (Coffin-Siris sx)	NM_020732.3	NM_020732.3:c.5776C>T	7	F	1y 11m	dev delay, hypotonia, preaxial polydactyly	['HP:0001263', 'HP:0001252', 'HP:0100258']	['Global developmental delay', 'Hypotonia', 'Preaxial polydactyly']	['NM_020732.3:c.5776C>T']	['57492']	GENO:0000135	[]	[]	NCIT:C16576
8.0	M	9y 10m	ARID1B 	het, de novo	c.3263C>G	p.S1088X	Coffin Siris syndrome, within ARID1B-related disorder	NM_020732.3	NM_020732.3:c.3263C>G	8	M	9y 10m	FTT, GDD, szrs, CAL macules, short stature	['HP:0001508', 'HP:0001263', 'HP:0000957', 'HP:0004322']	['Failure to thrive', 'Global developmental delay', 'Cafe-au-lait spot', 'Short stature']	['NM_020732.3:c.3263C>G']	['57492']	GENO:0000135	['ORPHA:1465']	['Coffin-Siris syndrome']	NCIT:C20197
9.0	F	3y 5m	ASXL3 	het, de novo	c.1448dupT	p.T484NfsX5	ASXL3 dup/fs - de novo, likely pathogenic	NM_030632.1	NM_030632.1:c.1448dupT	9	F	3y 5m	FTT, dev delay, hypotonia, dysmorphic features	['HP:0001508', 'HP:0001263', 'HP:0001252', 'HP:0001999']	['Failure to thrive', 'Global developmental delay', 'Hypotonia', 'Abnormal facial shape']	['NM_030632.1:c.1448dupT']	['80816']	GENO:0000135	['ORPHA:2962']	['De Barsy syndrome']	NCIT:C16576
10.0	M	1y 6m	ASXL3 	het, de novo	c.3364C>T	p.Q1122X	ASXL3-related disorder	NM_030632.1	NM_030632.1:c.3364C>T	10	M	1y 6m	FTT, developmental delay	['HP:0001508', 'HP:0001263']	['Failure to thrive', 'Global developmental delay']	['NM_030632.1:c.3364C>T']	['80816']	GENO:0000135	['OMIM:618076']	['Neurodevelopmental disorder with spasticity and poor growth']	NCIT:C20197
11.0	F	9y 10m	ASXL3 	het, de novo	c.1777G>T	p.E593X	Bainbridge-ropers syndrome	NM_030632.1	NM_030632.1:c.1777G>T	11	F	9y 10m	GDD, ID, behvarior problems, hypotonia, exotropia, oculomotor apraxia	['HP:0001263', 'HP:0000708', 'HP:0001252', 'HP:0000577', 'HP:0000657']	['Global developmental delay', 'Atypical behavior', 'Hypotonia', 'Exotropia', 'Oculomotor apraxia']	['NM_030632.1:c.1777G>T']	['80816']	GENO:0000135	['ORPHA:352577']	['Bainbridge-Ropers syndrome']	NCIT:C16576
12.0	M	6y	ATPV1B1	unknown	c.1037C>G	p.P346R	Renal tubular acidosis with deafness	NM_001692.3	NM_001692.3:c.1037C>G	12	M	6y	bilat profound sensorineural hearing loss, bilat enlargement of vestibular aqueducts and renal tubular acidosis	['HP:0008619', 'HP:0012832', 'HP:0001947']	['Bilateral sensorineural hearing impairment', 'Bilateral', 'Renal tubular acidosis']	['NM_001692.3:c.1037C>G']	['Unknown']	GENO:0000137	['OMIM:267200']	['Renal tubular acidosis III']	NCIT:C20197
13.0	M	12y 1m	ATRX, BRCA2 	de novo (both)	ATRX: c.4509A>T; BRCA2: c.4419delC	ATRX: p.R1503S; BRCA2: p.N1473KfsX6	Alpha thalassemia X-linked intellectual disability	NM_000489.3 ; NM_000059.3	NM_000489.3:c.4509A>T ; NM_000059.3:c.4419delC	13	M	12y 1m	Encephalopathy, global developmental delay, failure to thrive, microcephaly, bilateral dysplastic optic nerves, Esotropia, seizures, hypotonia, vesicoureteral reflux, gastroesophageal reflux, shawl scrotum, cryptorchidism, constipation, scoliosis and mild dysmorphic features	['HP:0001298', 'HP:0001263', 'HP:0001508', 'HP:0000252', 'HP:0012832', 'HP:0000565', 'HP:0001250', 'HP:0001252', 'HP:0000076', 'HP:0002020', 'HP:0000049', 'HP:0000028', 'HP:0002019', 'HP:0002650', 'HP:0012825']	['Encephalopathy', 'Global developmental delay', 'Failure to thrive', 'Microcephaly', 'Bilateral', 'Esotropia', 'Seizure', 'Hypotonia', 'Vesicoureteral reflux', 'Gastroesophageal reflux', 'Shawl scrotum', 'Cryptorchidism', 'Constipation', 'Scoliosis', 'Mild']	['NM_000489.3:c.4509A>T ; NM_000059.3:c.4419delC']	['546', '675']	GENO:0000137	[]	[]	NCIT:C20197
14.0	F	4y 4m	AUTS2 	het, de novo	c.1298delT	p.L433PfsX40	AUTS2-Related Disorder	NM_000552.3	NM_000552.3:c.1298delT	14	F	4y 4m	premature 36 weeks, global developmental delay (In particular speech and language), tracheobronchomalacia, failure to thrive, feeding difficulties, chronic constipation, and hypotonia	['HP:0001622', 'HP:0001263', 'HP:0000750', 'HP:0002786', 'HP:0001508', 'HP:0011968', 'HP:0012450', 'HP:0001252']	['Premature birth', 'Global developmental delay', 'Delayed speech and language development', 'Tracheobronchomalacia', 'Failure to thrive', 'Feeding difficulties', 'Chronic constipation', 'Hypotonia']	['NM_000552.3:c.1298delT']	['282553']	GENO:0000135	[]	[]	NCIT:C16576
15.0	M	11m	BCOR 	hemi, maternal	c.254C>T	p.P85L	BCOR hemi (lenz microphthalmia sx)	NM_017745.5	NM_017745.5:c.254C>T	15	M	11m	bilateral anophthalmia, pelvic kidney, ASD	['HP:0000528', 'HP:0000125', 'HP:0000729']	['Anophthalmia', 'Pelvic kidney', 'Autistic behavior']	['NM_017745.5:c.254C>T']	['54880']	GENO:0000137	['ORPHA:568']	['Microphthalmia, Lenz type']	NCIT:C20197
16.0	F	3y 7m	BTD 	compound het	maternal: c.1410dupC; paternal: c.1330G>C	maternal: p.C471LfsX13; paternal: p.D444H	Biotinidase deficiency, no unifying diagnosis for CHD	NM_000060.2	NM_000060.2:c.1410dupC ; NM_000060.2:c.1330G>C	16	F	3y 7m	congenital heart defect, thrombosis, Biotinidase def	['HP:0001627', 'HP:0001977', 'HP:0410144']	['Abnormal heart morphology', 'Abnormal thrombosis', 'Abnormal circulating biotinidase concentration']	['NM_000060.2:c.1410dupC ; NM_000060.2:c.1330G>C']	['221833']	GENO:0000135	['ORPHA:79241']	['Biotinidase deficiency']	NCIT:C16576
17.0	F	4y 10m	CACNA1A 	het, de novo	c.4075C>T	p.R1359W	CACNA1A het (episodic ataxia/familial hemiplegic migraine)	NM_001127221.1	NM_001127221.1:c.4075C>T	17	F	4y 10m	progressive cerebellar atrophy, ataxia, dev delay	['HP:0001272', 'HP:0001251', 'HP:0001263']	['Cerebellar atrophy', 'Ataxia', 'Global developmental delay']	['NM_001127221.1:c.4075C>T']	['773']	GENO:0000135	['OMIM:141500']	['Migraine, familial hemiplegic, 1']	NCIT:C16576
18.0	M	5y	CACNA1A 	het, de novo	c.3825+1G>A	splice	CACNA1A-related encephalopathy 	NM_001127221	NM_001127221:c.3825+1G>A	18	M	5y	developmental delay and autism, cerebral palsy, muscular dystrohpy	['HP:0001263', 'HP:0000717', 'HP:0100021', 'HP:0003560']	['Global developmental delay', 'Autism', 'Cerebral palsy', 'Muscular dystrophy']	['NM_001127221:c.3825+1G>A']	['773']	GENO:0000135	[]	[]	NCIT:C20197
19.0	F	21y  	CAMTA1 	het, maternal	c.838delA	p.S280AAfsX110	CAMTA1-related disorder 	NM_015215.3	NM_015215.3:c.838delA	19	F	21y  	cleft palate, microcephaly, short stature, developmental delays and intellectual disabilities	['HP:0000175', 'HP:0000252', 'HP:0004322', 'HP:0001263', 'HP:0001249']	['Cleft palate', 'Microcephaly', 'Short stature', 'Global developmental delay', 'Intellectual disability']	['NM_015215.3:c.838delA']	['23261']	GENO:0000135	['OMIM:618076']	['Neurodevelopmental disorder with spasticity and poor growth']	NCIT:C16576
20.0	F	7y 5m	CASK 	het, de novo	c.496G>C	p.A166P	CASK-related disorder	NM_003688.3	NM_003688.3:c.496G>C	20	F	7y 5m	GDD, autism	['HP:0001263', 'HP:0000717']	['Global developmental delay', 'Autism']	['NM_003688.3:c.496G>C']	['8573']	GENO:0000135	[]	[]	NCIT:C16576
21.0	F	3y	CC2D2A 	compound het	maternal: c.2848C>T; paternal: c.4667A>T	maternal: p.R950*; paternal: p.D1556V	Compound heterozygous for CC2D2A - Joubert syndrome	NM_001080522	NM_001080522:c.2848C>T ; NM_001080522:c.4667A>T	21	F	3y	gross motor delay, oculomotor apraxia, ataxia, and esotropia 	['HP:0002194', 'HP:0000657', 'HP:0001251', 'HP:0000565']	['Delayed gross motor development', 'Oculomotor apraxia', 'Ataxia', 'Esotropia']	['NM_001080522:c.2848C>T ; NM_001080522:c.4667A>T']	['57545']	GENO:0000135	[]	[]	NCIT:C16576
22.0	F	15y	CDH2 	het, de novo	c.3937C>T	p.R1313*	Epileptic Encephalopathy, childhood-onset	NM_001271	NM_001271:c.3937C>T	22	F	15y	intellectual disability and epilepsy 	['HP:0001249', 'HP:0001250']	['Intellectual disability', 'Seizure']	['NM_001271:c.3937C>T']	['1000']	GENO:0000135	['OMIM:607208']	['Epileptic encephalopathy, early infantile, 6 (Dravet syndrome)']	NCIT:C16576
23.0	F	6y 5m	CDKL5 	het, de novo	c.100-(9_3)delCCCTTGCinsGCAGA	p.IVS3-(9_3)delCCCTTGCinsGCAGA	CDKL5 splice site - de novo, likely pathogenic	NM_003159.2	NM_003159.2:c.100-(9_3)delCCCTTGCinsGCAGA	23	F	6y 5m	dev delay, hypotonia, seizures	['HP:0001263', 'HP:0001252', 'HP:0001250']	['Global developmental delay', 'Hypotonia', 'Seizure']	['NM_003159.2:c.100-(9_3)delCCCTTGCinsGCAGA']	['6792']	GENO:0000135	[]	[]	NCIT:C16576
24.0	F	6y 10m	CHD2 	het, de novo	c.3782G>T	p.W1261L	CHD2-related Neurodevelopmental disorder	NM_001271.3	NM_001271.3:c.3782G>T	24	F	6y 10m	Epilepsy, language delay, CI, macroglossia	['HP:0001250', 'HP:0000750', 'HP:0000158']	['Seizure', 'Delayed speech and language development', 'Macroglossia']	['NM_001271.3:c.3782G>T']	['1826']	GENO:0000135	['OMIM:619383']	['Neurodevelopmental disorder with hypotonia, facial dysmorphism, and brain abnormalities']	NCIT:C16576
25.0	M	3y	CHD8 	het, de novo	c.2093T>G	p.L698X	CHD8-related disorder	NM_001170629.1	NM_001170629.1:c.2093T>G	25	M	3y	ASD, joint hyperextensibility of multiple sites, hypotonia	['HP:0000729', 'HP:0001382', 'HP:0001252']	['Autistic behavior', 'Joint hypermobility', 'Hypotonia']	['NM_001170629.1:c.2093T>G']	['57680']	GENO:0000135	[]	[]	NCIT:C20197
26.0	M	21m	CHRDL1 	hemi, maternal	c.542-8A>G	p.IVS6-8A>G	X-linked megalocornea	NM_001143981.1	NM_001143981.1:c.542-8A>G	26	M	21m	Keratoglobus vs. anterior megalophthalmos	['HP:0001119', 'HP:0000485']	['Keratoglobus', 'Megalocornea']	['NM_001143981.1:c.542-8A>G']	['91851']	GENO:0000137	['OMIM:309300']	['Megalocornea 1, X-linked']	NCIT:C20197
27.0	M	9m	CNTNAP1 	compound het	maternal: c.3475-2A>C; paternal: c.2901_2902delCT	maternal: p.IVS20-2A>C; paternal: p.C968FfsX11	CNTNAP1-related disorder (arthrogryposis multiplex congenita)	NM_003632.2	NM_003632.2: c.3475-2A>C ; NM_003632.2:c.2901_2902delCT	27	M	9m	neonatal hypotonia, respiratory insufficiency, ptosis, facial diplegia, B HL, absent deep tendon reflexes, nystagmus	['HP:0001319', 'HP:0002093', 'HP:0000508', 'HP:0001349', 'HP:0004812', 'HP:0001284', 'HP:0000639']	['Neonatal hypotonia', 'Respiratory insufficiency', 'Ptosis', 'Facial diplegia', 'B Acute Lymphoblastic Leukemia', 'Areflexia', 'Nystagmus']	['NM_003632.2: c.3475-2A>C ; NM_003632.2:c.2901_2902delCT']	['8506']	GENO:0000135	['OMIM:619334']	['Arthrogryposis multiplex congenita 6']	NCIT:C20197
28.0	M	13y 10m	COL3A1 	het, de novo	c.1106G>A	p.G369E	Ehlers-Danlos Syndrome Type IV (Vascular EDS)	NM_000090.3	NM_000090.3:c.1106G>A	28	M	13y 10m	autism spectrum disorder, history of bilateral clubfeet and constriction band syndrome 	['HP:0000729', 'HP:0001776']	['Autistic behavior', 'Bilateral talipes equinovarus']	['NM_000090.3:c.1106G>A']	['1281']	GENO:0000135	[]	[]	NCIT:C20197
29.0	F	24y	COL4A1 	het, de novo	c.3715G>A	p.G1239R	COL4A1-related disorder	NM_001845.4	NM_001845.4:c.3715G>A	29	F	24y	cerebral palsy, spastic quadriplegia, cognitive and mobility impairment, seizure disorder, asthma, lumbar spinal scoliosis, history of nephrolithiasis, G-tube feed, recurrent UTIs, and restrictive lung disease 	['HP:0100021', 'HP:0002510', 'HP:0100543', 'HP:0001250', 'HP:0002099', 'HP:0004626', 'HP:0000787', 'HP:0033454', 'HP:0000010', 'HP:0002091']	['Cerebral palsy', 'Spastic tetraplegia', 'Cognitive impairment', 'Seizure', 'Asthma', 'Lumbar scoliosis', 'Nephrolithiasis', 'Tube feeding', 'Recurrent urinary tract infections', 'Restrictive ventilatory defect']	['NM_001845.4:c.3715G>A']	['1282']	GENO:0000135	[]	[]	NCIT:C16576
30.0	F	15y	CTBP1, GPD1L 	CTBP1- het, de novo; GPD1L- het, paternal 	CTBP1: c.991C>T; GPD1L: c.839C>T	CTBP1: p.R331W; GPD1L: p.A280V	CTBP1/GPD1L-related disorder, Brugada syndrome	NM_001012614.1 ; NM_015141.3	NM_001012614.1: c.991C>T ; NM_015141.3:c.839C>T	30	F	15y	unspecified neurodegenerative condition, microcephalic at birth with a cleft lip, low tone, poor growth, late to meet developmental milestones	['HP:0002180', 'HP:0000252', 'HP:0410030', 'HP:0001252', 'HP:0001508', 'HP:0001263']	['Neurodegeneration', 'Microcephaly', 'Cleft lip', 'Hypotonia', 'Failure to thrive', 'Global developmental delay']	['NM_001012614.1: c.991C>T ; NM_015141.3:c.839C>T']	['1487', '23171']	GENO:0000135	['ORPHA:130']	['Brugada syndrome']	NCIT:C16576
31.0	M	2y 6m	CTNNB1 	het, not maternal	c.2112_2116dupAGAAC	p.P706Qfs31	CTNNB1 het (AD MR)	NM_001904.3	NM_001904.3:c.2112_2116dupAGAAC	31	F	5y 9m	Cerebral palsy, developmental delay, microcephaly	['HP:0100021', 'HP:0001263', 'HP:0000252']	['Cerebral palsy', 'Global developmental delay', 'Microcephaly']	['NM_001904.3:c.2112_2116dupAGAAC']	['1499']	GENO:0000135	[]	[]	NCIT:C20197
32.0	F	5y 9m	CTNNB1, MT-CYB 	CTNNB1- het, de novo; MT-CYB- mito heteroplasmy 9% 	CTNNB1: c.1689_1690dupGG; MT-CYB; m.14849T>C	CTNNB1: p.V564GfsX7; MT-CYB: p.S35P	CTNNB1 related disorder	NM_001904.3 ; rCRS	NM_001904.3:c.1689_1690dupGG ; rCRS	32	M	2y 6m	lipomyelomeningocele, dev delay, cerebral palsy, autistic behaviors, poor growth	['HP:0025480', 'HP:0001263', 'HP:0100021', 'HP:0000729', 'HP:0001510']	['Lipomyelomeningocele', 'Global developmental delay', 'Cerebral palsy', 'Autistic behavior', 'Growth delay']	['NM_001904.3:c.1689_1690dupGG ; rCRS']	['1499', 'Unknown']	GENO:0000135	[]	[]	NCIT:C16576
33.0	F	5y 1m	DDX3X	unknown	c.1535_1536delAT	p.H512RfsX5	DDX3X related disorder	NM_001193416.1	NM_001193416.1:c.1535_1536delAT	33	F	5y 1m	FTT, microcephaly, global developmental delay, cognitive impairment, behavior concerns	['HP:0001508', 'HP:0000252', 'HP:0001263', 'HP:0100543', 'HP:0000722']	['Failure to thrive', 'Microcephaly', 'Global developmental delay', 'Cognitive impairment', 'Compulsive behaviors']	['NM_001193416.1:c.1535_1536delAT']	['1654']	GENO:0000137	['OMIM:618076']	['Neurodevelopmental disorder with spasticity and poor growth']	NCIT:C16576
34.0	F	4y	DDX3X 	het, de novo	c.543+5G>A	IVS6+5G>A	DDX3X-related disorder	NM_001193416.1	NM_001193416.1:c.543+5G>A	34	F	17y 0m	GDD, recent cognitive decline, beh concerns, precocious puberty, adv bone age, prominent ventricles	['HP:0001263', 'HP:0001268', 'HP:0000826']	['Global developmental delay', 'Mental deterioration', 'Precocious puberty']	['NM_001193416.1:c.543+5G>A']	['1654']	GENO:0000135	['OMIM:618076']	['Neurodevelopmental disorder with spasticity and poor growth']	NCIT:C16576
35.0	F	17y 0m	DDX3X 	het, de novo	c.233C>G	p.S78X	DDX3X-related disorder	NM_001193416.1	NM_001193416.1:c.233C>G	35	F	4y	failure to thrive, global developmental delay, and Autism spectrum disorder 	['HP:0001508', 'HP:0001263', 'HP:0000729']	['Failure to thrive', 'Global developmental delay', 'Autistic behavior']	['NM_001193416.1:c.233C>G']	['1654']	GENO:0000135	['OMIM:618076']	['Neurodevelopmental disorder with spasticity and poor growth']	NCIT:C16576
36.0	F	13mo	DGAT 	het, maternal	c.751+2T>C	splice	compound heterozygous for pathogenic and likely pathogenic DGAT1 variants 	NM_012079	NM_012079:c.751+2T>C	36	F	13mo	 FTT, food intolerance, malabsorption, and anemia	['HP:0001508', 'HP:0012537', 'HP:0002024', 'HP:0001903']	['Failure to thrive', 'Food intolerance', 'Malabsorption', 'Anemia']	['NM_012079:c.751+2T>C']	['8694']	GENO:0000135	[]	[]	NCIT:C16576
37.0	F	18m	DHCR7 	het, maternal	c.964-1G>C	p.IVS8-1G>C	DH7C pathogenic variant, SLOS carrier	NM_001360.2	NM_001360.2:c.964-1G>C	37	F	18m	microcephaly, truncal hypotonia, failure to thrive, and global developmental delay 	['HP:0000252', 'HP:0008936', 'HP:0001508', 'HP:0001263']	['Microcephaly', 'Axial hypotonia', 'Failure to thrive', 'Global developmental delay']	['NM_001360.2:c.964-1G>C']	['1717']	GENO:0000135	[]	[]	NCIT:C16576
38.0	M	4y	DOK7 	compound het	maternal:c.1263delC; paternal:c.1143delC	maternal: p.S422HfsX34; paternal: p.E382SfsX74	DOK7-Related Congenital Myasthenia Gravis	NM_173660.4	NM_173660.4:c.1263delC ; NM_173660.4:c.1143delC	38	M	4y	developmental delay, weakness of both lower extremities, hyoptonia, retractile testis, ataxia	['HP:0001263', 'HP:0025406', 'HP:0001252', 'HP:0012646', 'HP:0001251']	['Global developmental delay', 'Asthenia', 'Hypotonia', 'Retractile testis', 'Ataxia']	['NM_173660.4:c.1263delC ; NM_173660.4:c.1143delC']	['285489']	GENO:0000135	['ORPHA:589']	['Myasthenia gravis']	NCIT:C20197
39.0	F	19y 9m	DYNC1H1 	het, de novo	c.5884C>T	p.R1962C	DYNC1H1-related disorder	NM_001376.4	NM_001376.4:c.5884C>T	39	F	19y 9m	GDD, speech delay, beh d/o, hypotonia	['HP:0001263', 'HP:0000750', 'HP:0000708', 'HP:0001252']	['Global developmental delay', 'Delayed speech and language development', 'Atypical behavior', 'Hypotonia']	['NM_001376.4:c.5884C>T']	['1778']	GENO:0000135	[]	[]	NCIT:C16576
40.0	M	5y	DYNC1H1 	het, de novo	c.1792C>T	p.R598C	DYNC1H1-Related Disorder (SMA-LED)	NM_001376.4	NM_001376.4:c.1792C>T	40	M	5y	gross motor delay, hypotonia,  lower extremity muscle weakness, abnormal muscle biopsy, mild lumbar scoliosis, genu valgum, and a waddling swaying gait 	['HP:0002194', 'HP:0001252', 'HP:0007340', 'HP:0004626', 'HP:0002857', 'HP:0001288']	['Delayed gross motor development', 'Hypotonia', 'Lower limb muscle weakness', 'Lumbar scoliosis', 'Genu valgum', 'Gait disturbance']	['NM_001376.4:c.1792C>T']	['1778']	GENO:0000135	[]	[]	NCIT:C20197
41.0	M	7y 8m	EFNB1 	hemi de novo mosaic	c.196C>T	p.R66X	EFNB1 mosaic het (craniofrontonasal sx)	NM_004429.4	NM_004429.4:c.196C>T	41	M	7y 8m	Dev delay, microcephaly, craniosynostosis, cleft palate, CDH, accessory spleen, L SNHL, agenesis corpus callosum	['HP:0001263', 'HP:0000252', 'HP:0001363', 'HP:0000175', 'HP:0000776', 'HP:0001747', 'HP:0000407', 'HP:0001274']	['Global developmental delay', 'Microcephaly', 'Craniosynostosis', 'Cleft palate', 'Congenital diaphragmatic hernia', 'Accessory spleen', 'Sensorineural hearing impairment', 'Agenesis of corpus callosum']	['NM_004429.4:c.196C>T']	['1947']	GENO:0000137	[]	[]	NCIT:C20197
42.0	M	2y 4m	FANCA 	het, maternal	c.3624C>T	p.S1208S	heterozygous for FANCA pathogenic variant	NM_000135.2	NM_000135.2:c.3624C>T	42	M	2y 4m	IUGR, short stature, FTT, hypotonia, neutropenia, GDD	['HP:0001511', 'HP:0004322', 'HP:0001508', 'HP:0001252', 'HP:0001875', 'HP:0001263']	['Intrauterine growth retardation', 'Short stature', 'Failure to thrive', 'Hypotonia', 'Decreased total neutrophil count', 'Global developmental delay']	['NM_000135.2:c.3624C>T']	['2175']	GENO:0000135	[]	[]	NCIT:C20197
43.0	F	3y 11m	FAT4 	homo	c.12085G>A	p.E4029K	FAT4 homo (Van Maldergem sx)	NM_024582.4	NM_024582.4:c.12085G>A	43	F	3y 11m	dev delay, choanal atresia, microtia, spondylolithesis	['HP:0001263', 'HP:0000453', 'HP:0008551', 'HP:0003302']	['Global developmental delay', 'Choanal atresia', 'Microtia', 'Spondylolisthesis']	['NM_024582.4:c.12085G>A']	['79633']	GENO:0000136	['OMIM:615546']	['Van maldergem syndrome 2']	NCIT:C16576
44.0	M	4d	FBXL4 	homo	c.827delA	p.N276Ifs*15	FBXL4 homo (mito DNA depletion sx 13)	NM_012160	NM_012160:c.827delA	44	M	4d	metabolic acidosis, hyperammonemia, lactic acidosis, LV noncompaction	['HP:0001942', 'HP:0001987', 'HP:0003128', 'HP:0030682']	['Metabolic acidosis', 'Hyperammonemia', 'Lactic acidosis', 'Left ventricular noncompaction']	['NM_012160:c.827delA']	['26235']	GENO:0000136	[]	[]	NCIT:C20197
45.0	F	9y 10m	FGFR2 	het, de novo	c.1024T>A	p.C342S	FGFR2 het (Pfeiffer sx)	NM_000141.4	NM_000141.4:c.1024T>A	45	F	9y 10m	HLHS, bicoronal craniosynostosis, nephrolithiasis, hearing loss, dysmorphic features	['HP:0011318', 'HP:0000787', 'HP:0000365', 'HP:0001999']	['Bicoronal synostosis', 'Nephrolithiasis', 'Hearing impairment', 'Abnormal facial shape']	['NM_000141.4:c.1024T>A']	['2263']	GENO:0000135	['ORPHA:710']	['Pfeiffer syndrome']	NCIT:C16576
46.0	F	5y6m	FLG 	het, maternal and het, paternal	maternal: c.7339C>T; paternal: c.1501C>T	maternal: pR2447X; paternal: p.R501X	R501X and R2447X pathogenic variants	NM_002016.1	NM_002016.1:c.7339C> ; NM_002016.1:c.1501C>T	46	F	5y6m	global developmental delays, seizures, and hearing loss	['HP:0001263', 'HP:0001250', 'HP:0000365']	['Global developmental delay', 'Seizure', 'Hearing impairment']	['NM_002016.1:c.7339C> ; NM_002016.1:c.1501C>T']	['2312']	GENO:0000135	['OMIM:619354']	['Deafness, cataract, impaired intellectual development, and polyneuropathy']	NCIT:C16576
47.0	F	2y	FLG, ZBTB18 	FLG- het, paternal; ZBTB18- het, de novo 	FLG: c.557dupA; ZBTB18: c.800dupA	FLG: p.N186KfsX4; ZBTB18: p.Y267X	FLG-related disorder AND ZBTB18-related disorder	NM_002016.1	NM_002016.1:c.557dupA	47	F	2y	small for gestational age, failure to thrive, global developmental delay and abnormal gait	['HP:0001518', 'HP:0001508', 'HP:0001263', 'HP:0001288']	['Small for gestational age', 'Failure to thrive', 'Global developmental delay', 'Gait disturbance']	['NM_002016.1:c.557dupA']	['2312', '10472']	GENO:0000135	[]	[]	NCIT:C16576
48.0	M	18mo	FOXG1 	het, de novo	c.604C>T	p.L202F	Congenital variant of Rett Syndrome	NM_002016.1	NM_002016.1:c.604C>T	48	M	18mo	developmental delay, failure to thrive, and dysgenesis of the corpus callosum	['HP:0001263', 'HP:0001508', 'HP:0006989']	['Global developmental delay', 'Failure to thrive', 'Dysplastic corpus callosum']	['NM_002016.1:c.604C>T']	['2290']	GENO:0000135	['OMIM:613454']	['Rett syndrome, congenital variant']	NCIT:C20197
49.0	M	10y	FOXG1 	het, de novo	c.506dupG	p.K170QfsX285	Congenital variant of Rett Syndrome	NM_005249.3	NM_005249.3:c.506dupG	49	M	10y	global developmental delay, hypotonia, and microcephaly	['HP:0001263', 'HP:0001252', 'HP:0000252']	['Global developmental delay', 'Hypotonia', 'Microcephaly']	['NM_005249.3:c.506dupG']	['2290']	GENO:0000135	['OMIM:613454']	['Rett syndrome, congenital variant']	NCIT:C20197
50.0	M	12y 6m	FOXP1 	het, de novo	c.447dupA	p.Q150TfsX20	FOXP1 de novo het (FOXP1-related dx)	NM_032682.5	NM_032682.5:c.447dupA	50	M	12y 6m	dev delay, autism spectrum dx, seizures	['HP:0001263', 'HP:0000717', 'HP:0001250']	['Global developmental delay', 'Autism', 'Seizure']	['NM_032682.5:c.447dupA']	['27086']	GENO:0000135	['ORPHA:391372']	['FOXP1 Syndrome']	NCIT:C20197
51.0	F	3y	FOXP1 	het, de novo	c.1541G>A	p.R514H	FOXP1-related disorder	NM_032682.5	NM_032682.5:c.1541G>A	51	F	3y	GDD, SN hearing loss, dysmorphic features	['HP:0001263', 'HP:0000399', 'HP:0001999']	['Global developmental delay', 'Prelingual sensorineural hearing impairment', 'Abnormal facial shape']	['NM_032682.5:c.1541G>A']	['27086']	GENO:0000135	['OMIM:618076']	['Neurodevelopmental disorder with spasticity and poor growth']	NCIT:C16576
52.0	F	3y 7m	FUCA1 	compound het	maternal: c.1034G>A; paternal: c.393T>A	maternal: p.G345E; paternal: p.Y131X	Fucosidosis	NM_000147.4	NM_000147.4:c.1034G>A ; NM_000147.4:c.393T>A	52	F	3y 7m	GDD, speech apraxia, sensory integration d/o, hypotonia, weakness, HL, recurrent infections	['HP:0001263', 'HP:0011098', 'HP:0001252', 'HP:0025406', 'HP:0002719']	['Global developmental delay', 'Speech apraxia', 'Hypotonia', 'Asthenia', 'Recurrent infections']	['NM_000147.4:c.1034G>A ; NM_000147.4:c.393T>A']	['2517']	GENO:0000135	['ORPHA:349']	['Fucosidosis']	NCIT:C16576
53.0	F	11y 6m	GDI1 	het de novo	c.473T>C	p.F158S	GDI1-related Intellectual Disability (X-linked)	NM_001493.2	NM_001493.2:c.473T>C	53	F	11y 6m	Expressive language delay, CI	['HP:0002474']	['Expressive language delay']	['NM_001493.2:c.473T>C']	['2664']	GENO:0000135	[]	[]	NCIT:C16576
54.0	F	13y 9m	GJC2 	compound het	maternal: c.83T>C; paternal: c.80G>A	maternal: p.L28P; paternal: p.W27*	Hypomyelinating Leukodystrophy 2/Spastic paraplegia 44	NM_020435	NM_020435:c.83T>C ; NM_020435:c.80G>A	54	F	13y 9m	Static leukoencephalopathy, DD, cerebral palsy w spastic quadriparesis, seizures	['HP:0002352', 'HP:0001263', 'HP:0100021', 'HP:0001285', 'HP:0001250']	['Leukoencephalopathy', 'Global developmental delay', 'Cerebral palsy', 'Spastic tetraparesis', 'Seizure']	['NM_020435:c.83T>C ; NM_020435:c.80G>A']	['57165']	GENO:0000135	[]	[]	NCIT:C16576
55.0	F	6y 8m	GNAS 	de novo	c.501C>G	p.N167K	GNAS (Albright hereditary osteodystrophy)	NM_000516.4	NM_000516.4:c.501C>G	55	F	6y 8m	obesity, dev delay, JIA, SIADH, central apnea, dysplastic pulm valve, asymmetric kidneys	['HP:0001513', 'HP:0001263', 'HP:0005681', 'HP:0031218', 'HP:0002871', 'HP:0005164', 'HP:0004712']	['Obesity', 'Global developmental delay', 'Juvenile rheumatoid arthritis', 'Inappropriate antidiuretic hormone secretion', 'Central apnea', 'Dysplastic pulmonary valve', 'Renal malrotation']	['NM_000516.4:c.501C>G']	['2778']	GENO:0000137	[]	[]	NCIT:C16576
56.0	F	11m	GNPTAB 	compound het	maternal: c.1123C>T; paternal: c.3503_3504delTC	mathernal: p.R375X; paternal: p.L1168QfsX5	GNTPAB cmpd het (mucolipidosis II)	NM_024312.4	NM_024312.4:c.1123C>T ; NM_024312.4:c.3503_3504delTC	56	F	11m	dilated cardiomyopathy, microcephaly, global dev delay, dysmorphic facial features, renal cysts, duplicated R collecting system, failure to thrive	['HP:0001644', 'HP:0000252', 'HP:0001263', 'HP:0001999', 'HP:0000107', 'HP:0000081', 'HP:0001508']	['Dilated cardiomyopathy', 'Microcephaly', 'Global developmental delay', 'Abnormal facial shape', 'Renal cyst', 'Duplicated collecting system', 'Failure to thrive']	['NM_024312.4:c.1123C>T ; NM_024312.4:c.3503_3504delTC']	['79158']	GENO:0000135	['ORPHA:576']	['Mucolipidosis type II']	NCIT:C16576
57.0	M	11m	GPR98 	compound het	maternal: c.15967G>C; paternal: c.12185G>A	maternal: p.E5323Q; paternal: p.R4062Q	GPR98 cmpd het (Usher sx type 2C)	NM_032119.3	NM_032119.3:c.15967G>C ; NM_032119.3:c.12185G>A	57	M	11m	bilateral SNHL	['HP:0012832']	['Bilateral']	['NM_032119.3:c.15967G>C ; NM_032119.3:c.12185G>A']	['84059']	GENO:0000135	[]	[]	NCIT:C20197
58.0	M	3y 4m	GPSM2 	compound het	maternal: c.1600+3_1600+6delAAGT; paternal: c.1093C>T	maternal: p.IVS13+3_IVS13+6delAAGT; paternal: p.R365X	Chudley-McCullough syndrome	NM_013296.4	NM_013296.4:c.1600+3_1600+6delAAGT ; NM_013296.4: c.1600+3_1600+6delAAGT	58	M	3y 4m	Presumed Chudley-McCullough syndrome, prior research genetic testing not identify biallelic variants	['HP:0000100']	['Nephrotic syndrome']	['NM_013296.4:c.1600+3_1600+6delAAGT ; NM_013296.4: c.1600+3_1600+6delAAGT']	['29899']	GENO:0000135	['OMIM:604213']	['Chudley-Mccullough syndrome']	NCIT:C20197
59.0	F	11y	GRIN2A 	het, de novo, partial gene deletion	16p13.2(9856716_9863759)x1 dn	partial deletion	GRIN2A-related disorder	NM_000833.3	[NM_000833.3]arr[GRCh37]:16p13.2(9856716_9863759)x1 dn	59	M	17m	global developmental delay, strabismus, and elevated lactate peak concerning for mitochondrial disorder	['HP:0001263', 'HP:0000486', 'HP:0002151']	['Global developmental delay', 'Strabismus', 'Increased circulating lactate concentration']	['[NM_000833.3]arr[GRCh37]:16p13.2(9856716_9863759)x1 dn']	['2903']	GENO:0000135	['OMIM:618076']	['Neurodevelopmental disorder with spasticity and poor growth']	NCIT:C16576
60.0	M	17m	GRIN2A 	het, de novo	c.2427C>A	p.S809R	GRIN2A-related disorder	NM_000833.3	NM_000833.3:c.2427C>A	60	F	11y	epilepticus during slow wave sleep, focal epilepsy, and mild cognitive impairment	['HP:0031491', 'HP:0002266', 'HP:0100543']	['Continuous spike and waves during slow sleep', 'Focal clonic seizure', 'Cognitive impairment']	['NM_000833.3:c.2427C>A']	['2903']	GENO:0000135	['OMIM:618076']	['Neurodevelopmental disorder with spasticity and poor growth']	NCIT:C20197
61.0	M	8y1m	GRIN2B 	het, de novo	c.2459G>T	p.G820V	GRIN2B related disoder	NM_0008343.3	NM_0008343.3:c.2459G>T	61	M	8y1m	Congenital hypotonia, cognitive impairment, chorea-like movements, developmental delay	['HP:0001319', 'HP:0100543', 'HP:0002072', 'HP:0001263']	['Neonatal hypotonia', 'Cognitive impairment', 'Chorea', 'Global developmental delay']	['NM_0008343.3:c.2459G>T']	['2904']	GENO:0000135	[]	[]	NCIT:C20197
62.0	M	7y 7m	GTF2H5 	homo	c.1A>G	p.M1?	GTF2H5 homo (trichothiodystrophy)	NM_207118.2	NM_207118.2:c.1A>G	62	M	7y 7m	congenital icthyosis, dystrophic nails, growth failure, intellectual disability, TOF	['HP:0007431', 'HP:0008404', 'HP:0001510', 'HP:0001249']	['Congenital ichthyosiform erythroderma', 'Nail dystrophy', 'Growth delay', 'Intellectual disability']	['NM_207118.2:c.1A>G']	['404672']	GENO:0000136	['ORPHA:33364']	['Trichothiodystrophy']	NCIT:C20197
63.0	F	2y 3m	HEPACAM 	het, paternal	c.980delC	p.P327RfsX76	Heterozygous for HEPACAM	NM_152722.4	NM_152722.4:c.980delC	63	F	2y 3m	Obesity, macrocephaly, macrosomia, ASD, dev delay	['HP:0001513', 'HP:0000256', 'HP:0001520', 'HP:0000729', 'HP:0001263']	['Obesity', 'Macrocephaly', 'Large for gestational age', 'Autistic behavior', 'Global developmental delay']	['NM_152722.4:c.980delC']	['220296']	GENO:0000135	[]	[]	NCIT:C16576
64.0	M	7y	HNF4A 	het, de novo	c.187C>T	p.R63W	HNF4A-Related Disorder	NM_175914.3	NM_175914.3:c.187C>T	64	M	7y	fanconi renal tubule disease	['HP:0001994', 'HP:0000124']	['Renal Fanconi syndrome', 'Renal tubular dysfunction']	['NM_175914.3:c.187C>T']	['3172']	GENO:0000135	[]	[]	NCIT:C20197
65.0	M	6y 8m	IDS 	hemi, maternal	c.806A>T	p.D269V	IDS hemi (Hunter syndrome)	NM_000202.4	NM_000202.4:c.806A>T	65	M	6y 8m	dev delay, spastic diplegia, contractures, MV prolapse, MV/AV dysplasia, mild facial dysmorphism	['HP:0001263', 'HP:0001264', 'HP:0034392', 'HP:0001634', 'HP:0005176', 'HP:0001999']	['Global developmental delay', 'Spastic diplegia', 'Joint contracture', 'Mitral valve prolapse', 'Dysplastic aortic valve', 'Abnormal facial shape']	['NM_000202.4:c.806A>T']	['3423']	GENO:0000137	[]	[]	NCIT:C20197
66.0	F	2y 10m	IQSEC2, MT-TL1	IQSEC2- het, de novo; MT-TL1- mito heteroplasmy 2% 	IQSEC2: c.2507C>T; MT-TL1:m.3255G>A	IQSEC2: p.A836V	IQSEC2-Related Disorder	NM_001111125.1	NM_001111125.1:c.2507C>T	66	F	2y 10m	GDD, generalized nonconvulsive epilepsy, esotropia, speech delay	['HP:0001263', 'HP:0001250', 'HP:0000565', 'HP:0000750']	['Global developmental delay', 'Seizure', 'Esotropia', 'Delayed speech and language development']	['NM_001111125.1:c.2507C>T']	['23096', 'Unknown']	GENO:0000135	[]	[]	NCIT:C16576
67.0	M	4y 1m	KAT6B 	het, de novo	c.4726_4727delAC	p.T1576PfsX22	KAT6B het (KAT6B related disorder)	NM_012330.3	NM_012330.3:c.4726_4727delAC	67	M	4y 1m	metopic synostosis, Klippel-Feil, motor delay, speech apraxia, dysmorphic features, hypotonia, 47,XYY, prematurity	['HP:0011330', 'HP:0004602', 'HP:0001270', 'HP:0011098', 'HP:0001999', 'HP:0001252']	['Metopic synostosis', 'Cervical C2/C3 vertebral fusion', 'Motor delay', 'Speech apraxia', 'Abnormal facial shape', 'Hypotonia']	['NM_012330.3:c.4726_4727delAC']	['23522']	GENO:0000135	[]	[]	NCIT:C20197
68.0	M	13y 11m	KCNB1 	het, not maternal	c.1087delA	p.S363AfsX13	KCNB1 related disorder	NM_004975.2	NM_004975.2:c.1087delA	68	M	7y 11m	developmental delay, refractory childhood absence epilepsy	['HP:0001263', 'HP:0001250']	['Global developmental delay', 'Seizure']	['NM_004975.2:c.1087delA']	['3745']	GENO:0000135	['OMIM:618076']	['Neurodevelopmental disorder with spasticity and poor growth']	NCIT:C20197
69.0	M	7y 11m	KCNB1 	het, de novo	c.908G>A	p.R303Q	Epileptic Encephalopathy type 26	NM_004975.2	NM_004975.2:c.908G>A	69	M	5y	developmental delay and RBC microcytosis 	['HP:0001263', 'HP:0025066']	['Global developmental delay', 'Decreased mean corpuscular volume']	['NM_004975.2:c.908G>A']	['3745']	GENO:0000135	['OMIM:616056']	['Developmental and epileptic encephalopathy 26']	NCIT:C20197
70.0	M	5y	KCNB1 	het, de novo	c.934C>T	p.R312C	KCNB1-related epileptic encephalopathy	NM_004975	NM_004975:c.934C>T	70	M	13y 11m	GDD, absent speech, epilepsy, ASD, father sudden death dilated cardiomyopathy	['HP:0001263', 'HP:0001344', 'HP:0001250', 'HP:0000729', 'HP:0001644']	['Global developmental delay', 'Absent speech', 'Seizure', 'Autistic behavior', 'Dilated cardiomyopathy']	['NM_004975:c.934C>T']	['3745']	GENO:0000135	['OMIM:617829']	['Epileptic encephalopathy, infantile or early childhood, 2']	NCIT:C20197
71.0	F	3y	KCNQ2 	het, maternal	c.1782_1825del44insCT	p.R595_A609delinsS	KCNQ2-related disorder	NM_172107.2	NM_172107.2:c.1782_1825del44insCT	71	F	3y	seizures, DD	['HP:0001250']	['Seizure']	['NM_172107.2:c.1782_1825del44insCT']	['3785']	GENO:0000135	[]	[]	NCIT:C16576
72.0	F	9y 9m	KCNQ3 	het, de novo	c.688C>T	p.R230C	KCNQ3-related disorder	NM_004519.2	NM_004519.2:c.688C>T	72	F	9y 9m	GDD, seizures, ataxia	['HP:0001263', 'HP:0001250', 'HP:0001251']	['Global developmental delay', 'Seizure', 'Ataxia']	['NM_004519.2:c.688C>T']	['3786']	GENO:0000135	['OMIM:618076']	['Neurodevelopmental disorder with spasticity and poor growth']	NCIT:C16576
73.0	F	5yo	KIAA2022 	het, de novo	c.625dupC	p.L209PfsX3	KIAA2022-related disorder	NM_001008537.1	NM_001008537.1:c.625dupC	73	F	5yo	refractory myoclonic epilepsy and developmental delay, GERD, esotropia	['HP:0001250', 'HP:0001263', 'HP:0002020', 'HP:0000565']	['Seizure', 'Global developmental delay', 'Gastroesophageal reflux', 'Esotropia']	['NM_001008537.1:c.625dupC']	['340533']	GENO:0000135	['OMIM:618076']	['Neurodevelopmental disorder with spasticity and poor growth']	NCIT:C16576
74.0	F	4y	KIDINS220 	het, paternal	c.4171_4175delATTGC	p.I1391Sfs*15	KIDINS220-related neurodevelopmental disorder	NM_020738	NM_020738:c.4171_4175delATTGC	74	F	4y	 cone-rod retinal dystrophy, nystagmus, tachycardia, obesity since 3-4 months of age, scoliosis, spastic diplegia, slight right ectopic kidney, stage 2 chronic kidney disease, frequent UTIs, laryngomalacia, type 1 laryngeal cleft, asthma, OSA, GERD, chronic constipation, hyperlipidemia, elevated AST levels, and high blood pressure	['HP:0000548', 'HP:0000639', 'HP:0001649', 'HP:0001513', 'HP:0002650', 'HP:0001264', 'HP:0000086', 'HP:0012622', 'HP:0000010', 'HP:0001601', 'HP:0008751', 'HP:0002099', 'HP:0002020', 'HP:0012450', 'HP:0003077', 'HP:0000822']	['Cone/cone-rod dystrophy', 'Nystagmus', 'Tachycardia', 'Obesity', 'Scoliosis', 'Spastic diplegia', 'Ectopic kidney', 'Chronic kidney disease', 'Recurrent urinary tract infections', 'Laryngomalacia', 'Laryngeal cleft', 'Asthma', 'Gastroesophageal reflux', 'Chronic constipation', 'Hyperlipidemia', 'Hypertension']	['NM_020738:c.4171_4175delATTGC']	['57498']	GENO:0000135	['OMIM:620502']	['Neurodevelopmental disorder with language delay and variable cognitive abnormalities']	NCIT:C16576
75.0	M	4y 5m	KIF5C 	het, not maternal	c.709G>A	p.E237K	KIF5C-related disorder	NM_004522.2	NM_004522.2:c.709G>A	75	M	4y 5m	GDD, hypotonia, optic nerve hypoplasia, intractable epilepsy, pachygyria, dandy walker malformation	['HP:0001263', 'HP:0001252', 'HP:0000609', 'HP:0001250', 'HP:0001302', 'HP:0001305']	['Global developmental delay', 'Hypotonia', 'Optic nerve hypoplasia', 'Seizure', 'Pachygyria', 'Dandy-Walker malformation']	['NM_004522.2:c.709G>A']	['3800']	GENO:0000135	['OMIM:618076']	['Neurodevelopmental disorder with spasticity and poor growth']	NCIT:C20197
76.0	M	4 y 	KMT2D	het	KMT2D: c.13411_13412delAA	KMT2D:p.N4471Cfs*15	Kabuki Syndrome	NM_003482	NM_003482:c.13411_13412delAA	76	M	9mo	congential laryngomalacia, laryngeal cleft s/p repair and bilateral myringotomy, bilateral diaphragm eventration	['HP:0001601', 'HP:0008751', 'HP:0012832', 'HP:0000775']	['Laryngomalacia', 'Laryngeal cleft', 'Bilateral', 'Abnormality of the diaphragm']	['NM_003482:c.13411_13412delAA']	['8085']	GENO:0000135	['ORPHA:2322']	['Kabuki syndrome']	NCIT:C20197
77.0	M	9mo	KMT2D	unknown	c.3900_3906+1delCAAACAGGinsGAAACAGT		KMT2D pathogenic variant	NM_003482.3	NM_003482.3:c.3900_3906+1delCAAACAGGinsGAAACAGT	77	M	9m	dev delay, hypotonia, microcephaly	['HP:0001263', 'HP:0001252', 'HP:0000252']	['Global developmental delay', 'Hypotonia', 'Microcephaly']	['NM_003482.3:c.3900_3906+1delCAAACAGGinsGAAACAGT']	['8085']	GENO:0000137	['OMIM:603736']	['Ohdo syndrome, Say-Barber-Biesecker-Young-Simpson variant']	NCIT:C20197
78.0	M	2y 2m	KMT2D 	het, non-materal	c.11547_11557dup11	p.V3853Dfs*32	Kabuki syndrome	NM_003482	NM_003482:c.11547_11557dup11	78	M	2y 2m	Congenital heart defect, L clubfoot, micrognathia, cleft palate, HL, cerebellar volume loss	['HP:0001627', 'HP:0001762', 'HP:0000347', 'HP:0000175']	['Abnormal heart morphology', 'Talipes equinovarus', 'Micrognathia', 'Cleft palate']	['NM_003482:c.11547_11557dup11']	['8085']	GENO:0000135	['ORPHA:2322']	['Kabuki syndrome']	NCIT:C20197
79.0	M	9m	KMT2D 	het, de novo	c.8856delC	p.K2953RfsX51	KMT2D de novo het (Kabuki sx)	NM_003482.3	NM_003482.3:c.8856delC	79	M	23m	hypoplasic left heart syndrome, multiple episodes of hypoglycemia, oral dysphasia, and developmental delay	['HP:0012835', 'HP:0001943', 'HP:0001263']	['Left', 'Hypoglycemia', 'Global developmental delay']	['NM_003482.3:c.8856delC']	['8085']	GENO:0000135	['ORPHA:2322']	['Kabuki syndrome']	NCIT:C20197
80.0	M	23m	KMT2D 	de novo, mosaic	c.2713delG	p.E905NfsX25	Mosaic Kabuki Syndrome	NM_003482.3	NM_003482.3:c.2713delG	80	M	4 y 	dev. Delay, autism, MCAs (terminal transverse limb defects, bilat club feet, sacral dimple, thoracolumbar arachnoid cyst), dysmorphic facial features	['HP:0001263', 'HP:0000717', 'HP:6000818', 'HP:0001776', 'HP:0000960', 'HP:0100702', 'HP:0001999']	['Global developmental delay', 'Autism', 'Transverse terminal limb defect', 'Bilateral talipes equinovarus', 'Sacral dimple', 'Arachnoid cyst', 'Abnormal facial shape']	['NM_003482.3:c.2713delG']	['8085']	GENO:0000137	['ORPHA:2322']	['Kabuki syndrome']	NCIT:C20197
81.0	M	4m	LMNA 	het, paternal	c.559A>T	p.M187L	LMNA het (paternal, likely pathogenic)	NM_170707.2	NM_170707.2:c.559A>T	81	M	4m	Brugada sx	['HP:0001716']	['Wolff-Parkinson-White syndrome']	['NM_170707.2:c.559A>T']	['4000']	GENO:0000135	['ORPHA:300751']	['Familial dilated cardiomyopathy with conduction defect due to LMNA mutation']	NCIT:C20197
82.0	M	7y 10m	MAF 	het, maternal	c.1097delC	p.P366RfsX8	MAF-related disorder	NM_005360.4	NM_005360.4:c.1097delC	82	M	7y 10m	Congenital cataracts, early onset IBD, DD; family history mother & mat.grandfather congenital cataracts, mother w AR albinism	['HP:0000519', 'HP:0003674', 'HP:0032316', 'HP:0001022']	['Developmental cataract', 'Onset', 'Family history', 'Albinism']	['NM_005360.4:c.1097delC']	['4094']	GENO:0000135	[]	[]	NCIT:C20197
83.0	F	4y	MAP2K1 	het, de novo	c.389A>G	p.Y130C	Cardio-Facio-Cutaneous syndrome	NM_002755.3	NM_002755.3:c.389A>G	83	F	4y	Delayed growth and development, developmental delay, developmental regression, oropharyngeal dysphagia, short stature, delayed bone age determined by x-ray	['HP:0001510', 'HP:0001263', 'HP:0002376', 'HP:0200136', 'HP:0004322', 'HP:0002750']	['Growth delay', 'Global developmental delay', 'Developmental regression', 'Oral-pharyngeal dysphagia', 'Short stature', 'Delayed skeletal maturation']	['NM_002755.3:c.389A>G']	['5604']	GENO:0000135	['ORPHA:1340']	['Cardiofaciocutaneous syndrome']	NCIT:C16576
84.0	F	14y	MBOAT7 	homo	c.855-2A>G	splice	MBOAT7-related disorder	NM_024298	NM_024298:c.855-2A>G	84	F	14y	developmental delays and hyperphagia	['HP:0001263', 'HP:0002591']	['Global developmental delay', 'Polyphagia']	['NM_024298:c.855-2A>G']	['79143']	GENO:0000136	['OMIM:618076']	['Neurodevelopmental disorder with spasticity and poor growth']	NCIT:C16576
85.0	M	3y 0m	MCOLN1 	compound het	maternal: c.964C>T; paternal: c.405+1G>A	maternal: p.R322X; paternal: p.IVS3+1G>A	Mucolipidosis IV	NM_020533.2	NM_020533.2:c.964C>T ; NM_020533.2:c.405+1G>A	85	M	3y 0m	global dev delay, ataxia, agenesis of corpus callusom, VSD	['HP:0001263', 'HP:0001251', 'HP:0001274', 'HP:0001629']	['Global developmental delay', 'Ataxia', 'Agenesis of corpus callosum', 'Ventricular septal defect']	['NM_020533.2:c.964C>T ; NM_020533.2:c.405+1G>A']	['57192']	GENO:0000135	['OMIM:252650']	['Mucolipidosis IV']	NCIT:C20197
86.0	M	1y 7m	MECP2 	hemi, de novo	c.808C>T	p.R270X	MECP2 de novo (Rett sx)	NM_004992.3	NM_004992.3:c.808C>T	86	M	1y 7m	dev delay, hypotonia, hypoventilation	['HP:0001263', 'HP:0001252', 'HP:0002791']	['Global developmental delay', 'Hypotonia', 'Hypoventilation']	['NM_004992.3:c.808C>T']	['4204']	GENO:0000137	['ORPHA:778']	['Rett syndrome']	NCIT:C20197
87.0	M	22m	MECP2 	hemi, de novo	c.919A>G	p.K307E	Rett syndrome	NM_004992.3	NM_004992.3:c.919A>G	87	M	22m	Developmental regression, autistic features	['HP:0002376']	['Developmental regression']	['NM_004992.3:c.919A>G']	['4204']	GENO:0000137	['ORPHA:778']	['Rett syndrome']	NCIT:C20197
88.0	M	9y 5m	MED12, KCNH2 	MED12- hemi, maternal; KCNH2- het, maternal 	MED12: c.2881C>T; KCNH2: c.3107G>A	MED12: p.R961W; KCNH2: p.G1036D	MED12 missense - pathogenic (maternal); KCNH2 missense - pathogenic (maternal)	NM_005120.2 ; NM_000238.2	NM_005120.2:c.2881C>T ; NM_000238.2:c.3107G>A	88	M	9y 5m	dev delay, CI, growth restriction, Shones complex, dysmorphic features	['HP:0001263', 'HP:0001635', 'HP:0001511', 'HP:0001999']	['Global developmental delay', 'Congestive heart failure', 'Intrauterine growth retardation', 'Abnormal facial shape']	['NM_005120.2:c.2881C>T ; NM_000238.2:c.3107G>A']	['9968', '3757']	GENO:0000135	[]	[]	NCIT:C20197
89.0	M	2y 8m	MED13L 	het, de novo	c.6280C>A	p.P2094T	MED13L het (cong ht dx, intellectual dx)	NM_0015335	NM_0015335:c.6280C>A	89	M	2y 8m	dev delay, TOF, IUGR, FTT, microcephaly, inguinal hernia, dysmorphic facial features	['HP:0001263', 'HP:0001511', 'HP:0001508', 'HP:0000252', 'HP:0000023', 'HP:0001999']	['Global developmental delay', 'Intrauterine growth retardation', 'Failure to thrive', 'Microcephaly', 'Inguinal hernia', 'Abnormal facial shape']	['NM_0015335:c.6280C>A']	['23389']	GENO:0000135	['OMIM:618089']	['Intellectual developmental disorder with dysmorphic facies and behavioral abnormalities']	NCIT:C20197
90.0	M	2y 7m	MED13L 	het, de novo	c.1361C>G	p.S454*	MED13L-related syndromic ID	NM_015335	NM_015335:c.1361C>G	90	M	2y 7m	DD, hypotonia, Dandy-Walker, multicystic dysplastic L kidney, short stature, 	['HP:0001252', 'HP:0001305', 'HP:0000003', 'HP:0004322']	['Hypotonia', 'Dandy-Walker malformation', 'Multicystic kidney dysplasia', 'Short stature']	['NM_015335:c.1361C>G']	['23389']	GENO:0000135	[]	[]	NCIT:C20197
91.0	F	4y	MFSD8 	homo	c.63-2A>G	splice	likely Ceroid lipfuscinosis, neuronal	NM_152778	NM_152778:c.63-2A>G	91	F	4y	developmental delay with regression, expressive language disorder, toe walking, stereotypical hand movement, balance difficulties, esotropia	['HP:0001263', 'HP:0002463', 'HP:0030051', 'HP:0001155', 'HP:0000565']	['Global developmental delay', 'Language impairment', 'Tip-toe gait', 'Abnormality of the hand', 'Esotropia']	['NM_152778:c.63-2A>G']	['256471']	GENO:0000136	[]	[]	NCIT:C16576
92.0	M	3y	MICU1 	homo	c.386G>C	p.R129P	MICU1-related disorder	NM_006077.3	NM_006077.3:c.386G>C	92	M	3y	developmental delay, hypotonia, elevated CK	['HP:0001263', 'HP:0001252', 'HP:0008331']	['Global developmental delay', 'Hypotonia', 'Elevated creatine kinase after exercise']	['NM_006077.3:c.386G>C']	['10367']	GENO:0000136	[]	[]	NCIT:C20197
93.0	F	13y	MORC2 	het	c.394C>T	p.R132C	MORC2-related disorder	NM_001303256.2	NM_001303256.2:c.394C>T	93	F	13y	developmental delays, microcephaly, hearing loss, and growth hormone deficiency 	['HP:0001263', 'HP:0000252', 'HP:0000365', 'HP:0034323']	['Global developmental delay', 'Microcephaly', 'Hearing impairment', 'Reduced circulating growth hormone concentration']	['NM_001303256.2:c.394C>T']	['22880']	GENO:0000135	['OMIM:618076']	['Neurodevelopmental disorder with spasticity and poor growth']	NCIT:C16576
94.0	F	7y 5m	MT-ATP6 	67%, de novo	m.9134A>G	p.E203G	MT-ATP6 m.9134A>G (67%- de novo), Mitochondrial d/o	NC_012920.1	NC_012920.1:m.9134A>G	94	F	7y 5m	IUGR, microcephaly, growth delay, dev delay	['HP:0001511', 'HP:0000252', 'HP:0001510', 'HP:0001263']	['Intrauterine growth retardation', 'Microcephaly', 'Growth delay', 'Global developmental delay']	['NC_012920.1:m.9134A>G']	['Unknown']	GENO:0000137	['OMIM:617184']	['Mitochondrial DNA depletion syndrome 12A (cardiomyopathic type), autosomal dominant']	NCIT:C16576
95.0	F	62y	MT-CYB 	96% heteroplasmy	m.14841A>G	p.N32S	mitochondrial disorder	NC_012920.1	NC_012920.1:m.14841A>G	95	F	62y	lupus, ITP, recurrent lymphoma, thrombocytopenia, and hypothyroidism 	['HP:0002725', 'HP:0002665', 'HP:0001873', 'HP:0000821']	['Systemic lupus erythematosus', 'Lymphoma', 'Thrombocytopenia', 'Hypothyroidism']	['NC_012920.1:m.14841A>G']	['Unknown']	GENO:0000135	[]	[]	NCIT:C16576
96.0	F	35 y	mt-RNR1	unknown	m.1555A>G		pathogenic variant in mtDNA	NC_012920.1		96	F	35 y	primary immunodeficiency, rheumatoid arthritis, myasthenia gravis, recurrent kidney stones, narcolepsy, autonomic instability, autoimmune gastritis, autoimmune polyendocrinopathy	['HP:0002721', 'HP:0001370', 'HP:0003473', 'HP:0000787', 'HP:0002524', 'HP:0002270', 'HP:0005263', 'HP:0002960']	['Immunodeficiency', 'Rheumatoid arthritis', 'Fatigable weakness', 'Nephrolithiasis', 'Cataplexy', 'Abnormality of the autonomic nervous system', 'Gastritis', 'Autoimmunity']	['nan']	['Unknown']	GENO:0000137	[]	[]	NCIT:C16576
97.0	M	17y	MUTYH 	compound het	c.1187G>A; c.933+3A>C	p.G396D	pathogenic variant	CM020287 ; CS031781	CM020287:	97	M	17y	neuromuscular symptoms and learning delay 	['HP:0001263']	['Global developmental delay']	['CM020287:']	['4595']	GENO:0000135	['ORPHA:576283']	['SATB2-associated syndrome due to a pathogenic variant']	NCIT:C20197
98.0	M	8y	MYCN 	het, de novo	c.790+1G>T	IVS+1G>T	Feingold Syndrome	NM_005378.4	NM_005378.4:c.790+1G>T	98	M	8y	microcephaly, hypotonia, relative microphthalmia, gross motor delay, speech delay, speech disturbance, and a right thumb abnormality	['HP:0000252', 'HP:0001252', 'HP:0000568', 'HP:0002194', 'HP:0000750', 'HP:0001260', 'HP:0012834']	['Microcephaly', 'Hypotonia', 'Microphthalmia', 'Delayed gross motor development', 'Delayed speech and language development', 'Dysarthria', 'Right']	['NM_005378.4:c.790+1G>T']	['4613']	GENO:0000135	['ORPHA:1305']	['Feingold syndrome']	NCIT:C20197
99.0	M	67y 2m	MYL3 	het	c.530A>G	E177G	MYL3 missense - likely pathogenic	NM_000258.2	NM_000258.2:c.530A>G	99	M	67y 2m	cardiomyopathy, muscle weakness	['HP:0001638', 'HP:0001324']	['Cardiomyopathy', 'Muscle weakness']	['NM_000258.2:c.530A>G']	['4634']	GENO:0000135	[]	[]	NCIT:C20197
100.0	F	6y	MYT1L 	het	c.3075-2A>G	p.IVS21-2A>G	MYT1L-related disorder	NM_015025.2	NM_015025.2:c.3075-2A>G	100	F	6y	developmental delay, nonaccidental trauma with multiple fractures, bilateral tibial torsion and increased femoral anteversion, partial fetal alcohol syndrome	['HP:0001263', 'HP:0002757', 'HP:0100694', 'HP:0012427']	['Global developmental delay', 'Recurrent fractures', 'Tibial torsion', 'Increased femoral anteversion']	['NM_015025.2:c.3075-2A>G']	['23040']	GENO:0000135	['OMIM:618076']	['Neurodevelopmental disorder with spasticity and poor growth']	NCIT:C16576
101.0	F	10m	NACC1 	het	c.365A>G	p.K122R	likely pathogenic NACC1 variant	NM_052876	NM_052876:c.365A>G	101	F	10m	persistent and recurrent vomiting, laryngomalacia s/p tracheostomy and subglottoplasty, focal electroclinical seizures captured on 5 day EEG, global developmental delay, central sleep apnea, developmental dysplasia of hips, and hypertonia	['HP:0002013', 'HP:0001601', 'HP:0001250', 'HP:0001263', 'HP:0010536', 'HP:0001385', 'HP:0001276']	['Vomiting', 'Laryngomalacia', 'Seizure', 'Global developmental delay', 'Central sleep apnea', 'Hip dysplasia', 'Hypertonia']	['NM_052876:c.365A>G']	['112939']	GENO:0000135	['OMIM:619827']	['Intellectual developmental disorder, autosomal recessive 75, with neuropsychiatric features and variant lissencephaly']	NCIT:C16576
102.0	M	5y	NF1, BTD 	NF1- het, de novo; BTD- het, paternal 	NF1: c.3445A>G; BTD:c.1330G>C	NF1: p.M1149V; BTD: p.D444H	pathogenic variants in NF1 and BTD	NM_000267.3	NM_000267.3:c.3445A>G	102	M	5y	developmental delay, short stature, episodes of hypoglycemia with metabolic acidosis, hypospadias and pectus excavatum	['HP:0001263', 'HP:0004322', 'HP:0001942', 'HP:0000047', 'HP:0000767']	['Global developmental delay', 'Short stature', 'Metabolic acidosis', 'Hypospadias', 'Pectus excavatum']	['NM_000267.3:c.3445A>G']	['4763', '221833']	GENO:0000135	[]	[]	NCIT:C20197
103.0	F	19y	NF1A 	het, maternal	c.509_510delAA	p.K170Sfs*13	NF1A-related disorder; brain malformations with or without urinary tract defects 	NM_001145512	NM_001145512:c.509_510delAA	103	F	19y	macrocephaly, tall stature, dysmorphic features, developmental delay, joint hypermobility, and autism	['HP:0000256', 'HP:0000098', 'HP:0001999', 'HP:0001263', 'HP:0001382', 'HP:0000717']	['Macrocephaly', 'Tall stature', 'Abnormal facial shape', 'Global developmental delay', 'Joint hypermobility', 'Autism']	['NM_001145512:c.509_510delAA']	['4784']	GENO:0000135	['OMIM:613735']	['Brain malformations with or without urinary tract defects']	NCIT:C16576
104.0	M	12y	NF2 	het, de novo	c.1334_1337delAGAG	p.E445GfsX9	Nf2-related disorders	NM_000268.3	NM_000268.3:c.1334_1337delAGAG	104	M	12y	autism, hamartoma of retina, retinal detachment	['HP:0000717', 'HP:0010566', 'HP:0000541']	['Autism', 'Hamartoma', 'Retinal detachment']	['NM_000268.3:c.1334_1337delAGAG']	['4771']	GENO:0000135	['ORPHA:637']	['Full NF2-related schwannomatosis']	NCIT:C20197
105.0	M	14y 10m	NFKBIA 	het, paternal	c.25C>T	p.Q9X	Anihidrotic Ectodermal dysplasia w immunodeficiency	NM_020529.2	NM_020529.2:c.25C>T	105	M	14y 10m	Hypohidrotic ectodermal dysplasia, inflammatory bowel dz, immune dysfcn, hypogammaglobulinemia	['HP:0007607', 'HP:0002037', 'HP:0002715', 'HP:0004313']	['Hypohidrotic ectodermal dysplasia', 'Inflammation of the large intestine', 'Abnormality of the immune system', 'Decreased circulating immunoglobulin concentration']	['NM_020529.2:c.25C>T']	['4792']	GENO:0000135	['ORPHA:98813']	['Hypohidrotic ectodermal dysplasia with immunodeficiency']	NCIT:C20197
106.0	M	1y 8m	NSD1 	het, de novo	c.1741_1742delGA	p.E581IfsX2	NSD1 de novo het (Sotos sx)	NM_022455.4	NM_022455.4:c.1741_1742delGA	106	M	1y 8m	aortic dilation, dev delay, hypotonia, macrocephaly	['HP:0004942', 'HP:0001263', 'HP:0001252', 'HP:0000256']	['Aortic aneurysm', 'Global developmental delay', 'Hypotonia', 'Macrocephaly']	['NM_022455.4:c.1741_1742delGA']	['64324']	GENO:0000135	['ORPHA:821']	['Sotos syndrome']	NCIT:C20197
107.0	F	20m	NSD1 	het, de novo	c.4378+5G>C	p.IVS9+5G>C	Sotos Syndrome	NM_022455.4	NM_022455.4:c.4378+5G>C	107		20m	bilateral sensorineural hearing loss, overgrowth, hypotonia, and developmental delay	['HP:0008619', 'HP:0001548', 'HP:0001252', 'HP:0001263']	['Bilateral sensorineural hearing impairment', 'Overgrowth', 'Hypotonia', 'Global developmental delay']	['NM_022455.4:c.4378+5G>C']	['64324']	GENO:0000135	['ORPHA:821']	['Sotos syndrome']	NCIT:C16576
108.0	M	5y	OPHN1 	hemi, de novo	c.468_471delAGAA	p.K156NfsX57	OPHN1-related disorder	NM_002547.2	NM_002547.2:c.468_471delAGAA	108	M	5y	symptomatic mixed epilepsy with breakthrough seizures, mild congenital ventriculomegaly, central hypotonia, global developmental delay without regression, cerebral palsy, and pseudoesotropia	['HP:0001250', 'HP:0001250', 'HP:0010952', 'HP:0001252', 'HP:0001263', 'HP:0100021', 'HP:0000565']	['Seizure', 'Seizure', 'Mild fetal ventriculomegaly', 'Hypotonia', 'Global developmental delay', 'Cerebral palsy', 'Esotropia']	['NM_002547.2:c.468_471delAGAA']	['4983']	GENO:0000137	['OMIM:618076']	['Neurodevelopmental disorder with spasticity and poor growth']	NCIT:C20197
109.0	M	1y 3m	PAX2 	de novo	c.832C>T	p.Q278X	PAX2 de novo het (renal-coloboma syndrome)	NM_003990.3	NM_003990.3:c.832C>T	109	M	1y 3m	chronic kidney dx, renal dysplasia, hyperCa, FTT	['HP:0012622', 'HP:0000110', 'HP:0003072', 'HP:0001508']	['Chronic kidney disease', 'Renal dysplasia', 'Hypercalcemia', 'Failure to thrive']	['NM_003990.3:c.832C>T']	['5076']	GENO:0000137	['ORPHA:1475']	['Renal coloboma syndrome']	NCIT:C20197
110.0	F	20y 0m	PAX9 	het	c.430A>T	p.K144X	PAX9 het (PAX9-related disorder)	NM_006194.3	NM_006194.3:c.430A>T	110	F	20y 0m	oligodontia, mandibular condyle hypoplasia/erosion	['HP:0000677', 'HP:0007628']	['Oligodontia', 'Mandibular condyle hypoplasia']	['NM_006194.3:c.430A>T']	['5083']	GENO:0000135	[]	[]	NCIT:C16576
111.0	F	2y 10m	PCDH19 	hemi, maternal	c.498C>G	p.Y166X	PCDH19 het (EIEE)	NM)_001105243.1	NM_001105243.1:c.498C>G	111	F	2y 10m	infantile seizures, dev delay, language regression	['HP:0001250', 'HP:0001263', 'HP:0002376']	['Seizure', 'Global developmental delay', 'Developmental regression']	['NM_001105243.1:c.498C>G']	['57526']	GENO:0000137	['ORPHA:714652']	['PCDH19 clustering epilepsy']	NCIT:C16576
112.0	M	2y 9m	PDE4D 	het, de novo	c.881T>G	p.L294R	Acrodysostosis type 2	NM_001104631.1	NM_001104631.1:c.881T>G	112	M	2y 9m	Speech delays, congenital hypotonia, FPIES, cupped epiphyses	['HP:0000750', 'HP:0001319']	['Delayed speech and language development', 'Neonatal hypotonia']	['NM_001104631.1:c.881T>G']	['5144']	GENO:0000135	['ORPHA:950']	['Acrodysostosis']	NCIT:C20197
113.0	F	8m	PDHA1 	het, de novo	c.862C>A	p.R288S	PDHA1 de novo het (PDH deficiency)	NM_000284.3	NM_000284.3:c.862C>A	113	F	8m	seizures, ventriculomegaly, agenesis of corpus callosum, cystic ovaries, dysmorphic facial features *Order under mother (40236223); proband is deceased	['HP:0001250', 'HP:0002119', 'HP:0001274', 'HP:0000138', 'HP:0001999']	['Seizure', 'Ventriculomegaly', 'Agenesis of corpus callosum', 'Ovarian cyst', 'Abnormal facial shape']	['NM_000284.3:c.862C>A']	['5160']	GENO:0000135	[]	[]	NCIT:C16576
114.0	F	14y	PDHA1 	het, de novo	c.785T>G	p.V262G	PDHA1-Related Disorder	NM_000284.3	NM_000284.3:c.785T>G	114	F	14y	microcephaly, seizure disorder, and developmental delay, spastic quadriparesis, hearing loss, and scoliosis	['HP:0000252', 'HP:0001250', 'HP:0001263', 'HP:0001285', 'HP:0000365', 'HP:0002650']	['Microcephaly', 'Seizure', 'Global developmental delay', 'Spastic tetraparesis', 'Hearing impairment', 'Scoliosis']	['NM_000284.3:c.785T>G']	['5160']	GENO:0000135	[]	[]	NCIT:C16576
115.0	F	16y 11m	PRKAR1A, TBCK 	PRKAR1A- het, maternal; TBCK- compound het 	PRKAR1A: c.46C>T; TBCK maternal: partial deletion 4q24(107092131-107092588)x1; TBCK paternal: c.376C>T	PRKAR1A: p.R16X; TBCK maternal: partial deletion; TBCK paternal: p.R126X	TBCK-related disorder and Carney Complex	NM_002734.3 ; NM_001163435.2	NM_002734.3: c.46C>T ; NM_001163435.2:c.376C>T	115	F	16y 11m	Carney complex, seizures, GDD/ID, chronic kidney & lung dz	['HP:0001250', 'HP:0001263', 'HP:0012622', 'HP:0011010']	['Seizure', 'Global developmental delay', 'Chronic kidney disease', 'Chronic']	['NM_002734.3: c.46C>T ; NM_001163435.2:c.376C>T']	['5573', '93627']	GENO:0000135	['ORPHA:1359']	['Carney complex']	NCIT:C16576
116.0	F	7y	PTPN11 	unknown	c.518G>C	p.R173P	pathogenic variant in PTPN11	NM_002834.3	NM_002834.3:c.518G>C	116	M	9y 6y	Microcephaly, small stature, ASD monorchism, eye abnormalities	['HP:0000252', 'HP:0004322', 'HP:0000729', 'HP:0030868']	['Microcephaly', 'Short stature', 'Autistic behavior', 'Monorchism']	['NM_002834.3:c.518G>C']	['5781']	GENO:0000137	[]	[]	NCIT:C16576
117.0	M	9y 6y	PTPN11, WNT10A 	het, de novo; WNT10A- het, paternal 	PTPN11:c.845T>C; WNT10A: c.682T>A	PTPN11: p.I282T; WNT10A: p.F228I	WNT10A het (WNT10A-related ectodermal dysplasia)	NM_002834.3 ; NM_025216.2	NM_002834.3:c.845T>C ; NM_025216.2:c.682T>A	117	F	7y	Expressive language delay	['HP:0002474']	['Expressive language delay']	['NM_002834.3:c.845T>C ; NM_025216.2:c.682T>A']	['5781', '80326']	GENO:0000135	['OMIM:614940']	['Ectodermal dysplasia 11A, hypohidrotic/hair/tooth type, autosomal dominant']	NCIT:C20197
118.0	F	7mo	RARS2 	compound het	maternal: c.826_842dup17; paternal: c.1679G>A	maternal: p.K281NfsX6; paternal: p.R560H	Pontocerebellar hyperplasia type 6 	NM_020320.3	NM_020320.3:c.826_842dup17 ; NM_020320.3:c.1679G>A	118	F	7mo	laryngeal cleft and laryngomalacia, focal epilepsy with impairment of consciousness, hypotonia, feeding difficulties and developmental delay	['HP:0008751', 'HP:0001601', 'HP:0001250', 'HP:0001252', 'HP:0011968', 'HP:0001263']	['Laryngeal cleft', 'Laryngomalacia', 'Seizure', 'Hypotonia', 'Feeding difficulties', 'Global developmental delay']	['NM_020320.3:c.826_842dup17 ; NM_020320.3:c.1679G>A']	['57038']	GENO:0000135	['OMIM:611523']	['Pontocerebellar hypoplasia, type 6']	NCIT:C16576
119.0	M	10y	RPS29 	het, paternal	c.63-3C>A	p.IVS1-3C>A	Diamond-Blackfan Anemia	NM_001032.4	NM_001032.4:c.63-3C>A	119	M	10y	Pure red cell aplasia, possible diamond-blackfan anemia	['HP:0012410', 'HP:0004810']	['Pure red cell aplasia', 'Congenital hypoplastic anemia']	['NM_001032.4:c.63-3C>A']	['6235']	GENO:0000135	['ORPHA:124']	['Diamond-Blackfan anemia']	NCIT:C20197
120.0	F	9y	RYR1 	het, paternal	c.1440+2T>G	p.IVS13+2T>G	pathogenic variant in RYR1	NM_000540.2	NM_000540.2:c.1440+2T>G	120	F	9y	essential tremor, developmental delay, learning difficulties, and ADHD	['HP:0030186', 'HP:0001263', 'HP:0000750', 'HP:0007018']	['Kinetic tremor', 'Global developmental delay', 'Delayed speech and language development', 'Attention deficit hyperactivity disorder']	['NM_000540.2:c.1440+2T>G']	['6261']	GENO:0000135	[]	[]	NCIT:C16576
121.0	M	2y 7m	SATB2 	het, de novo	c.1175G>A	p.G392E	SATB2 het (SATB2-related disorder/Glass sx)	NM_015265.3	NM_015265.3:c.1175G>A	121	M	2y 7m	encephalopathy, sz, hypotonia, dev delay, cleft lip/palate	['HP:0001298', 'HP:0001250', 'HP:0001252', 'HP:0001263', 'HP:0000202']	['Encephalopathy', 'Seizure', 'Hypotonia', 'Global developmental delay', 'Orofacial cleft']	['NM_015265.3:c.1175G>A']	['23314']	GENO:0000135	[]	[]	NCIT:C20197
122.0	M	1y 9m	SCN1A 	het, paternal (father likely mosaic)	c.182T>C	p.L61P	SCN1A het (father mosaic) (Dravet sx)	NM_001165963.1	NM_001165963.1:c.182T>C	122	M	3	DD, epilepsy	['HP:0001263', 'HP:0001250']	['Global developmental delay', 'Seizure']	['NM_001165963.1:c.182T>C']	['6323']	GENO:0000135	['ORPHA:33069']	['Dravet syndrome']	NCIT:C20197
123.0	F	13y	SCN1A 	het	c.4321G>A	p.A1441T	SCN1A-related disorder	NM_001165963.1	NM_001165963.1:c.4321G>A	123	M	1y 9m	Dravet syndrome; sister with febrile sz and sudden death	['HP:0002373', 'HP:0001699']	['Febrile seizure (within the age range of 3 months to 6 years)', 'Sudden death']	['NM_001165963.1:c.4321G>A']	['6323']	GENO:0000135	[]	[]	NCIT:C16576
124.0	M	3y	SCN1A 	de novo	c.3818C>T	p.A1273V	SCN1A related disorder	NM_001165963.1	NM_001165963.1:c.3818C>T	124	F	13y	progressive bilateral sensorineural hearing loss, mild facial asymmetry, unilateral enlarged vestibular aqueduct, seizures, macrocephaly	['HP:0000408', 'HP:0000324', 'HP:0011387', 'HP:0001250', 'HP:0000256']	['Progressive sensorineural hearing impairment', 'Facial asymmetry', 'Enlarged vestibular aqueduct', 'Seizure', 'Macrocephaly']	['NM_001165963.1:c.3818C>T']	['6323']	GENO:0000137	[]	[]	NCIT:C20197
125.0	M	11y 7m	SCN2A 	het, de novo	c.4967C>T	p.S1656F	SCN2A-related disorder	NM_021007	NM_021007:c.4967C>T	125	M	11y 7m	GDD, autistic features, beh problems, epilepsy	['HP:0001263', 'HP:0000708', 'HP:0001250']	['Global developmental delay', 'Atypical behavior', 'Seizure']	['NM_021007:c.4967C>T']	['6326']	GENO:0000135	[]	[]	NCIT:C20197
126.0	M	15y	SCN3A 	het, de novo	c.4862G>A	p.R1621Q	SCN3A likely pathogenic variant	NM_006922.3	NM_006922.3:c.4862G>A	126	M	15y	intractable epilepsy, developmental delay, intellectual disability, aggressive behavior,polymicrogyria, and ADHD	['HP:0001250', 'HP:0001263', 'HP:0001249', 'HP:0000718', 'HP:0002126', 'HP:0007018']	['Seizure', 'Global developmental delay', 'Intellectual disability', 'Aggressive behavior', 'Polymicrogyria', 'Attention deficit hyperactivity disorder']	['NM_006922.3:c.4862G>A']	['6328']	GENO:0000135	[]	[]	NCIT:C20197
127.0	F	4y 1m	SCN8A 	AD, de novo	c.718A>C	p.I240L	SCN8A de novo het (SNC8A related disorder)	NM_014091.3	NM_014091.3:c.718A>C	127	F	4y 1m	Global dev delay, epilepsy, microcephaly	['HP:0001263', 'HP:0001250', 'HP:0000252']	['Global developmental delay', 'Seizure', 'Microcephaly']	['NM_014091.3:c.718A>C']	['6334']	GENO:0000137	[]	[]	NCIT:C16576
128.0	F	7y 5m	SLC18A2 	compound het	maternal: c.895G>C; paternal: c.835_836delAG	maternal: p.G299R; paternal: p.Q280Efs*58	SLC18A2-related d/o of biogenic amine neurotransmitters	NM_003054	NM_003054:c.895G>C ; NM_003054:c.835_836delAG	128	F	7y 5m	Profound GDD, hypotonia, dystonic mov't, myopia, mild facial asymmetry	['HP:0001263', 'HP:0001252', 'HP:0001332', 'HP:0000545', 'HP:0000324']	['Global developmental delay', 'Hypotonia', 'Dystonia', 'Myopia', 'Facial asymmetry']	['NM_003054:c.895G>C ; NM_003054:c.835_836delAG']	['6571']	GENO:0000135	['OMIM:618088']	['Neurodevelopmental disorder with regression, abnormal movements, loss of speech, and seizures']	NCIT:C16576
129.0	F	10y	SLC1A2 	het, de novo	c.244G>A	p.G82R	SCL1A2-related disorder	NM_004171.3	NM_004171.3:c.244G>A	129	F	10y	early infantile epileptiform encephalopathy, global developmental delay, cortical visual impairment, and cerebral palsy 	['HP:0001298', 'HP:0001263', 'HP:0100704', 'HP:0100021']	['Encephalopathy', 'Global developmental delay', 'Cerebral visual impairment', 'Cerebral palsy']	['NM_004171.3:c.244G>A']	['6506']	GENO:0000135	['OMIM:618076']	['Neurodevelopmental disorder with spasticity and poor growth']	NCIT:C16576
130.0	F	21m	SLC35A2 	het, not maternal	c.795delT	p.F265Lfs*84	SLC35A2-related epileptic encephalopathy	NM_005660	NM_005660:c.795delT	130	F	21m	Infantile spasms, GDD, brain anomalies, minor dysmorphic ftrs	['HP:0012469', 'HP:0001263', 'HP:0000238']	['Infantile spasms', 'Global developmental delay', 'Hydrocephalus']	['NM_005660:c.795delT']	['7355']	GENO:0000135	[]	[]	NCIT:C16576
131.0	M	19y 1m	SMAD4, WNT10A 	SMAD4- het, de novo; WNT10A- het, paternal 	SMAD4: c.1498A>G; WNT10A: c.682T>A	SMAD4: p.1500V; WNT10A: p.F228I	SMAD4 de novo het (Myhre sx), WNT10A het (paternal)	NM_005359.5 ; NM_025216.2	NM_005359.5:c.1498A>G ; NM_025216.2:c.682T>A	131	M	19y 1m	unilat renal agenesis, VSD, hearing loss, short stature, learning dx	['HP:0000122', 'HP:0001629', 'HP:0000365', 'HP:0004322', 'HP:0001328']	['Unilateral renal agenesis', 'Ventricular septal defect', 'Hearing impairment', 'Short stature', 'Specific learning disability']	['NM_005359.5:c.1498A>G ; NM_025216.2:c.682T>A']	['4089', '80326']	GENO:0000135	[]	[]	NCIT:C20197
132.0	F	12y 7m	SMARCA4	unknown	c.3728G>A	p.R1243Q	Coffin Siris syndrome	NM_001128849.1	NM_001128849.1:c.3728G>A	132	F	12y 7m	Cognitive impairment, autism spectrum disorder, behavior concerns, sleep difficulties, hypotonia, dysmophic facial features, laryngomalacia, myopia	['HP:0100543', 'HP:0000729', 'HP:0000722', 'HP:0002330', 'HP:0001252', 'HP:0001999', 'HP:0001601', 'HP:0000545']	['Cognitive impairment', 'Autistic behavior', 'Compulsive behaviors', 'Sleep attack', 'Hypotonia', 'Abnormal facial shape', 'Laryngomalacia', 'Myopia']	['NM_001128849.1:c.3728G>A']	['6597']	GENO:0000137	['ORPHA:1465']	['Coffin-Siris syndrome']	NCIT:C16576
133.0	M	6y	SRCAP 	het, unknown	c.8065A>T	p.K2689X	Floating-Harbor Syndrome	NM_006662.2	NM_006662.2:c.8065A>T	133	M	6y	DD, cleft lip & palate, undescended testicle, delayed growth	['HP:0410030', 'HP:0000028', 'HP:0001510']	['Cleft lip', 'Cryptorchidism', 'Growth delay']	['NM_006662.2:c.8065A>T']	['10847']	GENO:0000135	['ORPHA:2044']	['Floating-Harbor syndrome']	NCIT:C20197
134.0	F	26m	STXBP1 	het, de novo	c.1060T>C	p.C354R	STXBP1 related disorder (no epilepsy)	NM_003165.3	NM_003165.3:c.1060T>C	134	F	26m	GDD, hypotonia, staring spells	['HP:0001263', 'HP:0001252', 'HP:0025401']	['Global developmental delay', 'Hypotonia', 'Staring gaze']	['NM_003165.3:c.1060T>C']	['6812']	GENO:0000135	[]	[]	NCIT:C16576
135.0	F	3y	STXBP1 	het, de novo	c.1075C>T	p.Q359X	 STXBP1-related disorder	NM_003165.3	NM_003165.3:c.1075C>T	135	M	13y 3m	dev delay, regression, epilepsy, hypotonia	['HP:0001263', 'HP:0002376', 'HP:0001250', 'HP:0001252']	['Global developmental delay', 'Developmental regression', 'Seizure', 'Hypotonia']	['NM_003165.3:c.1075C>T']	['6812']	GENO:0000135	['OMIM:618076']	['Neurodevelopmental disorder with spasticity and poor growth']	NCIT:C16576
136.0	M	13y 3m	STXBP1 	het, de novo	c.877C>T	p.H293Y	STXBP1 het (EIEE4)	NM_003165.3	NM_003165.3:c.877C>T	136	F	3y	DD seizure methylmalonic aciduria	['HP:0001250', 'HP:0012120']	['Seizure', 'Methylmalonic aciduria']	['NM_003165.3:c.877C>T']	['6812']	GENO:0000135	['ORPHA:599373']	['STXBP1-related encephalopathy']	NCIT:C20197
137.0	F	12y 11m	SYNGAP1 	het, de novo	c.1891C>T	p.Q631*	SYNGAP1-related disorder	NM_006772	NM_006772:c.1891C>T	137	F	12y 11m	GDD, epilepsy, autism, CI	['HP:0001263', 'HP:0001250', 'HP:0000717', 'HP:0100543']	['Global developmental delay', 'Seizure', 'Autism', 'Cognitive impairment']	['NM_006772:c.1891C>T']	['8831']	GENO:0000135	[]	[]	NCIT:C16576
138.0	M	11y	SYNGAP1 	het, de novo	c.1531+3A>G	p.IVS9+3A>G	SYNGAP1-related disorder	NM_006772.2	NM_006772.2:c.1531+3A>G	138	M	11y	cognitive impairment, cleft lip & palate	['HP:0100543', 'HP:0410030', 'HP:0000175']	['Cognitive impairment', 'Cleft lip', 'Cleft palate']	['NM_006772.2:c.1531+3A>G']	['8831']	GENO:0000135	['OMIM:620502']	['Neurodevelopmental disorder with language delay and variable cognitive abnormalities']	NCIT:C20197
139.0	M	9mo	TANGO2 	unclear- homo vs het, maternal	c.451+2T>A	splice	TANGO2-related metabolic encephalopathy and arrythmias	NM_152906	NM_152906:c.451+2T>A	139	M	9mo	metabolic acidosis, ketonuria, electrolyte abnormality, hyperammonemia, hypoglycemia, dehydration, vomiting	['HP:0001942', 'HP:0002919', 'HP:0001987', 'HP:0001943', 'HP:0001944', 'HP:0002013']	['Metabolic acidosis', 'Ketonuria', 'Hyperammonemia', 'Hypoglycemia', 'Dehydration', 'Vomiting']	['NM_152906:c.451+2T>A']	['128989']	GENO:0000135	[]	[]	NCIT:C20197
140.0	F	10mo	TBL1XR1 	het, de novo	c.333_350del18	p.A113_A118del	TBL1XR1- related disorder	NM_024665.4	NM_024665.4:c.333_350del18	140	F	10mo	GDD, esotropia, MCA, tracheomalacia, neonatal anemia 	['HP:0001263', 'HP:0000565', 'HP:0002779', 'HP:0001903']	['Global developmental delay', 'Esotropia', 'Tracheomalacia', 'Anemia']	['NM_024665.4:c.333_350del18']	['79718']	GENO:0000135	['OMIM:618076']	['Neurodevelopmental disorder with spasticity and poor growth']	NCIT:C16576
141.0	M	16y	TP63	unknown	c.500C>T	p.S167F	TP63-related disorder	NM_003722	NM_003722:c.500C>T	141	M	16y	oligodontia, short stature and family history of early onset cancer	['HP:0000677', 'HP:0004322', 'HP:0032316']	['Oligodontia', 'Short stature', 'Family history']	['NM_003722:c.500C>T']	['8626']	GENO:0000137	[]	[]	NCIT:C20197
142.0	M	15y 9m	TRAPPC2 	hemi, mat	deletion: chrX:13732525-13734798		TRAPPC2 hemizygote c/w SEDT	NM_001011658.3	NM_001011658.3:chrX:13732525-13734798 [hg19/GRCh37]	142	M	15y 9m	short stature, skeletal dysplasia	['HP:0004322', 'HP:0002652']	['Short stature', 'Skeletal dysplasia']	['NM_001011658.3:chrX:13732525-13734798 [hg19/GRCh37]']	['6399']	GENO:0000137	[]	[]	NCIT:C20197
143.0	M	11m	TRIM37 	compound het	maternal: c.493-2A>G; paternal: c.1620delC	maternal: p.iVS6-2A>G; paternal: p.T541QfsX29	TRIM37 cmpd het (Mulibrey nanism)	NM_015294.3	NM_015294.3:c.493-2A>G ; NM_015294.3:c.1620delC	143	M	11m	hepatocellular carcinoma, FTT, motor delays, dysmorphic features	['HP:0001402', 'HP:0001508', 'HP:0001270', 'HP:0001999']	['Hepatocellular carcinoma', 'Failure to thrive', 'Motor delay', 'Abnormal facial shape']	['NM_015294.3:c.493-2A>G ; NM_015294.3:c.1620delC']	['4591']	GENO:0000135	['ORPHA:2576']	['Mulibrey nanism']	NCIT:C20197
144.0	M	11m	TRIO 	het, paternal	c.2302C>T	p.Q768*	TRIO-related intellectual disability	NM_007118	NM_007118:c.2302C>T	144	M	11m	macrocephaly, ventriculomegaly, partial agenesis of the corpus callosum, mega cisterna magna, enophthalmos of both eyes, partial 2-3 toe syndactyly on R foot, and developmental delays	['HP:0000256', 'HP:0002119', 'HP:0001338', 'HP:0002280', 'HP:0000490', 'HP:0004691', 'HP:0001263']	['Macrocephaly', 'Ventriculomegaly', 'Partial agenesis of the corpus callosum', 'Enlarged cisterna magna', 'Deeply set eye', '2-3 toe syndactyly', 'Global developmental delay']	['NM_007118:c.2302C>T']	['7204']	GENO:0000135	['OMIM:618089']	['Intellectual developmental disorder with dysmorphic facies and behavioral abnormalities']	NCIT:C20197
145.0	F	18y6m	TTN 	het	c.2114C>T	p.R7048*	Limb-girdle muscular dystrophy 2J	NM_001267550.2	NM_001267550.2:c.2114C>T	145	F	2y	congenital hypotonia, hip dysplasia, B flexion contractures, bifid uvula, VSD	['HP:0001319', 'HP:0001385', 'HP:0001371', 'HP:0000193', 'HP:0001629']	['Neonatal hypotonia', 'Hip dysplasia', 'Flexion contracture', 'Bifid uvula', 'Ventricular septal defect']	['NM_001267550.2:c.2114C>T']	['7276']	GENO:0000135	['ORPHA:1878']	['TRIM32-related limb-girdle muscular dystrophy R8']	NCIT:C16576
146.0	F	2y	TTN 	compound het	maternal: c.15542_15543delTA; paternal: c.98345delC	maternal: p.I5181SfsX4; paternal: p.T32782MfsX55	TTN-related disorder	NM_133378.4	NM_133378.4:c.15542_15543delTA ; NM_133378.4:c.98345delC	146	F	18y6m	Elevated CK, R hip musculoskeletal pain	['HP:0008331', 'HP:0001385']	['Elevated creatine kinase after exercise', 'Hip dysplasia']	['NM_133378.4:c.15542_15543delTA ; NM_133378.4:c.98345delC']	['7276']	GENO:0000135	[]	[]	NCIT:C16576
147.0	M	35y	TTN, TNFRSF13B 	TTN- het, maternal; TNFRSF13B- het, paternal 	TTN: c.88473_88477delAGCTT; TNFRSF13B: c.310T>C	TTN: p.W29493X; TNFRSF13B: p.C104R	TTN-related disorder, possible TNFRSF13B-related disorder	NM_001256850.1 : NM_012452.2	NM_001256850.1:c.88473_88477delAGCTT ; NM_012452.2:c.310T>C	147	M	35y	gross motor delay, rheumatoid arthritis, type 1 diabetes, liver fibrosis and elevated liver enzymes, autoimmune hepatitis, muscle and joint pain, acquired generalized lipodystrophy, nephropathy, congestive heart failure, elevated CPK	['HP:0002194', 'HP:0001370', 'HP:0100651', 'HP:0001395', 'HP:0002910', 'HP:0012115', 'HP:0002829', 'HP:0009064', 'HP:0000112', 'HP:0001635', 'HP:0008180']	['Delayed gross motor development', 'Rheumatoid arthritis', 'Type I diabetes mellitus', 'Hepatic fibrosis', 'Elevated circulating hepatic transaminase concentration', 'Hepatitis', 'Arthralgia', 'Generalized lipodystrophy', 'Nephropathy', 'Congestive heart failure', 'Mildly elevated creatine kinase']	['NM_001256850.1:c.88473_88477delAGCTT ; NM_012452.2:c.310T>C']	['7276', '23495']	GENO:0000135	[]	[]	NCIT:C20197
148.0	M	5y 2m	TUBB3 	het, de novo	c.1172G>T	p.R391L	TUBB3-related disorder	NM_006086.3	NM_006086.3:c.1172G>T	148	M	5y 2m	ID, seizures, microcephaly & agenesis of corpus callosum, visual cortical impairment	['HP:0001250', 'HP:0000252', 'HP:0001274', 'HP:0100704']	['Seizure', 'Microcephaly', 'Agenesis of corpus callosum', 'Cerebral visual impairment']	['NM_006086.3:c.1172G>T']	['10381']	GENO:0000135	['OMIM:618076']	['Neurodevelopmental disorder with spasticity and poor growth']	NCIT:C20197
149.0	M	8y 9m	USP9X 	hemi, de novo	c.392T>A	p.I131N	USP9X de novo hemi (USP9X related disorder)	NM_001039590.2	NM_001039590.2:c.392T>A	149	M	8y 9m	Cognitive impairment, hypotonia, language impairment, equinovarus, alopecia 	['HP:0100543', 'HP:0001252', 'HP:0002463', 'HP:0001762', 'HP:0001596']	['Cognitive impairment', 'Hypotonia', 'Language impairment', 'Talipes equinovarus', 'Alopecia']	['NM_001039590.2:c.392T>A']	['8239']	GENO:0000137	[]	[]	NCIT:C20197
150.0	F	15y	VPS13B 	homo	c.5086C>T	p.R1696*	Cohen syndrome	NM_017890	NM_017890:c.5086C>T	150	F	15y	microcephaly, developmental delay, and intellectual disability 	['HP:0000252', 'HP:0001263', 'HP:0001249']	['Microcephaly', 'Global developmental delay', 'Intellectual disability']	['NM_017890:c.5086C>T']	['157680']	GENO:0000136	['ORPHA:193']	['Cohen syndrome']	NCIT:C16576
151.0	F	8y	VWF 	het, maternal	c.3797C>T	p.P1266L	likely pathogenic variant in VWF	NM_000552.3	NM_000552.3:c.3797C>T	151	F	8y	Joint hyperextensibility of multiple sites, FH of aortic aneurysm, recurrent epistaxis, prolonged bleeding, mild aortic root dilation, hemangioma	['HP:0001382', 'HP:0004942', 'HP:0004406', 'HP:0003010', 'HP:0001647', 'HP:0001028']	['Joint hypermobility', 'Aortic aneurysm', 'Spontaneous, recurrent epistaxis', 'Prolonged bleeding time', 'Bicuspid aortic valve', 'Hemangioma']	['NM_000552.3:c.3797C>T']	['7450']	GENO:0000135	[]	[]	NCIT:C16576
152.0	F	5y 4m	WDR45 	het, de novo	c.763delG	p.A255LfsX33	WDR45 het de novo	NM_007075.3	NM_007075.3:c.763delG	152	F	4 y 	GDD, seizures, mild dysmorphic features, hoarse voice, attention issues, hypotonia, wide-based gait	['HP:0001263', 'HP:0001250', 'HP:0012825', 'HP:0001609', 'HP:0007018', 'HP:0001252', 'HP:0002136']	['Global developmental delay', 'Seizure', 'Mild', 'Hoarse voice', 'Attention deficit hyperactivity disorder', 'Hypotonia', 'Broad-based gait']	['NM_007075.3:c.763delG']	['11152']	GENO:0000135	[]	[]	NCIT:C16576
153.0	F	4 y 	WDR45 	het, de novo	c.700C>T	p.R234X	Neurodegeneration with Brain Iron Accumulation/BPAN	NM_007075.3	NM_007075.3:c.700C>T	153	F	5y 4m	global dev delay, absent speech, limited useful hand mvmts, seizures	['HP:0001263', 'HP:0001344', 'HP:0001155', 'HP:0001250']	['Global developmental delay', 'Absent speech', 'Abnormality of the hand', 'Seizure']	['NM_007075.3:c.700C>T']	['11152']	GENO:0000135	[]	[]	NCIT:C16576
154.0	F	8y 0m	WNT10A 	het, paternal	c.682T>A	p.F228I	WNT10A het (WNT10A-related ectodermal dysplasia)	NM_025216.2	NM_025216.2:c.682T>A	154	F	8y 0m	congenital ptosis, blepharophimosis, macrocephaly, mild DD	['HP:0007970', 'HP:0000581', 'HP:0000256', 'HP:0001256']	['Congenital ptosis', 'Blepharophimosis', 'Macrocephaly', 'Mild intellectual disability']	['NM_025216.2:c.682T>A']	['80326']	GENO:0000135	['OMIM:614940']	['Ectodermal dysplasia 11A, hypohidrotic/hair/tooth type, autosomal dominant']	NCIT:C16576
155.0	M	2y 3m	ZMYND11 	het, maternal	c.1072C>T	p.R358*	ZMYND11-related cognitive impairment	NM_006624	NM_006624:c.1072C>T	155	F	16y	autism spectrum disorder, complex partial seizures that are well controlled at this time, autonomic dysfunction, recurrent skin infections, PCOS, leg edema, hypertension, neurogenic bladder, scoliosis, and fused vertebrae	['HP:0000729', 'HP:0002384', 'HP:0012332', 'HP:0001581', 'HP:0010741', 'HP:0000822', 'HP:0000011', 'HP:0002650', 'HP:0002948']	['Autistic behavior', 'Focal impaired awareness seizure', 'Abnormal autonomic nervous system physiology', 'Recurrent skin infections', 'Pedal edema', 'Hypertension', 'Neurogenic bladder', 'Scoliosis', 'Vertebral fusion']	['NM_006624:c.1072C>T']	['10771']	GENO:0000135	['OMIM:620502']	['Neurodevelopmental disorder with language delay and variable cognitive abnormalities']	NCIT:C20197
156.0	F	16y	ZMYND11 	het, de novo	c.1724G>A	p.C575Y	ZMYND11-related disorder	NM_006624.5	NM_006624.5:c.1724G>A	156	M	2y 3m	DD, growth delay, acrocyanosis, 17q25.4 del mat & bro, significant fhx (mat & pat) ID/LD	['HP:0001510', 'HP:0001063']	['Growth delay', 'Acrocyanosis']	['NM_006624.5:c.1724G>A']	['10771']	GENO:0000135	['OMIM:618076']	['Neurodevelopmental disorder with spasticity and poor growth']	NCIT:C16576
157.0	M	11y	ZNF335 	homo, biparental	c.3092G>A	p.R1031Q	ZNF335-related disorder	NM_022095	NM_022095:c.3092G>A	157	M	11y	seizures, microcephaly, severe GDD, family history DD in sister and 2 maternal uncles	['HP:0001250', 'HP:0000252', 'HP:0001263', 'HP:0032316']	['Seizure', 'Microcephaly', 'Global developmental delay', 'Family history']	['NM_022095:c.3092G>A']	['63925']	GENO:0000136	['OMIM:618076']	['Neurodevelopmental disorder with spasticity and poor growth']	NCIT:C20197
										158	M	18y 11m	dev delay, growth retardation, microcephaly, bicuspid AV, VSD, focal hepatic nodular hyperplasia, urogenital abn, autism spectrum dx	['HP:0001263', 'HP:0001510', 'HP:0000252', 'HP:0001647', 'HP:0001629', 'HP:0034498', 'HP:0000119', 'HP:0000729']	['Global developmental delay', 'Growth delay', 'Microcephaly', 'Bicuspid aortic valve', 'Ventricular septal defect', 'Hepatic focal nodular hyperplasia', 'Abnormality of the genitourinary system', 'Autistic behavior']	['nan']	['11280']	GENO:0000137	[]	[]	NCIT:C17998
										159	F	7y 5m	dev delay, epilepsy	['HP:0001263', 'HP:0001250']	['Global developmental delay', 'Seizure']	['nan']	['11280']	GENO:0000137	[]	[]	NCIT:C17998
										160	F	14y	episodic paroxysmal dystonia or dyskinesia disorder that appears to be exacerbated by stress or heat	['HP:0002268', 'HP:0007166', 'HP:0025285', 'HP:6001076']	['Paroxysmal dystonia', 'Paroxysmal dyskinesia', 'Aggravated by', 'Exacerbated by heat']	['nan']	['11280']	GENO:0000137	[]	[]	NCIT:C17998
										161	F	4y 6m	dev delay, FTT, microcephaly, seizures, encephalopathy, dysgenesis corpus callosum, ventriculomegaly	['HP:0001263', 'HP:0001508', 'HP:0000252', 'HP:0001250', 'HP:0001298', 'HP:0006989', 'HP:0002119']	['Global developmental delay', 'Failure to thrive', 'Microcephaly', 'Seizure', 'Encephalopathy', 'Dysplastic corpus callosum', 'Ventriculomegaly']	['nan']	['11280']	GENO:0000137	[]	[]	NCIT:C17998
										162	M	6y 1m	dev delay, seizures, mildly coarse facial features	['HP:0001263', 'HP:0001250', 'HP:0000280']	['Global developmental delay', 'Seizure', 'Coarse facial features']	['nan']	['11280']	GENO:0000137	[]	[]	NCIT:C17998
										163	M	6y 3m	dev delay, epilepsy	['HP:0001263', 'HP:0001250']	['Global developmental delay', 'Seizure']	['nan']	['11280']	GENO:0000137	[]	[]	NCIT:C17998
										164	M	3y 6m	Ataxia, mod delays, possible oculomotorapraxia	['HP:0001251', 'HP:0001263', 'HP:0000657']	['Ataxia', 'Global developmental delay', 'Oculomotor apraxia']	['nan']	['11280']	GENO:0000137	[]	[]	NCIT:C17998
										165	M	2y 4m	Congenital ptosis, bicuspid aortic valve, Chiari malforation, DD, bro w/congenital ptosis	['HP:0007970', 'HP:0001647', 'HP:0002308', 'HP:0001263']	['Congenital ptosis', 'Bicuspid aortic valve', 'Chiari malformation', 'Global developmental delay']	['nan']	['11280']	GENO:0000137	[]	[]	NCIT:C17998
										166	M	4y 0m	dev delay, FTT, hypotonia, abnormal brain MRI; TTN likely pathogenic, PLEC & POMT1 VUS	['HP:0001263', 'HP:0001508', 'HP:0001252']	['Global developmental delay', 'Failure to thrive', 'Hypotonia']	['nan']	['11280']	GENO:0000137	[]	[]	NCIT:C17998
										167	M	13y 8m	Congenital hypotonia, congenital central hypoventilation, unknown congenital myopathy; sister d.6m severe hyponatremia, congenital central hypotonia, myopathic facies, B clubfeet, hypoventilation	['HP:0001319', 'HP:0007110', 'HP:0003198', 'HP:0002902', 'HP:0002058', 'HP:0001762', 'HP:0002791']	['Neonatal hypotonia', 'Central hypoventilation', 'Myopathy', 'Hyponatremia', 'Myopathic facies', 'Talipes equinovarus', 'Hypoventilation']	['nan']	['11280']	GENO:0000137	[]	[]	NCIT:C17998
										168	F	10y 11m	Mild-mod ID, speech apraxia, L cerebellopontine angle arachnoid cyst	['HP:0011098', 'HP:0012487']	['Speech apraxia', 'Cerebellopontine angle arachnoid cyst']	['nan']	['11280']	GENO:0000137	[]	[]	NCIT:C17998
										169	M	16y 7m	CI, seizures, quadriplegia, structural brain abnormalities, secondary mito dx	['HP:0001250', 'HP:0002445']	['Seizure', 'Tetraplegia']	['nan']	['11280']	GENO:0000137	[]	[]	NCIT:C17998
										170	M	3y 11m	46,XY gonadal dysgenesis	['HP:0008668', 'HP:0000133']	['Gonadal dysgenesis, male', 'Gonadal dysgenesis']	['nan']	['11280']	GENO:0000137	[]	[]	NCIT:C17998
										171	M	11y 2m	cognitive impairment, autism spectrum dx, microcephaly	['HP:0100543', 'HP:0000717', 'HP:0000252']	['Cognitive impairment', 'Autism', 'Microcephaly']	['nan']	['11280']	GENO:0000137	[]	[]	NCIT:C17998
										172	M	4y 5m	DD, microcephaly, dysmorphic ftrs	['HP:0000252', 'HP:0001999']	['Microcephaly', 'Abnormal facial shape']	['nan']	['11280']	GENO:0000137	[]	[]	NCIT:C17998
										173	F	8y 10m	global weakness, gait ataxia, areflexia, cerebellar atrophy	['HP:0025406', 'HP:0002066', 'HP:0001284', 'HP:0001272']	['Asthenia', 'Gait ataxia', 'Areflexia', 'Cerebellar atrophy']	['nan']	['11280']	GENO:0000137	[]	[]	NCIT:C17998
										174	M	3y 2m	pierre robin sequencing, obstructive apea, dysphagia, developmental delay, chronic lung disease	['HP:0000201', 'HP:0002870', 'HP:0002015', 'HP:0001263', 'HP:0006528']	['Pierre-Robin sequence', 'Obstructive sleep apnea', 'Dysphagia', 'Global developmental delay', 'Chronic lung disease']	['nan']	['11280']	GENO:0000137	[]	[]	NCIT:C17998
										175	M	4m	DORV, ASD/VSD, pulm hypoplasia, omphalocele, cleft lip/palate, CDH	['HP:0001719', 'HP:0000729', 'HP:0002089', 'HP:0001539', 'HP:0000202', 'HP:0000453']	['Double outlet right ventricle', 'Autistic behavior', 'Pulmonary hypoplasia', 'Omphalocele', 'Orofacial cleft', 'Choanal atresia']	['nan']	['11280']	GENO:0000137	[]	[]	NCIT:C17998
										176	F	19y	congenital myopathy, neuromuscular scoliosis, weakness, motor delays, and elbow contractures 	['HP:0003198', 'HP:0002650', 'HP:0025406', 'HP:0001270', 'HP:0034391']	['Myopathy', 'Scoliosis', 'Asthenia', 'Motor delay', 'Elbow contracture']	['nan']	['11280']	GENO:0000137	[]	[]	NCIT:C17998
										177	M	2y	hypotonia and global developmental delay	['HP:0001252', 'HP:0001263']	['Hypotonia', 'Global developmental delay']	['nan']	['11280']	GENO:0000137	[]	[]	NCIT:C17998
										178	F	9y	22q11.2 distal deletion, epilepsy, and severe global developmental delay	['HP:0012839', 'HP:0001250', 'HP:0011344']	['Distal', 'Seizure', 'Severe global developmental delay']	['nan']	['11280']	GENO:0000137	[]	[]	NCIT:C17998
										179	F	5y	accelerated growth, mild DD, behavior concerns, premature gray hair w/skin pigment changes, advanced bone age	['HP:0000098', 'HP:0001256', 'HP:0000722', 'HP:0005616']	['Tall stature', 'Mild intellectual disability', 'Compulsive behaviors', 'Accelerated skeletal maturation']	['nan']	['11280']	GENO:0000137	[]	[]	NCIT:C17998
										180	M	3y	anion gap acidosis and ketosis	['HP:0001941', 'HP:0001946']	['Acidosis', 'Ketosis']	['nan']	['11280']	GENO:0000137	[]	[]	NCIT:C17998
										181	F	17y 3m	Hypotonia, seizures, cognitive impairment, lack of normal physiological development	['HP:0001252', 'HP:0001250', 'HP:0100543']	['Hypotonia', 'Seizure', 'Cognitive impairment']	['nan']	['11280']	GENO:0000137	[]	[]	NCIT:C17998
										182	F	10y	cognitive impairment, developmental delay, potential diagnosis of autism	['HP:0100543', 'HP:0001263', 'HP:0000717']	['Cognitive impairment', 'Global developmental delay', 'Autism']	['nan']	['11280']	GENO:0000137	[]	[]	NCIT:C17998
										183	M	2y 0m	dev delay, hypotonia, short stature, unilateral renal agenesis	['HP:0001263', 'HP:0001252', 'HP:0004322', 'HP:0000122']	['Global developmental delay', 'Hypotonia', 'Short stature', 'Unilateral renal agenesis']	['nan']	['11280']	GENO:0000137	[]	[]	NCIT:C17998
										184	F	9y 6m	B cataracts, ASD/VSD, abnormal skin pigmentation, dysmorphic features	['HP:0000518', 'HP:0000729', 'HP:0001000', 'HP:0001999']	['Cataract', 'Autistic behavior', 'Abnormality of skin pigmentation', 'Abnormal facial shape']	['nan']	['11280']	GENO:0000137	[]	[]	NCIT:C17998
										185	M	6y 3m	DD, autism, monochorionic diamniotic twin, prematurity	['HP:0000717', 'HP:6000104']	['Autism', 'Twin pregnancy']	['nan']	['11280']	GENO:0000137	[]	[]	NCIT:C17998
										186	M	5y 5m	CIDP, anxiety	['HP:0000739']	['Anxiety']	['nan']	['11280']	GENO:0000137	[]	[]	NCIT:C17998
										187	F	8y 8m	choanal stenosis, Chiari I, maxillary hypoplasia	['HP:0000452', 'HP:0007099', 'HP:0000327']	['Choanal stenosis', 'Chiari type I malformation', 'Hypoplasia of the maxilla']	['nan']	['11280']	GENO:0000137	[]	[]	NCIT:C17998
										188	F	10m	Intractable symptomatic generalized epilepsy, hypsarrhythmia, global DD, visual impairment, cerebral ventriculomegaly, microcephalic, Aicardi-syndrome	['HP:0001250', 'HP:0002521', 'HP:0001263', 'HP:0000505', 'HP:0002119', 'HP:0000252']	['Seizure', 'Hypsarrhythmia', 'Global developmental delay', 'Visual impairment', 'Ventriculomegaly', 'Microcephaly']	['nan']	['11280']	GENO:0000137	[]	[]	NCIT:C17998
										189	M	10m	Shone complex, hypotonia, plagiocephaly, dysphagia	['HP:0001252', 'HP:0001357', 'HP:0002015']	['Hypotonia', 'Plagiocephaly', 'Dysphagia']	['nan']	['11280']	GENO:0000137	[]	[]	NCIT:C17998
										190	F	8y 7m	dev delay, growth restriction	['HP:0001263', 'HP:0001511']	['Global developmental delay', 'Intrauterine growth retardation']	['nan']	['11280']	GENO:0000137	[]	[]	NCIT:C17998
										191	M	10y	hypotonia, myopathy, DD, weakness, incoordination, prematurity	['HP:0001252', 'HP:0003198', 'HP:0001263', 'HP:0025406', 'HP:0002311']	['Hypotonia', 'Myopathy', 'Global developmental delay', 'Asthenia', 'Incoordination']	['nan']	['11280']	GENO:0000137	[]	[]	NCIT:C17998
										192	F	19y	primary ciliary dyskinesia, iatrogenic Cushing's syndrome, hypogammaglobulinemia, pulmonary nodules, acquired hypothyroidism, and pulmonary mucormycosis 	['HP:0012265', 'HP:0004313', 'HP:0033608', 'HP:0000821']	['Ciliary dyskinesia', 'Decreased circulating immunoglobulin concentration', 'Pulmonary nodule', 'Hypothyroidism']	['nan']	['11280']	GENO:0000137	[]	[]	NCIT:C17998
										193	M	10y	neurodevelopmental NOS, intellectual disability, seizures, large for age	['HP:0012759', 'HP:0001249', 'HP:0001250', 'HP:0001520']	['Neurodevelopmental abnormality', 'Intellectual disability', 'Seizure', 'Large for gestational age']	['nan']	['11280']	GENO:0000137	[]	[]	NCIT:C17998
										194	F	4y	dandy walker syndrome, developmental delay, congenital malrotation, failure to thrive, and hydrocephalus	['HP:0001263', 'HP:0002566', 'HP:0001508', 'HP:0000238']	['Global developmental delay', 'Intestinal malrotation', 'Failure to thrive', 'Hydrocephalus']	['nan']	['11280']	GENO:0000137	[]	[]	NCIT:C17998
										195	F	17y 2m	Cognitive impairment, seizure disorder, bilateral hearing loss	['HP:0100543', 'HP:0001250', 'HP:0000365']	['Cognitive impairment', 'Seizure', 'Hearing impairment']	['nan']	['11280']	GENO:0000137	[]	[]	NCIT:C17998
										196	F	2y	GDD, congenital metatarsus adductus, short stature	['HP:0001263', 'HP:0001840', 'HP:0004322']	['Global developmental delay', 'Metatarsus adductus', 'Short stature']	['nan']	['11280']	GENO:0000137	[]	[]	NCIT:C17998
										197	M	4y	generalized epilepsy and speech delay	['HP:0001250', 'HP:0000750']	['Seizure', 'Delayed speech and language development']	['nan']	['11280']	GENO:0000137	[]	[]	NCIT:C17998
										198	M	2y 4m	Pierre Robin, cleft palate, glossoptosis, ear anomalies	['HP:0000201', 'HP:0000175', 'HP:0000162', 'HP:0000356']	['Pierre-Robin sequence', 'Cleft palate', 'Glossoptosis', 'Abnormality of the outer ear']	['nan']	['11280']	GENO:0000137	[]	[]	NCIT:C17998
										199	F	10y 10m	dev delay, ADHD, mild dysmorphic facial features, CAL macules	['HP:0001263', 'HP:0007018', 'HP:0001999', 'HP:0000957']	['Global developmental delay', 'Attention deficit hyperactivity disorder', 'Abnormal facial shape', 'Cafe-au-lait spot']	['nan']	['11280']	GENO:0000137	[]	[]	NCIT:C17998
										200	F	3y	GDD, aortic root enlargement, bicuspid aortic valve, hypotonia, and history of growth delay	['HP:0001263', 'HP:0001647', 'HP:0001647', 'HP:0001252', 'HP:0001510']	['Global developmental delay', 'Bicuspid aortic valve', 'Bicuspid aortic valve', 'Hypotonia', 'Growth delay']	['nan']	['11280']	GENO:0000137	[]	[]	NCIT:C17998
										201	M	2y 1m	Dev delay, distal symphalangism of hands, toe defects, macrocephaly, dysmorphic facial features	['HP:0001263', 'HP:0001204', 'HP:0001459', 'HP:0000256', 'HP:0001999']	['Global developmental delay', 'Distal symphalangism of hands', '1-3 toe syndactyly', 'Macrocephaly', 'Abnormal facial shape']	['nan']	['11280']	GENO:0000137	[]	[]	NCIT:C17998
										202	M	14y 0m	polymicrogyria, global dev delay, seizure dx, B hearing loss, psychiatric dx	['HP:0002126', 'HP:0001263', 'HP:0001250', 'HP:0000365', 'HP:0000709']	['Polymicrogyria', 'Global developmental delay', 'Seizure', 'Hearing impairment', 'Psychosis']	['nan']	['11280']	GENO:0000137	[]	[]	NCIT:C17998
										203	F	16y 10m	progressive muscle weakness, SOB, dysphagia, celiac dx	['HP:0003323', 'HP:0002015', 'HP:0002608']	['Progressive muscle weakness', 'Dysphagia', 'Celiac disease']	['nan']	['11280']	GENO:0000137	[]	[]	NCIT:C17998
										204	M	13y 2m	dev delay, hypothyroidism, precocious puberty, seizures, dysmorphic features	['HP:0001263', 'HP:0000821', 'HP:0000826', 'HP:0001250', 'HP:0001999']	['Global developmental delay', 'Hypothyroidism', 'Precocious puberty', 'Seizure', 'Abnormal facial shape']	['nan']	['11280']	GENO:0000137	[]	[]	NCIT:C17998
										205	M	12y 1m	epileptic encephalopathy, dev delay/regression, hypotonia, contractures, microcephaly, brain atrophy, cerebral demyelination, short stature	['HP:0200134', 'HP:0001263', 'HP:0002376', 'HP:0001252', 'HP:0034392', 'HP:0000252', 'HP:0012444', 'HP:0007266', 'HP:0004322']	['Epileptic encephalopathy', 'Global developmental delay', 'Developmental regression', 'Hypotonia', 'Joint contracture', 'Microcephaly', 'Brain atrophy', 'Cerebral dysmyelination', 'Short stature']	['nan']	['11280']	GENO:0000137	[]	[]	NCIT:C17998
										206	M	20y	Klippel-Feil deformity, Sprengel's deformity, hearing loss, and thoracic aortic and carotid aneurysm	['HP:0000912', 'HP:0000365', 'HP:0012727', 'HP:0012163']	['Sprengel anomaly', 'Hearing impairment', 'Thoracic aortic aneurysm', 'Carotid artery dilatation']	['nan']	['11280']	GENO:0000137	[]	[]	NCIT:C17998
										207	M	13y 9m	short stature, hypotonia, dev delay, behavior problems	['HP:0004322', 'HP:0001252', 'HP:0001263', 'HP:0000708']	['Short stature', 'Hypotonia', 'Global developmental delay', 'Atypical behavior']	['nan']	['11280']	GENO:0000137	[]	[]	NCIT:C17998
										208	M	2y	autism spectrum disorder, developmental delay, and developmental regression	['HP:0000729', 'HP:0001263', 'HP:0002376']	['Autistic behavior', 'Global developmental delay', 'Developmental regression']	['nan']	['11280']	GENO:0000137	[]	[]	NCIT:C17998
										209	M	12y	congenital hypotonia, short stature, poor weight gain, and developmental delays	['HP:0001319', 'HP:0004322', 'HP:0001508', 'HP:0001263']	['Neonatal hypotonia', 'Short stature', 'Failure to thrive', 'Global developmental delay']	['nan']	['11280']	GENO:0000137	[]	[]	NCIT:C17998
										210	F	1y 0m	mito dx, feeding diff, dev delay	['HP:0008972', 'HP:0011968', 'HP:0001263']	['Decreased activity of mitochondrial respiratory chain', 'Feeding difficulties', 'Global developmental delay']	['nan']	['11280']	GENO:0000137	[]	[]	NCIT:C17998
										211	M	8y 11m	Epilepsy, cortical dysplasia, DD, B optic nerve atrophy, exotropia	['HP:0001250', 'HP:0002539', 'HP:0001263', 'HP:0000648', 'HP:0000577']	['Seizure', 'Cortical dysplasia', 'Global developmental delay', 'Optic atrophy', 'Exotropia']	['nan']	['11280']	GENO:0000137	[]	[]	NCIT:C17998
										212	F	15y 3m	dystonia, cerebellar ataxia, mito complex I def	['HP:0001332', 'HP:0001251']	['Dystonia', 'Ataxia']	['nan']	['11280']	GENO:0000137	[]	[]	NCIT:C17998
										213	M	7y	developmental delay, FTT (now resolved), and recurrent vomiting and oral aversion (s/p Nissen fundoplication), alpha-thalassemia trait	['HP:0001263', 'HP:0001508', 'HP:0002572', 'HP:0012523', 'HP:0000001']	['Global developmental delay', 'Failure to thrive', 'Episodic vomiting', 'Oral aversion', 'All']	['nan']	['11280']	GENO:0000137	[]	[]	NCIT:C17998
										214	M	15y	developmental delays, neuropathy, Autism spectrum disorder, and aggressive behaviors 	['HP:0001263', 'HP:0009830', 'HP:0000729', 'HP:0000718']	['Global developmental delay', 'Peripheral neuropathy', 'Autistic behavior', 'Aggressive behavior']	['nan']	['11280']	GENO:0000137	[]	[]	NCIT:C17998
										215	F	2y	developmental delay, frequent fevers, and seizures 	['HP:0001263', 'HP:0001945', 'HP:0001250']	['Global developmental delay', 'Fever', 'Seizure']	['nan']	['11280']	GENO:0000137	[]	[]	NCIT:C17998
										216	F	11y	neutropenia and lymphopenia, history of transposition of the great arteries (s/p surgical correction), eczema, constipation, recurrent UTIs, developmental delay, and seizures	['HP:0001875', 'HP:0001888', 'HP:0001669', 'HP:0000964', 'HP:0002019', 'HP:0000010', 'HP:0001263', 'HP:0001250']	['Decreased total neutrophil count', 'Decreased total lymphocyte count', 'Transposition of the great arteries', 'Eczematoid dermatitis', 'Constipation', 'Recurrent urinary tract infections', 'Global developmental delay', 'Seizure']	['nan']	['11280']	GENO:0000137	[]	[]	NCIT:C17998
										217	F	6y 0m	Megacerebellum, szrs, ataxia, autonomic dysregulation, POTs, GDD	['HP:0001250', 'HP:0001251', 'HP:0012332', 'HP:0001263']	['Seizure', 'Ataxia', 'Abnormal autonomic nervous system physiology', 'Global developmental delay']	['nan']	['11280']	GENO:0000137	[]	[]	NCIT:C17998
										218	M	3y 5m	dev delay, IUGR, FTT, ex-28wk premie	['HP:0001263', 'HP:0001511', 'HP:0001508']	['Global developmental delay', 'Intrauterine growth retardation', 'Failure to thrive']	['nan']	['11280']	GENO:0000137	[]	[]	NCIT:C17998
										219	M	12y 9m	hypospadias, cryptorchidism, optic nerve hypoplasia, short stature, behavior problems	['HP:0000047', 'HP:0000028', 'HP:0000609', 'HP:0004322', 'HP:0000708']	['Hypospadias', 'Cryptorchidism', 'Optic nerve hypoplasia', 'Short stature', 'Atypical behavior']	['nan']	['11280']	GENO:0000137	[]	[]	NCIT:C17998
										220	F	9y 10m	pre/postnatal growth restriction, seizures, hypotonia, mild dev delay	['HP:0001507', 'HP:0001250', 'HP:0001252', 'HP:0001263']	['Growth abnormality', 'Seizure', 'Hypotonia', 'Global developmental delay']	['nan']	['11280']	GENO:0000137	[]	[]	NCIT:C17998
										221	M	20y	IgG/C3 warm autoimmune hemolytic anemia, ITP, refractory warts, progressive combined immunodeficiency	['HP:0001890', 'HP:0031375', 'HP:0005387']	['Autoimmune hemolytic anemia', 'Refractory', 'Combined immunodeficiency']	['nan']	['11280']	GENO:0000137	[]	[]	NCIT:C17998
										222	M	5 y 6 m	DD, ptosis, myopia, mixed language d/o	['HP:0000508', 'HP:0000545', 'HP:0000750']	['Ptosis', 'Myopia', 'Delayed speech and language development']	['nan']	['11280']	GENO:0000137	[]	[]	NCIT:C17998
										223	M	6y 4m	hypospadias, bifid scrotum, B gonadoblastoma, GERD, pulm HTN, murmur	['HP:0000047', 'HP:0000048', 'HP:0000150', 'HP:0002020', 'HP:0002092', 'HP:0030148']	['Hypospadias', 'Bifid scrotum', 'Gonadoblastoma', 'Gastroesophageal reflux', 'Pulmonary arterial hypertension', 'Heart murmur']	['nan']	['11280']	GENO:0000137	[]	[]	NCIT:C17998
										224	F	9y 11m	mild dysmorphic features, TEF, PDA, ASD, R hand/thumb hypoplasia	['HP:0012825', 'HP:0000029', 'HP:0001643', 'HP:0000729', 'HP:0001792']	['Mild', 'Testicular atrophy', 'Patent ductus arteriosus', 'Autistic behavior', 'Small nail']	['nan']	['11280']	GENO:0000137	[]	[]	NCIT:C17998
										225	F	3y 1m	Cleft palate, GDD, dysmorphic ftrs, prenatal polysubstance exposure; full sister w cleft palate, speech delay, & hypotonia	['HP:0000175', 'HP:0001263', 'HP:0001999', 'HP:0031437', 'HP:0000750', 'HP:0001252']	['Cleft palate', 'Global developmental delay', 'Abnormal facial shape', 'Pregnancy exposure', 'Delayed speech and language development', 'Hypotonia']	['nan']	['11280']	GENO:0000137	[]	[]	NCIT:C17998
										226	M	9y 11m	Dystonia, nonspecific brain & cervical spine imaging	['HP:0001332', 'HP:0000925']	['Dystonia', 'Abnormality of the vertebral column']	['nan']	['11280']	GENO:0000137	[]	[]	NCIT:C17998
										227	F	9y 9m	autism, intellectual disability, macrocephaly, constipation	['HP:0000717', 'HP:0001249', 'HP:0000256', 'HP:0002019']	['Autism', 'Intellectual disability', 'Macrocephaly', 'Constipation']	['nan']	['11280']	GENO:0000137	[]	[]	NCIT:C17998
										228	F	6yr 1m	macrocephaly, ventrigulomegaly, muscle weakness, hyperterlorism, ptosis, atrial septal defect, hypotonia, joint hypermobility, bilateral hip dysplasia, patellar dislocation, motor delay, constipation, dental issues, abnormal muscle bx	['HP:0000256', 'HP:0002119', 'HP:0001324', 'HP:0000316', 'HP:0000508', 'HP:0001631', 'HP:0001252', 'HP:0001382', 'HP:0001385', 'HP:0002999', 'HP:0001270', 'HP:0002019', 'HP:0000164', 'HP:0011805']	['Macrocephaly', 'Ventriculomegaly', 'Muscle weakness', 'Hypertelorism', 'Ptosis', 'Atrial septal defect', 'Hypotonia', 'Joint hypermobility', 'Hip dysplasia', 'Patellar dislocation', 'Motor delay', 'Constipation', 'Abnormality of the dentition', 'Abnormal skeletal muscle morphology']	['nan']	['11280']	GENO:0000137	[]	[]	NCIT:C17998
										229	F	13 y	explosive-onset generalized epilepsy	['HP:0003674', 'HP:0001250']	['Onset', 'Seizure']	['nan']	['11280']	GENO:0000137	[]	[]	NCIT:C17998
										230	M	4y 1m	Autism, exotropia	['HP:0000717', 'HP:0000577']	['Autism', 'Exotropia']	['nan']	['11280']	GENO:0000137	[]	[]	NCIT:C17998
										231	M	8y 10m	Male with GDD, hypotonia, hyperflexibility, ptosis, right megaureter and dysmorphic features	['HP:0001263', 'HP:0001252', 'HP:0001382', 'HP:0000508', 'HP:0000072', 'HP:0001999']	['Global developmental delay', 'Hypotonia', 'Joint hypermobility', 'Ptosis', 'Hydroureter', 'Abnormal facial shape']	['nan']	['11280']	GENO:0000137	[]	[]	NCIT:C17998
										232	F	16y 9m	chronic pulmonary dx	['HP:0011010', 'HP:0002089']	['Chronic', 'Pulmonary hypoplasia']	['nan']	['11280']	GENO:0000137	[]	[]	NCIT:C17998
										233	M	4y 10m	dev delay, seizures, epispadias, mitochondrial dx	['HP:0001263', 'HP:0001250', 'HP:0000039', 'HP:0001427']	['Global developmental delay', 'Seizure', 'Epispadias', 'Mitochondrial inheritance']	['nan']	['11280']	GENO:0000137	[]	[]	NCIT:C17998
										234	F	7y 9m	ichthyosis, sparse hair, atypical facial features, ASD	['HP:0008064', 'HP:0008070', 'HP:0000271', 'HP:0000729']	['Ichthyosis', 'Sparse hair', 'Abnormality of the face', 'Autistic behavior']	['nan']	['11280']	GENO:0000137	[]	[]	NCIT:C17998
										235	M	15y	ID, macrocephaly, ADHD, OCD, anxiety, possible autistic behaviors, chronic headaches, R SNHL, chiari I malformation, cataracts, subaortic stenosis, short stature	['HP:0000256', 'HP:0007018', 'HP:0000722', 'HP:0000739', 'HP:0000729', 'HP:0002315', 'HP:0007099', 'HP:0000518', 'HP:0001682', 'HP:0004322']	['Macrocephaly', 'Attention deficit hyperactivity disorder', 'Compulsive behaviors', 'Anxiety', 'Autistic behavior', 'Headache', 'Chiari type I malformation', 'Cataract', 'Subvalvular aortic stenosis', 'Short stature']	['nan']	['11280']	GENO:0000137	[]	[]	NCIT:C17998
										236	F	12y 3m	hereditary sensory and autonomic neuropathy, seizures, recurrent fevers, decreased sweating, temp instability, axonal neuropathy, colitis, anteriorly displaced anus	['HP:0009830', 'HP:0001250', 'HP:0001954', 'HP:0000966', 'HP:0005968', 'HP:0003477', 'HP:0002583', 'HP:0001545']	['Peripheral neuropathy', 'Seizure', 'Recurrent fever', 'Hypohidrosis', 'Temperature instability', 'Peripheral axonal neuropathy', 'Colitis', 'Anteriorly placed anus']	['nan']	['11280']	GENO:0000137	[]	[]	NCIT:C17998
										237	M	11y 0m	CVID, autism spectrum dx	['HP:0000717']	['Autism']	['nan']	['11280']	GENO:0000137	[]	[]	NCIT:C17998
										238	M	11y 8m	proximal muscle weakness, facial weakness, atrophy of proximal lower extremity musculature	['HP:0003701', 'HP:0030319', 'HP:0012840']	['Proximal muscle weakness', 'Weakness of facial musculature', 'Proximal']	['nan']	['11280']	GENO:0000137	[]	[]	NCIT:C17998
										239	F	2y 2m	global dev delay, FTT, cyclical vomiting, pulmonary disease, febile szr	['HP:0001263', 'HP:0001508', 'HP:0002013', 'HP:0006510', 'HP:0002373']	['Global developmental delay', 'Failure to thrive', 'Vomiting', 'Chronic pulmonary obstruction', 'Febrile seizure (within the age range of 3 months to 6 years)']	['nan']	['11280']	GENO:0000137	[]	[]	NCIT:C17998
										240	F	3y 4m	dev delay, seizures, microcephaly, auditory neuropathy, hypotonia	['HP:0001263', 'HP:0001250', 'HP:0000252', 'HP:0001252']	['Global developmental delay', 'Seizure', 'Microcephaly', 'Hypotonia']	['nan']	['11280']	GENO:0000137	[]	[]	NCIT:C17998
										241	M	18m	Congenital hypothyroidism, VSD, poor weight gain, failed hearing screens	['HP:0000851', 'HP:0001629', 'HP:0001508', 'HP:0000365']	['Congenital hypothyroidism', 'Ventricular septal defect', 'Failure to thrive', 'Hearing impairment']	['nan']	['11280']	GENO:0000137	[]	[]	NCIT:C17998
										242	M	7y 3m	Variant of prune belly syndrome, obstructive uropathy, renal dysplasia, prematurity	['HP:0004392', 'HP:4000035', 'HP:0000110']	['Prune belly', 'Primary obstructive megaureter', 'Renal dysplasia']	['nan']	['11280']	GENO:0000137	[]	[]	NCIT:C17998
										243	M	4y	neuromuscular symptoms, hypotonia, weakness, poor coordination, and developmental delay	['HP:0001252', 'HP:0025406', 'HP:0002311', 'HP:0001263']	['Hypotonia', 'Asthenia', 'Incoordination', 'Global developmental delay']	['nan']	['11280']	GENO:0000137	[]	[]	NCIT:C17998
										244	F	5y	early, but not juvenile epileptic encephalopathy and current history of global developmental delays	['HP:0001250', 'HP:0001298', 'HP:0001263']	['Seizure', 'Encephalopathy', 'Global developmental delay']	['nan']	['11280']	GENO:0000137	[]	[]	NCIT:C17998
										245	M	3y 4m	Sagittal synostosis, hypotonia, FTT, mild dysmorphic features	['HP:0004442', 'HP:0001252', 'HP:0001508', 'HP:0012825']	['Sagittal craniosynostosis', 'Hypotonia', 'Failure to thrive', 'Mild']	['nan']	['11280']	GENO:0000137	[]	[]	NCIT:C17998
										246	F	8y	global developmental delay, feeding difficulties, cong. Fiber type disproportion, hypotonia, small kidneys, bilat. Hip dysplasia, and scoliosis	['HP:0001263', 'HP:0011968', 'HP:0001319', 'HP:0001252', 'HP:0000089', 'HP:0001385', 'HP:0002650']	['Global developmental delay', 'Feeding difficulties', 'Neonatal hypotonia', 'Hypotonia', 'Renal hypoplasia', 'Hip dysplasia', 'Scoliosis']	['nan']	['11280']	GENO:0000137	[]	[]	NCIT:C17998
										247	M	8y 9m	motor delay, contractures, myopathy, cryptorchidism, prematurity (27 weeks)	['HP:0001270', 'HP:0034392', 'HP:0003198', 'HP:0000028']	['Motor delay', 'Joint contracture', 'Myopathy', 'Cryptorchidism']	['nan']	['11280']	GENO:0000137	[]	[]	NCIT:C17998
										248	F	18y 10m	Generalized joint hyperextensibility, MVP, vasovagal syncope, family history sudden death/MVP	['HP:0002761', 'HP:0003394', 'HP:0012668', 'HP:0001699']	['Generalized joint hypermobility', 'Muscle spasm', 'Vasovagal syncope', 'Sudden death']	['nan']	['11280']	GENO:0000137	[]	[]	NCIT:C17998
										249	F	3y 2m	Motility disorder of intestine, recurrent respiratory infection, feeding intolerance	['HP:0002205', 'HP:0008872']	['Recurrent respiratory infections', 'Feeding difficulties in infancy']	['nan']	['11280']	GENO:0000137	[]	[]	NCIT:C17998
										250	M	10y 3m	Learning difficulties, speech delay, behavior concerns, 3p26.1 triplication mat	['HP:0000750', 'HP:0000750', 'HP:0000722']	['Delayed speech and language development', 'Delayed speech and language development', 'Compulsive behaviors']	['nan']	['11280']	GENO:0000137	[]	[]	NCIT:C17998
										251	M	3y 10m	Autism spectrum dx, dev delay, dyspraxia of development of speech	['HP:0000717', 'HP:0001263']	['Autism', 'Global developmental delay']	['nan']	['11280']	GENO:0000137	[]	[]	NCIT:C17998
										252	M	6y 8m	Speech delay, possible autism; brother delayed speech, texture aversion	['HP:0000750', 'HP:0000729']	['Delayed speech and language development', 'Autistic behavior']	['nan']	['11280']	GENO:0000137	[]	[]	NCIT:C17998
										253	F	14y 5m	Recurrent nonossifying fibroma of tL ibia & fibula/R tibia/additional throughout legs, ganglion cyst, soft tissue mass L calf, tall stature/fast growth, mild facial asymmetry; father with Alport syndrome	['HP:0010614', 'HP:0010614', 'HP:0010614', 'HP:0010614', 'HP:0020076', 'HP:0000098', 'HP:0000098', 'HP:0000324']	['Fibroma', 'Fibroma', 'Fibroma', 'Fibroma', 'Wrist ganglion', 'Tall stature', 'Tall stature', 'Facial asymmetry']	['nan']	['11280']	GENO:0000137	[]	[]	NCIT:C17998
										254	M	6y 8m	dev delay, vascular ring, dysmorphic ftrs	['HP:0001263', 'HP:0010775', 'HP:0001999']	['Global developmental delay', 'Vascular ring', 'Abnormal facial shape']	['nan']	['11280']	GENO:0000137	[]	[]	NCIT:C17998
										255	M	2y	Peter's anomaly, coloboma L iris, brachydactyly, GDD, hypotonia, short stature	['HP:0000659', 'HP:0000612', 'HP:0001156', 'HP:0001263', 'HP:0001252', 'HP:0004322']	['Peters anomaly', 'Iris coloboma', 'Brachydactyly', 'Global developmental delay', 'Hypotonia', 'Short stature']	['nan']	['11280']	GENO:0000137	[]	[]	NCIT:C17998
										256	M	16y 4m	short stature, toe/rib/vertebral anomalies, brachydactyly, ASD, chronic resp infx	['HP:0004322', 'HP:0001780', 'HP:0000772', 'HP:0003468', 'HP:0001156', 'HP:0000729', 'HP:0011010']	['Short stature', 'Abnormal toe morphology', 'Abnormal rib morphology', 'Abnormal vertebral morphology', 'Brachydactyly', 'Autistic behavior', 'Chronic']	['nan']	['11280']	GENO:0000137	[]	[]	NCIT:C17998
										257	M	11y 7m	seizure d/o, GDD	['HP:0001250', 'HP:0001263']	['Seizure', 'Global developmental delay']	['nan']	['11280']	GENO:0000137	[]	[]	NCIT:C17998
										258	M	17y	microcephaly, ADHD, cognitive delays, and bronchiolitis obliterans 	['HP:0000252', 'HP:0007018', 'HP:0001263', 'HP:0011946']	['Microcephaly', 'Attention deficit hyperactivity disorder', 'Global developmental delay', 'Bronchiolitis obliterans']	['nan']	['11280']	GENO:0000137	[]	[]	NCIT:C17998
										259	F	15y 8m	Thyroiditis, encephalitis, myasthenia, blurry vision, diplopia & ptosis, celiac dz, GI motility prob, dysautonomia, Raynaud phenomenon	['HP:0100646', 'HP:0002383', 'HP:0003473', 'HP:0000622', 'HP:0000651', 'HP:0000508', 'HP:0002608', 'HP:0002589', 'HP:0012332', 'HP:0030880']	['Thyroiditis', 'Infectious encephalitis', 'Fatigable weakness', 'Blurred vision', 'Diplopia', 'Ptosis', 'Celiac disease', 'Gastrointestinal atresia', 'Abnormal autonomic nervous system physiology', 'Raynaud phenomenon']	['nan']	['11280']	GENO:0000137	[]	[]	NCIT:C17998
										260	M	1y 6m	Cerebral ventriculomegaly, macrocrania, developmental delay	['HP:0002119', 'HP:0000256', 'HP:0001263']	['Ventriculomegaly', 'Macrocephaly', 'Global developmental delay']	['nan']	['11280']	GENO:0000137	[]	[]	NCIT:C17998
										261	M	3y	macrocephaly, hypotonia,  gross motor and language developmental delay	['HP:0000256', 'HP:0001252', 'HP:0002194', 'HP:0000750']	['Macrocephaly', 'Hypotonia', 'Delayed gross motor development', 'Delayed speech and language development']	['nan']	['11280']	GENO:0000137	[]	[]	NCIT:C17998
										262	M	11y 6m	autism, dev delay, obesity, macrocephaly	['HP:0000717', 'HP:0001263', 'HP:0001513', 'HP:0000256']	['Autism', 'Global developmental delay', 'Obesity', 'Macrocephaly']	['nan']	['11280']	GENO:0000137	[]	[]	NCIT:C17998
										263	M	12y 10m	hydrops fetalis, biventricular hypertrophy, microcephaly, cortical atrophy, spasticity, short stature, retinal detachment, microcytic anemia, prematurity	['HP:0001789', 'HP:0200128', 'HP:0000252', 'HP:0002120', 'HP:0001257', 'HP:0004322', 'HP:0000541', 'HP:0001935']	['Hydrops fetalis', 'Biventricular hypertrophy', 'Microcephaly', 'Cerebral cortical atrophy', 'Spasticity', 'Short stature', 'Retinal detachment', 'Microcytic anemia']	['nan']	['11280']	GENO:0000137	[]	[]	NCIT:C17998
										264	F	8y 10m	ID/ mild DD, mild cerebellar vermis hypoplasia, ADHD, fatigue, hypertonia, ankle clonus, kyphosis, thyromegaly	['HP:0001256', 'HP:0001320', 'HP:0007018', 'HP:0012378', 'HP:0001276', 'HP:0011448', 'HP:0002808']	['Mild intellectual disability', 'Cerebellar vermis hypoplasia', 'Attention deficit hyperactivity disorder', 'Fatigue', 'Hypertonia', 'Ankle clonus', 'Kyphosis']	['nan']	['11280']	GENO:0000137	[]	[]	NCIT:C17998
										265	F	14y 8m	autism spectrum dx, dev delay, neuromuscular dx, vomiting/G-tube	['HP:0000717', 'HP:0001263', 'HP:0002013']	['Autism', 'Global developmental delay', 'Vomiting']	['nan']	['11280']	GENO:0000137	[]	[]	NCIT:C17998
										266	F	10y 8m	pseudopseudohypoparathyroidism, precocious puberty, mild obesity and brachydactyly 	['HP:0000852', 'HP:0000826', 'HP:0001513', 'HP:0001156']	['Pseudohypoparathyroidism', 'Precocious puberty', 'Obesity', 'Brachydactyly']	['nan']	['11280']	GENO:0000137	[]	[]	NCIT:C17998
										267	M	2y 9m	FTT, chronic lg vol malodorous diarrhea, myoclonic jerks	['HP:0001508', 'HP:0002028', 'HP:0001336']	['Failure to thrive', 'Chronic diarrhea', 'Myoclonus']	['nan']	['11280']	GENO:0000137	[]	[]	NCIT:C17998
										268	M	6y 2m	ID, seizures, macrosomia, atrial septal defect, skeletal anomalies	['HP:0001250', 'HP:0001520', 'HP:0001631', 'HP:0000924']	['Seizure', 'Large for gestational age', 'Atrial septal defect', 'Abnormality of the skeletal system']	['nan']	['11280']	GENO:0000137	[]	[]	NCIT:C17998
										269	F	4y 11m	GDD, hypotelorism	['HP:0001263', 'HP:0000601']	['Global developmental delay', 'Hypotelorism']	['nan']	['11280']	GENO:0000137	[]	[]	NCIT:C17998
										270	M	15y 7m	dev delay, growth failure, hypertrophic cardiomyopathy, dev regression, microcephaly, ataxia, contractures, muscle weakness, prematurity	['HP:0001263', 'HP:0001508', 'HP:0001639', 'HP:0002376', 'HP:0000252', 'HP:0001251', 'HP:0034392', 'HP:0001324']	['Global developmental delay', 'Failure to thrive', 'Hypertrophic cardiomyopathy', 'Developmental regression', 'Microcephaly', 'Ataxia', 'Joint contracture', 'Muscle weakness']	['nan']	['11280']	GENO:0000137	[]	[]	NCIT:C17998
										271	M	14y 5m	Bilateral peripheral vision loss, solitary kidney, epidermolysis bullosa	['HP:0007994', 'HP:0000077', 'HP:0200040']	['Peripheral visual field loss', 'Abnormality of the kidney', 'Epidermoid cyst']	['nan']	['11280']	GENO:0000137	[]	[]	NCIT:C17998
										272	F	6y 3m	bilateral SNHL, malrotation, PFO, mild R hydronephrosis	['HP:0000408', 'HP:0002566', 'HP:0001655', 'HP:0000126']	['Progressive sensorineural hearing impairment', 'Intestinal malrotation', 'Patent foramen ovale', 'Hydronephrosis']	['nan']	['11280']	GENO:0000137	[]	[]	NCIT:C17998
										273	F	1y 1m	Developmental Delay, hypotonia, alopecia	['HP:0001263', 'HP:0001252', 'HP:0001596']	['Global developmental delay', 'Hypotonia', 'Alopecia']	['nan']	['11280']	GENO:0000137	[]	[]	NCIT:C17998
										274	M	7y 2m	Pierre Robin, aural atresia, coarct & hypoplastic aortic arch, skeletal abnormalities	['HP:0000201', 'HP:0000413', 'HP:0001680', 'HP:0012304', 'HP:0000924']	['Pierre-Robin sequence', 'Atresia of the external auditory canal', 'Coarctation of aorta', 'Hypoplastic aortic arch', 'Abnormality of the skeletal system']	['nan']	['11280']	GENO:0000137	[]	[]	NCIT:C17998
										275	M	7y 7m	short stature, dysmorphic features; family history mother FTT and other maternal relatives poor growth, father with schizophrenia	['HP:0004322', 'HP:0001999', 'HP:0032316', 'HP:0001510', 'HP:0100753']	['Short stature', 'Abnormal facial shape', 'Family history', 'Growth delay', 'Schizophrenia']	['nan']	['11280']	GENO:0000137	[]	[]	NCIT:C17998
										276	F	15y	progressive bilateral ptosis, external opthalmoplegia, retinal pigment changes, facial muscle weakness	['HP:0000508', 'HP:0000544', 'HP:0001146', 'HP:0030319']	['Ptosis', 'External ophthalmoplegia', 'obsolete Pigmentary retinal degeneration', 'Weakness of facial musculature']	['nan']	['11280']	GENO:0000137	[]	[]	NCIT:C17998
										277	M	8y 7m	hypotonia, DD	['HP:0001252']	['Hypotonia']	['nan']	['11280']	GENO:0000137	[]	[]	NCIT:C17998
										278	F	11y 4m	GDD, spasticity, cerebral palsy, pulmonary insufficiency, hearing loss, scoliosis, congenital myopathy	['HP:0001263', 'HP:0001257', 'HP:0100021', 'HP:0002091', 'HP:0000365', 'HP:0002650', 'HP:0003198']	['Global developmental delay', 'Spasticity', 'Cerebral palsy', 'Restrictive ventilatory defect', 'Hearing impairment', 'Scoliosis', 'Myopathy']	['nan']	['11280']	GENO:0000137	[]	[]	NCIT:C17998
										279	F	8y 6m	GDD, apraxia, ataxia, falling episodes	['HP:0001263', 'HP:0002186', 'HP:0001251', 'HP:0000001']	['Global developmental delay', 'Apraxia', 'Ataxia', 'All']	['nan']	['11280']	GENO:0000137	[]	[]	NCIT:C17998
										280	M	5m	aortic coarctation, Peters anomaly	['HP:0001680', 'HP:0000659']	['Coarctation of aorta', 'Peters anomaly']	['nan']	['11280']	GENO:0000137	[]	[]	NCIT:C17998
										281	M	8 y 6 m	Speech delay, beh concerns, epilepsy, sleep myoclonus	['HP:0000750', 'HP:0025783', 'HP:0001250', 'HP:0012323']	['Delayed speech and language development', 'Diagnostic behavioral phenotype', 'Seizure', 'Sleep myoclonus']	['nan']	['11280']	GENO:0000137	[]	[]	NCIT:C17998
										282	M	15y 4m	Dev delay, epilepsy; fhx brother w DD & epilepsy, sister w leukodstrophy & cerebral palsy	['HP:0001263', 'HP:0001250', 'HP:0032316', 'HP:0032316', 'HP:0032316', 'HP:0032316']	['Global developmental delay', 'Seizure', 'Family history', 'Family history', 'Family history', 'Family history']	['nan']	['11280']	GENO:0000137	[]	[]	NCIT:C17998
										283	M	4y 5m	Developmental delay, speech delay	['HP:0001263', 'HP:0000750']	['Global developmental delay', 'Delayed speech and language development']	['nan']	['11280']	GENO:0000137	[]	[]	NCIT:C17998
										284	M	23y	pancytopenia and bone marrow hypocellularity, bone marrow failure	['HP:0001876', 'HP:0005528', 'HP:0005528']	['Pancytopenia', 'Bone marrow hypocellularity', 'Bone marrow hypocellularity']	['nan']	['11280']	GENO:0000137	[]	[]	NCIT:C17998
										285	M	14y 6m	Focal seizures, possible mild autism, learning disability, beh problems	['HP:0007359', 'HP:0000717', 'HP:0001328', 'HP:0000708']	['Focal-onset seizure', 'Autism', 'Specific learning disability', 'Atypical behavior']	['nan']	['11280']	GENO:0000137	[]	[]	NCIT:C17998
										286	F	20y 1m	dev delay, prematurity, growth retardation, hemorrhagic stroke, seizures, aniridia, hydrocephalus, hypoparathyroidism, nephrolithiasis, joint laxity	['HP:0001263', 'HP:0001510', 'HP:0001342', 'HP:0001250', 'HP:0000526', 'HP:0000238', 'HP:0000829', 'HP:0000787', 'HP:0001382']	['Global developmental delay', 'Growth delay', 'Cerebral hemorrhage', 'Seizure', 'Aniridia', 'Hydrocephalus', 'Hypoparathyroidism', 'Nephrolithiasis', 'Joint hypermobility']	['nan']	['11280']	GENO:0000137	[]	[]	NCIT:C17998
										287	M	3y 9m	GDD, Hirschsprung's, micropenis, syndactyly, significant in-utero substance exposures & trauma	['HP:0001263', 'HP:0002251', 'HP:0000054', 'HP:0001159', 'HP:0033511', 'HP:0001934']	['Global developmental delay', 'Aganglionic megacolon', 'Micropenis', 'Syndactyly', 'Addictive substance use', 'Persistent bleeding after trauma']	['nan']	['11280']	GENO:0000137	[]	[]	NCIT:C17998
										288	M	10y 6m	leukoencephalopathy, hypertonia, dev delay	['HP:0002352', 'HP:0001276', 'HP:0001263']	['Leukoencephalopathy', 'Hypertonia', 'Global developmental delay']	['nan']	['11280']	GENO:0000137	[]	[]	NCIT:C17998
										289	F	12y 5m	elevated AST/ALT/CPK, muscle weakness, exercise intolerance, abnormal muscle bx	['HP:0010638', 'HP:0008180', 'HP:0001324', 'HP:0003546', 'HP:0011805']	['Elevated alkaline phosphatase of hepatic origin', 'Mildly elevated creatine kinase', 'Muscle weakness', 'Exercise intolerance', 'Abnormal skeletal muscle morphology']	['nan']	['11280']	GENO:0000137	[]	[]	NCIT:C17998
										290	M	9y 1m	dev delay, mult cong anomalies, seizures, microcephaly	['HP:0001263', 'HP:0001250', 'HP:0000252']	['Global developmental delay', 'Seizure', 'Microcephaly']	['nan']	['11280']	GENO:0000137	[]	[]	NCIT:C17998
										291	M	8y	migraines, aphasia, developmental delay, language regression, speech apraxia, weakness, and poor coordination	['HP:0002076', 'HP:0002381', 'HP:0001263', 'HP:0002376', 'HP:0011098', 'HP:0025406', 'HP:0002311']	['Migraine', 'Aphasia', 'Global developmental delay', 'Developmental regression', 'Speech apraxia', 'Asthenia', 'Incoordination']	['nan']	['11280']	GENO:0000137	[]	[]	NCIT:C17998
										292	M	15mo	CDH, hydrosephalus thrombocytosis DD, pulm. HTN, hyponatrernia	['HP:0000453', 'HP:0000238', 'HP:0001894', 'HP:0002902']	['Choanal atresia', 'Hydrocephalus', 'Thrombocytosis', 'Hyponatremia']	['nan']	['11280']	GENO:0000137	[]	[]	NCIT:C17998
										293	M	1y 10m	Infantile spasms, 3p26.1 del; mother with seizures	['HP:0012469', 'HP:0100622']	['Infantile spasms', 'Maternal seizure']	['nan']	['11280']	GENO:0000137	[]	[]	NCIT:C17998
										294	F	13y 9m	infantile onset severe dystonia, dystonic storms	['HP:0003593', 'HP:0001332', 'HP:0001332']	['Infantile onset', 'Dystonia', 'Dystonia']	['nan']	['11280']	GENO:0000137	[]	[]	NCIT:C17998
										295	M	1y 1m	Seizures, DD, developmental regression	['HP:0001250', 'HP:0002376']	['Seizure', 'Developmental regression']	['nan']	['11280']	GENO:0000137	[]	[]	NCIT:C17998
										296	M	8y	 global developmental delays, Autism spectrum disorder, nystagmus, and mediastinal lymphadenopathy 	['HP:0001263', 'HP:0000729', 'HP:0000639', 'HP:0100721']	['Global developmental delay', 'Autistic behavior', 'Nystagmus', 'Mediastinal lymphadenopathy']	['nan']	['11280']	GENO:0000137	[]	[]	NCIT:C17998
										297	M	7y 11m	dev delay, cong malformations, dysmorphic features, cond HL, eczema, scarring alopecia, cyclic vomiting, PDA/PFO	['HP:0001263', 'HP:0001999', 'HP:0000405', 'HP:0000964', 'HP:0004552', 'HP:0002013', 'HP:0001643']	['Global developmental delay', 'Abnormal facial shape', 'Conductive hearing impairment', 'Eczematoid dermatitis', 'Scarring alopecia of scalp', 'Vomiting', 'Patent ductus arteriosus']	['nan']	['11280']	GENO:0000137	[]	[]	NCIT:C17998
										298	F	2y 4m	dev delay, microcephaly, hypotelorism, contractures, cleft palate, ASD	['HP:0001263', 'HP:0000252', 'HP:0000601', 'HP:0034392', 'HP:0000175', 'HP:0000729']	['Global developmental delay', 'Microcephaly', 'Hypotelorism', 'Joint contracture', 'Cleft palate', 'Autistic behavior']	['nan']	['11280']	GENO:0000137	[]	[]	NCIT:C17998
										299	F	20y	DD, CI, autism 16q23.3 dup pat	['HP:0000717']	['Autism']	['nan']	['11280']	GENO:0000137	[]	[]	NCIT:C17998
										300	M	7y 8m	Chronic lung disease, epilepsy, nephrocalcinosis, GDD, 27-6/7wk prematurity	['HP:0006528', 'HP:0001250', 'HP:0000121', 'HP:0001263']	['Chronic lung disease', 'Seizure', 'Nephrocalcinosis', 'Global developmental delay']	['nan']	['11280']	GENO:0000137	[]	[]	NCIT:C17998
										301	F	6y 8m	GDD, ASD, congenital nystagmus, chiari I malformation	['HP:0001263', 'HP:0000729', 'HP:0006934', 'HP:0007099']	['Global developmental delay', 'Autistic behavior', 'Congenital nystagmus', 'Chiari type I malformation']	['nan']	['11280']	GENO:0000137	[]	[]	NCIT:C17998
										302	F	11y 11m	dev delay, intractable epilepsy, microcephaly. *quartet with 037894114	['HP:0001263', 'HP:0001250', 'HP:0000252']	['Global developmental delay', 'Seizure', 'Microcephaly']	['nan']	['11280']	GENO:0000137	[]	[]	NCIT:C17998
										303	M	7y 1m	athelia, natal teeth, oligodontia, sinusitis, photophobia	['HP:0002561', 'HP:0000695', 'HP:0000677', 'HP:0000246', 'HP:0000613']	['Absent nipple', 'Natal tooth', 'Oligodontia', 'Sinusitis', 'Photophobia']	['nan']	['11280']	GENO:0000137	[]	[]	NCIT:C17998
										304	F	6y 6m	dev delay, sleep problems, abn behaviors, seizure; consanguinity, prior pregnancy w MCA	['HP:0001263', 'HP:0002870', 'HP:0031432', 'HP:0001250', 'HP:0025820']	['Global developmental delay', 'Obstructive sleep apnea', 'Restricted or repetitive behaviors or interests', 'Seizure', 'Offspring of consanguineous relationship']	['nan']	['11280']	GENO:0000137	[]	[]	NCIT:C17998
										305	M	16y	developmental regression and delay	['HP:0002376', 'HP:0001263']	['Developmental regression', 'Global developmental delay']	['nan']	['11280']	GENO:0000137	[]	[]	NCIT:C17998
										306	M	19y 6m	Progressive childhood onset obesity, brachydactyly, above avg IQ	['HP:0001513', 'HP:0001156']	['Obesity', 'Brachydactyly']	['nan']	['11280']	GENO:0000137	[]	[]	NCIT:C17998
										307	F	19mo	MCA (imperforate anus, butterfly vertebrae, extra R rib, absent uterus & vagina, bilateral VCUR, duodenal obstruction and malrotation, annular pancreas, FTT), h/o poorly controlled gestational DM; 15q11.2 deletion	['HP:0002023', 'HP:0003316', 'HP:0005815', 'HP:0000151', 'HP:0003250', 'HP:0000076', 'HP:0004796', 'HP:0002566', 'HP:0001734', 'HP:0001508', 'HP:0009800']	['Anal atresia', 'Butterfly vertebrae', 'Supernumerary ribs', 'Aplasia of the uterus', 'Aplasia of the vagina', 'Vesicoureteral reflux', 'Gastrointestinal obstruction', 'Intestinal malrotation', 'Annular pancreas', 'Failure to thrive', 'Maternal diabetes']	['nan']	['11280']	GENO:0000137	[]	[]	NCIT:C17998
										308	F	3yr 1m	Biliary atresia, multicystic renal dysplasia, pulmonary stenosis, recent onset of alopecia areata	['HP:0005912', 'HP:0000003', 'HP:0001642', 'HP:0002232']	['Biliary atresia', 'Multicystic kidney dysplasia', 'Pulmonic stenosis', 'Patchy alopecia']	['nan']	['11280']	GENO:0000137	[]	[]	NCIT:C17998
										309	M	10y 3m	ID, hypotonia & weakness, seizures	['HP:0001252', 'HP:0001250']	['Hypotonia', 'Seizure']	['nan']	['11280']	GENO:0000137	[]	[]	NCIT:C17998
										310	M	4y 5m	ASD, coarctation, cryptorchidism, VUR, SNHL, dev delay	['HP:0000729', 'HP:0001680', 'HP:0000028', 'HP:0000076', 'HP:0001263']	['Autistic behavior', 'Coarctation of aorta', 'Cryptorchidism', 'Vesicoureteral reflux', 'Global developmental delay']	['nan']	['11280']	GENO:0000137	[]	[]	NCIT:C17998
										311	F	4mo	mosaic Turner syndrome, congenital mixed osmotic & secretory diarrhea, malabsorption	['HP:0033310', 'HP:0005208', 'HP:0002024']	['Osmotic diarrhea', 'Secretory diarrhea', 'Malabsorption']	['nan']	['11280']	GENO:0000137	[]	[]	NCIT:C17998
										312	M	5y 1m	dev delay, dysautonomia, hypotonia, OSA	['HP:0001263', 'HP:0012332', 'HP:0001252', 'HP:0002870']	['Global developmental delay', 'Abnormal autonomic nervous system physiology', 'Hypotonia', 'Obstructive sleep apnea']	['nan']	['11280']	GENO:0000137	[]	[]	NCIT:C17998
										313	F	16m	congenital heart defects, FTT, short stature, relative macrocepahly, DD	['HP:0001627', 'HP:0001508', 'HP:0004322', 'HP:0004482']	['Abnormal heart morphology', 'Failure to thrive', 'Short stature', 'Relative macrocephaly']	['nan']	['11280']	GENO:0000137	[]	[]	NCIT:C17998
										314	F	1y 11m	hemihyperplasia, AVSD, dev delay	['HP:0005323', 'HP:0001263']	['Hemifacial hypertrophy', 'Global developmental delay']	['nan']	['11280']	GENO:0000137	[]	[]	NCIT:C17998
										315	M	11y	developmental delays that are more severe than other family members, ADHD, and possible autism, mild malar flattening, night terrors, obstructive sleep apnea (s/p adenotonsillectomy), astigmatism, staring spells, constipation, and enuresis	['HP:0001263', 'HP:0007018', 'HP:0000717', 'HP:0000272', 'HP:0030765', 'HP:0002870', 'HP:0000483', 'HP:0025401', 'HP:0002019', 'HP:0000805']	['Global developmental delay', 'Attention deficit hyperactivity disorder', 'Autism', 'Malar flattening', 'Sleep terror', 'Obstructive sleep apnea', 'Astigmatism', 'Staring gaze', 'Constipation', 'Enuresis']	['nan']	['11280']	GENO:0000137	[]	[]	NCIT:C17998
										316	F	3y 1m	DD, speech delay, macrocephaly, hypotonia	['HP:0000750', 'HP:0000256', 'HP:0001252']	['Delayed speech and language development', 'Macrocephaly', 'Hypotonia']	['nan']	['11280']	GENO:0000137	[]	[]	NCIT:C17998
										317	M	17y	Seizures, severe ID	['HP:0001250', 'HP:0012828']	['Seizure', 'Severe']	['nan']	['11280']	GENO:0000137	[]	[]	NCIT:C17998
										318	M	6y 3m	DD, autism, monochorionic diamniotic twin, prematurity	['HP:0000717', 'HP:6000104']	['Autism', 'Twin pregnancy']	['nan']	['11280']	GENO:0000137	[]	[]	NCIT:C17998
										319	F	8y 5m	dev delay, autism spectrum dx, absent speech, VUR, premature adrenarche	['HP:0001263', 'HP:0000729', 'HP:0001344', 'HP:0000076', 'HP:0012412']	['Global developmental delay', 'Autistic behavior', 'Absent speech', 'Vesicoureteral reflux', 'Premature adrenarche']	['nan']	['11280']	GENO:0000137	[]	[]	NCIT:C17998
										320	M	7 y	DD, behavior abnormalities, hypotonia, growth delay, pectus excavatum, neutropenia, hx IUGR	['HP:0000708', 'HP:0001252', 'HP:0001510', 'HP:0000767', 'HP:0001875', 'HP:0001511']	['Atypical behavior', 'Hypotonia', 'Growth delay', 'Pectus excavatum', 'Decreased total neutrophil count', 'Intrauterine growth retardation']	['nan']	['11280']	GENO:0000137	[]	[]	NCIT:C17998
										321	M	8y 1m	dev delay, IgA deficiency, hyper/hypopigmented macules, ?PDD-NOS	['HP:0001263', 'HP:0002720', 'HP:0007441', 'HP:0012076']	['Global developmental delay', 'Decreased circulating IgA concentration', 'Hyperpigmented/hypopigmented macules', 'Borderline personality disorder']	['nan']	['11280']	GENO:0000137	[]	[]	NCIT:C17998
										322	M	11m	prox limb shortening, chronic resp fx, short stature, FTT, seizures, cardiopulmonary arrest	['HP:0009826', 'HP:0011010', 'HP:0004322', 'HP:0001508', 'HP:0001250', 'HP:0001695']	['Limb undergrowth', 'Chronic', 'Short stature', 'Failure to thrive', 'Seizure', 'Cardiac arrest']	['nan']	['11280']	GENO:0000137	[]	[]	NCIT:C17998
										323	F	6y 9m	Apraxia of speech, global DD, mixed receptive/expressive language disorder	['HP:0011098', 'HP:0001263', 'HP:0002463', 'HP:0002463']	['Speech apraxia', 'Global developmental delay', 'Language impairment', 'Language impairment']	['nan']	['11280']	GENO:0000137	[]	[]	NCIT:C17998
										324	M	14y 3m	dev delay, PDD-NOS, B SNHL, blonde fundus, obesity	['HP:0001263', 'HP:0001098', 'HP:0001513']	['Global developmental delay', 'Abnormal fundus morphology', 'Obesity']	['nan']	['11280']	GENO:0000137	[]	[]	NCIT:C17998
										325	M	10y 11m	dyscoordination, tremor, mito complex I def	['HP:0002311', 'HP:0001337', 'HP:0002928']	['Incoordination', 'Tremor', 'Decreased activity of the pyruvate dehydrogenase complex']	['nan']	['11280']	GENO:0000137	[]	[]	NCIT:C17998
										326	M	5y 11m	GDD, horseshoe kidney, double spleen	['HP:0001263', 'HP:0000085', 'HP:0001743']	['Global developmental delay', 'Horseshoe kidney', 'Abnormality of the spleen']	['nan']	['11280']	GENO:0000137	[]	[]	NCIT:C17998
										327	M	5y 4m	Pierre Robin seq, hypospadias, cryptorchidism, umbilical & inguinal hernia, GDD, GERDpremature	['HP:0000201', 'HP:0000047', 'HP:0000028', 'HP:0001537', 'HP:0000023', 'HP:0001263', 'HP:0002020', 'HP:0001622']	['Pierre-Robin sequence', 'Hypospadias', 'Cryptorchidism', 'Umbilical hernia', 'Inguinal hernia', 'Global developmental delay', 'Gastroesophageal reflux', 'Premature birth']	['nan']	['11280']	GENO:0000137	[]	[]	NCIT:C17998
										328	M	4y 9m	developmental delays, dysmorphic ftrs, hypotonia, microcephaly	['HP:0001263', 'HP:0001999', 'HP:0001252', 'HP:0000252']	['Global developmental delay', 'Abnormal facial shape', 'Hypotonia', 'Microcephaly']	['nan']	['11280']	GENO:0000137	[]	[]	NCIT:C17998
										329	M	1y 3m	B cortical/zonular cataracts, hypotonia	['HP:0100019', 'HP:0010920', 'HP:0001252']	['Cortical cataract', 'Zonular cataract', 'Hypotonia']	['nan']	['11280']	GENO:0000137	[]	[]	NCIT:C17998
										330	M	4yo	postaxial polydactyly of his left hand that was removed shortly after birth, periventricular nodular, episodes conheterotopia, eye fluttering and additional episodes concerning for seizures with no EEG correlate, recurrent otitis media, and presumed headaches	['HP:0100259', 'HP:0032388', 'HP:0030826', 'HP:0001250', 'HP:0000403', 'HP:0002315']	['Postaxial polydactyly', 'Periventricular nodular heterotopia', 'Eyelid fasciculation', 'Seizure', 'Recurrent otitis media', 'Headache']	['nan']	['11280']	GENO:0000137	[]	[]	NCIT:C17998
										331	M	3y 6m	Global dev delay, truncal hypotonia, extremity hypertonia, seizures	['HP:0001263', 'HP:0008936', 'HP:0001276', 'HP:0001250']	['Global developmental delay', 'Axial hypotonia', 'Hypertonia', 'Seizure']	['nan']	['11280']	GENO:0000137	[]	[]	NCIT:C17998
										332	M	2y 4m	Partial complex seizures, speech delay	['HP:0002384', 'HP:0000750']	['Focal impaired awareness seizure', 'Delayed speech and language development']	['nan']	['11280']	GENO:0000137	[]	[]	NCIT:C17998
										333	M	8y 9m	GDD, seizures, ventriculomegaly, microcephaly, chronic lung sz, hypotonia, GERD	['HP:0001263', 'HP:0001250', 'HP:0002119', 'HP:0000252', 'HP:0011010', 'HP:0001252', 'HP:0002020']	['Global developmental delay', 'Seizure', 'Ventriculomegaly', 'Microcephaly', 'Chronic', 'Hypotonia', 'Gastroesophageal reflux']	['nan']	['11280']	GENO:0000137	[]	[]	NCIT:C17998
										334	M	1y 3m	dev delay, macrocephaly, polymicrogyria, CP/contractures	['HP:0001263', 'HP:0000256', 'HP:0002126', 'HP:0100021', 'HP:0034392']	['Global developmental delay', 'Macrocephaly', 'Polymicrogyria', 'Cerebral palsy', 'Joint contracture']	['nan']	['11280']	GENO:0000137	[]	[]	NCIT:C17998
										335	F	3y 0m	autism, speech delay/regression, fine motor delay	['HP:0000717', 'HP:0000750', 'HP:0001344', 'HP:0001270']	['Autism', 'Delayed speech and language development', 'Absent speech', 'Motor delay']	['nan']	['11280']	GENO:0000137	[]	[]	NCIT:C17998
										336	F	7y 2m	hypotonia, myotonia, muscle weakness, hypermobile joints, dev delay, lack of coordination	['HP:0001252', 'HP:0002486', 'HP:0001324', 'HP:0001187', 'HP:0001263', 'HP:0001310']	['Hypotonia', 'Myotonia', 'Muscle weakness', 'Hyperextensibility of the finger joints', 'Global developmental delay', 'Dysmetria']	['nan']	['11280']	GENO:0000137	[]	[]	NCIT:C17998
										337	F	18y	epilepsy and developmental delay	['HP:0001250', 'HP:0001263']	['Seizure', 'Global developmental delay']	['nan']	['11280']	GENO:0000137	[]	[]	NCIT:C17998
										338	M	4y 2m	muscle weakness, hypotonia, developmental delays	['HP:0001324', 'HP:0001252', 'HP:0001263']	['Muscle weakness', 'Hypotonia', 'Global developmental delay']	['nan']	['11280']	GENO:0000137	[]	[]	NCIT:C17998
										339	M	15y	developmental regression and idiopathic intractable epilepsy	['HP:0002376', 'HP:0001250']	['Developmental regression', 'Seizure']	['nan']	['11280']	GENO:0000137	[]	[]	NCIT:C17998
										340	F	3y 11m	systemic onset juvenile idiopathic arthiritis, macrophage activiation syndrome, pulmonary alveolar proteinosis	['HP:0005681', 'HP:0006517']	['Juvenile rheumatoid arthritis', 'Intraalveolar phospholipid accumulation']	['nan']	['11280']	GENO:0000137	[]	[]	NCIT:C17998
										341	M	8m	MCA, transposition of great arteries, DD, hearing loss, sagittal synostosis	['HP:0001669', 'HP:0000365', 'HP:0004442']	['Transposition of the great arteries', 'Hearing impairment', 'Sagittal craniosynostosis']	['nan']	['11280']	GENO:0000137	[]	[]	NCIT:C17998
										342	F	2y 9m	dev delay, truncal hypotonia, peripheral hypertonia, L hip subluxation	['HP:0001263', 'HP:0008936', 'HP:0001276', 'HP:0030043']	['Global developmental delay', 'Axial hypotonia', 'Hypertonia', 'Hip subluxation']	['nan']	['11280']	GENO:0000137	[]	[]	NCIT:C17998
										343	M	17y 3m	FTT, dev delay, microcephaly, white matter atrophy, dysmorphic features, ADHD, ASD, mild skeletal abnormalities, prematurity	['HP:0001508', 'HP:0001263', 'HP:0000252', 'HP:0012762', 'HP:0001999', 'HP:0007018', 'HP:0000729', 'HP:0000924']	['Failure to thrive', 'Global developmental delay', 'Microcephaly', 'Cerebral white matter atrophy', 'Abnormal facial shape', 'Attention deficit hyperactivity disorder', 'Autistic behavior', 'Abnormality of the skeletal system']	['nan']	['11280']	GENO:0000137	[]	[]	NCIT:C17998
										344	F	16y 9m	Common variable immune deficiency w granulomatosis lymphocytic interstital lung dz	['HP:0002721', 'HP:0002955', 'HP:0006530']	['Immunodeficiency', 'Granulomatosis', 'Abnormal pulmonary interstitial morphology']	['nan']	['11280']	GENO:0000137	[]	[]	NCIT:C17998
										345	F	7m	Pulmonic stenosis, seizure d/o, hypotonia; family history NF1	['HP:0001642', 'HP:0001250', 'HP:0001252', 'HP:0032316']	['Pulmonic stenosis', 'Seizure', 'Hypotonia', 'Family history']	['nan']	['11280']	GENO:0000137	[]	[]	NCIT:C17998
										346	F	5y 3m	undefined neuromuscular d/o, hypotonia, poor growth, contractures	['HP:0001252', 'HP:0001510', 'HP:0034392']	['Hypotonia', 'Growth delay', 'Joint contracture']	['nan']	['11280']	GENO:0000137	[]	[]	NCIT:C17998
										347	M	3y 2m	dev delay, sleep/behavior problems	['HP:0001263', 'HP:0002494', 'HP:0000708']	['Global developmental delay', 'Abnormal rapid eye movement sleep', 'Atypical behavior']	['nan']	['11280']	GENO:0000137	[]	[]	NCIT:C17998
										348	F	7y 2m	Glaucoma, microspherophakia, high myopia and iris nevus	['HP:0000501', 'HP:0030961', 'HP:0011003', 'HP:0011525']	['Glaucoma', 'Microspherophakia', 'High myopia', 'Iris nevus']	['nan']	['11280']	GENO:0000137	[]	[]	NCIT:C17998
										349	F	22 y	microcephaly, cognitive impairment, language disorder	['HP:0000252', 'HP:0100543', 'HP:0002463']	['Microcephaly', 'Cognitive impairment', 'Language impairment']	['nan']	['11280']	GENO:0000137	[]	[]	NCIT:C17998
										350	F	21y 5m	Autism, echolalia, intellectual disability	['HP:0000717', 'HP:0010529', 'HP:0001249']	['Autism', 'Echolalia', 'Intellectual disability']	['nan']	['11280']	GENO:0000137	[]	[]	NCIT:C17998
										351	M	7y 6m	dev delay, microcephaly, polymicrogyria, seizures	['HP:0001263', 'HP:0000252', 'HP:0002126', 'HP:0001250']	['Global developmental delay', 'Microcephaly', 'Polymicrogyria', 'Seizure']	['nan']	['11280']	GENO:0000137	[]	[]	NCIT:C17998
										352	F	14y 5m	ID, ASD, complex partial seizures, premature	['HP:0000729', 'HP:0002384', 'HP:0001622']	['Autistic behavior', 'Focal impaired awareness seizure', 'Premature birth']	['nan']	['11280']	GENO:0000137	[]	[]	NCIT:C17998
										353	M	4y 3m	aortic root dilation, tall stature, hypotonia, DD, cerebellopontine arachnoid cyst, L neural hearing loss, eustachian tube dysfunction, intermittent exotropia, genu valgum, in-toeing gait	['HP:0002616', 'HP:0000098', 'HP:0001252', 'HP:0012487', 'HP:0000365', 'HP:0000577', 'HP:0002857']	['Aortic root aneurysm', 'Tall stature', 'Hypotonia', 'Cerebellopontine angle arachnoid cyst', 'Hearing impairment', 'Exotropia', 'Genu valgum']	['nan']	['11280']	GENO:0000137	[]	[]	NCIT:C17998
										354	F	10y 6m	ASD, developmental delay	['HP:0000729', 'HP:0001263']	['Autistic behavior', 'Global developmental delay']	['nan']	['11280']	GENO:0000137	[]	[]	NCIT:C17998
										355	F	17y 8m	Intractable seizures, thyroid follicular adenoma, headaches, muscle weakness, behavior issues, bone pain, global developmentl delays.	['HP:0001250', 'HP:0011774', 'HP:0002315', 'HP:0001324', 'HP:0000722', 'HP:0002653', 'HP:0001263']	['Seizure', 'Thyroid follicular adenoma', 'Headache', 'Muscle weakness', 'Compulsive behaviors', 'Bone pain', 'Global developmental delay']	['nan']	['11280']	GENO:0000137	[]	[]	NCIT:C17998
										356	M	6y 6m	DD, truncal hypotonia, extremity hypertonia, dysmorphic ftrs	['HP:0008936', 'HP:0001276', 'HP:0001999']	['Axial hypotonia', 'Hypertonia', 'Abnormal facial shape']	['nan']	['11280']	GENO:0000137	[]	[]	NCIT:C17998
										357	F	17y 3m	episodic severe muscle weakness	['HP:0025303', 'HP:0001324', 'HP:0001324']	['Episodic', 'Muscle weakness', 'Muscle weakness']	['nan']	['11280']	GENO:0000137	[]	[]	NCIT:C17998
										358	M	5y 11m	Cerebral palsy, auditory neuropathy, developmental delay, spasticity, large tonsils, sensorineural hearing loss bilateral	['HP:0100021', 'HP:0001263', 'HP:0001257', 'HP:0030812', 'HP:0008619']	['Cerebral palsy', 'Global developmental delay', 'Spasticity', 'Enlarged tonsils', 'Bilateral sensorineural hearing impairment']	['nan']	['11280']	GENO:0000137	[]	[]	NCIT:C17998
										359	M	17y5m	ID, DORV, heart block, Factor V Leiden, autism	['HP:0001719', 'HP:0012722', 'HP:0003225', 'HP:0000717']	['Double outlet right ventricle', 'Heart block', 'Reduced coagulation factor V activity', 'Autism']	['nan']	['11280']	GENO:0000137	[]	[]	NCIT:C17998
										360	M	7	non-convulsive epilepsy, mixed receptive-expressive language disorder and developmental disorder 	['HP:0001250', 'HP:0002463', 'HP:0001263']	['Seizure', 'Language impairment', 'Global developmental delay']	['nan']	['11280']	GENO:0000137	[]	[]	NCIT:C17998
										361	F	14y 8m	CVID, GI issues, headaches, arthiritis, asthma	['HP:0002239', 'HP:0002315', 'HP:0001369', 'HP:0002099']	['Gastrointestinal hemorrhage', 'Headache', 'Arthritis', 'Asthma']	['nan']	['11280']	GENO:0000137	[]	[]	NCIT:C17998
										362	M	3y	tetrology of fallot, constitutional growth delay, mild hearing loss bilaterally, cafe au lait spots, borderline microcephaly (3rd percentile) and developmental delay. IUGR and prematurity prenatally.	['HP:0001636', 'HP:0001510', 'HP:0000365', 'HP:0000957', 'HP:0000252', 'HP:0001263', 'HP:0001511']	['Tetralogy of Fallot', 'Growth delay', 'Hearing impairment', 'Cafe-au-lait spot', 'Microcephaly', 'Global developmental delay', 'Intrauterine growth retardation']	['nan']	['11280']	GENO:0000137	[]	[]	NCIT:C17998
										363	F	15 y	chronic migraines, arthralgia, rashes, chronic fatigue, muscle weakness, joint pain, easy bruising, anxiety, sleep issues, GI, tympanic membrane perf. And low freq conductive HL, R ankle fibrofatty vascular malformation	['HP:0002076', 'HP:0002829', 'HP:0000988', 'HP:0012432', 'HP:0001324', 'HP:0002829', 'HP:0000978', 'HP:0000739', 'HP:0002360', 'HP:0002239', 'HP:0000405']	['Migraine', 'Arthralgia', 'Skin rash', 'Chronic fatigue', 'Muscle weakness', 'Arthralgia', 'Bruising susceptibility', 'Anxiety', 'Sleep disturbance', 'Gastrointestinal hemorrhage', 'Conductive hearing impairment']	['nan']	['11280']	GENO:0000137	[]	[]	NCIT:C17998
										364	F	2y 5m	shone complex, macrocephaly, staring spell, facial droop, syndactyly	['HP:0000256', 'HP:0002121', 'HP:0012799', 'HP:0001159']	['Macrocephaly', 'Generalized non-motor (absence) seizure', 'Unilateral facial palsy', 'Syndactyly']	['nan']	['11280']	GENO:0000137	[]	[]	NCIT:C17998
										365	M	12y	autism, epilepsy, DD, prematurity	['HP:0000717', 'HP:0001250']	['Autism', 'Seizure']	['nan']	['11280']	GENO:0000137	[]	[]	NCIT:C17998
										366	M	4y2m	Bilateral anophthalmia, GDD, hypotonia	['HP:0000528', 'HP:0001263', 'HP:0001252']	['Anophthalmia', 'Global developmental delay', 'Hypotonia']	['nan']	['11280']	GENO:0000137	[]	[]	NCIT:C17998
										367	M	4y 7m	Short stature, macrocephaly, eosinophilic esophagitis	['HP:0004322', 'HP:0000256', 'HP:0410151']	['Short stature', 'Macrocephaly', 'Eosinophilic infiltration of the esophagus']	['nan']	['11280']	GENO:0000137	[]	[]	NCIT:C17998
										368	M	17m	GDD, FTT, hypotonia, GERD	['HP:0001263', 'HP:0001508', 'HP:0001252', 'HP:0002020']	['Global developmental delay', 'Failure to thrive', 'Hypotonia', 'Gastroesophageal reflux']	['nan']	['11280']	GENO:0000137	[]	[]	NCIT:C17998
										369	M	38y	mitochondrial myopathy	['HP:0003737']	['Mitochondrial myopathy']	['nan']	['11280']	GENO:0000137	[]	[]	NCIT:C17998
										370	M	7y 6m	congenital hypotonia, torticollis, neonatal flexion contractures, developmental delay primarily motor, infantile scoliosis that has been progressive, poor feeding requiring G-tube with dysphagia and oral aversion 	['HP:0001319', 'HP:0000473', 'HP:0001371', 'HP:0001270', 'HP:0002650', 'HP:0011968', 'HP:0002015', 'HP:0012523']	['Neonatal hypotonia', 'Torticollis', 'Flexion contracture', 'Motor delay', 'Scoliosis', 'Feeding difficulties', 'Dysphagia', 'Oral aversion']	['nan']	['11280']	GENO:0000137	[]	[]	NCIT:C17998
										371	M	10y 8m	Autism, behavior issues, bifid uvula, speech delay, learning disability, duplicated renal collcetion system, metopic craniosynostosis	['HP:0000717', 'HP:0000722', 'HP:0000193', 'HP:0000750', 'HP:0001328', 'HP:0000081', 'HP:0011330']	['Autism', 'Compulsive behaviors', 'Bifid uvula', 'Delayed speech and language development', 'Specific learning disability', 'Duplicated collecting system', 'Metopic synostosis']	['nan']	['11280']	GENO:0000137	[]	[]	NCIT:C17998
										372	M	3y 5m	Global developmental delay, branchial cyst, lacrimal duct stenosis, hyptonia	['HP:0001263', 'HP:0009796', 'HP:0007678', 'HP:0001252']	['Global developmental delay', 'Branchial cyst', 'Lacrimal duct stenosis', 'Hypotonia']	['nan']	['11280']	GENO:0000137	[]	[]	NCIT:C17998
										373	M	5y 5m	DD, autism, ADHD, alopecia, dysmorphic ftrs	['HP:0000717', 'HP:0007018', 'HP:0001596', 'HP:0001999']	['Autism', 'Attention deficit hyperactivity disorder', 'Alopecia', 'Abnormal facial shape']	['nan']	['11280']	GENO:0000137	[]	[]	NCIT:C17998
										374	F	3y 9m	dev delay, microcephaly, mild dysmorphism, autism spectrum dx, chronic constipation, hypotonia	['HP:0001263', 'HP:0000252', 'HP:0012825', 'HP:0000729', 'HP:0012450', 'HP:0001252']	['Global developmental delay', 'Microcephaly', 'Mild', 'Autistic behavior', 'Chronic constipation', 'Hypotonia']	['nan']	['11280']	GENO:0000137	[]	[]	NCIT:C17998
										375	M	3y 5m	Heterotaxy, dextrocardia, interrupted inferior vena cava, hyperbilirubinemia, biliary atresia, hepatopulmonary syndrome, FTT, autism spectrum disorder and global developmental delays	['HP:0030853', 'HP:0001651', 'HP:0011671', 'HP:0002904', 'HP:0005912', 'HP:0001508', 'HP:0000729', 'HP:0001263']	['Heterotaxy', 'Dextrocardia', 'Interrupted inferior vena cava with azygous continuation', 'Hyperbilirubinemia', 'Biliary atresia', 'Failure to thrive', 'Autistic behavior', 'Global developmental delay']	['nan']	['11280']	GENO:0000137	[]	[]	NCIT:C17998
										376	M	17m	IUGR/growth failure, microcephaly, GDD, ?seizure activity	['HP:0001511', 'HP:0000252', 'HP:0001263', 'HP:0001250']	['Intrauterine growth retardation', 'Microcephaly', 'Global developmental delay', 'Seizure']	['nan']	['11280']	GENO:0000137	[]	[]	NCIT:C17998
										377	F	6y	Epilepsy	['HP:0001250']	['Seizure']	['nan']	['11280']	GENO:0000137	[]	[]	NCIT:C17998
										378	M	6y 4m	GDD, ID, autism, MCA (B cleft lip & palate, microcephaly, pectus excavatum, sacral dimple)	['HP:0001263', 'HP:0000717', 'HP:0410030', 'HP:0000175', 'HP:0000252', 'HP:0000767', 'HP:0000960']	['Global developmental delay', 'Autism', 'Cleft lip', 'Cleft palate', 'Microcephaly', 'Pectus excavatum', 'Sacral dimple']	['nan']	['11280']	GENO:0000137	[]	[]	NCIT:C17998
										379	F	12 m	congenital hydrocephalus, absent septum pellucidum, hemivertebrae, cardiac defect, retinal immaturity, motor delays, encephalopathy, abn external ear	['HP:0000238', 'HP:0001331', 'HP:0002937', 'HP:0000479', 'HP:0001270', 'HP:0001298']	['Hydrocephalus', 'Absent septum pellucidum', 'Hemivertebrae', 'Abnormal retinal morphology', 'Motor delay', 'Encephalopathy']	['nan']	['11280']	GENO:0000137	[]	[]	NCIT:C17998
										380	M	14y	hypothyroidism, asthma, constipation, resolved heart murmur, MCI, aggressive behaviors, ADHD, ODD, arm numbness	['HP:0000821', 'HP:0002099', 'HP:0002019', 'HP:0030148', 'HP:0000718', 'HP:0007018', 'HP:0010865', 'HP:0033748']	['Hypothyroidism', 'Asthma', 'Constipation', 'Heart murmur', 'Aggressive behavior', 'Attention deficit hyperactivity disorder', 'Oppositional defiant disorder', 'Hypoesthesia']	['nan']	['11280']	GENO:0000137	[]	[]	NCIT:C17998
										381	F	18y	GDD, ID, autism, obsessive compulsive disorder, ADHD, hypotonia, dysmorphic featres, thoracic kyphosis	['HP:0001263', 'HP:0000717', 'HP:0000722', 'HP:0007018', 'HP:0001252', 'HP:0001999', 'HP:0002942']	['Global developmental delay', 'Autism', 'Compulsive behaviors', 'Attention deficit hyperactivity disorder', 'Hypotonia', 'Abnormal facial shape', 'Thoracic kyphosis']	['nan']	['11280']	GENO:0000137	[]	[]	NCIT:C17998
										382	F	11y	Dystonia, speech difficulties chronic constipation, chronic rectal pain, mild dysmorphic ftrs	['HP:0001332', 'HP:0000750', 'HP:0012450', 'HP:0500005', 'HP:0012825']	['Dystonia', 'Delayed speech and language development', 'Chronic constipation', 'Anal pain', 'Mild']	['nan']	['11280']	GENO:0000137	[]	[]	NCIT:C17998
										383	F	14y 8m	Glutaric acidemia type 2, cardiomyopathy & arrhthymia	['HP:0003530', 'HP:0001638', 'HP:0011675']	['Elevated circulating glutaric acid concentration', 'Cardiomyopathy', 'Arrhythmia']	['nan']	['11280']	GENO:0000137	[]	[]	NCIT:C17998
										384	M	11m	Epileptic encephalopathy, seizures, brain malformations, ID	['HP:0200134', 'HP:0001250', 'HP:0000707']	['Epileptic encephalopathy', 'Seizure', 'Abnormality of the nervous system']	['nan']	['11280']	GENO:0000137	[]	[]	NCIT:C17998
										385	F	15y	persistent immune thrombocytopenic purpura, angioedema, chronic idiopathic urticaria, multiple immune antibodies, arthralgias, childhood infections, fam hx autoimmune conditions	['HP:0000979', 'HP:0100665', 'HP:0410133', 'HP:0002721', 'HP:0002829', 'HP:0000389', 'HP:0032316']	['Purpura', 'Angioedema', 'Chronic urticaria', 'Immunodeficiency', 'Arthralgia', 'Chronic otitis media', 'Family history']	['nan']	['11280']	GENO:0000137	[]	[]	NCIT:C17998
										386	M	7y 8m	Szr d/o, DD	['HP:0000707']	['Abnormality of the nervous system']	['nan']	['11280']	GENO:0000137	[]	[]	NCIT:C17998
										387	F	9y8m	mild hemihypertrophy, both hyper- and hypopigmented regions of the skin, patchy alopecia, short stature with relative macrocephaly, asthma, enuresis, right sided sensorineural hearing loss, and a history of nail dystrophy and ridging that had resolved at the last evaluation	['HP:0001528', 'HP:0002232', 'HP:0004322', 'HP:0004482', 'HP:0002099', 'HP:0000805', 'HP:0000407', 'HP:0008404', 'HP:0001807']	['Hemihypertrophy', 'Patchy alopecia', 'Short stature', 'Relative macrocephaly', 'Asthma', 'Enuresis', 'Sensorineural hearing impairment', 'Nail dystrophy', 'Ridged nail']	['nan']	['11280']	GENO:0000137	[]	[]	NCIT:C17998
										388	F	12 m	(resolved) infantile spasms, mild encephalopathy, left hemangioma, possible arachnoid cyst	['HP:0012469', 'HP:0001298', 'HP:0012835', 'HP:0100702']	['Infantile spasms', 'Encephalopathy', 'Left', 'Arachnoid cyst']	['nan']	['11280']	GENO:0000137	[]	[]	NCIT:C17998
										389	M	2 y	developmental delay, torticollis, positional plagiocephaly, expressive language delay, delayed visual maturation, atrial septal defect, patent foramen ovale, external ear malformation, facial dysmorphism, relative macrocephaly, prematurity (36.5 wks)	['HP:0001263', 'HP:0000473', 'HP:0001357', 'HP:0002474', 'HP:0001631', 'HP:0001655', 'HP:0000356', 'HP:0001999', 'HP:0004482']	['Global developmental delay', 'Torticollis', 'Plagiocephaly', 'Expressive language delay', 'Atrial septal defect', 'Patent foramen ovale', 'Abnormality of the outer ear', 'Abnormal facial shape', 'Relative macrocephaly']	['nan']	['11280']	GENO:0000137	[]	[]	NCIT:C17998
										390	M	11	GDD, learning disability, FTT, short stature, dysmorphic features, pyloric stenosis	['HP:0001263', 'HP:0001328', 'HP:0001508', 'HP:0004322', 'HP:0001999', 'HP:0002021']	['Global developmental delay', 'Specific learning disability', 'Failure to thrive', 'Short stature', 'Abnormal facial shape', 'Pyloric stenosis']	['nan']	['11280']	GENO:0000137	[]	[]	NCIT:C17998
										391	M	6y 9m	Autism, expressive lang dealy, restricted eating beh, constipation, spinal cord lipom	['HP:0000717', 'HP:0002474', 'HP:0000723', 'HP:0002019', 'HP:6000590']	['Autism', 'Expressive language delay', 'Restrictive behavior', 'Constipation', 'Spinal lipoma']	['nan']	['11280']	GENO:0000137	[]	[]	NCIT:C17998
										392	F	5y 6m	Pierre-Robin seq, B cleft palate, congenital heart defects, HL, cervical spine segmentation abn	['HP:0000201', 'HP:0000175', 'HP:0001627', 'HP:0000365']	['Pierre-Robin sequence', 'Cleft palate', 'Abnormal heart morphology', 'Hearing impairment']	['nan']	['11280']	GENO:0000137	[]	[]	NCIT:C17998
										393	F	4y 7m	speech delay, constipation, paroxysmal episodes, sensory processing difficulty	['HP:0000750', 'HP:0002019', 'HP:0000749', 'HP:0000763']	['Delayed speech and language development', 'Constipation', 'Paroxysmal bursts of laughter', 'Sensory neuropathy']	['nan']	['11280']	GENO:0000137	[]	[]	NCIT:C17998
										394	F	7y 2m	MCA (Dandy-Walker malformation, ACC, Bil CL/P), dysmorphic ftrs, PDA/PFO, szrs	['HP:0001305', 'HP:0000202', 'HP:0001999', 'HP:0001643', 'HP:0001655', 'HP:0001250']	['Dandy-Walker malformation', 'Orofacial cleft', 'Abnormal facial shape', 'Patent ductus arteriosus', 'Patent foramen ovale', 'Seizure']	['nan']	['11280']	GENO:0000137	[]	[]	NCIT:C17998
										395	M	11y 7m	Intellectual disability, seizures, bony abnormalities, hyperkaretotic and hyperpigmented papules of hands and feet and genitourinary features	['HP:0001249', 'HP:0001250', 'HP:0000772', 'HP:0025473', 'HP:0000119']	['Intellectual disability', 'Seizure', 'Abnormal rib morphology', 'Hyperpigmented papule', 'Abnormality of the genitourinary system']	['nan']	['11280']	GENO:0000137	[]	[]	NCIT:C17998
										396	M	5y 8m	Autism, near absent speech, mild DD	['HP:0000717', 'HP:0001344', 'HP:0001256']	['Autism', 'Absent speech', 'Mild intellectual disability']	['nan']	['11280']	GENO:0000137	[]	[]	NCIT:C17998
										397	F	6y	developmental delay, especially expressive and receptive speech delay, and history of early hypotonia 	['HP:0001263', 'HP:0000750', 'HP:0000750', 'HP:0008947']	['Global developmental delay', 'Delayed speech and language development', 'Delayed speech and language development', 'Floppy infant']	['nan']	['11280']	GENO:0000137	[]	[]	NCIT:C17998
										398	F	22m	hearing loss, vision abnormalities, short stature, FTT, hypotonia, relative microcephaly, GDD, stereotypic movements, sacral dimple, IUGR	['HP:0000365', 'HP:0000504', 'HP:0004322', 'HP:0001508', 'HP:0001252', 'HP:0000252', 'HP:0001263', 'HP:5200017', 'HP:0000960', 'HP:0001511']	['Hearing impairment', 'Abnormality of vision', 'Short stature', 'Failure to thrive', 'Hypotonia', 'Microcephaly', 'Global developmental delay', 'Stereotypic movements of face and head', 'Sacral dimple', 'Intrauterine growth retardation']	['nan']	['11280']	GENO:0000137	[]	[]	NCIT:C17998
										399	F	23m	Intellectual disability, szrs, cortical atrophy	['HP:0001249', 'HP:0002120']	['Intellectual disability', 'Cerebral cortical atrophy']	['nan']	['11280']	GENO:0000137	[]	[]	NCIT:C17998
										400	F	2y 10m	Epilepsy, GDD with regression, hypotonia, Gtube dependence, cortial visual impairment	['HP:0001250', 'HP:0001263', 'HP:0001252', 'HP:0100704']	['Seizure', 'Global developmental delay', 'Hypotonia', 'Cerebral visual impairment']	['nan']	['11280']	GENO:0000137	[]	[]	NCIT:C17998
										401	M	6y 7m	DD, airway malacia, eosinophilic esophagitis, short stature	['HP:0002781', 'HP:0410151', 'HP:0004322']	['Upper airway obstruction', 'Eosinophilic infiltration of the esophagus', 'Short stature']	['nan']	['11280']	GENO:0000137	[]	[]	NCIT:C17998
										402	M	17y 7m	ID, spastic diplegia, dysarthria, dystonia, dyskinesia	['HP:0001264', 'HP:0001260', 'HP:0001332', 'HP:0100660']	['Spastic diplegia', 'Dysarthria', 'Dystonia', 'Dyskinesia']	['nan']	['11280']	GENO:0000137	[]	[]	NCIT:C17998
										403	M	4y4m	GDD	[]	[]	['nan']	['11280']	GENO:0000137	[]	[]	NCIT:C17998
										404	F	4y 9m	evolution poor balance, seizures, brisk reflexes, cognitive decline and devel. Regression	['HP:0001250', 'HP:0001348', 'HP:0001268', 'HP:0002376']	['Seizure', 'Brisk reflexes', 'Mental deterioration', 'Developmental regression']	['nan']	['11280']	GENO:0000137	[]	[]	NCIT:C17998
										405	F	4m	central sleep apnea, congenital hypothyroidism with absence of an orthotopic thyroid gland, dolichocephaly	['HP:0010536', 'HP:0000851', 'HP:0000268']	['Central sleep apnea', 'Congenital hypothyroidism', 'Dolichocephaly']	['nan']	['11280']	GENO:0000137	[]	[]	NCIT:C17998
										406	F	3y 4m	developmental delays with regression, skeletal anomalies, and two regions of homozygosity	['HP:0001263', 'HP:0000924']	['Global developmental delay', 'Abnormality of the skeletal system']	['nan']	['11280']	GENO:0000137	[]	[]	NCIT:C17998
										407	M	2y 11m	autism, gross motor and speech delay, central hypotonia	['HP:0000717', 'HP:0002194', 'HP:0000750', 'HP:0001252']	['Autism', 'Delayed gross motor development', 'Delayed speech and language development', 'Hypotonia']	['nan']	['11280']	GENO:0000137	[]	[]	NCIT:C17998
										408	F	6y 5m	severe microcephaly, global developmental delay, cortical visual impairment, retinal pigmentation	['HP:0000252', 'HP:0001263', 'HP:0100704', 'HP:0007703']	['Microcephaly', 'Global developmental delay', 'Cerebral visual impairment', 'Abnormal retinal pigmentation']	['nan']	['11280']	GENO:0000137	[]	[]	NCIT:C17998
										409	M	4y	autism spectrum disorder and language impairment	['HP:0000729', 'HP:0002463']	['Autistic behavior', 'Language impairment']	['nan']	['11280']	GENO:0000137	[]	[]	NCIT:C17998
										410	M	3y  1m	possible intrauterine stroke, developmental delay, feeding problems, tonsillar hernia, atrial septal defect, obstructive and central sleep apnea, and hypotonia	['HP:0001297', 'HP:0001263', 'HP:0011968', 'HP:0002308', 'HP:0001631', 'HP:0002870', 'HP:0010536', 'HP:0001252']	['Stroke', 'Global developmental delay', 'Feeding difficulties', 'Chiari malformation', 'Atrial septal defect', 'Obstructive sleep apnea', 'Central sleep apnea', 'Hypotonia']	['nan']	['11280']	GENO:0000137	[]	[]	NCIT:C17998
										411	M	13y	mitochondrial disease, autism spectrum disorder, asthma, failure to thrive, constipation and gastroesophageal reflux disease, hypertension, hyponatremia, seizures, migraine, cyclic vomiting syndrome, and aggressive behavior	['HP:0001427', 'HP:0000729', 'HP:0002099', 'HP:0001508', 'HP:0002019', 'HP:0002020', 'HP:0000822', 'HP:0002902', 'HP:0001250', 'HP:0002076', 'HP:0002013', 'HP:0000718']	['Mitochondrial inheritance', 'Autistic behavior', 'Asthma', 'Failure to thrive', 'Constipation', 'Gastroesophageal reflux', 'Hypertension', 'Hyponatremia', 'Seizure', 'Migraine', 'Vomiting', 'Aggressive behavior']	['nan']	['11280']	GENO:0000137	[]	[]	NCIT:C17998
										412	F	17y3m	autism spectrum disorder, anxiety, catatonia	['HP:0000729', 'HP:0000739']	['Autistic behavior', 'Anxiety']	['nan']	['11280']	GENO:0000137	[]	[]	NCIT:C17998
										413	M	2y11m	autism spectrum disorder, expressive language delay, prematurity (36 4/7 weeks)	['HP:0000729', 'HP:0002474']	['Autistic behavior', 'Expressive language delay']	['nan']	['11280']	GENO:0000137	[]	[]	NCIT:C17998
										414	M	22y	catatonia, seizure disorder, and cognitive slowing	['HP:0001250', 'HP:0001263']	['Seizure', 'Global developmental delay']	['nan']	['11280']	GENO:0000137	[]	[]	NCIT:C17998
										415	M	4y 2m	partial symptomatic epilepsy, hypoglycemia, hematochezia	['HP:0002349', 'HP:0001943', 'HP:0002573']	['Focal aware seizure', 'Hypoglycemia', 'Hematochezia']	['nan']	['11280']	GENO:0000137	[]	[]	NCIT:C17998
										416	F	15m	neonatal hypotonia, feeding difficulty, swallowing impaired, prenatal polyhydramnios	['HP:0001319', 'HP:0011968', 'HP:0001561']	['Neonatal hypotonia', 'Feeding difficulties', 'Polyhydramnios']	['nan']	['11280']	GENO:0000137	[]	[]	NCIT:C17998
										417	F	3y	seizures, macrocephaly, short stature, growth hormone deficiency, and developmental delays 	['HP:0001250', 'HP:0000256', 'HP:0004322', 'HP:0034323', 'HP:0001263']	['Seizure', 'Macrocephaly', 'Short stature', 'Reduced circulating growth hormone concentration', 'Global developmental delay']	['nan']	['11280']	GENO:0000137	[]	[]	NCIT:C17998
										418	M	10y 11m	microcephaly, GDD, absence seizures, bladder and bowel retention	['HP:0000252', 'HP:0001263', 'HP:0002121']	['Microcephaly', 'Global developmental delay', 'Generalized non-motor (absence) seizure']	['nan']	['11280']	GENO:0000137	[]	[]	NCIT:C17998
										419	F	7y 7m	nonintractable generalized idiopathic epilepsy, DD	['HP:0001250']	['Seizure']	['nan']	['11280']	GENO:0000137	[]	[]	NCIT:C17998
										420	M	12m	MCAs: partial agenesis of the corpus callosum, colpocephaly, hypospadias, left pinna abnormality, small ASD. IF of PMP22 dup (CMTD1A). Dysmorphic features. 	['HP:0001338', 'HP:0030048', 'HP:0000047', 'HP:0012835', 'HP:0000729', 'HP:0001999']	['Partial agenesis of the corpus callosum', 'Colpocephaly', 'Hypospadias', 'Left', 'Autistic behavior', 'Abnormal facial shape']	['nan']	['11280']	GENO:0000137	[]	[]	NCIT:C17998
										421	M	17y	weakness, asymmetry of musculature, very thin extremities, left ptosis from birth, highly arched palate without clefting, developmental motor delay, cranial nerve III palsy with left vertical ophthalmoplegia, scoliosis, footdrop, and absent patellar reflexes	['HP:0025406', 'HP:0000508', 'HP:0000174', 'HP:0001270', 'HP:0006824', 'HP:0000602', 'HP:0002650', 'HP:0009027', 'HP:0006844']	['Asthenia', 'Ptosis', 'Abnormal palate morphology', 'Motor delay', 'Cranial nerve paralysis', 'Ophthalmoplegia', 'Scoliosis', 'Foot dorsiflexor weakness', 'Absent patellar reflexes']	['nan']	['11280']	GENO:0000137	[]	[]	NCIT:C17998
										422	F	6y 3m	microcephaly, global developmental delay. Making gains. New hx of staring episodes.	['HP:0000252', 'HP:0001263', 'HP:0025401']	['Microcephaly', 'Global developmental delay', 'Staring gaze']	['nan']	['11280']	GENO:0000137	[]	[]	NCIT:C17998
										423	M	6y	autism spectrum disorder, ADHD, and fine motor delays, born at 34 wks (PPROM)	['HP:0000729', 'HP:0007018', 'HP:0001270', 'HP:6000310']	['Autistic behavior', 'Attention deficit hyperactivity disorder', 'Motor delay', 'Preterm premature rupture of membranes']	['nan']	['11280']	GENO:0000137	[]	[]	NCIT:C17998
										424	M	15y	hepatic fibrosis, splenomegaly and portal hypertension 	['HP:0001395', 'HP:0001744', 'HP:0001409']	['Hepatic fibrosis', 'Splenomegaly', 'Portal hypertension']	['nan']	['11280']	GENO:0000137	[]	[]	NCIT:C17998
										425	M	21m	33wk5d gestation, IUGR, poor postnatal growth, GDD, and interrupted IVC	['HP:0001622', 'HP:0001511', 'HP:0000824', 'HP:0001263', 'HP:0011671']	['Premature birth', 'Intrauterine growth retardation', 'Decreased response to growth hormone stimulation test', 'Global developmental delay', 'Interrupted inferior vena cava with azygous continuation']	['nan']	['11280']	GENO:0000137	[]	[]	NCIT:C17998
										426	F	10y	short stature, mood disorder, emotional immaturity, and hypotonia 	['HP:0004322', 'HP:0000720', 'HP:0001252']	['Short stature', 'obsolete Mood swings', 'Hypotonia']	['nan']	['11280']	GENO:0000137	[]	[]	NCIT:C17998
										427	M	2y 10m	GDD, 34wk premature, hyptotonia	['HP:0001263', 'HP:0001252']	['Global developmental delay', 'Hypotonia']	['nan']	['11280']	GENO:0000137	[]	[]	NCIT:C17998
										428	F	15m	ALCAPA, Sprengel's deformity, normal development	['HP:0011638', 'HP:0000912']	['Anomalous origin of left coronary artery from the pulmonary artery', 'Sprengel anomaly']	['nan']	['11280']	GENO:0000137	[]	[]	NCIT:C17998
										429	F	14y 1m	Chiari malformation, syncope, mild hypermobility, poly-articular JIA, leukopenia and neutropenia, and Hashimoto thyroiditis	['HP:0002308', 'HP:0001279', 'HP:0002761', 'HP:0005764', 'HP:0001882', 'HP:0001875', 'HP:0000872']	['Chiari malformation', 'Syncope', 'Generalized joint hypermobility', 'Polyarticular arthritis', 'Decreased total leukocyte count', 'Decreased total neutrophil count', 'Hashimoto thyroiditis']	['nan']	['11280']	GENO:0000137	[]	[]	NCIT:C17998
										430	M	20y11m	intellectual disability, ADHD	['HP:0001249', 'HP:0007018']	['Intellectual disability', 'Attention deficit hyperactivity disorder']	['nan']	['11280']	GENO:0000137	[]	[]	NCIT:C17998
										431	M	49y	CVID, immunodeficiency, recurrent lymphoma, adrenal insufficiency 	['HP:0002721', 'HP:0002665', 'HP:0000846']	['Immunodeficiency', 'Lymphoma', 'Adrenal insufficiency']	['nan']	['11280']	GENO:0000137	[]	[]	NCIT:C17998
										432	M	19m	pontocerebellar hypoplasia, absent cranial nerves VII and VIII causing sensorineural hearing loss, lagophthalmose, corneal scarring, and facial nerve palsy	['HP:0001321', 'HP:0011393', 'HP:0000407', 'HP:0030001', 'HP:0000559', 'HP:0010628']	['Cerebellar hypoplasia', 'Aplasia of the vestibular nerve', 'Sensorineural hearing impairment', 'Lagophthalmos', 'Corneal scarring', 'Facial palsy']	['nan']	['11280']	GENO:0000137	[]	[]	NCIT:C17998
										433	M	4y 7m	epilepsy, global developmental delay, and a 592 kilobase gain of uncertain significance of 1q21.3	['HP:0001250', 'HP:0001263']	['Seizure', 'Global developmental delay']	['nan']	['11280']	GENO:0000137	[]	[]	NCIT:C17998
										434	M	15y	complex musculoskeletal pain, gastrointestinal issues, adolescent acquired scoliosis	['HP:0002653', 'HP:0011024', 'HP:0002650']	['Bone pain', 'Abnormality of the gastrointestinal tract', 'Scoliosis']	['nan']	['11280']	GENO:0000137	[]	[]	NCIT:C17998
										435	M	26m	developmental delays, seizure, and congenital anomalies	['HP:0001263', 'HP:0001250']	['Global developmental delay', 'Seizure']	['nan']	['11280']	GENO:0000137	[]	[]	NCIT:C17998
										436	M	19m	congenital hypothyroidism, bronchopulmonary dysplasia, oral aversion, neonatal hypertension, and pseudostrabismus	['HP:0000851', 'HP:0012523', 'HP:0000822', 'HP:0000486']	['Congenital hypothyroidism', 'Oral aversion', 'Hypertension', 'Strabismus']	['nan']	['11280']	GENO:0000137	[]	[]	NCIT:C17998
										437	M	49y	intellectual disability, autism spectrum disorder, brain atrophy, bipolar disorder, behavioral concerns with agitation, hypothyroidism, speech and language disorder, aggression, catatonia, diabetes insipidus, sleep disorder, and mood and affect disturbances	['HP:0001249', 'HP:0000729', 'HP:0012444', 'HP:0007302', 'HP:0000713', 'HP:0000821', 'HP:0002463', 'HP:0000718', 'HP:0000873']	['Intellectual disability', 'Autistic behavior', 'Brain atrophy', 'Bipolar affective disorder', 'Agitation', 'Hypothyroidism', 'Language impairment', 'Aggressive behavior', 'Diabetes insipidus']	['nan']	['11280']	GENO:0000137	[]	[]	NCIT:C17998
										438	F	9y	global developmental delay, cognitive impairment, toe-walking, spastic diplegia, and compulsive and midline behaviors	['HP:0001263', 'HP:0100543', 'HP:0030051', 'HP:0001264', 'HP:0000722', 'HP:0000733']	['Global developmental delay', 'Cognitive impairment', 'Tip-toe gait', 'Spastic diplegia', 'Compulsive behaviors', 'Motor stereotypy']	['nan']	['11280']	GENO:0000137	[]	[]	NCIT:C17998
										439	F	24y	ROHHAD syndrome (rapid weight gain, pan hypoparathyroidism, central thyroidism, pancytopenia, hypoventilation, hypernatremia, hypercholesteremia, diabetes insipidus and diabetes mellitus)	['HP:0004324', 'HP:0000829', 'HP:0011787', 'HP:0001876', 'HP:0002791', 'HP:0003228', 'HP:0003124', 'HP:0000873', 'HP:0000819']	['Increased body weight', 'Hypoparathyroidism', 'Central hypothyroidism', 'Pancytopenia', 'Hypoventilation', 'Hypernatremia', 'Hypercholesterolemia', 'Diabetes insipidus', 'Diabetes mellitus']	['nan']	['11280']	GENO:0000137	[]	[]	NCIT:C17998
										440	M	5y	ketotic hypoglycemia 	['HP:0012734']	['Ketotic hypoglycemia']	['nan']	['11280']	GENO:0000137	[]	[]	NCIT:C17998
										441	F	6y	heterotaxy and complex heart disease, feeding problems, oral aversion	['HP:0030853', 'HP:0010982', 'HP:0011968', 'HP:0012523']	['Heterotaxy', 'Polygenic inheritance', 'Feeding difficulties', 'Oral aversion']	['nan']	['11280']	GENO:0000137	[]	[]	NCIT:C17998
										442	M	13y	precocious adrenarche, elevated testosterone, mold elevation of DHEAS, macrocephaly, and possible mild learning delays 	['HP:0012412', 'HP:0000256', 'HP:0012825']	['Premature adrenarche', 'Macrocephaly', 'Mild']	['nan']	['11280']	GENO:0000137	[]	[]	NCIT:C17998
										443	M	18y	telecanthus, shortened palpebral fissures, slightly hypotonic mouth, reddish appearance of the skin, macrocephaly, and moderate obesity	['HP:0000506', 'HP:0012745', 'HP:0000153', 'HP:0000256', 'HP:0001513']	['Telecanthus', 'Short palpebral fissure', 'Abnormality of the mouth', 'Macrocephaly', 'Obesity']	['nan']	['11280']	GENO:0000137	[]	[]	NCIT:C17998
										444	M	4y	macrocephaly, autism spectrum disorder, and developmental motor and speech delays	['HP:0000256', 'HP:0000729', 'HP:0001270', 'HP:0000750']	['Macrocephaly', 'Autistic behavior', 'Motor delay', 'Delayed speech and language development']	['nan']	['11280']	GENO:0000137	[]	[]	NCIT:C17998
										445	M	13mo	diarrhea due to malabsorption, immunosuppression, macrocephaly, and protein losing enteropathy	['HP:0002014', 'HP:0002024', 'HP:0000256', 'HP:0002243']	['Diarrhea', 'Malabsorption', 'Macrocephaly', 'Protein-losing enteropathy']	['nan']	['11280']	GENO:0000137	[]	[]	NCIT:C17998
										446	M	3y	autism spectrum disorder, developmental delay, disorganized background without seizures	['HP:0000729', 'HP:0001263', 'HP:0011177']	['Autistic behavior', 'Global developmental delay', 'EEG with 4-5/second background activity']	['nan']	['11280']	GENO:0000137	[]	[]	NCIT:C17998
										447	M	2y	developmental delay, exotropia, mild developmental delays, congenital hypotonia with feeding problems, cutaneous hemangiomata, neonatal lymphedema of lower extremities, and left retinal CHRPE (bear track) lesion 	['HP:0001263', 'HP:0000577', 'HP:0011342', 'HP:0001319', 'HP:0011968', 'HP:0001028', 'HP:0001004', 'HP:0000479']	['Global developmental delay', 'Exotropia', 'Mild global developmental delay', 'Neonatal hypotonia', 'Feeding difficulties', 'Hemangioma', 'Lymphedema', 'Abnormal retinal morphology']	['nan']	['11280']	GENO:0000137	[]	[]	NCIT:C17998
										448	M	3y 7m	GDD, mega cisterna magna, hypotonia, facial dysmorphism, overlapping toes	['HP:0001263', 'HP:0002280', 'HP:0001252', 'HP:0001999', 'HP:0001845']	['Global developmental delay', 'Enlarged cisterna magna', 'Hypotonia', 'Abnormal facial shape', 'Overlapping toe']	['nan']	['11280']	GENO:0000137	[]	[]	NCIT:C17998
										449	F	7y 8m	intellectual disability, developmental delay, cleft palate, laryngeal cleft, seizures, hypohidrosis, autonomic instability, hypothyroidism, bronchomalacia	['HP:0001249', 'HP:0001263', 'HP:0000175', 'HP:0008751', 'HP:0001250', 'HP:0000966', 'HP:0002270', 'HP:0000821', 'HP:0002780']	['Intellectual disability', 'Global developmental delay', 'Cleft palate', 'Laryngeal cleft', 'Seizure', 'Hypohidrosis', 'Abnormality of the autonomic nervous system', 'Hypothyroidism', 'Bronchomalacia']	['nan']	['11280']	GENO:0000137	[]	[]	NCIT:C17998
										450	F	5y 1m	cortical dysplasia with focal epilepsy, ETD	['HP:0002539', 'HP:0030650']	['Cortical dysplasia', 'Focal']	['nan']	['11280']	GENO:0000137	[]	[]	NCIT:C17998
										451	M	8y	small stature, learning difficulty, behavior concerns, and ADD. Potential FAS	['HP:0004322', 'HP:0002442', 'HP:0000722']	['Short stature', 'Dyscalculia', 'Compulsive behaviors']	['nan']	['11280']	GENO:0000137	[]	[]	NCIT:C17998
										452	F	9y	myopathy, restrictive lung disease and Neuromuscular scoliosis of thoracolumbar region 	['HP:0003198', 'HP:0002091', 'HP:0002650']	['Myopathy', 'Restrictive ventilatory defect', 'Scoliosis']	['nan']	['11280']	GENO:0000137	[]	[]	NCIT:C17998
										453	M	11y	focal seizures, agenesis of the corpus callosum, schizencephaly, and gray matter heterotopia	['HP:0007359', 'HP:0001274', 'HP:0010636', 'HP:0002282']	['Focal-onset seizure', 'Agenesis of corpus callosum', 'Schizencephaly', 'Gray matter heterotopia']	['nan']	['11280']	GENO:0000137	[]	[]	NCIT:C17998
										454	F	16y	nephrolithiasis, UPJ obstruction, pituitary microadenoma, hydronephrosis, and hemiplegic migraines, right ptosis, right upper extremity weakness, joint hypermobility, and bilateral pes planus 	['HP:0000787', 'HP:0000074', 'HP:0025694', 'HP:0000126', 'HP:0002076', 'HP:0000508', 'HP:0012834', 'HP:0001382', 'HP:0001763']	['Nephrolithiasis', 'Ureteropelvic junction obstruction', 'Pituitary microadenoma', 'Hydronephrosis', 'Migraine', 'Ptosis', 'Right', 'Joint hypermobility', 'Pes planus']	['nan']	['11280']	GENO:0000137	[]	[]	NCIT:C17998
										455	F	3y	hypotonia, microcephaly, congenital heart disease with multiple anomalies, intestinal malrotation, imperforate anus, rectovaginal fistula, periventricular cerebral cyst, absence of the 12th rib and 6th lumbar vertebrae, duplicated collecting system, reactive airway disease, and global developmental delay	['HP:0001252', 'HP:0000252', 'HP:0002566', 'HP:0002023', 'HP:0000143', 'HP:0000081', 'HP:0002099', 'HP:0001263']	['Hypotonia', 'Microcephaly', 'Intestinal malrotation', 'Anal atresia', 'Rectovaginal fistula', 'Duplicated collecting system', 'Asthma', 'Global developmental delay']	['nan']	['11280']	GENO:0000137	[]	[]	NCIT:C17998
										456	F	15m	arthrogryposis, bilateral club feet, ankyloglossia, impaired mobility, bilateral knee and elbow contractures, and weakness. Fits amyoplasia best.	['HP:0002804', 'HP:0001776', 'HP:0010296', 'HP:0034671', 'HP:0034391', 'HP:0025406']	['Arthrogryposis multiplex congenita', 'Bilateral talipes equinovarus', 'Ankyloglossia', 'Knee contracture', 'Elbow contracture', 'Asthenia']	['nan']	['11280']	GENO:0000137	[]	[]	NCIT:C17998
										457	F	10y	epilepsy and leukodystrophy 	['HP:0001250', 'HP:0002415']	['Seizure', 'Leukodystrophy']	['nan']	['11280']	GENO:0000137	[]	[]	NCIT:C17998
										458	F	9y	generalized nonconvulsive epilepsy with intractable epilepsy, global developmental delay, intellectual disability, cognitive impairment and microcephaly	['HP:0001250', 'HP:0001250', 'HP:0001263', 'HP:0001249', 'HP:0100543', 'HP:0000252']	['Seizure', 'Seizure', 'Global developmental delay', 'Intellectual disability', 'Cognitive impairment', 'Microcephaly']	['nan']	['11280']	GENO:0000137	[]	[]	NCIT:C17998
										459	M	37y	hemophagocytic lymphohistiocytosis 	['HP:0012156']	['Hemophagocytosis']	['nan']	['11280']	GENO:0000137	[]	[]	NCIT:C17998
										460	F	15y	flexible, mild joint hypermobility, right-sided, frontal headache associated with nausea, vomiting, and photophobia, had a subarachnoid hemorrhage (s/p craniotomy/cranioplasty) with right posterior communicating aneurysm and small right MCA aneurysm (s/p surgical repair), severe vision loss in her right eye and left homonymous hemianopia, possible fibromuscular dysplasia.	['HP:0001382', 'HP:0001382', 'HP:0002315', 'HP:0002018', 'HP:0002013', 'HP:0000613', 'HP:0002138', 'HP:0001363', 'HP:0004440', 'HP:0031773', 'HP:0002617', 'HP:0000572', 'HP:0030516']	['Joint hypermobility', 'Joint hypermobility', 'Headache', 'Nausea', 'Vomiting', 'Photophobia', 'Subarachnoid hemorrhage', 'Craniosynostosis', 'Coronal craniosynostosis', 'Posterior communicating artery aneurysm', 'Vascular dilatation', 'Visual loss', 'Homonymous hemianopia']	['nan']	['11280']	GENO:0000137	[]	[]	NCIT:C17998
										461	M	4y	learning problems, alopecia, neutropenia, hypogammaglobulinemia, and recurrent fevers	['HP:0001328', 'HP:0001596', 'HP:0001875', 'HP:0004313', 'HP:0001954']	['Specific learning disability', 'Alopecia', 'Decreased total neutrophil count', 'Decreased circulating immunoglobulin concentration', 'Recurrent fever']	['nan']	['11280']	GENO:0000137	[]	[]	NCIT:C17998
										462	M	2y	short stature	['HP:0004322']	['Short stature']	['nan']	['11280']	GENO:0000137	[]	[]	NCIT:C17998
										463	M	1y	hydrocephalus, hypotonia, global developmental delay, dysphagia	['HP:0000238', 'HP:0001252', 'HP:0001263', 'HP:0002015']	['Hydrocephalus', 'Hypotonia', 'Global developmental delay', 'Dysphagia']	['nan']	['11280']	GENO:0000137	[]	[]	NCIT:C17998
										464	M	8y	bilateral congenital ptosis, birth marks on his body, bilateral shortened thumbs, mild hearing loss in 1 ear at one particular frequency	['HP:0007911', 'HP:0001222', 'HP:0000365']	['Congenital bilateral ptosis', 'Spatulate thumbs', 'Hearing impairment']	['nan']	['11280']	GENO:0000137	[]	[]	NCIT:C17998
										465	M	12y	seizure disorder	['HP:0001250']	['Seizure']	['nan']	['11280']	GENO:0000137	[]	[]	NCIT:C17998
										466	M	3y	spastic diplegic cerebral palsy, sensory and behavioral concerns	['HP:0001264', 'HP:0025783']	['Spastic diplegia', 'Diagnostic behavioral phenotype']	['nan']	['11280']	GENO:0000137	[]	[]	NCIT:C17998
										467	F	2y	mild metopic craniosynostosis, history of congenital diaphragmatic hernia, and left-sided weakness	['HP:0011330', 'HP:0000776', 'HP:0012835']	['Metopic synostosis', 'Congenital diaphragmatic hernia', 'Left']	['nan']	['11280']	GENO:0000137	[]	[]	NCIT:C17998
										468	M	13y	epilepsy, polyneuropathy, ADHD, OCD, Chiari malformation type I (status post decompression surgery), tension headaches, developmental delay, weekly leg cramps, myalgia	['HP:0001250', 'HP:0001271', 'HP:0007018', 'HP:0000722', 'HP:0007099', 'HP:0012228', 'HP:0001263', 'HP:0008991', 'HP:0003326']	['Seizure', 'Polyneuropathy', 'Attention deficit hyperactivity disorder', 'Compulsive behaviors', 'Chiari type I malformation', 'Tension-type headache', 'Global developmental delay', 'Exercise-induced leg cramps', 'Myalgia']	['nan']	['11280']	GENO:0000137	[]	[]	NCIT:C17998
										469	M	18y	autism, focal epilepsy, ADHD	['HP:0000717', 'HP:0030650', 'HP:0007018']	['Autism', 'Focal', 'Attention deficit hyperactivity disorder']	['nan']	['11280']	GENO:0000137	[]	[]	NCIT:C17998
										470	F	6y	truncus arteriosus type 1 with interrupted aortic arch, leg length discrepancy	['HP:0004384', 'HP:0011611', 'HP:0100559']	['Type I truncus arteriosus', 'Interrupted aortic arch', 'Lower limb asymmetry']	['nan']	['11280']	GENO:0000137	[]	[]	NCIT:C17998
										471	M	14y	hypermobility, Ehlers-Danlos syndrome, behavioral problems including possible mild autism spectrum disorder, dyslexia, oppositional defiant disorder, and conduct disorder, benign heart murmur with a normal echocardiogram 	['HP:0001382', 'HP:0000708', 'HP:0000717', 'HP:0010522', 'HP:0010865', 'HP:0000722', 'HP:0030148']	['Joint hypermobility', 'Atypical behavior', 'Autism', 'Dyslexia', 'Oppositional defiant disorder', 'Compulsive behaviors', 'Heart murmur']	['nan']	['11280']	GENO:0000137	[]	[]	NCIT:C17998
										472	M	4y	developmental delay, hair whorls, hydrocele, hypotonia, ASD	['HP:0001263', 'HP:0010721', 'HP:0000034', 'HP:0001252', 'HP:0000729']	['Global developmental delay', 'Abnormal hair whorl', 'Hydrocele testis', 'Hypotonia', 'Autistic behavior']	['nan']	['11280']	GENO:0000137	[]	[]	NCIT:C17998
										473	M	9y	Cerebral palsy (hemiplegic), dysphagia, facial paresis, Von Willebrand's disease	['HP:0100021', 'HP:0002015', 'HP:0007209', 'HP:0040237']	['Cerebral palsy', 'Dysphagia', 'Facial paralysis', 'Impaired binding of factor VIII to VWF']	['nan']	['11280']	GENO:0000137	[]	[]	NCIT:C17998
										474	M	16y	Essential hypertension, hirsutism, fine motor dyspraxia	['HP:0000822', 'HP:0001007', 'HP:0001270']	['Hypertension', 'Hirsutism', 'Motor delay']	['nan']	['11280']	GENO:0000137	[]	[]	NCIT:C17998
										475	M	17y	hyperammonemia of uncertain etiology, prune belly syndrome, Mitrofanoff umbilical stoma	['HP:0001987', 'HP:0004392']	['Hyperammonemia', 'Prune belly']	['nan']	['11280']	GENO:0000137	[]	[]	NCIT:C17998
										476	M	3y	Developmental delay, social pragmatic language disorder, ASD, lack of expected normal physiological development in childhood	['HP:0001263', 'HP:0002463', 'HP:0000729', 'HP:0000002']	['Global developmental delay', 'Language impairment', 'Autistic behavior', 'Abnormality of body height']	['nan']	['11280']	GENO:0000137	[]	[]	NCIT:C17998
										477	M	18mo	heterotaxy syndrome with polysplenia, malrotation of intestine, mesocardia, neutropenia, asplenia	['HP:0030853', 'HP:0001748', 'HP:0002566', 'HP:0011599', 'HP:0001875', 'HP:0001746']	['Heterotaxy', 'Polysplenia', 'Intestinal malrotation', 'Mesocardia', 'Decreased total neutrophil count', 'Asplenia']	['nan']	['11280']	GENO:0000137	[]	[]	NCIT:C17998
										478	F	10y	anxiety disorder, autism spectrum disorder	['HP:0000739', 'HP:0000729']	['Anxiety', 'Autistic behavior']	['nan']	['11280']	GENO:0000137	[]	[]	NCIT:C17998
										479	F	2y	congenital heart defect and developmental delays	['HP:0001627', 'HP:0001263']	['Abnormal heart morphology', 'Global developmental delay']	['nan']	['11280']	GENO:0000137	[]	[]	NCIT:C17998
										480	M	20y	right shoulder pain, ADHD, dyskinesia	['HP:0030834', 'HP:0007018', 'HP:0100660']	['Shoulder pain', 'Attention deficit hyperactivity disorder', 'Dyskinesia']	['nan']	['11280']	GENO:0000137	[]	[]	NCIT:C17998
										481	F	13y	ASD, ache, VH.D def.	['HP:0000729', 'HP:0002315', 'HP:0006228']	['Autistic behavior', 'Headache', 'Valgus hand deformity']	['nan']	['11280']	GENO:0000137	[]	[]	NCIT:C17998
										482	M	3y	ASD, TEF, ETD	['HP:0000729']	['Autistic behavior']	['nan']	['11280']	GENO:0000137	[]	[]	NCIT:C17998
										483	M	9y	partial epilepsy originating in temporal lobe	['HP:0001250', 'HP:0009911']	['Seizure', 'Abnormal temporal bone morphology']	['nan']	['11280']	GENO:0000137	[]	[]	NCIT:C17998
										484	M	8y	developmental delay, laryngomalacia, seizure disorder, asthma, eustachian tube dysfunction, cryptorchidism, dysmorphic features	['HP:0001263', 'HP:0001601', 'HP:0001250', 'HP:0002099', 'HP:0000028', 'HP:0001999']	['Global developmental delay', 'Laryngomalacia', 'Seizure', 'Asthma', 'Cryptorchidism', 'Abnormal facial shape']	['nan']	['11280']	GENO:0000137	[]	[]	NCIT:C17998
										485	F	8y	global developmental delays, history of epilepsy in early infancy and childhood, and a concern for possible mitochondrial disorder	['HP:0001263', 'HP:0001250', 'HP:0001427']	['Global developmental delay', 'Seizure', 'Mitochondrial inheritance']	['nan']	['11280']	GENO:0000137	[]	[]	NCIT:C17998
										486	F	17y	congenital cardiac anomaly, joint hypermobility and pain, recurrent infections, PCOS, occasional micraines, elevated ocular pressure, mild obstructive sleep apnea, POTS, muscle weakness, anxiety, gastroparesis	['HP:0001627', 'HP:0001382', 'HP:0002829', 'HP:0002719', 'HP:0002076', 'HP:0007906', 'HP:0002870', 'HP:0001324', 'HP:0000739', 'HP:0002578']	['Abnormal heart morphology', 'Joint hypermobility', 'Arthralgia', 'Recurrent infections', 'Migraine', 'Ocular hypertension', 'Obstructive sleep apnea', 'Muscle weakness', 'Anxiety', 'Gastroparesis']	['nan']	['11280']	GENO:0000137	[]	[]	NCIT:C17998
										487	F	10y	cerebral palsy, global developmental delay and cognitive impairment	['HP:0100021', 'HP:0001263', 'HP:0100543']	['Cerebral palsy', 'Global developmental delay', 'Cognitive impairment']	['nan']	['11280']	GENO:0000137	[]	[]	NCIT:C17998
										488	F	15y	multiple congenital anomalies, dysphagia, cerebral ventriculomegaly, SNHL, possible CHARGE syndrome	['HP:0002015', 'HP:0002119']	['Dysphagia', 'Ventriculomegaly']	['nan']	['11280']	GENO:0000137	[]	[]	NCIT:C17998
										489	M	2y	 global developmental delays, core hypotonia, proximal muscle weakness, dysphagia, laryngomalacia, GERD, subglottic stenosis and stridor, FTT (s/p G-tube), delayed bone age, mildly enlarged optic nerves and sagittal craniosynostosis	['HP:0001263', 'HP:0001252', 'HP:0003701', 'HP:0002015', 'HP:0001601', 'HP:0002020', 'HP:0001607', 'HP:0010307', 'HP:0001508', 'HP:0002750', 'HP:0004442']	['Global developmental delay', 'Hypotonia', 'Proximal muscle weakness', 'Dysphagia', 'Laryngomalacia', 'Gastroesophageal reflux', 'Subglottic stenosis', 'Stridor', 'Failure to thrive', 'Delayed skeletal maturation', 'Sagittal craniosynostosis']	['nan']	['11280']	GENO:0000137	[]	[]	NCIT:C17998
										490	M	14y	 autism, ADHD, epilepsy, developmental delay, and mild cognitive impairment, photosensitive primary generalized epilepsy with myoclonus	['HP:0000717', 'HP:0007018', 'HP:0001250', 'HP:0001263', 'HP:0100543', 'HP:0001250']	['Autism', 'Attention deficit hyperactivity disorder', 'Seizure', 'Global developmental delay', 'Cognitive impairment', 'Seizure']	['nan']	['11280']	GENO:0000137	[]	[]	NCIT:C17998
										491	M	9y	intellectual disability, Autism spectrum disorder, and macrocephaly 	['HP:0001249', 'HP:0000729', 'HP:0000256']	['Intellectual disability', 'Autistic behavior', 'Macrocephaly']	['nan']	['11280']	GENO:0000137	[]	[]	NCIT:C17998
										492	F	25y	global developmental delay, autism spectrum disorder, recent concerns for regression, reflux and esophagitis, recurrent candidiasis infections, scoliosis, and a giant cell tumor of the right distal radius status post resection	['HP:0001263', 'HP:0000729', 'HP:0034332', 'HP:0002020', 'HP:0100633', 'HP:0005401', 'HP:0002650']	['Global developmental delay', 'Autistic behavior', 'Cognitive regression', 'Gastroesophageal reflux', 'Esophagitis', 'Recurrent candida infections', 'Scoliosis']	['nan']	['11280']	GENO:0000137	[]	[]	NCIT:C17998
										493	M	12y	failure to thrive, developmental delay, isolated growth hormone deficiency, and tremor	['HP:0001508', 'HP:0001263', 'HP:0034323', 'HP:0001337']	['Failure to thrive', 'Global developmental delay', 'Reduced circulating growth hormone concentration', 'Tremor']	['nan']	['11280']	GENO:0000137	[]	[]	NCIT:C17998
										494	M	3y	Autism spectrum disorder and speech delay 	['HP:0000729', 'HP:0000750']	['Autistic behavior', 'Delayed speech and language development']	['nan']	['11280']	GENO:0000137	[]	[]	NCIT:C17998
										495	M	10y	multiple congenital anomalies including PDA s/p repair, PFO, VSD s/p repair, pulmonary hypertension, and anal stenosis, without any cognitive concerns	['HP:0001643', 'HP:0001655', 'HP:0001629', 'HP:0002092', 'HP:0002025']	['Patent ductus arteriosus', 'Patent foramen ovale', 'Ventricular septal defect', 'Pulmonary arterial hypertension', 'Anal stenosis']	['nan']	['11280']	GENO:0000137	[]	[]	NCIT:C17998
										496	M	3y	severe congenital hydrocephalus, optic nerve atrophy, strabismus, cerebral palsy, global developmental delay	['HP:0000238', 'HP:0000648', 'HP:0000486', 'HP:0100021', 'HP:0001263']	['Hydrocephalus', 'Optic atrophy', 'Strabismus', 'Cerebral palsy', 'Global developmental delay']	['nan']	['11280']	GENO:0000137	[]	[]	NCIT:C17998
										497	M	4y	developmental delay and autism spectrum disorder	['HP:0001263', 'HP:0000729']	['Global developmental delay', 'Autistic behavior']	['nan']	['11280']	GENO:0000137	[]	[]	NCIT:C17998
										498	M	16y	intractable epilepsy, dysmorphic features, cognitive impairment, developmental delays, autism	['HP:0001250', 'HP:0001999', 'HP:0100543', 'HP:0001263', 'HP:0000717']	['Seizure', 'Abnormal facial shape', 'Cognitive impairment', 'Global developmental delay', 'Autism']	['nan']	['11280']	GENO:0000137	[]	[]	NCIT:C17998
										499	M	23mo	 global developmental delay, hypotonia, and macrocephaly	['HP:0001263', 'HP:0001252', 'HP:0000256']	['Global developmental delay', 'Hypotonia', 'Macrocephaly']	['nan']	['11280']	GENO:0000137	[]	[]	NCIT:C17998
										500	F	3y	developmental delay, gait abnormality, and laryngomalacia	['HP:0001263', 'HP:0001288', 'HP:0001601']	['Global developmental delay', 'Gait disturbance', 'Laryngomalacia']	['nan']	['11280']	GENO:0000137	[]	[]	NCIT:C17998
										501	M	3y	developmental delays and Autism spectrum disorder 	['HP:0001263', 'HP:0000729']	['Global developmental delay', 'Autistic behavior']	['nan']	['11280']	GENO:0000137	[]	[]	NCIT:C17998
										502	M	20mo	hypotonia and developmental delay and because of a past history of intrauterine growth restriction	['HP:0001252', 'HP:0001263', 'HP:0001511']	['Hypotonia', 'Global developmental delay', 'Intrauterine growth retardation']	['nan']	['11280']	GENO:0000137	[]	[]	NCIT:C17998
										503	F	4y	 autism spectrum disorder and mild developmental delays	['HP:0000729', 'HP:0011342']	['Autistic behavior', 'Mild global developmental delay']	['nan']	['11280']	GENO:0000137	[]	[]	NCIT:C17998
										504	M	6y	thyroid hormone resitance, periodic paralysis, developmental delay, bilateral SNHL, febrile seizures, delayed bone age ADHD, short stature	['HP:0002930', 'HP:0003768', 'HP:0001263', 'HP:0000408', 'HP:0002373', 'HP:0002750', 'HP:0007018', 'HP:0004322']	['Impaired sensitivity to thyroid hormone', 'Periodic paralysis', 'Global developmental delay', 'Progressive sensorineural hearing impairment', 'Febrile seizure (within the age range of 3 months to 6 years)', 'Delayed skeletal maturation', 'Attention deficit hyperactivity disorder', 'Short stature']	['nan']	['11280']	GENO:0000137	[]	[]	NCIT:C17998
										505	M	6y	infantile spasms, autism, behavioral concerns and developmental delays 	['HP:0012469', 'HP:0000717', 'HP:0025783', 'HP:0001263']	['Infantile spasms', 'Autism', 'Diagnostic behavioral phenotype', 'Global developmental delay']	['nan']	['11280']	GENO:0000137	[]	[]	NCIT:C17998
										506	M	4y	Autism spectrum disorder and developmental delay	['HP:0000729', 'HP:0001263']	['Autistic behavior', 'Global developmental delay']	['nan']	['11280']	GENO:0000137	[]	[]	NCIT:C17998
										507	M	13y	epilepsy and autism spectrum disorder	['HP:0001250', 'HP:0000729']	['Seizure', 'Autistic behavior']	['nan']	['11280']	GENO:0000137	[]	[]	NCIT:C17998
										508	M	5y	Wilms' tumor and autism spectrum disorder	['HP:0002667', 'HP:0000729']	['Nephroblastoma', 'Autistic behavior']	['nan']	['11280']	GENO:0000137	[]	[]	NCIT:C17998
										509	M	15mo	imperforate anus (s/p colostomy), cleft palate, and congenital urachal cyst	['HP:0002023', 'HP:0000175', 'HP:0012618']	['Anal atresia', 'Cleft palate', 'Urachal cyst']	['nan']	['11280']	GENO:0000137	[]	[]	NCIT:C17998
										510	F	55y	B-cell lymphoproliferative disease and multinodular goiter 	['HP:0005987']	['Multinodular goiter']	['nan']	['11280']	GENO:0000137	[]	[]	NCIT:C17998
										511	M	18y	unknown mitochondrial/metabolic myopathy, pain parasthesia	['HP:0003737', 'HP:0012531', 'HP:0003401']	['Mitochondrial myopathy', 'Pain', 'Paresthesia']	['nan']	['11280']	GENO:0000137	[]	[]	NCIT:C17998
										512	F	3y	ectodermal dysplasia	['HP:0000968']	['Ectodermal dysplasia']	['nan']	['11280']	GENO:0000137	[]	[]	NCIT:C17998
										513	F	8y	developmental delays, submucous cleft palate, static encephalopathy, and hydrocephalus 	['HP:0001263', 'HP:5201016', 'HP:0001298', 'HP:0000238']	['Global developmental delay', 'Submucous cleft palate', 'Encephalopathy', 'Hydrocephalus']	['nan']	['11280']	GENO:0000137	[]	[]	NCIT:C17998
										514	F	15y	nonintractable generalized idiopathic epilpesy 	['HP:0002041', 'HP:0012837', 'HP:0001250']	['Intractable diarrhea', 'Generalized', 'Seizure']	['nan']	['11280']	GENO:0000137	[]	[]	NCIT:C17998
										515	F	7y	hypopituitarism, optic nerve hypoplasia, optic chiasm hypoplasia, olfactory nerve hypoplasia, protruding ears, abnormal proximal femurs with dislocation of the hips and with acetabular dysplasia, wide based gait, hyperextensible knees, seizure disorder and developmental delay 	['HP:0040075', 'HP:0000609', 'HP:0034311', 'HP:0000587', 'HP:0000411', 'HP:0012840', 'HP:0002827', 'HP:0008807', 'HP:0002136', 'HP:0001250', 'HP:0001263']	['Hypopituitarism', 'Optic nerve hypoplasia', 'Hypoplastic optic chiasm', 'Abnormal optic nerve morphology', 'Protruding ear', 'Proximal', 'Hip dislocation', 'Acetabular dysplasia', 'Broad-based gait', 'Seizure', 'Global developmental delay']	['nan']	['11280']	GENO:0000137	[]	[]	NCIT:C17998
										516	F	21y	nonspecific immunological findings, autonomic dysfunction, and lymphocytic thyroiditis 	['HP:0012332', 'HP:0000872']	['Abnormal autonomic nervous system physiology', 'Hashimoto thyroiditis']	['nan']	['11280']	GENO:0000137	[]	[]	NCIT:C17998
										517	M	4y	microcephaly, developmental delay, and brain abnormalities 	['HP:0000252', 'HP:0001263', 'HP:0000238']	['Microcephaly', 'Global developmental delay', 'Hydrocephalus']	['nan']	['11280']	GENO:0000137	[]	[]	NCIT:C17998
										518	F	3y	abnormal involuntary movements	['HP:0004305']	['Involuntary movements']	['nan']	['11280']	GENO:0000137	[]	[]	NCIT:C17998
										519	M	15y	intractable epilepsy, mildly increased tone, autism, and obsessive compulsive disorder	['HP:0001250', 'HP:0012825', 'HP:0000717', 'HP:0000722']	['Seizure', 'Mild', 'Autism', 'Compulsive behaviors']	['nan']	['11280']	GENO:0000137	[]	[]	NCIT:C17998
										520	M	13y	autism spectrum disorder	['HP:0000729']	['Autistic behavior']	['nan']	['11280']	GENO:0000137	[]	[]	NCIT:C17998
										521	M	7mo	neonatal cholestasis, liver fibrosis, stable jaundice with persistent direct hyperbilirubinemia, and elevated liver enzymes	['HP:0001396', 'HP:0001395', 'HP:0000952', 'HP:0002908', 'HP:0002910']	['Cholestasis', 'Hepatic fibrosis', 'Jaundice', 'Conjugated hyperbilirubinemia', 'Elevated circulating hepatic transaminase concentration']	['nan']	['11280']	GENO:0000137	[]	[]	NCIT:C17998
										522	F	14y	hypotonia, pain, and developmental delay	['HP:0001252', 'HP:0012531', 'HP:0001263']	['Hypotonia', 'Pain', 'Global developmental delay']	['nan']	['11280']	GENO:0000137	[]	[]	NCIT:C17998
